,Aspect,Opinion,ID,Text,Valence,Arousal,BIOES_asp,BIOES_opn
0,unit,pretty,laptop_quad_dev_1,"this unit is ` ` pretty ` ` and stylish , so my high school daughter was attracted to it for that reason .",7.12,7.12,"['EMB_O', 'EMB_O', 'ASP_S', 'EMB_O', 'EMB_O', 'EMB_O', 'EMB_O', 'EMB_O', 'EMB_O', 'EMB_O', 'EMB_O', 'EMB_O', 'EMB_O', 'EMB_O', 'EMB_O', 'EMB_O', 'EMB_O', 'EMB_O', 'EMB_O', 'EMB_O', 'EMB_O', 'EMB_O', 'EMB_O', 'EMB_O', 'EMB_O', 'EMB_O', 'EMB_O', 'EMB_P', 'EMB_P', 'EMB_P', 'EMB_P', 'EMB_P', 'EMB_P', 'EMB_P', 'EMB_P', 'EMB_P', 'EMB_P', 'EMB_P', 'EMB_P', 'EMB_P', 'EMB_P', 'EMB_P', 'EMB_P', 'EMB_P', 'EMB_P', 'EMB_P', 'EMB_P', 'EMB_P', 'EMB_P', 'EMB_P', 'EMB_P', 'EMB_P', 'EMB_P', 'EMB_P', 'EMB_P', 'EMB_P', 'EMB_P', 'EMB_P', 'EMB_P', 'EMB_P', 'EMB_P', 'EMB_P', 'EMB_P', 'EMB_P', 'EMB_P', 'EMB_P', 'EMB_P', 'EMB_P', 'EMB_P', 'EMB_P', 'EMB_P', 'EMB_P', 'EMB_P', 'EMB_P', 'EMB_P', 'EMB_P', 'EMB_P', 'EMB_P', 'EMB_P', 'EMB_P', 'EMB_P', 'EMB_P', 'EMB_P', 'EMB_P', 'EMB_P', 'EMB_P', 'EMB_P', 'EMB_P', 'EMB_P', 'EMB_P', 'EMB_P', 'EMB_P', 'EMB_P', 'EMB_P', 'EMB_P', 'EMB_P', 'EMB_P', 'EMB_P', 'EMB_P', 'EMB_P', 'EMB_P', 'EMB_P', 'EMB_P', 'EMB_P', 'EMB_P', 'EMB_P', 'EMB_P', 'EMB_P', 'EMB_P', 'EMB_P', 'EMB_P', 'EMB_P', 'EMB_P', 'EMB_P', 'EMB_P', 'EMB_P', 'EMB_P', 'EMB_P', 'EMB_P', 'EMB_P', 'EMB_P', 'EMB_P', 'EMB_P', 'EMB_P', 'EMB_P', 'EMB_P', 'EMB_P', 'EMB_P']","['EMB_O', 'EMB_O', 'EMB_O', 'EMB_O', 'EMB_O', 'EMB_O', 'OPN_S', 'EMB_O', 'EMB_O', 'EMB_O', 'EMB_O', 'EMB_O', 'EMB_O', 'EMB_O', 'EMB_O', 'EMB_O', 'EMB_O', 'EMB_O', 'EMB_O', 'EMB_O', 'EMB_O', 'EMB_O', 'EMB_O', 'EMB_O', 'EMB_O', 'EMB_O', 'EMB_O', 'EMB_P', 'EMB_P', 'EMB_P', 'EMB_P', 'EMB_P', 'EMB_P', 'EMB_P', 'EMB_P', 'EMB_P', 'EMB_P', 'EMB_P', 'EMB_P', 'EMB_P', 'EMB_P', 'EMB_P', 'EMB_P', 'EMB_P', 'EMB_P', 'EMB_P', 'EMB_P', 'EMB_P', 'EMB_P', 'EMB_P', 'EMB_P', 'EMB_P', 'EMB_P', 'EMB_P', 'EMB_P', 'EMB_P', 'EMB_P', 'EMB_P', 'EMB_P', 'EMB_P', 'EMB_P', 'EMB_P', 'EMB_P', 'EMB_P', 'EMB_P', 'EMB_P', 'EMB_P', 'EMB_P', 'EMB_P', 'EMB_P', 'EMB_P', 'EMB_P', 'EMB_P', 'EMB_P', 'EMB_P', 'EMB_P', 'EMB_P', 'EMB_P', 'EMB_P', 'EMB_P', 'EMB_P', 'EMB_P', 'EMB_P', 'EMB_P', 'EMB_P', 'EMB_P', 'EMB_P', 'EMB_P', 'EMB_P', 'EMB_P', 'EMB_P', 'EMB_P', 'EMB_P', 'EMB_P', 'EMB_P', 'EMB_P', 'EMB_P', 'EMB_P', 'EMB_P', 'EMB_P', 'EMB_P', 'EMB_P', 'EMB_P', 'EMB_P', 'EMB_P', 'EMB_P', 'EMB_P', 'EMB_P', 'EMB_P', 'EMB_P', 'EMB_P', 'EMB_P', 'EMB_P', 'EMB_P', 'EMB_P', 'EMB_P', 'EMB_P', 'EMB_P', 'EMB_P', 'EMB_P', 'EMB_P', 'EMB_P', 'EMB_P', 'EMB_P', 'EMB_P', 'EMB_P', 'EMB_P', 'EMB_P']"
1,device,NULL,laptop_quad_dev_2,for now i ' m okay with upping the experience & device to 3 out of 5 stars .,5.5,5.25,"['EMB_O', 'EMB_O', 'EMB_O', 'EMB_O', 'EMB_O', 'EMB_O', 'EMB_O', 'EMB_O', 'EMB_O', 'EMB_O', 'EMB_O', 'EMB_O', 'EMB_O', 'EMB_O', 'ASP_S', 'EMB_O', 'EMB_O', 'EMB_O', 'EMB_O', 'EMB_O', 'EMB_O', 'EMB_O', 'EMB_O', 'EMB_P', 'EMB_P', 'EMB_P', 'EMB_P', 'EMB_P', 'EMB_P', 'EMB_P', 'EMB_P', 'EMB_P', 'EMB_P', 'EMB_P', 'EMB_P', 'EMB_P', 'EMB_P', 'EMB_P', 'EMB_P', 'EMB_P', 'EMB_P', 'EMB_P', 'EMB_P', 'EMB_P', 'EMB_P', 'EMB_P', 'EMB_P', 'EMB_P', 'EMB_P', 'EMB_P', 'EMB_P', 'EMB_P', 'EMB_P', 'EMB_P', 'EMB_P', 'EMB_P', 'EMB_P', 'EMB_P', 'EMB_P', 'EMB_P', 'EMB_P', 'EMB_P', 'EMB_P', 'EMB_P', 'EMB_P', 'EMB_P', 'EMB_P', 'EMB_P', 'EMB_P', 'EMB_P', 'EMB_P', 'EMB_P', 'EMB_P', 'EMB_P', 'EMB_P', 'EMB_P', 'EMB_P', 'EMB_P', 'EMB_P', 'EMB_P', 'EMB_P', 'EMB_P', 'EMB_P', 'EMB_P', 'EMB_P', 'EMB_P', 'EMB_P', 'EMB_P', 'EMB_P', 'EMB_P', 'EMB_P', 'EMB_P', 'EMB_P', 'EMB_P', 'EMB_P', 'EMB_P', 'EMB_P', 'EMB_P', 'EMB_P', 'EMB_P', 'EMB_P', 'EMB_P', 'EMB_P', 'EMB_P', 'EMB_P', 'EMB_P', 'EMB_P', 'EMB_P', 'EMB_P', 'EMB_P', 'EMB_P', 'EMB_P', 'EMB_P', 'EMB_P', 'EMB_P', 'EMB_P', 'EMB_P', 'EMB_P', 'EMB_P', 'EMB_P', 'EMB_P', 'EMB_P', 'EMB_P', 'EMB_P', 'EMB_P', 'EMB_P', 'EMB_P', 'EMB_P']","['EMB_O', 'EMB_O', 'EMB_O', 'EMB_O', 'EMB_O', 'EMB_O', 'EMB_O', 'EMB_O', 'EMB_O', 'EMB_O', 'EMB_O', 'EMB_O', 'EMB_O', 'EMB_O', 'EMB_O', 'EMB_O', 'EMB_O', 'EMB_O', 'EMB_O', 'EMB_O', 'EMB_O', 'EMB_O', 'EMB_O', 'EMB_P', 'EMB_P', 'EMB_P', 'EMB_P', 'EMB_P', 'EMB_P', 'EMB_P', 'EMB_P', 'EMB_P', 'EMB_P', 'EMB_P', 'EMB_P', 'EMB_P', 'EMB_P', 'EMB_P', 'EMB_P', 'EMB_P', 'EMB_P', 'EMB_P', 'EMB_P', 'EMB_P', 'EMB_P', 'EMB_P', 'EMB_P', 'EMB_P', 'EMB_P', 'EMB_P', 'EMB_P', 'EMB_P', 'EMB_P', 'EMB_P', 'EMB_P', 'EMB_P', 'EMB_P', 'EMB_P', 'EMB_P', 'EMB_P', 'EMB_P', 'EMB_P', 'EMB_P', 'EMB_P', 'EMB_P', 'EMB_P', 'EMB_P', 'EMB_P', 'EMB_P', 'EMB_P', 'EMB_P', 'EMB_P', 'EMB_P', 'EMB_P', 'EMB_P', 'EMB_P', 'EMB_P', 'EMB_P', 'EMB_P', 'EMB_P', 'EMB_P', 'EMB_P', 'EMB_P', 'EMB_P', 'EMB_P', 'EMB_P', 'EMB_P', 'EMB_P', 'EMB_P', 'EMB_P', 'EMB_P', 'EMB_P', 'EMB_P', 'EMB_P', 'EMB_P', 'EMB_P', 'EMB_P', 'EMB_P', 'EMB_P', 'EMB_P', 'EMB_P', 'EMB_P', 'EMB_P', 'EMB_P', 'EMB_P', 'EMB_P', 'EMB_P', 'EMB_P', 'EMB_P', 'EMB_P', 'EMB_P', 'EMB_P', 'EMB_P', 'EMB_P', 'EMB_P', 'EMB_P', 'EMB_P', 'EMB_P', 'EMB_P', 'EMB_P', 'EMB_P', 'EMB_P', 'EMB_P', 'EMB_P', 'EMB_P', 'EMB_P', 'EMB_P', 'EMB_P']"
2,NULL,NULL,laptop_quad_dev_3,"seems unlikely but whatever , i ' ll go with it .",5.0,5.12,"['EMB_O', 'EMB_O', 'EMB_O', 'EMB_O', 'EMB_O', 'EMB_O', 'EMB_O', 'EMB_O', 'EMB_O', 'EMB_O', 'EMB_O', 'EMB_O', 'EMB_O', 'EMB_O', 'EMB_P', 'EMB_P', 'EMB_P', 'EMB_P', 'EMB_P', 'EMB_P', 'EMB_P', 'EMB_P', 'EMB_P', 'EMB_P', 'EMB_P', 'EMB_P', 'EMB_P', 'EMB_P', 'EMB_P', 'EMB_P', 'EMB_P', 'EMB_P', 'EMB_P', 'EMB_P', 'EMB_P', 'EMB_P', 'EMB_P', 'EMB_P', 'EMB_P', 'EMB_P', 'EMB_P', 'EMB_P', 'EMB_P', 'EMB_P', 'EMB_P', 'EMB_P', 'EMB_P', 'EMB_P', 'EMB_P', 'EMB_P', 'EMB_P', 'EMB_P', 'EMB_P', 'EMB_P', 'EMB_P', 'EMB_P', 'EMB_P', 'EMB_P', 'EMB_P', 'EMB_P', 'EMB_P', 'EMB_P', 'EMB_P', 'EMB_P', 'EMB_P', 'EMB_P', 'EMB_P', 'EMB_P', 'EMB_P', 'EMB_P', 'EMB_P', 'EMB_P', 'EMB_P', 'EMB_P', 'EMB_P', 'EMB_P', 'EMB_P', 'EMB_P', 'EMB_P', 'EMB_P', 'EMB_P', 'EMB_P', 'EMB_P', 'EMB_P', 'EMB_P', 'EMB_P', 'EMB_P', 'EMB_P', 'EMB_P', 'EMB_P', 'EMB_P', 'EMB_P', 'EMB_P', 'EMB_P', 'EMB_P', 'EMB_P', 'EMB_P', 'EMB_P', 'EMB_P', 'EMB_P', 'EMB_P', 'EMB_P', 'EMB_P', 'EMB_P', 'EMB_P', 'EMB_P', 'EMB_P', 'EMB_P', 'EMB_P', 'EMB_P', 'EMB_P', 'EMB_P', 'EMB_P', 'EMB_P', 'EMB_P', 'EMB_P', 'EMB_P', 'EMB_P', 'EMB_P', 'EMB_P', 'EMB_P', 'EMB_P', 'EMB_P', 'EMB_P', 'EMB_P', 'EMB_P', 'EMB_P', 'EMB_P']","['EMB_O', 'EMB_O', 'EMB_O', 'EMB_O', 'EMB_O', 'EMB_O', 'EMB_O', 'EMB_O', 'EMB_O', 'EMB_O', 'EMB_O', 'EMB_O', 'EMB_O', 'EMB_O', 'EMB_P', 'EMB_P', 'EMB_P', 'EMB_P', 'EMB_P', 'EMB_P', 'EMB_P', 'EMB_P', 'EMB_P', 'EMB_P', 'EMB_P', 'EMB_P', 'EMB_P', 'EMB_P', 'EMB_P', 'EMB_P', 'EMB_P', 'EMB_P', 'EMB_P', 'EMB_P', 'EMB_P', 'EMB_P', 'EMB_P', 'EMB_P', 'EMB_P', 'EMB_P', 'EMB_P', 'EMB_P', 'EMB_P', 'EMB_P', 'EMB_P', 'EMB_P', 'EMB_P', 'EMB_P', 'EMB_P', 'EMB_P', 'EMB_P', 'EMB_P', 'EMB_P', 'EMB_P', 'EMB_P', 'EMB_P', 'EMB_P', 'EMB_P', 'EMB_P', 'EMB_P', 'EMB_P', 'EMB_P', 'EMB_P', 'EMB_P', 'EMB_P', 'EMB_P', 'EMB_P', 'EMB_P', 'EMB_P', 'EMB_P', 'EMB_P', 'EMB_P', 'EMB_P', 'EMB_P', 'EMB_P', 'EMB_P', 'EMB_P', 'EMB_P', 'EMB_P', 'EMB_P', 'EMB_P', 'EMB_P', 'EMB_P', 'EMB_P', 'EMB_P', 'EMB_P', 'EMB_P', 'EMB_P', 'EMB_P', 'EMB_P', 'EMB_P', 'EMB_P', 'EMB_P', 'EMB_P', 'EMB_P', 'EMB_P', 'EMB_P', 'EMB_P', 'EMB_P', 'EMB_P', 'EMB_P', 'EMB_P', 'EMB_P', 'EMB_P', 'EMB_P', 'EMB_P', 'EMB_P', 'EMB_P', 'EMB_P', 'EMB_P', 'EMB_P', 'EMB_P', 'EMB_P', 'EMB_P', 'EMB_P', 'EMB_P', 'EMB_P', 'EMB_P', 'EMB_P', 'EMB_P', 'EMB_P', 'EMB_P', 'EMB_P', 'EMB_P', 'EMB_P', 'EMB_P', 'EMB_P', 'EMB_P']"
3,version,least favorite,laptop_quad_dev_4,this version has been my least favorite version i ' ve had for the following reasons listed bellow the pros .,3.3,6.6,"['EMB_O', 'EMB_O', 'ASP_S', 'EMB_O', 'EMB_O', 'EMB_O', 'EMB_O', 'EMB_O', 'EMB_O', 'EMB_O', 'EMB_O', 'EMB_O', 'EMB_O', 'EMB_O', 'EMB_O', 'EMB_O', 'EMB_O', 'EMB_O', 'EMB_O', 'EMB_O', 'EMB_O', 'EMB_O', 'EMB_O', 'EMB_O', 'EMB_O', 'EMB_P', 'EMB_P', 'EMB_P', 'EMB_P', 'EMB_P', 'EMB_P', 'EMB_P', 'EMB_P', 'EMB_P', 'EMB_P', 'EMB_P', 'EMB_P', 'EMB_P', 'EMB_P', 'EMB_P', 'EMB_P', 'EMB_P', 'EMB_P', 'EMB_P', 'EMB_P', 'EMB_P', 'EMB_P', 'EMB_P', 'EMB_P', 'EMB_P', 'EMB_P', 'EMB_P', 'EMB_P', 'EMB_P', 'EMB_P', 'EMB_P', 'EMB_P', 'EMB_P', 'EMB_P', 'EMB_P', 'EMB_P', 'EMB_P', 'EMB_P', 'EMB_P', 'EMB_P', 'EMB_P', 'EMB_P', 'EMB_P', 'EMB_P', 'EMB_P', 'EMB_P', 'EMB_P', 'EMB_P', 'EMB_P', 'EMB_P', 'EMB_P', 'EMB_P', 'EMB_P', 'EMB_P', 'EMB_P', 'EMB_P', 'EMB_P', 'EMB_P', 'EMB_P', 'EMB_P', 'EMB_P', 'EMB_P', 'EMB_P', 'EMB_P', 'EMB_P', 'EMB_P', 'EMB_P', 'EMB_P', 'EMB_P', 'EMB_P', 'EMB_P', 'EMB_P', 'EMB_P', 'EMB_P', 'EMB_P', 'EMB_P', 'EMB_P', 'EMB_P', 'EMB_P', 'EMB_P', 'EMB_P', 'EMB_P', 'EMB_P', 'EMB_P', 'EMB_P', 'EMB_P', 'EMB_P', 'EMB_P', 'EMB_P', 'EMB_P', 'EMB_P', 'EMB_P', 'EMB_P', 'EMB_P', 'EMB_P', 'EMB_P', 'EMB_P', 'EMB_P', 'EMB_P', 'EMB_P', 'EMB_P', 'EMB_P', 'EMB_P']","['EMB_O', 'EMB_O', 'EMB_O', 'EMB_O', 'EMB_O', 'EMB_O', 'OPN_B', 'OPN_E', 'EMB_O', 'EMB_O', 'EMB_O', 'EMB_O', 'EMB_O', 'EMB_O', 'EMB_O', 'EMB_O', 'EMB_O', 'EMB_O', 'EMB_O', 'EMB_O', 'EMB_O', 'EMB_O', 'EMB_O', 'EMB_O', 'EMB_O', 'EMB_P', 'EMB_P', 'EMB_P', 'EMB_P', 'EMB_P', 'EMB_P', 'EMB_P', 'EMB_P', 'EMB_P', 'EMB_P', 'EMB_P', 'EMB_P', 'EMB_P', 'EMB_P', 'EMB_P', 'EMB_P', 'EMB_P', 'EMB_P', 'EMB_P', 'EMB_P', 'EMB_P', 'EMB_P', 'EMB_P', 'EMB_P', 'EMB_P', 'EMB_P', 'EMB_P', 'EMB_P', 'EMB_P', 'EMB_P', 'EMB_P', 'EMB_P', 'EMB_P', 'EMB_P', 'EMB_P', 'EMB_P', 'EMB_P', 'EMB_P', 'EMB_P', 'EMB_P', 'EMB_P', 'EMB_P', 'EMB_P', 'EMB_P', 'EMB_P', 'EMB_P', 'EMB_P', 'EMB_P', 'EMB_P', 'EMB_P', 'EMB_P', 'EMB_P', 'EMB_P', 'EMB_P', 'EMB_P', 'EMB_P', 'EMB_P', 'EMB_P', 'EMB_P', 'EMB_P', 'EMB_P', 'EMB_P', 'EMB_P', 'EMB_P', 'EMB_P', 'EMB_P', 'EMB_P', 'EMB_P', 'EMB_P', 'EMB_P', 'EMB_P', 'EMB_P', 'EMB_P', 'EMB_P', 'EMB_P', 'EMB_P', 'EMB_P', 'EMB_P', 'EMB_P', 'EMB_P', 'EMB_P', 'EMB_P', 'EMB_P', 'EMB_P', 'EMB_P', 'EMB_P', 'EMB_P', 'EMB_P', 'EMB_P', 'EMB_P', 'EMB_P', 'EMB_P', 'EMB_P', 'EMB_P', 'EMB_P', 'EMB_P', 'EMB_P', 'EMB_P', 'EMB_P', 'EMB_P', 'EMB_P', 'EMB_P', 'EMB_P']"
4,track pad,disappointment,laptop_quad_dev_5,- biggest disappointment is the track pad .,2.5,6.0,"['EMB_O', 'EMB_O', 'EMB_O', 'EMB_O', 'EMB_O', 'EMB_O', 'EMB_O', 'EMB_O', 'EMB_O', 'ASP_B', 'ASP_E', 'EMB_O', 'EMB_O', 'EMB_P', 'EMB_P', 'EMB_P', 'EMB_P', 'EMB_P', 'EMB_P', 'EMB_P', 'EMB_P', 'EMB_P', 'EMB_P', 'EMB_P', 'EMB_P', 'EMB_P', 'EMB_P', 'EMB_P', 'EMB_P', 'EMB_P', 'EMB_P', 'EMB_P', 'EMB_P', 'EMB_P', 'EMB_P', 'EMB_P', 'EMB_P', 'EMB_P', 'EMB_P', 'EMB_P', 'EMB_P', 'EMB_P', 'EMB_P', 'EMB_P', 'EMB_P', 'EMB_P', 'EMB_P', 'EMB_P', 'EMB_P', 'EMB_P', 'EMB_P', 'EMB_P', 'EMB_P', 'EMB_P', 'EMB_P', 'EMB_P', 'EMB_P', 'EMB_P', 'EMB_P', 'EMB_P', 'EMB_P', 'EMB_P', 'EMB_P', 'EMB_P', 'EMB_P', 'EMB_P', 'EMB_P', 'EMB_P', 'EMB_P', 'EMB_P', 'EMB_P', 'EMB_P', 'EMB_P', 'EMB_P', 'EMB_P', 'EMB_P', 'EMB_P', 'EMB_P', 'EMB_P', 'EMB_P', 'EMB_P', 'EMB_P', 'EMB_P', 'EMB_P', 'EMB_P', 'EMB_P', 'EMB_P', 'EMB_P', 'EMB_P', 'EMB_P', 'EMB_P', 'EMB_P', 'EMB_P', 'EMB_P', 'EMB_P', 'EMB_P', 'EMB_P', 'EMB_P', 'EMB_P', 'EMB_P', 'EMB_P', 'EMB_P', 'EMB_P', 'EMB_P', 'EMB_P', 'EMB_P', 'EMB_P', 'EMB_P', 'EMB_P', 'EMB_P', 'EMB_P', 'EMB_P', 'EMB_P', 'EMB_P', 'EMB_P', 'EMB_P', 'EMB_P', 'EMB_P', 'EMB_P', 'EMB_P', 'EMB_P', 'EMB_P', 'EMB_P', 'EMB_P', 'EMB_P', 'EMB_P', 'EMB_P', 'EMB_P']","['EMB_O', 'EMB_O', 'EMB_O', 'OPN_B', 'OPN_I', 'OPN_I', 'OPN_E', 'EMB_O', 'EMB_O', 'EMB_O', 'EMB_O', 'EMB_O', 'EMB_O', 'EMB_P', 'EMB_P', 'EMB_P', 'EMB_P', 'EMB_P', 'EMB_P', 'EMB_P', 'EMB_P', 'EMB_P', 'EMB_P', 'EMB_P', 'EMB_P', 'EMB_P', 'EMB_P', 'EMB_P', 'EMB_P', 'EMB_P', 'EMB_P', 'EMB_P', 'EMB_P', 'EMB_P', 'EMB_P', 'EMB_P', 'EMB_P', 'EMB_P', 'EMB_P', 'EMB_P', 'EMB_P', 'EMB_P', 'EMB_P', 'EMB_P', 'EMB_P', 'EMB_P', 'EMB_P', 'EMB_P', 'EMB_P', 'EMB_P', 'EMB_P', 'EMB_P', 'EMB_P', 'EMB_P', 'EMB_P', 'EMB_P', 'EMB_P', 'EMB_P', 'EMB_P', 'EMB_P', 'EMB_P', 'EMB_P', 'EMB_P', 'EMB_P', 'EMB_P', 'EMB_P', 'EMB_P', 'EMB_P', 'EMB_P', 'EMB_P', 'EMB_P', 'EMB_P', 'EMB_P', 'EMB_P', 'EMB_P', 'EMB_P', 'EMB_P', 'EMB_P', 'EMB_P', 'EMB_P', 'EMB_P', 'EMB_P', 'EMB_P', 'EMB_P', 'EMB_P', 'EMB_P', 'EMB_P', 'EMB_P', 'EMB_P', 'EMB_P', 'EMB_P', 'EMB_P', 'EMB_P', 'EMB_P', 'EMB_P', 'EMB_P', 'EMB_P', 'EMB_P', 'EMB_P', 'EMB_P', 'EMB_P', 'EMB_P', 'EMB_P', 'EMB_P', 'EMB_P', 'EMB_P', 'EMB_P', 'EMB_P', 'EMB_P', 'EMB_P', 'EMB_P', 'EMB_P', 'EMB_P', 'EMB_P', 'EMB_P', 'EMB_P', 'EMB_P', 'EMB_P', 'EMB_P', 'EMB_P', 'EMB_P', 'EMB_P', 'EMB_P', 'EMB_P', 'EMB_P', 'EMB_P', 'EMB_P', 'EMB_P']"
5,chromebook,NULL,laptop_quad_dev_6,should not of bought this chromebook .,4.0,4.75,"['EMB_O', 'EMB_O', 'EMB_O', 'EMB_O', 'EMB_O', 'EMB_O', 'ASP_B', 'ASP_I', 'ASP_E', 'EMB_O', 'EMB_O', 'EMB_P', 'EMB_P', 'EMB_P', 'EMB_P', 'EMB_P', 'EMB_P', 'EMB_P', 'EMB_P', 'EMB_P', 'EMB_P', 'EMB_P', 'EMB_P', 'EMB_P', 'EMB_P', 'EMB_P', 'EMB_P', 'EMB_P', 'EMB_P', 'EMB_P', 'EMB_P', 'EMB_P', 'EMB_P', 'EMB_P', 'EMB_P', 'EMB_P', 'EMB_P', 'EMB_P', 'EMB_P', 'EMB_P', 'EMB_P', 'EMB_P', 'EMB_P', 'EMB_P', 'EMB_P', 'EMB_P', 'EMB_P', 'EMB_P', 'EMB_P', 'EMB_P', 'EMB_P', 'EMB_P', 'EMB_P', 'EMB_P', 'EMB_P', 'EMB_P', 'EMB_P', 'EMB_P', 'EMB_P', 'EMB_P', 'EMB_P', 'EMB_P', 'EMB_P', 'EMB_P', 'EMB_P', 'EMB_P', 'EMB_P', 'EMB_P', 'EMB_P', 'EMB_P', 'EMB_P', 'EMB_P', 'EMB_P', 'EMB_P', 'EMB_P', 'EMB_P', 'EMB_P', 'EMB_P', 'EMB_P', 'EMB_P', 'EMB_P', 'EMB_P', 'EMB_P', 'EMB_P', 'EMB_P', 'EMB_P', 'EMB_P', 'EMB_P', 'EMB_P', 'EMB_P', 'EMB_P', 'EMB_P', 'EMB_P', 'EMB_P', 'EMB_P', 'EMB_P', 'EMB_P', 'EMB_P', 'EMB_P', 'EMB_P', 'EMB_P', 'EMB_P', 'EMB_P', 'EMB_P', 'EMB_P', 'EMB_P', 'EMB_P', 'EMB_P', 'EMB_P', 'EMB_P', 'EMB_P', 'EMB_P', 'EMB_P', 'EMB_P', 'EMB_P', 'EMB_P', 'EMB_P', 'EMB_P', 'EMB_P', 'EMB_P', 'EMB_P', 'EMB_P', 'EMB_P', 'EMB_P', 'EMB_P', 'EMB_P', 'EMB_P', 'EMB_P']","['EMB_O', 'EMB_O', 'EMB_O', 'EMB_O', 'EMB_O', 'EMB_O', 'EMB_O', 'EMB_O', 'EMB_O', 'EMB_O', 'EMB_O', 'EMB_P', 'EMB_P', 'EMB_P', 'EMB_P', 'EMB_P', 'EMB_P', 'EMB_P', 'EMB_P', 'EMB_P', 'EMB_P', 'EMB_P', 'EMB_P', 'EMB_P', 'EMB_P', 'EMB_P', 'EMB_P', 'EMB_P', 'EMB_P', 'EMB_P', 'EMB_P', 'EMB_P', 'EMB_P', 'EMB_P', 'EMB_P', 'EMB_P', 'EMB_P', 'EMB_P', 'EMB_P', 'EMB_P', 'EMB_P', 'EMB_P', 'EMB_P', 'EMB_P', 'EMB_P', 'EMB_P', 'EMB_P', 'EMB_P', 'EMB_P', 'EMB_P', 'EMB_P', 'EMB_P', 'EMB_P', 'EMB_P', 'EMB_P', 'EMB_P', 'EMB_P', 'EMB_P', 'EMB_P', 'EMB_P', 'EMB_P', 'EMB_P', 'EMB_P', 'EMB_P', 'EMB_P', 'EMB_P', 'EMB_P', 'EMB_P', 'EMB_P', 'EMB_P', 'EMB_P', 'EMB_P', 'EMB_P', 'EMB_P', 'EMB_P', 'EMB_P', 'EMB_P', 'EMB_P', 'EMB_P', 'EMB_P', 'EMB_P', 'EMB_P', 'EMB_P', 'EMB_P', 'EMB_P', 'EMB_P', 'EMB_P', 'EMB_P', 'EMB_P', 'EMB_P', 'EMB_P', 'EMB_P', 'EMB_P', 'EMB_P', 'EMB_P', 'EMB_P', 'EMB_P', 'EMB_P', 'EMB_P', 'EMB_P', 'EMB_P', 'EMB_P', 'EMB_P', 'EMB_P', 'EMB_P', 'EMB_P', 'EMB_P', 'EMB_P', 'EMB_P', 'EMB_P', 'EMB_P', 'EMB_P', 'EMB_P', 'EMB_P', 'EMB_P', 'EMB_P', 'EMB_P', 'EMB_P', 'EMB_P', 'EMB_P', 'EMB_P', 'EMB_P', 'EMB_P', 'EMB_P', 'EMB_P', 'EMB_P', 'EMB_P', 'EMB_P']"
6,screen,crazy,laptop_quad_dev_7,after about 5 / 10 minutes of use the screen goes crazy and you have to force to power down and wait to restart .,2.0,7.5,"['EMB_O', 'EMB_O', 'EMB_O', 'EMB_O', 'EMB_O', 'EMB_O', 'EMB_O', 'EMB_O', 'EMB_O', 'EMB_O', 'ASP_S', 'EMB_O', 'EMB_O', 'EMB_O', 'EMB_O', 'EMB_O', 'EMB_O', 'EMB_O', 'EMB_O', 'EMB_O', 'EMB_O', 'EMB_O', 'EMB_O', 'EMB_O', 'EMB_O', 'EMB_O', 'EMB_O', 'EMB_O', 'EMB_O', 'EMB_O', 'EMB_P', 'EMB_P', 'EMB_P', 'EMB_P', 'EMB_P', 'EMB_P', 'EMB_P', 'EMB_P', 'EMB_P', 'EMB_P', 'EMB_P', 'EMB_P', 'EMB_P', 'EMB_P', 'EMB_P', 'EMB_P', 'EMB_P', 'EMB_P', 'EMB_P', 'EMB_P', 'EMB_P', 'EMB_P', 'EMB_P', 'EMB_P', 'EMB_P', 'EMB_P', 'EMB_P', 'EMB_P', 'EMB_P', 'EMB_P', 'EMB_P', 'EMB_P', 'EMB_P', 'EMB_P', 'EMB_P', 'EMB_P', 'EMB_P', 'EMB_P', 'EMB_P', 'EMB_P', 'EMB_P', 'EMB_P', 'EMB_P', 'EMB_P', 'EMB_P', 'EMB_P', 'EMB_P', 'EMB_P', 'EMB_P', 'EMB_P', 'EMB_P', 'EMB_P', 'EMB_P', 'EMB_P', 'EMB_P', 'EMB_P', 'EMB_P', 'EMB_P', 'EMB_P', 'EMB_P', 'EMB_P', 'EMB_P', 'EMB_P', 'EMB_P', 'EMB_P', 'EMB_P', 'EMB_P', 'EMB_P', 'EMB_P', 'EMB_P', 'EMB_P', 'EMB_P', 'EMB_P', 'EMB_P', 'EMB_P', 'EMB_P', 'EMB_P', 'EMB_P', 'EMB_P', 'EMB_P', 'EMB_P', 'EMB_P', 'EMB_P', 'EMB_P', 'EMB_P', 'EMB_P', 'EMB_P', 'EMB_P', 'EMB_P', 'EMB_P', 'EMB_P', 'EMB_P', 'EMB_P', 'EMB_P', 'EMB_P', 'EMB_P', 'EMB_P', 'EMB_P']","['EMB_O', 'EMB_O', 'EMB_O', 'EMB_O', 'EMB_O', 'EMB_O', 'EMB_O', 'EMB_O', 'EMB_O', 'EMB_O', 'EMB_O', 'EMB_O', 'OPN_B', 'OPN_I', 'OPN_E', 'EMB_O', 'EMB_O', 'EMB_O', 'EMB_O', 'EMB_O', 'EMB_O', 'EMB_O', 'EMB_O', 'EMB_O', 'EMB_O', 'EMB_O', 'EMB_O', 'EMB_O', 'EMB_O', 'EMB_O', 'EMB_P', 'EMB_P', 'EMB_P', 'EMB_P', 'EMB_P', 'EMB_P', 'EMB_P', 'EMB_P', 'EMB_P', 'EMB_P', 'EMB_P', 'EMB_P', 'EMB_P', 'EMB_P', 'EMB_P', 'EMB_P', 'EMB_P', 'EMB_P', 'EMB_P', 'EMB_P', 'EMB_P', 'EMB_P', 'EMB_P', 'EMB_P', 'EMB_P', 'EMB_P', 'EMB_P', 'EMB_P', 'EMB_P', 'EMB_P', 'EMB_P', 'EMB_P', 'EMB_P', 'EMB_P', 'EMB_P', 'EMB_P', 'EMB_P', 'EMB_P', 'EMB_P', 'EMB_P', 'EMB_P', 'EMB_P', 'EMB_P', 'EMB_P', 'EMB_P', 'EMB_P', 'EMB_P', 'EMB_P', 'EMB_P', 'EMB_P', 'EMB_P', 'EMB_P', 'EMB_P', 'EMB_P', 'EMB_P', 'EMB_P', 'EMB_P', 'EMB_P', 'EMB_P', 'EMB_P', 'EMB_P', 'EMB_P', 'EMB_P', 'EMB_P', 'EMB_P', 'EMB_P', 'EMB_P', 'EMB_P', 'EMB_P', 'EMB_P', 'EMB_P', 'EMB_P', 'EMB_P', 'EMB_P', 'EMB_P', 'EMB_P', 'EMB_P', 'EMB_P', 'EMB_P', 'EMB_P', 'EMB_P', 'EMB_P', 'EMB_P', 'EMB_P', 'EMB_P', 'EMB_P', 'EMB_P', 'EMB_P', 'EMB_P', 'EMB_P', 'EMB_P', 'EMB_P', 'EMB_P', 'EMB_P', 'EMB_P', 'EMB_P', 'EMB_P', 'EMB_P']"
7,trackpad,NULL,laptop_quad_dev_8,i can not stand the trackpad or the keyboard keys .,3.7,6.3,"['EMB_O', 'EMB_O', 'EMB_O', 'EMB_O', 'EMB_O', 'EMB_O', 'ASP_B', 'ASP_E', 'EMB_O', 'EMB_O', 'EMB_O', 'EMB_O', 'EMB_O', 'EMB_O', 'EMB_P', 'EMB_P', 'EMB_P', 'EMB_P', 'EMB_P', 'EMB_P', 'EMB_P', 'EMB_P', 'EMB_P', 'EMB_P', 'EMB_P', 'EMB_P', 'EMB_P', 'EMB_P', 'EMB_P', 'EMB_P', 'EMB_P', 'EMB_P', 'EMB_P', 'EMB_P', 'EMB_P', 'EMB_P', 'EMB_P', 'EMB_P', 'EMB_P', 'EMB_P', 'EMB_P', 'EMB_P', 'EMB_P', 'EMB_P', 'EMB_P', 'EMB_P', 'EMB_P', 'EMB_P', 'EMB_P', 'EMB_P', 'EMB_P', 'EMB_P', 'EMB_P', 'EMB_P', 'EMB_P', 'EMB_P', 'EMB_P', 'EMB_P', 'EMB_P', 'EMB_P', 'EMB_P', 'EMB_P', 'EMB_P', 'EMB_P', 'EMB_P', 'EMB_P', 'EMB_P', 'EMB_P', 'EMB_P', 'EMB_P', 'EMB_P', 'EMB_P', 'EMB_P', 'EMB_P', 'EMB_P', 'EMB_P', 'EMB_P', 'EMB_P', 'EMB_P', 'EMB_P', 'EMB_P', 'EMB_P', 'EMB_P', 'EMB_P', 'EMB_P', 'EMB_P', 'EMB_P', 'EMB_P', 'EMB_P', 'EMB_P', 'EMB_P', 'EMB_P', 'EMB_P', 'EMB_P', 'EMB_P', 'EMB_P', 'EMB_P', 'EMB_P', 'EMB_P', 'EMB_P', 'EMB_P', 'EMB_P', 'EMB_P', 'EMB_P', 'EMB_P', 'EMB_P', 'EMB_P', 'EMB_P', 'EMB_P', 'EMB_P', 'EMB_P', 'EMB_P', 'EMB_P', 'EMB_P', 'EMB_P', 'EMB_P', 'EMB_P', 'EMB_P', 'EMB_P', 'EMB_P', 'EMB_P', 'EMB_P', 'EMB_P', 'EMB_P', 'EMB_P', 'EMB_P', 'EMB_P', 'EMB_P']","['EMB_O', 'EMB_O', 'EMB_O', 'EMB_O', 'EMB_O', 'EMB_O', 'EMB_O', 'EMB_O', 'EMB_O', 'EMB_O', 'EMB_O', 'EMB_O', 'EMB_O', 'EMB_O', 'EMB_P', 'EMB_P', 'EMB_P', 'EMB_P', 'EMB_P', 'EMB_P', 'EMB_P', 'EMB_P', 'EMB_P', 'EMB_P', 'EMB_P', 'EMB_P', 'EMB_P', 'EMB_P', 'EMB_P', 'EMB_P', 'EMB_P', 'EMB_P', 'EMB_P', 'EMB_P', 'EMB_P', 'EMB_P', 'EMB_P', 'EMB_P', 'EMB_P', 'EMB_P', 'EMB_P', 'EMB_P', 'EMB_P', 'EMB_P', 'EMB_P', 'EMB_P', 'EMB_P', 'EMB_P', 'EMB_P', 'EMB_P', 'EMB_P', 'EMB_P', 'EMB_P', 'EMB_P', 'EMB_P', 'EMB_P', 'EMB_P', 'EMB_P', 'EMB_P', 'EMB_P', 'EMB_P', 'EMB_P', 'EMB_P', 'EMB_P', 'EMB_P', 'EMB_P', 'EMB_P', 'EMB_P', 'EMB_P', 'EMB_P', 'EMB_P', 'EMB_P', 'EMB_P', 'EMB_P', 'EMB_P', 'EMB_P', 'EMB_P', 'EMB_P', 'EMB_P', 'EMB_P', 'EMB_P', 'EMB_P', 'EMB_P', 'EMB_P', 'EMB_P', 'EMB_P', 'EMB_P', 'EMB_P', 'EMB_P', 'EMB_P', 'EMB_P', 'EMB_P', 'EMB_P', 'EMB_P', 'EMB_P', 'EMB_P', 'EMB_P', 'EMB_P', 'EMB_P', 'EMB_P', 'EMB_P', 'EMB_P', 'EMB_P', 'EMB_P', 'EMB_P', 'EMB_P', 'EMB_P', 'EMB_P', 'EMB_P', 'EMB_P', 'EMB_P', 'EMB_P', 'EMB_P', 'EMB_P', 'EMB_P', 'EMB_P', 'EMB_P', 'EMB_P', 'EMB_P', 'EMB_P', 'EMB_P', 'EMB_P', 'EMB_P', 'EMB_P', 'EMB_P', 'EMB_P', 'EMB_P', 'EMB_P']"
8,keyboard keys,NULL,laptop_quad_dev_8,i can not stand the trackpad or the keyboard keys .,3.7,6.3,"['EMB_O', 'EMB_O', 'EMB_O', 'EMB_O', 'EMB_O', 'EMB_O', 'EMB_O', 'EMB_O', 'EMB_O', 'EMB_O', 'ASP_B', 'ASP_E', 'EMB_O', 'EMB_O', 'EMB_P', 'EMB_P', 'EMB_P', 'EMB_P', 'EMB_P', 'EMB_P', 'EMB_P', 'EMB_P', 'EMB_P', 'EMB_P', 'EMB_P', 'EMB_P', 'EMB_P', 'EMB_P', 'EMB_P', 'EMB_P', 'EMB_P', 'EMB_P', 'EMB_P', 'EMB_P', 'EMB_P', 'EMB_P', 'EMB_P', 'EMB_P', 'EMB_P', 'EMB_P', 'EMB_P', 'EMB_P', 'EMB_P', 'EMB_P', 'EMB_P', 'EMB_P', 'EMB_P', 'EMB_P', 'EMB_P', 'EMB_P', 'EMB_P', 'EMB_P', 'EMB_P', 'EMB_P', 'EMB_P', 'EMB_P', 'EMB_P', 'EMB_P', 'EMB_P', 'EMB_P', 'EMB_P', 'EMB_P', 'EMB_P', 'EMB_P', 'EMB_P', 'EMB_P', 'EMB_P', 'EMB_P', 'EMB_P', 'EMB_P', 'EMB_P', 'EMB_P', 'EMB_P', 'EMB_P', 'EMB_P', 'EMB_P', 'EMB_P', 'EMB_P', 'EMB_P', 'EMB_P', 'EMB_P', 'EMB_P', 'EMB_P', 'EMB_P', 'EMB_P', 'EMB_P', 'EMB_P', 'EMB_P', 'EMB_P', 'EMB_P', 'EMB_P', 'EMB_P', 'EMB_P', 'EMB_P', 'EMB_P', 'EMB_P', 'EMB_P', 'EMB_P', 'EMB_P', 'EMB_P', 'EMB_P', 'EMB_P', 'EMB_P', 'EMB_P', 'EMB_P', 'EMB_P', 'EMB_P', 'EMB_P', 'EMB_P', 'EMB_P', 'EMB_P', 'EMB_P', 'EMB_P', 'EMB_P', 'EMB_P', 'EMB_P', 'EMB_P', 'EMB_P', 'EMB_P', 'EMB_P', 'EMB_P', 'EMB_P', 'EMB_P', 'EMB_P', 'EMB_P', 'EMB_P', 'EMB_P', 'EMB_P']","['EMB_O', 'EMB_O', 'EMB_O', 'EMB_O', 'EMB_O', 'EMB_O', 'EMB_O', 'EMB_O', 'EMB_O', 'EMB_O', 'EMB_O', 'EMB_O', 'EMB_O', 'EMB_O', 'EMB_P', 'EMB_P', 'EMB_P', 'EMB_P', 'EMB_P', 'EMB_P', 'EMB_P', 'EMB_P', 'EMB_P', 'EMB_P', 'EMB_P', 'EMB_P', 'EMB_P', 'EMB_P', 'EMB_P', 'EMB_P', 'EMB_P', 'EMB_P', 'EMB_P', 'EMB_P', 'EMB_P', 'EMB_P', 'EMB_P', 'EMB_P', 'EMB_P', 'EMB_P', 'EMB_P', 'EMB_P', 'EMB_P', 'EMB_P', 'EMB_P', 'EMB_P', 'EMB_P', 'EMB_P', 'EMB_P', 'EMB_P', 'EMB_P', 'EMB_P', 'EMB_P', 'EMB_P', 'EMB_P', 'EMB_P', 'EMB_P', 'EMB_P', 'EMB_P', 'EMB_P', 'EMB_P', 'EMB_P', 'EMB_P', 'EMB_P', 'EMB_P', 'EMB_P', 'EMB_P', 'EMB_P', 'EMB_P', 'EMB_P', 'EMB_P', 'EMB_P', 'EMB_P', 'EMB_P', 'EMB_P', 'EMB_P', 'EMB_P', 'EMB_P', 'EMB_P', 'EMB_P', 'EMB_P', 'EMB_P', 'EMB_P', 'EMB_P', 'EMB_P', 'EMB_P', 'EMB_P', 'EMB_P', 'EMB_P', 'EMB_P', 'EMB_P', 'EMB_P', 'EMB_P', 'EMB_P', 'EMB_P', 'EMB_P', 'EMB_P', 'EMB_P', 'EMB_P', 'EMB_P', 'EMB_P', 'EMB_P', 'EMB_P', 'EMB_P', 'EMB_P', 'EMB_P', 'EMB_P', 'EMB_P', 'EMB_P', 'EMB_P', 'EMB_P', 'EMB_P', 'EMB_P', 'EMB_P', 'EMB_P', 'EMB_P', 'EMB_P', 'EMB_P', 'EMB_P', 'EMB_P', 'EMB_P', 'EMB_P', 'EMB_P', 'EMB_P', 'EMB_P', 'EMB_P', 'EMB_P', 'EMB_P']"
9,keyboard,stiff,laptop_quad_dev_9,the keyboard is stiff and unresponsive to my typing at times .,3.83,6.33,"['EMB_O', 'EMB_O', 'ASP_S', 'EMB_O', 'EMB_O', 'EMB_O', 'EMB_O', 'EMB_O', 'EMB_O', 'EMB_O', 'EMB_O', 'EMB_O', 'EMB_O', 'EMB_O', 'EMB_O', 'EMB_O', 'EMB_O', 'EMB_O', 'EMB_O', 'EMB_P', 'EMB_P', 'EMB_P', 'EMB_P', 'EMB_P', 'EMB_P', 'EMB_P', 'EMB_P', 'EMB_P', 'EMB_P', 'EMB_P', 'EMB_P', 'EMB_P', 'EMB_P', 'EMB_P', 'EMB_P', 'EMB_P', 'EMB_P', 'EMB_P', 'EMB_P', 'EMB_P', 'EMB_P', 'EMB_P', 'EMB_P', 'EMB_P', 'EMB_P', 'EMB_P', 'EMB_P', 'EMB_P', 'EMB_P', 'EMB_P', 'EMB_P', 'EMB_P', 'EMB_P', 'EMB_P', 'EMB_P', 'EMB_P', 'EMB_P', 'EMB_P', 'EMB_P', 'EMB_P', 'EMB_P', 'EMB_P', 'EMB_P', 'EMB_P', 'EMB_P', 'EMB_P', 'EMB_P', 'EMB_P', 'EMB_P', 'EMB_P', 'EMB_P', 'EMB_P', 'EMB_P', 'EMB_P', 'EMB_P', 'EMB_P', 'EMB_P', 'EMB_P', 'EMB_P', 'EMB_P', 'EMB_P', 'EMB_P', 'EMB_P', 'EMB_P', 'EMB_P', 'EMB_P', 'EMB_P', 'EMB_P', 'EMB_P', 'EMB_P', 'EMB_P', 'EMB_P', 'EMB_P', 'EMB_P', 'EMB_P', 'EMB_P', 'EMB_P', 'EMB_P', 'EMB_P', 'EMB_P', 'EMB_P', 'EMB_P', 'EMB_P', 'EMB_P', 'EMB_P', 'EMB_P', 'EMB_P', 'EMB_P', 'EMB_P', 'EMB_P', 'EMB_P', 'EMB_P', 'EMB_P', 'EMB_P', 'EMB_P', 'EMB_P', 'EMB_P', 'EMB_P', 'EMB_P', 'EMB_P', 'EMB_P', 'EMB_P', 'EMB_P', 'EMB_P', 'EMB_P', 'EMB_P', 'EMB_P', 'EMB_P']","['EMB_O', 'EMB_O', 'EMB_O', 'EMB_O', 'OPN_B', 'OPN_E', 'EMB_O', 'EMB_O', 'EMB_O', 'EMB_O', 'EMB_O', 'EMB_O', 'EMB_O', 'EMB_O', 'EMB_O', 'EMB_O', 'EMB_O', 'EMB_O', 'EMB_O', 'EMB_P', 'EMB_P', 'EMB_P', 'EMB_P', 'EMB_P', 'EMB_P', 'EMB_P', 'EMB_P', 'EMB_P', 'EMB_P', 'EMB_P', 'EMB_P', 'EMB_P', 'EMB_P', 'EMB_P', 'EMB_P', 'EMB_P', 'EMB_P', 'EMB_P', 'EMB_P', 'EMB_P', 'EMB_P', 'EMB_P', 'EMB_P', 'EMB_P', 'EMB_P', 'EMB_P', 'EMB_P', 'EMB_P', 'EMB_P', 'EMB_P', 'EMB_P', 'EMB_P', 'EMB_P', 'EMB_P', 'EMB_P', 'EMB_P', 'EMB_P', 'EMB_P', 'EMB_P', 'EMB_P', 'EMB_P', 'EMB_P', 'EMB_P', 'EMB_P', 'EMB_P', 'EMB_P', 'EMB_P', 'EMB_P', 'EMB_P', 'EMB_P', 'EMB_P', 'EMB_P', 'EMB_P', 'EMB_P', 'EMB_P', 'EMB_P', 'EMB_P', 'EMB_P', 'EMB_P', 'EMB_P', 'EMB_P', 'EMB_P', 'EMB_P', 'EMB_P', 'EMB_P', 'EMB_P', 'EMB_P', 'EMB_P', 'EMB_P', 'EMB_P', 'EMB_P', 'EMB_P', 'EMB_P', 'EMB_P', 'EMB_P', 'EMB_P', 'EMB_P', 'EMB_P', 'EMB_P', 'EMB_P', 'EMB_P', 'EMB_P', 'EMB_P', 'EMB_P', 'EMB_P', 'EMB_P', 'EMB_P', 'EMB_P', 'EMB_P', 'EMB_P', 'EMB_P', 'EMB_P', 'EMB_P', 'EMB_P', 'EMB_P', 'EMB_P', 'EMB_P', 'EMB_P', 'EMB_P', 'EMB_P', 'EMB_P', 'EMB_P', 'EMB_P', 'EMB_P', 'EMB_P', 'EMB_P', 'EMB_P', 'EMB_P']"
10,chromebook r 11,NULL,laptop_quad_dev_10,the chromebook r 11 was hardly used and only a few months old .,4.88,4.88,"['EMB_O', 'EMB_O', 'ASP_B', 'ASP_I', 'ASP_I', 'ASP_I', 'ASP_E', 'EMB_O', 'EMB_O', 'EMB_O', 'EMB_O', 'EMB_O', 'EMB_O', 'EMB_O', 'EMB_O', 'EMB_O', 'EMB_O', 'EMB_O', 'EMB_O', 'EMB_P', 'EMB_P', 'EMB_P', 'EMB_P', 'EMB_P', 'EMB_P', 'EMB_P', 'EMB_P', 'EMB_P', 'EMB_P', 'EMB_P', 'EMB_P', 'EMB_P', 'EMB_P', 'EMB_P', 'EMB_P', 'EMB_P', 'EMB_P', 'EMB_P', 'EMB_P', 'EMB_P', 'EMB_P', 'EMB_P', 'EMB_P', 'EMB_P', 'EMB_P', 'EMB_P', 'EMB_P', 'EMB_P', 'EMB_P', 'EMB_P', 'EMB_P', 'EMB_P', 'EMB_P', 'EMB_P', 'EMB_P', 'EMB_P', 'EMB_P', 'EMB_P', 'EMB_P', 'EMB_P', 'EMB_P', 'EMB_P', 'EMB_P', 'EMB_P', 'EMB_P', 'EMB_P', 'EMB_P', 'EMB_P', 'EMB_P', 'EMB_P', 'EMB_P', 'EMB_P', 'EMB_P', 'EMB_P', 'EMB_P', 'EMB_P', 'EMB_P', 'EMB_P', 'EMB_P', 'EMB_P', 'EMB_P', 'EMB_P', 'EMB_P', 'EMB_P', 'EMB_P', 'EMB_P', 'EMB_P', 'EMB_P', 'EMB_P', 'EMB_P', 'EMB_P', 'EMB_P', 'EMB_P', 'EMB_P', 'EMB_P', 'EMB_P', 'EMB_P', 'EMB_P', 'EMB_P', 'EMB_P', 'EMB_P', 'EMB_P', 'EMB_P', 'EMB_P', 'EMB_P', 'EMB_P', 'EMB_P', 'EMB_P', 'EMB_P', 'EMB_P', 'EMB_P', 'EMB_P', 'EMB_P', 'EMB_P', 'EMB_P', 'EMB_P', 'EMB_P', 'EMB_P', 'EMB_P', 'EMB_P', 'EMB_P', 'EMB_P', 'EMB_P', 'EMB_P', 'EMB_P', 'EMB_P', 'EMB_P', 'EMB_P']","['EMB_O', 'EMB_O', 'EMB_O', 'EMB_O', 'EMB_O', 'EMB_O', 'EMB_O', 'EMB_O', 'EMB_O', 'EMB_O', 'EMB_O', 'EMB_O', 'EMB_O', 'EMB_O', 'EMB_O', 'EMB_O', 'EMB_O', 'EMB_O', 'EMB_O', 'EMB_P', 'EMB_P', 'EMB_P', 'EMB_P', 'EMB_P', 'EMB_P', 'EMB_P', 'EMB_P', 'EMB_P', 'EMB_P', 'EMB_P', 'EMB_P', 'EMB_P', 'EMB_P', 'EMB_P', 'EMB_P', 'EMB_P', 'EMB_P', 'EMB_P', 'EMB_P', 'EMB_P', 'EMB_P', 'EMB_P', 'EMB_P', 'EMB_P', 'EMB_P', 'EMB_P', 'EMB_P', 'EMB_P', 'EMB_P', 'EMB_P', 'EMB_P', 'EMB_P', 'EMB_P', 'EMB_P', 'EMB_P', 'EMB_P', 'EMB_P', 'EMB_P', 'EMB_P', 'EMB_P', 'EMB_P', 'EMB_P', 'EMB_P', 'EMB_P', 'EMB_P', 'EMB_P', 'EMB_P', 'EMB_P', 'EMB_P', 'EMB_P', 'EMB_P', 'EMB_P', 'EMB_P', 'EMB_P', 'EMB_P', 'EMB_P', 'EMB_P', 'EMB_P', 'EMB_P', 'EMB_P', 'EMB_P', 'EMB_P', 'EMB_P', 'EMB_P', 'EMB_P', 'EMB_P', 'EMB_P', 'EMB_P', 'EMB_P', 'EMB_P', 'EMB_P', 'EMB_P', 'EMB_P', 'EMB_P', 'EMB_P', 'EMB_P', 'EMB_P', 'EMB_P', 'EMB_P', 'EMB_P', 'EMB_P', 'EMB_P', 'EMB_P', 'EMB_P', 'EMB_P', 'EMB_P', 'EMB_P', 'EMB_P', 'EMB_P', 'EMB_P', 'EMB_P', 'EMB_P', 'EMB_P', 'EMB_P', 'EMB_P', 'EMB_P', 'EMB_P', 'EMB_P', 'EMB_P', 'EMB_P', 'EMB_P', 'EMB_P', 'EMB_P', 'EMB_P', 'EMB_P', 'EMB_P', 'EMB_P', 'EMB_P']"
11,NULL,NULL,laptop_quad_dev_11,one day it just would not power up .,4.38,5.38,"['EMB_O', 'EMB_O', 'EMB_O', 'EMB_O', 'EMB_O', 'EMB_O', 'EMB_O', 'EMB_O', 'EMB_O', 'EMB_O', 'EMB_O', 'EMB_P', 'EMB_P', 'EMB_P', 'EMB_P', 'EMB_P', 'EMB_P', 'EMB_P', 'EMB_P', 'EMB_P', 'EMB_P', 'EMB_P', 'EMB_P', 'EMB_P', 'EMB_P', 'EMB_P', 'EMB_P', 'EMB_P', 'EMB_P', 'EMB_P', 'EMB_P', 'EMB_P', 'EMB_P', 'EMB_P', 'EMB_P', 'EMB_P', 'EMB_P', 'EMB_P', 'EMB_P', 'EMB_P', 'EMB_P', 'EMB_P', 'EMB_P', 'EMB_P', 'EMB_P', 'EMB_P', 'EMB_P', 'EMB_P', 'EMB_P', 'EMB_P', 'EMB_P', 'EMB_P', 'EMB_P', 'EMB_P', 'EMB_P', 'EMB_P', 'EMB_P', 'EMB_P', 'EMB_P', 'EMB_P', 'EMB_P', 'EMB_P', 'EMB_P', 'EMB_P', 'EMB_P', 'EMB_P', 'EMB_P', 'EMB_P', 'EMB_P', 'EMB_P', 'EMB_P', 'EMB_P', 'EMB_P', 'EMB_P', 'EMB_P', 'EMB_P', 'EMB_P', 'EMB_P', 'EMB_P', 'EMB_P', 'EMB_P', 'EMB_P', 'EMB_P', 'EMB_P', 'EMB_P', 'EMB_P', 'EMB_P', 'EMB_P', 'EMB_P', 'EMB_P', 'EMB_P', 'EMB_P', 'EMB_P', 'EMB_P', 'EMB_P', 'EMB_P', 'EMB_P', 'EMB_P', 'EMB_P', 'EMB_P', 'EMB_P', 'EMB_P', 'EMB_P', 'EMB_P', 'EMB_P', 'EMB_P', 'EMB_P', 'EMB_P', 'EMB_P', 'EMB_P', 'EMB_P', 'EMB_P', 'EMB_P', 'EMB_P', 'EMB_P', 'EMB_P', 'EMB_P', 'EMB_P', 'EMB_P', 'EMB_P', 'EMB_P', 'EMB_P', 'EMB_P', 'EMB_P', 'EMB_P', 'EMB_P', 'EMB_P', 'EMB_P']","['EMB_O', 'EMB_O', 'EMB_O', 'EMB_O', 'EMB_O', 'EMB_O', 'EMB_O', 'EMB_O', 'EMB_O', 'EMB_O', 'EMB_O', 'EMB_P', 'EMB_P', 'EMB_P', 'EMB_P', 'EMB_P', 'EMB_P', 'EMB_P', 'EMB_P', 'EMB_P', 'EMB_P', 'EMB_P', 'EMB_P', 'EMB_P', 'EMB_P', 'EMB_P', 'EMB_P', 'EMB_P', 'EMB_P', 'EMB_P', 'EMB_P', 'EMB_P', 'EMB_P', 'EMB_P', 'EMB_P', 'EMB_P', 'EMB_P', 'EMB_P', 'EMB_P', 'EMB_P', 'EMB_P', 'EMB_P', 'EMB_P', 'EMB_P', 'EMB_P', 'EMB_P', 'EMB_P', 'EMB_P', 'EMB_P', 'EMB_P', 'EMB_P', 'EMB_P', 'EMB_P', 'EMB_P', 'EMB_P', 'EMB_P', 'EMB_P', 'EMB_P', 'EMB_P', 'EMB_P', 'EMB_P', 'EMB_P', 'EMB_P', 'EMB_P', 'EMB_P', 'EMB_P', 'EMB_P', 'EMB_P', 'EMB_P', 'EMB_P', 'EMB_P', 'EMB_P', 'EMB_P', 'EMB_P', 'EMB_P', 'EMB_P', 'EMB_P', 'EMB_P', 'EMB_P', 'EMB_P', 'EMB_P', 'EMB_P', 'EMB_P', 'EMB_P', 'EMB_P', 'EMB_P', 'EMB_P', 'EMB_P', 'EMB_P', 'EMB_P', 'EMB_P', 'EMB_P', 'EMB_P', 'EMB_P', 'EMB_P', 'EMB_P', 'EMB_P', 'EMB_P', 'EMB_P', 'EMB_P', 'EMB_P', 'EMB_P', 'EMB_P', 'EMB_P', 'EMB_P', 'EMB_P', 'EMB_P', 'EMB_P', 'EMB_P', 'EMB_P', 'EMB_P', 'EMB_P', 'EMB_P', 'EMB_P', 'EMB_P', 'EMB_P', 'EMB_P', 'EMB_P', 'EMB_P', 'EMB_P', 'EMB_P', 'EMB_P', 'EMB_P', 'EMB_P', 'EMB_P', 'EMB_P', 'EMB_P', 'EMB_P']"
12,apps,NULL,laptop_quad_dev_12,some apps don ' t work but the play store is still in beta right now,5.0,5.0,"['EMB_O', 'EMB_O', 'ASP_B', 'ASP_E', 'EMB_O', 'EMB_O', 'EMB_O', 'EMB_O', 'EMB_O', 'EMB_O', 'EMB_O', 'EMB_O', 'EMB_O', 'EMB_O', 'EMB_O', 'EMB_O', 'EMB_O', 'EMB_O', 'EMB_O', 'EMB_P', 'EMB_P', 'EMB_P', 'EMB_P', 'EMB_P', 'EMB_P', 'EMB_P', 'EMB_P', 'EMB_P', 'EMB_P', 'EMB_P', 'EMB_P', 'EMB_P', 'EMB_P', 'EMB_P', 'EMB_P', 'EMB_P', 'EMB_P', 'EMB_P', 'EMB_P', 'EMB_P', 'EMB_P', 'EMB_P', 'EMB_P', 'EMB_P', 'EMB_P', 'EMB_P', 'EMB_P', 'EMB_P', 'EMB_P', 'EMB_P', 'EMB_P', 'EMB_P', 'EMB_P', 'EMB_P', 'EMB_P', 'EMB_P', 'EMB_P', 'EMB_P', 'EMB_P', 'EMB_P', 'EMB_P', 'EMB_P', 'EMB_P', 'EMB_P', 'EMB_P', 'EMB_P', 'EMB_P', 'EMB_P', 'EMB_P', 'EMB_P', 'EMB_P', 'EMB_P', 'EMB_P', 'EMB_P', 'EMB_P', 'EMB_P', 'EMB_P', 'EMB_P', 'EMB_P', 'EMB_P', 'EMB_P', 'EMB_P', 'EMB_P', 'EMB_P', 'EMB_P', 'EMB_P', 'EMB_P', 'EMB_P', 'EMB_P', 'EMB_P', 'EMB_P', 'EMB_P', 'EMB_P', 'EMB_P', 'EMB_P', 'EMB_P', 'EMB_P', 'EMB_P', 'EMB_P', 'EMB_P', 'EMB_P', 'EMB_P', 'EMB_P', 'EMB_P', 'EMB_P', 'EMB_P', 'EMB_P', 'EMB_P', 'EMB_P', 'EMB_P', 'EMB_P', 'EMB_P', 'EMB_P', 'EMB_P', 'EMB_P', 'EMB_P', 'EMB_P', 'EMB_P', 'EMB_P', 'EMB_P', 'EMB_P', 'EMB_P', 'EMB_P', 'EMB_P', 'EMB_P', 'EMB_P', 'EMB_P', 'EMB_P']","['EMB_O', 'EMB_O', 'EMB_O', 'EMB_O', 'EMB_O', 'EMB_O', 'EMB_O', 'EMB_O', 'EMB_O', 'EMB_O', 'EMB_O', 'EMB_O', 'EMB_O', 'EMB_O', 'EMB_O', 'EMB_O', 'EMB_O', 'EMB_O', 'EMB_O', 'EMB_P', 'EMB_P', 'EMB_P', 'EMB_P', 'EMB_P', 'EMB_P', 'EMB_P', 'EMB_P', 'EMB_P', 'EMB_P', 'EMB_P', 'EMB_P', 'EMB_P', 'EMB_P', 'EMB_P', 'EMB_P', 'EMB_P', 'EMB_P', 'EMB_P', 'EMB_P', 'EMB_P', 'EMB_P', 'EMB_P', 'EMB_P', 'EMB_P', 'EMB_P', 'EMB_P', 'EMB_P', 'EMB_P', 'EMB_P', 'EMB_P', 'EMB_P', 'EMB_P', 'EMB_P', 'EMB_P', 'EMB_P', 'EMB_P', 'EMB_P', 'EMB_P', 'EMB_P', 'EMB_P', 'EMB_P', 'EMB_P', 'EMB_P', 'EMB_P', 'EMB_P', 'EMB_P', 'EMB_P', 'EMB_P', 'EMB_P', 'EMB_P', 'EMB_P', 'EMB_P', 'EMB_P', 'EMB_P', 'EMB_P', 'EMB_P', 'EMB_P', 'EMB_P', 'EMB_P', 'EMB_P', 'EMB_P', 'EMB_P', 'EMB_P', 'EMB_P', 'EMB_P', 'EMB_P', 'EMB_P', 'EMB_P', 'EMB_P', 'EMB_P', 'EMB_P', 'EMB_P', 'EMB_P', 'EMB_P', 'EMB_P', 'EMB_P', 'EMB_P', 'EMB_P', 'EMB_P', 'EMB_P', 'EMB_P', 'EMB_P', 'EMB_P', 'EMB_P', 'EMB_P', 'EMB_P', 'EMB_P', 'EMB_P', 'EMB_P', 'EMB_P', 'EMB_P', 'EMB_P', 'EMB_P', 'EMB_P', 'EMB_P', 'EMB_P', 'EMB_P', 'EMB_P', 'EMB_P', 'EMB_P', 'EMB_P', 'EMB_P', 'EMB_P', 'EMB_P', 'EMB_P', 'EMB_P', 'EMB_P', 'EMB_P']"
13,play store,NULL,laptop_quad_dev_12,some apps don ' t work but the play store is still in beta right now,5.0,5.0,"['EMB_O', 'EMB_O', 'EMB_O', 'EMB_O', 'EMB_O', 'EMB_O', 'EMB_O', 'EMB_O', 'EMB_O', 'EMB_O', 'ASP_B', 'ASP_E', 'EMB_O', 'EMB_O', 'EMB_O', 'EMB_O', 'EMB_O', 'EMB_O', 'EMB_O', 'EMB_P', 'EMB_P', 'EMB_P', 'EMB_P', 'EMB_P', 'EMB_P', 'EMB_P', 'EMB_P', 'EMB_P', 'EMB_P', 'EMB_P', 'EMB_P', 'EMB_P', 'EMB_P', 'EMB_P', 'EMB_P', 'EMB_P', 'EMB_P', 'EMB_P', 'EMB_P', 'EMB_P', 'EMB_P', 'EMB_P', 'EMB_P', 'EMB_P', 'EMB_P', 'EMB_P', 'EMB_P', 'EMB_P', 'EMB_P', 'EMB_P', 'EMB_P', 'EMB_P', 'EMB_P', 'EMB_P', 'EMB_P', 'EMB_P', 'EMB_P', 'EMB_P', 'EMB_P', 'EMB_P', 'EMB_P', 'EMB_P', 'EMB_P', 'EMB_P', 'EMB_P', 'EMB_P', 'EMB_P', 'EMB_P', 'EMB_P', 'EMB_P', 'EMB_P', 'EMB_P', 'EMB_P', 'EMB_P', 'EMB_P', 'EMB_P', 'EMB_P', 'EMB_P', 'EMB_P', 'EMB_P', 'EMB_P', 'EMB_P', 'EMB_P', 'EMB_P', 'EMB_P', 'EMB_P', 'EMB_P', 'EMB_P', 'EMB_P', 'EMB_P', 'EMB_P', 'EMB_P', 'EMB_P', 'EMB_P', 'EMB_P', 'EMB_P', 'EMB_P', 'EMB_P', 'EMB_P', 'EMB_P', 'EMB_P', 'EMB_P', 'EMB_P', 'EMB_P', 'EMB_P', 'EMB_P', 'EMB_P', 'EMB_P', 'EMB_P', 'EMB_P', 'EMB_P', 'EMB_P', 'EMB_P', 'EMB_P', 'EMB_P', 'EMB_P', 'EMB_P', 'EMB_P', 'EMB_P', 'EMB_P', 'EMB_P', 'EMB_P', 'EMB_P', 'EMB_P', 'EMB_P', 'EMB_P', 'EMB_P', 'EMB_P']","['EMB_O', 'EMB_O', 'EMB_O', 'EMB_O', 'EMB_O', 'EMB_O', 'EMB_O', 'EMB_O', 'EMB_O', 'EMB_O', 'EMB_O', 'EMB_O', 'EMB_O', 'EMB_O', 'EMB_O', 'EMB_O', 'EMB_O', 'EMB_O', 'EMB_O', 'EMB_P', 'EMB_P', 'EMB_P', 'EMB_P', 'EMB_P', 'EMB_P', 'EMB_P', 'EMB_P', 'EMB_P', 'EMB_P', 'EMB_P', 'EMB_P', 'EMB_P', 'EMB_P', 'EMB_P', 'EMB_P', 'EMB_P', 'EMB_P', 'EMB_P', 'EMB_P', 'EMB_P', 'EMB_P', 'EMB_P', 'EMB_P', 'EMB_P', 'EMB_P', 'EMB_P', 'EMB_P', 'EMB_P', 'EMB_P', 'EMB_P', 'EMB_P', 'EMB_P', 'EMB_P', 'EMB_P', 'EMB_P', 'EMB_P', 'EMB_P', 'EMB_P', 'EMB_P', 'EMB_P', 'EMB_P', 'EMB_P', 'EMB_P', 'EMB_P', 'EMB_P', 'EMB_P', 'EMB_P', 'EMB_P', 'EMB_P', 'EMB_P', 'EMB_P', 'EMB_P', 'EMB_P', 'EMB_P', 'EMB_P', 'EMB_P', 'EMB_P', 'EMB_P', 'EMB_P', 'EMB_P', 'EMB_P', 'EMB_P', 'EMB_P', 'EMB_P', 'EMB_P', 'EMB_P', 'EMB_P', 'EMB_P', 'EMB_P', 'EMB_P', 'EMB_P', 'EMB_P', 'EMB_P', 'EMB_P', 'EMB_P', 'EMB_P', 'EMB_P', 'EMB_P', 'EMB_P', 'EMB_P', 'EMB_P', 'EMB_P', 'EMB_P', 'EMB_P', 'EMB_P', 'EMB_P', 'EMB_P', 'EMB_P', 'EMB_P', 'EMB_P', 'EMB_P', 'EMB_P', 'EMB_P', 'EMB_P', 'EMB_P', 'EMB_P', 'EMB_P', 'EMB_P', 'EMB_P', 'EMB_P', 'EMB_P', 'EMB_P', 'EMB_P', 'EMB_P', 'EMB_P', 'EMB_P', 'EMB_P', 'EMB_P']"
14,support,NULL,laptop_quad_dev_13,"what really did it was when i tried contacting acer support i was simply told ` ` try a restart ` ` and then ` ` call google , we can ' t help you ` ` .",3.88,6.12,"['EMB_O', 'EMB_O', 'EMB_O', 'EMB_O', 'EMB_O', 'EMB_O', 'EMB_O', 'EMB_O', 'EMB_O', 'EMB_O', 'EMB_O', 'EMB_O', 'EMB_O', 'ASP_S', 'EMB_O', 'EMB_O', 'EMB_O', 'EMB_O', 'EMB_O', 'EMB_O', 'EMB_O', 'EMB_O', 'EMB_O', 'EMB_O', 'EMB_O', 'EMB_O', 'EMB_O', 'EMB_O', 'EMB_O', 'EMB_O', 'EMB_O', 'EMB_O', 'EMB_O', 'EMB_O', 'EMB_O', 'EMB_O', 'EMB_O', 'EMB_O', 'EMB_O', 'EMB_O', 'EMB_O', 'EMB_O', 'EMB_O', 'EMB_P', 'EMB_P', 'EMB_P', 'EMB_P', 'EMB_P', 'EMB_P', 'EMB_P', 'EMB_P', 'EMB_P', 'EMB_P', 'EMB_P', 'EMB_P', 'EMB_P', 'EMB_P', 'EMB_P', 'EMB_P', 'EMB_P', 'EMB_P', 'EMB_P', 'EMB_P', 'EMB_P', 'EMB_P', 'EMB_P', 'EMB_P', 'EMB_P', 'EMB_P', 'EMB_P', 'EMB_P', 'EMB_P', 'EMB_P', 'EMB_P', 'EMB_P', 'EMB_P', 'EMB_P', 'EMB_P', 'EMB_P', 'EMB_P', 'EMB_P', 'EMB_P', 'EMB_P', 'EMB_P', 'EMB_P', 'EMB_P', 'EMB_P', 'EMB_P', 'EMB_P', 'EMB_P', 'EMB_P', 'EMB_P', 'EMB_P', 'EMB_P', 'EMB_P', 'EMB_P', 'EMB_P', 'EMB_P', 'EMB_P', 'EMB_P', 'EMB_P', 'EMB_P', 'EMB_P', 'EMB_P', 'EMB_P', 'EMB_P', 'EMB_P', 'EMB_P', 'EMB_P', 'EMB_P', 'EMB_P', 'EMB_P', 'EMB_P', 'EMB_P', 'EMB_P', 'EMB_P', 'EMB_P', 'EMB_P', 'EMB_P', 'EMB_P', 'EMB_P', 'EMB_P', 'EMB_P', 'EMB_P', 'EMB_P', 'EMB_P', 'EMB_P', 'EMB_P']","['EMB_O', 'EMB_O', 'EMB_O', 'EMB_O', 'EMB_O', 'EMB_O', 'EMB_O', 'EMB_O', 'EMB_O', 'EMB_O', 'EMB_O', 'EMB_O', 'EMB_O', 'EMB_O', 'EMB_O', 'EMB_O', 'EMB_O', 'EMB_O', 'EMB_O', 'EMB_O', 'EMB_O', 'EMB_O', 'EMB_O', 'EMB_O', 'EMB_O', 'EMB_O', 'EMB_O', 'EMB_O', 'EMB_O', 'EMB_O', 'EMB_O', 'EMB_O', 'EMB_O', 'EMB_O', 'EMB_O', 'EMB_O', 'EMB_O', 'EMB_O', 'EMB_O', 'EMB_O', 'EMB_O', 'EMB_O', 'EMB_O', 'EMB_P', 'EMB_P', 'EMB_P', 'EMB_P', 'EMB_P', 'EMB_P', 'EMB_P', 'EMB_P', 'EMB_P', 'EMB_P', 'EMB_P', 'EMB_P', 'EMB_P', 'EMB_P', 'EMB_P', 'EMB_P', 'EMB_P', 'EMB_P', 'EMB_P', 'EMB_P', 'EMB_P', 'EMB_P', 'EMB_P', 'EMB_P', 'EMB_P', 'EMB_P', 'EMB_P', 'EMB_P', 'EMB_P', 'EMB_P', 'EMB_P', 'EMB_P', 'EMB_P', 'EMB_P', 'EMB_P', 'EMB_P', 'EMB_P', 'EMB_P', 'EMB_P', 'EMB_P', 'EMB_P', 'EMB_P', 'EMB_P', 'EMB_P', 'EMB_P', 'EMB_P', 'EMB_P', 'EMB_P', 'EMB_P', 'EMB_P', 'EMB_P', 'EMB_P', 'EMB_P', 'EMB_P', 'EMB_P', 'EMB_P', 'EMB_P', 'EMB_P', 'EMB_P', 'EMB_P', 'EMB_P', 'EMB_P', 'EMB_P', 'EMB_P', 'EMB_P', 'EMB_P', 'EMB_P', 'EMB_P', 'EMB_P', 'EMB_P', 'EMB_P', 'EMB_P', 'EMB_P', 'EMB_P', 'EMB_P', 'EMB_P', 'EMB_P', 'EMB_P', 'EMB_P', 'EMB_P', 'EMB_P', 'EMB_P', 'EMB_P', 'EMB_P', 'EMB_P']"
15,NULL,NULL,laptop_quad_dev_14,returning it after one day,5.0,5.0,"['EMB_O', 'EMB_O', 'EMB_O', 'EMB_O', 'EMB_O', 'EMB_O', 'EMB_O', 'EMB_P', 'EMB_P', 'EMB_P', 'EMB_P', 'EMB_P', 'EMB_P', 'EMB_P', 'EMB_P', 'EMB_P', 'EMB_P', 'EMB_P', 'EMB_P', 'EMB_P', 'EMB_P', 'EMB_P', 'EMB_P', 'EMB_P', 'EMB_P', 'EMB_P', 'EMB_P', 'EMB_P', 'EMB_P', 'EMB_P', 'EMB_P', 'EMB_P', 'EMB_P', 'EMB_P', 'EMB_P', 'EMB_P', 'EMB_P', 'EMB_P', 'EMB_P', 'EMB_P', 'EMB_P', 'EMB_P', 'EMB_P', 'EMB_P', 'EMB_P', 'EMB_P', 'EMB_P', 'EMB_P', 'EMB_P', 'EMB_P', 'EMB_P', 'EMB_P', 'EMB_P', 'EMB_P', 'EMB_P', 'EMB_P', 'EMB_P', 'EMB_P', 'EMB_P', 'EMB_P', 'EMB_P', 'EMB_P', 'EMB_P', 'EMB_P', 'EMB_P', 'EMB_P', 'EMB_P', 'EMB_P', 'EMB_P', 'EMB_P', 'EMB_P', 'EMB_P', 'EMB_P', 'EMB_P', 'EMB_P', 'EMB_P', 'EMB_P', 'EMB_P', 'EMB_P', 'EMB_P', 'EMB_P', 'EMB_P', 'EMB_P', 'EMB_P', 'EMB_P', 'EMB_P', 'EMB_P', 'EMB_P', 'EMB_P', 'EMB_P', 'EMB_P', 'EMB_P', 'EMB_P', 'EMB_P', 'EMB_P', 'EMB_P', 'EMB_P', 'EMB_P', 'EMB_P', 'EMB_P', 'EMB_P', 'EMB_P', 'EMB_P', 'EMB_P', 'EMB_P', 'EMB_P', 'EMB_P', 'EMB_P', 'EMB_P', 'EMB_P', 'EMB_P', 'EMB_P', 'EMB_P', 'EMB_P', 'EMB_P', 'EMB_P', 'EMB_P', 'EMB_P', 'EMB_P', 'EMB_P', 'EMB_P', 'EMB_P', 'EMB_P', 'EMB_P', 'EMB_P', 'EMB_P', 'EMB_P', 'EMB_P']","['EMB_O', 'EMB_O', 'EMB_O', 'EMB_O', 'EMB_O', 'EMB_O', 'EMB_O', 'EMB_P', 'EMB_P', 'EMB_P', 'EMB_P', 'EMB_P', 'EMB_P', 'EMB_P', 'EMB_P', 'EMB_P', 'EMB_P', 'EMB_P', 'EMB_P', 'EMB_P', 'EMB_P', 'EMB_P', 'EMB_P', 'EMB_P', 'EMB_P', 'EMB_P', 'EMB_P', 'EMB_P', 'EMB_P', 'EMB_P', 'EMB_P', 'EMB_P', 'EMB_P', 'EMB_P', 'EMB_P', 'EMB_P', 'EMB_P', 'EMB_P', 'EMB_P', 'EMB_P', 'EMB_P', 'EMB_P', 'EMB_P', 'EMB_P', 'EMB_P', 'EMB_P', 'EMB_P', 'EMB_P', 'EMB_P', 'EMB_P', 'EMB_P', 'EMB_P', 'EMB_P', 'EMB_P', 'EMB_P', 'EMB_P', 'EMB_P', 'EMB_P', 'EMB_P', 'EMB_P', 'EMB_P', 'EMB_P', 'EMB_P', 'EMB_P', 'EMB_P', 'EMB_P', 'EMB_P', 'EMB_P', 'EMB_P', 'EMB_P', 'EMB_P', 'EMB_P', 'EMB_P', 'EMB_P', 'EMB_P', 'EMB_P', 'EMB_P', 'EMB_P', 'EMB_P', 'EMB_P', 'EMB_P', 'EMB_P', 'EMB_P', 'EMB_P', 'EMB_P', 'EMB_P', 'EMB_P', 'EMB_P', 'EMB_P', 'EMB_P', 'EMB_P', 'EMB_P', 'EMB_P', 'EMB_P', 'EMB_P', 'EMB_P', 'EMB_P', 'EMB_P', 'EMB_P', 'EMB_P', 'EMB_P', 'EMB_P', 'EMB_P', 'EMB_P', 'EMB_P', 'EMB_P', 'EMB_P', 'EMB_P', 'EMB_P', 'EMB_P', 'EMB_P', 'EMB_P', 'EMB_P', 'EMB_P', 'EMB_P', 'EMB_P', 'EMB_P', 'EMB_P', 'EMB_P', 'EMB_P', 'EMB_P', 'EMB_P', 'EMB_P', 'EMB_P', 'EMB_P', 'EMB_P', 'EMB_P', 'EMB_P']"
16,it,good,laptop_quad_dev_15,but do not dare will only be good for playing games maybe it will get better .,5.83,6.17,"['EMB_O', 'EMB_O', 'EMB_O', 'EMB_O', 'EMB_O', 'EMB_O', 'EMB_O', 'EMB_O', 'EMB_O', 'EMB_O', 'EMB_O', 'EMB_O', 'EMB_O', 'EMB_O', 'ASP_S', 'EMB_O', 'EMB_O', 'EMB_O', 'EMB_O', 'EMB_O', 'EMB_P', 'EMB_P', 'EMB_P', 'EMB_P', 'EMB_P', 'EMB_P', 'EMB_P', 'EMB_P', 'EMB_P', 'EMB_P', 'EMB_P', 'EMB_P', 'EMB_P', 'EMB_P', 'EMB_P', 'EMB_P', 'EMB_P', 'EMB_P', 'EMB_P', 'EMB_P', 'EMB_P', 'EMB_P', 'EMB_P', 'EMB_P', 'EMB_P', 'EMB_P', 'EMB_P', 'EMB_P', 'EMB_P', 'EMB_P', 'EMB_P', 'EMB_P', 'EMB_P', 'EMB_P', 'EMB_P', 'EMB_P', 'EMB_P', 'EMB_P', 'EMB_P', 'EMB_P', 'EMB_P', 'EMB_P', 'EMB_P', 'EMB_P', 'EMB_P', 'EMB_P', 'EMB_P', 'EMB_P', 'EMB_P', 'EMB_P', 'EMB_P', 'EMB_P', 'EMB_P', 'EMB_P', 'EMB_P', 'EMB_P', 'EMB_P', 'EMB_P', 'EMB_P', 'EMB_P', 'EMB_P', 'EMB_P', 'EMB_P', 'EMB_P', 'EMB_P', 'EMB_P', 'EMB_P', 'EMB_P', 'EMB_P', 'EMB_P', 'EMB_P', 'EMB_P', 'EMB_P', 'EMB_P', 'EMB_P', 'EMB_P', 'EMB_P', 'EMB_P', 'EMB_P', 'EMB_P', 'EMB_P', 'EMB_P', 'EMB_P', 'EMB_P', 'EMB_P', 'EMB_P', 'EMB_P', 'EMB_P', 'EMB_P', 'EMB_P', 'EMB_P', 'EMB_P', 'EMB_P', 'EMB_P', 'EMB_P', 'EMB_P', 'EMB_P', 'EMB_P', 'EMB_P', 'EMB_P', 'EMB_P', 'EMB_P', 'EMB_P', 'EMB_P', 'EMB_P', 'EMB_P', 'EMB_P', 'EMB_P']","['EMB_O', 'EMB_O', 'EMB_O', 'EMB_O', 'EMB_O', 'EMB_O', 'EMB_O', 'EMB_O', 'OPN_S', 'EMB_O', 'EMB_O', 'EMB_O', 'EMB_O', 'EMB_O', 'EMB_O', 'EMB_O', 'EMB_O', 'EMB_O', 'EMB_O', 'EMB_O', 'EMB_P', 'EMB_P', 'EMB_P', 'EMB_P', 'EMB_P', 'EMB_P', 'EMB_P', 'EMB_P', 'EMB_P', 'EMB_P', 'EMB_P', 'EMB_P', 'EMB_P', 'EMB_P', 'EMB_P', 'EMB_P', 'EMB_P', 'EMB_P', 'EMB_P', 'EMB_P', 'EMB_P', 'EMB_P', 'EMB_P', 'EMB_P', 'EMB_P', 'EMB_P', 'EMB_P', 'EMB_P', 'EMB_P', 'EMB_P', 'EMB_P', 'EMB_P', 'EMB_P', 'EMB_P', 'EMB_P', 'EMB_P', 'EMB_P', 'EMB_P', 'EMB_P', 'EMB_P', 'EMB_P', 'EMB_P', 'EMB_P', 'EMB_P', 'EMB_P', 'EMB_P', 'EMB_P', 'EMB_P', 'EMB_P', 'EMB_P', 'EMB_P', 'EMB_P', 'EMB_P', 'EMB_P', 'EMB_P', 'EMB_P', 'EMB_P', 'EMB_P', 'EMB_P', 'EMB_P', 'EMB_P', 'EMB_P', 'EMB_P', 'EMB_P', 'EMB_P', 'EMB_P', 'EMB_P', 'EMB_P', 'EMB_P', 'EMB_P', 'EMB_P', 'EMB_P', 'EMB_P', 'EMB_P', 'EMB_P', 'EMB_P', 'EMB_P', 'EMB_P', 'EMB_P', 'EMB_P', 'EMB_P', 'EMB_P', 'EMB_P', 'EMB_P', 'EMB_P', 'EMB_P', 'EMB_P', 'EMB_P', 'EMB_P', 'EMB_P', 'EMB_P', 'EMB_P', 'EMB_P', 'EMB_P', 'EMB_P', 'EMB_P', 'EMB_P', 'EMB_P', 'EMB_P', 'EMB_P', 'EMB_P', 'EMB_P', 'EMB_P', 'EMB_P', 'EMB_P', 'EMB_P', 'EMB_P', 'EMB_P']"
17,battery,NULL,laptop_quad_dev_16,"after some use , the battery charge had logically gone down some ( down to about 80 % ) , and so i went back to my office to plug it in .",4.25,5.5,"['EMB_O', 'EMB_O', 'EMB_O', 'EMB_O', 'EMB_O', 'EMB_O', 'ASP_S', 'EMB_O', 'EMB_O', 'EMB_O', 'EMB_O', 'EMB_O', 'EMB_O', 'EMB_O', 'EMB_O', 'EMB_O', 'EMB_O', 'EMB_O', 'EMB_O', 'EMB_O', 'EMB_O', 'EMB_O', 'EMB_O', 'EMB_O', 'EMB_O', 'EMB_O', 'EMB_O', 'EMB_O', 'EMB_O', 'EMB_O', 'EMB_O', 'EMB_O', 'EMB_O', 'EMB_O', 'EMB_O', 'EMB_O', 'EMB_O', 'EMB_P', 'EMB_P', 'EMB_P', 'EMB_P', 'EMB_P', 'EMB_P', 'EMB_P', 'EMB_P', 'EMB_P', 'EMB_P', 'EMB_P', 'EMB_P', 'EMB_P', 'EMB_P', 'EMB_P', 'EMB_P', 'EMB_P', 'EMB_P', 'EMB_P', 'EMB_P', 'EMB_P', 'EMB_P', 'EMB_P', 'EMB_P', 'EMB_P', 'EMB_P', 'EMB_P', 'EMB_P', 'EMB_P', 'EMB_P', 'EMB_P', 'EMB_P', 'EMB_P', 'EMB_P', 'EMB_P', 'EMB_P', 'EMB_P', 'EMB_P', 'EMB_P', 'EMB_P', 'EMB_P', 'EMB_P', 'EMB_P', 'EMB_P', 'EMB_P', 'EMB_P', 'EMB_P', 'EMB_P', 'EMB_P', 'EMB_P', 'EMB_P', 'EMB_P', 'EMB_P', 'EMB_P', 'EMB_P', 'EMB_P', 'EMB_P', 'EMB_P', 'EMB_P', 'EMB_P', 'EMB_P', 'EMB_P', 'EMB_P', 'EMB_P', 'EMB_P', 'EMB_P', 'EMB_P', 'EMB_P', 'EMB_P', 'EMB_P', 'EMB_P', 'EMB_P', 'EMB_P', 'EMB_P', 'EMB_P', 'EMB_P', 'EMB_P', 'EMB_P', 'EMB_P', 'EMB_P', 'EMB_P', 'EMB_P', 'EMB_P', 'EMB_P', 'EMB_P', 'EMB_P', 'EMB_P', 'EMB_P', 'EMB_P', 'EMB_P', 'EMB_P']","['EMB_O', 'EMB_O', 'EMB_O', 'EMB_O', 'EMB_O', 'EMB_O', 'EMB_O', 'EMB_O', 'EMB_O', 'EMB_O', 'EMB_O', 'EMB_O', 'EMB_O', 'EMB_O', 'EMB_O', 'EMB_O', 'EMB_O', 'EMB_O', 'EMB_O', 'EMB_O', 'EMB_O', 'EMB_O', 'EMB_O', 'EMB_O', 'EMB_O', 'EMB_O', 'EMB_O', 'EMB_O', 'EMB_O', 'EMB_O', 'EMB_O', 'EMB_O', 'EMB_O', 'EMB_O', 'EMB_O', 'EMB_O', 'EMB_O', 'EMB_P', 'EMB_P', 'EMB_P', 'EMB_P', 'EMB_P', 'EMB_P', 'EMB_P', 'EMB_P', 'EMB_P', 'EMB_P', 'EMB_P', 'EMB_P', 'EMB_P', 'EMB_P', 'EMB_P', 'EMB_P', 'EMB_P', 'EMB_P', 'EMB_P', 'EMB_P', 'EMB_P', 'EMB_P', 'EMB_P', 'EMB_P', 'EMB_P', 'EMB_P', 'EMB_P', 'EMB_P', 'EMB_P', 'EMB_P', 'EMB_P', 'EMB_P', 'EMB_P', 'EMB_P', 'EMB_P', 'EMB_P', 'EMB_P', 'EMB_P', 'EMB_P', 'EMB_P', 'EMB_P', 'EMB_P', 'EMB_P', 'EMB_P', 'EMB_P', 'EMB_P', 'EMB_P', 'EMB_P', 'EMB_P', 'EMB_P', 'EMB_P', 'EMB_P', 'EMB_P', 'EMB_P', 'EMB_P', 'EMB_P', 'EMB_P', 'EMB_P', 'EMB_P', 'EMB_P', 'EMB_P', 'EMB_P', 'EMB_P', 'EMB_P', 'EMB_P', 'EMB_P', 'EMB_P', 'EMB_P', 'EMB_P', 'EMB_P', 'EMB_P', 'EMB_P', 'EMB_P', 'EMB_P', 'EMB_P', 'EMB_P', 'EMB_P', 'EMB_P', 'EMB_P', 'EMB_P', 'EMB_P', 'EMB_P', 'EMB_P', 'EMB_P', 'EMB_P', 'EMB_P', 'EMB_P', 'EMB_P', 'EMB_P', 'EMB_P', 'EMB_P']"
18,asus customer support,cumbersome,laptop_quad_dev_17,asus customer support was through chat and cumbersome .,3.0,6.83,"['EMB_O', 'ASP_B', 'ASP_I', 'ASP_E', 'EMB_O', 'EMB_O', 'EMB_O', 'EMB_O', 'EMB_O', 'EMB_O', 'EMB_O', 'EMB_O', 'EMB_O', 'EMB_P', 'EMB_P', 'EMB_P', 'EMB_P', 'EMB_P', 'EMB_P', 'EMB_P', 'EMB_P', 'EMB_P', 'EMB_P', 'EMB_P', 'EMB_P', 'EMB_P', 'EMB_P', 'EMB_P', 'EMB_P', 'EMB_P', 'EMB_P', 'EMB_P', 'EMB_P', 'EMB_P', 'EMB_P', 'EMB_P', 'EMB_P', 'EMB_P', 'EMB_P', 'EMB_P', 'EMB_P', 'EMB_P', 'EMB_P', 'EMB_P', 'EMB_P', 'EMB_P', 'EMB_P', 'EMB_P', 'EMB_P', 'EMB_P', 'EMB_P', 'EMB_P', 'EMB_P', 'EMB_P', 'EMB_P', 'EMB_P', 'EMB_P', 'EMB_P', 'EMB_P', 'EMB_P', 'EMB_P', 'EMB_P', 'EMB_P', 'EMB_P', 'EMB_P', 'EMB_P', 'EMB_P', 'EMB_P', 'EMB_P', 'EMB_P', 'EMB_P', 'EMB_P', 'EMB_P', 'EMB_P', 'EMB_P', 'EMB_P', 'EMB_P', 'EMB_P', 'EMB_P', 'EMB_P', 'EMB_P', 'EMB_P', 'EMB_P', 'EMB_P', 'EMB_P', 'EMB_P', 'EMB_P', 'EMB_P', 'EMB_P', 'EMB_P', 'EMB_P', 'EMB_P', 'EMB_P', 'EMB_P', 'EMB_P', 'EMB_P', 'EMB_P', 'EMB_P', 'EMB_P', 'EMB_P', 'EMB_P', 'EMB_P', 'EMB_P', 'EMB_P', 'EMB_P', 'EMB_P', 'EMB_P', 'EMB_P', 'EMB_P', 'EMB_P', 'EMB_P', 'EMB_P', 'EMB_P', 'EMB_P', 'EMB_P', 'EMB_P', 'EMB_P', 'EMB_P', 'EMB_P', 'EMB_P', 'EMB_P', 'EMB_P', 'EMB_P', 'EMB_P', 'EMB_P', 'EMB_P', 'EMB_P', 'EMB_P']","['EMB_O', 'EMB_O', 'EMB_O', 'EMB_O', 'EMB_O', 'EMB_O', 'EMB_O', 'EMB_O', 'OPN_B', 'OPN_I', 'OPN_E', 'EMB_O', 'EMB_O', 'EMB_P', 'EMB_P', 'EMB_P', 'EMB_P', 'EMB_P', 'EMB_P', 'EMB_P', 'EMB_P', 'EMB_P', 'EMB_P', 'EMB_P', 'EMB_P', 'EMB_P', 'EMB_P', 'EMB_P', 'EMB_P', 'EMB_P', 'EMB_P', 'EMB_P', 'EMB_P', 'EMB_P', 'EMB_P', 'EMB_P', 'EMB_P', 'EMB_P', 'EMB_P', 'EMB_P', 'EMB_P', 'EMB_P', 'EMB_P', 'EMB_P', 'EMB_P', 'EMB_P', 'EMB_P', 'EMB_P', 'EMB_P', 'EMB_P', 'EMB_P', 'EMB_P', 'EMB_P', 'EMB_P', 'EMB_P', 'EMB_P', 'EMB_P', 'EMB_P', 'EMB_P', 'EMB_P', 'EMB_P', 'EMB_P', 'EMB_P', 'EMB_P', 'EMB_P', 'EMB_P', 'EMB_P', 'EMB_P', 'EMB_P', 'EMB_P', 'EMB_P', 'EMB_P', 'EMB_P', 'EMB_P', 'EMB_P', 'EMB_P', 'EMB_P', 'EMB_P', 'EMB_P', 'EMB_P', 'EMB_P', 'EMB_P', 'EMB_P', 'EMB_P', 'EMB_P', 'EMB_P', 'EMB_P', 'EMB_P', 'EMB_P', 'EMB_P', 'EMB_P', 'EMB_P', 'EMB_P', 'EMB_P', 'EMB_P', 'EMB_P', 'EMB_P', 'EMB_P', 'EMB_P', 'EMB_P', 'EMB_P', 'EMB_P', 'EMB_P', 'EMB_P', 'EMB_P', 'EMB_P', 'EMB_P', 'EMB_P', 'EMB_P', 'EMB_P', 'EMB_P', 'EMB_P', 'EMB_P', 'EMB_P', 'EMB_P', 'EMB_P', 'EMB_P', 'EMB_P', 'EMB_P', 'EMB_P', 'EMB_P', 'EMB_P', 'EMB_P', 'EMB_P', 'EMB_P', 'EMB_P', 'EMB_P', 'EMB_P']"
19,NULL,NULL,laptop_quad_dev_18,i had it on my desk and was watching youtube videos and it went black .,4.5,4.5,"['EMB_O', 'EMB_O', 'EMB_O', 'EMB_O', 'EMB_O', 'EMB_O', 'EMB_O', 'EMB_O', 'EMB_O', 'EMB_O', 'EMB_O', 'EMB_O', 'EMB_O', 'EMB_O', 'EMB_O', 'EMB_O', 'EMB_O', 'EMB_O', 'EMB_O', 'EMB_P', 'EMB_P', 'EMB_P', 'EMB_P', 'EMB_P', 'EMB_P', 'EMB_P', 'EMB_P', 'EMB_P', 'EMB_P', 'EMB_P', 'EMB_P', 'EMB_P', 'EMB_P', 'EMB_P', 'EMB_P', 'EMB_P', 'EMB_P', 'EMB_P', 'EMB_P', 'EMB_P', 'EMB_P', 'EMB_P', 'EMB_P', 'EMB_P', 'EMB_P', 'EMB_P', 'EMB_P', 'EMB_P', 'EMB_P', 'EMB_P', 'EMB_P', 'EMB_P', 'EMB_P', 'EMB_P', 'EMB_P', 'EMB_P', 'EMB_P', 'EMB_P', 'EMB_P', 'EMB_P', 'EMB_P', 'EMB_P', 'EMB_P', 'EMB_P', 'EMB_P', 'EMB_P', 'EMB_P', 'EMB_P', 'EMB_P', 'EMB_P', 'EMB_P', 'EMB_P', 'EMB_P', 'EMB_P', 'EMB_P', 'EMB_P', 'EMB_P', 'EMB_P', 'EMB_P', 'EMB_P', 'EMB_P', 'EMB_P', 'EMB_P', 'EMB_P', 'EMB_P', 'EMB_P', 'EMB_P', 'EMB_P', 'EMB_P', 'EMB_P', 'EMB_P', 'EMB_P', 'EMB_P', 'EMB_P', 'EMB_P', 'EMB_P', 'EMB_P', 'EMB_P', 'EMB_P', 'EMB_P', 'EMB_P', 'EMB_P', 'EMB_P', 'EMB_P', 'EMB_P', 'EMB_P', 'EMB_P', 'EMB_P', 'EMB_P', 'EMB_P', 'EMB_P', 'EMB_P', 'EMB_P', 'EMB_P', 'EMB_P', 'EMB_P', 'EMB_P', 'EMB_P', 'EMB_P', 'EMB_P', 'EMB_P', 'EMB_P', 'EMB_P', 'EMB_P', 'EMB_P', 'EMB_P', 'EMB_P', 'EMB_P']","['EMB_O', 'EMB_O', 'EMB_O', 'EMB_O', 'EMB_O', 'EMB_O', 'EMB_O', 'EMB_O', 'EMB_O', 'EMB_O', 'EMB_O', 'EMB_O', 'EMB_O', 'EMB_O', 'EMB_O', 'EMB_O', 'EMB_O', 'EMB_O', 'EMB_O', 'EMB_P', 'EMB_P', 'EMB_P', 'EMB_P', 'EMB_P', 'EMB_P', 'EMB_P', 'EMB_P', 'EMB_P', 'EMB_P', 'EMB_P', 'EMB_P', 'EMB_P', 'EMB_P', 'EMB_P', 'EMB_P', 'EMB_P', 'EMB_P', 'EMB_P', 'EMB_P', 'EMB_P', 'EMB_P', 'EMB_P', 'EMB_P', 'EMB_P', 'EMB_P', 'EMB_P', 'EMB_P', 'EMB_P', 'EMB_P', 'EMB_P', 'EMB_P', 'EMB_P', 'EMB_P', 'EMB_P', 'EMB_P', 'EMB_P', 'EMB_P', 'EMB_P', 'EMB_P', 'EMB_P', 'EMB_P', 'EMB_P', 'EMB_P', 'EMB_P', 'EMB_P', 'EMB_P', 'EMB_P', 'EMB_P', 'EMB_P', 'EMB_P', 'EMB_P', 'EMB_P', 'EMB_P', 'EMB_P', 'EMB_P', 'EMB_P', 'EMB_P', 'EMB_P', 'EMB_P', 'EMB_P', 'EMB_P', 'EMB_P', 'EMB_P', 'EMB_P', 'EMB_P', 'EMB_P', 'EMB_P', 'EMB_P', 'EMB_P', 'EMB_P', 'EMB_P', 'EMB_P', 'EMB_P', 'EMB_P', 'EMB_P', 'EMB_P', 'EMB_P', 'EMB_P', 'EMB_P', 'EMB_P', 'EMB_P', 'EMB_P', 'EMB_P', 'EMB_P', 'EMB_P', 'EMB_P', 'EMB_P', 'EMB_P', 'EMB_P', 'EMB_P', 'EMB_P', 'EMB_P', 'EMB_P', 'EMB_P', 'EMB_P', 'EMB_P', 'EMB_P', 'EMB_P', 'EMB_P', 'EMB_P', 'EMB_P', 'EMB_P', 'EMB_P', 'EMB_P', 'EMB_P', 'EMB_P', 'EMB_P', 'EMB_P']"
20,screen,very dim,laptop_quad_dev_19,the screen is very dim however .,3.1,6.6,"['EMB_O', 'EMB_O', 'ASP_S', 'EMB_O', 'EMB_O', 'EMB_O', 'EMB_O', 'EMB_O', 'EMB_O', 'EMB_O', 'EMB_P', 'EMB_P', 'EMB_P', 'EMB_P', 'EMB_P', 'EMB_P', 'EMB_P', 'EMB_P', 'EMB_P', 'EMB_P', 'EMB_P', 'EMB_P', 'EMB_P', 'EMB_P', 'EMB_P', 'EMB_P', 'EMB_P', 'EMB_P', 'EMB_P', 'EMB_P', 'EMB_P', 'EMB_P', 'EMB_P', 'EMB_P', 'EMB_P', 'EMB_P', 'EMB_P', 'EMB_P', 'EMB_P', 'EMB_P', 'EMB_P', 'EMB_P', 'EMB_P', 'EMB_P', 'EMB_P', 'EMB_P', 'EMB_P', 'EMB_P', 'EMB_P', 'EMB_P', 'EMB_P', 'EMB_P', 'EMB_P', 'EMB_P', 'EMB_P', 'EMB_P', 'EMB_P', 'EMB_P', 'EMB_P', 'EMB_P', 'EMB_P', 'EMB_P', 'EMB_P', 'EMB_P', 'EMB_P', 'EMB_P', 'EMB_P', 'EMB_P', 'EMB_P', 'EMB_P', 'EMB_P', 'EMB_P', 'EMB_P', 'EMB_P', 'EMB_P', 'EMB_P', 'EMB_P', 'EMB_P', 'EMB_P', 'EMB_P', 'EMB_P', 'EMB_P', 'EMB_P', 'EMB_P', 'EMB_P', 'EMB_P', 'EMB_P', 'EMB_P', 'EMB_P', 'EMB_P', 'EMB_P', 'EMB_P', 'EMB_P', 'EMB_P', 'EMB_P', 'EMB_P', 'EMB_P', 'EMB_P', 'EMB_P', 'EMB_P', 'EMB_P', 'EMB_P', 'EMB_P', 'EMB_P', 'EMB_P', 'EMB_P', 'EMB_P', 'EMB_P', 'EMB_P', 'EMB_P', 'EMB_P', 'EMB_P', 'EMB_P', 'EMB_P', 'EMB_P', 'EMB_P', 'EMB_P', 'EMB_P', 'EMB_P', 'EMB_P', 'EMB_P', 'EMB_P', 'EMB_P', 'EMB_P', 'EMB_P', 'EMB_P', 'EMB_P', 'EMB_P']","['EMB_O', 'EMB_O', 'EMB_O', 'EMB_O', 'OPN_B', 'OPN_I', 'OPN_E', 'EMB_O', 'EMB_O', 'EMB_O', 'EMB_P', 'EMB_P', 'EMB_P', 'EMB_P', 'EMB_P', 'EMB_P', 'EMB_P', 'EMB_P', 'EMB_P', 'EMB_P', 'EMB_P', 'EMB_P', 'EMB_P', 'EMB_P', 'EMB_P', 'EMB_P', 'EMB_P', 'EMB_P', 'EMB_P', 'EMB_P', 'EMB_P', 'EMB_P', 'EMB_P', 'EMB_P', 'EMB_P', 'EMB_P', 'EMB_P', 'EMB_P', 'EMB_P', 'EMB_P', 'EMB_P', 'EMB_P', 'EMB_P', 'EMB_P', 'EMB_P', 'EMB_P', 'EMB_P', 'EMB_P', 'EMB_P', 'EMB_P', 'EMB_P', 'EMB_P', 'EMB_P', 'EMB_P', 'EMB_P', 'EMB_P', 'EMB_P', 'EMB_P', 'EMB_P', 'EMB_P', 'EMB_P', 'EMB_P', 'EMB_P', 'EMB_P', 'EMB_P', 'EMB_P', 'EMB_P', 'EMB_P', 'EMB_P', 'EMB_P', 'EMB_P', 'EMB_P', 'EMB_P', 'EMB_P', 'EMB_P', 'EMB_P', 'EMB_P', 'EMB_P', 'EMB_P', 'EMB_P', 'EMB_P', 'EMB_P', 'EMB_P', 'EMB_P', 'EMB_P', 'EMB_P', 'EMB_P', 'EMB_P', 'EMB_P', 'EMB_P', 'EMB_P', 'EMB_P', 'EMB_P', 'EMB_P', 'EMB_P', 'EMB_P', 'EMB_P', 'EMB_P', 'EMB_P', 'EMB_P', 'EMB_P', 'EMB_P', 'EMB_P', 'EMB_P', 'EMB_P', 'EMB_P', 'EMB_P', 'EMB_P', 'EMB_P', 'EMB_P', 'EMB_P', 'EMB_P', 'EMB_P', 'EMB_P', 'EMB_P', 'EMB_P', 'EMB_P', 'EMB_P', 'EMB_P', 'EMB_P', 'EMB_P', 'EMB_P', 'EMB_P', 'EMB_P', 'EMB_P', 'EMB_P', 'EMB_P', 'EMB_P']"
21,vivobook,dead,laptop_quad_dev_20,the brand new vivobook is dead in the water !,2.0,8.25,"['EMB_O', 'EMB_O', 'EMB_O', 'EMB_O', 'ASP_B', 'ASP_E', 'EMB_O', 'EMB_O', 'EMB_O', 'EMB_O', 'EMB_O', 'EMB_O', 'EMB_O', 'EMB_P', 'EMB_P', 'EMB_P', 'EMB_P', 'EMB_P', 'EMB_P', 'EMB_P', 'EMB_P', 'EMB_P', 'EMB_P', 'EMB_P', 'EMB_P', 'EMB_P', 'EMB_P', 'EMB_P', 'EMB_P', 'EMB_P', 'EMB_P', 'EMB_P', 'EMB_P', 'EMB_P', 'EMB_P', 'EMB_P', 'EMB_P', 'EMB_P', 'EMB_P', 'EMB_P', 'EMB_P', 'EMB_P', 'EMB_P', 'EMB_P', 'EMB_P', 'EMB_P', 'EMB_P', 'EMB_P', 'EMB_P', 'EMB_P', 'EMB_P', 'EMB_P', 'EMB_P', 'EMB_P', 'EMB_P', 'EMB_P', 'EMB_P', 'EMB_P', 'EMB_P', 'EMB_P', 'EMB_P', 'EMB_P', 'EMB_P', 'EMB_P', 'EMB_P', 'EMB_P', 'EMB_P', 'EMB_P', 'EMB_P', 'EMB_P', 'EMB_P', 'EMB_P', 'EMB_P', 'EMB_P', 'EMB_P', 'EMB_P', 'EMB_P', 'EMB_P', 'EMB_P', 'EMB_P', 'EMB_P', 'EMB_P', 'EMB_P', 'EMB_P', 'EMB_P', 'EMB_P', 'EMB_P', 'EMB_P', 'EMB_P', 'EMB_P', 'EMB_P', 'EMB_P', 'EMB_P', 'EMB_P', 'EMB_P', 'EMB_P', 'EMB_P', 'EMB_P', 'EMB_P', 'EMB_P', 'EMB_P', 'EMB_P', 'EMB_P', 'EMB_P', 'EMB_P', 'EMB_P', 'EMB_P', 'EMB_P', 'EMB_P', 'EMB_P', 'EMB_P', 'EMB_P', 'EMB_P', 'EMB_P', 'EMB_P', 'EMB_P', 'EMB_P', 'EMB_P', 'EMB_P', 'EMB_P', 'EMB_P', 'EMB_P', 'EMB_P', 'EMB_P', 'EMB_P', 'EMB_P', 'EMB_P', 'EMB_P']","['EMB_O', 'EMB_O', 'EMB_O', 'EMB_O', 'EMB_O', 'EMB_O', 'EMB_O', 'OPN_S', 'EMB_O', 'EMB_O', 'EMB_O', 'EMB_O', 'EMB_O', 'EMB_P', 'EMB_P', 'EMB_P', 'EMB_P', 'EMB_P', 'EMB_P', 'EMB_P', 'EMB_P', 'EMB_P', 'EMB_P', 'EMB_P', 'EMB_P', 'EMB_P', 'EMB_P', 'EMB_P', 'EMB_P', 'EMB_P', 'EMB_P', 'EMB_P', 'EMB_P', 'EMB_P', 'EMB_P', 'EMB_P', 'EMB_P', 'EMB_P', 'EMB_P', 'EMB_P', 'EMB_P', 'EMB_P', 'EMB_P', 'EMB_P', 'EMB_P', 'EMB_P', 'EMB_P', 'EMB_P', 'EMB_P', 'EMB_P', 'EMB_P', 'EMB_P', 'EMB_P', 'EMB_P', 'EMB_P', 'EMB_P', 'EMB_P', 'EMB_P', 'EMB_P', 'EMB_P', 'EMB_P', 'EMB_P', 'EMB_P', 'EMB_P', 'EMB_P', 'EMB_P', 'EMB_P', 'EMB_P', 'EMB_P', 'EMB_P', 'EMB_P', 'EMB_P', 'EMB_P', 'EMB_P', 'EMB_P', 'EMB_P', 'EMB_P', 'EMB_P', 'EMB_P', 'EMB_P', 'EMB_P', 'EMB_P', 'EMB_P', 'EMB_P', 'EMB_P', 'EMB_P', 'EMB_P', 'EMB_P', 'EMB_P', 'EMB_P', 'EMB_P', 'EMB_P', 'EMB_P', 'EMB_P', 'EMB_P', 'EMB_P', 'EMB_P', 'EMB_P', 'EMB_P', 'EMB_P', 'EMB_P', 'EMB_P', 'EMB_P', 'EMB_P', 'EMB_P', 'EMB_P', 'EMB_P', 'EMB_P', 'EMB_P', 'EMB_P', 'EMB_P', 'EMB_P', 'EMB_P', 'EMB_P', 'EMB_P', 'EMB_P', 'EMB_P', 'EMB_P', 'EMB_P', 'EMB_P', 'EMB_P', 'EMB_P', 'EMB_P', 'EMB_P', 'EMB_P', 'EMB_P', 'EMB_P', 'EMB_P']"
22,machine,NULL,laptop_quad_dev_21,don ' t buy this machine .,4.62,5.38,"['EMB_O', 'EMB_O', 'EMB_O', 'EMB_O', 'EMB_O', 'EMB_O', 'ASP_S', 'EMB_O', 'EMB_O', 'EMB_P', 'EMB_P', 'EMB_P', 'EMB_P', 'EMB_P', 'EMB_P', 'EMB_P', 'EMB_P', 'EMB_P', 'EMB_P', 'EMB_P', 'EMB_P', 'EMB_P', 'EMB_P', 'EMB_P', 'EMB_P', 'EMB_P', 'EMB_P', 'EMB_P', 'EMB_P', 'EMB_P', 'EMB_P', 'EMB_P', 'EMB_P', 'EMB_P', 'EMB_P', 'EMB_P', 'EMB_P', 'EMB_P', 'EMB_P', 'EMB_P', 'EMB_P', 'EMB_P', 'EMB_P', 'EMB_P', 'EMB_P', 'EMB_P', 'EMB_P', 'EMB_P', 'EMB_P', 'EMB_P', 'EMB_P', 'EMB_P', 'EMB_P', 'EMB_P', 'EMB_P', 'EMB_P', 'EMB_P', 'EMB_P', 'EMB_P', 'EMB_P', 'EMB_P', 'EMB_P', 'EMB_P', 'EMB_P', 'EMB_P', 'EMB_P', 'EMB_P', 'EMB_P', 'EMB_P', 'EMB_P', 'EMB_P', 'EMB_P', 'EMB_P', 'EMB_P', 'EMB_P', 'EMB_P', 'EMB_P', 'EMB_P', 'EMB_P', 'EMB_P', 'EMB_P', 'EMB_P', 'EMB_P', 'EMB_P', 'EMB_P', 'EMB_P', 'EMB_P', 'EMB_P', 'EMB_P', 'EMB_P', 'EMB_P', 'EMB_P', 'EMB_P', 'EMB_P', 'EMB_P', 'EMB_P', 'EMB_P', 'EMB_P', 'EMB_P', 'EMB_P', 'EMB_P', 'EMB_P', 'EMB_P', 'EMB_P', 'EMB_P', 'EMB_P', 'EMB_P', 'EMB_P', 'EMB_P', 'EMB_P', 'EMB_P', 'EMB_P', 'EMB_P', 'EMB_P', 'EMB_P', 'EMB_P', 'EMB_P', 'EMB_P', 'EMB_P', 'EMB_P', 'EMB_P', 'EMB_P', 'EMB_P', 'EMB_P', 'EMB_P', 'EMB_P', 'EMB_P', 'EMB_P']","['EMB_O', 'EMB_O', 'EMB_O', 'EMB_O', 'EMB_O', 'EMB_O', 'EMB_O', 'EMB_O', 'EMB_O', 'EMB_P', 'EMB_P', 'EMB_P', 'EMB_P', 'EMB_P', 'EMB_P', 'EMB_P', 'EMB_P', 'EMB_P', 'EMB_P', 'EMB_P', 'EMB_P', 'EMB_P', 'EMB_P', 'EMB_P', 'EMB_P', 'EMB_P', 'EMB_P', 'EMB_P', 'EMB_P', 'EMB_P', 'EMB_P', 'EMB_P', 'EMB_P', 'EMB_P', 'EMB_P', 'EMB_P', 'EMB_P', 'EMB_P', 'EMB_P', 'EMB_P', 'EMB_P', 'EMB_P', 'EMB_P', 'EMB_P', 'EMB_P', 'EMB_P', 'EMB_P', 'EMB_P', 'EMB_P', 'EMB_P', 'EMB_P', 'EMB_P', 'EMB_P', 'EMB_P', 'EMB_P', 'EMB_P', 'EMB_P', 'EMB_P', 'EMB_P', 'EMB_P', 'EMB_P', 'EMB_P', 'EMB_P', 'EMB_P', 'EMB_P', 'EMB_P', 'EMB_P', 'EMB_P', 'EMB_P', 'EMB_P', 'EMB_P', 'EMB_P', 'EMB_P', 'EMB_P', 'EMB_P', 'EMB_P', 'EMB_P', 'EMB_P', 'EMB_P', 'EMB_P', 'EMB_P', 'EMB_P', 'EMB_P', 'EMB_P', 'EMB_P', 'EMB_P', 'EMB_P', 'EMB_P', 'EMB_P', 'EMB_P', 'EMB_P', 'EMB_P', 'EMB_P', 'EMB_P', 'EMB_P', 'EMB_P', 'EMB_P', 'EMB_P', 'EMB_P', 'EMB_P', 'EMB_P', 'EMB_P', 'EMB_P', 'EMB_P', 'EMB_P', 'EMB_P', 'EMB_P', 'EMB_P', 'EMB_P', 'EMB_P', 'EMB_P', 'EMB_P', 'EMB_P', 'EMB_P', 'EMB_P', 'EMB_P', 'EMB_P', 'EMB_P', 'EMB_P', 'EMB_P', 'EMB_P', 'EMB_P', 'EMB_P', 'EMB_P', 'EMB_P', 'EMB_P', 'EMB_P', 'EMB_P']"
23,laptop,good,laptop_quad_dev_22,sounds like a good deal for a $ 620 laptop but battery doesn ' t perform as promised i am hardly getting 4 hrs .,6.75,6.5,"['EMB_O', 'EMB_O', 'EMB_O', 'EMB_O', 'EMB_O', 'EMB_O', 'EMB_O', 'EMB_O', 'EMB_O', 'EMB_O', 'ASP_B', 'ASP_E', 'EMB_O', 'EMB_O', 'EMB_O', 'EMB_O', 'EMB_O', 'EMB_O', 'EMB_O', 'EMB_O', 'EMB_O', 'EMB_O', 'EMB_O', 'EMB_O', 'EMB_O', 'EMB_O', 'EMB_O', 'EMB_O', 'EMB_O', 'EMB_O', 'EMB_P', 'EMB_P', 'EMB_P', 'EMB_P', 'EMB_P', 'EMB_P', 'EMB_P', 'EMB_P', 'EMB_P', 'EMB_P', 'EMB_P', 'EMB_P', 'EMB_P', 'EMB_P', 'EMB_P', 'EMB_P', 'EMB_P', 'EMB_P', 'EMB_P', 'EMB_P', 'EMB_P', 'EMB_P', 'EMB_P', 'EMB_P', 'EMB_P', 'EMB_P', 'EMB_P', 'EMB_P', 'EMB_P', 'EMB_P', 'EMB_P', 'EMB_P', 'EMB_P', 'EMB_P', 'EMB_P', 'EMB_P', 'EMB_P', 'EMB_P', 'EMB_P', 'EMB_P', 'EMB_P', 'EMB_P', 'EMB_P', 'EMB_P', 'EMB_P', 'EMB_P', 'EMB_P', 'EMB_P', 'EMB_P', 'EMB_P', 'EMB_P', 'EMB_P', 'EMB_P', 'EMB_P', 'EMB_P', 'EMB_P', 'EMB_P', 'EMB_P', 'EMB_P', 'EMB_P', 'EMB_P', 'EMB_P', 'EMB_P', 'EMB_P', 'EMB_P', 'EMB_P', 'EMB_P', 'EMB_P', 'EMB_P', 'EMB_P', 'EMB_P', 'EMB_P', 'EMB_P', 'EMB_P', 'EMB_P', 'EMB_P', 'EMB_P', 'EMB_P', 'EMB_P', 'EMB_P', 'EMB_P', 'EMB_P', 'EMB_P', 'EMB_P', 'EMB_P', 'EMB_P', 'EMB_P', 'EMB_P', 'EMB_P', 'EMB_P', 'EMB_P', 'EMB_P', 'EMB_P', 'EMB_P', 'EMB_P', 'EMB_P', 'EMB_P', 'EMB_P']","['EMB_O', 'EMB_O', 'EMB_O', 'EMB_O', 'OPN_S', 'EMB_O', 'EMB_O', 'EMB_O', 'EMB_O', 'EMB_O', 'EMB_O', 'EMB_O', 'EMB_O', 'EMB_O', 'EMB_O', 'EMB_O', 'EMB_O', 'EMB_O', 'EMB_O', 'EMB_O', 'EMB_O', 'EMB_O', 'EMB_O', 'EMB_O', 'EMB_O', 'EMB_O', 'EMB_O', 'EMB_O', 'EMB_O', 'EMB_O', 'EMB_P', 'EMB_P', 'EMB_P', 'EMB_P', 'EMB_P', 'EMB_P', 'EMB_P', 'EMB_P', 'EMB_P', 'EMB_P', 'EMB_P', 'EMB_P', 'EMB_P', 'EMB_P', 'EMB_P', 'EMB_P', 'EMB_P', 'EMB_P', 'EMB_P', 'EMB_P', 'EMB_P', 'EMB_P', 'EMB_P', 'EMB_P', 'EMB_P', 'EMB_P', 'EMB_P', 'EMB_P', 'EMB_P', 'EMB_P', 'EMB_P', 'EMB_P', 'EMB_P', 'EMB_P', 'EMB_P', 'EMB_P', 'EMB_P', 'EMB_P', 'EMB_P', 'EMB_P', 'EMB_P', 'EMB_P', 'EMB_P', 'EMB_P', 'EMB_P', 'EMB_P', 'EMB_P', 'EMB_P', 'EMB_P', 'EMB_P', 'EMB_P', 'EMB_P', 'EMB_P', 'EMB_P', 'EMB_P', 'EMB_P', 'EMB_P', 'EMB_P', 'EMB_P', 'EMB_P', 'EMB_P', 'EMB_P', 'EMB_P', 'EMB_P', 'EMB_P', 'EMB_P', 'EMB_P', 'EMB_P', 'EMB_P', 'EMB_P', 'EMB_P', 'EMB_P', 'EMB_P', 'EMB_P', 'EMB_P', 'EMB_P', 'EMB_P', 'EMB_P', 'EMB_P', 'EMB_P', 'EMB_P', 'EMB_P', 'EMB_P', 'EMB_P', 'EMB_P', 'EMB_P', 'EMB_P', 'EMB_P', 'EMB_P', 'EMB_P', 'EMB_P', 'EMB_P', 'EMB_P', 'EMB_P', 'EMB_P', 'EMB_P', 'EMB_P', 'EMB_P']"
24,battery,NULL,laptop_quad_dev_22,sounds like a good deal for a $ 620 laptop but battery doesn ' t perform as promised i am hardly getting 4 hrs .,5.0,5.0,"['EMB_O', 'EMB_O', 'EMB_O', 'EMB_O', 'EMB_O', 'EMB_O', 'EMB_O', 'EMB_O', 'EMB_O', 'EMB_O', 'EMB_O', 'EMB_O', 'EMB_O', 'ASP_S', 'EMB_O', 'EMB_O', 'EMB_O', 'EMB_O', 'EMB_O', 'EMB_O', 'EMB_O', 'EMB_O', 'EMB_O', 'EMB_O', 'EMB_O', 'EMB_O', 'EMB_O', 'EMB_O', 'EMB_O', 'EMB_O', 'EMB_P', 'EMB_P', 'EMB_P', 'EMB_P', 'EMB_P', 'EMB_P', 'EMB_P', 'EMB_P', 'EMB_P', 'EMB_P', 'EMB_P', 'EMB_P', 'EMB_P', 'EMB_P', 'EMB_P', 'EMB_P', 'EMB_P', 'EMB_P', 'EMB_P', 'EMB_P', 'EMB_P', 'EMB_P', 'EMB_P', 'EMB_P', 'EMB_P', 'EMB_P', 'EMB_P', 'EMB_P', 'EMB_P', 'EMB_P', 'EMB_P', 'EMB_P', 'EMB_P', 'EMB_P', 'EMB_P', 'EMB_P', 'EMB_P', 'EMB_P', 'EMB_P', 'EMB_P', 'EMB_P', 'EMB_P', 'EMB_P', 'EMB_P', 'EMB_P', 'EMB_P', 'EMB_P', 'EMB_P', 'EMB_P', 'EMB_P', 'EMB_P', 'EMB_P', 'EMB_P', 'EMB_P', 'EMB_P', 'EMB_P', 'EMB_P', 'EMB_P', 'EMB_P', 'EMB_P', 'EMB_P', 'EMB_P', 'EMB_P', 'EMB_P', 'EMB_P', 'EMB_P', 'EMB_P', 'EMB_P', 'EMB_P', 'EMB_P', 'EMB_P', 'EMB_P', 'EMB_P', 'EMB_P', 'EMB_P', 'EMB_P', 'EMB_P', 'EMB_P', 'EMB_P', 'EMB_P', 'EMB_P', 'EMB_P', 'EMB_P', 'EMB_P', 'EMB_P', 'EMB_P', 'EMB_P', 'EMB_P', 'EMB_P', 'EMB_P', 'EMB_P', 'EMB_P', 'EMB_P', 'EMB_P', 'EMB_P', 'EMB_P', 'EMB_P', 'EMB_P']","['EMB_O', 'EMB_O', 'EMB_O', 'EMB_O', 'EMB_O', 'EMB_O', 'EMB_O', 'EMB_O', 'EMB_O', 'EMB_O', 'EMB_O', 'EMB_O', 'EMB_O', 'EMB_O', 'EMB_O', 'EMB_O', 'EMB_O', 'EMB_O', 'EMB_O', 'EMB_O', 'EMB_O', 'EMB_O', 'EMB_O', 'EMB_O', 'EMB_O', 'EMB_O', 'EMB_O', 'EMB_O', 'EMB_O', 'EMB_O', 'EMB_P', 'EMB_P', 'EMB_P', 'EMB_P', 'EMB_P', 'EMB_P', 'EMB_P', 'EMB_P', 'EMB_P', 'EMB_P', 'EMB_P', 'EMB_P', 'EMB_P', 'EMB_P', 'EMB_P', 'EMB_P', 'EMB_P', 'EMB_P', 'EMB_P', 'EMB_P', 'EMB_P', 'EMB_P', 'EMB_P', 'EMB_P', 'EMB_P', 'EMB_P', 'EMB_P', 'EMB_P', 'EMB_P', 'EMB_P', 'EMB_P', 'EMB_P', 'EMB_P', 'EMB_P', 'EMB_P', 'EMB_P', 'EMB_P', 'EMB_P', 'EMB_P', 'EMB_P', 'EMB_P', 'EMB_P', 'EMB_P', 'EMB_P', 'EMB_P', 'EMB_P', 'EMB_P', 'EMB_P', 'EMB_P', 'EMB_P', 'EMB_P', 'EMB_P', 'EMB_P', 'EMB_P', 'EMB_P', 'EMB_P', 'EMB_P', 'EMB_P', 'EMB_P', 'EMB_P', 'EMB_P', 'EMB_P', 'EMB_P', 'EMB_P', 'EMB_P', 'EMB_P', 'EMB_P', 'EMB_P', 'EMB_P', 'EMB_P', 'EMB_P', 'EMB_P', 'EMB_P', 'EMB_P', 'EMB_P', 'EMB_P', 'EMB_P', 'EMB_P', 'EMB_P', 'EMB_P', 'EMB_P', 'EMB_P', 'EMB_P', 'EMB_P', 'EMB_P', 'EMB_P', 'EMB_P', 'EMB_P', 'EMB_P', 'EMB_P', 'EMB_P', 'EMB_P', 'EMB_P', 'EMB_P', 'EMB_P', 'EMB_P', 'EMB_P', 'EMB_P']"
25,external speakers,decent,laptop_quad_dev_23,external speakers were decent sounding until right one gave away and now is heavily distorted at even mid vol .,6.67,6.5,"['EMB_O', 'ASP_B', 'ASP_E', 'EMB_O', 'EMB_O', 'EMB_O', 'EMB_O', 'EMB_O', 'EMB_O', 'EMB_O', 'EMB_O', 'EMB_O', 'EMB_O', 'EMB_O', 'EMB_O', 'EMB_O', 'EMB_O', 'EMB_O', 'EMB_O', 'EMB_O', 'EMB_O', 'EMB_O', 'EMB_O', 'EMB_O', 'EMB_O', 'EMB_O', 'EMB_P', 'EMB_P', 'EMB_P', 'EMB_P', 'EMB_P', 'EMB_P', 'EMB_P', 'EMB_P', 'EMB_P', 'EMB_P', 'EMB_P', 'EMB_P', 'EMB_P', 'EMB_P', 'EMB_P', 'EMB_P', 'EMB_P', 'EMB_P', 'EMB_P', 'EMB_P', 'EMB_P', 'EMB_P', 'EMB_P', 'EMB_P', 'EMB_P', 'EMB_P', 'EMB_P', 'EMB_P', 'EMB_P', 'EMB_P', 'EMB_P', 'EMB_P', 'EMB_P', 'EMB_P', 'EMB_P', 'EMB_P', 'EMB_P', 'EMB_P', 'EMB_P', 'EMB_P', 'EMB_P', 'EMB_P', 'EMB_P', 'EMB_P', 'EMB_P', 'EMB_P', 'EMB_P', 'EMB_P', 'EMB_P', 'EMB_P', 'EMB_P', 'EMB_P', 'EMB_P', 'EMB_P', 'EMB_P', 'EMB_P', 'EMB_P', 'EMB_P', 'EMB_P', 'EMB_P', 'EMB_P', 'EMB_P', 'EMB_P', 'EMB_P', 'EMB_P', 'EMB_P', 'EMB_P', 'EMB_P', 'EMB_P', 'EMB_P', 'EMB_P', 'EMB_P', 'EMB_P', 'EMB_P', 'EMB_P', 'EMB_P', 'EMB_P', 'EMB_P', 'EMB_P', 'EMB_P', 'EMB_P', 'EMB_P', 'EMB_P', 'EMB_P', 'EMB_P', 'EMB_P', 'EMB_P', 'EMB_P', 'EMB_P', 'EMB_P', 'EMB_P', 'EMB_P', 'EMB_P', 'EMB_P', 'EMB_P', 'EMB_P', 'EMB_P', 'EMB_P', 'EMB_P', 'EMB_P', 'EMB_P', 'EMB_P']","['EMB_O', 'EMB_O', 'EMB_O', 'EMB_O', 'OPN_B', 'OPN_E', 'EMB_O', 'EMB_O', 'EMB_O', 'EMB_O', 'EMB_O', 'EMB_O', 'EMB_O', 'EMB_O', 'EMB_O', 'EMB_O', 'EMB_O', 'EMB_O', 'EMB_O', 'EMB_O', 'EMB_O', 'EMB_O', 'EMB_O', 'EMB_O', 'EMB_O', 'EMB_O', 'EMB_P', 'EMB_P', 'EMB_P', 'EMB_P', 'EMB_P', 'EMB_P', 'EMB_P', 'EMB_P', 'EMB_P', 'EMB_P', 'EMB_P', 'EMB_P', 'EMB_P', 'EMB_P', 'EMB_P', 'EMB_P', 'EMB_P', 'EMB_P', 'EMB_P', 'EMB_P', 'EMB_P', 'EMB_P', 'EMB_P', 'EMB_P', 'EMB_P', 'EMB_P', 'EMB_P', 'EMB_P', 'EMB_P', 'EMB_P', 'EMB_P', 'EMB_P', 'EMB_P', 'EMB_P', 'EMB_P', 'EMB_P', 'EMB_P', 'EMB_P', 'EMB_P', 'EMB_P', 'EMB_P', 'EMB_P', 'EMB_P', 'EMB_P', 'EMB_P', 'EMB_P', 'EMB_P', 'EMB_P', 'EMB_P', 'EMB_P', 'EMB_P', 'EMB_P', 'EMB_P', 'EMB_P', 'EMB_P', 'EMB_P', 'EMB_P', 'EMB_P', 'EMB_P', 'EMB_P', 'EMB_P', 'EMB_P', 'EMB_P', 'EMB_P', 'EMB_P', 'EMB_P', 'EMB_P', 'EMB_P', 'EMB_P', 'EMB_P', 'EMB_P', 'EMB_P', 'EMB_P', 'EMB_P', 'EMB_P', 'EMB_P', 'EMB_P', 'EMB_P', 'EMB_P', 'EMB_P', 'EMB_P', 'EMB_P', 'EMB_P', 'EMB_P', 'EMB_P', 'EMB_P', 'EMB_P', 'EMB_P', 'EMB_P', 'EMB_P', 'EMB_P', 'EMB_P', 'EMB_P', 'EMB_P', 'EMB_P', 'EMB_P', 'EMB_P', 'EMB_P', 'EMB_P', 'EMB_P', 'EMB_P', 'EMB_P']"
26,screen,good,laptop_quad_dev_24,screen is good .,6.62,6.62,"['EMB_O', 'ASP_S', 'EMB_O', 'EMB_O', 'EMB_O', 'EMB_O', 'EMB_P', 'EMB_P', 'EMB_P', 'EMB_P', 'EMB_P', 'EMB_P', 'EMB_P', 'EMB_P', 'EMB_P', 'EMB_P', 'EMB_P', 'EMB_P', 'EMB_P', 'EMB_P', 'EMB_P', 'EMB_P', 'EMB_P', 'EMB_P', 'EMB_P', 'EMB_P', 'EMB_P', 'EMB_P', 'EMB_P', 'EMB_P', 'EMB_P', 'EMB_P', 'EMB_P', 'EMB_P', 'EMB_P', 'EMB_P', 'EMB_P', 'EMB_P', 'EMB_P', 'EMB_P', 'EMB_P', 'EMB_P', 'EMB_P', 'EMB_P', 'EMB_P', 'EMB_P', 'EMB_P', 'EMB_P', 'EMB_P', 'EMB_P', 'EMB_P', 'EMB_P', 'EMB_P', 'EMB_P', 'EMB_P', 'EMB_P', 'EMB_P', 'EMB_P', 'EMB_P', 'EMB_P', 'EMB_P', 'EMB_P', 'EMB_P', 'EMB_P', 'EMB_P', 'EMB_P', 'EMB_P', 'EMB_P', 'EMB_P', 'EMB_P', 'EMB_P', 'EMB_P', 'EMB_P', 'EMB_P', 'EMB_P', 'EMB_P', 'EMB_P', 'EMB_P', 'EMB_P', 'EMB_P', 'EMB_P', 'EMB_P', 'EMB_P', 'EMB_P', 'EMB_P', 'EMB_P', 'EMB_P', 'EMB_P', 'EMB_P', 'EMB_P', 'EMB_P', 'EMB_P', 'EMB_P', 'EMB_P', 'EMB_P', 'EMB_P', 'EMB_P', 'EMB_P', 'EMB_P', 'EMB_P', 'EMB_P', 'EMB_P', 'EMB_P', 'EMB_P', 'EMB_P', 'EMB_P', 'EMB_P', 'EMB_P', 'EMB_P', 'EMB_P', 'EMB_P', 'EMB_P', 'EMB_P', 'EMB_P', 'EMB_P', 'EMB_P', 'EMB_P', 'EMB_P', 'EMB_P', 'EMB_P', 'EMB_P', 'EMB_P', 'EMB_P', 'EMB_P', 'EMB_P', 'EMB_P', 'EMB_P', 'EMB_P']","['EMB_O', 'EMB_O', 'EMB_O', 'OPN_S', 'EMB_O', 'EMB_O', 'EMB_P', 'EMB_P', 'EMB_P', 'EMB_P', 'EMB_P', 'EMB_P', 'EMB_P', 'EMB_P', 'EMB_P', 'EMB_P', 'EMB_P', 'EMB_P', 'EMB_P', 'EMB_P', 'EMB_P', 'EMB_P', 'EMB_P', 'EMB_P', 'EMB_P', 'EMB_P', 'EMB_P', 'EMB_P', 'EMB_P', 'EMB_P', 'EMB_P', 'EMB_P', 'EMB_P', 'EMB_P', 'EMB_P', 'EMB_P', 'EMB_P', 'EMB_P', 'EMB_P', 'EMB_P', 'EMB_P', 'EMB_P', 'EMB_P', 'EMB_P', 'EMB_P', 'EMB_P', 'EMB_P', 'EMB_P', 'EMB_P', 'EMB_P', 'EMB_P', 'EMB_P', 'EMB_P', 'EMB_P', 'EMB_P', 'EMB_P', 'EMB_P', 'EMB_P', 'EMB_P', 'EMB_P', 'EMB_P', 'EMB_P', 'EMB_P', 'EMB_P', 'EMB_P', 'EMB_P', 'EMB_P', 'EMB_P', 'EMB_P', 'EMB_P', 'EMB_P', 'EMB_P', 'EMB_P', 'EMB_P', 'EMB_P', 'EMB_P', 'EMB_P', 'EMB_P', 'EMB_P', 'EMB_P', 'EMB_P', 'EMB_P', 'EMB_P', 'EMB_P', 'EMB_P', 'EMB_P', 'EMB_P', 'EMB_P', 'EMB_P', 'EMB_P', 'EMB_P', 'EMB_P', 'EMB_P', 'EMB_P', 'EMB_P', 'EMB_P', 'EMB_P', 'EMB_P', 'EMB_P', 'EMB_P', 'EMB_P', 'EMB_P', 'EMB_P', 'EMB_P', 'EMB_P', 'EMB_P', 'EMB_P', 'EMB_P', 'EMB_P', 'EMB_P', 'EMB_P', 'EMB_P', 'EMB_P', 'EMB_P', 'EMB_P', 'EMB_P', 'EMB_P', 'EMB_P', 'EMB_P', 'EMB_P', 'EMB_P', 'EMB_P', 'EMB_P', 'EMB_P', 'EMB_P', 'EMB_P', 'EMB_P', 'EMB_P']"
27,keyboard,decent,laptop_quad_dev_25,keyboard is decent with good travel .,6.5,6.38,"['EMB_O', 'ASP_S', 'EMB_O', 'EMB_O', 'EMB_O', 'EMB_O', 'EMB_O', 'EMB_O', 'EMB_O', 'EMB_O', 'EMB_P', 'EMB_P', 'EMB_P', 'EMB_P', 'EMB_P', 'EMB_P', 'EMB_P', 'EMB_P', 'EMB_P', 'EMB_P', 'EMB_P', 'EMB_P', 'EMB_P', 'EMB_P', 'EMB_P', 'EMB_P', 'EMB_P', 'EMB_P', 'EMB_P', 'EMB_P', 'EMB_P', 'EMB_P', 'EMB_P', 'EMB_P', 'EMB_P', 'EMB_P', 'EMB_P', 'EMB_P', 'EMB_P', 'EMB_P', 'EMB_P', 'EMB_P', 'EMB_P', 'EMB_P', 'EMB_P', 'EMB_P', 'EMB_P', 'EMB_P', 'EMB_P', 'EMB_P', 'EMB_P', 'EMB_P', 'EMB_P', 'EMB_P', 'EMB_P', 'EMB_P', 'EMB_P', 'EMB_P', 'EMB_P', 'EMB_P', 'EMB_P', 'EMB_P', 'EMB_P', 'EMB_P', 'EMB_P', 'EMB_P', 'EMB_P', 'EMB_P', 'EMB_P', 'EMB_P', 'EMB_P', 'EMB_P', 'EMB_P', 'EMB_P', 'EMB_P', 'EMB_P', 'EMB_P', 'EMB_P', 'EMB_P', 'EMB_P', 'EMB_P', 'EMB_P', 'EMB_P', 'EMB_P', 'EMB_P', 'EMB_P', 'EMB_P', 'EMB_P', 'EMB_P', 'EMB_P', 'EMB_P', 'EMB_P', 'EMB_P', 'EMB_P', 'EMB_P', 'EMB_P', 'EMB_P', 'EMB_P', 'EMB_P', 'EMB_P', 'EMB_P', 'EMB_P', 'EMB_P', 'EMB_P', 'EMB_P', 'EMB_P', 'EMB_P', 'EMB_P', 'EMB_P', 'EMB_P', 'EMB_P', 'EMB_P', 'EMB_P', 'EMB_P', 'EMB_P', 'EMB_P', 'EMB_P', 'EMB_P', 'EMB_P', 'EMB_P', 'EMB_P', 'EMB_P', 'EMB_P', 'EMB_P', 'EMB_P', 'EMB_P', 'EMB_P', 'EMB_P']","['EMB_O', 'EMB_O', 'EMB_O', 'OPN_B', 'OPN_E', 'EMB_O', 'EMB_O', 'EMB_O', 'EMB_O', 'EMB_O', 'EMB_P', 'EMB_P', 'EMB_P', 'EMB_P', 'EMB_P', 'EMB_P', 'EMB_P', 'EMB_P', 'EMB_P', 'EMB_P', 'EMB_P', 'EMB_P', 'EMB_P', 'EMB_P', 'EMB_P', 'EMB_P', 'EMB_P', 'EMB_P', 'EMB_P', 'EMB_P', 'EMB_P', 'EMB_P', 'EMB_P', 'EMB_P', 'EMB_P', 'EMB_P', 'EMB_P', 'EMB_P', 'EMB_P', 'EMB_P', 'EMB_P', 'EMB_P', 'EMB_P', 'EMB_P', 'EMB_P', 'EMB_P', 'EMB_P', 'EMB_P', 'EMB_P', 'EMB_P', 'EMB_P', 'EMB_P', 'EMB_P', 'EMB_P', 'EMB_P', 'EMB_P', 'EMB_P', 'EMB_P', 'EMB_P', 'EMB_P', 'EMB_P', 'EMB_P', 'EMB_P', 'EMB_P', 'EMB_P', 'EMB_P', 'EMB_P', 'EMB_P', 'EMB_P', 'EMB_P', 'EMB_P', 'EMB_P', 'EMB_P', 'EMB_P', 'EMB_P', 'EMB_P', 'EMB_P', 'EMB_P', 'EMB_P', 'EMB_P', 'EMB_P', 'EMB_P', 'EMB_P', 'EMB_P', 'EMB_P', 'EMB_P', 'EMB_P', 'EMB_P', 'EMB_P', 'EMB_P', 'EMB_P', 'EMB_P', 'EMB_P', 'EMB_P', 'EMB_P', 'EMB_P', 'EMB_P', 'EMB_P', 'EMB_P', 'EMB_P', 'EMB_P', 'EMB_P', 'EMB_P', 'EMB_P', 'EMB_P', 'EMB_P', 'EMB_P', 'EMB_P', 'EMB_P', 'EMB_P', 'EMB_P', 'EMB_P', 'EMB_P', 'EMB_P', 'EMB_P', 'EMB_P', 'EMB_P', 'EMB_P', 'EMB_P', 'EMB_P', 'EMB_P', 'EMB_P', 'EMB_P', 'EMB_P', 'EMB_P', 'EMB_P', 'EMB_P', 'EMB_P']"
28,screen,amazing,laptop_quad_dev_26,screen is amazing,7.88,8.0,"['EMB_O', 'ASP_S', 'EMB_O', 'EMB_O', 'EMB_O', 'EMB_O', 'EMB_P', 'EMB_P', 'EMB_P', 'EMB_P', 'EMB_P', 'EMB_P', 'EMB_P', 'EMB_P', 'EMB_P', 'EMB_P', 'EMB_P', 'EMB_P', 'EMB_P', 'EMB_P', 'EMB_P', 'EMB_P', 'EMB_P', 'EMB_P', 'EMB_P', 'EMB_P', 'EMB_P', 'EMB_P', 'EMB_P', 'EMB_P', 'EMB_P', 'EMB_P', 'EMB_P', 'EMB_P', 'EMB_P', 'EMB_P', 'EMB_P', 'EMB_P', 'EMB_P', 'EMB_P', 'EMB_P', 'EMB_P', 'EMB_P', 'EMB_P', 'EMB_P', 'EMB_P', 'EMB_P', 'EMB_P', 'EMB_P', 'EMB_P', 'EMB_P', 'EMB_P', 'EMB_P', 'EMB_P', 'EMB_P', 'EMB_P', 'EMB_P', 'EMB_P', 'EMB_P', 'EMB_P', 'EMB_P', 'EMB_P', 'EMB_P', 'EMB_P', 'EMB_P', 'EMB_P', 'EMB_P', 'EMB_P', 'EMB_P', 'EMB_P', 'EMB_P', 'EMB_P', 'EMB_P', 'EMB_P', 'EMB_P', 'EMB_P', 'EMB_P', 'EMB_P', 'EMB_P', 'EMB_P', 'EMB_P', 'EMB_P', 'EMB_P', 'EMB_P', 'EMB_P', 'EMB_P', 'EMB_P', 'EMB_P', 'EMB_P', 'EMB_P', 'EMB_P', 'EMB_P', 'EMB_P', 'EMB_P', 'EMB_P', 'EMB_P', 'EMB_P', 'EMB_P', 'EMB_P', 'EMB_P', 'EMB_P', 'EMB_P', 'EMB_P', 'EMB_P', 'EMB_P', 'EMB_P', 'EMB_P', 'EMB_P', 'EMB_P', 'EMB_P', 'EMB_P', 'EMB_P', 'EMB_P', 'EMB_P', 'EMB_P', 'EMB_P', 'EMB_P', 'EMB_P', 'EMB_P', 'EMB_P', 'EMB_P', 'EMB_P', 'EMB_P', 'EMB_P', 'EMB_P', 'EMB_P', 'EMB_P', 'EMB_P']","['EMB_O', 'EMB_O', 'EMB_O', 'OPN_B', 'OPN_E', 'EMB_O', 'EMB_P', 'EMB_P', 'EMB_P', 'EMB_P', 'EMB_P', 'EMB_P', 'EMB_P', 'EMB_P', 'EMB_P', 'EMB_P', 'EMB_P', 'EMB_P', 'EMB_P', 'EMB_P', 'EMB_P', 'EMB_P', 'EMB_P', 'EMB_P', 'EMB_P', 'EMB_P', 'EMB_P', 'EMB_P', 'EMB_P', 'EMB_P', 'EMB_P', 'EMB_P', 'EMB_P', 'EMB_P', 'EMB_P', 'EMB_P', 'EMB_P', 'EMB_P', 'EMB_P', 'EMB_P', 'EMB_P', 'EMB_P', 'EMB_P', 'EMB_P', 'EMB_P', 'EMB_P', 'EMB_P', 'EMB_P', 'EMB_P', 'EMB_P', 'EMB_P', 'EMB_P', 'EMB_P', 'EMB_P', 'EMB_P', 'EMB_P', 'EMB_P', 'EMB_P', 'EMB_P', 'EMB_P', 'EMB_P', 'EMB_P', 'EMB_P', 'EMB_P', 'EMB_P', 'EMB_P', 'EMB_P', 'EMB_P', 'EMB_P', 'EMB_P', 'EMB_P', 'EMB_P', 'EMB_P', 'EMB_P', 'EMB_P', 'EMB_P', 'EMB_P', 'EMB_P', 'EMB_P', 'EMB_P', 'EMB_P', 'EMB_P', 'EMB_P', 'EMB_P', 'EMB_P', 'EMB_P', 'EMB_P', 'EMB_P', 'EMB_P', 'EMB_P', 'EMB_P', 'EMB_P', 'EMB_P', 'EMB_P', 'EMB_P', 'EMB_P', 'EMB_P', 'EMB_P', 'EMB_P', 'EMB_P', 'EMB_P', 'EMB_P', 'EMB_P', 'EMB_P', 'EMB_P', 'EMB_P', 'EMB_P', 'EMB_P', 'EMB_P', 'EMB_P', 'EMB_P', 'EMB_P', 'EMB_P', 'EMB_P', 'EMB_P', 'EMB_P', 'EMB_P', 'EMB_P', 'EMB_P', 'EMB_P', 'EMB_P', 'EMB_P', 'EMB_P', 'EMB_P', 'EMB_P', 'EMB_P', 'EMB_P', 'EMB_P']"
29,bezels,thin,laptop_quad_dev_27,thin bezels allow for a compact frame,7.0,6.8,"['EMB_O', 'EMB_O', 'ASP_B', 'ASP_E', 'EMB_O', 'EMB_O', 'EMB_O', 'EMB_O', 'EMB_O', 'EMB_O', 'EMB_P', 'EMB_P', 'EMB_P', 'EMB_P', 'EMB_P', 'EMB_P', 'EMB_P', 'EMB_P', 'EMB_P', 'EMB_P', 'EMB_P', 'EMB_P', 'EMB_P', 'EMB_P', 'EMB_P', 'EMB_P', 'EMB_P', 'EMB_P', 'EMB_P', 'EMB_P', 'EMB_P', 'EMB_P', 'EMB_P', 'EMB_P', 'EMB_P', 'EMB_P', 'EMB_P', 'EMB_P', 'EMB_P', 'EMB_P', 'EMB_P', 'EMB_P', 'EMB_P', 'EMB_P', 'EMB_P', 'EMB_P', 'EMB_P', 'EMB_P', 'EMB_P', 'EMB_P', 'EMB_P', 'EMB_P', 'EMB_P', 'EMB_P', 'EMB_P', 'EMB_P', 'EMB_P', 'EMB_P', 'EMB_P', 'EMB_P', 'EMB_P', 'EMB_P', 'EMB_P', 'EMB_P', 'EMB_P', 'EMB_P', 'EMB_P', 'EMB_P', 'EMB_P', 'EMB_P', 'EMB_P', 'EMB_P', 'EMB_P', 'EMB_P', 'EMB_P', 'EMB_P', 'EMB_P', 'EMB_P', 'EMB_P', 'EMB_P', 'EMB_P', 'EMB_P', 'EMB_P', 'EMB_P', 'EMB_P', 'EMB_P', 'EMB_P', 'EMB_P', 'EMB_P', 'EMB_P', 'EMB_P', 'EMB_P', 'EMB_P', 'EMB_P', 'EMB_P', 'EMB_P', 'EMB_P', 'EMB_P', 'EMB_P', 'EMB_P', 'EMB_P', 'EMB_P', 'EMB_P', 'EMB_P', 'EMB_P', 'EMB_P', 'EMB_P', 'EMB_P', 'EMB_P', 'EMB_P', 'EMB_P', 'EMB_P', 'EMB_P', 'EMB_P', 'EMB_P', 'EMB_P', 'EMB_P', 'EMB_P', 'EMB_P', 'EMB_P', 'EMB_P', 'EMB_P', 'EMB_P', 'EMB_P', 'EMB_P', 'EMB_P', 'EMB_P', 'EMB_P']","['EMB_O', 'OPN_S', 'EMB_O', 'EMB_O', 'EMB_O', 'EMB_O', 'EMB_O', 'EMB_O', 'EMB_O', 'EMB_O', 'EMB_P', 'EMB_P', 'EMB_P', 'EMB_P', 'EMB_P', 'EMB_P', 'EMB_P', 'EMB_P', 'EMB_P', 'EMB_P', 'EMB_P', 'EMB_P', 'EMB_P', 'EMB_P', 'EMB_P', 'EMB_P', 'EMB_P', 'EMB_P', 'EMB_P', 'EMB_P', 'EMB_P', 'EMB_P', 'EMB_P', 'EMB_P', 'EMB_P', 'EMB_P', 'EMB_P', 'EMB_P', 'EMB_P', 'EMB_P', 'EMB_P', 'EMB_P', 'EMB_P', 'EMB_P', 'EMB_P', 'EMB_P', 'EMB_P', 'EMB_P', 'EMB_P', 'EMB_P', 'EMB_P', 'EMB_P', 'EMB_P', 'EMB_P', 'EMB_P', 'EMB_P', 'EMB_P', 'EMB_P', 'EMB_P', 'EMB_P', 'EMB_P', 'EMB_P', 'EMB_P', 'EMB_P', 'EMB_P', 'EMB_P', 'EMB_P', 'EMB_P', 'EMB_P', 'EMB_P', 'EMB_P', 'EMB_P', 'EMB_P', 'EMB_P', 'EMB_P', 'EMB_P', 'EMB_P', 'EMB_P', 'EMB_P', 'EMB_P', 'EMB_P', 'EMB_P', 'EMB_P', 'EMB_P', 'EMB_P', 'EMB_P', 'EMB_P', 'EMB_P', 'EMB_P', 'EMB_P', 'EMB_P', 'EMB_P', 'EMB_P', 'EMB_P', 'EMB_P', 'EMB_P', 'EMB_P', 'EMB_P', 'EMB_P', 'EMB_P', 'EMB_P', 'EMB_P', 'EMB_P', 'EMB_P', 'EMB_P', 'EMB_P', 'EMB_P', 'EMB_P', 'EMB_P', 'EMB_P', 'EMB_P', 'EMB_P', 'EMB_P', 'EMB_P', 'EMB_P', 'EMB_P', 'EMB_P', 'EMB_P', 'EMB_P', 'EMB_P', 'EMB_P', 'EMB_P', 'EMB_P', 'EMB_P', 'EMB_P', 'EMB_P', 'EMB_P', 'EMB_P']"
30,system,good,laptop_quad_dev_28,overall this is a good system for the price and i do recommend the ssd for the price .,6.5,6.75,"['EMB_O', 'EMB_O', 'EMB_O', 'EMB_O', 'EMB_O', 'EMB_O', 'ASP_S', 'EMB_O', 'EMB_O', 'EMB_O', 'EMB_O', 'EMB_O', 'EMB_O', 'EMB_O', 'EMB_O', 'EMB_O', 'EMB_O', 'EMB_O', 'EMB_O', 'EMB_O', 'EMB_O', 'EMB_O', 'EMB_O', 'EMB_O', 'EMB_P', 'EMB_P', 'EMB_P', 'EMB_P', 'EMB_P', 'EMB_P', 'EMB_P', 'EMB_P', 'EMB_P', 'EMB_P', 'EMB_P', 'EMB_P', 'EMB_P', 'EMB_P', 'EMB_P', 'EMB_P', 'EMB_P', 'EMB_P', 'EMB_P', 'EMB_P', 'EMB_P', 'EMB_P', 'EMB_P', 'EMB_P', 'EMB_P', 'EMB_P', 'EMB_P', 'EMB_P', 'EMB_P', 'EMB_P', 'EMB_P', 'EMB_P', 'EMB_P', 'EMB_P', 'EMB_P', 'EMB_P', 'EMB_P', 'EMB_P', 'EMB_P', 'EMB_P', 'EMB_P', 'EMB_P', 'EMB_P', 'EMB_P', 'EMB_P', 'EMB_P', 'EMB_P', 'EMB_P', 'EMB_P', 'EMB_P', 'EMB_P', 'EMB_P', 'EMB_P', 'EMB_P', 'EMB_P', 'EMB_P', 'EMB_P', 'EMB_P', 'EMB_P', 'EMB_P', 'EMB_P', 'EMB_P', 'EMB_P', 'EMB_P', 'EMB_P', 'EMB_P', 'EMB_P', 'EMB_P', 'EMB_P', 'EMB_P', 'EMB_P', 'EMB_P', 'EMB_P', 'EMB_P', 'EMB_P', 'EMB_P', 'EMB_P', 'EMB_P', 'EMB_P', 'EMB_P', 'EMB_P', 'EMB_P', 'EMB_P', 'EMB_P', 'EMB_P', 'EMB_P', 'EMB_P', 'EMB_P', 'EMB_P', 'EMB_P', 'EMB_P', 'EMB_P', 'EMB_P', 'EMB_P', 'EMB_P', 'EMB_P', 'EMB_P', 'EMB_P', 'EMB_P', 'EMB_P', 'EMB_P', 'EMB_P', 'EMB_P', 'EMB_P']","['EMB_O', 'EMB_O', 'EMB_O', 'EMB_O', 'EMB_O', 'OPN_S', 'EMB_O', 'EMB_O', 'EMB_O', 'EMB_O', 'EMB_O', 'EMB_O', 'EMB_O', 'EMB_O', 'EMB_O', 'EMB_O', 'EMB_O', 'EMB_O', 'EMB_O', 'EMB_O', 'EMB_O', 'EMB_O', 'EMB_O', 'EMB_O', 'EMB_P', 'EMB_P', 'EMB_P', 'EMB_P', 'EMB_P', 'EMB_P', 'EMB_P', 'EMB_P', 'EMB_P', 'EMB_P', 'EMB_P', 'EMB_P', 'EMB_P', 'EMB_P', 'EMB_P', 'EMB_P', 'EMB_P', 'EMB_P', 'EMB_P', 'EMB_P', 'EMB_P', 'EMB_P', 'EMB_P', 'EMB_P', 'EMB_P', 'EMB_P', 'EMB_P', 'EMB_P', 'EMB_P', 'EMB_P', 'EMB_P', 'EMB_P', 'EMB_P', 'EMB_P', 'EMB_P', 'EMB_P', 'EMB_P', 'EMB_P', 'EMB_P', 'EMB_P', 'EMB_P', 'EMB_P', 'EMB_P', 'EMB_P', 'EMB_P', 'EMB_P', 'EMB_P', 'EMB_P', 'EMB_P', 'EMB_P', 'EMB_P', 'EMB_P', 'EMB_P', 'EMB_P', 'EMB_P', 'EMB_P', 'EMB_P', 'EMB_P', 'EMB_P', 'EMB_P', 'EMB_P', 'EMB_P', 'EMB_P', 'EMB_P', 'EMB_P', 'EMB_P', 'EMB_P', 'EMB_P', 'EMB_P', 'EMB_P', 'EMB_P', 'EMB_P', 'EMB_P', 'EMB_P', 'EMB_P', 'EMB_P', 'EMB_P', 'EMB_P', 'EMB_P', 'EMB_P', 'EMB_P', 'EMB_P', 'EMB_P', 'EMB_P', 'EMB_P', 'EMB_P', 'EMB_P', 'EMB_P', 'EMB_P', 'EMB_P', 'EMB_P', 'EMB_P', 'EMB_P', 'EMB_P', 'EMB_P', 'EMB_P', 'EMB_P', 'EMB_P', 'EMB_P', 'EMB_P', 'EMB_P', 'EMB_P', 'EMB_P', 'EMB_P']"
31,ssd,recommend,laptop_quad_dev_28,overall this is a good system for the price and i do recommend the ssd for the price .,7.0,7.25,"['EMB_O', 'EMB_O', 'EMB_O', 'EMB_O', 'EMB_O', 'EMB_O', 'EMB_O', 'EMB_O', 'EMB_O', 'EMB_O', 'EMB_O', 'EMB_O', 'EMB_O', 'EMB_O', 'EMB_O', 'EMB_O', 'EMB_O', 'ASP_B', 'ASP_E', 'EMB_O', 'EMB_O', 'EMB_O', 'EMB_O', 'EMB_O', 'EMB_P', 'EMB_P', 'EMB_P', 'EMB_P', 'EMB_P', 'EMB_P', 'EMB_P', 'EMB_P', 'EMB_P', 'EMB_P', 'EMB_P', 'EMB_P', 'EMB_P', 'EMB_P', 'EMB_P', 'EMB_P', 'EMB_P', 'EMB_P', 'EMB_P', 'EMB_P', 'EMB_P', 'EMB_P', 'EMB_P', 'EMB_P', 'EMB_P', 'EMB_P', 'EMB_P', 'EMB_P', 'EMB_P', 'EMB_P', 'EMB_P', 'EMB_P', 'EMB_P', 'EMB_P', 'EMB_P', 'EMB_P', 'EMB_P', 'EMB_P', 'EMB_P', 'EMB_P', 'EMB_P', 'EMB_P', 'EMB_P', 'EMB_P', 'EMB_P', 'EMB_P', 'EMB_P', 'EMB_P', 'EMB_P', 'EMB_P', 'EMB_P', 'EMB_P', 'EMB_P', 'EMB_P', 'EMB_P', 'EMB_P', 'EMB_P', 'EMB_P', 'EMB_P', 'EMB_P', 'EMB_P', 'EMB_P', 'EMB_P', 'EMB_P', 'EMB_P', 'EMB_P', 'EMB_P', 'EMB_P', 'EMB_P', 'EMB_P', 'EMB_P', 'EMB_P', 'EMB_P', 'EMB_P', 'EMB_P', 'EMB_P', 'EMB_P', 'EMB_P', 'EMB_P', 'EMB_P', 'EMB_P', 'EMB_P', 'EMB_P', 'EMB_P', 'EMB_P', 'EMB_P', 'EMB_P', 'EMB_P', 'EMB_P', 'EMB_P', 'EMB_P', 'EMB_P', 'EMB_P', 'EMB_P', 'EMB_P', 'EMB_P', 'EMB_P', 'EMB_P', 'EMB_P', 'EMB_P', 'EMB_P', 'EMB_P', 'EMB_P', 'EMB_P']","['EMB_O', 'EMB_O', 'EMB_O', 'EMB_O', 'EMB_O', 'EMB_O', 'EMB_O', 'EMB_O', 'EMB_O', 'EMB_O', 'EMB_O', 'EMB_O', 'EMB_O', 'OPN_B', 'OPN_I', 'OPN_E', 'EMB_O', 'EMB_O', 'EMB_O', 'EMB_O', 'EMB_O', 'EMB_O', 'EMB_O', 'EMB_O', 'EMB_P', 'EMB_P', 'EMB_P', 'EMB_P', 'EMB_P', 'EMB_P', 'EMB_P', 'EMB_P', 'EMB_P', 'EMB_P', 'EMB_P', 'EMB_P', 'EMB_P', 'EMB_P', 'EMB_P', 'EMB_P', 'EMB_P', 'EMB_P', 'EMB_P', 'EMB_P', 'EMB_P', 'EMB_P', 'EMB_P', 'EMB_P', 'EMB_P', 'EMB_P', 'EMB_P', 'EMB_P', 'EMB_P', 'EMB_P', 'EMB_P', 'EMB_P', 'EMB_P', 'EMB_P', 'EMB_P', 'EMB_P', 'EMB_P', 'EMB_P', 'EMB_P', 'EMB_P', 'EMB_P', 'EMB_P', 'EMB_P', 'EMB_P', 'EMB_P', 'EMB_P', 'EMB_P', 'EMB_P', 'EMB_P', 'EMB_P', 'EMB_P', 'EMB_P', 'EMB_P', 'EMB_P', 'EMB_P', 'EMB_P', 'EMB_P', 'EMB_P', 'EMB_P', 'EMB_P', 'EMB_P', 'EMB_P', 'EMB_P', 'EMB_P', 'EMB_P', 'EMB_P', 'EMB_P', 'EMB_P', 'EMB_P', 'EMB_P', 'EMB_P', 'EMB_P', 'EMB_P', 'EMB_P', 'EMB_P', 'EMB_P', 'EMB_P', 'EMB_P', 'EMB_P', 'EMB_P', 'EMB_P', 'EMB_P', 'EMB_P', 'EMB_P', 'EMB_P', 'EMB_P', 'EMB_P', 'EMB_P', 'EMB_P', 'EMB_P', 'EMB_P', 'EMB_P', 'EMB_P', 'EMB_P', 'EMB_P', 'EMB_P', 'EMB_P', 'EMB_P', 'EMB_P', 'EMB_P', 'EMB_P', 'EMB_P', 'EMB_P', 'EMB_P']"
32,fan,concerns,laptop_quad_dev_29,"but my main concerns for everyone is the heat and fan noises , both are very apparent and if you have this on your lap you better have a laptop tray or keep it on a desk .",2.8,5.6,"['EMB_O', 'EMB_O', 'EMB_O', 'EMB_O', 'EMB_O', 'EMB_O', 'EMB_O', 'EMB_O', 'EMB_O', 'EMB_O', 'EMB_O', 'ASP_S', 'EMB_O', 'EMB_O', 'EMB_O', 'EMB_O', 'EMB_O', 'EMB_O', 'EMB_O', 'EMB_O', 'EMB_O', 'EMB_O', 'EMB_O', 'EMB_O', 'EMB_O', 'EMB_O', 'EMB_O', 'EMB_O', 'EMB_O', 'EMB_O', 'EMB_O', 'EMB_O', 'EMB_O', 'EMB_O', 'EMB_O', 'EMB_O', 'EMB_O', 'EMB_O', 'EMB_O', 'EMB_O', 'EMB_O', 'EMB_O', 'EMB_O', 'EMB_O', 'EMB_P', 'EMB_P', 'EMB_P', 'EMB_P', 'EMB_P', 'EMB_P', 'EMB_P', 'EMB_P', 'EMB_P', 'EMB_P', 'EMB_P', 'EMB_P', 'EMB_P', 'EMB_P', 'EMB_P', 'EMB_P', 'EMB_P', 'EMB_P', 'EMB_P', 'EMB_P', 'EMB_P', 'EMB_P', 'EMB_P', 'EMB_P', 'EMB_P', 'EMB_P', 'EMB_P', 'EMB_P', 'EMB_P', 'EMB_P', 'EMB_P', 'EMB_P', 'EMB_P', 'EMB_P', 'EMB_P', 'EMB_P', 'EMB_P', 'EMB_P', 'EMB_P', 'EMB_P', 'EMB_P', 'EMB_P', 'EMB_P', 'EMB_P', 'EMB_P', 'EMB_P', 'EMB_P', 'EMB_P', 'EMB_P', 'EMB_P', 'EMB_P', 'EMB_P', 'EMB_P', 'EMB_P', 'EMB_P', 'EMB_P', 'EMB_P', 'EMB_P', 'EMB_P', 'EMB_P', 'EMB_P', 'EMB_P', 'EMB_P', 'EMB_P', 'EMB_P', 'EMB_P', 'EMB_P', 'EMB_P', 'EMB_P', 'EMB_P', 'EMB_P', 'EMB_P', 'EMB_P', 'EMB_P', 'EMB_P', 'EMB_P', 'EMB_P', 'EMB_P', 'EMB_P', 'EMB_P', 'EMB_P', 'EMB_P', 'EMB_P', 'EMB_P']","['EMB_O', 'EMB_O', 'EMB_O', 'EMB_O', 'OPN_S', 'EMB_O', 'EMB_O', 'EMB_O', 'EMB_O', 'EMB_O', 'EMB_O', 'EMB_O', 'EMB_O', 'EMB_O', 'EMB_O', 'EMB_O', 'EMB_O', 'EMB_O', 'EMB_O', 'EMB_O', 'EMB_O', 'EMB_O', 'EMB_O', 'EMB_O', 'EMB_O', 'EMB_O', 'EMB_O', 'EMB_O', 'EMB_O', 'EMB_O', 'EMB_O', 'EMB_O', 'EMB_O', 'EMB_O', 'EMB_O', 'EMB_O', 'EMB_O', 'EMB_O', 'EMB_O', 'EMB_O', 'EMB_O', 'EMB_O', 'EMB_O', 'EMB_O', 'EMB_P', 'EMB_P', 'EMB_P', 'EMB_P', 'EMB_P', 'EMB_P', 'EMB_P', 'EMB_P', 'EMB_P', 'EMB_P', 'EMB_P', 'EMB_P', 'EMB_P', 'EMB_P', 'EMB_P', 'EMB_P', 'EMB_P', 'EMB_P', 'EMB_P', 'EMB_P', 'EMB_P', 'EMB_P', 'EMB_P', 'EMB_P', 'EMB_P', 'EMB_P', 'EMB_P', 'EMB_P', 'EMB_P', 'EMB_P', 'EMB_P', 'EMB_P', 'EMB_P', 'EMB_P', 'EMB_P', 'EMB_P', 'EMB_P', 'EMB_P', 'EMB_P', 'EMB_P', 'EMB_P', 'EMB_P', 'EMB_P', 'EMB_P', 'EMB_P', 'EMB_P', 'EMB_P', 'EMB_P', 'EMB_P', 'EMB_P', 'EMB_P', 'EMB_P', 'EMB_P', 'EMB_P', 'EMB_P', 'EMB_P', 'EMB_P', 'EMB_P', 'EMB_P', 'EMB_P', 'EMB_P', 'EMB_P', 'EMB_P', 'EMB_P', 'EMB_P', 'EMB_P', 'EMB_P', 'EMB_P', 'EMB_P', 'EMB_P', 'EMB_P', 'EMB_P', 'EMB_P', 'EMB_P', 'EMB_P', 'EMB_P', 'EMB_P', 'EMB_P', 'EMB_P', 'EMB_P', 'EMB_P', 'EMB_P', 'EMB_P', 'EMB_P']"
33,asus,always loved,laptop_quad_dev_30,always loved asus and they build amazing machines .,7.38,7.25,"['EMB_O', 'EMB_O', 'EMB_O', 'ASP_S', 'EMB_O', 'EMB_O', 'EMB_O', 'EMB_O', 'EMB_O', 'EMB_O', 'EMB_O', 'EMB_O', 'EMB_P', 'EMB_P', 'EMB_P', 'EMB_P', 'EMB_P', 'EMB_P', 'EMB_P', 'EMB_P', 'EMB_P', 'EMB_P', 'EMB_P', 'EMB_P', 'EMB_P', 'EMB_P', 'EMB_P', 'EMB_P', 'EMB_P', 'EMB_P', 'EMB_P', 'EMB_P', 'EMB_P', 'EMB_P', 'EMB_P', 'EMB_P', 'EMB_P', 'EMB_P', 'EMB_P', 'EMB_P', 'EMB_P', 'EMB_P', 'EMB_P', 'EMB_P', 'EMB_P', 'EMB_P', 'EMB_P', 'EMB_P', 'EMB_P', 'EMB_P', 'EMB_P', 'EMB_P', 'EMB_P', 'EMB_P', 'EMB_P', 'EMB_P', 'EMB_P', 'EMB_P', 'EMB_P', 'EMB_P', 'EMB_P', 'EMB_P', 'EMB_P', 'EMB_P', 'EMB_P', 'EMB_P', 'EMB_P', 'EMB_P', 'EMB_P', 'EMB_P', 'EMB_P', 'EMB_P', 'EMB_P', 'EMB_P', 'EMB_P', 'EMB_P', 'EMB_P', 'EMB_P', 'EMB_P', 'EMB_P', 'EMB_P', 'EMB_P', 'EMB_P', 'EMB_P', 'EMB_P', 'EMB_P', 'EMB_P', 'EMB_P', 'EMB_P', 'EMB_P', 'EMB_P', 'EMB_P', 'EMB_P', 'EMB_P', 'EMB_P', 'EMB_P', 'EMB_P', 'EMB_P', 'EMB_P', 'EMB_P', 'EMB_P', 'EMB_P', 'EMB_P', 'EMB_P', 'EMB_P', 'EMB_P', 'EMB_P', 'EMB_P', 'EMB_P', 'EMB_P', 'EMB_P', 'EMB_P', 'EMB_P', 'EMB_P', 'EMB_P', 'EMB_P', 'EMB_P', 'EMB_P', 'EMB_P', 'EMB_P', 'EMB_P', 'EMB_P', 'EMB_P', 'EMB_P', 'EMB_P', 'EMB_P', 'EMB_P', 'EMB_P']","['EMB_O', 'OPN_B', 'OPN_E', 'EMB_O', 'EMB_O', 'EMB_O', 'EMB_O', 'EMB_O', 'EMB_O', 'EMB_O', 'EMB_O', 'EMB_O', 'EMB_P', 'EMB_P', 'EMB_P', 'EMB_P', 'EMB_P', 'EMB_P', 'EMB_P', 'EMB_P', 'EMB_P', 'EMB_P', 'EMB_P', 'EMB_P', 'EMB_P', 'EMB_P', 'EMB_P', 'EMB_P', 'EMB_P', 'EMB_P', 'EMB_P', 'EMB_P', 'EMB_P', 'EMB_P', 'EMB_P', 'EMB_P', 'EMB_P', 'EMB_P', 'EMB_P', 'EMB_P', 'EMB_P', 'EMB_P', 'EMB_P', 'EMB_P', 'EMB_P', 'EMB_P', 'EMB_P', 'EMB_P', 'EMB_P', 'EMB_P', 'EMB_P', 'EMB_P', 'EMB_P', 'EMB_P', 'EMB_P', 'EMB_P', 'EMB_P', 'EMB_P', 'EMB_P', 'EMB_P', 'EMB_P', 'EMB_P', 'EMB_P', 'EMB_P', 'EMB_P', 'EMB_P', 'EMB_P', 'EMB_P', 'EMB_P', 'EMB_P', 'EMB_P', 'EMB_P', 'EMB_P', 'EMB_P', 'EMB_P', 'EMB_P', 'EMB_P', 'EMB_P', 'EMB_P', 'EMB_P', 'EMB_P', 'EMB_P', 'EMB_P', 'EMB_P', 'EMB_P', 'EMB_P', 'EMB_P', 'EMB_P', 'EMB_P', 'EMB_P', 'EMB_P', 'EMB_P', 'EMB_P', 'EMB_P', 'EMB_P', 'EMB_P', 'EMB_P', 'EMB_P', 'EMB_P', 'EMB_P', 'EMB_P', 'EMB_P', 'EMB_P', 'EMB_P', 'EMB_P', 'EMB_P', 'EMB_P', 'EMB_P', 'EMB_P', 'EMB_P', 'EMB_P', 'EMB_P', 'EMB_P', 'EMB_P', 'EMB_P', 'EMB_P', 'EMB_P', 'EMB_P', 'EMB_P', 'EMB_P', 'EMB_P', 'EMB_P', 'EMB_P', 'EMB_P', 'EMB_P', 'EMB_P', 'EMB_P', 'EMB_P']"
34,machines,amazing,laptop_quad_dev_30,always loved asus and they build amazing machines .,8.12,7.75,"['EMB_O', 'EMB_O', 'EMB_O', 'EMB_O', 'EMB_O', 'EMB_O', 'EMB_O', 'EMB_O', 'EMB_O', 'ASP_S', 'EMB_O', 'EMB_O', 'EMB_P', 'EMB_P', 'EMB_P', 'EMB_P', 'EMB_P', 'EMB_P', 'EMB_P', 'EMB_P', 'EMB_P', 'EMB_P', 'EMB_P', 'EMB_P', 'EMB_P', 'EMB_P', 'EMB_P', 'EMB_P', 'EMB_P', 'EMB_P', 'EMB_P', 'EMB_P', 'EMB_P', 'EMB_P', 'EMB_P', 'EMB_P', 'EMB_P', 'EMB_P', 'EMB_P', 'EMB_P', 'EMB_P', 'EMB_P', 'EMB_P', 'EMB_P', 'EMB_P', 'EMB_P', 'EMB_P', 'EMB_P', 'EMB_P', 'EMB_P', 'EMB_P', 'EMB_P', 'EMB_P', 'EMB_P', 'EMB_P', 'EMB_P', 'EMB_P', 'EMB_P', 'EMB_P', 'EMB_P', 'EMB_P', 'EMB_P', 'EMB_P', 'EMB_P', 'EMB_P', 'EMB_P', 'EMB_P', 'EMB_P', 'EMB_P', 'EMB_P', 'EMB_P', 'EMB_P', 'EMB_P', 'EMB_P', 'EMB_P', 'EMB_P', 'EMB_P', 'EMB_P', 'EMB_P', 'EMB_P', 'EMB_P', 'EMB_P', 'EMB_P', 'EMB_P', 'EMB_P', 'EMB_P', 'EMB_P', 'EMB_P', 'EMB_P', 'EMB_P', 'EMB_P', 'EMB_P', 'EMB_P', 'EMB_P', 'EMB_P', 'EMB_P', 'EMB_P', 'EMB_P', 'EMB_P', 'EMB_P', 'EMB_P', 'EMB_P', 'EMB_P', 'EMB_P', 'EMB_P', 'EMB_P', 'EMB_P', 'EMB_P', 'EMB_P', 'EMB_P', 'EMB_P', 'EMB_P', 'EMB_P', 'EMB_P', 'EMB_P', 'EMB_P', 'EMB_P', 'EMB_P', 'EMB_P', 'EMB_P', 'EMB_P', 'EMB_P', 'EMB_P', 'EMB_P', 'EMB_P', 'EMB_P', 'EMB_P', 'EMB_P']","['EMB_O', 'EMB_O', 'EMB_O', 'EMB_O', 'EMB_O', 'EMB_O', 'EMB_O', 'OPN_B', 'OPN_E', 'EMB_O', 'EMB_O', 'EMB_O', 'EMB_P', 'EMB_P', 'EMB_P', 'EMB_P', 'EMB_P', 'EMB_P', 'EMB_P', 'EMB_P', 'EMB_P', 'EMB_P', 'EMB_P', 'EMB_P', 'EMB_P', 'EMB_P', 'EMB_P', 'EMB_P', 'EMB_P', 'EMB_P', 'EMB_P', 'EMB_P', 'EMB_P', 'EMB_P', 'EMB_P', 'EMB_P', 'EMB_P', 'EMB_P', 'EMB_P', 'EMB_P', 'EMB_P', 'EMB_P', 'EMB_P', 'EMB_P', 'EMB_P', 'EMB_P', 'EMB_P', 'EMB_P', 'EMB_P', 'EMB_P', 'EMB_P', 'EMB_P', 'EMB_P', 'EMB_P', 'EMB_P', 'EMB_P', 'EMB_P', 'EMB_P', 'EMB_P', 'EMB_P', 'EMB_P', 'EMB_P', 'EMB_P', 'EMB_P', 'EMB_P', 'EMB_P', 'EMB_P', 'EMB_P', 'EMB_P', 'EMB_P', 'EMB_P', 'EMB_P', 'EMB_P', 'EMB_P', 'EMB_P', 'EMB_P', 'EMB_P', 'EMB_P', 'EMB_P', 'EMB_P', 'EMB_P', 'EMB_P', 'EMB_P', 'EMB_P', 'EMB_P', 'EMB_P', 'EMB_P', 'EMB_P', 'EMB_P', 'EMB_P', 'EMB_P', 'EMB_P', 'EMB_P', 'EMB_P', 'EMB_P', 'EMB_P', 'EMB_P', 'EMB_P', 'EMB_P', 'EMB_P', 'EMB_P', 'EMB_P', 'EMB_P', 'EMB_P', 'EMB_P', 'EMB_P', 'EMB_P', 'EMB_P', 'EMB_P', 'EMB_P', 'EMB_P', 'EMB_P', 'EMB_P', 'EMB_P', 'EMB_P', 'EMB_P', 'EMB_P', 'EMB_P', 'EMB_P', 'EMB_P', 'EMB_P', 'EMB_P', 'EMB_P', 'EMB_P', 'EMB_P', 'EMB_P', 'EMB_P', 'EMB_P']"
35,asus,recommend,laptop_quad_dev_31,if you can save for 750 - 800 i would recommend going up a bit in the asus line .,7.17,7.33,"['EMB_O', 'EMB_O', 'EMB_O', 'EMB_O', 'EMB_O', 'EMB_O', 'EMB_O', 'EMB_O', 'EMB_O', 'EMB_O', 'EMB_O', 'EMB_O', 'EMB_O', 'EMB_O', 'EMB_O', 'EMB_O', 'EMB_O', 'EMB_O', 'EMB_O', 'EMB_O', 'ASP_S', 'EMB_O', 'EMB_O', 'EMB_O', 'EMB_P', 'EMB_P', 'EMB_P', 'EMB_P', 'EMB_P', 'EMB_P', 'EMB_P', 'EMB_P', 'EMB_P', 'EMB_P', 'EMB_P', 'EMB_P', 'EMB_P', 'EMB_P', 'EMB_P', 'EMB_P', 'EMB_P', 'EMB_P', 'EMB_P', 'EMB_P', 'EMB_P', 'EMB_P', 'EMB_P', 'EMB_P', 'EMB_P', 'EMB_P', 'EMB_P', 'EMB_P', 'EMB_P', 'EMB_P', 'EMB_P', 'EMB_P', 'EMB_P', 'EMB_P', 'EMB_P', 'EMB_P', 'EMB_P', 'EMB_P', 'EMB_P', 'EMB_P', 'EMB_P', 'EMB_P', 'EMB_P', 'EMB_P', 'EMB_P', 'EMB_P', 'EMB_P', 'EMB_P', 'EMB_P', 'EMB_P', 'EMB_P', 'EMB_P', 'EMB_P', 'EMB_P', 'EMB_P', 'EMB_P', 'EMB_P', 'EMB_P', 'EMB_P', 'EMB_P', 'EMB_P', 'EMB_P', 'EMB_P', 'EMB_P', 'EMB_P', 'EMB_P', 'EMB_P', 'EMB_P', 'EMB_P', 'EMB_P', 'EMB_P', 'EMB_P', 'EMB_P', 'EMB_P', 'EMB_P', 'EMB_P', 'EMB_P', 'EMB_P', 'EMB_P', 'EMB_P', 'EMB_P', 'EMB_P', 'EMB_P', 'EMB_P', 'EMB_P', 'EMB_P', 'EMB_P', 'EMB_P', 'EMB_P', 'EMB_P', 'EMB_P', 'EMB_P', 'EMB_P', 'EMB_P', 'EMB_P', 'EMB_P', 'EMB_P', 'EMB_P', 'EMB_P', 'EMB_P', 'EMB_P', 'EMB_P', 'EMB_P', 'EMB_P']","['EMB_O', 'EMB_O', 'EMB_O', 'EMB_O', 'EMB_O', 'EMB_O', 'EMB_O', 'EMB_O', 'EMB_O', 'EMB_O', 'EMB_O', 'OPN_B', 'OPN_I', 'OPN_E', 'EMB_O', 'EMB_O', 'EMB_O', 'EMB_O', 'EMB_O', 'EMB_O', 'EMB_O', 'EMB_O', 'EMB_O', 'EMB_O', 'EMB_P', 'EMB_P', 'EMB_P', 'EMB_P', 'EMB_P', 'EMB_P', 'EMB_P', 'EMB_P', 'EMB_P', 'EMB_P', 'EMB_P', 'EMB_P', 'EMB_P', 'EMB_P', 'EMB_P', 'EMB_P', 'EMB_P', 'EMB_P', 'EMB_P', 'EMB_P', 'EMB_P', 'EMB_P', 'EMB_P', 'EMB_P', 'EMB_P', 'EMB_P', 'EMB_P', 'EMB_P', 'EMB_P', 'EMB_P', 'EMB_P', 'EMB_P', 'EMB_P', 'EMB_P', 'EMB_P', 'EMB_P', 'EMB_P', 'EMB_P', 'EMB_P', 'EMB_P', 'EMB_P', 'EMB_P', 'EMB_P', 'EMB_P', 'EMB_P', 'EMB_P', 'EMB_P', 'EMB_P', 'EMB_P', 'EMB_P', 'EMB_P', 'EMB_P', 'EMB_P', 'EMB_P', 'EMB_P', 'EMB_P', 'EMB_P', 'EMB_P', 'EMB_P', 'EMB_P', 'EMB_P', 'EMB_P', 'EMB_P', 'EMB_P', 'EMB_P', 'EMB_P', 'EMB_P', 'EMB_P', 'EMB_P', 'EMB_P', 'EMB_P', 'EMB_P', 'EMB_P', 'EMB_P', 'EMB_P', 'EMB_P', 'EMB_P', 'EMB_P', 'EMB_P', 'EMB_P', 'EMB_P', 'EMB_P', 'EMB_P', 'EMB_P', 'EMB_P', 'EMB_P', 'EMB_P', 'EMB_P', 'EMB_P', 'EMB_P', 'EMB_P', 'EMB_P', 'EMB_P', 'EMB_P', 'EMB_P', 'EMB_P', 'EMB_P', 'EMB_P', 'EMB_P', 'EMB_P', 'EMB_P', 'EMB_P', 'EMB_P', 'EMB_P']"
36,processor,NULL,laptop_quad_dev_32,it seems like there is a problem with the processor because it constantly starts and stops while i ' m trying to surf the web .,3.75,6.38,"['EMB_O', 'EMB_O', 'EMB_O', 'EMB_O', 'EMB_O', 'EMB_O', 'EMB_O', 'EMB_O', 'EMB_O', 'EMB_O', 'ASP_S', 'EMB_O', 'EMB_O', 'EMB_O', 'EMB_O', 'EMB_O', 'EMB_O', 'EMB_O', 'EMB_O', 'EMB_O', 'EMB_O', 'EMB_O', 'EMB_O', 'EMB_O', 'EMB_O', 'EMB_O', 'EMB_O', 'EMB_O', 'EMB_O', 'EMB_P', 'EMB_P', 'EMB_P', 'EMB_P', 'EMB_P', 'EMB_P', 'EMB_P', 'EMB_P', 'EMB_P', 'EMB_P', 'EMB_P', 'EMB_P', 'EMB_P', 'EMB_P', 'EMB_P', 'EMB_P', 'EMB_P', 'EMB_P', 'EMB_P', 'EMB_P', 'EMB_P', 'EMB_P', 'EMB_P', 'EMB_P', 'EMB_P', 'EMB_P', 'EMB_P', 'EMB_P', 'EMB_P', 'EMB_P', 'EMB_P', 'EMB_P', 'EMB_P', 'EMB_P', 'EMB_P', 'EMB_P', 'EMB_P', 'EMB_P', 'EMB_P', 'EMB_P', 'EMB_P', 'EMB_P', 'EMB_P', 'EMB_P', 'EMB_P', 'EMB_P', 'EMB_P', 'EMB_P', 'EMB_P', 'EMB_P', 'EMB_P', 'EMB_P', 'EMB_P', 'EMB_P', 'EMB_P', 'EMB_P', 'EMB_P', 'EMB_P', 'EMB_P', 'EMB_P', 'EMB_P', 'EMB_P', 'EMB_P', 'EMB_P', 'EMB_P', 'EMB_P', 'EMB_P', 'EMB_P', 'EMB_P', 'EMB_P', 'EMB_P', 'EMB_P', 'EMB_P', 'EMB_P', 'EMB_P', 'EMB_P', 'EMB_P', 'EMB_P', 'EMB_P', 'EMB_P', 'EMB_P', 'EMB_P', 'EMB_P', 'EMB_P', 'EMB_P', 'EMB_P', 'EMB_P', 'EMB_P', 'EMB_P', 'EMB_P', 'EMB_P', 'EMB_P', 'EMB_P', 'EMB_P', 'EMB_P', 'EMB_P', 'EMB_P', 'EMB_P', 'EMB_P']","['EMB_O', 'EMB_O', 'EMB_O', 'EMB_O', 'EMB_O', 'EMB_O', 'EMB_O', 'EMB_O', 'EMB_O', 'EMB_O', 'EMB_O', 'EMB_O', 'EMB_O', 'EMB_O', 'EMB_O', 'EMB_O', 'EMB_O', 'EMB_O', 'EMB_O', 'EMB_O', 'EMB_O', 'EMB_O', 'EMB_O', 'EMB_O', 'EMB_O', 'EMB_O', 'EMB_O', 'EMB_O', 'EMB_O', 'EMB_P', 'EMB_P', 'EMB_P', 'EMB_P', 'EMB_P', 'EMB_P', 'EMB_P', 'EMB_P', 'EMB_P', 'EMB_P', 'EMB_P', 'EMB_P', 'EMB_P', 'EMB_P', 'EMB_P', 'EMB_P', 'EMB_P', 'EMB_P', 'EMB_P', 'EMB_P', 'EMB_P', 'EMB_P', 'EMB_P', 'EMB_P', 'EMB_P', 'EMB_P', 'EMB_P', 'EMB_P', 'EMB_P', 'EMB_P', 'EMB_P', 'EMB_P', 'EMB_P', 'EMB_P', 'EMB_P', 'EMB_P', 'EMB_P', 'EMB_P', 'EMB_P', 'EMB_P', 'EMB_P', 'EMB_P', 'EMB_P', 'EMB_P', 'EMB_P', 'EMB_P', 'EMB_P', 'EMB_P', 'EMB_P', 'EMB_P', 'EMB_P', 'EMB_P', 'EMB_P', 'EMB_P', 'EMB_P', 'EMB_P', 'EMB_P', 'EMB_P', 'EMB_P', 'EMB_P', 'EMB_P', 'EMB_P', 'EMB_P', 'EMB_P', 'EMB_P', 'EMB_P', 'EMB_P', 'EMB_P', 'EMB_P', 'EMB_P', 'EMB_P', 'EMB_P', 'EMB_P', 'EMB_P', 'EMB_P', 'EMB_P', 'EMB_P', 'EMB_P', 'EMB_P', 'EMB_P', 'EMB_P', 'EMB_P', 'EMB_P', 'EMB_P', 'EMB_P', 'EMB_P', 'EMB_P', 'EMB_P', 'EMB_P', 'EMB_P', 'EMB_P', 'EMB_P', 'EMB_P', 'EMB_P', 'EMB_P', 'EMB_P', 'EMB_P', 'EMB_P', 'EMB_P']"
37,NULL,NULL,laptop_quad_dev_33,"bought this on may , barely used it and now 4 months later it ' s randomly shutting down every few minutes .",4.12,4.88,"['EMB_O', 'EMB_O', 'EMB_O', 'EMB_O', 'EMB_O', 'EMB_O', 'EMB_O', 'EMB_O', 'EMB_O', 'EMB_O', 'EMB_O', 'EMB_O', 'EMB_O', 'EMB_O', 'EMB_O', 'EMB_O', 'EMB_O', 'EMB_O', 'EMB_O', 'EMB_O', 'EMB_O', 'EMB_O', 'EMB_O', 'EMB_O', 'EMB_O', 'EMB_O', 'EMB_O', 'EMB_O', 'EMB_P', 'EMB_P', 'EMB_P', 'EMB_P', 'EMB_P', 'EMB_P', 'EMB_P', 'EMB_P', 'EMB_P', 'EMB_P', 'EMB_P', 'EMB_P', 'EMB_P', 'EMB_P', 'EMB_P', 'EMB_P', 'EMB_P', 'EMB_P', 'EMB_P', 'EMB_P', 'EMB_P', 'EMB_P', 'EMB_P', 'EMB_P', 'EMB_P', 'EMB_P', 'EMB_P', 'EMB_P', 'EMB_P', 'EMB_P', 'EMB_P', 'EMB_P', 'EMB_P', 'EMB_P', 'EMB_P', 'EMB_P', 'EMB_P', 'EMB_P', 'EMB_P', 'EMB_P', 'EMB_P', 'EMB_P', 'EMB_P', 'EMB_P', 'EMB_P', 'EMB_P', 'EMB_P', 'EMB_P', 'EMB_P', 'EMB_P', 'EMB_P', 'EMB_P', 'EMB_P', 'EMB_P', 'EMB_P', 'EMB_P', 'EMB_P', 'EMB_P', 'EMB_P', 'EMB_P', 'EMB_P', 'EMB_P', 'EMB_P', 'EMB_P', 'EMB_P', 'EMB_P', 'EMB_P', 'EMB_P', 'EMB_P', 'EMB_P', 'EMB_P', 'EMB_P', 'EMB_P', 'EMB_P', 'EMB_P', 'EMB_P', 'EMB_P', 'EMB_P', 'EMB_P', 'EMB_P', 'EMB_P', 'EMB_P', 'EMB_P', 'EMB_P', 'EMB_P', 'EMB_P', 'EMB_P', 'EMB_P', 'EMB_P', 'EMB_P', 'EMB_P', 'EMB_P', 'EMB_P', 'EMB_P', 'EMB_P', 'EMB_P', 'EMB_P', 'EMB_P', 'EMB_P', 'EMB_P']","['EMB_O', 'EMB_O', 'EMB_O', 'EMB_O', 'EMB_O', 'EMB_O', 'EMB_O', 'EMB_O', 'EMB_O', 'EMB_O', 'EMB_O', 'EMB_O', 'EMB_O', 'EMB_O', 'EMB_O', 'EMB_O', 'EMB_O', 'EMB_O', 'EMB_O', 'EMB_O', 'EMB_O', 'EMB_O', 'EMB_O', 'EMB_O', 'EMB_O', 'EMB_O', 'EMB_O', 'EMB_O', 'EMB_P', 'EMB_P', 'EMB_P', 'EMB_P', 'EMB_P', 'EMB_P', 'EMB_P', 'EMB_P', 'EMB_P', 'EMB_P', 'EMB_P', 'EMB_P', 'EMB_P', 'EMB_P', 'EMB_P', 'EMB_P', 'EMB_P', 'EMB_P', 'EMB_P', 'EMB_P', 'EMB_P', 'EMB_P', 'EMB_P', 'EMB_P', 'EMB_P', 'EMB_P', 'EMB_P', 'EMB_P', 'EMB_P', 'EMB_P', 'EMB_P', 'EMB_P', 'EMB_P', 'EMB_P', 'EMB_P', 'EMB_P', 'EMB_P', 'EMB_P', 'EMB_P', 'EMB_P', 'EMB_P', 'EMB_P', 'EMB_P', 'EMB_P', 'EMB_P', 'EMB_P', 'EMB_P', 'EMB_P', 'EMB_P', 'EMB_P', 'EMB_P', 'EMB_P', 'EMB_P', 'EMB_P', 'EMB_P', 'EMB_P', 'EMB_P', 'EMB_P', 'EMB_P', 'EMB_P', 'EMB_P', 'EMB_P', 'EMB_P', 'EMB_P', 'EMB_P', 'EMB_P', 'EMB_P', 'EMB_P', 'EMB_P', 'EMB_P', 'EMB_P', 'EMB_P', 'EMB_P', 'EMB_P', 'EMB_P', 'EMB_P', 'EMB_P', 'EMB_P', 'EMB_P', 'EMB_P', 'EMB_P', 'EMB_P', 'EMB_P', 'EMB_P', 'EMB_P', 'EMB_P', 'EMB_P', 'EMB_P', 'EMB_P', 'EMB_P', 'EMB_P', 'EMB_P', 'EMB_P', 'EMB_P', 'EMB_P', 'EMB_P', 'EMB_P', 'EMB_P', 'EMB_P', 'EMB_P']"
38,NULL,pros,laptop_quad_dev_34,pros : lightweight and looks nice .,7.0,7.0,"['EMB_O', 'EMB_O', 'EMB_O', 'EMB_O', 'EMB_O', 'EMB_O', 'EMB_O', 'EMB_O', 'EMB_O', 'EMB_O', 'EMB_O', 'EMB_O', 'EMB_P', 'EMB_P', 'EMB_P', 'EMB_P', 'EMB_P', 'EMB_P', 'EMB_P', 'EMB_P', 'EMB_P', 'EMB_P', 'EMB_P', 'EMB_P', 'EMB_P', 'EMB_P', 'EMB_P', 'EMB_P', 'EMB_P', 'EMB_P', 'EMB_P', 'EMB_P', 'EMB_P', 'EMB_P', 'EMB_P', 'EMB_P', 'EMB_P', 'EMB_P', 'EMB_P', 'EMB_P', 'EMB_P', 'EMB_P', 'EMB_P', 'EMB_P', 'EMB_P', 'EMB_P', 'EMB_P', 'EMB_P', 'EMB_P', 'EMB_P', 'EMB_P', 'EMB_P', 'EMB_P', 'EMB_P', 'EMB_P', 'EMB_P', 'EMB_P', 'EMB_P', 'EMB_P', 'EMB_P', 'EMB_P', 'EMB_P', 'EMB_P', 'EMB_P', 'EMB_P', 'EMB_P', 'EMB_P', 'EMB_P', 'EMB_P', 'EMB_P', 'EMB_P', 'EMB_P', 'EMB_P', 'EMB_P', 'EMB_P', 'EMB_P', 'EMB_P', 'EMB_P', 'EMB_P', 'EMB_P', 'EMB_P', 'EMB_P', 'EMB_P', 'EMB_P', 'EMB_P', 'EMB_P', 'EMB_P', 'EMB_P', 'EMB_P', 'EMB_P', 'EMB_P', 'EMB_P', 'EMB_P', 'EMB_P', 'EMB_P', 'EMB_P', 'EMB_P', 'EMB_P', 'EMB_P', 'EMB_P', 'EMB_P', 'EMB_P', 'EMB_P', 'EMB_P', 'EMB_P', 'EMB_P', 'EMB_P', 'EMB_P', 'EMB_P', 'EMB_P', 'EMB_P', 'EMB_P', 'EMB_P', 'EMB_P', 'EMB_P', 'EMB_P', 'EMB_P', 'EMB_P', 'EMB_P', 'EMB_P', 'EMB_P', 'EMB_P', 'EMB_P', 'EMB_P', 'EMB_P', 'EMB_P', 'EMB_P', 'EMB_P']","['EMB_O', 'OPN_B', 'OPN_E', 'EMB_O', 'EMB_O', 'EMB_O', 'EMB_O', 'EMB_O', 'EMB_O', 'EMB_O', 'EMB_O', 'EMB_O', 'EMB_P', 'EMB_P', 'EMB_P', 'EMB_P', 'EMB_P', 'EMB_P', 'EMB_P', 'EMB_P', 'EMB_P', 'EMB_P', 'EMB_P', 'EMB_P', 'EMB_P', 'EMB_P', 'EMB_P', 'EMB_P', 'EMB_P', 'EMB_P', 'EMB_P', 'EMB_P', 'EMB_P', 'EMB_P', 'EMB_P', 'EMB_P', 'EMB_P', 'EMB_P', 'EMB_P', 'EMB_P', 'EMB_P', 'EMB_P', 'EMB_P', 'EMB_P', 'EMB_P', 'EMB_P', 'EMB_P', 'EMB_P', 'EMB_P', 'EMB_P', 'EMB_P', 'EMB_P', 'EMB_P', 'EMB_P', 'EMB_P', 'EMB_P', 'EMB_P', 'EMB_P', 'EMB_P', 'EMB_P', 'EMB_P', 'EMB_P', 'EMB_P', 'EMB_P', 'EMB_P', 'EMB_P', 'EMB_P', 'EMB_P', 'EMB_P', 'EMB_P', 'EMB_P', 'EMB_P', 'EMB_P', 'EMB_P', 'EMB_P', 'EMB_P', 'EMB_P', 'EMB_P', 'EMB_P', 'EMB_P', 'EMB_P', 'EMB_P', 'EMB_P', 'EMB_P', 'EMB_P', 'EMB_P', 'EMB_P', 'EMB_P', 'EMB_P', 'EMB_P', 'EMB_P', 'EMB_P', 'EMB_P', 'EMB_P', 'EMB_P', 'EMB_P', 'EMB_P', 'EMB_P', 'EMB_P', 'EMB_P', 'EMB_P', 'EMB_P', 'EMB_P', 'EMB_P', 'EMB_P', 'EMB_P', 'EMB_P', 'EMB_P', 'EMB_P', 'EMB_P', 'EMB_P', 'EMB_P', 'EMB_P', 'EMB_P', 'EMB_P', 'EMB_P', 'EMB_P', 'EMB_P', 'EMB_P', 'EMB_P', 'EMB_P', 'EMB_P', 'EMB_P', 'EMB_P', 'EMB_P', 'EMB_P', 'EMB_P', 'EMB_P']"
39,computer,loud,laptop_quad_dev_35,this computer is loud !,4.0,5.25,"['EMB_O', 'EMB_O', 'ASP_S', 'EMB_O', 'EMB_O', 'EMB_O', 'EMB_O', 'EMB_O', 'EMB_P', 'EMB_P', 'EMB_P', 'EMB_P', 'EMB_P', 'EMB_P', 'EMB_P', 'EMB_P', 'EMB_P', 'EMB_P', 'EMB_P', 'EMB_P', 'EMB_P', 'EMB_P', 'EMB_P', 'EMB_P', 'EMB_P', 'EMB_P', 'EMB_P', 'EMB_P', 'EMB_P', 'EMB_P', 'EMB_P', 'EMB_P', 'EMB_P', 'EMB_P', 'EMB_P', 'EMB_P', 'EMB_P', 'EMB_P', 'EMB_P', 'EMB_P', 'EMB_P', 'EMB_P', 'EMB_P', 'EMB_P', 'EMB_P', 'EMB_P', 'EMB_P', 'EMB_P', 'EMB_P', 'EMB_P', 'EMB_P', 'EMB_P', 'EMB_P', 'EMB_P', 'EMB_P', 'EMB_P', 'EMB_P', 'EMB_P', 'EMB_P', 'EMB_P', 'EMB_P', 'EMB_P', 'EMB_P', 'EMB_P', 'EMB_P', 'EMB_P', 'EMB_P', 'EMB_P', 'EMB_P', 'EMB_P', 'EMB_P', 'EMB_P', 'EMB_P', 'EMB_P', 'EMB_P', 'EMB_P', 'EMB_P', 'EMB_P', 'EMB_P', 'EMB_P', 'EMB_P', 'EMB_P', 'EMB_P', 'EMB_P', 'EMB_P', 'EMB_P', 'EMB_P', 'EMB_P', 'EMB_P', 'EMB_P', 'EMB_P', 'EMB_P', 'EMB_P', 'EMB_P', 'EMB_P', 'EMB_P', 'EMB_P', 'EMB_P', 'EMB_P', 'EMB_P', 'EMB_P', 'EMB_P', 'EMB_P', 'EMB_P', 'EMB_P', 'EMB_P', 'EMB_P', 'EMB_P', 'EMB_P', 'EMB_P', 'EMB_P', 'EMB_P', 'EMB_P', 'EMB_P', 'EMB_P', 'EMB_P', 'EMB_P', 'EMB_P', 'EMB_P', 'EMB_P', 'EMB_P', 'EMB_P', 'EMB_P', 'EMB_P', 'EMB_P', 'EMB_P', 'EMB_P', 'EMB_P']","['EMB_O', 'EMB_O', 'EMB_O', 'EMB_O', 'OPN_B', 'OPN_E', 'EMB_O', 'EMB_O', 'EMB_P', 'EMB_P', 'EMB_P', 'EMB_P', 'EMB_P', 'EMB_P', 'EMB_P', 'EMB_P', 'EMB_P', 'EMB_P', 'EMB_P', 'EMB_P', 'EMB_P', 'EMB_P', 'EMB_P', 'EMB_P', 'EMB_P', 'EMB_P', 'EMB_P', 'EMB_P', 'EMB_P', 'EMB_P', 'EMB_P', 'EMB_P', 'EMB_P', 'EMB_P', 'EMB_P', 'EMB_P', 'EMB_P', 'EMB_P', 'EMB_P', 'EMB_P', 'EMB_P', 'EMB_P', 'EMB_P', 'EMB_P', 'EMB_P', 'EMB_P', 'EMB_P', 'EMB_P', 'EMB_P', 'EMB_P', 'EMB_P', 'EMB_P', 'EMB_P', 'EMB_P', 'EMB_P', 'EMB_P', 'EMB_P', 'EMB_P', 'EMB_P', 'EMB_P', 'EMB_P', 'EMB_P', 'EMB_P', 'EMB_P', 'EMB_P', 'EMB_P', 'EMB_P', 'EMB_P', 'EMB_P', 'EMB_P', 'EMB_P', 'EMB_P', 'EMB_P', 'EMB_P', 'EMB_P', 'EMB_P', 'EMB_P', 'EMB_P', 'EMB_P', 'EMB_P', 'EMB_P', 'EMB_P', 'EMB_P', 'EMB_P', 'EMB_P', 'EMB_P', 'EMB_P', 'EMB_P', 'EMB_P', 'EMB_P', 'EMB_P', 'EMB_P', 'EMB_P', 'EMB_P', 'EMB_P', 'EMB_P', 'EMB_P', 'EMB_P', 'EMB_P', 'EMB_P', 'EMB_P', 'EMB_P', 'EMB_P', 'EMB_P', 'EMB_P', 'EMB_P', 'EMB_P', 'EMB_P', 'EMB_P', 'EMB_P', 'EMB_P', 'EMB_P', 'EMB_P', 'EMB_P', 'EMB_P', 'EMB_P', 'EMB_P', 'EMB_P', 'EMB_P', 'EMB_P', 'EMB_P', 'EMB_P', 'EMB_P', 'EMB_P', 'EMB_P', 'EMB_P', 'EMB_P', 'EMB_P']"
40,asus support,so disgusted,laptop_quad_dev_36,"i am so disgusted and disheartened by my dealings with asus support , it ' s hard to believe .",2.12,7.62,"['EMB_O', 'EMB_O', 'EMB_O', 'EMB_O', 'EMB_O', 'EMB_O', 'EMB_O', 'EMB_O', 'EMB_O', 'EMB_O', 'EMB_O', 'EMB_O', 'EMB_O', 'EMB_O', 'EMB_O', 'EMB_O', 'ASP_B', 'ASP_E', 'EMB_O', 'EMB_O', 'EMB_O', 'EMB_O', 'EMB_O', 'EMB_O', 'EMB_O', 'EMB_O', 'EMB_O', 'EMB_P', 'EMB_P', 'EMB_P', 'EMB_P', 'EMB_P', 'EMB_P', 'EMB_P', 'EMB_P', 'EMB_P', 'EMB_P', 'EMB_P', 'EMB_P', 'EMB_P', 'EMB_P', 'EMB_P', 'EMB_P', 'EMB_P', 'EMB_P', 'EMB_P', 'EMB_P', 'EMB_P', 'EMB_P', 'EMB_P', 'EMB_P', 'EMB_P', 'EMB_P', 'EMB_P', 'EMB_P', 'EMB_P', 'EMB_P', 'EMB_P', 'EMB_P', 'EMB_P', 'EMB_P', 'EMB_P', 'EMB_P', 'EMB_P', 'EMB_P', 'EMB_P', 'EMB_P', 'EMB_P', 'EMB_P', 'EMB_P', 'EMB_P', 'EMB_P', 'EMB_P', 'EMB_P', 'EMB_P', 'EMB_P', 'EMB_P', 'EMB_P', 'EMB_P', 'EMB_P', 'EMB_P', 'EMB_P', 'EMB_P', 'EMB_P', 'EMB_P', 'EMB_P', 'EMB_P', 'EMB_P', 'EMB_P', 'EMB_P', 'EMB_P', 'EMB_P', 'EMB_P', 'EMB_P', 'EMB_P', 'EMB_P', 'EMB_P', 'EMB_P', 'EMB_P', 'EMB_P', 'EMB_P', 'EMB_P', 'EMB_P', 'EMB_P', 'EMB_P', 'EMB_P', 'EMB_P', 'EMB_P', 'EMB_P', 'EMB_P', 'EMB_P', 'EMB_P', 'EMB_P', 'EMB_P', 'EMB_P', 'EMB_P', 'EMB_P', 'EMB_P', 'EMB_P', 'EMB_P', 'EMB_P', 'EMB_P', 'EMB_P', 'EMB_P', 'EMB_P', 'EMB_P', 'EMB_P', 'EMB_P']","['EMB_O', 'EMB_O', 'EMB_O', 'OPN_B', 'OPN_I', 'OPN_I', 'OPN_E', 'EMB_O', 'EMB_O', 'EMB_O', 'EMB_O', 'EMB_O', 'EMB_O', 'EMB_O', 'EMB_O', 'EMB_O', 'EMB_O', 'EMB_O', 'EMB_O', 'EMB_O', 'EMB_O', 'EMB_O', 'EMB_O', 'EMB_O', 'EMB_O', 'EMB_O', 'EMB_O', 'EMB_P', 'EMB_P', 'EMB_P', 'EMB_P', 'EMB_P', 'EMB_P', 'EMB_P', 'EMB_P', 'EMB_P', 'EMB_P', 'EMB_P', 'EMB_P', 'EMB_P', 'EMB_P', 'EMB_P', 'EMB_P', 'EMB_P', 'EMB_P', 'EMB_P', 'EMB_P', 'EMB_P', 'EMB_P', 'EMB_P', 'EMB_P', 'EMB_P', 'EMB_P', 'EMB_P', 'EMB_P', 'EMB_P', 'EMB_P', 'EMB_P', 'EMB_P', 'EMB_P', 'EMB_P', 'EMB_P', 'EMB_P', 'EMB_P', 'EMB_P', 'EMB_P', 'EMB_P', 'EMB_P', 'EMB_P', 'EMB_P', 'EMB_P', 'EMB_P', 'EMB_P', 'EMB_P', 'EMB_P', 'EMB_P', 'EMB_P', 'EMB_P', 'EMB_P', 'EMB_P', 'EMB_P', 'EMB_P', 'EMB_P', 'EMB_P', 'EMB_P', 'EMB_P', 'EMB_P', 'EMB_P', 'EMB_P', 'EMB_P', 'EMB_P', 'EMB_P', 'EMB_P', 'EMB_P', 'EMB_P', 'EMB_P', 'EMB_P', 'EMB_P', 'EMB_P', 'EMB_P', 'EMB_P', 'EMB_P', 'EMB_P', 'EMB_P', 'EMB_P', 'EMB_P', 'EMB_P', 'EMB_P', 'EMB_P', 'EMB_P', 'EMB_P', 'EMB_P', 'EMB_P', 'EMB_P', 'EMB_P', 'EMB_P', 'EMB_P', 'EMB_P', 'EMB_P', 'EMB_P', 'EMB_P', 'EMB_P', 'EMB_P', 'EMB_P', 'EMB_P', 'EMB_P', 'EMB_P', 'EMB_P']"
41,NULL,crazy,laptop_quad_dev_37,returned because had it less than a month and it decided to go crazy and start typing by its self ect .,3.75,6.25,"['EMB_O', 'EMB_O', 'EMB_O', 'EMB_O', 'EMB_O', 'EMB_O', 'EMB_O', 'EMB_O', 'EMB_O', 'EMB_O', 'EMB_O', 'EMB_O', 'EMB_O', 'EMB_O', 'EMB_O', 'EMB_O', 'EMB_O', 'EMB_O', 'EMB_O', 'EMB_O', 'EMB_O', 'EMB_O', 'EMB_O', 'EMB_O', 'EMB_O', 'EMB_O', 'EMB_O', 'EMB_O', 'EMB_P', 'EMB_P', 'EMB_P', 'EMB_P', 'EMB_P', 'EMB_P', 'EMB_P', 'EMB_P', 'EMB_P', 'EMB_P', 'EMB_P', 'EMB_P', 'EMB_P', 'EMB_P', 'EMB_P', 'EMB_P', 'EMB_P', 'EMB_P', 'EMB_P', 'EMB_P', 'EMB_P', 'EMB_P', 'EMB_P', 'EMB_P', 'EMB_P', 'EMB_P', 'EMB_P', 'EMB_P', 'EMB_P', 'EMB_P', 'EMB_P', 'EMB_P', 'EMB_P', 'EMB_P', 'EMB_P', 'EMB_P', 'EMB_P', 'EMB_P', 'EMB_P', 'EMB_P', 'EMB_P', 'EMB_P', 'EMB_P', 'EMB_P', 'EMB_P', 'EMB_P', 'EMB_P', 'EMB_P', 'EMB_P', 'EMB_P', 'EMB_P', 'EMB_P', 'EMB_P', 'EMB_P', 'EMB_P', 'EMB_P', 'EMB_P', 'EMB_P', 'EMB_P', 'EMB_P', 'EMB_P', 'EMB_P', 'EMB_P', 'EMB_P', 'EMB_P', 'EMB_P', 'EMB_P', 'EMB_P', 'EMB_P', 'EMB_P', 'EMB_P', 'EMB_P', 'EMB_P', 'EMB_P', 'EMB_P', 'EMB_P', 'EMB_P', 'EMB_P', 'EMB_P', 'EMB_P', 'EMB_P', 'EMB_P', 'EMB_P', 'EMB_P', 'EMB_P', 'EMB_P', 'EMB_P', 'EMB_P', 'EMB_P', 'EMB_P', 'EMB_P', 'EMB_P', 'EMB_P', 'EMB_P', 'EMB_P', 'EMB_P', 'EMB_P', 'EMB_P', 'EMB_P', 'EMB_P']","['EMB_O', 'EMB_O', 'EMB_O', 'EMB_O', 'EMB_O', 'EMB_O', 'EMB_O', 'EMB_O', 'EMB_O', 'EMB_O', 'EMB_O', 'EMB_O', 'EMB_O', 'EMB_O', 'OPN_B', 'OPN_I', 'OPN_E', 'EMB_O', 'EMB_O', 'EMB_O', 'EMB_O', 'EMB_O', 'EMB_O', 'EMB_O', 'EMB_O', 'EMB_O', 'EMB_O', 'EMB_O', 'EMB_P', 'EMB_P', 'EMB_P', 'EMB_P', 'EMB_P', 'EMB_P', 'EMB_P', 'EMB_P', 'EMB_P', 'EMB_P', 'EMB_P', 'EMB_P', 'EMB_P', 'EMB_P', 'EMB_P', 'EMB_P', 'EMB_P', 'EMB_P', 'EMB_P', 'EMB_P', 'EMB_P', 'EMB_P', 'EMB_P', 'EMB_P', 'EMB_P', 'EMB_P', 'EMB_P', 'EMB_P', 'EMB_P', 'EMB_P', 'EMB_P', 'EMB_P', 'EMB_P', 'EMB_P', 'EMB_P', 'EMB_P', 'EMB_P', 'EMB_P', 'EMB_P', 'EMB_P', 'EMB_P', 'EMB_P', 'EMB_P', 'EMB_P', 'EMB_P', 'EMB_P', 'EMB_P', 'EMB_P', 'EMB_P', 'EMB_P', 'EMB_P', 'EMB_P', 'EMB_P', 'EMB_P', 'EMB_P', 'EMB_P', 'EMB_P', 'EMB_P', 'EMB_P', 'EMB_P', 'EMB_P', 'EMB_P', 'EMB_P', 'EMB_P', 'EMB_P', 'EMB_P', 'EMB_P', 'EMB_P', 'EMB_P', 'EMB_P', 'EMB_P', 'EMB_P', 'EMB_P', 'EMB_P', 'EMB_P', 'EMB_P', 'EMB_P', 'EMB_P', 'EMB_P', 'EMB_P', 'EMB_P', 'EMB_P', 'EMB_P', 'EMB_P', 'EMB_P', 'EMB_P', 'EMB_P', 'EMB_P', 'EMB_P', 'EMB_P', 'EMB_P', 'EMB_P', 'EMB_P', 'EMB_P', 'EMB_P', 'EMB_P', 'EMB_P', 'EMB_P', 'EMB_P', 'EMB_P']"
42,computer,NULL,laptop_quad_dev_38,this computer has wasted so much of my time already .,4.12,5.25,"['EMB_O', 'EMB_O', 'ASP_S', 'EMB_O', 'EMB_O', 'EMB_O', 'EMB_O', 'EMB_O', 'EMB_O', 'EMB_O', 'EMB_O', 'EMB_O', 'EMB_O', 'EMB_O', 'EMB_P', 'EMB_P', 'EMB_P', 'EMB_P', 'EMB_P', 'EMB_P', 'EMB_P', 'EMB_P', 'EMB_P', 'EMB_P', 'EMB_P', 'EMB_P', 'EMB_P', 'EMB_P', 'EMB_P', 'EMB_P', 'EMB_P', 'EMB_P', 'EMB_P', 'EMB_P', 'EMB_P', 'EMB_P', 'EMB_P', 'EMB_P', 'EMB_P', 'EMB_P', 'EMB_P', 'EMB_P', 'EMB_P', 'EMB_P', 'EMB_P', 'EMB_P', 'EMB_P', 'EMB_P', 'EMB_P', 'EMB_P', 'EMB_P', 'EMB_P', 'EMB_P', 'EMB_P', 'EMB_P', 'EMB_P', 'EMB_P', 'EMB_P', 'EMB_P', 'EMB_P', 'EMB_P', 'EMB_P', 'EMB_P', 'EMB_P', 'EMB_P', 'EMB_P', 'EMB_P', 'EMB_P', 'EMB_P', 'EMB_P', 'EMB_P', 'EMB_P', 'EMB_P', 'EMB_P', 'EMB_P', 'EMB_P', 'EMB_P', 'EMB_P', 'EMB_P', 'EMB_P', 'EMB_P', 'EMB_P', 'EMB_P', 'EMB_P', 'EMB_P', 'EMB_P', 'EMB_P', 'EMB_P', 'EMB_P', 'EMB_P', 'EMB_P', 'EMB_P', 'EMB_P', 'EMB_P', 'EMB_P', 'EMB_P', 'EMB_P', 'EMB_P', 'EMB_P', 'EMB_P', 'EMB_P', 'EMB_P', 'EMB_P', 'EMB_P', 'EMB_P', 'EMB_P', 'EMB_P', 'EMB_P', 'EMB_P', 'EMB_P', 'EMB_P', 'EMB_P', 'EMB_P', 'EMB_P', 'EMB_P', 'EMB_P', 'EMB_P', 'EMB_P', 'EMB_P', 'EMB_P', 'EMB_P', 'EMB_P', 'EMB_P', 'EMB_P', 'EMB_P', 'EMB_P', 'EMB_P', 'EMB_P']","['EMB_O', 'EMB_O', 'EMB_O', 'EMB_O', 'EMB_O', 'EMB_O', 'EMB_O', 'EMB_O', 'EMB_O', 'EMB_O', 'EMB_O', 'EMB_O', 'EMB_O', 'EMB_O', 'EMB_P', 'EMB_P', 'EMB_P', 'EMB_P', 'EMB_P', 'EMB_P', 'EMB_P', 'EMB_P', 'EMB_P', 'EMB_P', 'EMB_P', 'EMB_P', 'EMB_P', 'EMB_P', 'EMB_P', 'EMB_P', 'EMB_P', 'EMB_P', 'EMB_P', 'EMB_P', 'EMB_P', 'EMB_P', 'EMB_P', 'EMB_P', 'EMB_P', 'EMB_P', 'EMB_P', 'EMB_P', 'EMB_P', 'EMB_P', 'EMB_P', 'EMB_P', 'EMB_P', 'EMB_P', 'EMB_P', 'EMB_P', 'EMB_P', 'EMB_P', 'EMB_P', 'EMB_P', 'EMB_P', 'EMB_P', 'EMB_P', 'EMB_P', 'EMB_P', 'EMB_P', 'EMB_P', 'EMB_P', 'EMB_P', 'EMB_P', 'EMB_P', 'EMB_P', 'EMB_P', 'EMB_P', 'EMB_P', 'EMB_P', 'EMB_P', 'EMB_P', 'EMB_P', 'EMB_P', 'EMB_P', 'EMB_P', 'EMB_P', 'EMB_P', 'EMB_P', 'EMB_P', 'EMB_P', 'EMB_P', 'EMB_P', 'EMB_P', 'EMB_P', 'EMB_P', 'EMB_P', 'EMB_P', 'EMB_P', 'EMB_P', 'EMB_P', 'EMB_P', 'EMB_P', 'EMB_P', 'EMB_P', 'EMB_P', 'EMB_P', 'EMB_P', 'EMB_P', 'EMB_P', 'EMB_P', 'EMB_P', 'EMB_P', 'EMB_P', 'EMB_P', 'EMB_P', 'EMB_P', 'EMB_P', 'EMB_P', 'EMB_P', 'EMB_P', 'EMB_P', 'EMB_P', 'EMB_P', 'EMB_P', 'EMB_P', 'EMB_P', 'EMB_P', 'EMB_P', 'EMB_P', 'EMB_P', 'EMB_P', 'EMB_P', 'EMB_P', 'EMB_P', 'EMB_P', 'EMB_P', 'EMB_P']"
43,NULL,nice,laptop_quad_dev_39,it still is nice looking with a textured cover and being black overall .,6.62,6.5,"['EMB_O', 'EMB_O', 'EMB_O', 'EMB_O', 'EMB_O', 'EMB_O', 'EMB_O', 'EMB_O', 'EMB_O', 'EMB_O', 'EMB_O', 'EMB_O', 'EMB_O', 'EMB_O', 'EMB_O', 'EMB_O', 'EMB_O', 'EMB_O', 'EMB_P', 'EMB_P', 'EMB_P', 'EMB_P', 'EMB_P', 'EMB_P', 'EMB_P', 'EMB_P', 'EMB_P', 'EMB_P', 'EMB_P', 'EMB_P', 'EMB_P', 'EMB_P', 'EMB_P', 'EMB_P', 'EMB_P', 'EMB_P', 'EMB_P', 'EMB_P', 'EMB_P', 'EMB_P', 'EMB_P', 'EMB_P', 'EMB_P', 'EMB_P', 'EMB_P', 'EMB_P', 'EMB_P', 'EMB_P', 'EMB_P', 'EMB_P', 'EMB_P', 'EMB_P', 'EMB_P', 'EMB_P', 'EMB_P', 'EMB_P', 'EMB_P', 'EMB_P', 'EMB_P', 'EMB_P', 'EMB_P', 'EMB_P', 'EMB_P', 'EMB_P', 'EMB_P', 'EMB_P', 'EMB_P', 'EMB_P', 'EMB_P', 'EMB_P', 'EMB_P', 'EMB_P', 'EMB_P', 'EMB_P', 'EMB_P', 'EMB_P', 'EMB_P', 'EMB_P', 'EMB_P', 'EMB_P', 'EMB_P', 'EMB_P', 'EMB_P', 'EMB_P', 'EMB_P', 'EMB_P', 'EMB_P', 'EMB_P', 'EMB_P', 'EMB_P', 'EMB_P', 'EMB_P', 'EMB_P', 'EMB_P', 'EMB_P', 'EMB_P', 'EMB_P', 'EMB_P', 'EMB_P', 'EMB_P', 'EMB_P', 'EMB_P', 'EMB_P', 'EMB_P', 'EMB_P', 'EMB_P', 'EMB_P', 'EMB_P', 'EMB_P', 'EMB_P', 'EMB_P', 'EMB_P', 'EMB_P', 'EMB_P', 'EMB_P', 'EMB_P', 'EMB_P', 'EMB_P', 'EMB_P', 'EMB_P', 'EMB_P', 'EMB_P', 'EMB_P', 'EMB_P', 'EMB_P', 'EMB_P', 'EMB_P', 'EMB_P']","['EMB_O', 'EMB_O', 'EMB_O', 'EMB_O', 'OPN_B', 'OPN_E', 'EMB_O', 'EMB_O', 'EMB_O', 'EMB_O', 'EMB_O', 'EMB_O', 'EMB_O', 'EMB_O', 'EMB_O', 'EMB_O', 'EMB_O', 'EMB_O', 'EMB_P', 'EMB_P', 'EMB_P', 'EMB_P', 'EMB_P', 'EMB_P', 'EMB_P', 'EMB_P', 'EMB_P', 'EMB_P', 'EMB_P', 'EMB_P', 'EMB_P', 'EMB_P', 'EMB_P', 'EMB_P', 'EMB_P', 'EMB_P', 'EMB_P', 'EMB_P', 'EMB_P', 'EMB_P', 'EMB_P', 'EMB_P', 'EMB_P', 'EMB_P', 'EMB_P', 'EMB_P', 'EMB_P', 'EMB_P', 'EMB_P', 'EMB_P', 'EMB_P', 'EMB_P', 'EMB_P', 'EMB_P', 'EMB_P', 'EMB_P', 'EMB_P', 'EMB_P', 'EMB_P', 'EMB_P', 'EMB_P', 'EMB_P', 'EMB_P', 'EMB_P', 'EMB_P', 'EMB_P', 'EMB_P', 'EMB_P', 'EMB_P', 'EMB_P', 'EMB_P', 'EMB_P', 'EMB_P', 'EMB_P', 'EMB_P', 'EMB_P', 'EMB_P', 'EMB_P', 'EMB_P', 'EMB_P', 'EMB_P', 'EMB_P', 'EMB_P', 'EMB_P', 'EMB_P', 'EMB_P', 'EMB_P', 'EMB_P', 'EMB_P', 'EMB_P', 'EMB_P', 'EMB_P', 'EMB_P', 'EMB_P', 'EMB_P', 'EMB_P', 'EMB_P', 'EMB_P', 'EMB_P', 'EMB_P', 'EMB_P', 'EMB_P', 'EMB_P', 'EMB_P', 'EMB_P', 'EMB_P', 'EMB_P', 'EMB_P', 'EMB_P', 'EMB_P', 'EMB_P', 'EMB_P', 'EMB_P', 'EMB_P', 'EMB_P', 'EMB_P', 'EMB_P', 'EMB_P', 'EMB_P', 'EMB_P', 'EMB_P', 'EMB_P', 'EMB_P', 'EMB_P', 'EMB_P', 'EMB_P', 'EMB_P', 'EMB_P']"
44,NULL,NULL,laptop_quad_dev_40,it opens programs immediately .,7.38,7.0,"['EMB_O', 'EMB_O', 'EMB_O', 'EMB_O', 'EMB_O', 'EMB_O', 'EMB_O', 'EMB_P', 'EMB_P', 'EMB_P', 'EMB_P', 'EMB_P', 'EMB_P', 'EMB_P', 'EMB_P', 'EMB_P', 'EMB_P', 'EMB_P', 'EMB_P', 'EMB_P', 'EMB_P', 'EMB_P', 'EMB_P', 'EMB_P', 'EMB_P', 'EMB_P', 'EMB_P', 'EMB_P', 'EMB_P', 'EMB_P', 'EMB_P', 'EMB_P', 'EMB_P', 'EMB_P', 'EMB_P', 'EMB_P', 'EMB_P', 'EMB_P', 'EMB_P', 'EMB_P', 'EMB_P', 'EMB_P', 'EMB_P', 'EMB_P', 'EMB_P', 'EMB_P', 'EMB_P', 'EMB_P', 'EMB_P', 'EMB_P', 'EMB_P', 'EMB_P', 'EMB_P', 'EMB_P', 'EMB_P', 'EMB_P', 'EMB_P', 'EMB_P', 'EMB_P', 'EMB_P', 'EMB_P', 'EMB_P', 'EMB_P', 'EMB_P', 'EMB_P', 'EMB_P', 'EMB_P', 'EMB_P', 'EMB_P', 'EMB_P', 'EMB_P', 'EMB_P', 'EMB_P', 'EMB_P', 'EMB_P', 'EMB_P', 'EMB_P', 'EMB_P', 'EMB_P', 'EMB_P', 'EMB_P', 'EMB_P', 'EMB_P', 'EMB_P', 'EMB_P', 'EMB_P', 'EMB_P', 'EMB_P', 'EMB_P', 'EMB_P', 'EMB_P', 'EMB_P', 'EMB_P', 'EMB_P', 'EMB_P', 'EMB_P', 'EMB_P', 'EMB_P', 'EMB_P', 'EMB_P', 'EMB_P', 'EMB_P', 'EMB_P', 'EMB_P', 'EMB_P', 'EMB_P', 'EMB_P', 'EMB_P', 'EMB_P', 'EMB_P', 'EMB_P', 'EMB_P', 'EMB_P', 'EMB_P', 'EMB_P', 'EMB_P', 'EMB_P', 'EMB_P', 'EMB_P', 'EMB_P', 'EMB_P', 'EMB_P', 'EMB_P', 'EMB_P', 'EMB_P', 'EMB_P', 'EMB_P', 'EMB_P']","['EMB_O', 'EMB_O', 'EMB_O', 'EMB_O', 'EMB_O', 'EMB_O', 'EMB_O', 'EMB_P', 'EMB_P', 'EMB_P', 'EMB_P', 'EMB_P', 'EMB_P', 'EMB_P', 'EMB_P', 'EMB_P', 'EMB_P', 'EMB_P', 'EMB_P', 'EMB_P', 'EMB_P', 'EMB_P', 'EMB_P', 'EMB_P', 'EMB_P', 'EMB_P', 'EMB_P', 'EMB_P', 'EMB_P', 'EMB_P', 'EMB_P', 'EMB_P', 'EMB_P', 'EMB_P', 'EMB_P', 'EMB_P', 'EMB_P', 'EMB_P', 'EMB_P', 'EMB_P', 'EMB_P', 'EMB_P', 'EMB_P', 'EMB_P', 'EMB_P', 'EMB_P', 'EMB_P', 'EMB_P', 'EMB_P', 'EMB_P', 'EMB_P', 'EMB_P', 'EMB_P', 'EMB_P', 'EMB_P', 'EMB_P', 'EMB_P', 'EMB_P', 'EMB_P', 'EMB_P', 'EMB_P', 'EMB_P', 'EMB_P', 'EMB_P', 'EMB_P', 'EMB_P', 'EMB_P', 'EMB_P', 'EMB_P', 'EMB_P', 'EMB_P', 'EMB_P', 'EMB_P', 'EMB_P', 'EMB_P', 'EMB_P', 'EMB_P', 'EMB_P', 'EMB_P', 'EMB_P', 'EMB_P', 'EMB_P', 'EMB_P', 'EMB_P', 'EMB_P', 'EMB_P', 'EMB_P', 'EMB_P', 'EMB_P', 'EMB_P', 'EMB_P', 'EMB_P', 'EMB_P', 'EMB_P', 'EMB_P', 'EMB_P', 'EMB_P', 'EMB_P', 'EMB_P', 'EMB_P', 'EMB_P', 'EMB_P', 'EMB_P', 'EMB_P', 'EMB_P', 'EMB_P', 'EMB_P', 'EMB_P', 'EMB_P', 'EMB_P', 'EMB_P', 'EMB_P', 'EMB_P', 'EMB_P', 'EMB_P', 'EMB_P', 'EMB_P', 'EMB_P', 'EMB_P', 'EMB_P', 'EMB_P', 'EMB_P', 'EMB_P', 'EMB_P', 'EMB_P', 'EMB_P', 'EMB_P', 'EMB_P']"
45,ram,NULL,laptop_quad_dev_41,i do not think i will need to upgrade the ram .,5.25,5.12,"['EMB_O', 'EMB_O', 'EMB_O', 'EMB_O', 'EMB_O', 'EMB_O', 'EMB_O', 'EMB_O', 'EMB_O', 'EMB_O', 'EMB_O', 'ASP_B', 'ASP_E', 'EMB_O', 'EMB_O', 'EMB_P', 'EMB_P', 'EMB_P', 'EMB_P', 'EMB_P', 'EMB_P', 'EMB_P', 'EMB_P', 'EMB_P', 'EMB_P', 'EMB_P', 'EMB_P', 'EMB_P', 'EMB_P', 'EMB_P', 'EMB_P', 'EMB_P', 'EMB_P', 'EMB_P', 'EMB_P', 'EMB_P', 'EMB_P', 'EMB_P', 'EMB_P', 'EMB_P', 'EMB_P', 'EMB_P', 'EMB_P', 'EMB_P', 'EMB_P', 'EMB_P', 'EMB_P', 'EMB_P', 'EMB_P', 'EMB_P', 'EMB_P', 'EMB_P', 'EMB_P', 'EMB_P', 'EMB_P', 'EMB_P', 'EMB_P', 'EMB_P', 'EMB_P', 'EMB_P', 'EMB_P', 'EMB_P', 'EMB_P', 'EMB_P', 'EMB_P', 'EMB_P', 'EMB_P', 'EMB_P', 'EMB_P', 'EMB_P', 'EMB_P', 'EMB_P', 'EMB_P', 'EMB_P', 'EMB_P', 'EMB_P', 'EMB_P', 'EMB_P', 'EMB_P', 'EMB_P', 'EMB_P', 'EMB_P', 'EMB_P', 'EMB_P', 'EMB_P', 'EMB_P', 'EMB_P', 'EMB_P', 'EMB_P', 'EMB_P', 'EMB_P', 'EMB_P', 'EMB_P', 'EMB_P', 'EMB_P', 'EMB_P', 'EMB_P', 'EMB_P', 'EMB_P', 'EMB_P', 'EMB_P', 'EMB_P', 'EMB_P', 'EMB_P', 'EMB_P', 'EMB_P', 'EMB_P', 'EMB_P', 'EMB_P', 'EMB_P', 'EMB_P', 'EMB_P', 'EMB_P', 'EMB_P', 'EMB_P', 'EMB_P', 'EMB_P', 'EMB_P', 'EMB_P', 'EMB_P', 'EMB_P', 'EMB_P', 'EMB_P', 'EMB_P', 'EMB_P', 'EMB_P', 'EMB_P', 'EMB_P']","['EMB_O', 'EMB_O', 'EMB_O', 'EMB_O', 'EMB_O', 'EMB_O', 'EMB_O', 'EMB_O', 'EMB_O', 'EMB_O', 'EMB_O', 'EMB_O', 'EMB_O', 'EMB_O', 'EMB_O', 'EMB_P', 'EMB_P', 'EMB_P', 'EMB_P', 'EMB_P', 'EMB_P', 'EMB_P', 'EMB_P', 'EMB_P', 'EMB_P', 'EMB_P', 'EMB_P', 'EMB_P', 'EMB_P', 'EMB_P', 'EMB_P', 'EMB_P', 'EMB_P', 'EMB_P', 'EMB_P', 'EMB_P', 'EMB_P', 'EMB_P', 'EMB_P', 'EMB_P', 'EMB_P', 'EMB_P', 'EMB_P', 'EMB_P', 'EMB_P', 'EMB_P', 'EMB_P', 'EMB_P', 'EMB_P', 'EMB_P', 'EMB_P', 'EMB_P', 'EMB_P', 'EMB_P', 'EMB_P', 'EMB_P', 'EMB_P', 'EMB_P', 'EMB_P', 'EMB_P', 'EMB_P', 'EMB_P', 'EMB_P', 'EMB_P', 'EMB_P', 'EMB_P', 'EMB_P', 'EMB_P', 'EMB_P', 'EMB_P', 'EMB_P', 'EMB_P', 'EMB_P', 'EMB_P', 'EMB_P', 'EMB_P', 'EMB_P', 'EMB_P', 'EMB_P', 'EMB_P', 'EMB_P', 'EMB_P', 'EMB_P', 'EMB_P', 'EMB_P', 'EMB_P', 'EMB_P', 'EMB_P', 'EMB_P', 'EMB_P', 'EMB_P', 'EMB_P', 'EMB_P', 'EMB_P', 'EMB_P', 'EMB_P', 'EMB_P', 'EMB_P', 'EMB_P', 'EMB_P', 'EMB_P', 'EMB_P', 'EMB_P', 'EMB_P', 'EMB_P', 'EMB_P', 'EMB_P', 'EMB_P', 'EMB_P', 'EMB_P', 'EMB_P', 'EMB_P', 'EMB_P', 'EMB_P', 'EMB_P', 'EMB_P', 'EMB_P', 'EMB_P', 'EMB_P', 'EMB_P', 'EMB_P', 'EMB_P', 'EMB_P', 'EMB_P', 'EMB_P', 'EMB_P', 'EMB_P', 'EMB_P']"
46,acer,winner,laptop_quad_dev_42,acer made a winner here !,7.62,7.25,"['EMB_O', 'ASP_B', 'ASP_E', 'EMB_O', 'EMB_O', 'EMB_O', 'EMB_O', 'EMB_O', 'EMB_O', 'EMB_P', 'EMB_P', 'EMB_P', 'EMB_P', 'EMB_P', 'EMB_P', 'EMB_P', 'EMB_P', 'EMB_P', 'EMB_P', 'EMB_P', 'EMB_P', 'EMB_P', 'EMB_P', 'EMB_P', 'EMB_P', 'EMB_P', 'EMB_P', 'EMB_P', 'EMB_P', 'EMB_P', 'EMB_P', 'EMB_P', 'EMB_P', 'EMB_P', 'EMB_P', 'EMB_P', 'EMB_P', 'EMB_P', 'EMB_P', 'EMB_P', 'EMB_P', 'EMB_P', 'EMB_P', 'EMB_P', 'EMB_P', 'EMB_P', 'EMB_P', 'EMB_P', 'EMB_P', 'EMB_P', 'EMB_P', 'EMB_P', 'EMB_P', 'EMB_P', 'EMB_P', 'EMB_P', 'EMB_P', 'EMB_P', 'EMB_P', 'EMB_P', 'EMB_P', 'EMB_P', 'EMB_P', 'EMB_P', 'EMB_P', 'EMB_P', 'EMB_P', 'EMB_P', 'EMB_P', 'EMB_P', 'EMB_P', 'EMB_P', 'EMB_P', 'EMB_P', 'EMB_P', 'EMB_P', 'EMB_P', 'EMB_P', 'EMB_P', 'EMB_P', 'EMB_P', 'EMB_P', 'EMB_P', 'EMB_P', 'EMB_P', 'EMB_P', 'EMB_P', 'EMB_P', 'EMB_P', 'EMB_P', 'EMB_P', 'EMB_P', 'EMB_P', 'EMB_P', 'EMB_P', 'EMB_P', 'EMB_P', 'EMB_P', 'EMB_P', 'EMB_P', 'EMB_P', 'EMB_P', 'EMB_P', 'EMB_P', 'EMB_P', 'EMB_P', 'EMB_P', 'EMB_P', 'EMB_P', 'EMB_P', 'EMB_P', 'EMB_P', 'EMB_P', 'EMB_P', 'EMB_P', 'EMB_P', 'EMB_P', 'EMB_P', 'EMB_P', 'EMB_P', 'EMB_P', 'EMB_P', 'EMB_P', 'EMB_P', 'EMB_P', 'EMB_P', 'EMB_P', 'EMB_P']","['EMB_O', 'EMB_O', 'EMB_O', 'EMB_O', 'EMB_O', 'OPN_S', 'EMB_O', 'EMB_O', 'EMB_O', 'EMB_P', 'EMB_P', 'EMB_P', 'EMB_P', 'EMB_P', 'EMB_P', 'EMB_P', 'EMB_P', 'EMB_P', 'EMB_P', 'EMB_P', 'EMB_P', 'EMB_P', 'EMB_P', 'EMB_P', 'EMB_P', 'EMB_P', 'EMB_P', 'EMB_P', 'EMB_P', 'EMB_P', 'EMB_P', 'EMB_P', 'EMB_P', 'EMB_P', 'EMB_P', 'EMB_P', 'EMB_P', 'EMB_P', 'EMB_P', 'EMB_P', 'EMB_P', 'EMB_P', 'EMB_P', 'EMB_P', 'EMB_P', 'EMB_P', 'EMB_P', 'EMB_P', 'EMB_P', 'EMB_P', 'EMB_P', 'EMB_P', 'EMB_P', 'EMB_P', 'EMB_P', 'EMB_P', 'EMB_P', 'EMB_P', 'EMB_P', 'EMB_P', 'EMB_P', 'EMB_P', 'EMB_P', 'EMB_P', 'EMB_P', 'EMB_P', 'EMB_P', 'EMB_P', 'EMB_P', 'EMB_P', 'EMB_P', 'EMB_P', 'EMB_P', 'EMB_P', 'EMB_P', 'EMB_P', 'EMB_P', 'EMB_P', 'EMB_P', 'EMB_P', 'EMB_P', 'EMB_P', 'EMB_P', 'EMB_P', 'EMB_P', 'EMB_P', 'EMB_P', 'EMB_P', 'EMB_P', 'EMB_P', 'EMB_P', 'EMB_P', 'EMB_P', 'EMB_P', 'EMB_P', 'EMB_P', 'EMB_P', 'EMB_P', 'EMB_P', 'EMB_P', 'EMB_P', 'EMB_P', 'EMB_P', 'EMB_P', 'EMB_P', 'EMB_P', 'EMB_P', 'EMB_P', 'EMB_P', 'EMB_P', 'EMB_P', 'EMB_P', 'EMB_P', 'EMB_P', 'EMB_P', 'EMB_P', 'EMB_P', 'EMB_P', 'EMB_P', 'EMB_P', 'EMB_P', 'EMB_P', 'EMB_P', 'EMB_P', 'EMB_P', 'EMB_P', 'EMB_P', 'EMB_P']"
47,computer,very happy,laptop_quad_dev_43,buy this computer and you ' ll be very happy with it .,7.3,7.3,"['EMB_O', 'EMB_O', 'EMB_O', 'ASP_S', 'EMB_O', 'EMB_O', 'EMB_O', 'EMB_O', 'EMB_O', 'EMB_O', 'EMB_O', 'EMB_O', 'EMB_O', 'EMB_O', 'EMB_O', 'EMB_P', 'EMB_P', 'EMB_P', 'EMB_P', 'EMB_P', 'EMB_P', 'EMB_P', 'EMB_P', 'EMB_P', 'EMB_P', 'EMB_P', 'EMB_P', 'EMB_P', 'EMB_P', 'EMB_P', 'EMB_P', 'EMB_P', 'EMB_P', 'EMB_P', 'EMB_P', 'EMB_P', 'EMB_P', 'EMB_P', 'EMB_P', 'EMB_P', 'EMB_P', 'EMB_P', 'EMB_P', 'EMB_P', 'EMB_P', 'EMB_P', 'EMB_P', 'EMB_P', 'EMB_P', 'EMB_P', 'EMB_P', 'EMB_P', 'EMB_P', 'EMB_P', 'EMB_P', 'EMB_P', 'EMB_P', 'EMB_P', 'EMB_P', 'EMB_P', 'EMB_P', 'EMB_P', 'EMB_P', 'EMB_P', 'EMB_P', 'EMB_P', 'EMB_P', 'EMB_P', 'EMB_P', 'EMB_P', 'EMB_P', 'EMB_P', 'EMB_P', 'EMB_P', 'EMB_P', 'EMB_P', 'EMB_P', 'EMB_P', 'EMB_P', 'EMB_P', 'EMB_P', 'EMB_P', 'EMB_P', 'EMB_P', 'EMB_P', 'EMB_P', 'EMB_P', 'EMB_P', 'EMB_P', 'EMB_P', 'EMB_P', 'EMB_P', 'EMB_P', 'EMB_P', 'EMB_P', 'EMB_P', 'EMB_P', 'EMB_P', 'EMB_P', 'EMB_P', 'EMB_P', 'EMB_P', 'EMB_P', 'EMB_P', 'EMB_P', 'EMB_P', 'EMB_P', 'EMB_P', 'EMB_P', 'EMB_P', 'EMB_P', 'EMB_P', 'EMB_P', 'EMB_P', 'EMB_P', 'EMB_P', 'EMB_P', 'EMB_P', 'EMB_P', 'EMB_P', 'EMB_P', 'EMB_P', 'EMB_P', 'EMB_P', 'EMB_P', 'EMB_P', 'EMB_P', 'EMB_P']","['EMB_O', 'EMB_O', 'EMB_O', 'EMB_O', 'EMB_O', 'EMB_O', 'EMB_O', 'EMB_O', 'EMB_O', 'OPN_B', 'OPN_E', 'EMB_O', 'EMB_O', 'EMB_O', 'EMB_O', 'EMB_P', 'EMB_P', 'EMB_P', 'EMB_P', 'EMB_P', 'EMB_P', 'EMB_P', 'EMB_P', 'EMB_P', 'EMB_P', 'EMB_P', 'EMB_P', 'EMB_P', 'EMB_P', 'EMB_P', 'EMB_P', 'EMB_P', 'EMB_P', 'EMB_P', 'EMB_P', 'EMB_P', 'EMB_P', 'EMB_P', 'EMB_P', 'EMB_P', 'EMB_P', 'EMB_P', 'EMB_P', 'EMB_P', 'EMB_P', 'EMB_P', 'EMB_P', 'EMB_P', 'EMB_P', 'EMB_P', 'EMB_P', 'EMB_P', 'EMB_P', 'EMB_P', 'EMB_P', 'EMB_P', 'EMB_P', 'EMB_P', 'EMB_P', 'EMB_P', 'EMB_P', 'EMB_P', 'EMB_P', 'EMB_P', 'EMB_P', 'EMB_P', 'EMB_P', 'EMB_P', 'EMB_P', 'EMB_P', 'EMB_P', 'EMB_P', 'EMB_P', 'EMB_P', 'EMB_P', 'EMB_P', 'EMB_P', 'EMB_P', 'EMB_P', 'EMB_P', 'EMB_P', 'EMB_P', 'EMB_P', 'EMB_P', 'EMB_P', 'EMB_P', 'EMB_P', 'EMB_P', 'EMB_P', 'EMB_P', 'EMB_P', 'EMB_P', 'EMB_P', 'EMB_P', 'EMB_P', 'EMB_P', 'EMB_P', 'EMB_P', 'EMB_P', 'EMB_P', 'EMB_P', 'EMB_P', 'EMB_P', 'EMB_P', 'EMB_P', 'EMB_P', 'EMB_P', 'EMB_P', 'EMB_P', 'EMB_P', 'EMB_P', 'EMB_P', 'EMB_P', 'EMB_P', 'EMB_P', 'EMB_P', 'EMB_P', 'EMB_P', 'EMB_P', 'EMB_P', 'EMB_P', 'EMB_P', 'EMB_P', 'EMB_P', 'EMB_P', 'EMB_P', 'EMB_P', 'EMB_P']"
48,backlight kb,pretty nice,laptop_quad_dev_44,+ backlight kb and travel feels pretty nice on the keys .,6.62,6.62,"['EMB_O', 'EMB_O', 'ASP_B', 'ASP_I', 'ASP_E', 'EMB_O', 'EMB_O', 'EMB_O', 'EMB_O', 'EMB_O', 'EMB_O', 'EMB_O', 'EMB_O', 'EMB_O', 'EMB_O', 'EMB_O', 'EMB_P', 'EMB_P', 'EMB_P', 'EMB_P', 'EMB_P', 'EMB_P', 'EMB_P', 'EMB_P', 'EMB_P', 'EMB_P', 'EMB_P', 'EMB_P', 'EMB_P', 'EMB_P', 'EMB_P', 'EMB_P', 'EMB_P', 'EMB_P', 'EMB_P', 'EMB_P', 'EMB_P', 'EMB_P', 'EMB_P', 'EMB_P', 'EMB_P', 'EMB_P', 'EMB_P', 'EMB_P', 'EMB_P', 'EMB_P', 'EMB_P', 'EMB_P', 'EMB_P', 'EMB_P', 'EMB_P', 'EMB_P', 'EMB_P', 'EMB_P', 'EMB_P', 'EMB_P', 'EMB_P', 'EMB_P', 'EMB_P', 'EMB_P', 'EMB_P', 'EMB_P', 'EMB_P', 'EMB_P', 'EMB_P', 'EMB_P', 'EMB_P', 'EMB_P', 'EMB_P', 'EMB_P', 'EMB_P', 'EMB_P', 'EMB_P', 'EMB_P', 'EMB_P', 'EMB_P', 'EMB_P', 'EMB_P', 'EMB_P', 'EMB_P', 'EMB_P', 'EMB_P', 'EMB_P', 'EMB_P', 'EMB_P', 'EMB_P', 'EMB_P', 'EMB_P', 'EMB_P', 'EMB_P', 'EMB_P', 'EMB_P', 'EMB_P', 'EMB_P', 'EMB_P', 'EMB_P', 'EMB_P', 'EMB_P', 'EMB_P', 'EMB_P', 'EMB_P', 'EMB_P', 'EMB_P', 'EMB_P', 'EMB_P', 'EMB_P', 'EMB_P', 'EMB_P', 'EMB_P', 'EMB_P', 'EMB_P', 'EMB_P', 'EMB_P', 'EMB_P', 'EMB_P', 'EMB_P', 'EMB_P', 'EMB_P', 'EMB_P', 'EMB_P', 'EMB_P', 'EMB_P', 'EMB_P', 'EMB_P', 'EMB_P', 'EMB_P', 'EMB_P', 'EMB_P']","['EMB_O', 'EMB_O', 'EMB_O', 'EMB_O', 'EMB_O', 'EMB_O', 'EMB_O', 'EMB_O', 'OPN_B', 'OPN_I', 'OPN_E', 'EMB_O', 'EMB_O', 'EMB_O', 'EMB_O', 'EMB_O', 'EMB_P', 'EMB_P', 'EMB_P', 'EMB_P', 'EMB_P', 'EMB_P', 'EMB_P', 'EMB_P', 'EMB_P', 'EMB_P', 'EMB_P', 'EMB_P', 'EMB_P', 'EMB_P', 'EMB_P', 'EMB_P', 'EMB_P', 'EMB_P', 'EMB_P', 'EMB_P', 'EMB_P', 'EMB_P', 'EMB_P', 'EMB_P', 'EMB_P', 'EMB_P', 'EMB_P', 'EMB_P', 'EMB_P', 'EMB_P', 'EMB_P', 'EMB_P', 'EMB_P', 'EMB_P', 'EMB_P', 'EMB_P', 'EMB_P', 'EMB_P', 'EMB_P', 'EMB_P', 'EMB_P', 'EMB_P', 'EMB_P', 'EMB_P', 'EMB_P', 'EMB_P', 'EMB_P', 'EMB_P', 'EMB_P', 'EMB_P', 'EMB_P', 'EMB_P', 'EMB_P', 'EMB_P', 'EMB_P', 'EMB_P', 'EMB_P', 'EMB_P', 'EMB_P', 'EMB_P', 'EMB_P', 'EMB_P', 'EMB_P', 'EMB_P', 'EMB_P', 'EMB_P', 'EMB_P', 'EMB_P', 'EMB_P', 'EMB_P', 'EMB_P', 'EMB_P', 'EMB_P', 'EMB_P', 'EMB_P', 'EMB_P', 'EMB_P', 'EMB_P', 'EMB_P', 'EMB_P', 'EMB_P', 'EMB_P', 'EMB_P', 'EMB_P', 'EMB_P', 'EMB_P', 'EMB_P', 'EMB_P', 'EMB_P', 'EMB_P', 'EMB_P', 'EMB_P', 'EMB_P', 'EMB_P', 'EMB_P', 'EMB_P', 'EMB_P', 'EMB_P', 'EMB_P', 'EMB_P', 'EMB_P', 'EMB_P', 'EMB_P', 'EMB_P', 'EMB_P', 'EMB_P', 'EMB_P', 'EMB_P', 'EMB_P', 'EMB_P', 'EMB_P', 'EMB_P']"
49,keys,pretty nice,laptop_quad_dev_44,+ backlight kb and travel feels pretty nice on the keys .,6.75,6.75,"['EMB_O', 'EMB_O', 'EMB_O', 'EMB_O', 'EMB_O', 'EMB_O', 'EMB_O', 'EMB_O', 'EMB_O', 'EMB_O', 'EMB_O', 'EMB_O', 'EMB_O', 'ASP_S', 'EMB_O', 'EMB_O', 'EMB_P', 'EMB_P', 'EMB_P', 'EMB_P', 'EMB_P', 'EMB_P', 'EMB_P', 'EMB_P', 'EMB_P', 'EMB_P', 'EMB_P', 'EMB_P', 'EMB_P', 'EMB_P', 'EMB_P', 'EMB_P', 'EMB_P', 'EMB_P', 'EMB_P', 'EMB_P', 'EMB_P', 'EMB_P', 'EMB_P', 'EMB_P', 'EMB_P', 'EMB_P', 'EMB_P', 'EMB_P', 'EMB_P', 'EMB_P', 'EMB_P', 'EMB_P', 'EMB_P', 'EMB_P', 'EMB_P', 'EMB_P', 'EMB_P', 'EMB_P', 'EMB_P', 'EMB_P', 'EMB_P', 'EMB_P', 'EMB_P', 'EMB_P', 'EMB_P', 'EMB_P', 'EMB_P', 'EMB_P', 'EMB_P', 'EMB_P', 'EMB_P', 'EMB_P', 'EMB_P', 'EMB_P', 'EMB_P', 'EMB_P', 'EMB_P', 'EMB_P', 'EMB_P', 'EMB_P', 'EMB_P', 'EMB_P', 'EMB_P', 'EMB_P', 'EMB_P', 'EMB_P', 'EMB_P', 'EMB_P', 'EMB_P', 'EMB_P', 'EMB_P', 'EMB_P', 'EMB_P', 'EMB_P', 'EMB_P', 'EMB_P', 'EMB_P', 'EMB_P', 'EMB_P', 'EMB_P', 'EMB_P', 'EMB_P', 'EMB_P', 'EMB_P', 'EMB_P', 'EMB_P', 'EMB_P', 'EMB_P', 'EMB_P', 'EMB_P', 'EMB_P', 'EMB_P', 'EMB_P', 'EMB_P', 'EMB_P', 'EMB_P', 'EMB_P', 'EMB_P', 'EMB_P', 'EMB_P', 'EMB_P', 'EMB_P', 'EMB_P', 'EMB_P', 'EMB_P', 'EMB_P', 'EMB_P', 'EMB_P', 'EMB_P', 'EMB_P', 'EMB_P', 'EMB_P']","['EMB_O', 'EMB_O', 'EMB_O', 'EMB_O', 'EMB_O', 'EMB_O', 'EMB_O', 'EMB_O', 'OPN_B', 'OPN_I', 'OPN_E', 'EMB_O', 'EMB_O', 'EMB_O', 'EMB_O', 'EMB_O', 'EMB_P', 'EMB_P', 'EMB_P', 'EMB_P', 'EMB_P', 'EMB_P', 'EMB_P', 'EMB_P', 'EMB_P', 'EMB_P', 'EMB_P', 'EMB_P', 'EMB_P', 'EMB_P', 'EMB_P', 'EMB_P', 'EMB_P', 'EMB_P', 'EMB_P', 'EMB_P', 'EMB_P', 'EMB_P', 'EMB_P', 'EMB_P', 'EMB_P', 'EMB_P', 'EMB_P', 'EMB_P', 'EMB_P', 'EMB_P', 'EMB_P', 'EMB_P', 'EMB_P', 'EMB_P', 'EMB_P', 'EMB_P', 'EMB_P', 'EMB_P', 'EMB_P', 'EMB_P', 'EMB_P', 'EMB_P', 'EMB_P', 'EMB_P', 'EMB_P', 'EMB_P', 'EMB_P', 'EMB_P', 'EMB_P', 'EMB_P', 'EMB_P', 'EMB_P', 'EMB_P', 'EMB_P', 'EMB_P', 'EMB_P', 'EMB_P', 'EMB_P', 'EMB_P', 'EMB_P', 'EMB_P', 'EMB_P', 'EMB_P', 'EMB_P', 'EMB_P', 'EMB_P', 'EMB_P', 'EMB_P', 'EMB_P', 'EMB_P', 'EMB_P', 'EMB_P', 'EMB_P', 'EMB_P', 'EMB_P', 'EMB_P', 'EMB_P', 'EMB_P', 'EMB_P', 'EMB_P', 'EMB_P', 'EMB_P', 'EMB_P', 'EMB_P', 'EMB_P', 'EMB_P', 'EMB_P', 'EMB_P', 'EMB_P', 'EMB_P', 'EMB_P', 'EMB_P', 'EMB_P', 'EMB_P', 'EMB_P', 'EMB_P', 'EMB_P', 'EMB_P', 'EMB_P', 'EMB_P', 'EMB_P', 'EMB_P', 'EMB_P', 'EMB_P', 'EMB_P', 'EMB_P', 'EMB_P', 'EMB_P', 'EMB_P', 'EMB_P', 'EMB_P', 'EMB_P']"
50,optical drive,NULL,laptop_quad_dev_45,- an optical drive if you ever want to play a classic game or watch a dvd .,6.3,6.2,"['EMB_O', 'EMB_O', 'EMB_O', 'ASP_B', 'ASP_E', 'EMB_O', 'EMB_O', 'EMB_O', 'EMB_O', 'EMB_O', 'EMB_O', 'EMB_O', 'EMB_O', 'EMB_O', 'EMB_O', 'EMB_O', 'EMB_O', 'EMB_O', 'EMB_O', 'EMB_O', 'EMB_O', 'EMB_P', 'EMB_P', 'EMB_P', 'EMB_P', 'EMB_P', 'EMB_P', 'EMB_P', 'EMB_P', 'EMB_P', 'EMB_P', 'EMB_P', 'EMB_P', 'EMB_P', 'EMB_P', 'EMB_P', 'EMB_P', 'EMB_P', 'EMB_P', 'EMB_P', 'EMB_P', 'EMB_P', 'EMB_P', 'EMB_P', 'EMB_P', 'EMB_P', 'EMB_P', 'EMB_P', 'EMB_P', 'EMB_P', 'EMB_P', 'EMB_P', 'EMB_P', 'EMB_P', 'EMB_P', 'EMB_P', 'EMB_P', 'EMB_P', 'EMB_P', 'EMB_P', 'EMB_P', 'EMB_P', 'EMB_P', 'EMB_P', 'EMB_P', 'EMB_P', 'EMB_P', 'EMB_P', 'EMB_P', 'EMB_P', 'EMB_P', 'EMB_P', 'EMB_P', 'EMB_P', 'EMB_P', 'EMB_P', 'EMB_P', 'EMB_P', 'EMB_P', 'EMB_P', 'EMB_P', 'EMB_P', 'EMB_P', 'EMB_P', 'EMB_P', 'EMB_P', 'EMB_P', 'EMB_P', 'EMB_P', 'EMB_P', 'EMB_P', 'EMB_P', 'EMB_P', 'EMB_P', 'EMB_P', 'EMB_P', 'EMB_P', 'EMB_P', 'EMB_P', 'EMB_P', 'EMB_P', 'EMB_P', 'EMB_P', 'EMB_P', 'EMB_P', 'EMB_P', 'EMB_P', 'EMB_P', 'EMB_P', 'EMB_P', 'EMB_P', 'EMB_P', 'EMB_P', 'EMB_P', 'EMB_P', 'EMB_P', 'EMB_P', 'EMB_P', 'EMB_P', 'EMB_P', 'EMB_P', 'EMB_P', 'EMB_P', 'EMB_P', 'EMB_P', 'EMB_P', 'EMB_P', 'EMB_P']","['EMB_O', 'EMB_O', 'EMB_O', 'EMB_O', 'EMB_O', 'EMB_O', 'EMB_O', 'EMB_O', 'EMB_O', 'EMB_O', 'EMB_O', 'EMB_O', 'EMB_O', 'EMB_O', 'EMB_O', 'EMB_O', 'EMB_O', 'EMB_O', 'EMB_O', 'EMB_O', 'EMB_O', 'EMB_P', 'EMB_P', 'EMB_P', 'EMB_P', 'EMB_P', 'EMB_P', 'EMB_P', 'EMB_P', 'EMB_P', 'EMB_P', 'EMB_P', 'EMB_P', 'EMB_P', 'EMB_P', 'EMB_P', 'EMB_P', 'EMB_P', 'EMB_P', 'EMB_P', 'EMB_P', 'EMB_P', 'EMB_P', 'EMB_P', 'EMB_P', 'EMB_P', 'EMB_P', 'EMB_P', 'EMB_P', 'EMB_P', 'EMB_P', 'EMB_P', 'EMB_P', 'EMB_P', 'EMB_P', 'EMB_P', 'EMB_P', 'EMB_P', 'EMB_P', 'EMB_P', 'EMB_P', 'EMB_P', 'EMB_P', 'EMB_P', 'EMB_P', 'EMB_P', 'EMB_P', 'EMB_P', 'EMB_P', 'EMB_P', 'EMB_P', 'EMB_P', 'EMB_P', 'EMB_P', 'EMB_P', 'EMB_P', 'EMB_P', 'EMB_P', 'EMB_P', 'EMB_P', 'EMB_P', 'EMB_P', 'EMB_P', 'EMB_P', 'EMB_P', 'EMB_P', 'EMB_P', 'EMB_P', 'EMB_P', 'EMB_P', 'EMB_P', 'EMB_P', 'EMB_P', 'EMB_P', 'EMB_P', 'EMB_P', 'EMB_P', 'EMB_P', 'EMB_P', 'EMB_P', 'EMB_P', 'EMB_P', 'EMB_P', 'EMB_P', 'EMB_P', 'EMB_P', 'EMB_P', 'EMB_P', 'EMB_P', 'EMB_P', 'EMB_P', 'EMB_P', 'EMB_P', 'EMB_P', 'EMB_P', 'EMB_P', 'EMB_P', 'EMB_P', 'EMB_P', 'EMB_P', 'EMB_P', 'EMB_P', 'EMB_P', 'EMB_P', 'EMB_P', 'EMB_P', 'EMB_P', 'EMB_P']"
51,ports,really excited,laptop_quad_dev_46,the ports were another thing that i was really excited to see fully included on a laptop in this price range .,7.83,7.83,"['EMB_O', 'EMB_O', 'ASP_S', 'EMB_O', 'EMB_O', 'EMB_O', 'EMB_O', 'EMB_O', 'EMB_O', 'EMB_O', 'EMB_O', 'EMB_O', 'EMB_O', 'EMB_O', 'EMB_O', 'EMB_O', 'EMB_O', 'EMB_O', 'EMB_O', 'EMB_O', 'EMB_O', 'EMB_O', 'EMB_O', 'EMB_O', 'EMB_O', 'EMB_O', 'EMB_P', 'EMB_P', 'EMB_P', 'EMB_P', 'EMB_P', 'EMB_P', 'EMB_P', 'EMB_P', 'EMB_P', 'EMB_P', 'EMB_P', 'EMB_P', 'EMB_P', 'EMB_P', 'EMB_P', 'EMB_P', 'EMB_P', 'EMB_P', 'EMB_P', 'EMB_P', 'EMB_P', 'EMB_P', 'EMB_P', 'EMB_P', 'EMB_P', 'EMB_P', 'EMB_P', 'EMB_P', 'EMB_P', 'EMB_P', 'EMB_P', 'EMB_P', 'EMB_P', 'EMB_P', 'EMB_P', 'EMB_P', 'EMB_P', 'EMB_P', 'EMB_P', 'EMB_P', 'EMB_P', 'EMB_P', 'EMB_P', 'EMB_P', 'EMB_P', 'EMB_P', 'EMB_P', 'EMB_P', 'EMB_P', 'EMB_P', 'EMB_P', 'EMB_P', 'EMB_P', 'EMB_P', 'EMB_P', 'EMB_P', 'EMB_P', 'EMB_P', 'EMB_P', 'EMB_P', 'EMB_P', 'EMB_P', 'EMB_P', 'EMB_P', 'EMB_P', 'EMB_P', 'EMB_P', 'EMB_P', 'EMB_P', 'EMB_P', 'EMB_P', 'EMB_P', 'EMB_P', 'EMB_P', 'EMB_P', 'EMB_P', 'EMB_P', 'EMB_P', 'EMB_P', 'EMB_P', 'EMB_P', 'EMB_P', 'EMB_P', 'EMB_P', 'EMB_P', 'EMB_P', 'EMB_P', 'EMB_P', 'EMB_P', 'EMB_P', 'EMB_P', 'EMB_P', 'EMB_P', 'EMB_P', 'EMB_P', 'EMB_P', 'EMB_P', 'EMB_P', 'EMB_P', 'EMB_P', 'EMB_P', 'EMB_P']","['EMB_O', 'EMB_O', 'EMB_O', 'EMB_O', 'EMB_O', 'EMB_O', 'EMB_O', 'EMB_O', 'EMB_O', 'OPN_B', 'OPN_I', 'OPN_E', 'EMB_O', 'EMB_O', 'EMB_O', 'EMB_O', 'EMB_O', 'EMB_O', 'EMB_O', 'EMB_O', 'EMB_O', 'EMB_O', 'EMB_O', 'EMB_O', 'EMB_O', 'EMB_O', 'EMB_P', 'EMB_P', 'EMB_P', 'EMB_P', 'EMB_P', 'EMB_P', 'EMB_P', 'EMB_P', 'EMB_P', 'EMB_P', 'EMB_P', 'EMB_P', 'EMB_P', 'EMB_P', 'EMB_P', 'EMB_P', 'EMB_P', 'EMB_P', 'EMB_P', 'EMB_P', 'EMB_P', 'EMB_P', 'EMB_P', 'EMB_P', 'EMB_P', 'EMB_P', 'EMB_P', 'EMB_P', 'EMB_P', 'EMB_P', 'EMB_P', 'EMB_P', 'EMB_P', 'EMB_P', 'EMB_P', 'EMB_P', 'EMB_P', 'EMB_P', 'EMB_P', 'EMB_P', 'EMB_P', 'EMB_P', 'EMB_P', 'EMB_P', 'EMB_P', 'EMB_P', 'EMB_P', 'EMB_P', 'EMB_P', 'EMB_P', 'EMB_P', 'EMB_P', 'EMB_P', 'EMB_P', 'EMB_P', 'EMB_P', 'EMB_P', 'EMB_P', 'EMB_P', 'EMB_P', 'EMB_P', 'EMB_P', 'EMB_P', 'EMB_P', 'EMB_P', 'EMB_P', 'EMB_P', 'EMB_P', 'EMB_P', 'EMB_P', 'EMB_P', 'EMB_P', 'EMB_P', 'EMB_P', 'EMB_P', 'EMB_P', 'EMB_P', 'EMB_P', 'EMB_P', 'EMB_P', 'EMB_P', 'EMB_P', 'EMB_P', 'EMB_P', 'EMB_P', 'EMB_P', 'EMB_P', 'EMB_P', 'EMB_P', 'EMB_P', 'EMB_P', 'EMB_P', 'EMB_P', 'EMB_P', 'EMB_P', 'EMB_P', 'EMB_P', 'EMB_P', 'EMB_P', 'EMB_P', 'EMB_P', 'EMB_P']"
52,laptop,NULL,laptop_quad_dev_46,the ports were another thing that i was really excited to see fully included on a laptop in this price range .,5.0,5.0,"['EMB_O', 'EMB_O', 'EMB_O', 'EMB_O', 'EMB_O', 'EMB_O', 'EMB_O', 'EMB_O', 'EMB_O', 'EMB_O', 'EMB_O', 'EMB_O', 'EMB_O', 'EMB_O', 'EMB_O', 'EMB_O', 'EMB_O', 'EMB_O', 'ASP_B', 'ASP_E', 'EMB_O', 'EMB_O', 'EMB_O', 'EMB_O', 'EMB_O', 'EMB_O', 'EMB_P', 'EMB_P', 'EMB_P', 'EMB_P', 'EMB_P', 'EMB_P', 'EMB_P', 'EMB_P', 'EMB_P', 'EMB_P', 'EMB_P', 'EMB_P', 'EMB_P', 'EMB_P', 'EMB_P', 'EMB_P', 'EMB_P', 'EMB_P', 'EMB_P', 'EMB_P', 'EMB_P', 'EMB_P', 'EMB_P', 'EMB_P', 'EMB_P', 'EMB_P', 'EMB_P', 'EMB_P', 'EMB_P', 'EMB_P', 'EMB_P', 'EMB_P', 'EMB_P', 'EMB_P', 'EMB_P', 'EMB_P', 'EMB_P', 'EMB_P', 'EMB_P', 'EMB_P', 'EMB_P', 'EMB_P', 'EMB_P', 'EMB_P', 'EMB_P', 'EMB_P', 'EMB_P', 'EMB_P', 'EMB_P', 'EMB_P', 'EMB_P', 'EMB_P', 'EMB_P', 'EMB_P', 'EMB_P', 'EMB_P', 'EMB_P', 'EMB_P', 'EMB_P', 'EMB_P', 'EMB_P', 'EMB_P', 'EMB_P', 'EMB_P', 'EMB_P', 'EMB_P', 'EMB_P', 'EMB_P', 'EMB_P', 'EMB_P', 'EMB_P', 'EMB_P', 'EMB_P', 'EMB_P', 'EMB_P', 'EMB_P', 'EMB_P', 'EMB_P', 'EMB_P', 'EMB_P', 'EMB_P', 'EMB_P', 'EMB_P', 'EMB_P', 'EMB_P', 'EMB_P', 'EMB_P', 'EMB_P', 'EMB_P', 'EMB_P', 'EMB_P', 'EMB_P', 'EMB_P', 'EMB_P', 'EMB_P', 'EMB_P', 'EMB_P', 'EMB_P', 'EMB_P', 'EMB_P', 'EMB_P', 'EMB_P']","['EMB_O', 'EMB_O', 'EMB_O', 'EMB_O', 'EMB_O', 'EMB_O', 'EMB_O', 'EMB_O', 'EMB_O', 'EMB_O', 'EMB_O', 'EMB_O', 'EMB_O', 'EMB_O', 'EMB_O', 'EMB_O', 'EMB_O', 'EMB_O', 'EMB_O', 'EMB_O', 'EMB_O', 'EMB_O', 'EMB_O', 'EMB_O', 'EMB_O', 'EMB_O', 'EMB_P', 'EMB_P', 'EMB_P', 'EMB_P', 'EMB_P', 'EMB_P', 'EMB_P', 'EMB_P', 'EMB_P', 'EMB_P', 'EMB_P', 'EMB_P', 'EMB_P', 'EMB_P', 'EMB_P', 'EMB_P', 'EMB_P', 'EMB_P', 'EMB_P', 'EMB_P', 'EMB_P', 'EMB_P', 'EMB_P', 'EMB_P', 'EMB_P', 'EMB_P', 'EMB_P', 'EMB_P', 'EMB_P', 'EMB_P', 'EMB_P', 'EMB_P', 'EMB_P', 'EMB_P', 'EMB_P', 'EMB_P', 'EMB_P', 'EMB_P', 'EMB_P', 'EMB_P', 'EMB_P', 'EMB_P', 'EMB_P', 'EMB_P', 'EMB_P', 'EMB_P', 'EMB_P', 'EMB_P', 'EMB_P', 'EMB_P', 'EMB_P', 'EMB_P', 'EMB_P', 'EMB_P', 'EMB_P', 'EMB_P', 'EMB_P', 'EMB_P', 'EMB_P', 'EMB_P', 'EMB_P', 'EMB_P', 'EMB_P', 'EMB_P', 'EMB_P', 'EMB_P', 'EMB_P', 'EMB_P', 'EMB_P', 'EMB_P', 'EMB_P', 'EMB_P', 'EMB_P', 'EMB_P', 'EMB_P', 'EMB_P', 'EMB_P', 'EMB_P', 'EMB_P', 'EMB_P', 'EMB_P', 'EMB_P', 'EMB_P', 'EMB_P', 'EMB_P', 'EMB_P', 'EMB_P', 'EMB_P', 'EMB_P', 'EMB_P', 'EMB_P', 'EMB_P', 'EMB_P', 'EMB_P', 'EMB_P', 'EMB_P', 'EMB_P', 'EMB_P', 'EMB_P', 'EMB_P', 'EMB_P', 'EMB_P']"
53,laptop,happy,laptop_quad_dev_47,"i ' ve been happy being able to plug in and run overwatch from time to time on this laptop , with higher settings .",7.38,7.38,"['EMB_O', 'EMB_O', 'EMB_O', 'EMB_O', 'EMB_O', 'EMB_O', 'EMB_O', 'EMB_O', 'EMB_O', 'EMB_O', 'EMB_O', 'EMB_O', 'EMB_O', 'EMB_O', 'EMB_O', 'EMB_O', 'EMB_O', 'EMB_O', 'EMB_O', 'EMB_O', 'EMB_O', 'EMB_O', 'ASP_B', 'ASP_E', 'EMB_O', 'EMB_O', 'EMB_O', 'EMB_O', 'EMB_O', 'EMB_O', 'EMB_P', 'EMB_P', 'EMB_P', 'EMB_P', 'EMB_P', 'EMB_P', 'EMB_P', 'EMB_P', 'EMB_P', 'EMB_P', 'EMB_P', 'EMB_P', 'EMB_P', 'EMB_P', 'EMB_P', 'EMB_P', 'EMB_P', 'EMB_P', 'EMB_P', 'EMB_P', 'EMB_P', 'EMB_P', 'EMB_P', 'EMB_P', 'EMB_P', 'EMB_P', 'EMB_P', 'EMB_P', 'EMB_P', 'EMB_P', 'EMB_P', 'EMB_P', 'EMB_P', 'EMB_P', 'EMB_P', 'EMB_P', 'EMB_P', 'EMB_P', 'EMB_P', 'EMB_P', 'EMB_P', 'EMB_P', 'EMB_P', 'EMB_P', 'EMB_P', 'EMB_P', 'EMB_P', 'EMB_P', 'EMB_P', 'EMB_P', 'EMB_P', 'EMB_P', 'EMB_P', 'EMB_P', 'EMB_P', 'EMB_P', 'EMB_P', 'EMB_P', 'EMB_P', 'EMB_P', 'EMB_P', 'EMB_P', 'EMB_P', 'EMB_P', 'EMB_P', 'EMB_P', 'EMB_P', 'EMB_P', 'EMB_P', 'EMB_P', 'EMB_P', 'EMB_P', 'EMB_P', 'EMB_P', 'EMB_P', 'EMB_P', 'EMB_P', 'EMB_P', 'EMB_P', 'EMB_P', 'EMB_P', 'EMB_P', 'EMB_P', 'EMB_P', 'EMB_P', 'EMB_P', 'EMB_P', 'EMB_P', 'EMB_P', 'EMB_P', 'EMB_P', 'EMB_P', 'EMB_P', 'EMB_P', 'EMB_P', 'EMB_P', 'EMB_P', 'EMB_P']","['EMB_O', 'EMB_O', 'EMB_O', 'EMB_O', 'EMB_O', 'OPN_S', 'EMB_O', 'EMB_O', 'EMB_O', 'EMB_O', 'EMB_O', 'EMB_O', 'EMB_O', 'EMB_O', 'EMB_O', 'EMB_O', 'EMB_O', 'EMB_O', 'EMB_O', 'EMB_O', 'EMB_O', 'EMB_O', 'EMB_O', 'EMB_O', 'EMB_O', 'EMB_O', 'EMB_O', 'EMB_O', 'EMB_O', 'EMB_O', 'EMB_P', 'EMB_P', 'EMB_P', 'EMB_P', 'EMB_P', 'EMB_P', 'EMB_P', 'EMB_P', 'EMB_P', 'EMB_P', 'EMB_P', 'EMB_P', 'EMB_P', 'EMB_P', 'EMB_P', 'EMB_P', 'EMB_P', 'EMB_P', 'EMB_P', 'EMB_P', 'EMB_P', 'EMB_P', 'EMB_P', 'EMB_P', 'EMB_P', 'EMB_P', 'EMB_P', 'EMB_P', 'EMB_P', 'EMB_P', 'EMB_P', 'EMB_P', 'EMB_P', 'EMB_P', 'EMB_P', 'EMB_P', 'EMB_P', 'EMB_P', 'EMB_P', 'EMB_P', 'EMB_P', 'EMB_P', 'EMB_P', 'EMB_P', 'EMB_P', 'EMB_P', 'EMB_P', 'EMB_P', 'EMB_P', 'EMB_P', 'EMB_P', 'EMB_P', 'EMB_P', 'EMB_P', 'EMB_P', 'EMB_P', 'EMB_P', 'EMB_P', 'EMB_P', 'EMB_P', 'EMB_P', 'EMB_P', 'EMB_P', 'EMB_P', 'EMB_P', 'EMB_P', 'EMB_P', 'EMB_P', 'EMB_P', 'EMB_P', 'EMB_P', 'EMB_P', 'EMB_P', 'EMB_P', 'EMB_P', 'EMB_P', 'EMB_P', 'EMB_P', 'EMB_P', 'EMB_P', 'EMB_P', 'EMB_P', 'EMB_P', 'EMB_P', 'EMB_P', 'EMB_P', 'EMB_P', 'EMB_P', 'EMB_P', 'EMB_P', 'EMB_P', 'EMB_P', 'EMB_P', 'EMB_P', 'EMB_P', 'EMB_P', 'EMB_P', 'EMB_P']"
54,laptop,best,laptop_quad_dev_48,this is the best laptop for the price .,7.25,7.12,"['EMB_O', 'EMB_O', 'EMB_O', 'EMB_O', 'EMB_O', 'ASP_B', 'ASP_E', 'EMB_O', 'EMB_O', 'EMB_O', 'EMB_O', 'EMB_O', 'EMB_P', 'EMB_P', 'EMB_P', 'EMB_P', 'EMB_P', 'EMB_P', 'EMB_P', 'EMB_P', 'EMB_P', 'EMB_P', 'EMB_P', 'EMB_P', 'EMB_P', 'EMB_P', 'EMB_P', 'EMB_P', 'EMB_P', 'EMB_P', 'EMB_P', 'EMB_P', 'EMB_P', 'EMB_P', 'EMB_P', 'EMB_P', 'EMB_P', 'EMB_P', 'EMB_P', 'EMB_P', 'EMB_P', 'EMB_P', 'EMB_P', 'EMB_P', 'EMB_P', 'EMB_P', 'EMB_P', 'EMB_P', 'EMB_P', 'EMB_P', 'EMB_P', 'EMB_P', 'EMB_P', 'EMB_P', 'EMB_P', 'EMB_P', 'EMB_P', 'EMB_P', 'EMB_P', 'EMB_P', 'EMB_P', 'EMB_P', 'EMB_P', 'EMB_P', 'EMB_P', 'EMB_P', 'EMB_P', 'EMB_P', 'EMB_P', 'EMB_P', 'EMB_P', 'EMB_P', 'EMB_P', 'EMB_P', 'EMB_P', 'EMB_P', 'EMB_P', 'EMB_P', 'EMB_P', 'EMB_P', 'EMB_P', 'EMB_P', 'EMB_P', 'EMB_P', 'EMB_P', 'EMB_P', 'EMB_P', 'EMB_P', 'EMB_P', 'EMB_P', 'EMB_P', 'EMB_P', 'EMB_P', 'EMB_P', 'EMB_P', 'EMB_P', 'EMB_P', 'EMB_P', 'EMB_P', 'EMB_P', 'EMB_P', 'EMB_P', 'EMB_P', 'EMB_P', 'EMB_P', 'EMB_P', 'EMB_P', 'EMB_P', 'EMB_P', 'EMB_P', 'EMB_P', 'EMB_P', 'EMB_P', 'EMB_P', 'EMB_P', 'EMB_P', 'EMB_P', 'EMB_P', 'EMB_P', 'EMB_P', 'EMB_P', 'EMB_P', 'EMB_P', 'EMB_P', 'EMB_P', 'EMB_P', 'EMB_P', 'EMB_P']","['EMB_O', 'EMB_O', 'EMB_O', 'EMB_O', 'OPN_S', 'EMB_O', 'EMB_O', 'EMB_O', 'EMB_O', 'EMB_O', 'EMB_O', 'EMB_O', 'EMB_P', 'EMB_P', 'EMB_P', 'EMB_P', 'EMB_P', 'EMB_P', 'EMB_P', 'EMB_P', 'EMB_P', 'EMB_P', 'EMB_P', 'EMB_P', 'EMB_P', 'EMB_P', 'EMB_P', 'EMB_P', 'EMB_P', 'EMB_P', 'EMB_P', 'EMB_P', 'EMB_P', 'EMB_P', 'EMB_P', 'EMB_P', 'EMB_P', 'EMB_P', 'EMB_P', 'EMB_P', 'EMB_P', 'EMB_P', 'EMB_P', 'EMB_P', 'EMB_P', 'EMB_P', 'EMB_P', 'EMB_P', 'EMB_P', 'EMB_P', 'EMB_P', 'EMB_P', 'EMB_P', 'EMB_P', 'EMB_P', 'EMB_P', 'EMB_P', 'EMB_P', 'EMB_P', 'EMB_P', 'EMB_P', 'EMB_P', 'EMB_P', 'EMB_P', 'EMB_P', 'EMB_P', 'EMB_P', 'EMB_P', 'EMB_P', 'EMB_P', 'EMB_P', 'EMB_P', 'EMB_P', 'EMB_P', 'EMB_P', 'EMB_P', 'EMB_P', 'EMB_P', 'EMB_P', 'EMB_P', 'EMB_P', 'EMB_P', 'EMB_P', 'EMB_P', 'EMB_P', 'EMB_P', 'EMB_P', 'EMB_P', 'EMB_P', 'EMB_P', 'EMB_P', 'EMB_P', 'EMB_P', 'EMB_P', 'EMB_P', 'EMB_P', 'EMB_P', 'EMB_P', 'EMB_P', 'EMB_P', 'EMB_P', 'EMB_P', 'EMB_P', 'EMB_P', 'EMB_P', 'EMB_P', 'EMB_P', 'EMB_P', 'EMB_P', 'EMB_P', 'EMB_P', 'EMB_P', 'EMB_P', 'EMB_P', 'EMB_P', 'EMB_P', 'EMB_P', 'EMB_P', 'EMB_P', 'EMB_P', 'EMB_P', 'EMB_P', 'EMB_P', 'EMB_P', 'EMB_P', 'EMB_P', 'EMB_P', 'EMB_P']"
55,8th generation i5 cpu,like,laptop_quad_dev_49,i like that it ' s got the 8th generation i5 cpu .,6.38,6.5,"['EMB_O', 'EMB_O', 'EMB_O', 'EMB_O', 'EMB_O', 'EMB_O', 'EMB_O', 'EMB_O', 'EMB_O', 'ASP_B', 'ASP_I', 'ASP_I', 'ASP_I', 'ASP_I', 'ASP_E', 'EMB_O', 'EMB_O', 'EMB_P', 'EMB_P', 'EMB_P', 'EMB_P', 'EMB_P', 'EMB_P', 'EMB_P', 'EMB_P', 'EMB_P', 'EMB_P', 'EMB_P', 'EMB_P', 'EMB_P', 'EMB_P', 'EMB_P', 'EMB_P', 'EMB_P', 'EMB_P', 'EMB_P', 'EMB_P', 'EMB_P', 'EMB_P', 'EMB_P', 'EMB_P', 'EMB_P', 'EMB_P', 'EMB_P', 'EMB_P', 'EMB_P', 'EMB_P', 'EMB_P', 'EMB_P', 'EMB_P', 'EMB_P', 'EMB_P', 'EMB_P', 'EMB_P', 'EMB_P', 'EMB_P', 'EMB_P', 'EMB_P', 'EMB_P', 'EMB_P', 'EMB_P', 'EMB_P', 'EMB_P', 'EMB_P', 'EMB_P', 'EMB_P', 'EMB_P', 'EMB_P', 'EMB_P', 'EMB_P', 'EMB_P', 'EMB_P', 'EMB_P', 'EMB_P', 'EMB_P', 'EMB_P', 'EMB_P', 'EMB_P', 'EMB_P', 'EMB_P', 'EMB_P', 'EMB_P', 'EMB_P', 'EMB_P', 'EMB_P', 'EMB_P', 'EMB_P', 'EMB_P', 'EMB_P', 'EMB_P', 'EMB_P', 'EMB_P', 'EMB_P', 'EMB_P', 'EMB_P', 'EMB_P', 'EMB_P', 'EMB_P', 'EMB_P', 'EMB_P', 'EMB_P', 'EMB_P', 'EMB_P', 'EMB_P', 'EMB_P', 'EMB_P', 'EMB_P', 'EMB_P', 'EMB_P', 'EMB_P', 'EMB_P', 'EMB_P', 'EMB_P', 'EMB_P', 'EMB_P', 'EMB_P', 'EMB_P', 'EMB_P', 'EMB_P', 'EMB_P', 'EMB_P', 'EMB_P', 'EMB_P', 'EMB_P', 'EMB_P', 'EMB_P', 'EMB_P', 'EMB_P']","['EMB_O', 'EMB_O', 'OPN_S', 'EMB_O', 'EMB_O', 'EMB_O', 'EMB_O', 'EMB_O', 'EMB_O', 'EMB_O', 'EMB_O', 'EMB_O', 'EMB_O', 'EMB_O', 'EMB_O', 'EMB_O', 'EMB_O', 'EMB_P', 'EMB_P', 'EMB_P', 'EMB_P', 'EMB_P', 'EMB_P', 'EMB_P', 'EMB_P', 'EMB_P', 'EMB_P', 'EMB_P', 'EMB_P', 'EMB_P', 'EMB_P', 'EMB_P', 'EMB_P', 'EMB_P', 'EMB_P', 'EMB_P', 'EMB_P', 'EMB_P', 'EMB_P', 'EMB_P', 'EMB_P', 'EMB_P', 'EMB_P', 'EMB_P', 'EMB_P', 'EMB_P', 'EMB_P', 'EMB_P', 'EMB_P', 'EMB_P', 'EMB_P', 'EMB_P', 'EMB_P', 'EMB_P', 'EMB_P', 'EMB_P', 'EMB_P', 'EMB_P', 'EMB_P', 'EMB_P', 'EMB_P', 'EMB_P', 'EMB_P', 'EMB_P', 'EMB_P', 'EMB_P', 'EMB_P', 'EMB_P', 'EMB_P', 'EMB_P', 'EMB_P', 'EMB_P', 'EMB_P', 'EMB_P', 'EMB_P', 'EMB_P', 'EMB_P', 'EMB_P', 'EMB_P', 'EMB_P', 'EMB_P', 'EMB_P', 'EMB_P', 'EMB_P', 'EMB_P', 'EMB_P', 'EMB_P', 'EMB_P', 'EMB_P', 'EMB_P', 'EMB_P', 'EMB_P', 'EMB_P', 'EMB_P', 'EMB_P', 'EMB_P', 'EMB_P', 'EMB_P', 'EMB_P', 'EMB_P', 'EMB_P', 'EMB_P', 'EMB_P', 'EMB_P', 'EMB_P', 'EMB_P', 'EMB_P', 'EMB_P', 'EMB_P', 'EMB_P', 'EMB_P', 'EMB_P', 'EMB_P', 'EMB_P', 'EMB_P', 'EMB_P', 'EMB_P', 'EMB_P', 'EMB_P', 'EMB_P', 'EMB_P', 'EMB_P', 'EMB_P', 'EMB_P', 'EMB_P', 'EMB_P', 'EMB_P', 'EMB_P']"
56,graphics card,dedicated,laptop_quad_dev_50,dedicated graphics card,7.12,7.25,"['EMB_O', 'EMB_O', 'ASP_B', 'ASP_E', 'EMB_O', 'EMB_P', 'EMB_P', 'EMB_P', 'EMB_P', 'EMB_P', 'EMB_P', 'EMB_P', 'EMB_P', 'EMB_P', 'EMB_P', 'EMB_P', 'EMB_P', 'EMB_P', 'EMB_P', 'EMB_P', 'EMB_P', 'EMB_P', 'EMB_P', 'EMB_P', 'EMB_P', 'EMB_P', 'EMB_P', 'EMB_P', 'EMB_P', 'EMB_P', 'EMB_P', 'EMB_P', 'EMB_P', 'EMB_P', 'EMB_P', 'EMB_P', 'EMB_P', 'EMB_P', 'EMB_P', 'EMB_P', 'EMB_P', 'EMB_P', 'EMB_P', 'EMB_P', 'EMB_P', 'EMB_P', 'EMB_P', 'EMB_P', 'EMB_P', 'EMB_P', 'EMB_P', 'EMB_P', 'EMB_P', 'EMB_P', 'EMB_P', 'EMB_P', 'EMB_P', 'EMB_P', 'EMB_P', 'EMB_P', 'EMB_P', 'EMB_P', 'EMB_P', 'EMB_P', 'EMB_P', 'EMB_P', 'EMB_P', 'EMB_P', 'EMB_P', 'EMB_P', 'EMB_P', 'EMB_P', 'EMB_P', 'EMB_P', 'EMB_P', 'EMB_P', 'EMB_P', 'EMB_P', 'EMB_P', 'EMB_P', 'EMB_P', 'EMB_P', 'EMB_P', 'EMB_P', 'EMB_P', 'EMB_P', 'EMB_P', 'EMB_P', 'EMB_P', 'EMB_P', 'EMB_P', 'EMB_P', 'EMB_P', 'EMB_P', 'EMB_P', 'EMB_P', 'EMB_P', 'EMB_P', 'EMB_P', 'EMB_P', 'EMB_P', 'EMB_P', 'EMB_P', 'EMB_P', 'EMB_P', 'EMB_P', 'EMB_P', 'EMB_P', 'EMB_P', 'EMB_P', 'EMB_P', 'EMB_P', 'EMB_P', 'EMB_P', 'EMB_P', 'EMB_P', 'EMB_P', 'EMB_P', 'EMB_P', 'EMB_P', 'EMB_P', 'EMB_P', 'EMB_P', 'EMB_P', 'EMB_P', 'EMB_P', 'EMB_P', 'EMB_P']","['EMB_O', 'OPN_S', 'EMB_O', 'EMB_O', 'EMB_O', 'EMB_P', 'EMB_P', 'EMB_P', 'EMB_P', 'EMB_P', 'EMB_P', 'EMB_P', 'EMB_P', 'EMB_P', 'EMB_P', 'EMB_P', 'EMB_P', 'EMB_P', 'EMB_P', 'EMB_P', 'EMB_P', 'EMB_P', 'EMB_P', 'EMB_P', 'EMB_P', 'EMB_P', 'EMB_P', 'EMB_P', 'EMB_P', 'EMB_P', 'EMB_P', 'EMB_P', 'EMB_P', 'EMB_P', 'EMB_P', 'EMB_P', 'EMB_P', 'EMB_P', 'EMB_P', 'EMB_P', 'EMB_P', 'EMB_P', 'EMB_P', 'EMB_P', 'EMB_P', 'EMB_P', 'EMB_P', 'EMB_P', 'EMB_P', 'EMB_P', 'EMB_P', 'EMB_P', 'EMB_P', 'EMB_P', 'EMB_P', 'EMB_P', 'EMB_P', 'EMB_P', 'EMB_P', 'EMB_P', 'EMB_P', 'EMB_P', 'EMB_P', 'EMB_P', 'EMB_P', 'EMB_P', 'EMB_P', 'EMB_P', 'EMB_P', 'EMB_P', 'EMB_P', 'EMB_P', 'EMB_P', 'EMB_P', 'EMB_P', 'EMB_P', 'EMB_P', 'EMB_P', 'EMB_P', 'EMB_P', 'EMB_P', 'EMB_P', 'EMB_P', 'EMB_P', 'EMB_P', 'EMB_P', 'EMB_P', 'EMB_P', 'EMB_P', 'EMB_P', 'EMB_P', 'EMB_P', 'EMB_P', 'EMB_P', 'EMB_P', 'EMB_P', 'EMB_P', 'EMB_P', 'EMB_P', 'EMB_P', 'EMB_P', 'EMB_P', 'EMB_P', 'EMB_P', 'EMB_P', 'EMB_P', 'EMB_P', 'EMB_P', 'EMB_P', 'EMB_P', 'EMB_P', 'EMB_P', 'EMB_P', 'EMB_P', 'EMB_P', 'EMB_P', 'EMB_P', 'EMB_P', 'EMB_P', 'EMB_P', 'EMB_P', 'EMB_P', 'EMB_P', 'EMB_P', 'EMB_P', 'EMB_P', 'EMB_P', 'EMB_P']"
57,screen,NULL,laptop_quad_dev_51,the plastic that borders the screen kind of comes out ever so slightly .,5.0,5.0,"['EMB_O', 'EMB_O', 'EMB_O', 'EMB_O', 'EMB_O', 'EMB_O', 'ASP_S', 'EMB_O', 'EMB_O', 'EMB_O', 'EMB_O', 'EMB_O', 'EMB_O', 'EMB_O', 'EMB_O', 'EMB_O', 'EMB_P', 'EMB_P', 'EMB_P', 'EMB_P', 'EMB_P', 'EMB_P', 'EMB_P', 'EMB_P', 'EMB_P', 'EMB_P', 'EMB_P', 'EMB_P', 'EMB_P', 'EMB_P', 'EMB_P', 'EMB_P', 'EMB_P', 'EMB_P', 'EMB_P', 'EMB_P', 'EMB_P', 'EMB_P', 'EMB_P', 'EMB_P', 'EMB_P', 'EMB_P', 'EMB_P', 'EMB_P', 'EMB_P', 'EMB_P', 'EMB_P', 'EMB_P', 'EMB_P', 'EMB_P', 'EMB_P', 'EMB_P', 'EMB_P', 'EMB_P', 'EMB_P', 'EMB_P', 'EMB_P', 'EMB_P', 'EMB_P', 'EMB_P', 'EMB_P', 'EMB_P', 'EMB_P', 'EMB_P', 'EMB_P', 'EMB_P', 'EMB_P', 'EMB_P', 'EMB_P', 'EMB_P', 'EMB_P', 'EMB_P', 'EMB_P', 'EMB_P', 'EMB_P', 'EMB_P', 'EMB_P', 'EMB_P', 'EMB_P', 'EMB_P', 'EMB_P', 'EMB_P', 'EMB_P', 'EMB_P', 'EMB_P', 'EMB_P', 'EMB_P', 'EMB_P', 'EMB_P', 'EMB_P', 'EMB_P', 'EMB_P', 'EMB_P', 'EMB_P', 'EMB_P', 'EMB_P', 'EMB_P', 'EMB_P', 'EMB_P', 'EMB_P', 'EMB_P', 'EMB_P', 'EMB_P', 'EMB_P', 'EMB_P', 'EMB_P', 'EMB_P', 'EMB_P', 'EMB_P', 'EMB_P', 'EMB_P', 'EMB_P', 'EMB_P', 'EMB_P', 'EMB_P', 'EMB_P', 'EMB_P', 'EMB_P', 'EMB_P', 'EMB_P', 'EMB_P', 'EMB_P', 'EMB_P', 'EMB_P', 'EMB_P', 'EMB_P', 'EMB_P', 'EMB_P']","['EMB_O', 'EMB_O', 'EMB_O', 'EMB_O', 'EMB_O', 'EMB_O', 'EMB_O', 'EMB_O', 'EMB_O', 'EMB_O', 'EMB_O', 'EMB_O', 'EMB_O', 'EMB_O', 'EMB_O', 'EMB_O', 'EMB_P', 'EMB_P', 'EMB_P', 'EMB_P', 'EMB_P', 'EMB_P', 'EMB_P', 'EMB_P', 'EMB_P', 'EMB_P', 'EMB_P', 'EMB_P', 'EMB_P', 'EMB_P', 'EMB_P', 'EMB_P', 'EMB_P', 'EMB_P', 'EMB_P', 'EMB_P', 'EMB_P', 'EMB_P', 'EMB_P', 'EMB_P', 'EMB_P', 'EMB_P', 'EMB_P', 'EMB_P', 'EMB_P', 'EMB_P', 'EMB_P', 'EMB_P', 'EMB_P', 'EMB_P', 'EMB_P', 'EMB_P', 'EMB_P', 'EMB_P', 'EMB_P', 'EMB_P', 'EMB_P', 'EMB_P', 'EMB_P', 'EMB_P', 'EMB_P', 'EMB_P', 'EMB_P', 'EMB_P', 'EMB_P', 'EMB_P', 'EMB_P', 'EMB_P', 'EMB_P', 'EMB_P', 'EMB_P', 'EMB_P', 'EMB_P', 'EMB_P', 'EMB_P', 'EMB_P', 'EMB_P', 'EMB_P', 'EMB_P', 'EMB_P', 'EMB_P', 'EMB_P', 'EMB_P', 'EMB_P', 'EMB_P', 'EMB_P', 'EMB_P', 'EMB_P', 'EMB_P', 'EMB_P', 'EMB_P', 'EMB_P', 'EMB_P', 'EMB_P', 'EMB_P', 'EMB_P', 'EMB_P', 'EMB_P', 'EMB_P', 'EMB_P', 'EMB_P', 'EMB_P', 'EMB_P', 'EMB_P', 'EMB_P', 'EMB_P', 'EMB_P', 'EMB_P', 'EMB_P', 'EMB_P', 'EMB_P', 'EMB_P', 'EMB_P', 'EMB_P', 'EMB_P', 'EMB_P', 'EMB_P', 'EMB_P', 'EMB_P', 'EMB_P', 'EMB_P', 'EMB_P', 'EMB_P', 'EMB_P', 'EMB_P', 'EMB_P', 'EMB_P', 'EMB_P']"
58,laptop,pretty fast,laptop_quad_dev_52,it ' s pretty fast for a laptop especially a laptop in this price point .,6.75,6.5,"['EMB_O', 'EMB_O', 'EMB_O', 'EMB_O', 'EMB_O', 'EMB_O', 'EMB_O', 'EMB_O', 'ASP_B', 'ASP_E', 'EMB_O', 'EMB_O', 'EMB_O', 'EMB_O', 'EMB_O', 'EMB_O', 'EMB_O', 'EMB_O', 'EMB_O', 'EMB_O', 'EMB_P', 'EMB_P', 'EMB_P', 'EMB_P', 'EMB_P', 'EMB_P', 'EMB_P', 'EMB_P', 'EMB_P', 'EMB_P', 'EMB_P', 'EMB_P', 'EMB_P', 'EMB_P', 'EMB_P', 'EMB_P', 'EMB_P', 'EMB_P', 'EMB_P', 'EMB_P', 'EMB_P', 'EMB_P', 'EMB_P', 'EMB_P', 'EMB_P', 'EMB_P', 'EMB_P', 'EMB_P', 'EMB_P', 'EMB_P', 'EMB_P', 'EMB_P', 'EMB_P', 'EMB_P', 'EMB_P', 'EMB_P', 'EMB_P', 'EMB_P', 'EMB_P', 'EMB_P', 'EMB_P', 'EMB_P', 'EMB_P', 'EMB_P', 'EMB_P', 'EMB_P', 'EMB_P', 'EMB_P', 'EMB_P', 'EMB_P', 'EMB_P', 'EMB_P', 'EMB_P', 'EMB_P', 'EMB_P', 'EMB_P', 'EMB_P', 'EMB_P', 'EMB_P', 'EMB_P', 'EMB_P', 'EMB_P', 'EMB_P', 'EMB_P', 'EMB_P', 'EMB_P', 'EMB_P', 'EMB_P', 'EMB_P', 'EMB_P', 'EMB_P', 'EMB_P', 'EMB_P', 'EMB_P', 'EMB_P', 'EMB_P', 'EMB_P', 'EMB_P', 'EMB_P', 'EMB_P', 'EMB_P', 'EMB_P', 'EMB_P', 'EMB_P', 'EMB_P', 'EMB_P', 'EMB_P', 'EMB_P', 'EMB_P', 'EMB_P', 'EMB_P', 'EMB_P', 'EMB_P', 'EMB_P', 'EMB_P', 'EMB_P', 'EMB_P', 'EMB_P', 'EMB_P', 'EMB_P', 'EMB_P', 'EMB_P', 'EMB_P', 'EMB_P', 'EMB_P', 'EMB_P', 'EMB_P', 'EMB_P']","['EMB_O', 'EMB_O', 'EMB_O', 'EMB_O', 'OPN_B', 'OPN_E', 'EMB_O', 'EMB_O', 'EMB_O', 'EMB_O', 'EMB_O', 'EMB_O', 'EMB_O', 'EMB_O', 'EMB_O', 'EMB_O', 'EMB_O', 'EMB_O', 'EMB_O', 'EMB_O', 'EMB_P', 'EMB_P', 'EMB_P', 'EMB_P', 'EMB_P', 'EMB_P', 'EMB_P', 'EMB_P', 'EMB_P', 'EMB_P', 'EMB_P', 'EMB_P', 'EMB_P', 'EMB_P', 'EMB_P', 'EMB_P', 'EMB_P', 'EMB_P', 'EMB_P', 'EMB_P', 'EMB_P', 'EMB_P', 'EMB_P', 'EMB_P', 'EMB_P', 'EMB_P', 'EMB_P', 'EMB_P', 'EMB_P', 'EMB_P', 'EMB_P', 'EMB_P', 'EMB_P', 'EMB_P', 'EMB_P', 'EMB_P', 'EMB_P', 'EMB_P', 'EMB_P', 'EMB_P', 'EMB_P', 'EMB_P', 'EMB_P', 'EMB_P', 'EMB_P', 'EMB_P', 'EMB_P', 'EMB_P', 'EMB_P', 'EMB_P', 'EMB_P', 'EMB_P', 'EMB_P', 'EMB_P', 'EMB_P', 'EMB_P', 'EMB_P', 'EMB_P', 'EMB_P', 'EMB_P', 'EMB_P', 'EMB_P', 'EMB_P', 'EMB_P', 'EMB_P', 'EMB_P', 'EMB_P', 'EMB_P', 'EMB_P', 'EMB_P', 'EMB_P', 'EMB_P', 'EMB_P', 'EMB_P', 'EMB_P', 'EMB_P', 'EMB_P', 'EMB_P', 'EMB_P', 'EMB_P', 'EMB_P', 'EMB_P', 'EMB_P', 'EMB_P', 'EMB_P', 'EMB_P', 'EMB_P', 'EMB_P', 'EMB_P', 'EMB_P', 'EMB_P', 'EMB_P', 'EMB_P', 'EMB_P', 'EMB_P', 'EMB_P', 'EMB_P', 'EMB_P', 'EMB_P', 'EMB_P', 'EMB_P', 'EMB_P', 'EMB_P', 'EMB_P', 'EMB_P', 'EMB_P', 'EMB_P', 'EMB_P']"
59,NULL,NULL,laptop_quad_dev_52,it ' s pretty fast for a laptop especially a laptop in this price point .,5.5,5.25,"['EMB_O', 'EMB_O', 'EMB_O', 'EMB_O', 'EMB_O', 'EMB_O', 'EMB_O', 'EMB_O', 'EMB_O', 'EMB_O', 'EMB_O', 'EMB_O', 'EMB_O', 'EMB_O', 'EMB_O', 'EMB_O', 'EMB_O', 'EMB_O', 'EMB_O', 'EMB_O', 'EMB_P', 'EMB_P', 'EMB_P', 'EMB_P', 'EMB_P', 'EMB_P', 'EMB_P', 'EMB_P', 'EMB_P', 'EMB_P', 'EMB_P', 'EMB_P', 'EMB_P', 'EMB_P', 'EMB_P', 'EMB_P', 'EMB_P', 'EMB_P', 'EMB_P', 'EMB_P', 'EMB_P', 'EMB_P', 'EMB_P', 'EMB_P', 'EMB_P', 'EMB_P', 'EMB_P', 'EMB_P', 'EMB_P', 'EMB_P', 'EMB_P', 'EMB_P', 'EMB_P', 'EMB_P', 'EMB_P', 'EMB_P', 'EMB_P', 'EMB_P', 'EMB_P', 'EMB_P', 'EMB_P', 'EMB_P', 'EMB_P', 'EMB_P', 'EMB_P', 'EMB_P', 'EMB_P', 'EMB_P', 'EMB_P', 'EMB_P', 'EMB_P', 'EMB_P', 'EMB_P', 'EMB_P', 'EMB_P', 'EMB_P', 'EMB_P', 'EMB_P', 'EMB_P', 'EMB_P', 'EMB_P', 'EMB_P', 'EMB_P', 'EMB_P', 'EMB_P', 'EMB_P', 'EMB_P', 'EMB_P', 'EMB_P', 'EMB_P', 'EMB_P', 'EMB_P', 'EMB_P', 'EMB_P', 'EMB_P', 'EMB_P', 'EMB_P', 'EMB_P', 'EMB_P', 'EMB_P', 'EMB_P', 'EMB_P', 'EMB_P', 'EMB_P', 'EMB_P', 'EMB_P', 'EMB_P', 'EMB_P', 'EMB_P', 'EMB_P', 'EMB_P', 'EMB_P', 'EMB_P', 'EMB_P', 'EMB_P', 'EMB_P', 'EMB_P', 'EMB_P', 'EMB_P', 'EMB_P', 'EMB_P', 'EMB_P', 'EMB_P', 'EMB_P', 'EMB_P', 'EMB_P', 'EMB_P', 'EMB_P']","['EMB_O', 'EMB_O', 'EMB_O', 'EMB_O', 'EMB_O', 'EMB_O', 'EMB_O', 'EMB_O', 'EMB_O', 'EMB_O', 'EMB_O', 'EMB_O', 'EMB_O', 'EMB_O', 'EMB_O', 'EMB_O', 'EMB_O', 'EMB_O', 'EMB_O', 'EMB_O', 'EMB_P', 'EMB_P', 'EMB_P', 'EMB_P', 'EMB_P', 'EMB_P', 'EMB_P', 'EMB_P', 'EMB_P', 'EMB_P', 'EMB_P', 'EMB_P', 'EMB_P', 'EMB_P', 'EMB_P', 'EMB_P', 'EMB_P', 'EMB_P', 'EMB_P', 'EMB_P', 'EMB_P', 'EMB_P', 'EMB_P', 'EMB_P', 'EMB_P', 'EMB_P', 'EMB_P', 'EMB_P', 'EMB_P', 'EMB_P', 'EMB_P', 'EMB_P', 'EMB_P', 'EMB_P', 'EMB_P', 'EMB_P', 'EMB_P', 'EMB_P', 'EMB_P', 'EMB_P', 'EMB_P', 'EMB_P', 'EMB_P', 'EMB_P', 'EMB_P', 'EMB_P', 'EMB_P', 'EMB_P', 'EMB_P', 'EMB_P', 'EMB_P', 'EMB_P', 'EMB_P', 'EMB_P', 'EMB_P', 'EMB_P', 'EMB_P', 'EMB_P', 'EMB_P', 'EMB_P', 'EMB_P', 'EMB_P', 'EMB_P', 'EMB_P', 'EMB_P', 'EMB_P', 'EMB_P', 'EMB_P', 'EMB_P', 'EMB_P', 'EMB_P', 'EMB_P', 'EMB_P', 'EMB_P', 'EMB_P', 'EMB_P', 'EMB_P', 'EMB_P', 'EMB_P', 'EMB_P', 'EMB_P', 'EMB_P', 'EMB_P', 'EMB_P', 'EMB_P', 'EMB_P', 'EMB_P', 'EMB_P', 'EMB_P', 'EMB_P', 'EMB_P', 'EMB_P', 'EMB_P', 'EMB_P', 'EMB_P', 'EMB_P', 'EMB_P', 'EMB_P', 'EMB_P', 'EMB_P', 'EMB_P', 'EMB_P', 'EMB_P', 'EMB_P', 'EMB_P', 'EMB_P', 'EMB_P', 'EMB_P']"
60,hard drive size,incredibly small,laptop_quad_dev_53,i would knock a star for the hard drive size since it ' s incredibly small but at this price you can easily pick up large one to add if you want to and it ' s not like you aren ' t warned when you buy it .,5.3,6.0,"['EMB_O', 'EMB_O', 'EMB_O', 'EMB_O', 'EMB_O', 'EMB_O', 'EMB_O', 'EMB_O', 'EMB_O', 'ASP_B', 'ASP_I', 'ASP_E', 'EMB_O', 'EMB_O', 'EMB_O', 'EMB_O', 'EMB_O', 'EMB_O', 'EMB_O', 'EMB_O', 'EMB_O', 'EMB_O', 'EMB_O', 'EMB_O', 'EMB_O', 'EMB_O', 'EMB_O', 'EMB_O', 'EMB_O', 'EMB_O', 'EMB_O', 'EMB_O', 'EMB_O', 'EMB_O', 'EMB_O', 'EMB_O', 'EMB_O', 'EMB_O', 'EMB_O', 'EMB_O', 'EMB_O', 'EMB_O', 'EMB_O', 'EMB_O', 'EMB_O', 'EMB_O', 'EMB_O', 'EMB_O', 'EMB_O', 'EMB_O', 'EMB_O', 'EMB_O', 'EMB_O', 'EMB_O', 'EMB_O', 'EMB_O', 'EMB_P', 'EMB_P', 'EMB_P', 'EMB_P', 'EMB_P', 'EMB_P', 'EMB_P', 'EMB_P', 'EMB_P', 'EMB_P', 'EMB_P', 'EMB_P', 'EMB_P', 'EMB_P', 'EMB_P', 'EMB_P', 'EMB_P', 'EMB_P', 'EMB_P', 'EMB_P', 'EMB_P', 'EMB_P', 'EMB_P', 'EMB_P', 'EMB_P', 'EMB_P', 'EMB_P', 'EMB_P', 'EMB_P', 'EMB_P', 'EMB_P', 'EMB_P', 'EMB_P', 'EMB_P', 'EMB_P', 'EMB_P', 'EMB_P', 'EMB_P', 'EMB_P', 'EMB_P', 'EMB_P', 'EMB_P', 'EMB_P', 'EMB_P', 'EMB_P', 'EMB_P', 'EMB_P', 'EMB_P', 'EMB_P', 'EMB_P', 'EMB_P', 'EMB_P', 'EMB_P', 'EMB_P', 'EMB_P', 'EMB_P', 'EMB_P', 'EMB_P', 'EMB_P', 'EMB_P', 'EMB_P', 'EMB_P', 'EMB_P', 'EMB_P', 'EMB_P', 'EMB_P', 'EMB_P', 'EMB_P', 'EMB_P', 'EMB_P', 'EMB_P', 'EMB_P']","['EMB_O', 'EMB_O', 'EMB_O', 'EMB_O', 'EMB_O', 'EMB_O', 'EMB_O', 'EMB_O', 'EMB_O', 'EMB_O', 'EMB_O', 'EMB_O', 'EMB_O', 'EMB_O', 'EMB_O', 'EMB_O', 'OPN_B', 'OPN_I', 'OPN_I', 'OPN_I', 'OPN_E', 'EMB_O', 'EMB_O', 'EMB_O', 'EMB_O', 'EMB_O', 'EMB_O', 'EMB_O', 'EMB_O', 'EMB_O', 'EMB_O', 'EMB_O', 'EMB_O', 'EMB_O', 'EMB_O', 'EMB_O', 'EMB_O', 'EMB_O', 'EMB_O', 'EMB_O', 'EMB_O', 'EMB_O', 'EMB_O', 'EMB_O', 'EMB_O', 'EMB_O', 'EMB_O', 'EMB_O', 'EMB_O', 'EMB_O', 'EMB_O', 'EMB_O', 'EMB_O', 'EMB_O', 'EMB_O', 'EMB_O', 'EMB_P', 'EMB_P', 'EMB_P', 'EMB_P', 'EMB_P', 'EMB_P', 'EMB_P', 'EMB_P', 'EMB_P', 'EMB_P', 'EMB_P', 'EMB_P', 'EMB_P', 'EMB_P', 'EMB_P', 'EMB_P', 'EMB_P', 'EMB_P', 'EMB_P', 'EMB_P', 'EMB_P', 'EMB_P', 'EMB_P', 'EMB_P', 'EMB_P', 'EMB_P', 'EMB_P', 'EMB_P', 'EMB_P', 'EMB_P', 'EMB_P', 'EMB_P', 'EMB_P', 'EMB_P', 'EMB_P', 'EMB_P', 'EMB_P', 'EMB_P', 'EMB_P', 'EMB_P', 'EMB_P', 'EMB_P', 'EMB_P', 'EMB_P', 'EMB_P', 'EMB_P', 'EMB_P', 'EMB_P', 'EMB_P', 'EMB_P', 'EMB_P', 'EMB_P', 'EMB_P', 'EMB_P', 'EMB_P', 'EMB_P', 'EMB_P', 'EMB_P', 'EMB_P', 'EMB_P', 'EMB_P', 'EMB_P', 'EMB_P', 'EMB_P', 'EMB_P', 'EMB_P', 'EMB_P', 'EMB_P', 'EMB_P', 'EMB_P', 'EMB_P', 'EMB_P']"
61,picture clarity,amazing,laptop_quad_dev_54,the picture clarity is amazing and the backlit keyboard is awesome .,7.88,8.0,"['EMB_O', 'EMB_O', 'ASP_B', 'ASP_I', 'ASP_E', 'EMB_O', 'EMB_O', 'EMB_O', 'EMB_O', 'EMB_O', 'EMB_O', 'EMB_O', 'EMB_O', 'EMB_O', 'EMB_O', 'EMB_O', 'EMB_O', 'EMB_O', 'EMB_O', 'EMB_P', 'EMB_P', 'EMB_P', 'EMB_P', 'EMB_P', 'EMB_P', 'EMB_P', 'EMB_P', 'EMB_P', 'EMB_P', 'EMB_P', 'EMB_P', 'EMB_P', 'EMB_P', 'EMB_P', 'EMB_P', 'EMB_P', 'EMB_P', 'EMB_P', 'EMB_P', 'EMB_P', 'EMB_P', 'EMB_P', 'EMB_P', 'EMB_P', 'EMB_P', 'EMB_P', 'EMB_P', 'EMB_P', 'EMB_P', 'EMB_P', 'EMB_P', 'EMB_P', 'EMB_P', 'EMB_P', 'EMB_P', 'EMB_P', 'EMB_P', 'EMB_P', 'EMB_P', 'EMB_P', 'EMB_P', 'EMB_P', 'EMB_P', 'EMB_P', 'EMB_P', 'EMB_P', 'EMB_P', 'EMB_P', 'EMB_P', 'EMB_P', 'EMB_P', 'EMB_P', 'EMB_P', 'EMB_P', 'EMB_P', 'EMB_P', 'EMB_P', 'EMB_P', 'EMB_P', 'EMB_P', 'EMB_P', 'EMB_P', 'EMB_P', 'EMB_P', 'EMB_P', 'EMB_P', 'EMB_P', 'EMB_P', 'EMB_P', 'EMB_P', 'EMB_P', 'EMB_P', 'EMB_P', 'EMB_P', 'EMB_P', 'EMB_P', 'EMB_P', 'EMB_P', 'EMB_P', 'EMB_P', 'EMB_P', 'EMB_P', 'EMB_P', 'EMB_P', 'EMB_P', 'EMB_P', 'EMB_P', 'EMB_P', 'EMB_P', 'EMB_P', 'EMB_P', 'EMB_P', 'EMB_P', 'EMB_P', 'EMB_P', 'EMB_P', 'EMB_P', 'EMB_P', 'EMB_P', 'EMB_P', 'EMB_P', 'EMB_P', 'EMB_P', 'EMB_P', 'EMB_P', 'EMB_P', 'EMB_P', 'EMB_P']","['EMB_O', 'EMB_O', 'EMB_O', 'EMB_O', 'EMB_O', 'EMB_O', 'OPN_B', 'OPN_E', 'EMB_O', 'EMB_O', 'EMB_O', 'EMB_O', 'EMB_O', 'EMB_O', 'EMB_O', 'EMB_O', 'EMB_O', 'EMB_O', 'EMB_O', 'EMB_P', 'EMB_P', 'EMB_P', 'EMB_P', 'EMB_P', 'EMB_P', 'EMB_P', 'EMB_P', 'EMB_P', 'EMB_P', 'EMB_P', 'EMB_P', 'EMB_P', 'EMB_P', 'EMB_P', 'EMB_P', 'EMB_P', 'EMB_P', 'EMB_P', 'EMB_P', 'EMB_P', 'EMB_P', 'EMB_P', 'EMB_P', 'EMB_P', 'EMB_P', 'EMB_P', 'EMB_P', 'EMB_P', 'EMB_P', 'EMB_P', 'EMB_P', 'EMB_P', 'EMB_P', 'EMB_P', 'EMB_P', 'EMB_P', 'EMB_P', 'EMB_P', 'EMB_P', 'EMB_P', 'EMB_P', 'EMB_P', 'EMB_P', 'EMB_P', 'EMB_P', 'EMB_P', 'EMB_P', 'EMB_P', 'EMB_P', 'EMB_P', 'EMB_P', 'EMB_P', 'EMB_P', 'EMB_P', 'EMB_P', 'EMB_P', 'EMB_P', 'EMB_P', 'EMB_P', 'EMB_P', 'EMB_P', 'EMB_P', 'EMB_P', 'EMB_P', 'EMB_P', 'EMB_P', 'EMB_P', 'EMB_P', 'EMB_P', 'EMB_P', 'EMB_P', 'EMB_P', 'EMB_P', 'EMB_P', 'EMB_P', 'EMB_P', 'EMB_P', 'EMB_P', 'EMB_P', 'EMB_P', 'EMB_P', 'EMB_P', 'EMB_P', 'EMB_P', 'EMB_P', 'EMB_P', 'EMB_P', 'EMB_P', 'EMB_P', 'EMB_P', 'EMB_P', 'EMB_P', 'EMB_P', 'EMB_P', 'EMB_P', 'EMB_P', 'EMB_P', 'EMB_P', 'EMB_P', 'EMB_P', 'EMB_P', 'EMB_P', 'EMB_P', 'EMB_P', 'EMB_P', 'EMB_P', 'EMB_P', 'EMB_P']"
62,backlit keyboard,awesome,laptop_quad_dev_54,the picture clarity is amazing and the backlit keyboard is awesome .,8.12,8.38,"['EMB_O', 'EMB_O', 'EMB_O', 'EMB_O', 'EMB_O', 'EMB_O', 'EMB_O', 'EMB_O', 'EMB_O', 'EMB_O', 'ASP_B', 'ASP_I', 'ASP_E', 'EMB_O', 'EMB_O', 'EMB_O', 'EMB_O', 'EMB_O', 'EMB_O', 'EMB_P', 'EMB_P', 'EMB_P', 'EMB_P', 'EMB_P', 'EMB_P', 'EMB_P', 'EMB_P', 'EMB_P', 'EMB_P', 'EMB_P', 'EMB_P', 'EMB_P', 'EMB_P', 'EMB_P', 'EMB_P', 'EMB_P', 'EMB_P', 'EMB_P', 'EMB_P', 'EMB_P', 'EMB_P', 'EMB_P', 'EMB_P', 'EMB_P', 'EMB_P', 'EMB_P', 'EMB_P', 'EMB_P', 'EMB_P', 'EMB_P', 'EMB_P', 'EMB_P', 'EMB_P', 'EMB_P', 'EMB_P', 'EMB_P', 'EMB_P', 'EMB_P', 'EMB_P', 'EMB_P', 'EMB_P', 'EMB_P', 'EMB_P', 'EMB_P', 'EMB_P', 'EMB_P', 'EMB_P', 'EMB_P', 'EMB_P', 'EMB_P', 'EMB_P', 'EMB_P', 'EMB_P', 'EMB_P', 'EMB_P', 'EMB_P', 'EMB_P', 'EMB_P', 'EMB_P', 'EMB_P', 'EMB_P', 'EMB_P', 'EMB_P', 'EMB_P', 'EMB_P', 'EMB_P', 'EMB_P', 'EMB_P', 'EMB_P', 'EMB_P', 'EMB_P', 'EMB_P', 'EMB_P', 'EMB_P', 'EMB_P', 'EMB_P', 'EMB_P', 'EMB_P', 'EMB_P', 'EMB_P', 'EMB_P', 'EMB_P', 'EMB_P', 'EMB_P', 'EMB_P', 'EMB_P', 'EMB_P', 'EMB_P', 'EMB_P', 'EMB_P', 'EMB_P', 'EMB_P', 'EMB_P', 'EMB_P', 'EMB_P', 'EMB_P', 'EMB_P', 'EMB_P', 'EMB_P', 'EMB_P', 'EMB_P', 'EMB_P', 'EMB_P', 'EMB_P', 'EMB_P', 'EMB_P', 'EMB_P', 'EMB_P']","['EMB_O', 'EMB_O', 'EMB_O', 'EMB_O', 'EMB_O', 'EMB_O', 'EMB_O', 'EMB_O', 'EMB_O', 'EMB_O', 'EMB_O', 'EMB_O', 'EMB_O', 'EMB_O', 'OPN_B', 'OPN_I', 'OPN_E', 'EMB_O', 'EMB_O', 'EMB_P', 'EMB_P', 'EMB_P', 'EMB_P', 'EMB_P', 'EMB_P', 'EMB_P', 'EMB_P', 'EMB_P', 'EMB_P', 'EMB_P', 'EMB_P', 'EMB_P', 'EMB_P', 'EMB_P', 'EMB_P', 'EMB_P', 'EMB_P', 'EMB_P', 'EMB_P', 'EMB_P', 'EMB_P', 'EMB_P', 'EMB_P', 'EMB_P', 'EMB_P', 'EMB_P', 'EMB_P', 'EMB_P', 'EMB_P', 'EMB_P', 'EMB_P', 'EMB_P', 'EMB_P', 'EMB_P', 'EMB_P', 'EMB_P', 'EMB_P', 'EMB_P', 'EMB_P', 'EMB_P', 'EMB_P', 'EMB_P', 'EMB_P', 'EMB_P', 'EMB_P', 'EMB_P', 'EMB_P', 'EMB_P', 'EMB_P', 'EMB_P', 'EMB_P', 'EMB_P', 'EMB_P', 'EMB_P', 'EMB_P', 'EMB_P', 'EMB_P', 'EMB_P', 'EMB_P', 'EMB_P', 'EMB_P', 'EMB_P', 'EMB_P', 'EMB_P', 'EMB_P', 'EMB_P', 'EMB_P', 'EMB_P', 'EMB_P', 'EMB_P', 'EMB_P', 'EMB_P', 'EMB_P', 'EMB_P', 'EMB_P', 'EMB_P', 'EMB_P', 'EMB_P', 'EMB_P', 'EMB_P', 'EMB_P', 'EMB_P', 'EMB_P', 'EMB_P', 'EMB_P', 'EMB_P', 'EMB_P', 'EMB_P', 'EMB_P', 'EMB_P', 'EMB_P', 'EMB_P', 'EMB_P', 'EMB_P', 'EMB_P', 'EMB_P', 'EMB_P', 'EMB_P', 'EMB_P', 'EMB_P', 'EMB_P', 'EMB_P', 'EMB_P', 'EMB_P', 'EMB_P', 'EMB_P', 'EMB_P', 'EMB_P']"
63,budget laptop,NULL,laptop_quad_dev_55,"overall , this budget laptop ticks all the boxes and there is nothing on the market that is new with so many features crammed in at this price .",6.25,6.25,"['EMB_O', 'EMB_O', 'EMB_O', 'EMB_O', 'ASP_B', 'ASP_I', 'ASP_E', 'EMB_O', 'EMB_O', 'EMB_O', 'EMB_O', 'EMB_O', 'EMB_O', 'EMB_O', 'EMB_O', 'EMB_O', 'EMB_O', 'EMB_O', 'EMB_O', 'EMB_O', 'EMB_O', 'EMB_O', 'EMB_O', 'EMB_O', 'EMB_O', 'EMB_O', 'EMB_O', 'EMB_O', 'EMB_O', 'EMB_O', 'EMB_O', 'EMB_O', 'EMB_O', 'EMB_O', 'EMB_O', 'EMB_P', 'EMB_P', 'EMB_P', 'EMB_P', 'EMB_P', 'EMB_P', 'EMB_P', 'EMB_P', 'EMB_P', 'EMB_P', 'EMB_P', 'EMB_P', 'EMB_P', 'EMB_P', 'EMB_P', 'EMB_P', 'EMB_P', 'EMB_P', 'EMB_P', 'EMB_P', 'EMB_P', 'EMB_P', 'EMB_P', 'EMB_P', 'EMB_P', 'EMB_P', 'EMB_P', 'EMB_P', 'EMB_P', 'EMB_P', 'EMB_P', 'EMB_P', 'EMB_P', 'EMB_P', 'EMB_P', 'EMB_P', 'EMB_P', 'EMB_P', 'EMB_P', 'EMB_P', 'EMB_P', 'EMB_P', 'EMB_P', 'EMB_P', 'EMB_P', 'EMB_P', 'EMB_P', 'EMB_P', 'EMB_P', 'EMB_P', 'EMB_P', 'EMB_P', 'EMB_P', 'EMB_P', 'EMB_P', 'EMB_P', 'EMB_P', 'EMB_P', 'EMB_P', 'EMB_P', 'EMB_P', 'EMB_P', 'EMB_P', 'EMB_P', 'EMB_P', 'EMB_P', 'EMB_P', 'EMB_P', 'EMB_P', 'EMB_P', 'EMB_P', 'EMB_P', 'EMB_P', 'EMB_P', 'EMB_P', 'EMB_P', 'EMB_P', 'EMB_P', 'EMB_P', 'EMB_P', 'EMB_P', 'EMB_P', 'EMB_P', 'EMB_P', 'EMB_P', 'EMB_P', 'EMB_P', 'EMB_P', 'EMB_P', 'EMB_P', 'EMB_P', 'EMB_P', 'EMB_P']","['EMB_O', 'EMB_O', 'EMB_O', 'EMB_O', 'EMB_O', 'EMB_O', 'EMB_O', 'EMB_O', 'EMB_O', 'EMB_O', 'EMB_O', 'EMB_O', 'EMB_O', 'EMB_O', 'EMB_O', 'EMB_O', 'EMB_O', 'EMB_O', 'EMB_O', 'EMB_O', 'EMB_O', 'EMB_O', 'EMB_O', 'EMB_O', 'EMB_O', 'EMB_O', 'EMB_O', 'EMB_O', 'EMB_O', 'EMB_O', 'EMB_O', 'EMB_O', 'EMB_O', 'EMB_O', 'EMB_O', 'EMB_P', 'EMB_P', 'EMB_P', 'EMB_P', 'EMB_P', 'EMB_P', 'EMB_P', 'EMB_P', 'EMB_P', 'EMB_P', 'EMB_P', 'EMB_P', 'EMB_P', 'EMB_P', 'EMB_P', 'EMB_P', 'EMB_P', 'EMB_P', 'EMB_P', 'EMB_P', 'EMB_P', 'EMB_P', 'EMB_P', 'EMB_P', 'EMB_P', 'EMB_P', 'EMB_P', 'EMB_P', 'EMB_P', 'EMB_P', 'EMB_P', 'EMB_P', 'EMB_P', 'EMB_P', 'EMB_P', 'EMB_P', 'EMB_P', 'EMB_P', 'EMB_P', 'EMB_P', 'EMB_P', 'EMB_P', 'EMB_P', 'EMB_P', 'EMB_P', 'EMB_P', 'EMB_P', 'EMB_P', 'EMB_P', 'EMB_P', 'EMB_P', 'EMB_P', 'EMB_P', 'EMB_P', 'EMB_P', 'EMB_P', 'EMB_P', 'EMB_P', 'EMB_P', 'EMB_P', 'EMB_P', 'EMB_P', 'EMB_P', 'EMB_P', 'EMB_P', 'EMB_P', 'EMB_P', 'EMB_P', 'EMB_P', 'EMB_P', 'EMB_P', 'EMB_P', 'EMB_P', 'EMB_P', 'EMB_P', 'EMB_P', 'EMB_P', 'EMB_P', 'EMB_P', 'EMB_P', 'EMB_P', 'EMB_P', 'EMB_P', 'EMB_P', 'EMB_P', 'EMB_P', 'EMB_P', 'EMB_P', 'EMB_P', 'EMB_P', 'EMB_P', 'EMB_P', 'EMB_P']"
64,NULL,NULL,laptop_quad_dev_56,can ' t beat it for the price .,5.8,5.8,"['EMB_O', 'EMB_O', 'EMB_O', 'EMB_O', 'EMB_O', 'EMB_O', 'EMB_O', 'EMB_O', 'EMB_O', 'EMB_O', 'EMB_O', 'EMB_P', 'EMB_P', 'EMB_P', 'EMB_P', 'EMB_P', 'EMB_P', 'EMB_P', 'EMB_P', 'EMB_P', 'EMB_P', 'EMB_P', 'EMB_P', 'EMB_P', 'EMB_P', 'EMB_P', 'EMB_P', 'EMB_P', 'EMB_P', 'EMB_P', 'EMB_P', 'EMB_P', 'EMB_P', 'EMB_P', 'EMB_P', 'EMB_P', 'EMB_P', 'EMB_P', 'EMB_P', 'EMB_P', 'EMB_P', 'EMB_P', 'EMB_P', 'EMB_P', 'EMB_P', 'EMB_P', 'EMB_P', 'EMB_P', 'EMB_P', 'EMB_P', 'EMB_P', 'EMB_P', 'EMB_P', 'EMB_P', 'EMB_P', 'EMB_P', 'EMB_P', 'EMB_P', 'EMB_P', 'EMB_P', 'EMB_P', 'EMB_P', 'EMB_P', 'EMB_P', 'EMB_P', 'EMB_P', 'EMB_P', 'EMB_P', 'EMB_P', 'EMB_P', 'EMB_P', 'EMB_P', 'EMB_P', 'EMB_P', 'EMB_P', 'EMB_P', 'EMB_P', 'EMB_P', 'EMB_P', 'EMB_P', 'EMB_P', 'EMB_P', 'EMB_P', 'EMB_P', 'EMB_P', 'EMB_P', 'EMB_P', 'EMB_P', 'EMB_P', 'EMB_P', 'EMB_P', 'EMB_P', 'EMB_P', 'EMB_P', 'EMB_P', 'EMB_P', 'EMB_P', 'EMB_P', 'EMB_P', 'EMB_P', 'EMB_P', 'EMB_P', 'EMB_P', 'EMB_P', 'EMB_P', 'EMB_P', 'EMB_P', 'EMB_P', 'EMB_P', 'EMB_P', 'EMB_P', 'EMB_P', 'EMB_P', 'EMB_P', 'EMB_P', 'EMB_P', 'EMB_P', 'EMB_P', 'EMB_P', 'EMB_P', 'EMB_P', 'EMB_P', 'EMB_P', 'EMB_P', 'EMB_P', 'EMB_P', 'EMB_P', 'EMB_P']","['EMB_O', 'EMB_O', 'EMB_O', 'EMB_O', 'EMB_O', 'EMB_O', 'EMB_O', 'EMB_O', 'EMB_O', 'EMB_O', 'EMB_O', 'EMB_P', 'EMB_P', 'EMB_P', 'EMB_P', 'EMB_P', 'EMB_P', 'EMB_P', 'EMB_P', 'EMB_P', 'EMB_P', 'EMB_P', 'EMB_P', 'EMB_P', 'EMB_P', 'EMB_P', 'EMB_P', 'EMB_P', 'EMB_P', 'EMB_P', 'EMB_P', 'EMB_P', 'EMB_P', 'EMB_P', 'EMB_P', 'EMB_P', 'EMB_P', 'EMB_P', 'EMB_P', 'EMB_P', 'EMB_P', 'EMB_P', 'EMB_P', 'EMB_P', 'EMB_P', 'EMB_P', 'EMB_P', 'EMB_P', 'EMB_P', 'EMB_P', 'EMB_P', 'EMB_P', 'EMB_P', 'EMB_P', 'EMB_P', 'EMB_P', 'EMB_P', 'EMB_P', 'EMB_P', 'EMB_P', 'EMB_P', 'EMB_P', 'EMB_P', 'EMB_P', 'EMB_P', 'EMB_P', 'EMB_P', 'EMB_P', 'EMB_P', 'EMB_P', 'EMB_P', 'EMB_P', 'EMB_P', 'EMB_P', 'EMB_P', 'EMB_P', 'EMB_P', 'EMB_P', 'EMB_P', 'EMB_P', 'EMB_P', 'EMB_P', 'EMB_P', 'EMB_P', 'EMB_P', 'EMB_P', 'EMB_P', 'EMB_P', 'EMB_P', 'EMB_P', 'EMB_P', 'EMB_P', 'EMB_P', 'EMB_P', 'EMB_P', 'EMB_P', 'EMB_P', 'EMB_P', 'EMB_P', 'EMB_P', 'EMB_P', 'EMB_P', 'EMB_P', 'EMB_P', 'EMB_P', 'EMB_P', 'EMB_P', 'EMB_P', 'EMB_P', 'EMB_P', 'EMB_P', 'EMB_P', 'EMB_P', 'EMB_P', 'EMB_P', 'EMB_P', 'EMB_P', 'EMB_P', 'EMB_P', 'EMB_P', 'EMB_P', 'EMB_P', 'EMB_P', 'EMB_P', 'EMB_P', 'EMB_P', 'EMB_P', 'EMB_P']"
65,ram slots,really easy,laptop_quad_dev_57,also love that access to the hd / ssd and ram slots is really easy .,7.62,7.5,"['EMB_O', 'EMB_O', 'EMB_O', 'EMB_O', 'EMB_O', 'EMB_O', 'EMB_O', 'EMB_O', 'EMB_O', 'EMB_O', 'EMB_O', 'EMB_O', 'EMB_O', 'ASP_B', 'ASP_I', 'ASP_I', 'ASP_E', 'EMB_O', 'EMB_O', 'EMB_O', 'EMB_O', 'EMB_O', 'EMB_P', 'EMB_P', 'EMB_P', 'EMB_P', 'EMB_P', 'EMB_P', 'EMB_P', 'EMB_P', 'EMB_P', 'EMB_P', 'EMB_P', 'EMB_P', 'EMB_P', 'EMB_P', 'EMB_P', 'EMB_P', 'EMB_P', 'EMB_P', 'EMB_P', 'EMB_P', 'EMB_P', 'EMB_P', 'EMB_P', 'EMB_P', 'EMB_P', 'EMB_P', 'EMB_P', 'EMB_P', 'EMB_P', 'EMB_P', 'EMB_P', 'EMB_P', 'EMB_P', 'EMB_P', 'EMB_P', 'EMB_P', 'EMB_P', 'EMB_P', 'EMB_P', 'EMB_P', 'EMB_P', 'EMB_P', 'EMB_P', 'EMB_P', 'EMB_P', 'EMB_P', 'EMB_P', 'EMB_P', 'EMB_P', 'EMB_P', 'EMB_P', 'EMB_P', 'EMB_P', 'EMB_P', 'EMB_P', 'EMB_P', 'EMB_P', 'EMB_P', 'EMB_P', 'EMB_P', 'EMB_P', 'EMB_P', 'EMB_P', 'EMB_P', 'EMB_P', 'EMB_P', 'EMB_P', 'EMB_P', 'EMB_P', 'EMB_P', 'EMB_P', 'EMB_P', 'EMB_P', 'EMB_P', 'EMB_P', 'EMB_P', 'EMB_P', 'EMB_P', 'EMB_P', 'EMB_P', 'EMB_P', 'EMB_P', 'EMB_P', 'EMB_P', 'EMB_P', 'EMB_P', 'EMB_P', 'EMB_P', 'EMB_P', 'EMB_P', 'EMB_P', 'EMB_P', 'EMB_P', 'EMB_P', 'EMB_P', 'EMB_P', 'EMB_P', 'EMB_P', 'EMB_P', 'EMB_P', 'EMB_P', 'EMB_P', 'EMB_P', 'EMB_P', 'EMB_P', 'EMB_P']","['EMB_O', 'EMB_O', 'EMB_O', 'EMB_O', 'EMB_O', 'EMB_O', 'EMB_O', 'EMB_O', 'EMB_O', 'EMB_O', 'EMB_O', 'EMB_O', 'EMB_O', 'EMB_O', 'EMB_O', 'EMB_O', 'EMB_O', 'EMB_O', 'OPN_B', 'OPN_E', 'EMB_O', 'EMB_O', 'EMB_P', 'EMB_P', 'EMB_P', 'EMB_P', 'EMB_P', 'EMB_P', 'EMB_P', 'EMB_P', 'EMB_P', 'EMB_P', 'EMB_P', 'EMB_P', 'EMB_P', 'EMB_P', 'EMB_P', 'EMB_P', 'EMB_P', 'EMB_P', 'EMB_P', 'EMB_P', 'EMB_P', 'EMB_P', 'EMB_P', 'EMB_P', 'EMB_P', 'EMB_P', 'EMB_P', 'EMB_P', 'EMB_P', 'EMB_P', 'EMB_P', 'EMB_P', 'EMB_P', 'EMB_P', 'EMB_P', 'EMB_P', 'EMB_P', 'EMB_P', 'EMB_P', 'EMB_P', 'EMB_P', 'EMB_P', 'EMB_P', 'EMB_P', 'EMB_P', 'EMB_P', 'EMB_P', 'EMB_P', 'EMB_P', 'EMB_P', 'EMB_P', 'EMB_P', 'EMB_P', 'EMB_P', 'EMB_P', 'EMB_P', 'EMB_P', 'EMB_P', 'EMB_P', 'EMB_P', 'EMB_P', 'EMB_P', 'EMB_P', 'EMB_P', 'EMB_P', 'EMB_P', 'EMB_P', 'EMB_P', 'EMB_P', 'EMB_P', 'EMB_P', 'EMB_P', 'EMB_P', 'EMB_P', 'EMB_P', 'EMB_P', 'EMB_P', 'EMB_P', 'EMB_P', 'EMB_P', 'EMB_P', 'EMB_P', 'EMB_P', 'EMB_P', 'EMB_P', 'EMB_P', 'EMB_P', 'EMB_P', 'EMB_P', 'EMB_P', 'EMB_P', 'EMB_P', 'EMB_P', 'EMB_P', 'EMB_P', 'EMB_P', 'EMB_P', 'EMB_P', 'EMB_P', 'EMB_P', 'EMB_P', 'EMB_P', 'EMB_P', 'EMB_P', 'EMB_P', 'EMB_P']"
66,hd / ssd,so love,laptop_quad_dev_57,also love that access to the hd / ssd and ram slots is really easy .,7.62,7.62,"['EMB_O', 'EMB_O', 'EMB_O', 'EMB_O', 'EMB_O', 'EMB_O', 'EMB_O', 'ASP_B', 'ASP_I', 'ASP_I', 'ASP_I', 'ASP_E', 'EMB_O', 'EMB_O', 'EMB_O', 'EMB_O', 'EMB_O', 'EMB_O', 'EMB_O', 'EMB_O', 'EMB_O', 'EMB_O', 'EMB_P', 'EMB_P', 'EMB_P', 'EMB_P', 'EMB_P', 'EMB_P', 'EMB_P', 'EMB_P', 'EMB_P', 'EMB_P', 'EMB_P', 'EMB_P', 'EMB_P', 'EMB_P', 'EMB_P', 'EMB_P', 'EMB_P', 'EMB_P', 'EMB_P', 'EMB_P', 'EMB_P', 'EMB_P', 'EMB_P', 'EMB_P', 'EMB_P', 'EMB_P', 'EMB_P', 'EMB_P', 'EMB_P', 'EMB_P', 'EMB_P', 'EMB_P', 'EMB_P', 'EMB_P', 'EMB_P', 'EMB_P', 'EMB_P', 'EMB_P', 'EMB_P', 'EMB_P', 'EMB_P', 'EMB_P', 'EMB_P', 'EMB_P', 'EMB_P', 'EMB_P', 'EMB_P', 'EMB_P', 'EMB_P', 'EMB_P', 'EMB_P', 'EMB_P', 'EMB_P', 'EMB_P', 'EMB_P', 'EMB_P', 'EMB_P', 'EMB_P', 'EMB_P', 'EMB_P', 'EMB_P', 'EMB_P', 'EMB_P', 'EMB_P', 'EMB_P', 'EMB_P', 'EMB_P', 'EMB_P', 'EMB_P', 'EMB_P', 'EMB_P', 'EMB_P', 'EMB_P', 'EMB_P', 'EMB_P', 'EMB_P', 'EMB_P', 'EMB_P', 'EMB_P', 'EMB_P', 'EMB_P', 'EMB_P', 'EMB_P', 'EMB_P', 'EMB_P', 'EMB_P', 'EMB_P', 'EMB_P', 'EMB_P', 'EMB_P', 'EMB_P', 'EMB_P', 'EMB_P', 'EMB_P', 'EMB_P', 'EMB_P', 'EMB_P', 'EMB_P', 'EMB_P', 'EMB_P', 'EMB_P', 'EMB_P', 'EMB_P', 'EMB_P', 'EMB_P', 'EMB_P']","['EMB_O', 'EMB_O', 'EMB_O', 'EMB_O', 'EMB_O', 'EMB_O', 'EMB_O', 'EMB_O', 'EMB_O', 'EMB_O', 'EMB_O', 'EMB_O', 'EMB_O', 'EMB_O', 'EMB_O', 'EMB_O', 'EMB_O', 'EMB_O', 'EMB_O', 'EMB_O', 'EMB_O', 'EMB_O', 'EMB_P', 'EMB_P', 'EMB_P', 'EMB_P', 'EMB_P', 'EMB_P', 'EMB_P', 'EMB_P', 'EMB_P', 'EMB_P', 'EMB_P', 'EMB_P', 'EMB_P', 'EMB_P', 'EMB_P', 'EMB_P', 'EMB_P', 'EMB_P', 'EMB_P', 'EMB_P', 'EMB_P', 'EMB_P', 'EMB_P', 'EMB_P', 'EMB_P', 'EMB_P', 'EMB_P', 'EMB_P', 'EMB_P', 'EMB_P', 'EMB_P', 'EMB_P', 'EMB_P', 'EMB_P', 'EMB_P', 'EMB_P', 'EMB_P', 'EMB_P', 'EMB_P', 'EMB_P', 'EMB_P', 'EMB_P', 'EMB_P', 'EMB_P', 'EMB_P', 'EMB_P', 'EMB_P', 'EMB_P', 'EMB_P', 'EMB_P', 'EMB_P', 'EMB_P', 'EMB_P', 'EMB_P', 'EMB_P', 'EMB_P', 'EMB_P', 'EMB_P', 'EMB_P', 'EMB_P', 'EMB_P', 'EMB_P', 'EMB_P', 'EMB_P', 'EMB_P', 'EMB_P', 'EMB_P', 'EMB_P', 'EMB_P', 'EMB_P', 'EMB_P', 'EMB_P', 'EMB_P', 'EMB_P', 'EMB_P', 'EMB_P', 'EMB_P', 'EMB_P', 'EMB_P', 'EMB_P', 'EMB_P', 'EMB_P', 'EMB_P', 'EMB_P', 'EMB_P', 'EMB_P', 'EMB_P', 'EMB_P', 'EMB_P', 'EMB_P', 'EMB_P', 'EMB_P', 'EMB_P', 'EMB_P', 'EMB_P', 'EMB_P', 'EMB_P', 'EMB_P', 'EMB_P', 'EMB_P', 'EMB_P', 'EMB_P', 'EMB_P', 'EMB_P', 'EMB_P', 'EMB_P']"
67,acer,NULL,laptop_quad_dev_58,acer seems to be the only one who puts together stuff like this .,6.38,6.38,"['EMB_O', 'ASP_B', 'ASP_E', 'EMB_O', 'EMB_O', 'EMB_O', 'EMB_O', 'EMB_O', 'EMB_O', 'EMB_O', 'EMB_O', 'EMB_O', 'EMB_O', 'EMB_O', 'EMB_O', 'EMB_O', 'EMB_O', 'EMB_O', 'EMB_P', 'EMB_P', 'EMB_P', 'EMB_P', 'EMB_P', 'EMB_P', 'EMB_P', 'EMB_P', 'EMB_P', 'EMB_P', 'EMB_P', 'EMB_P', 'EMB_P', 'EMB_P', 'EMB_P', 'EMB_P', 'EMB_P', 'EMB_P', 'EMB_P', 'EMB_P', 'EMB_P', 'EMB_P', 'EMB_P', 'EMB_P', 'EMB_P', 'EMB_P', 'EMB_P', 'EMB_P', 'EMB_P', 'EMB_P', 'EMB_P', 'EMB_P', 'EMB_P', 'EMB_P', 'EMB_P', 'EMB_P', 'EMB_P', 'EMB_P', 'EMB_P', 'EMB_P', 'EMB_P', 'EMB_P', 'EMB_P', 'EMB_P', 'EMB_P', 'EMB_P', 'EMB_P', 'EMB_P', 'EMB_P', 'EMB_P', 'EMB_P', 'EMB_P', 'EMB_P', 'EMB_P', 'EMB_P', 'EMB_P', 'EMB_P', 'EMB_P', 'EMB_P', 'EMB_P', 'EMB_P', 'EMB_P', 'EMB_P', 'EMB_P', 'EMB_P', 'EMB_P', 'EMB_P', 'EMB_P', 'EMB_P', 'EMB_P', 'EMB_P', 'EMB_P', 'EMB_P', 'EMB_P', 'EMB_P', 'EMB_P', 'EMB_P', 'EMB_P', 'EMB_P', 'EMB_P', 'EMB_P', 'EMB_P', 'EMB_P', 'EMB_P', 'EMB_P', 'EMB_P', 'EMB_P', 'EMB_P', 'EMB_P', 'EMB_P', 'EMB_P', 'EMB_P', 'EMB_P', 'EMB_P', 'EMB_P', 'EMB_P', 'EMB_P', 'EMB_P', 'EMB_P', 'EMB_P', 'EMB_P', 'EMB_P', 'EMB_P', 'EMB_P', 'EMB_P', 'EMB_P', 'EMB_P', 'EMB_P', 'EMB_P', 'EMB_P']","['EMB_O', 'EMB_O', 'EMB_O', 'EMB_O', 'EMB_O', 'EMB_O', 'EMB_O', 'EMB_O', 'EMB_O', 'EMB_O', 'EMB_O', 'EMB_O', 'EMB_O', 'EMB_O', 'EMB_O', 'EMB_O', 'EMB_O', 'EMB_O', 'EMB_P', 'EMB_P', 'EMB_P', 'EMB_P', 'EMB_P', 'EMB_P', 'EMB_P', 'EMB_P', 'EMB_P', 'EMB_P', 'EMB_P', 'EMB_P', 'EMB_P', 'EMB_P', 'EMB_P', 'EMB_P', 'EMB_P', 'EMB_P', 'EMB_P', 'EMB_P', 'EMB_P', 'EMB_P', 'EMB_P', 'EMB_P', 'EMB_P', 'EMB_P', 'EMB_P', 'EMB_P', 'EMB_P', 'EMB_P', 'EMB_P', 'EMB_P', 'EMB_P', 'EMB_P', 'EMB_P', 'EMB_P', 'EMB_P', 'EMB_P', 'EMB_P', 'EMB_P', 'EMB_P', 'EMB_P', 'EMB_P', 'EMB_P', 'EMB_P', 'EMB_P', 'EMB_P', 'EMB_P', 'EMB_P', 'EMB_P', 'EMB_P', 'EMB_P', 'EMB_P', 'EMB_P', 'EMB_P', 'EMB_P', 'EMB_P', 'EMB_P', 'EMB_P', 'EMB_P', 'EMB_P', 'EMB_P', 'EMB_P', 'EMB_P', 'EMB_P', 'EMB_P', 'EMB_P', 'EMB_P', 'EMB_P', 'EMB_P', 'EMB_P', 'EMB_P', 'EMB_P', 'EMB_P', 'EMB_P', 'EMB_P', 'EMB_P', 'EMB_P', 'EMB_P', 'EMB_P', 'EMB_P', 'EMB_P', 'EMB_P', 'EMB_P', 'EMB_P', 'EMB_P', 'EMB_P', 'EMB_P', 'EMB_P', 'EMB_P', 'EMB_P', 'EMB_P', 'EMB_P', 'EMB_P', 'EMB_P', 'EMB_P', 'EMB_P', 'EMB_P', 'EMB_P', 'EMB_P', 'EMB_P', 'EMB_P', 'EMB_P', 'EMB_P', 'EMB_P', 'EMB_P', 'EMB_P', 'EMB_P', 'EMB_P', 'EMB_P']"
68,bluetooth,NULL,laptop_quad_dev_59,the bluetooth connects easily to everything .,5.88,5.62,"['EMB_O', 'EMB_O', 'ASP_B', 'ASP_I', 'ASP_E', 'EMB_O', 'EMB_O', 'EMB_O', 'EMB_O', 'EMB_O', 'EMB_O', 'EMB_P', 'EMB_P', 'EMB_P', 'EMB_P', 'EMB_P', 'EMB_P', 'EMB_P', 'EMB_P', 'EMB_P', 'EMB_P', 'EMB_P', 'EMB_P', 'EMB_P', 'EMB_P', 'EMB_P', 'EMB_P', 'EMB_P', 'EMB_P', 'EMB_P', 'EMB_P', 'EMB_P', 'EMB_P', 'EMB_P', 'EMB_P', 'EMB_P', 'EMB_P', 'EMB_P', 'EMB_P', 'EMB_P', 'EMB_P', 'EMB_P', 'EMB_P', 'EMB_P', 'EMB_P', 'EMB_P', 'EMB_P', 'EMB_P', 'EMB_P', 'EMB_P', 'EMB_P', 'EMB_P', 'EMB_P', 'EMB_P', 'EMB_P', 'EMB_P', 'EMB_P', 'EMB_P', 'EMB_P', 'EMB_P', 'EMB_P', 'EMB_P', 'EMB_P', 'EMB_P', 'EMB_P', 'EMB_P', 'EMB_P', 'EMB_P', 'EMB_P', 'EMB_P', 'EMB_P', 'EMB_P', 'EMB_P', 'EMB_P', 'EMB_P', 'EMB_P', 'EMB_P', 'EMB_P', 'EMB_P', 'EMB_P', 'EMB_P', 'EMB_P', 'EMB_P', 'EMB_P', 'EMB_P', 'EMB_P', 'EMB_P', 'EMB_P', 'EMB_P', 'EMB_P', 'EMB_P', 'EMB_P', 'EMB_P', 'EMB_P', 'EMB_P', 'EMB_P', 'EMB_P', 'EMB_P', 'EMB_P', 'EMB_P', 'EMB_P', 'EMB_P', 'EMB_P', 'EMB_P', 'EMB_P', 'EMB_P', 'EMB_P', 'EMB_P', 'EMB_P', 'EMB_P', 'EMB_P', 'EMB_P', 'EMB_P', 'EMB_P', 'EMB_P', 'EMB_P', 'EMB_P', 'EMB_P', 'EMB_P', 'EMB_P', 'EMB_P', 'EMB_P', 'EMB_P', 'EMB_P', 'EMB_P', 'EMB_P', 'EMB_P', 'EMB_P']","['EMB_O', 'EMB_O', 'EMB_O', 'EMB_O', 'EMB_O', 'EMB_O', 'EMB_O', 'EMB_O', 'EMB_O', 'EMB_O', 'EMB_O', 'EMB_P', 'EMB_P', 'EMB_P', 'EMB_P', 'EMB_P', 'EMB_P', 'EMB_P', 'EMB_P', 'EMB_P', 'EMB_P', 'EMB_P', 'EMB_P', 'EMB_P', 'EMB_P', 'EMB_P', 'EMB_P', 'EMB_P', 'EMB_P', 'EMB_P', 'EMB_P', 'EMB_P', 'EMB_P', 'EMB_P', 'EMB_P', 'EMB_P', 'EMB_P', 'EMB_P', 'EMB_P', 'EMB_P', 'EMB_P', 'EMB_P', 'EMB_P', 'EMB_P', 'EMB_P', 'EMB_P', 'EMB_P', 'EMB_P', 'EMB_P', 'EMB_P', 'EMB_P', 'EMB_P', 'EMB_P', 'EMB_P', 'EMB_P', 'EMB_P', 'EMB_P', 'EMB_P', 'EMB_P', 'EMB_P', 'EMB_P', 'EMB_P', 'EMB_P', 'EMB_P', 'EMB_P', 'EMB_P', 'EMB_P', 'EMB_P', 'EMB_P', 'EMB_P', 'EMB_P', 'EMB_P', 'EMB_P', 'EMB_P', 'EMB_P', 'EMB_P', 'EMB_P', 'EMB_P', 'EMB_P', 'EMB_P', 'EMB_P', 'EMB_P', 'EMB_P', 'EMB_P', 'EMB_P', 'EMB_P', 'EMB_P', 'EMB_P', 'EMB_P', 'EMB_P', 'EMB_P', 'EMB_P', 'EMB_P', 'EMB_P', 'EMB_P', 'EMB_P', 'EMB_P', 'EMB_P', 'EMB_P', 'EMB_P', 'EMB_P', 'EMB_P', 'EMB_P', 'EMB_P', 'EMB_P', 'EMB_P', 'EMB_P', 'EMB_P', 'EMB_P', 'EMB_P', 'EMB_P', 'EMB_P', 'EMB_P', 'EMB_P', 'EMB_P', 'EMB_P', 'EMB_P', 'EMB_P', 'EMB_P', 'EMB_P', 'EMB_P', 'EMB_P', 'EMB_P', 'EMB_P', 'EMB_P', 'EMB_P', 'EMB_P', 'EMB_P']"
69,boots,NULL,laptop_quad_dev_60,it boots in seconds although i usually just leave it on constantly .,5.12,5.5,"['EMB_O', 'EMB_O', 'ASP_B', 'ASP_E', 'EMB_O', 'EMB_O', 'EMB_O', 'EMB_O', 'EMB_O', 'EMB_O', 'EMB_O', 'EMB_O', 'EMB_O', 'EMB_O', 'EMB_O', 'EMB_O', 'EMB_P', 'EMB_P', 'EMB_P', 'EMB_P', 'EMB_P', 'EMB_P', 'EMB_P', 'EMB_P', 'EMB_P', 'EMB_P', 'EMB_P', 'EMB_P', 'EMB_P', 'EMB_P', 'EMB_P', 'EMB_P', 'EMB_P', 'EMB_P', 'EMB_P', 'EMB_P', 'EMB_P', 'EMB_P', 'EMB_P', 'EMB_P', 'EMB_P', 'EMB_P', 'EMB_P', 'EMB_P', 'EMB_P', 'EMB_P', 'EMB_P', 'EMB_P', 'EMB_P', 'EMB_P', 'EMB_P', 'EMB_P', 'EMB_P', 'EMB_P', 'EMB_P', 'EMB_P', 'EMB_P', 'EMB_P', 'EMB_P', 'EMB_P', 'EMB_P', 'EMB_P', 'EMB_P', 'EMB_P', 'EMB_P', 'EMB_P', 'EMB_P', 'EMB_P', 'EMB_P', 'EMB_P', 'EMB_P', 'EMB_P', 'EMB_P', 'EMB_P', 'EMB_P', 'EMB_P', 'EMB_P', 'EMB_P', 'EMB_P', 'EMB_P', 'EMB_P', 'EMB_P', 'EMB_P', 'EMB_P', 'EMB_P', 'EMB_P', 'EMB_P', 'EMB_P', 'EMB_P', 'EMB_P', 'EMB_P', 'EMB_P', 'EMB_P', 'EMB_P', 'EMB_P', 'EMB_P', 'EMB_P', 'EMB_P', 'EMB_P', 'EMB_P', 'EMB_P', 'EMB_P', 'EMB_P', 'EMB_P', 'EMB_P', 'EMB_P', 'EMB_P', 'EMB_P', 'EMB_P', 'EMB_P', 'EMB_P', 'EMB_P', 'EMB_P', 'EMB_P', 'EMB_P', 'EMB_P', 'EMB_P', 'EMB_P', 'EMB_P', 'EMB_P', 'EMB_P', 'EMB_P', 'EMB_P', 'EMB_P', 'EMB_P', 'EMB_P', 'EMB_P', 'EMB_P']","['EMB_O', 'EMB_O', 'EMB_O', 'EMB_O', 'EMB_O', 'EMB_O', 'EMB_O', 'EMB_O', 'EMB_O', 'EMB_O', 'EMB_O', 'EMB_O', 'EMB_O', 'EMB_O', 'EMB_O', 'EMB_O', 'EMB_P', 'EMB_P', 'EMB_P', 'EMB_P', 'EMB_P', 'EMB_P', 'EMB_P', 'EMB_P', 'EMB_P', 'EMB_P', 'EMB_P', 'EMB_P', 'EMB_P', 'EMB_P', 'EMB_P', 'EMB_P', 'EMB_P', 'EMB_P', 'EMB_P', 'EMB_P', 'EMB_P', 'EMB_P', 'EMB_P', 'EMB_P', 'EMB_P', 'EMB_P', 'EMB_P', 'EMB_P', 'EMB_P', 'EMB_P', 'EMB_P', 'EMB_P', 'EMB_P', 'EMB_P', 'EMB_P', 'EMB_P', 'EMB_P', 'EMB_P', 'EMB_P', 'EMB_P', 'EMB_P', 'EMB_P', 'EMB_P', 'EMB_P', 'EMB_P', 'EMB_P', 'EMB_P', 'EMB_P', 'EMB_P', 'EMB_P', 'EMB_P', 'EMB_P', 'EMB_P', 'EMB_P', 'EMB_P', 'EMB_P', 'EMB_P', 'EMB_P', 'EMB_P', 'EMB_P', 'EMB_P', 'EMB_P', 'EMB_P', 'EMB_P', 'EMB_P', 'EMB_P', 'EMB_P', 'EMB_P', 'EMB_P', 'EMB_P', 'EMB_P', 'EMB_P', 'EMB_P', 'EMB_P', 'EMB_P', 'EMB_P', 'EMB_P', 'EMB_P', 'EMB_P', 'EMB_P', 'EMB_P', 'EMB_P', 'EMB_P', 'EMB_P', 'EMB_P', 'EMB_P', 'EMB_P', 'EMB_P', 'EMB_P', 'EMB_P', 'EMB_P', 'EMB_P', 'EMB_P', 'EMB_P', 'EMB_P', 'EMB_P', 'EMB_P', 'EMB_P', 'EMB_P', 'EMB_P', 'EMB_P', 'EMB_P', 'EMB_P', 'EMB_P', 'EMB_P', 'EMB_P', 'EMB_P', 'EMB_P', 'EMB_P', 'EMB_P', 'EMB_P', 'EMB_P']"
70,battery life,excellent,laptop_quad_dev_61,"- the battery life is excellent ( i get 6 - 8 hours of normal university student usage out of it ) and even when i ' m using it , it charges as fast as my phone .",7.83,7.83,"['EMB_O', 'EMB_O', 'EMB_O', 'ASP_B', 'ASP_E', 'EMB_O', 'EMB_O', 'EMB_O', 'EMB_O', 'EMB_O', 'EMB_O', 'EMB_O', 'EMB_O', 'EMB_O', 'EMB_O', 'EMB_O', 'EMB_O', 'EMB_O', 'EMB_O', 'EMB_O', 'EMB_O', 'EMB_O', 'EMB_O', 'EMB_O', 'EMB_O', 'EMB_O', 'EMB_O', 'EMB_O', 'EMB_O', 'EMB_O', 'EMB_O', 'EMB_O', 'EMB_O', 'EMB_O', 'EMB_O', 'EMB_O', 'EMB_O', 'EMB_O', 'EMB_O', 'EMB_O', 'EMB_O', 'EMB_P', 'EMB_P', 'EMB_P', 'EMB_P', 'EMB_P', 'EMB_P', 'EMB_P', 'EMB_P', 'EMB_P', 'EMB_P', 'EMB_P', 'EMB_P', 'EMB_P', 'EMB_P', 'EMB_P', 'EMB_P', 'EMB_P', 'EMB_P', 'EMB_P', 'EMB_P', 'EMB_P', 'EMB_P', 'EMB_P', 'EMB_P', 'EMB_P', 'EMB_P', 'EMB_P', 'EMB_P', 'EMB_P', 'EMB_P', 'EMB_P', 'EMB_P', 'EMB_P', 'EMB_P', 'EMB_P', 'EMB_P', 'EMB_P', 'EMB_P', 'EMB_P', 'EMB_P', 'EMB_P', 'EMB_P', 'EMB_P', 'EMB_P', 'EMB_P', 'EMB_P', 'EMB_P', 'EMB_P', 'EMB_P', 'EMB_P', 'EMB_P', 'EMB_P', 'EMB_P', 'EMB_P', 'EMB_P', 'EMB_P', 'EMB_P', 'EMB_P', 'EMB_P', 'EMB_P', 'EMB_P', 'EMB_P', 'EMB_P', 'EMB_P', 'EMB_P', 'EMB_P', 'EMB_P', 'EMB_P', 'EMB_P', 'EMB_P', 'EMB_P', 'EMB_P', 'EMB_P', 'EMB_P', 'EMB_P', 'EMB_P', 'EMB_P', 'EMB_P', 'EMB_P', 'EMB_P', 'EMB_P', 'EMB_P', 'EMB_P', 'EMB_P', 'EMB_P', 'EMB_P', 'EMB_P']","['EMB_O', 'EMB_O', 'EMB_O', 'EMB_O', 'EMB_O', 'EMB_O', 'OPN_S', 'EMB_O', 'EMB_O', 'EMB_O', 'EMB_O', 'EMB_O', 'EMB_O', 'EMB_O', 'EMB_O', 'EMB_O', 'EMB_O', 'EMB_O', 'EMB_O', 'EMB_O', 'EMB_O', 'EMB_O', 'EMB_O', 'EMB_O', 'EMB_O', 'EMB_O', 'EMB_O', 'EMB_O', 'EMB_O', 'EMB_O', 'EMB_O', 'EMB_O', 'EMB_O', 'EMB_O', 'EMB_O', 'EMB_O', 'EMB_O', 'EMB_O', 'EMB_O', 'EMB_O', 'EMB_O', 'EMB_P', 'EMB_P', 'EMB_P', 'EMB_P', 'EMB_P', 'EMB_P', 'EMB_P', 'EMB_P', 'EMB_P', 'EMB_P', 'EMB_P', 'EMB_P', 'EMB_P', 'EMB_P', 'EMB_P', 'EMB_P', 'EMB_P', 'EMB_P', 'EMB_P', 'EMB_P', 'EMB_P', 'EMB_P', 'EMB_P', 'EMB_P', 'EMB_P', 'EMB_P', 'EMB_P', 'EMB_P', 'EMB_P', 'EMB_P', 'EMB_P', 'EMB_P', 'EMB_P', 'EMB_P', 'EMB_P', 'EMB_P', 'EMB_P', 'EMB_P', 'EMB_P', 'EMB_P', 'EMB_P', 'EMB_P', 'EMB_P', 'EMB_P', 'EMB_P', 'EMB_P', 'EMB_P', 'EMB_P', 'EMB_P', 'EMB_P', 'EMB_P', 'EMB_P', 'EMB_P', 'EMB_P', 'EMB_P', 'EMB_P', 'EMB_P', 'EMB_P', 'EMB_P', 'EMB_P', 'EMB_P', 'EMB_P', 'EMB_P', 'EMB_P', 'EMB_P', 'EMB_P', 'EMB_P', 'EMB_P', 'EMB_P', 'EMB_P', 'EMB_P', 'EMB_P', 'EMB_P', 'EMB_P', 'EMB_P', 'EMB_P', 'EMB_P', 'EMB_P', 'EMB_P', 'EMB_P', 'EMB_P', 'EMB_P', 'EMB_P', 'EMB_P', 'EMB_P', 'EMB_P', 'EMB_P']"
71,NULL,really well,laptop_quad_dev_62,"however , other than video calls it does really well .",6.75,6.75,"['EMB_O', 'EMB_O', 'EMB_O', 'EMB_O', 'EMB_O', 'EMB_O', 'EMB_O', 'EMB_O', 'EMB_O', 'EMB_O', 'EMB_O', 'EMB_O', 'EMB_O', 'EMB_P', 'EMB_P', 'EMB_P', 'EMB_P', 'EMB_P', 'EMB_P', 'EMB_P', 'EMB_P', 'EMB_P', 'EMB_P', 'EMB_P', 'EMB_P', 'EMB_P', 'EMB_P', 'EMB_P', 'EMB_P', 'EMB_P', 'EMB_P', 'EMB_P', 'EMB_P', 'EMB_P', 'EMB_P', 'EMB_P', 'EMB_P', 'EMB_P', 'EMB_P', 'EMB_P', 'EMB_P', 'EMB_P', 'EMB_P', 'EMB_P', 'EMB_P', 'EMB_P', 'EMB_P', 'EMB_P', 'EMB_P', 'EMB_P', 'EMB_P', 'EMB_P', 'EMB_P', 'EMB_P', 'EMB_P', 'EMB_P', 'EMB_P', 'EMB_P', 'EMB_P', 'EMB_P', 'EMB_P', 'EMB_P', 'EMB_P', 'EMB_P', 'EMB_P', 'EMB_P', 'EMB_P', 'EMB_P', 'EMB_P', 'EMB_P', 'EMB_P', 'EMB_P', 'EMB_P', 'EMB_P', 'EMB_P', 'EMB_P', 'EMB_P', 'EMB_P', 'EMB_P', 'EMB_P', 'EMB_P', 'EMB_P', 'EMB_P', 'EMB_P', 'EMB_P', 'EMB_P', 'EMB_P', 'EMB_P', 'EMB_P', 'EMB_P', 'EMB_P', 'EMB_P', 'EMB_P', 'EMB_P', 'EMB_P', 'EMB_P', 'EMB_P', 'EMB_P', 'EMB_P', 'EMB_P', 'EMB_P', 'EMB_P', 'EMB_P', 'EMB_P', 'EMB_P', 'EMB_P', 'EMB_P', 'EMB_P', 'EMB_P', 'EMB_P', 'EMB_P', 'EMB_P', 'EMB_P', 'EMB_P', 'EMB_P', 'EMB_P', 'EMB_P', 'EMB_P', 'EMB_P', 'EMB_P', 'EMB_P', 'EMB_P', 'EMB_P', 'EMB_P', 'EMB_P', 'EMB_P', 'EMB_P', 'EMB_P']","['EMB_O', 'EMB_O', 'EMB_O', 'EMB_O', 'EMB_O', 'EMB_O', 'EMB_O', 'EMB_O', 'EMB_O', 'OPN_B', 'OPN_E', 'EMB_O', 'EMB_O', 'EMB_P', 'EMB_P', 'EMB_P', 'EMB_P', 'EMB_P', 'EMB_P', 'EMB_P', 'EMB_P', 'EMB_P', 'EMB_P', 'EMB_P', 'EMB_P', 'EMB_P', 'EMB_P', 'EMB_P', 'EMB_P', 'EMB_P', 'EMB_P', 'EMB_P', 'EMB_P', 'EMB_P', 'EMB_P', 'EMB_P', 'EMB_P', 'EMB_P', 'EMB_P', 'EMB_P', 'EMB_P', 'EMB_P', 'EMB_P', 'EMB_P', 'EMB_P', 'EMB_P', 'EMB_P', 'EMB_P', 'EMB_P', 'EMB_P', 'EMB_P', 'EMB_P', 'EMB_P', 'EMB_P', 'EMB_P', 'EMB_P', 'EMB_P', 'EMB_P', 'EMB_P', 'EMB_P', 'EMB_P', 'EMB_P', 'EMB_P', 'EMB_P', 'EMB_P', 'EMB_P', 'EMB_P', 'EMB_P', 'EMB_P', 'EMB_P', 'EMB_P', 'EMB_P', 'EMB_P', 'EMB_P', 'EMB_P', 'EMB_P', 'EMB_P', 'EMB_P', 'EMB_P', 'EMB_P', 'EMB_P', 'EMB_P', 'EMB_P', 'EMB_P', 'EMB_P', 'EMB_P', 'EMB_P', 'EMB_P', 'EMB_P', 'EMB_P', 'EMB_P', 'EMB_P', 'EMB_P', 'EMB_P', 'EMB_P', 'EMB_P', 'EMB_P', 'EMB_P', 'EMB_P', 'EMB_P', 'EMB_P', 'EMB_P', 'EMB_P', 'EMB_P', 'EMB_P', 'EMB_P', 'EMB_P', 'EMB_P', 'EMB_P', 'EMB_P', 'EMB_P', 'EMB_P', 'EMB_P', 'EMB_P', 'EMB_P', 'EMB_P', 'EMB_P', 'EMB_P', 'EMB_P', 'EMB_P', 'EMB_P', 'EMB_P', 'EMB_P', 'EMB_P', 'EMB_P', 'EMB_P', 'EMB_P', 'EMB_P']"
72,spacebar,finicky,laptop_quad_dev_63,- the spacebar is finicky .,3.62,5.75,"['EMB_O', 'EMB_O', 'EMB_O', 'ASP_B', 'ASP_E', 'EMB_O', 'EMB_O', 'EMB_O', 'EMB_O', 'EMB_O', 'EMB_P', 'EMB_P', 'EMB_P', 'EMB_P', 'EMB_P', 'EMB_P', 'EMB_P', 'EMB_P', 'EMB_P', 'EMB_P', 'EMB_P', 'EMB_P', 'EMB_P', 'EMB_P', 'EMB_P', 'EMB_P', 'EMB_P', 'EMB_P', 'EMB_P', 'EMB_P', 'EMB_P', 'EMB_P', 'EMB_P', 'EMB_P', 'EMB_P', 'EMB_P', 'EMB_P', 'EMB_P', 'EMB_P', 'EMB_P', 'EMB_P', 'EMB_P', 'EMB_P', 'EMB_P', 'EMB_P', 'EMB_P', 'EMB_P', 'EMB_P', 'EMB_P', 'EMB_P', 'EMB_P', 'EMB_P', 'EMB_P', 'EMB_P', 'EMB_P', 'EMB_P', 'EMB_P', 'EMB_P', 'EMB_P', 'EMB_P', 'EMB_P', 'EMB_P', 'EMB_P', 'EMB_P', 'EMB_P', 'EMB_P', 'EMB_P', 'EMB_P', 'EMB_P', 'EMB_P', 'EMB_P', 'EMB_P', 'EMB_P', 'EMB_P', 'EMB_P', 'EMB_P', 'EMB_P', 'EMB_P', 'EMB_P', 'EMB_P', 'EMB_P', 'EMB_P', 'EMB_P', 'EMB_P', 'EMB_P', 'EMB_P', 'EMB_P', 'EMB_P', 'EMB_P', 'EMB_P', 'EMB_P', 'EMB_P', 'EMB_P', 'EMB_P', 'EMB_P', 'EMB_P', 'EMB_P', 'EMB_P', 'EMB_P', 'EMB_P', 'EMB_P', 'EMB_P', 'EMB_P', 'EMB_P', 'EMB_P', 'EMB_P', 'EMB_P', 'EMB_P', 'EMB_P', 'EMB_P', 'EMB_P', 'EMB_P', 'EMB_P', 'EMB_P', 'EMB_P', 'EMB_P', 'EMB_P', 'EMB_P', 'EMB_P', 'EMB_P', 'EMB_P', 'EMB_P', 'EMB_P', 'EMB_P', 'EMB_P', 'EMB_P', 'EMB_P', 'EMB_P']","['EMB_O', 'EMB_O', 'EMB_O', 'EMB_O', 'EMB_O', 'EMB_O', 'OPN_B', 'OPN_E', 'EMB_O', 'EMB_O', 'EMB_P', 'EMB_P', 'EMB_P', 'EMB_P', 'EMB_P', 'EMB_P', 'EMB_P', 'EMB_P', 'EMB_P', 'EMB_P', 'EMB_P', 'EMB_P', 'EMB_P', 'EMB_P', 'EMB_P', 'EMB_P', 'EMB_P', 'EMB_P', 'EMB_P', 'EMB_P', 'EMB_P', 'EMB_P', 'EMB_P', 'EMB_P', 'EMB_P', 'EMB_P', 'EMB_P', 'EMB_P', 'EMB_P', 'EMB_P', 'EMB_P', 'EMB_P', 'EMB_P', 'EMB_P', 'EMB_P', 'EMB_P', 'EMB_P', 'EMB_P', 'EMB_P', 'EMB_P', 'EMB_P', 'EMB_P', 'EMB_P', 'EMB_P', 'EMB_P', 'EMB_P', 'EMB_P', 'EMB_P', 'EMB_P', 'EMB_P', 'EMB_P', 'EMB_P', 'EMB_P', 'EMB_P', 'EMB_P', 'EMB_P', 'EMB_P', 'EMB_P', 'EMB_P', 'EMB_P', 'EMB_P', 'EMB_P', 'EMB_P', 'EMB_P', 'EMB_P', 'EMB_P', 'EMB_P', 'EMB_P', 'EMB_P', 'EMB_P', 'EMB_P', 'EMB_P', 'EMB_P', 'EMB_P', 'EMB_P', 'EMB_P', 'EMB_P', 'EMB_P', 'EMB_P', 'EMB_P', 'EMB_P', 'EMB_P', 'EMB_P', 'EMB_P', 'EMB_P', 'EMB_P', 'EMB_P', 'EMB_P', 'EMB_P', 'EMB_P', 'EMB_P', 'EMB_P', 'EMB_P', 'EMB_P', 'EMB_P', 'EMB_P', 'EMB_P', 'EMB_P', 'EMB_P', 'EMB_P', 'EMB_P', 'EMB_P', 'EMB_P', 'EMB_P', 'EMB_P', 'EMB_P', 'EMB_P', 'EMB_P', 'EMB_P', 'EMB_P', 'EMB_P', 'EMB_P', 'EMB_P', 'EMB_P', 'EMB_P', 'EMB_P', 'EMB_P', 'EMB_P']"
73,chromebook,NULL,laptop_quad_dev_64,the chromebook has instant connection and a hugely impressive 8 - hour battery life when left on .,6.0,5.5,"['EMB_O', 'EMB_O', 'ASP_B', 'ASP_I', 'ASP_E', 'EMB_O', 'EMB_O', 'EMB_O', 'EMB_O', 'EMB_O', 'EMB_O', 'EMB_O', 'EMB_O', 'EMB_O', 'EMB_O', 'EMB_O', 'EMB_O', 'EMB_O', 'EMB_O', 'EMB_O', 'EMB_O', 'EMB_O', 'EMB_O', 'EMB_P', 'EMB_P', 'EMB_P', 'EMB_P', 'EMB_P', 'EMB_P', 'EMB_P', 'EMB_P', 'EMB_P', 'EMB_P', 'EMB_P', 'EMB_P', 'EMB_P', 'EMB_P', 'EMB_P', 'EMB_P', 'EMB_P', 'EMB_P', 'EMB_P', 'EMB_P', 'EMB_P', 'EMB_P', 'EMB_P', 'EMB_P', 'EMB_P', 'EMB_P', 'EMB_P', 'EMB_P', 'EMB_P', 'EMB_P', 'EMB_P', 'EMB_P', 'EMB_P', 'EMB_P', 'EMB_P', 'EMB_P', 'EMB_P', 'EMB_P', 'EMB_P', 'EMB_P', 'EMB_P', 'EMB_P', 'EMB_P', 'EMB_P', 'EMB_P', 'EMB_P', 'EMB_P', 'EMB_P', 'EMB_P', 'EMB_P', 'EMB_P', 'EMB_P', 'EMB_P', 'EMB_P', 'EMB_P', 'EMB_P', 'EMB_P', 'EMB_P', 'EMB_P', 'EMB_P', 'EMB_P', 'EMB_P', 'EMB_P', 'EMB_P', 'EMB_P', 'EMB_P', 'EMB_P', 'EMB_P', 'EMB_P', 'EMB_P', 'EMB_P', 'EMB_P', 'EMB_P', 'EMB_P', 'EMB_P', 'EMB_P', 'EMB_P', 'EMB_P', 'EMB_P', 'EMB_P', 'EMB_P', 'EMB_P', 'EMB_P', 'EMB_P', 'EMB_P', 'EMB_P', 'EMB_P', 'EMB_P', 'EMB_P', 'EMB_P', 'EMB_P', 'EMB_P', 'EMB_P', 'EMB_P', 'EMB_P', 'EMB_P', 'EMB_P', 'EMB_P', 'EMB_P', 'EMB_P', 'EMB_P', 'EMB_P', 'EMB_P', 'EMB_P', 'EMB_P']","['EMB_O', 'EMB_O', 'EMB_O', 'EMB_O', 'EMB_O', 'EMB_O', 'EMB_O', 'EMB_O', 'EMB_O', 'EMB_O', 'EMB_O', 'EMB_O', 'EMB_O', 'EMB_O', 'EMB_O', 'EMB_O', 'EMB_O', 'EMB_O', 'EMB_O', 'EMB_O', 'EMB_O', 'EMB_O', 'EMB_O', 'EMB_P', 'EMB_P', 'EMB_P', 'EMB_P', 'EMB_P', 'EMB_P', 'EMB_P', 'EMB_P', 'EMB_P', 'EMB_P', 'EMB_P', 'EMB_P', 'EMB_P', 'EMB_P', 'EMB_P', 'EMB_P', 'EMB_P', 'EMB_P', 'EMB_P', 'EMB_P', 'EMB_P', 'EMB_P', 'EMB_P', 'EMB_P', 'EMB_P', 'EMB_P', 'EMB_P', 'EMB_P', 'EMB_P', 'EMB_P', 'EMB_P', 'EMB_P', 'EMB_P', 'EMB_P', 'EMB_P', 'EMB_P', 'EMB_P', 'EMB_P', 'EMB_P', 'EMB_P', 'EMB_P', 'EMB_P', 'EMB_P', 'EMB_P', 'EMB_P', 'EMB_P', 'EMB_P', 'EMB_P', 'EMB_P', 'EMB_P', 'EMB_P', 'EMB_P', 'EMB_P', 'EMB_P', 'EMB_P', 'EMB_P', 'EMB_P', 'EMB_P', 'EMB_P', 'EMB_P', 'EMB_P', 'EMB_P', 'EMB_P', 'EMB_P', 'EMB_P', 'EMB_P', 'EMB_P', 'EMB_P', 'EMB_P', 'EMB_P', 'EMB_P', 'EMB_P', 'EMB_P', 'EMB_P', 'EMB_P', 'EMB_P', 'EMB_P', 'EMB_P', 'EMB_P', 'EMB_P', 'EMB_P', 'EMB_P', 'EMB_P', 'EMB_P', 'EMB_P', 'EMB_P', 'EMB_P', 'EMB_P', 'EMB_P', 'EMB_P', 'EMB_P', 'EMB_P', 'EMB_P', 'EMB_P', 'EMB_P', 'EMB_P', 'EMB_P', 'EMB_P', 'EMB_P', 'EMB_P', 'EMB_P', 'EMB_P', 'EMB_P', 'EMB_P', 'EMB_P']"
74,battery life,hugely impressive,laptop_quad_dev_64,the chromebook has instant connection and a hugely impressive 8 - hour battery life when left on .,8.25,8.0,"['EMB_O', 'EMB_O', 'EMB_O', 'EMB_O', 'EMB_O', 'EMB_O', 'EMB_O', 'EMB_O', 'EMB_O', 'EMB_O', 'EMB_O', 'EMB_O', 'EMB_O', 'EMB_O', 'EMB_O', 'EMB_O', 'ASP_B', 'ASP_E', 'EMB_O', 'EMB_O', 'EMB_O', 'EMB_O', 'EMB_O', 'EMB_P', 'EMB_P', 'EMB_P', 'EMB_P', 'EMB_P', 'EMB_P', 'EMB_P', 'EMB_P', 'EMB_P', 'EMB_P', 'EMB_P', 'EMB_P', 'EMB_P', 'EMB_P', 'EMB_P', 'EMB_P', 'EMB_P', 'EMB_P', 'EMB_P', 'EMB_P', 'EMB_P', 'EMB_P', 'EMB_P', 'EMB_P', 'EMB_P', 'EMB_P', 'EMB_P', 'EMB_P', 'EMB_P', 'EMB_P', 'EMB_P', 'EMB_P', 'EMB_P', 'EMB_P', 'EMB_P', 'EMB_P', 'EMB_P', 'EMB_P', 'EMB_P', 'EMB_P', 'EMB_P', 'EMB_P', 'EMB_P', 'EMB_P', 'EMB_P', 'EMB_P', 'EMB_P', 'EMB_P', 'EMB_P', 'EMB_P', 'EMB_P', 'EMB_P', 'EMB_P', 'EMB_P', 'EMB_P', 'EMB_P', 'EMB_P', 'EMB_P', 'EMB_P', 'EMB_P', 'EMB_P', 'EMB_P', 'EMB_P', 'EMB_P', 'EMB_P', 'EMB_P', 'EMB_P', 'EMB_P', 'EMB_P', 'EMB_P', 'EMB_P', 'EMB_P', 'EMB_P', 'EMB_P', 'EMB_P', 'EMB_P', 'EMB_P', 'EMB_P', 'EMB_P', 'EMB_P', 'EMB_P', 'EMB_P', 'EMB_P', 'EMB_P', 'EMB_P', 'EMB_P', 'EMB_P', 'EMB_P', 'EMB_P', 'EMB_P', 'EMB_P', 'EMB_P', 'EMB_P', 'EMB_P', 'EMB_P', 'EMB_P', 'EMB_P', 'EMB_P', 'EMB_P', 'EMB_P', 'EMB_P', 'EMB_P', 'EMB_P', 'EMB_P', 'EMB_P']","['EMB_O', 'EMB_O', 'EMB_O', 'EMB_O', 'EMB_O', 'EMB_O', 'EMB_O', 'EMB_O', 'EMB_O', 'EMB_O', 'OPN_B', 'OPN_I', 'OPN_E', 'EMB_O', 'EMB_O', 'EMB_O', 'EMB_O', 'EMB_O', 'EMB_O', 'EMB_O', 'EMB_O', 'EMB_O', 'EMB_O', 'EMB_P', 'EMB_P', 'EMB_P', 'EMB_P', 'EMB_P', 'EMB_P', 'EMB_P', 'EMB_P', 'EMB_P', 'EMB_P', 'EMB_P', 'EMB_P', 'EMB_P', 'EMB_P', 'EMB_P', 'EMB_P', 'EMB_P', 'EMB_P', 'EMB_P', 'EMB_P', 'EMB_P', 'EMB_P', 'EMB_P', 'EMB_P', 'EMB_P', 'EMB_P', 'EMB_P', 'EMB_P', 'EMB_P', 'EMB_P', 'EMB_P', 'EMB_P', 'EMB_P', 'EMB_P', 'EMB_P', 'EMB_P', 'EMB_P', 'EMB_P', 'EMB_P', 'EMB_P', 'EMB_P', 'EMB_P', 'EMB_P', 'EMB_P', 'EMB_P', 'EMB_P', 'EMB_P', 'EMB_P', 'EMB_P', 'EMB_P', 'EMB_P', 'EMB_P', 'EMB_P', 'EMB_P', 'EMB_P', 'EMB_P', 'EMB_P', 'EMB_P', 'EMB_P', 'EMB_P', 'EMB_P', 'EMB_P', 'EMB_P', 'EMB_P', 'EMB_P', 'EMB_P', 'EMB_P', 'EMB_P', 'EMB_P', 'EMB_P', 'EMB_P', 'EMB_P', 'EMB_P', 'EMB_P', 'EMB_P', 'EMB_P', 'EMB_P', 'EMB_P', 'EMB_P', 'EMB_P', 'EMB_P', 'EMB_P', 'EMB_P', 'EMB_P', 'EMB_P', 'EMB_P', 'EMB_P', 'EMB_P', 'EMB_P', 'EMB_P', 'EMB_P', 'EMB_P', 'EMB_P', 'EMB_P', 'EMB_P', 'EMB_P', 'EMB_P', 'EMB_P', 'EMB_P', 'EMB_P', 'EMB_P', 'EMB_P', 'EMB_P', 'EMB_P', 'EMB_P']"
75,NULL,love,laptop_quad_dev_65,i just got it today and i love it !,8.12,8.0,"['EMB_O', 'EMB_O', 'EMB_O', 'EMB_O', 'EMB_O', 'EMB_O', 'EMB_O', 'EMB_O', 'EMB_O', 'EMB_O', 'EMB_O', 'EMB_O', 'EMB_P', 'EMB_P', 'EMB_P', 'EMB_P', 'EMB_P', 'EMB_P', 'EMB_P', 'EMB_P', 'EMB_P', 'EMB_P', 'EMB_P', 'EMB_P', 'EMB_P', 'EMB_P', 'EMB_P', 'EMB_P', 'EMB_P', 'EMB_P', 'EMB_P', 'EMB_P', 'EMB_P', 'EMB_P', 'EMB_P', 'EMB_P', 'EMB_P', 'EMB_P', 'EMB_P', 'EMB_P', 'EMB_P', 'EMB_P', 'EMB_P', 'EMB_P', 'EMB_P', 'EMB_P', 'EMB_P', 'EMB_P', 'EMB_P', 'EMB_P', 'EMB_P', 'EMB_P', 'EMB_P', 'EMB_P', 'EMB_P', 'EMB_P', 'EMB_P', 'EMB_P', 'EMB_P', 'EMB_P', 'EMB_P', 'EMB_P', 'EMB_P', 'EMB_P', 'EMB_P', 'EMB_P', 'EMB_P', 'EMB_P', 'EMB_P', 'EMB_P', 'EMB_P', 'EMB_P', 'EMB_P', 'EMB_P', 'EMB_P', 'EMB_P', 'EMB_P', 'EMB_P', 'EMB_P', 'EMB_P', 'EMB_P', 'EMB_P', 'EMB_P', 'EMB_P', 'EMB_P', 'EMB_P', 'EMB_P', 'EMB_P', 'EMB_P', 'EMB_P', 'EMB_P', 'EMB_P', 'EMB_P', 'EMB_P', 'EMB_P', 'EMB_P', 'EMB_P', 'EMB_P', 'EMB_P', 'EMB_P', 'EMB_P', 'EMB_P', 'EMB_P', 'EMB_P', 'EMB_P', 'EMB_P', 'EMB_P', 'EMB_P', 'EMB_P', 'EMB_P', 'EMB_P', 'EMB_P', 'EMB_P', 'EMB_P', 'EMB_P', 'EMB_P', 'EMB_P', 'EMB_P', 'EMB_P', 'EMB_P', 'EMB_P', 'EMB_P', 'EMB_P', 'EMB_P', 'EMB_P', 'EMB_P', 'EMB_P', 'EMB_P']","['EMB_O', 'EMB_O', 'EMB_O', 'EMB_O', 'EMB_O', 'EMB_O', 'EMB_O', 'EMB_O', 'OPN_S', 'EMB_O', 'EMB_O', 'EMB_O', 'EMB_P', 'EMB_P', 'EMB_P', 'EMB_P', 'EMB_P', 'EMB_P', 'EMB_P', 'EMB_P', 'EMB_P', 'EMB_P', 'EMB_P', 'EMB_P', 'EMB_P', 'EMB_P', 'EMB_P', 'EMB_P', 'EMB_P', 'EMB_P', 'EMB_P', 'EMB_P', 'EMB_P', 'EMB_P', 'EMB_P', 'EMB_P', 'EMB_P', 'EMB_P', 'EMB_P', 'EMB_P', 'EMB_P', 'EMB_P', 'EMB_P', 'EMB_P', 'EMB_P', 'EMB_P', 'EMB_P', 'EMB_P', 'EMB_P', 'EMB_P', 'EMB_P', 'EMB_P', 'EMB_P', 'EMB_P', 'EMB_P', 'EMB_P', 'EMB_P', 'EMB_P', 'EMB_P', 'EMB_P', 'EMB_P', 'EMB_P', 'EMB_P', 'EMB_P', 'EMB_P', 'EMB_P', 'EMB_P', 'EMB_P', 'EMB_P', 'EMB_P', 'EMB_P', 'EMB_P', 'EMB_P', 'EMB_P', 'EMB_P', 'EMB_P', 'EMB_P', 'EMB_P', 'EMB_P', 'EMB_P', 'EMB_P', 'EMB_P', 'EMB_P', 'EMB_P', 'EMB_P', 'EMB_P', 'EMB_P', 'EMB_P', 'EMB_P', 'EMB_P', 'EMB_P', 'EMB_P', 'EMB_P', 'EMB_P', 'EMB_P', 'EMB_P', 'EMB_P', 'EMB_P', 'EMB_P', 'EMB_P', 'EMB_P', 'EMB_P', 'EMB_P', 'EMB_P', 'EMB_P', 'EMB_P', 'EMB_P', 'EMB_P', 'EMB_P', 'EMB_P', 'EMB_P', 'EMB_P', 'EMB_P', 'EMB_P', 'EMB_P', 'EMB_P', 'EMB_P', 'EMB_P', 'EMB_P', 'EMB_P', 'EMB_P', 'EMB_P', 'EMB_P', 'EMB_P', 'EMB_P', 'EMB_P', 'EMB_P', 'EMB_P']"
76,google echo system,great,laptop_quad_dev_66,"if you are in the google echo system , then this is great .",7.25,7.38,"['EMB_O', 'EMB_O', 'EMB_O', 'EMB_O', 'EMB_O', 'EMB_O', 'ASP_B', 'ASP_I', 'ASP_I', 'ASP_E', 'EMB_O', 'EMB_O', 'EMB_O', 'EMB_O', 'EMB_O', 'EMB_O', 'EMB_O', 'EMB_P', 'EMB_P', 'EMB_P', 'EMB_P', 'EMB_P', 'EMB_P', 'EMB_P', 'EMB_P', 'EMB_P', 'EMB_P', 'EMB_P', 'EMB_P', 'EMB_P', 'EMB_P', 'EMB_P', 'EMB_P', 'EMB_P', 'EMB_P', 'EMB_P', 'EMB_P', 'EMB_P', 'EMB_P', 'EMB_P', 'EMB_P', 'EMB_P', 'EMB_P', 'EMB_P', 'EMB_P', 'EMB_P', 'EMB_P', 'EMB_P', 'EMB_P', 'EMB_P', 'EMB_P', 'EMB_P', 'EMB_P', 'EMB_P', 'EMB_P', 'EMB_P', 'EMB_P', 'EMB_P', 'EMB_P', 'EMB_P', 'EMB_P', 'EMB_P', 'EMB_P', 'EMB_P', 'EMB_P', 'EMB_P', 'EMB_P', 'EMB_P', 'EMB_P', 'EMB_P', 'EMB_P', 'EMB_P', 'EMB_P', 'EMB_P', 'EMB_P', 'EMB_P', 'EMB_P', 'EMB_P', 'EMB_P', 'EMB_P', 'EMB_P', 'EMB_P', 'EMB_P', 'EMB_P', 'EMB_P', 'EMB_P', 'EMB_P', 'EMB_P', 'EMB_P', 'EMB_P', 'EMB_P', 'EMB_P', 'EMB_P', 'EMB_P', 'EMB_P', 'EMB_P', 'EMB_P', 'EMB_P', 'EMB_P', 'EMB_P', 'EMB_P', 'EMB_P', 'EMB_P', 'EMB_P', 'EMB_P', 'EMB_P', 'EMB_P', 'EMB_P', 'EMB_P', 'EMB_P', 'EMB_P', 'EMB_P', 'EMB_P', 'EMB_P', 'EMB_P', 'EMB_P', 'EMB_P', 'EMB_P', 'EMB_P', 'EMB_P', 'EMB_P', 'EMB_P', 'EMB_P', 'EMB_P', 'EMB_P', 'EMB_P', 'EMB_P', 'EMB_P']","['EMB_O', 'EMB_O', 'EMB_O', 'EMB_O', 'EMB_O', 'EMB_O', 'EMB_O', 'EMB_O', 'EMB_O', 'EMB_O', 'EMB_O', 'EMB_O', 'EMB_O', 'EMB_O', 'OPN_S', 'EMB_O', 'EMB_O', 'EMB_P', 'EMB_P', 'EMB_P', 'EMB_P', 'EMB_P', 'EMB_P', 'EMB_P', 'EMB_P', 'EMB_P', 'EMB_P', 'EMB_P', 'EMB_P', 'EMB_P', 'EMB_P', 'EMB_P', 'EMB_P', 'EMB_P', 'EMB_P', 'EMB_P', 'EMB_P', 'EMB_P', 'EMB_P', 'EMB_P', 'EMB_P', 'EMB_P', 'EMB_P', 'EMB_P', 'EMB_P', 'EMB_P', 'EMB_P', 'EMB_P', 'EMB_P', 'EMB_P', 'EMB_P', 'EMB_P', 'EMB_P', 'EMB_P', 'EMB_P', 'EMB_P', 'EMB_P', 'EMB_P', 'EMB_P', 'EMB_P', 'EMB_P', 'EMB_P', 'EMB_P', 'EMB_P', 'EMB_P', 'EMB_P', 'EMB_P', 'EMB_P', 'EMB_P', 'EMB_P', 'EMB_P', 'EMB_P', 'EMB_P', 'EMB_P', 'EMB_P', 'EMB_P', 'EMB_P', 'EMB_P', 'EMB_P', 'EMB_P', 'EMB_P', 'EMB_P', 'EMB_P', 'EMB_P', 'EMB_P', 'EMB_P', 'EMB_P', 'EMB_P', 'EMB_P', 'EMB_P', 'EMB_P', 'EMB_P', 'EMB_P', 'EMB_P', 'EMB_P', 'EMB_P', 'EMB_P', 'EMB_P', 'EMB_P', 'EMB_P', 'EMB_P', 'EMB_P', 'EMB_P', 'EMB_P', 'EMB_P', 'EMB_P', 'EMB_P', 'EMB_P', 'EMB_P', 'EMB_P', 'EMB_P', 'EMB_P', 'EMB_P', 'EMB_P', 'EMB_P', 'EMB_P', 'EMB_P', 'EMB_P', 'EMB_P', 'EMB_P', 'EMB_P', 'EMB_P', 'EMB_P', 'EMB_P', 'EMB_P', 'EMB_P', 'EMB_P', 'EMB_P']"
77,NULL,great,laptop_quad_dev_67,works great !,7.33,7.5,"['EMB_O', 'EMB_O', 'EMB_O', 'EMB_O', 'EMB_O', 'EMB_P', 'EMB_P', 'EMB_P', 'EMB_P', 'EMB_P', 'EMB_P', 'EMB_P', 'EMB_P', 'EMB_P', 'EMB_P', 'EMB_P', 'EMB_P', 'EMB_P', 'EMB_P', 'EMB_P', 'EMB_P', 'EMB_P', 'EMB_P', 'EMB_P', 'EMB_P', 'EMB_P', 'EMB_P', 'EMB_P', 'EMB_P', 'EMB_P', 'EMB_P', 'EMB_P', 'EMB_P', 'EMB_P', 'EMB_P', 'EMB_P', 'EMB_P', 'EMB_P', 'EMB_P', 'EMB_P', 'EMB_P', 'EMB_P', 'EMB_P', 'EMB_P', 'EMB_P', 'EMB_P', 'EMB_P', 'EMB_P', 'EMB_P', 'EMB_P', 'EMB_P', 'EMB_P', 'EMB_P', 'EMB_P', 'EMB_P', 'EMB_P', 'EMB_P', 'EMB_P', 'EMB_P', 'EMB_P', 'EMB_P', 'EMB_P', 'EMB_P', 'EMB_P', 'EMB_P', 'EMB_P', 'EMB_P', 'EMB_P', 'EMB_P', 'EMB_P', 'EMB_P', 'EMB_P', 'EMB_P', 'EMB_P', 'EMB_P', 'EMB_P', 'EMB_P', 'EMB_P', 'EMB_P', 'EMB_P', 'EMB_P', 'EMB_P', 'EMB_P', 'EMB_P', 'EMB_P', 'EMB_P', 'EMB_P', 'EMB_P', 'EMB_P', 'EMB_P', 'EMB_P', 'EMB_P', 'EMB_P', 'EMB_P', 'EMB_P', 'EMB_P', 'EMB_P', 'EMB_P', 'EMB_P', 'EMB_P', 'EMB_P', 'EMB_P', 'EMB_P', 'EMB_P', 'EMB_P', 'EMB_P', 'EMB_P', 'EMB_P', 'EMB_P', 'EMB_P', 'EMB_P', 'EMB_P', 'EMB_P', 'EMB_P', 'EMB_P', 'EMB_P', 'EMB_P', 'EMB_P', 'EMB_P', 'EMB_P', 'EMB_P', 'EMB_P', 'EMB_P', 'EMB_P', 'EMB_P', 'EMB_P', 'EMB_P', 'EMB_P']","['EMB_O', 'EMB_O', 'OPN_S', 'EMB_O', 'EMB_O', 'EMB_P', 'EMB_P', 'EMB_P', 'EMB_P', 'EMB_P', 'EMB_P', 'EMB_P', 'EMB_P', 'EMB_P', 'EMB_P', 'EMB_P', 'EMB_P', 'EMB_P', 'EMB_P', 'EMB_P', 'EMB_P', 'EMB_P', 'EMB_P', 'EMB_P', 'EMB_P', 'EMB_P', 'EMB_P', 'EMB_P', 'EMB_P', 'EMB_P', 'EMB_P', 'EMB_P', 'EMB_P', 'EMB_P', 'EMB_P', 'EMB_P', 'EMB_P', 'EMB_P', 'EMB_P', 'EMB_P', 'EMB_P', 'EMB_P', 'EMB_P', 'EMB_P', 'EMB_P', 'EMB_P', 'EMB_P', 'EMB_P', 'EMB_P', 'EMB_P', 'EMB_P', 'EMB_P', 'EMB_P', 'EMB_P', 'EMB_P', 'EMB_P', 'EMB_P', 'EMB_P', 'EMB_P', 'EMB_P', 'EMB_P', 'EMB_P', 'EMB_P', 'EMB_P', 'EMB_P', 'EMB_P', 'EMB_P', 'EMB_P', 'EMB_P', 'EMB_P', 'EMB_P', 'EMB_P', 'EMB_P', 'EMB_P', 'EMB_P', 'EMB_P', 'EMB_P', 'EMB_P', 'EMB_P', 'EMB_P', 'EMB_P', 'EMB_P', 'EMB_P', 'EMB_P', 'EMB_P', 'EMB_P', 'EMB_P', 'EMB_P', 'EMB_P', 'EMB_P', 'EMB_P', 'EMB_P', 'EMB_P', 'EMB_P', 'EMB_P', 'EMB_P', 'EMB_P', 'EMB_P', 'EMB_P', 'EMB_P', 'EMB_P', 'EMB_P', 'EMB_P', 'EMB_P', 'EMB_P', 'EMB_P', 'EMB_P', 'EMB_P', 'EMB_P', 'EMB_P', 'EMB_P', 'EMB_P', 'EMB_P', 'EMB_P', 'EMB_P', 'EMB_P', 'EMB_P', 'EMB_P', 'EMB_P', 'EMB_P', 'EMB_P', 'EMB_P', 'EMB_P', 'EMB_P', 'EMB_P', 'EMB_P', 'EMB_P', 'EMB_P']"
78,NULL,loves,laptop_quad_dev_68,he loves it .,7.75,7.62,"['EMB_O', 'EMB_O', 'EMB_O', 'EMB_O', 'EMB_O', 'EMB_O', 'EMB_P', 'EMB_P', 'EMB_P', 'EMB_P', 'EMB_P', 'EMB_P', 'EMB_P', 'EMB_P', 'EMB_P', 'EMB_P', 'EMB_P', 'EMB_P', 'EMB_P', 'EMB_P', 'EMB_P', 'EMB_P', 'EMB_P', 'EMB_P', 'EMB_P', 'EMB_P', 'EMB_P', 'EMB_P', 'EMB_P', 'EMB_P', 'EMB_P', 'EMB_P', 'EMB_P', 'EMB_P', 'EMB_P', 'EMB_P', 'EMB_P', 'EMB_P', 'EMB_P', 'EMB_P', 'EMB_P', 'EMB_P', 'EMB_P', 'EMB_P', 'EMB_P', 'EMB_P', 'EMB_P', 'EMB_P', 'EMB_P', 'EMB_P', 'EMB_P', 'EMB_P', 'EMB_P', 'EMB_P', 'EMB_P', 'EMB_P', 'EMB_P', 'EMB_P', 'EMB_P', 'EMB_P', 'EMB_P', 'EMB_P', 'EMB_P', 'EMB_P', 'EMB_P', 'EMB_P', 'EMB_P', 'EMB_P', 'EMB_P', 'EMB_P', 'EMB_P', 'EMB_P', 'EMB_P', 'EMB_P', 'EMB_P', 'EMB_P', 'EMB_P', 'EMB_P', 'EMB_P', 'EMB_P', 'EMB_P', 'EMB_P', 'EMB_P', 'EMB_P', 'EMB_P', 'EMB_P', 'EMB_P', 'EMB_P', 'EMB_P', 'EMB_P', 'EMB_P', 'EMB_P', 'EMB_P', 'EMB_P', 'EMB_P', 'EMB_P', 'EMB_P', 'EMB_P', 'EMB_P', 'EMB_P', 'EMB_P', 'EMB_P', 'EMB_P', 'EMB_P', 'EMB_P', 'EMB_P', 'EMB_P', 'EMB_P', 'EMB_P', 'EMB_P', 'EMB_P', 'EMB_P', 'EMB_P', 'EMB_P', 'EMB_P', 'EMB_P', 'EMB_P', 'EMB_P', 'EMB_P', 'EMB_P', 'EMB_P', 'EMB_P', 'EMB_P', 'EMB_P', 'EMB_P', 'EMB_P', 'EMB_P', 'EMB_P']","['EMB_O', 'EMB_O', 'OPN_S', 'EMB_O', 'EMB_O', 'EMB_O', 'EMB_P', 'EMB_P', 'EMB_P', 'EMB_P', 'EMB_P', 'EMB_P', 'EMB_P', 'EMB_P', 'EMB_P', 'EMB_P', 'EMB_P', 'EMB_P', 'EMB_P', 'EMB_P', 'EMB_P', 'EMB_P', 'EMB_P', 'EMB_P', 'EMB_P', 'EMB_P', 'EMB_P', 'EMB_P', 'EMB_P', 'EMB_P', 'EMB_P', 'EMB_P', 'EMB_P', 'EMB_P', 'EMB_P', 'EMB_P', 'EMB_P', 'EMB_P', 'EMB_P', 'EMB_P', 'EMB_P', 'EMB_P', 'EMB_P', 'EMB_P', 'EMB_P', 'EMB_P', 'EMB_P', 'EMB_P', 'EMB_P', 'EMB_P', 'EMB_P', 'EMB_P', 'EMB_P', 'EMB_P', 'EMB_P', 'EMB_P', 'EMB_P', 'EMB_P', 'EMB_P', 'EMB_P', 'EMB_P', 'EMB_P', 'EMB_P', 'EMB_P', 'EMB_P', 'EMB_P', 'EMB_P', 'EMB_P', 'EMB_P', 'EMB_P', 'EMB_P', 'EMB_P', 'EMB_P', 'EMB_P', 'EMB_P', 'EMB_P', 'EMB_P', 'EMB_P', 'EMB_P', 'EMB_P', 'EMB_P', 'EMB_P', 'EMB_P', 'EMB_P', 'EMB_P', 'EMB_P', 'EMB_P', 'EMB_P', 'EMB_P', 'EMB_P', 'EMB_P', 'EMB_P', 'EMB_P', 'EMB_P', 'EMB_P', 'EMB_P', 'EMB_P', 'EMB_P', 'EMB_P', 'EMB_P', 'EMB_P', 'EMB_P', 'EMB_P', 'EMB_P', 'EMB_P', 'EMB_P', 'EMB_P', 'EMB_P', 'EMB_P', 'EMB_P', 'EMB_P', 'EMB_P', 'EMB_P', 'EMB_P', 'EMB_P', 'EMB_P', 'EMB_P', 'EMB_P', 'EMB_P', 'EMB_P', 'EMB_P', 'EMB_P', 'EMB_P', 'EMB_P', 'EMB_P', 'EMB_P', 'EMB_P', 'EMB_P']"
79,chromebook,great,laptop_quad_dev_69,"a great chromebook at a very reasonable price , includes the google play store .",7.38,7.5,"['EMB_O', 'EMB_O', 'EMB_O', 'ASP_B', 'ASP_I', 'ASP_E', 'EMB_O', 'EMB_O', 'EMB_O', 'EMB_O', 'EMB_O', 'EMB_O', 'EMB_O', 'EMB_O', 'EMB_O', 'EMB_O', 'EMB_O', 'EMB_O', 'EMB_O', 'EMB_O', 'EMB_P', 'EMB_P', 'EMB_P', 'EMB_P', 'EMB_P', 'EMB_P', 'EMB_P', 'EMB_P', 'EMB_P', 'EMB_P', 'EMB_P', 'EMB_P', 'EMB_P', 'EMB_P', 'EMB_P', 'EMB_P', 'EMB_P', 'EMB_P', 'EMB_P', 'EMB_P', 'EMB_P', 'EMB_P', 'EMB_P', 'EMB_P', 'EMB_P', 'EMB_P', 'EMB_P', 'EMB_P', 'EMB_P', 'EMB_P', 'EMB_P', 'EMB_P', 'EMB_P', 'EMB_P', 'EMB_P', 'EMB_P', 'EMB_P', 'EMB_P', 'EMB_P', 'EMB_P', 'EMB_P', 'EMB_P', 'EMB_P', 'EMB_P', 'EMB_P', 'EMB_P', 'EMB_P', 'EMB_P', 'EMB_P', 'EMB_P', 'EMB_P', 'EMB_P', 'EMB_P', 'EMB_P', 'EMB_P', 'EMB_P', 'EMB_P', 'EMB_P', 'EMB_P', 'EMB_P', 'EMB_P', 'EMB_P', 'EMB_P', 'EMB_P', 'EMB_P', 'EMB_P', 'EMB_P', 'EMB_P', 'EMB_P', 'EMB_P', 'EMB_P', 'EMB_P', 'EMB_P', 'EMB_P', 'EMB_P', 'EMB_P', 'EMB_P', 'EMB_P', 'EMB_P', 'EMB_P', 'EMB_P', 'EMB_P', 'EMB_P', 'EMB_P', 'EMB_P', 'EMB_P', 'EMB_P', 'EMB_P', 'EMB_P', 'EMB_P', 'EMB_P', 'EMB_P', 'EMB_P', 'EMB_P', 'EMB_P', 'EMB_P', 'EMB_P', 'EMB_P', 'EMB_P', 'EMB_P', 'EMB_P', 'EMB_P', 'EMB_P', 'EMB_P', 'EMB_P', 'EMB_P', 'EMB_P', 'EMB_P']","['EMB_O', 'EMB_O', 'OPN_S', 'EMB_O', 'EMB_O', 'EMB_O', 'EMB_O', 'EMB_O', 'EMB_O', 'EMB_O', 'EMB_O', 'EMB_O', 'EMB_O', 'EMB_O', 'EMB_O', 'EMB_O', 'EMB_O', 'EMB_O', 'EMB_O', 'EMB_O', 'EMB_P', 'EMB_P', 'EMB_P', 'EMB_P', 'EMB_P', 'EMB_P', 'EMB_P', 'EMB_P', 'EMB_P', 'EMB_P', 'EMB_P', 'EMB_P', 'EMB_P', 'EMB_P', 'EMB_P', 'EMB_P', 'EMB_P', 'EMB_P', 'EMB_P', 'EMB_P', 'EMB_P', 'EMB_P', 'EMB_P', 'EMB_P', 'EMB_P', 'EMB_P', 'EMB_P', 'EMB_P', 'EMB_P', 'EMB_P', 'EMB_P', 'EMB_P', 'EMB_P', 'EMB_P', 'EMB_P', 'EMB_P', 'EMB_P', 'EMB_P', 'EMB_P', 'EMB_P', 'EMB_P', 'EMB_P', 'EMB_P', 'EMB_P', 'EMB_P', 'EMB_P', 'EMB_P', 'EMB_P', 'EMB_P', 'EMB_P', 'EMB_P', 'EMB_P', 'EMB_P', 'EMB_P', 'EMB_P', 'EMB_P', 'EMB_P', 'EMB_P', 'EMB_P', 'EMB_P', 'EMB_P', 'EMB_P', 'EMB_P', 'EMB_P', 'EMB_P', 'EMB_P', 'EMB_P', 'EMB_P', 'EMB_P', 'EMB_P', 'EMB_P', 'EMB_P', 'EMB_P', 'EMB_P', 'EMB_P', 'EMB_P', 'EMB_P', 'EMB_P', 'EMB_P', 'EMB_P', 'EMB_P', 'EMB_P', 'EMB_P', 'EMB_P', 'EMB_P', 'EMB_P', 'EMB_P', 'EMB_P', 'EMB_P', 'EMB_P', 'EMB_P', 'EMB_P', 'EMB_P', 'EMB_P', 'EMB_P', 'EMB_P', 'EMB_P', 'EMB_P', 'EMB_P', 'EMB_P', 'EMB_P', 'EMB_P', 'EMB_P', 'EMB_P', 'EMB_P', 'EMB_P', 'EMB_P', 'EMB_P']"
80,NULL,loves,laptop_quad_dev_70,"that being said , my son loves it .",7.0,6.88,"['EMB_O', 'EMB_O', 'EMB_O', 'EMB_O', 'EMB_O', 'EMB_O', 'EMB_O', 'EMB_O', 'EMB_O', 'EMB_O', 'EMB_O', 'EMB_P', 'EMB_P', 'EMB_P', 'EMB_P', 'EMB_P', 'EMB_P', 'EMB_P', 'EMB_P', 'EMB_P', 'EMB_P', 'EMB_P', 'EMB_P', 'EMB_P', 'EMB_P', 'EMB_P', 'EMB_P', 'EMB_P', 'EMB_P', 'EMB_P', 'EMB_P', 'EMB_P', 'EMB_P', 'EMB_P', 'EMB_P', 'EMB_P', 'EMB_P', 'EMB_P', 'EMB_P', 'EMB_P', 'EMB_P', 'EMB_P', 'EMB_P', 'EMB_P', 'EMB_P', 'EMB_P', 'EMB_P', 'EMB_P', 'EMB_P', 'EMB_P', 'EMB_P', 'EMB_P', 'EMB_P', 'EMB_P', 'EMB_P', 'EMB_P', 'EMB_P', 'EMB_P', 'EMB_P', 'EMB_P', 'EMB_P', 'EMB_P', 'EMB_P', 'EMB_P', 'EMB_P', 'EMB_P', 'EMB_P', 'EMB_P', 'EMB_P', 'EMB_P', 'EMB_P', 'EMB_P', 'EMB_P', 'EMB_P', 'EMB_P', 'EMB_P', 'EMB_P', 'EMB_P', 'EMB_P', 'EMB_P', 'EMB_P', 'EMB_P', 'EMB_P', 'EMB_P', 'EMB_P', 'EMB_P', 'EMB_P', 'EMB_P', 'EMB_P', 'EMB_P', 'EMB_P', 'EMB_P', 'EMB_P', 'EMB_P', 'EMB_P', 'EMB_P', 'EMB_P', 'EMB_P', 'EMB_P', 'EMB_P', 'EMB_P', 'EMB_P', 'EMB_P', 'EMB_P', 'EMB_P', 'EMB_P', 'EMB_P', 'EMB_P', 'EMB_P', 'EMB_P', 'EMB_P', 'EMB_P', 'EMB_P', 'EMB_P', 'EMB_P', 'EMB_P', 'EMB_P', 'EMB_P', 'EMB_P', 'EMB_P', 'EMB_P', 'EMB_P', 'EMB_P', 'EMB_P', 'EMB_P', 'EMB_P', 'EMB_P', 'EMB_P']","['EMB_O', 'EMB_O', 'EMB_O', 'EMB_O', 'EMB_O', 'EMB_O', 'EMB_O', 'OPN_S', 'EMB_O', 'EMB_O', 'EMB_O', 'EMB_P', 'EMB_P', 'EMB_P', 'EMB_P', 'EMB_P', 'EMB_P', 'EMB_P', 'EMB_P', 'EMB_P', 'EMB_P', 'EMB_P', 'EMB_P', 'EMB_P', 'EMB_P', 'EMB_P', 'EMB_P', 'EMB_P', 'EMB_P', 'EMB_P', 'EMB_P', 'EMB_P', 'EMB_P', 'EMB_P', 'EMB_P', 'EMB_P', 'EMB_P', 'EMB_P', 'EMB_P', 'EMB_P', 'EMB_P', 'EMB_P', 'EMB_P', 'EMB_P', 'EMB_P', 'EMB_P', 'EMB_P', 'EMB_P', 'EMB_P', 'EMB_P', 'EMB_P', 'EMB_P', 'EMB_P', 'EMB_P', 'EMB_P', 'EMB_P', 'EMB_P', 'EMB_P', 'EMB_P', 'EMB_P', 'EMB_P', 'EMB_P', 'EMB_P', 'EMB_P', 'EMB_P', 'EMB_P', 'EMB_P', 'EMB_P', 'EMB_P', 'EMB_P', 'EMB_P', 'EMB_P', 'EMB_P', 'EMB_P', 'EMB_P', 'EMB_P', 'EMB_P', 'EMB_P', 'EMB_P', 'EMB_P', 'EMB_P', 'EMB_P', 'EMB_P', 'EMB_P', 'EMB_P', 'EMB_P', 'EMB_P', 'EMB_P', 'EMB_P', 'EMB_P', 'EMB_P', 'EMB_P', 'EMB_P', 'EMB_P', 'EMB_P', 'EMB_P', 'EMB_P', 'EMB_P', 'EMB_P', 'EMB_P', 'EMB_P', 'EMB_P', 'EMB_P', 'EMB_P', 'EMB_P', 'EMB_P', 'EMB_P', 'EMB_P', 'EMB_P', 'EMB_P', 'EMB_P', 'EMB_P', 'EMB_P', 'EMB_P', 'EMB_P', 'EMB_P', 'EMB_P', 'EMB_P', 'EMB_P', 'EMB_P', 'EMB_P', 'EMB_P', 'EMB_P', 'EMB_P', 'EMB_P', 'EMB_P', 'EMB_P', 'EMB_P']"
81,laptop,functional,laptop_quad_dev_71,"this is a functional laptop , perfect for work and casual internet browsing .",7.33,7.33,"['EMB_O', 'EMB_O', 'EMB_O', 'EMB_O', 'EMB_O', 'ASP_B', 'ASP_E', 'EMB_O', 'EMB_O', 'EMB_O', 'EMB_O', 'EMB_O', 'EMB_O', 'EMB_O', 'EMB_O', 'EMB_O', 'EMB_O', 'EMB_O', 'EMB_O', 'EMB_O', 'EMB_P', 'EMB_P', 'EMB_P', 'EMB_P', 'EMB_P', 'EMB_P', 'EMB_P', 'EMB_P', 'EMB_P', 'EMB_P', 'EMB_P', 'EMB_P', 'EMB_P', 'EMB_P', 'EMB_P', 'EMB_P', 'EMB_P', 'EMB_P', 'EMB_P', 'EMB_P', 'EMB_P', 'EMB_P', 'EMB_P', 'EMB_P', 'EMB_P', 'EMB_P', 'EMB_P', 'EMB_P', 'EMB_P', 'EMB_P', 'EMB_P', 'EMB_P', 'EMB_P', 'EMB_P', 'EMB_P', 'EMB_P', 'EMB_P', 'EMB_P', 'EMB_P', 'EMB_P', 'EMB_P', 'EMB_P', 'EMB_P', 'EMB_P', 'EMB_P', 'EMB_P', 'EMB_P', 'EMB_P', 'EMB_P', 'EMB_P', 'EMB_P', 'EMB_P', 'EMB_P', 'EMB_P', 'EMB_P', 'EMB_P', 'EMB_P', 'EMB_P', 'EMB_P', 'EMB_P', 'EMB_P', 'EMB_P', 'EMB_P', 'EMB_P', 'EMB_P', 'EMB_P', 'EMB_P', 'EMB_P', 'EMB_P', 'EMB_P', 'EMB_P', 'EMB_P', 'EMB_P', 'EMB_P', 'EMB_P', 'EMB_P', 'EMB_P', 'EMB_P', 'EMB_P', 'EMB_P', 'EMB_P', 'EMB_P', 'EMB_P', 'EMB_P', 'EMB_P', 'EMB_P', 'EMB_P', 'EMB_P', 'EMB_P', 'EMB_P', 'EMB_P', 'EMB_P', 'EMB_P', 'EMB_P', 'EMB_P', 'EMB_P', 'EMB_P', 'EMB_P', 'EMB_P', 'EMB_P', 'EMB_P', 'EMB_P', 'EMB_P', 'EMB_P', 'EMB_P', 'EMB_P', 'EMB_P', 'EMB_P']","['EMB_O', 'EMB_O', 'EMB_O', 'EMB_O', 'OPN_S', 'EMB_O', 'EMB_O', 'EMB_O', 'EMB_O', 'EMB_O', 'EMB_O', 'EMB_O', 'EMB_O', 'EMB_O', 'EMB_O', 'EMB_O', 'EMB_O', 'EMB_O', 'EMB_O', 'EMB_O', 'EMB_P', 'EMB_P', 'EMB_P', 'EMB_P', 'EMB_P', 'EMB_P', 'EMB_P', 'EMB_P', 'EMB_P', 'EMB_P', 'EMB_P', 'EMB_P', 'EMB_P', 'EMB_P', 'EMB_P', 'EMB_P', 'EMB_P', 'EMB_P', 'EMB_P', 'EMB_P', 'EMB_P', 'EMB_P', 'EMB_P', 'EMB_P', 'EMB_P', 'EMB_P', 'EMB_P', 'EMB_P', 'EMB_P', 'EMB_P', 'EMB_P', 'EMB_P', 'EMB_P', 'EMB_P', 'EMB_P', 'EMB_P', 'EMB_P', 'EMB_P', 'EMB_P', 'EMB_P', 'EMB_P', 'EMB_P', 'EMB_P', 'EMB_P', 'EMB_P', 'EMB_P', 'EMB_P', 'EMB_P', 'EMB_P', 'EMB_P', 'EMB_P', 'EMB_P', 'EMB_P', 'EMB_P', 'EMB_P', 'EMB_P', 'EMB_P', 'EMB_P', 'EMB_P', 'EMB_P', 'EMB_P', 'EMB_P', 'EMB_P', 'EMB_P', 'EMB_P', 'EMB_P', 'EMB_P', 'EMB_P', 'EMB_P', 'EMB_P', 'EMB_P', 'EMB_P', 'EMB_P', 'EMB_P', 'EMB_P', 'EMB_P', 'EMB_P', 'EMB_P', 'EMB_P', 'EMB_P', 'EMB_P', 'EMB_P', 'EMB_P', 'EMB_P', 'EMB_P', 'EMB_P', 'EMB_P', 'EMB_P', 'EMB_P', 'EMB_P', 'EMB_P', 'EMB_P', 'EMB_P', 'EMB_P', 'EMB_P', 'EMB_P', 'EMB_P', 'EMB_P', 'EMB_P', 'EMB_P', 'EMB_P', 'EMB_P', 'EMB_P', 'EMB_P', 'EMB_P', 'EMB_P', 'EMB_P', 'EMB_P']"
82,computer,NULL,laptop_quad_dev_72,"great computer and great value , our second chromebook and first one still doing fine just needed another for family .",6.38,6.25,"['EMB_O', 'EMB_O', 'ASP_S', 'EMB_O', 'EMB_O', 'EMB_O', 'EMB_O', 'EMB_O', 'EMB_O', 'EMB_O', 'EMB_O', 'EMB_O', 'EMB_O', 'EMB_O', 'EMB_O', 'EMB_O', 'EMB_O', 'EMB_O', 'EMB_O', 'EMB_O', 'EMB_O', 'EMB_O', 'EMB_O', 'EMB_O', 'EMB_O', 'EMB_P', 'EMB_P', 'EMB_P', 'EMB_P', 'EMB_P', 'EMB_P', 'EMB_P', 'EMB_P', 'EMB_P', 'EMB_P', 'EMB_P', 'EMB_P', 'EMB_P', 'EMB_P', 'EMB_P', 'EMB_P', 'EMB_P', 'EMB_P', 'EMB_P', 'EMB_P', 'EMB_P', 'EMB_P', 'EMB_P', 'EMB_P', 'EMB_P', 'EMB_P', 'EMB_P', 'EMB_P', 'EMB_P', 'EMB_P', 'EMB_P', 'EMB_P', 'EMB_P', 'EMB_P', 'EMB_P', 'EMB_P', 'EMB_P', 'EMB_P', 'EMB_P', 'EMB_P', 'EMB_P', 'EMB_P', 'EMB_P', 'EMB_P', 'EMB_P', 'EMB_P', 'EMB_P', 'EMB_P', 'EMB_P', 'EMB_P', 'EMB_P', 'EMB_P', 'EMB_P', 'EMB_P', 'EMB_P', 'EMB_P', 'EMB_P', 'EMB_P', 'EMB_P', 'EMB_P', 'EMB_P', 'EMB_P', 'EMB_P', 'EMB_P', 'EMB_P', 'EMB_P', 'EMB_P', 'EMB_P', 'EMB_P', 'EMB_P', 'EMB_P', 'EMB_P', 'EMB_P', 'EMB_P', 'EMB_P', 'EMB_P', 'EMB_P', 'EMB_P', 'EMB_P', 'EMB_P', 'EMB_P', 'EMB_P', 'EMB_P', 'EMB_P', 'EMB_P', 'EMB_P', 'EMB_P', 'EMB_P', 'EMB_P', 'EMB_P', 'EMB_P', 'EMB_P', 'EMB_P', 'EMB_P', 'EMB_P', 'EMB_P', 'EMB_P', 'EMB_P', 'EMB_P', 'EMB_P', 'EMB_P', 'EMB_P', 'EMB_P']","['EMB_O', 'EMB_O', 'EMB_O', 'EMB_O', 'EMB_O', 'EMB_O', 'EMB_O', 'EMB_O', 'EMB_O', 'EMB_O', 'EMB_O', 'EMB_O', 'EMB_O', 'EMB_O', 'EMB_O', 'EMB_O', 'EMB_O', 'EMB_O', 'EMB_O', 'EMB_O', 'EMB_O', 'EMB_O', 'EMB_O', 'EMB_O', 'EMB_O', 'EMB_P', 'EMB_P', 'EMB_P', 'EMB_P', 'EMB_P', 'EMB_P', 'EMB_P', 'EMB_P', 'EMB_P', 'EMB_P', 'EMB_P', 'EMB_P', 'EMB_P', 'EMB_P', 'EMB_P', 'EMB_P', 'EMB_P', 'EMB_P', 'EMB_P', 'EMB_P', 'EMB_P', 'EMB_P', 'EMB_P', 'EMB_P', 'EMB_P', 'EMB_P', 'EMB_P', 'EMB_P', 'EMB_P', 'EMB_P', 'EMB_P', 'EMB_P', 'EMB_P', 'EMB_P', 'EMB_P', 'EMB_P', 'EMB_P', 'EMB_P', 'EMB_P', 'EMB_P', 'EMB_P', 'EMB_P', 'EMB_P', 'EMB_P', 'EMB_P', 'EMB_P', 'EMB_P', 'EMB_P', 'EMB_P', 'EMB_P', 'EMB_P', 'EMB_P', 'EMB_P', 'EMB_P', 'EMB_P', 'EMB_P', 'EMB_P', 'EMB_P', 'EMB_P', 'EMB_P', 'EMB_P', 'EMB_P', 'EMB_P', 'EMB_P', 'EMB_P', 'EMB_P', 'EMB_P', 'EMB_P', 'EMB_P', 'EMB_P', 'EMB_P', 'EMB_P', 'EMB_P', 'EMB_P', 'EMB_P', 'EMB_P', 'EMB_P', 'EMB_P', 'EMB_P', 'EMB_P', 'EMB_P', 'EMB_P', 'EMB_P', 'EMB_P', 'EMB_P', 'EMB_P', 'EMB_P', 'EMB_P', 'EMB_P', 'EMB_P', 'EMB_P', 'EMB_P', 'EMB_P', 'EMB_P', 'EMB_P', 'EMB_P', 'EMB_P', 'EMB_P', 'EMB_P', 'EMB_P', 'EMB_P', 'EMB_P', 'EMB_P']"
83,chromebook,inexpensive,laptop_quad_dev_73,i wanted an inexpensive chromebook and this fit the bill .,7.17,7.5,"['EMB_O', 'EMB_O', 'EMB_O', 'EMB_O', 'EMB_O', 'EMB_O', 'EMB_O', 'EMB_O', 'ASP_B', 'ASP_I', 'ASP_E', 'EMB_O', 'EMB_O', 'EMB_O', 'EMB_O', 'EMB_O', 'EMB_O', 'EMB_O', 'EMB_P', 'EMB_P', 'EMB_P', 'EMB_P', 'EMB_P', 'EMB_P', 'EMB_P', 'EMB_P', 'EMB_P', 'EMB_P', 'EMB_P', 'EMB_P', 'EMB_P', 'EMB_P', 'EMB_P', 'EMB_P', 'EMB_P', 'EMB_P', 'EMB_P', 'EMB_P', 'EMB_P', 'EMB_P', 'EMB_P', 'EMB_P', 'EMB_P', 'EMB_P', 'EMB_P', 'EMB_P', 'EMB_P', 'EMB_P', 'EMB_P', 'EMB_P', 'EMB_P', 'EMB_P', 'EMB_P', 'EMB_P', 'EMB_P', 'EMB_P', 'EMB_P', 'EMB_P', 'EMB_P', 'EMB_P', 'EMB_P', 'EMB_P', 'EMB_P', 'EMB_P', 'EMB_P', 'EMB_P', 'EMB_P', 'EMB_P', 'EMB_P', 'EMB_P', 'EMB_P', 'EMB_P', 'EMB_P', 'EMB_P', 'EMB_P', 'EMB_P', 'EMB_P', 'EMB_P', 'EMB_P', 'EMB_P', 'EMB_P', 'EMB_P', 'EMB_P', 'EMB_P', 'EMB_P', 'EMB_P', 'EMB_P', 'EMB_P', 'EMB_P', 'EMB_P', 'EMB_P', 'EMB_P', 'EMB_P', 'EMB_P', 'EMB_P', 'EMB_P', 'EMB_P', 'EMB_P', 'EMB_P', 'EMB_P', 'EMB_P', 'EMB_P', 'EMB_P', 'EMB_P', 'EMB_P', 'EMB_P', 'EMB_P', 'EMB_P', 'EMB_P', 'EMB_P', 'EMB_P', 'EMB_P', 'EMB_P', 'EMB_P', 'EMB_P', 'EMB_P', 'EMB_P', 'EMB_P', 'EMB_P', 'EMB_P', 'EMB_P', 'EMB_P', 'EMB_P', 'EMB_P', 'EMB_P', 'EMB_P', 'EMB_P', 'EMB_P']","['EMB_O', 'EMB_O', 'EMB_O', 'EMB_O', 'OPN_B', 'OPN_I', 'OPN_I', 'OPN_E', 'EMB_O', 'EMB_O', 'EMB_O', 'EMB_O', 'EMB_O', 'EMB_O', 'EMB_O', 'EMB_O', 'EMB_O', 'EMB_O', 'EMB_P', 'EMB_P', 'EMB_P', 'EMB_P', 'EMB_P', 'EMB_P', 'EMB_P', 'EMB_P', 'EMB_P', 'EMB_P', 'EMB_P', 'EMB_P', 'EMB_P', 'EMB_P', 'EMB_P', 'EMB_P', 'EMB_P', 'EMB_P', 'EMB_P', 'EMB_P', 'EMB_P', 'EMB_P', 'EMB_P', 'EMB_P', 'EMB_P', 'EMB_P', 'EMB_P', 'EMB_P', 'EMB_P', 'EMB_P', 'EMB_P', 'EMB_P', 'EMB_P', 'EMB_P', 'EMB_P', 'EMB_P', 'EMB_P', 'EMB_P', 'EMB_P', 'EMB_P', 'EMB_P', 'EMB_P', 'EMB_P', 'EMB_P', 'EMB_P', 'EMB_P', 'EMB_P', 'EMB_P', 'EMB_P', 'EMB_P', 'EMB_P', 'EMB_P', 'EMB_P', 'EMB_P', 'EMB_P', 'EMB_P', 'EMB_P', 'EMB_P', 'EMB_P', 'EMB_P', 'EMB_P', 'EMB_P', 'EMB_P', 'EMB_P', 'EMB_P', 'EMB_P', 'EMB_P', 'EMB_P', 'EMB_P', 'EMB_P', 'EMB_P', 'EMB_P', 'EMB_P', 'EMB_P', 'EMB_P', 'EMB_P', 'EMB_P', 'EMB_P', 'EMB_P', 'EMB_P', 'EMB_P', 'EMB_P', 'EMB_P', 'EMB_P', 'EMB_P', 'EMB_P', 'EMB_P', 'EMB_P', 'EMB_P', 'EMB_P', 'EMB_P', 'EMB_P', 'EMB_P', 'EMB_P', 'EMB_P', 'EMB_P', 'EMB_P', 'EMB_P', 'EMB_P', 'EMB_P', 'EMB_P', 'EMB_P', 'EMB_P', 'EMB_P', 'EMB_P', 'EMB_P', 'EMB_P', 'EMB_P', 'EMB_P', 'EMB_P']"
84,set up,NULL,laptop_quad_dev_74,set up is take out of box and open cover .,5.25,5.12,"['EMB_O', 'ASP_B', 'ASP_E', 'EMB_O', 'EMB_O', 'EMB_O', 'EMB_O', 'EMB_O', 'EMB_O', 'EMB_O', 'EMB_O', 'EMB_O', 'EMB_O', 'EMB_P', 'EMB_P', 'EMB_P', 'EMB_P', 'EMB_P', 'EMB_P', 'EMB_P', 'EMB_P', 'EMB_P', 'EMB_P', 'EMB_P', 'EMB_P', 'EMB_P', 'EMB_P', 'EMB_P', 'EMB_P', 'EMB_P', 'EMB_P', 'EMB_P', 'EMB_P', 'EMB_P', 'EMB_P', 'EMB_P', 'EMB_P', 'EMB_P', 'EMB_P', 'EMB_P', 'EMB_P', 'EMB_P', 'EMB_P', 'EMB_P', 'EMB_P', 'EMB_P', 'EMB_P', 'EMB_P', 'EMB_P', 'EMB_P', 'EMB_P', 'EMB_P', 'EMB_P', 'EMB_P', 'EMB_P', 'EMB_P', 'EMB_P', 'EMB_P', 'EMB_P', 'EMB_P', 'EMB_P', 'EMB_P', 'EMB_P', 'EMB_P', 'EMB_P', 'EMB_P', 'EMB_P', 'EMB_P', 'EMB_P', 'EMB_P', 'EMB_P', 'EMB_P', 'EMB_P', 'EMB_P', 'EMB_P', 'EMB_P', 'EMB_P', 'EMB_P', 'EMB_P', 'EMB_P', 'EMB_P', 'EMB_P', 'EMB_P', 'EMB_P', 'EMB_P', 'EMB_P', 'EMB_P', 'EMB_P', 'EMB_P', 'EMB_P', 'EMB_P', 'EMB_P', 'EMB_P', 'EMB_P', 'EMB_P', 'EMB_P', 'EMB_P', 'EMB_P', 'EMB_P', 'EMB_P', 'EMB_P', 'EMB_P', 'EMB_P', 'EMB_P', 'EMB_P', 'EMB_P', 'EMB_P', 'EMB_P', 'EMB_P', 'EMB_P', 'EMB_P', 'EMB_P', 'EMB_P', 'EMB_P', 'EMB_P', 'EMB_P', 'EMB_P', 'EMB_P', 'EMB_P', 'EMB_P', 'EMB_P', 'EMB_P', 'EMB_P', 'EMB_P', 'EMB_P', 'EMB_P', 'EMB_P', 'EMB_P']","['EMB_O', 'EMB_O', 'EMB_O', 'EMB_O', 'EMB_O', 'EMB_O', 'EMB_O', 'EMB_O', 'EMB_O', 'EMB_O', 'EMB_O', 'EMB_O', 'EMB_O', 'EMB_P', 'EMB_P', 'EMB_P', 'EMB_P', 'EMB_P', 'EMB_P', 'EMB_P', 'EMB_P', 'EMB_P', 'EMB_P', 'EMB_P', 'EMB_P', 'EMB_P', 'EMB_P', 'EMB_P', 'EMB_P', 'EMB_P', 'EMB_P', 'EMB_P', 'EMB_P', 'EMB_P', 'EMB_P', 'EMB_P', 'EMB_P', 'EMB_P', 'EMB_P', 'EMB_P', 'EMB_P', 'EMB_P', 'EMB_P', 'EMB_P', 'EMB_P', 'EMB_P', 'EMB_P', 'EMB_P', 'EMB_P', 'EMB_P', 'EMB_P', 'EMB_P', 'EMB_P', 'EMB_P', 'EMB_P', 'EMB_P', 'EMB_P', 'EMB_P', 'EMB_P', 'EMB_P', 'EMB_P', 'EMB_P', 'EMB_P', 'EMB_P', 'EMB_P', 'EMB_P', 'EMB_P', 'EMB_P', 'EMB_P', 'EMB_P', 'EMB_P', 'EMB_P', 'EMB_P', 'EMB_P', 'EMB_P', 'EMB_P', 'EMB_P', 'EMB_P', 'EMB_P', 'EMB_P', 'EMB_P', 'EMB_P', 'EMB_P', 'EMB_P', 'EMB_P', 'EMB_P', 'EMB_P', 'EMB_P', 'EMB_P', 'EMB_P', 'EMB_P', 'EMB_P', 'EMB_P', 'EMB_P', 'EMB_P', 'EMB_P', 'EMB_P', 'EMB_P', 'EMB_P', 'EMB_P', 'EMB_P', 'EMB_P', 'EMB_P', 'EMB_P', 'EMB_P', 'EMB_P', 'EMB_P', 'EMB_P', 'EMB_P', 'EMB_P', 'EMB_P', 'EMB_P', 'EMB_P', 'EMB_P', 'EMB_P', 'EMB_P', 'EMB_P', 'EMB_P', 'EMB_P', 'EMB_P', 'EMB_P', 'EMB_P', 'EMB_P', 'EMB_P', 'EMB_P', 'EMB_P', 'EMB_P', 'EMB_P']"
85,NULL,great,laptop_quad_dev_75,works great .,7.5,7.5,"['EMB_O', 'EMB_O', 'EMB_O', 'EMB_O', 'EMB_O', 'EMB_P', 'EMB_P', 'EMB_P', 'EMB_P', 'EMB_P', 'EMB_P', 'EMB_P', 'EMB_P', 'EMB_P', 'EMB_P', 'EMB_P', 'EMB_P', 'EMB_P', 'EMB_P', 'EMB_P', 'EMB_P', 'EMB_P', 'EMB_P', 'EMB_P', 'EMB_P', 'EMB_P', 'EMB_P', 'EMB_P', 'EMB_P', 'EMB_P', 'EMB_P', 'EMB_P', 'EMB_P', 'EMB_P', 'EMB_P', 'EMB_P', 'EMB_P', 'EMB_P', 'EMB_P', 'EMB_P', 'EMB_P', 'EMB_P', 'EMB_P', 'EMB_P', 'EMB_P', 'EMB_P', 'EMB_P', 'EMB_P', 'EMB_P', 'EMB_P', 'EMB_P', 'EMB_P', 'EMB_P', 'EMB_P', 'EMB_P', 'EMB_P', 'EMB_P', 'EMB_P', 'EMB_P', 'EMB_P', 'EMB_P', 'EMB_P', 'EMB_P', 'EMB_P', 'EMB_P', 'EMB_P', 'EMB_P', 'EMB_P', 'EMB_P', 'EMB_P', 'EMB_P', 'EMB_P', 'EMB_P', 'EMB_P', 'EMB_P', 'EMB_P', 'EMB_P', 'EMB_P', 'EMB_P', 'EMB_P', 'EMB_P', 'EMB_P', 'EMB_P', 'EMB_P', 'EMB_P', 'EMB_P', 'EMB_P', 'EMB_P', 'EMB_P', 'EMB_P', 'EMB_P', 'EMB_P', 'EMB_P', 'EMB_P', 'EMB_P', 'EMB_P', 'EMB_P', 'EMB_P', 'EMB_P', 'EMB_P', 'EMB_P', 'EMB_P', 'EMB_P', 'EMB_P', 'EMB_P', 'EMB_P', 'EMB_P', 'EMB_P', 'EMB_P', 'EMB_P', 'EMB_P', 'EMB_P', 'EMB_P', 'EMB_P', 'EMB_P', 'EMB_P', 'EMB_P', 'EMB_P', 'EMB_P', 'EMB_P', 'EMB_P', 'EMB_P', 'EMB_P', 'EMB_P', 'EMB_P', 'EMB_P', 'EMB_P', 'EMB_P']","['EMB_O', 'EMB_O', 'OPN_S', 'EMB_O', 'EMB_O', 'EMB_P', 'EMB_P', 'EMB_P', 'EMB_P', 'EMB_P', 'EMB_P', 'EMB_P', 'EMB_P', 'EMB_P', 'EMB_P', 'EMB_P', 'EMB_P', 'EMB_P', 'EMB_P', 'EMB_P', 'EMB_P', 'EMB_P', 'EMB_P', 'EMB_P', 'EMB_P', 'EMB_P', 'EMB_P', 'EMB_P', 'EMB_P', 'EMB_P', 'EMB_P', 'EMB_P', 'EMB_P', 'EMB_P', 'EMB_P', 'EMB_P', 'EMB_P', 'EMB_P', 'EMB_P', 'EMB_P', 'EMB_P', 'EMB_P', 'EMB_P', 'EMB_P', 'EMB_P', 'EMB_P', 'EMB_P', 'EMB_P', 'EMB_P', 'EMB_P', 'EMB_P', 'EMB_P', 'EMB_P', 'EMB_P', 'EMB_P', 'EMB_P', 'EMB_P', 'EMB_P', 'EMB_P', 'EMB_P', 'EMB_P', 'EMB_P', 'EMB_P', 'EMB_P', 'EMB_P', 'EMB_P', 'EMB_P', 'EMB_P', 'EMB_P', 'EMB_P', 'EMB_P', 'EMB_P', 'EMB_P', 'EMB_P', 'EMB_P', 'EMB_P', 'EMB_P', 'EMB_P', 'EMB_P', 'EMB_P', 'EMB_P', 'EMB_P', 'EMB_P', 'EMB_P', 'EMB_P', 'EMB_P', 'EMB_P', 'EMB_P', 'EMB_P', 'EMB_P', 'EMB_P', 'EMB_P', 'EMB_P', 'EMB_P', 'EMB_P', 'EMB_P', 'EMB_P', 'EMB_P', 'EMB_P', 'EMB_P', 'EMB_P', 'EMB_P', 'EMB_P', 'EMB_P', 'EMB_P', 'EMB_P', 'EMB_P', 'EMB_P', 'EMB_P', 'EMB_P', 'EMB_P', 'EMB_P', 'EMB_P', 'EMB_P', 'EMB_P', 'EMB_P', 'EMB_P', 'EMB_P', 'EMB_P', 'EMB_P', 'EMB_P', 'EMB_P', 'EMB_P', 'EMB_P', 'EMB_P', 'EMB_P', 'EMB_P', 'EMB_P']"
86,NULL,loved,laptop_quad_dev_76,"i loved mine , so i got her the same one .",7.62,7.75,"['EMB_O', 'EMB_O', 'EMB_O', 'EMB_O', 'EMB_O', 'EMB_O', 'EMB_O', 'EMB_O', 'EMB_O', 'EMB_O', 'EMB_O', 'EMB_O', 'EMB_O', 'EMB_O', 'EMB_P', 'EMB_P', 'EMB_P', 'EMB_P', 'EMB_P', 'EMB_P', 'EMB_P', 'EMB_P', 'EMB_P', 'EMB_P', 'EMB_P', 'EMB_P', 'EMB_P', 'EMB_P', 'EMB_P', 'EMB_P', 'EMB_P', 'EMB_P', 'EMB_P', 'EMB_P', 'EMB_P', 'EMB_P', 'EMB_P', 'EMB_P', 'EMB_P', 'EMB_P', 'EMB_P', 'EMB_P', 'EMB_P', 'EMB_P', 'EMB_P', 'EMB_P', 'EMB_P', 'EMB_P', 'EMB_P', 'EMB_P', 'EMB_P', 'EMB_P', 'EMB_P', 'EMB_P', 'EMB_P', 'EMB_P', 'EMB_P', 'EMB_P', 'EMB_P', 'EMB_P', 'EMB_P', 'EMB_P', 'EMB_P', 'EMB_P', 'EMB_P', 'EMB_P', 'EMB_P', 'EMB_P', 'EMB_P', 'EMB_P', 'EMB_P', 'EMB_P', 'EMB_P', 'EMB_P', 'EMB_P', 'EMB_P', 'EMB_P', 'EMB_P', 'EMB_P', 'EMB_P', 'EMB_P', 'EMB_P', 'EMB_P', 'EMB_P', 'EMB_P', 'EMB_P', 'EMB_P', 'EMB_P', 'EMB_P', 'EMB_P', 'EMB_P', 'EMB_P', 'EMB_P', 'EMB_P', 'EMB_P', 'EMB_P', 'EMB_P', 'EMB_P', 'EMB_P', 'EMB_P', 'EMB_P', 'EMB_P', 'EMB_P', 'EMB_P', 'EMB_P', 'EMB_P', 'EMB_P', 'EMB_P', 'EMB_P', 'EMB_P', 'EMB_P', 'EMB_P', 'EMB_P', 'EMB_P', 'EMB_P', 'EMB_P', 'EMB_P', 'EMB_P', 'EMB_P', 'EMB_P', 'EMB_P', 'EMB_P', 'EMB_P', 'EMB_P', 'EMB_P', 'EMB_P', 'EMB_P', 'EMB_P']","['EMB_O', 'EMB_O', 'OPN_S', 'EMB_O', 'EMB_O', 'EMB_O', 'EMB_O', 'EMB_O', 'EMB_O', 'EMB_O', 'EMB_O', 'EMB_O', 'EMB_O', 'EMB_O', 'EMB_P', 'EMB_P', 'EMB_P', 'EMB_P', 'EMB_P', 'EMB_P', 'EMB_P', 'EMB_P', 'EMB_P', 'EMB_P', 'EMB_P', 'EMB_P', 'EMB_P', 'EMB_P', 'EMB_P', 'EMB_P', 'EMB_P', 'EMB_P', 'EMB_P', 'EMB_P', 'EMB_P', 'EMB_P', 'EMB_P', 'EMB_P', 'EMB_P', 'EMB_P', 'EMB_P', 'EMB_P', 'EMB_P', 'EMB_P', 'EMB_P', 'EMB_P', 'EMB_P', 'EMB_P', 'EMB_P', 'EMB_P', 'EMB_P', 'EMB_P', 'EMB_P', 'EMB_P', 'EMB_P', 'EMB_P', 'EMB_P', 'EMB_P', 'EMB_P', 'EMB_P', 'EMB_P', 'EMB_P', 'EMB_P', 'EMB_P', 'EMB_P', 'EMB_P', 'EMB_P', 'EMB_P', 'EMB_P', 'EMB_P', 'EMB_P', 'EMB_P', 'EMB_P', 'EMB_P', 'EMB_P', 'EMB_P', 'EMB_P', 'EMB_P', 'EMB_P', 'EMB_P', 'EMB_P', 'EMB_P', 'EMB_P', 'EMB_P', 'EMB_P', 'EMB_P', 'EMB_P', 'EMB_P', 'EMB_P', 'EMB_P', 'EMB_P', 'EMB_P', 'EMB_P', 'EMB_P', 'EMB_P', 'EMB_P', 'EMB_P', 'EMB_P', 'EMB_P', 'EMB_P', 'EMB_P', 'EMB_P', 'EMB_P', 'EMB_P', 'EMB_P', 'EMB_P', 'EMB_P', 'EMB_P', 'EMB_P', 'EMB_P', 'EMB_P', 'EMB_P', 'EMB_P', 'EMB_P', 'EMB_P', 'EMB_P', 'EMB_P', 'EMB_P', 'EMB_P', 'EMB_P', 'EMB_P', 'EMB_P', 'EMB_P', 'EMB_P', 'EMB_P', 'EMB_P', 'EMB_P', 'EMB_P']"
87,NULL,NULL,laptop_quad_dev_77,can ' t really find a viewing angle where all of it looks right at the same time .,4.25,5.38,"['EMB_O', 'EMB_O', 'EMB_O', 'EMB_O', 'EMB_O', 'EMB_O', 'EMB_O', 'EMB_O', 'EMB_O', 'EMB_O', 'EMB_O', 'EMB_O', 'EMB_O', 'EMB_O', 'EMB_O', 'EMB_O', 'EMB_O', 'EMB_O', 'EMB_O', 'EMB_O', 'EMB_O', 'EMB_O', 'EMB_P', 'EMB_P', 'EMB_P', 'EMB_P', 'EMB_P', 'EMB_P', 'EMB_P', 'EMB_P', 'EMB_P', 'EMB_P', 'EMB_P', 'EMB_P', 'EMB_P', 'EMB_P', 'EMB_P', 'EMB_P', 'EMB_P', 'EMB_P', 'EMB_P', 'EMB_P', 'EMB_P', 'EMB_P', 'EMB_P', 'EMB_P', 'EMB_P', 'EMB_P', 'EMB_P', 'EMB_P', 'EMB_P', 'EMB_P', 'EMB_P', 'EMB_P', 'EMB_P', 'EMB_P', 'EMB_P', 'EMB_P', 'EMB_P', 'EMB_P', 'EMB_P', 'EMB_P', 'EMB_P', 'EMB_P', 'EMB_P', 'EMB_P', 'EMB_P', 'EMB_P', 'EMB_P', 'EMB_P', 'EMB_P', 'EMB_P', 'EMB_P', 'EMB_P', 'EMB_P', 'EMB_P', 'EMB_P', 'EMB_P', 'EMB_P', 'EMB_P', 'EMB_P', 'EMB_P', 'EMB_P', 'EMB_P', 'EMB_P', 'EMB_P', 'EMB_P', 'EMB_P', 'EMB_P', 'EMB_P', 'EMB_P', 'EMB_P', 'EMB_P', 'EMB_P', 'EMB_P', 'EMB_P', 'EMB_P', 'EMB_P', 'EMB_P', 'EMB_P', 'EMB_P', 'EMB_P', 'EMB_P', 'EMB_P', 'EMB_P', 'EMB_P', 'EMB_P', 'EMB_P', 'EMB_P', 'EMB_P', 'EMB_P', 'EMB_P', 'EMB_P', 'EMB_P', 'EMB_P', 'EMB_P', 'EMB_P', 'EMB_P', 'EMB_P', 'EMB_P', 'EMB_P', 'EMB_P', 'EMB_P', 'EMB_P', 'EMB_P', 'EMB_P', 'EMB_P', 'EMB_P']","['EMB_O', 'EMB_O', 'EMB_O', 'EMB_O', 'EMB_O', 'EMB_O', 'EMB_O', 'EMB_O', 'EMB_O', 'EMB_O', 'EMB_O', 'EMB_O', 'EMB_O', 'EMB_O', 'EMB_O', 'EMB_O', 'EMB_O', 'EMB_O', 'EMB_O', 'EMB_O', 'EMB_O', 'EMB_O', 'EMB_P', 'EMB_P', 'EMB_P', 'EMB_P', 'EMB_P', 'EMB_P', 'EMB_P', 'EMB_P', 'EMB_P', 'EMB_P', 'EMB_P', 'EMB_P', 'EMB_P', 'EMB_P', 'EMB_P', 'EMB_P', 'EMB_P', 'EMB_P', 'EMB_P', 'EMB_P', 'EMB_P', 'EMB_P', 'EMB_P', 'EMB_P', 'EMB_P', 'EMB_P', 'EMB_P', 'EMB_P', 'EMB_P', 'EMB_P', 'EMB_P', 'EMB_P', 'EMB_P', 'EMB_P', 'EMB_P', 'EMB_P', 'EMB_P', 'EMB_P', 'EMB_P', 'EMB_P', 'EMB_P', 'EMB_P', 'EMB_P', 'EMB_P', 'EMB_P', 'EMB_P', 'EMB_P', 'EMB_P', 'EMB_P', 'EMB_P', 'EMB_P', 'EMB_P', 'EMB_P', 'EMB_P', 'EMB_P', 'EMB_P', 'EMB_P', 'EMB_P', 'EMB_P', 'EMB_P', 'EMB_P', 'EMB_P', 'EMB_P', 'EMB_P', 'EMB_P', 'EMB_P', 'EMB_P', 'EMB_P', 'EMB_P', 'EMB_P', 'EMB_P', 'EMB_P', 'EMB_P', 'EMB_P', 'EMB_P', 'EMB_P', 'EMB_P', 'EMB_P', 'EMB_P', 'EMB_P', 'EMB_P', 'EMB_P', 'EMB_P', 'EMB_P', 'EMB_P', 'EMB_P', 'EMB_P', 'EMB_P', 'EMB_P', 'EMB_P', 'EMB_P', 'EMB_P', 'EMB_P', 'EMB_P', 'EMB_P', 'EMB_P', 'EMB_P', 'EMB_P', 'EMB_P', 'EMB_P', 'EMB_P', 'EMB_P', 'EMB_P', 'EMB_P', 'EMB_P', 'EMB_P']"
88,set up,very easy,laptop_quad_dev_78,very easy to set up .,7.3,7.3,"['EMB_O', 'EMB_O', 'EMB_O', 'EMB_O', 'ASP_B', 'ASP_E', 'EMB_O', 'EMB_O', 'EMB_P', 'EMB_P', 'EMB_P', 'EMB_P', 'EMB_P', 'EMB_P', 'EMB_P', 'EMB_P', 'EMB_P', 'EMB_P', 'EMB_P', 'EMB_P', 'EMB_P', 'EMB_P', 'EMB_P', 'EMB_P', 'EMB_P', 'EMB_P', 'EMB_P', 'EMB_P', 'EMB_P', 'EMB_P', 'EMB_P', 'EMB_P', 'EMB_P', 'EMB_P', 'EMB_P', 'EMB_P', 'EMB_P', 'EMB_P', 'EMB_P', 'EMB_P', 'EMB_P', 'EMB_P', 'EMB_P', 'EMB_P', 'EMB_P', 'EMB_P', 'EMB_P', 'EMB_P', 'EMB_P', 'EMB_P', 'EMB_P', 'EMB_P', 'EMB_P', 'EMB_P', 'EMB_P', 'EMB_P', 'EMB_P', 'EMB_P', 'EMB_P', 'EMB_P', 'EMB_P', 'EMB_P', 'EMB_P', 'EMB_P', 'EMB_P', 'EMB_P', 'EMB_P', 'EMB_P', 'EMB_P', 'EMB_P', 'EMB_P', 'EMB_P', 'EMB_P', 'EMB_P', 'EMB_P', 'EMB_P', 'EMB_P', 'EMB_P', 'EMB_P', 'EMB_P', 'EMB_P', 'EMB_P', 'EMB_P', 'EMB_P', 'EMB_P', 'EMB_P', 'EMB_P', 'EMB_P', 'EMB_P', 'EMB_P', 'EMB_P', 'EMB_P', 'EMB_P', 'EMB_P', 'EMB_P', 'EMB_P', 'EMB_P', 'EMB_P', 'EMB_P', 'EMB_P', 'EMB_P', 'EMB_P', 'EMB_P', 'EMB_P', 'EMB_P', 'EMB_P', 'EMB_P', 'EMB_P', 'EMB_P', 'EMB_P', 'EMB_P', 'EMB_P', 'EMB_P', 'EMB_P', 'EMB_P', 'EMB_P', 'EMB_P', 'EMB_P', 'EMB_P', 'EMB_P', 'EMB_P', 'EMB_P', 'EMB_P', 'EMB_P', 'EMB_P', 'EMB_P', 'EMB_P', 'EMB_P']","['EMB_O', 'OPN_B', 'OPN_E', 'EMB_O', 'EMB_O', 'EMB_O', 'EMB_O', 'EMB_O', 'EMB_P', 'EMB_P', 'EMB_P', 'EMB_P', 'EMB_P', 'EMB_P', 'EMB_P', 'EMB_P', 'EMB_P', 'EMB_P', 'EMB_P', 'EMB_P', 'EMB_P', 'EMB_P', 'EMB_P', 'EMB_P', 'EMB_P', 'EMB_P', 'EMB_P', 'EMB_P', 'EMB_P', 'EMB_P', 'EMB_P', 'EMB_P', 'EMB_P', 'EMB_P', 'EMB_P', 'EMB_P', 'EMB_P', 'EMB_P', 'EMB_P', 'EMB_P', 'EMB_P', 'EMB_P', 'EMB_P', 'EMB_P', 'EMB_P', 'EMB_P', 'EMB_P', 'EMB_P', 'EMB_P', 'EMB_P', 'EMB_P', 'EMB_P', 'EMB_P', 'EMB_P', 'EMB_P', 'EMB_P', 'EMB_P', 'EMB_P', 'EMB_P', 'EMB_P', 'EMB_P', 'EMB_P', 'EMB_P', 'EMB_P', 'EMB_P', 'EMB_P', 'EMB_P', 'EMB_P', 'EMB_P', 'EMB_P', 'EMB_P', 'EMB_P', 'EMB_P', 'EMB_P', 'EMB_P', 'EMB_P', 'EMB_P', 'EMB_P', 'EMB_P', 'EMB_P', 'EMB_P', 'EMB_P', 'EMB_P', 'EMB_P', 'EMB_P', 'EMB_P', 'EMB_P', 'EMB_P', 'EMB_P', 'EMB_P', 'EMB_P', 'EMB_P', 'EMB_P', 'EMB_P', 'EMB_P', 'EMB_P', 'EMB_P', 'EMB_P', 'EMB_P', 'EMB_P', 'EMB_P', 'EMB_P', 'EMB_P', 'EMB_P', 'EMB_P', 'EMB_P', 'EMB_P', 'EMB_P', 'EMB_P', 'EMB_P', 'EMB_P', 'EMB_P', 'EMB_P', 'EMB_P', 'EMB_P', 'EMB_P', 'EMB_P', 'EMB_P', 'EMB_P', 'EMB_P', 'EMB_P', 'EMB_P', 'EMB_P', 'EMB_P', 'EMB_P', 'EMB_P', 'EMB_P', 'EMB_P']"
89,chromebook,well,laptop_quad_dev_79,the chromebook was packaged well and we saw no defects ( ours was used ) .,6.5,6.5,"['EMB_O', 'EMB_O', 'ASP_B', 'ASP_I', 'ASP_E', 'EMB_O', 'EMB_O', 'EMB_O', 'EMB_O', 'EMB_O', 'EMB_O', 'EMB_O', 'EMB_O', 'EMB_O', 'EMB_O', 'EMB_O', 'EMB_O', 'EMB_O', 'EMB_O', 'EMB_O', 'EMB_O', 'EMB_O', 'EMB_O', 'EMB_O', 'EMB_P', 'EMB_P', 'EMB_P', 'EMB_P', 'EMB_P', 'EMB_P', 'EMB_P', 'EMB_P', 'EMB_P', 'EMB_P', 'EMB_P', 'EMB_P', 'EMB_P', 'EMB_P', 'EMB_P', 'EMB_P', 'EMB_P', 'EMB_P', 'EMB_P', 'EMB_P', 'EMB_P', 'EMB_P', 'EMB_P', 'EMB_P', 'EMB_P', 'EMB_P', 'EMB_P', 'EMB_P', 'EMB_P', 'EMB_P', 'EMB_P', 'EMB_P', 'EMB_P', 'EMB_P', 'EMB_P', 'EMB_P', 'EMB_P', 'EMB_P', 'EMB_P', 'EMB_P', 'EMB_P', 'EMB_P', 'EMB_P', 'EMB_P', 'EMB_P', 'EMB_P', 'EMB_P', 'EMB_P', 'EMB_P', 'EMB_P', 'EMB_P', 'EMB_P', 'EMB_P', 'EMB_P', 'EMB_P', 'EMB_P', 'EMB_P', 'EMB_P', 'EMB_P', 'EMB_P', 'EMB_P', 'EMB_P', 'EMB_P', 'EMB_P', 'EMB_P', 'EMB_P', 'EMB_P', 'EMB_P', 'EMB_P', 'EMB_P', 'EMB_P', 'EMB_P', 'EMB_P', 'EMB_P', 'EMB_P', 'EMB_P', 'EMB_P', 'EMB_P', 'EMB_P', 'EMB_P', 'EMB_P', 'EMB_P', 'EMB_P', 'EMB_P', 'EMB_P', 'EMB_P', 'EMB_P', 'EMB_P', 'EMB_P', 'EMB_P', 'EMB_P', 'EMB_P', 'EMB_P', 'EMB_P', 'EMB_P', 'EMB_P', 'EMB_P', 'EMB_P', 'EMB_P', 'EMB_P', 'EMB_P', 'EMB_P', 'EMB_P', 'EMB_P']","['EMB_O', 'EMB_O', 'EMB_O', 'EMB_O', 'EMB_O', 'EMB_O', 'EMB_O', 'EMB_O', 'OPN_S', 'EMB_O', 'EMB_O', 'EMB_O', 'EMB_O', 'EMB_O', 'EMB_O', 'EMB_O', 'EMB_O', 'EMB_O', 'EMB_O', 'EMB_O', 'EMB_O', 'EMB_O', 'EMB_O', 'EMB_O', 'EMB_P', 'EMB_P', 'EMB_P', 'EMB_P', 'EMB_P', 'EMB_P', 'EMB_P', 'EMB_P', 'EMB_P', 'EMB_P', 'EMB_P', 'EMB_P', 'EMB_P', 'EMB_P', 'EMB_P', 'EMB_P', 'EMB_P', 'EMB_P', 'EMB_P', 'EMB_P', 'EMB_P', 'EMB_P', 'EMB_P', 'EMB_P', 'EMB_P', 'EMB_P', 'EMB_P', 'EMB_P', 'EMB_P', 'EMB_P', 'EMB_P', 'EMB_P', 'EMB_P', 'EMB_P', 'EMB_P', 'EMB_P', 'EMB_P', 'EMB_P', 'EMB_P', 'EMB_P', 'EMB_P', 'EMB_P', 'EMB_P', 'EMB_P', 'EMB_P', 'EMB_P', 'EMB_P', 'EMB_P', 'EMB_P', 'EMB_P', 'EMB_P', 'EMB_P', 'EMB_P', 'EMB_P', 'EMB_P', 'EMB_P', 'EMB_P', 'EMB_P', 'EMB_P', 'EMB_P', 'EMB_P', 'EMB_P', 'EMB_P', 'EMB_P', 'EMB_P', 'EMB_P', 'EMB_P', 'EMB_P', 'EMB_P', 'EMB_P', 'EMB_P', 'EMB_P', 'EMB_P', 'EMB_P', 'EMB_P', 'EMB_P', 'EMB_P', 'EMB_P', 'EMB_P', 'EMB_P', 'EMB_P', 'EMB_P', 'EMB_P', 'EMB_P', 'EMB_P', 'EMB_P', 'EMB_P', 'EMB_P', 'EMB_P', 'EMB_P', 'EMB_P', 'EMB_P', 'EMB_P', 'EMB_P', 'EMB_P', 'EMB_P', 'EMB_P', 'EMB_P', 'EMB_P', 'EMB_P', 'EMB_P', 'EMB_P', 'EMB_P', 'EMB_P']"
90,laptop,love,laptop_quad_dev_80,it is a basic little laptop and i love it .,7.1,7.0,"['EMB_O', 'EMB_O', 'EMB_O', 'EMB_O', 'EMB_O', 'EMB_O', 'ASP_B', 'ASP_E', 'EMB_O', 'EMB_O', 'EMB_O', 'EMB_O', 'EMB_O', 'EMB_O', 'EMB_P', 'EMB_P', 'EMB_P', 'EMB_P', 'EMB_P', 'EMB_P', 'EMB_P', 'EMB_P', 'EMB_P', 'EMB_P', 'EMB_P', 'EMB_P', 'EMB_P', 'EMB_P', 'EMB_P', 'EMB_P', 'EMB_P', 'EMB_P', 'EMB_P', 'EMB_P', 'EMB_P', 'EMB_P', 'EMB_P', 'EMB_P', 'EMB_P', 'EMB_P', 'EMB_P', 'EMB_P', 'EMB_P', 'EMB_P', 'EMB_P', 'EMB_P', 'EMB_P', 'EMB_P', 'EMB_P', 'EMB_P', 'EMB_P', 'EMB_P', 'EMB_P', 'EMB_P', 'EMB_P', 'EMB_P', 'EMB_P', 'EMB_P', 'EMB_P', 'EMB_P', 'EMB_P', 'EMB_P', 'EMB_P', 'EMB_P', 'EMB_P', 'EMB_P', 'EMB_P', 'EMB_P', 'EMB_P', 'EMB_P', 'EMB_P', 'EMB_P', 'EMB_P', 'EMB_P', 'EMB_P', 'EMB_P', 'EMB_P', 'EMB_P', 'EMB_P', 'EMB_P', 'EMB_P', 'EMB_P', 'EMB_P', 'EMB_P', 'EMB_P', 'EMB_P', 'EMB_P', 'EMB_P', 'EMB_P', 'EMB_P', 'EMB_P', 'EMB_P', 'EMB_P', 'EMB_P', 'EMB_P', 'EMB_P', 'EMB_P', 'EMB_P', 'EMB_P', 'EMB_P', 'EMB_P', 'EMB_P', 'EMB_P', 'EMB_P', 'EMB_P', 'EMB_P', 'EMB_P', 'EMB_P', 'EMB_P', 'EMB_P', 'EMB_P', 'EMB_P', 'EMB_P', 'EMB_P', 'EMB_P', 'EMB_P', 'EMB_P', 'EMB_P', 'EMB_P', 'EMB_P', 'EMB_P', 'EMB_P', 'EMB_P', 'EMB_P', 'EMB_P', 'EMB_P', 'EMB_P', 'EMB_P']","['EMB_O', 'EMB_O', 'EMB_O', 'EMB_O', 'EMB_O', 'EMB_O', 'EMB_O', 'EMB_O', 'EMB_O', 'EMB_O', 'OPN_S', 'EMB_O', 'EMB_O', 'EMB_O', 'EMB_P', 'EMB_P', 'EMB_P', 'EMB_P', 'EMB_P', 'EMB_P', 'EMB_P', 'EMB_P', 'EMB_P', 'EMB_P', 'EMB_P', 'EMB_P', 'EMB_P', 'EMB_P', 'EMB_P', 'EMB_P', 'EMB_P', 'EMB_P', 'EMB_P', 'EMB_P', 'EMB_P', 'EMB_P', 'EMB_P', 'EMB_P', 'EMB_P', 'EMB_P', 'EMB_P', 'EMB_P', 'EMB_P', 'EMB_P', 'EMB_P', 'EMB_P', 'EMB_P', 'EMB_P', 'EMB_P', 'EMB_P', 'EMB_P', 'EMB_P', 'EMB_P', 'EMB_P', 'EMB_P', 'EMB_P', 'EMB_P', 'EMB_P', 'EMB_P', 'EMB_P', 'EMB_P', 'EMB_P', 'EMB_P', 'EMB_P', 'EMB_P', 'EMB_P', 'EMB_P', 'EMB_P', 'EMB_P', 'EMB_P', 'EMB_P', 'EMB_P', 'EMB_P', 'EMB_P', 'EMB_P', 'EMB_P', 'EMB_P', 'EMB_P', 'EMB_P', 'EMB_P', 'EMB_P', 'EMB_P', 'EMB_P', 'EMB_P', 'EMB_P', 'EMB_P', 'EMB_P', 'EMB_P', 'EMB_P', 'EMB_P', 'EMB_P', 'EMB_P', 'EMB_P', 'EMB_P', 'EMB_P', 'EMB_P', 'EMB_P', 'EMB_P', 'EMB_P', 'EMB_P', 'EMB_P', 'EMB_P', 'EMB_P', 'EMB_P', 'EMB_P', 'EMB_P', 'EMB_P', 'EMB_P', 'EMB_P', 'EMB_P', 'EMB_P', 'EMB_P', 'EMB_P', 'EMB_P', 'EMB_P', 'EMB_P', 'EMB_P', 'EMB_P', 'EMB_P', 'EMB_P', 'EMB_P', 'EMB_P', 'EMB_P', 'EMB_P', 'EMB_P', 'EMB_P', 'EMB_P', 'EMB_P']"
91,battery life,incredible,laptop_quad_dev_81,"the battery life is incredible and literally lasts all day , not to mention it charges to 100 % in about an hour and a half .",7.75,7.75,"['EMB_O', 'EMB_O', 'ASP_B', 'ASP_E', 'EMB_O', 'EMB_O', 'EMB_O', 'EMB_O', 'EMB_O', 'EMB_O', 'EMB_O', 'EMB_O', 'EMB_O', 'EMB_O', 'EMB_O', 'EMB_O', 'EMB_O', 'EMB_O', 'EMB_O', 'EMB_O', 'EMB_O', 'EMB_O', 'EMB_O', 'EMB_O', 'EMB_O', 'EMB_O', 'EMB_O', 'EMB_O', 'EMB_O', 'EMB_O', 'EMB_O', 'EMB_O', 'EMB_P', 'EMB_P', 'EMB_P', 'EMB_P', 'EMB_P', 'EMB_P', 'EMB_P', 'EMB_P', 'EMB_P', 'EMB_P', 'EMB_P', 'EMB_P', 'EMB_P', 'EMB_P', 'EMB_P', 'EMB_P', 'EMB_P', 'EMB_P', 'EMB_P', 'EMB_P', 'EMB_P', 'EMB_P', 'EMB_P', 'EMB_P', 'EMB_P', 'EMB_P', 'EMB_P', 'EMB_P', 'EMB_P', 'EMB_P', 'EMB_P', 'EMB_P', 'EMB_P', 'EMB_P', 'EMB_P', 'EMB_P', 'EMB_P', 'EMB_P', 'EMB_P', 'EMB_P', 'EMB_P', 'EMB_P', 'EMB_P', 'EMB_P', 'EMB_P', 'EMB_P', 'EMB_P', 'EMB_P', 'EMB_P', 'EMB_P', 'EMB_P', 'EMB_P', 'EMB_P', 'EMB_P', 'EMB_P', 'EMB_P', 'EMB_P', 'EMB_P', 'EMB_P', 'EMB_P', 'EMB_P', 'EMB_P', 'EMB_P', 'EMB_P', 'EMB_P', 'EMB_P', 'EMB_P', 'EMB_P', 'EMB_P', 'EMB_P', 'EMB_P', 'EMB_P', 'EMB_P', 'EMB_P', 'EMB_P', 'EMB_P', 'EMB_P', 'EMB_P', 'EMB_P', 'EMB_P', 'EMB_P', 'EMB_P', 'EMB_P', 'EMB_P', 'EMB_P', 'EMB_P', 'EMB_P', 'EMB_P', 'EMB_P', 'EMB_P', 'EMB_P', 'EMB_P', 'EMB_P', 'EMB_P', 'EMB_P', 'EMB_P']","['EMB_O', 'EMB_O', 'EMB_O', 'EMB_O', 'EMB_O', 'OPN_B', 'OPN_I', 'OPN_E', 'EMB_O', 'EMB_O', 'EMB_O', 'EMB_O', 'EMB_O', 'EMB_O', 'EMB_O', 'EMB_O', 'EMB_O', 'EMB_O', 'EMB_O', 'EMB_O', 'EMB_O', 'EMB_O', 'EMB_O', 'EMB_O', 'EMB_O', 'EMB_O', 'EMB_O', 'EMB_O', 'EMB_O', 'EMB_O', 'EMB_O', 'EMB_O', 'EMB_P', 'EMB_P', 'EMB_P', 'EMB_P', 'EMB_P', 'EMB_P', 'EMB_P', 'EMB_P', 'EMB_P', 'EMB_P', 'EMB_P', 'EMB_P', 'EMB_P', 'EMB_P', 'EMB_P', 'EMB_P', 'EMB_P', 'EMB_P', 'EMB_P', 'EMB_P', 'EMB_P', 'EMB_P', 'EMB_P', 'EMB_P', 'EMB_P', 'EMB_P', 'EMB_P', 'EMB_P', 'EMB_P', 'EMB_P', 'EMB_P', 'EMB_P', 'EMB_P', 'EMB_P', 'EMB_P', 'EMB_P', 'EMB_P', 'EMB_P', 'EMB_P', 'EMB_P', 'EMB_P', 'EMB_P', 'EMB_P', 'EMB_P', 'EMB_P', 'EMB_P', 'EMB_P', 'EMB_P', 'EMB_P', 'EMB_P', 'EMB_P', 'EMB_P', 'EMB_P', 'EMB_P', 'EMB_P', 'EMB_P', 'EMB_P', 'EMB_P', 'EMB_P', 'EMB_P', 'EMB_P', 'EMB_P', 'EMB_P', 'EMB_P', 'EMB_P', 'EMB_P', 'EMB_P', 'EMB_P', 'EMB_P', 'EMB_P', 'EMB_P', 'EMB_P', 'EMB_P', 'EMB_P', 'EMB_P', 'EMB_P', 'EMB_P', 'EMB_P', 'EMB_P', 'EMB_P', 'EMB_P', 'EMB_P', 'EMB_P', 'EMB_P', 'EMB_P', 'EMB_P', 'EMB_P', 'EMB_P', 'EMB_P', 'EMB_P', 'EMB_P', 'EMB_P', 'EMB_P', 'EMB_P', 'EMB_P', 'EMB_P']"
92,linux,fairly light,laptop_quad_dev_82,linux is a fairly light os depending on the distro you use .,6.88,7.0,"['EMB_O', 'ASP_B', 'ASP_I', 'ASP_E', 'EMB_O', 'EMB_O', 'EMB_O', 'EMB_O', 'EMB_O', 'EMB_O', 'EMB_O', 'EMB_O', 'EMB_O', 'EMB_O', 'EMB_O', 'EMB_O', 'EMB_O', 'EMB_O', 'EMB_P', 'EMB_P', 'EMB_P', 'EMB_P', 'EMB_P', 'EMB_P', 'EMB_P', 'EMB_P', 'EMB_P', 'EMB_P', 'EMB_P', 'EMB_P', 'EMB_P', 'EMB_P', 'EMB_P', 'EMB_P', 'EMB_P', 'EMB_P', 'EMB_P', 'EMB_P', 'EMB_P', 'EMB_P', 'EMB_P', 'EMB_P', 'EMB_P', 'EMB_P', 'EMB_P', 'EMB_P', 'EMB_P', 'EMB_P', 'EMB_P', 'EMB_P', 'EMB_P', 'EMB_P', 'EMB_P', 'EMB_P', 'EMB_P', 'EMB_P', 'EMB_P', 'EMB_P', 'EMB_P', 'EMB_P', 'EMB_P', 'EMB_P', 'EMB_P', 'EMB_P', 'EMB_P', 'EMB_P', 'EMB_P', 'EMB_P', 'EMB_P', 'EMB_P', 'EMB_P', 'EMB_P', 'EMB_P', 'EMB_P', 'EMB_P', 'EMB_P', 'EMB_P', 'EMB_P', 'EMB_P', 'EMB_P', 'EMB_P', 'EMB_P', 'EMB_P', 'EMB_P', 'EMB_P', 'EMB_P', 'EMB_P', 'EMB_P', 'EMB_P', 'EMB_P', 'EMB_P', 'EMB_P', 'EMB_P', 'EMB_P', 'EMB_P', 'EMB_P', 'EMB_P', 'EMB_P', 'EMB_P', 'EMB_P', 'EMB_P', 'EMB_P', 'EMB_P', 'EMB_P', 'EMB_P', 'EMB_P', 'EMB_P', 'EMB_P', 'EMB_P', 'EMB_P', 'EMB_P', 'EMB_P', 'EMB_P', 'EMB_P', 'EMB_P', 'EMB_P', 'EMB_P', 'EMB_P', 'EMB_P', 'EMB_P', 'EMB_P', 'EMB_P', 'EMB_P', 'EMB_P', 'EMB_P', 'EMB_P', 'EMB_P', 'EMB_P']","['EMB_O', 'EMB_O', 'EMB_O', 'EMB_O', 'EMB_O', 'EMB_O', 'OPN_B', 'OPN_E', 'EMB_O', 'EMB_O', 'EMB_O', 'EMB_O', 'EMB_O', 'EMB_O', 'EMB_O', 'EMB_O', 'EMB_O', 'EMB_O', 'EMB_P', 'EMB_P', 'EMB_P', 'EMB_P', 'EMB_P', 'EMB_P', 'EMB_P', 'EMB_P', 'EMB_P', 'EMB_P', 'EMB_P', 'EMB_P', 'EMB_P', 'EMB_P', 'EMB_P', 'EMB_P', 'EMB_P', 'EMB_P', 'EMB_P', 'EMB_P', 'EMB_P', 'EMB_P', 'EMB_P', 'EMB_P', 'EMB_P', 'EMB_P', 'EMB_P', 'EMB_P', 'EMB_P', 'EMB_P', 'EMB_P', 'EMB_P', 'EMB_P', 'EMB_P', 'EMB_P', 'EMB_P', 'EMB_P', 'EMB_P', 'EMB_P', 'EMB_P', 'EMB_P', 'EMB_P', 'EMB_P', 'EMB_P', 'EMB_P', 'EMB_P', 'EMB_P', 'EMB_P', 'EMB_P', 'EMB_P', 'EMB_P', 'EMB_P', 'EMB_P', 'EMB_P', 'EMB_P', 'EMB_P', 'EMB_P', 'EMB_P', 'EMB_P', 'EMB_P', 'EMB_P', 'EMB_P', 'EMB_P', 'EMB_P', 'EMB_P', 'EMB_P', 'EMB_P', 'EMB_P', 'EMB_P', 'EMB_P', 'EMB_P', 'EMB_P', 'EMB_P', 'EMB_P', 'EMB_P', 'EMB_P', 'EMB_P', 'EMB_P', 'EMB_P', 'EMB_P', 'EMB_P', 'EMB_P', 'EMB_P', 'EMB_P', 'EMB_P', 'EMB_P', 'EMB_P', 'EMB_P', 'EMB_P', 'EMB_P', 'EMB_P', 'EMB_P', 'EMB_P', 'EMB_P', 'EMB_P', 'EMB_P', 'EMB_P', 'EMB_P', 'EMB_P', 'EMB_P', 'EMB_P', 'EMB_P', 'EMB_P', 'EMB_P', 'EMB_P', 'EMB_P', 'EMB_P', 'EMB_P', 'EMB_P', 'EMB_P']"
93,os,fairly light,laptop_quad_dev_82,linux is a fairly light os depending on the distro you use .,7.0,7.12,"['EMB_O', 'EMB_O', 'EMB_O', 'EMB_O', 'EMB_O', 'EMB_O', 'EMB_O', 'EMB_O', 'ASP_S', 'EMB_O', 'EMB_O', 'EMB_O', 'EMB_O', 'EMB_O', 'EMB_O', 'EMB_O', 'EMB_O', 'EMB_O', 'EMB_P', 'EMB_P', 'EMB_P', 'EMB_P', 'EMB_P', 'EMB_P', 'EMB_P', 'EMB_P', 'EMB_P', 'EMB_P', 'EMB_P', 'EMB_P', 'EMB_P', 'EMB_P', 'EMB_P', 'EMB_P', 'EMB_P', 'EMB_P', 'EMB_P', 'EMB_P', 'EMB_P', 'EMB_P', 'EMB_P', 'EMB_P', 'EMB_P', 'EMB_P', 'EMB_P', 'EMB_P', 'EMB_P', 'EMB_P', 'EMB_P', 'EMB_P', 'EMB_P', 'EMB_P', 'EMB_P', 'EMB_P', 'EMB_P', 'EMB_P', 'EMB_P', 'EMB_P', 'EMB_P', 'EMB_P', 'EMB_P', 'EMB_P', 'EMB_P', 'EMB_P', 'EMB_P', 'EMB_P', 'EMB_P', 'EMB_P', 'EMB_P', 'EMB_P', 'EMB_P', 'EMB_P', 'EMB_P', 'EMB_P', 'EMB_P', 'EMB_P', 'EMB_P', 'EMB_P', 'EMB_P', 'EMB_P', 'EMB_P', 'EMB_P', 'EMB_P', 'EMB_P', 'EMB_P', 'EMB_P', 'EMB_P', 'EMB_P', 'EMB_P', 'EMB_P', 'EMB_P', 'EMB_P', 'EMB_P', 'EMB_P', 'EMB_P', 'EMB_P', 'EMB_P', 'EMB_P', 'EMB_P', 'EMB_P', 'EMB_P', 'EMB_P', 'EMB_P', 'EMB_P', 'EMB_P', 'EMB_P', 'EMB_P', 'EMB_P', 'EMB_P', 'EMB_P', 'EMB_P', 'EMB_P', 'EMB_P', 'EMB_P', 'EMB_P', 'EMB_P', 'EMB_P', 'EMB_P', 'EMB_P', 'EMB_P', 'EMB_P', 'EMB_P', 'EMB_P', 'EMB_P', 'EMB_P', 'EMB_P', 'EMB_P', 'EMB_P']","['EMB_O', 'EMB_O', 'EMB_O', 'EMB_O', 'EMB_O', 'EMB_O', 'OPN_B', 'OPN_E', 'EMB_O', 'EMB_O', 'EMB_O', 'EMB_O', 'EMB_O', 'EMB_O', 'EMB_O', 'EMB_O', 'EMB_O', 'EMB_O', 'EMB_P', 'EMB_P', 'EMB_P', 'EMB_P', 'EMB_P', 'EMB_P', 'EMB_P', 'EMB_P', 'EMB_P', 'EMB_P', 'EMB_P', 'EMB_P', 'EMB_P', 'EMB_P', 'EMB_P', 'EMB_P', 'EMB_P', 'EMB_P', 'EMB_P', 'EMB_P', 'EMB_P', 'EMB_P', 'EMB_P', 'EMB_P', 'EMB_P', 'EMB_P', 'EMB_P', 'EMB_P', 'EMB_P', 'EMB_P', 'EMB_P', 'EMB_P', 'EMB_P', 'EMB_P', 'EMB_P', 'EMB_P', 'EMB_P', 'EMB_P', 'EMB_P', 'EMB_P', 'EMB_P', 'EMB_P', 'EMB_P', 'EMB_P', 'EMB_P', 'EMB_P', 'EMB_P', 'EMB_P', 'EMB_P', 'EMB_P', 'EMB_P', 'EMB_P', 'EMB_P', 'EMB_P', 'EMB_P', 'EMB_P', 'EMB_P', 'EMB_P', 'EMB_P', 'EMB_P', 'EMB_P', 'EMB_P', 'EMB_P', 'EMB_P', 'EMB_P', 'EMB_P', 'EMB_P', 'EMB_P', 'EMB_P', 'EMB_P', 'EMB_P', 'EMB_P', 'EMB_P', 'EMB_P', 'EMB_P', 'EMB_P', 'EMB_P', 'EMB_P', 'EMB_P', 'EMB_P', 'EMB_P', 'EMB_P', 'EMB_P', 'EMB_P', 'EMB_P', 'EMB_P', 'EMB_P', 'EMB_P', 'EMB_P', 'EMB_P', 'EMB_P', 'EMB_P', 'EMB_P', 'EMB_P', 'EMB_P', 'EMB_P', 'EMB_P', 'EMB_P', 'EMB_P', 'EMB_P', 'EMB_P', 'EMB_P', 'EMB_P', 'EMB_P', 'EMB_P', 'EMB_P', 'EMB_P', 'EMB_P', 'EMB_P', 'EMB_P']"
94,lenovo ideapad 320,NULL,laptop_quad_dev_83,there is a lot of ' bang for your buck ' in the lenovo ideapad 320 .,5.62,5.62,"['EMB_O', 'EMB_O', 'EMB_O', 'EMB_O', 'EMB_O', 'EMB_O', 'EMB_O', 'EMB_O', 'EMB_O', 'EMB_O', 'EMB_O', 'EMB_O', 'EMB_O', 'EMB_O', 'EMB_O', 'ASP_B', 'ASP_I', 'ASP_I', 'ASP_I', 'ASP_E', 'EMB_O', 'EMB_O', 'EMB_P', 'EMB_P', 'EMB_P', 'EMB_P', 'EMB_P', 'EMB_P', 'EMB_P', 'EMB_P', 'EMB_P', 'EMB_P', 'EMB_P', 'EMB_P', 'EMB_P', 'EMB_P', 'EMB_P', 'EMB_P', 'EMB_P', 'EMB_P', 'EMB_P', 'EMB_P', 'EMB_P', 'EMB_P', 'EMB_P', 'EMB_P', 'EMB_P', 'EMB_P', 'EMB_P', 'EMB_P', 'EMB_P', 'EMB_P', 'EMB_P', 'EMB_P', 'EMB_P', 'EMB_P', 'EMB_P', 'EMB_P', 'EMB_P', 'EMB_P', 'EMB_P', 'EMB_P', 'EMB_P', 'EMB_P', 'EMB_P', 'EMB_P', 'EMB_P', 'EMB_P', 'EMB_P', 'EMB_P', 'EMB_P', 'EMB_P', 'EMB_P', 'EMB_P', 'EMB_P', 'EMB_P', 'EMB_P', 'EMB_P', 'EMB_P', 'EMB_P', 'EMB_P', 'EMB_P', 'EMB_P', 'EMB_P', 'EMB_P', 'EMB_P', 'EMB_P', 'EMB_P', 'EMB_P', 'EMB_P', 'EMB_P', 'EMB_P', 'EMB_P', 'EMB_P', 'EMB_P', 'EMB_P', 'EMB_P', 'EMB_P', 'EMB_P', 'EMB_P', 'EMB_P', 'EMB_P', 'EMB_P', 'EMB_P', 'EMB_P', 'EMB_P', 'EMB_P', 'EMB_P', 'EMB_P', 'EMB_P', 'EMB_P', 'EMB_P', 'EMB_P', 'EMB_P', 'EMB_P', 'EMB_P', 'EMB_P', 'EMB_P', 'EMB_P', 'EMB_P', 'EMB_P', 'EMB_P', 'EMB_P', 'EMB_P', 'EMB_P', 'EMB_P', 'EMB_P', 'EMB_P']","['EMB_O', 'EMB_O', 'EMB_O', 'EMB_O', 'EMB_O', 'EMB_O', 'EMB_O', 'EMB_O', 'EMB_O', 'EMB_O', 'EMB_O', 'EMB_O', 'EMB_O', 'EMB_O', 'EMB_O', 'EMB_O', 'EMB_O', 'EMB_O', 'EMB_O', 'EMB_O', 'EMB_O', 'EMB_O', 'EMB_P', 'EMB_P', 'EMB_P', 'EMB_P', 'EMB_P', 'EMB_P', 'EMB_P', 'EMB_P', 'EMB_P', 'EMB_P', 'EMB_P', 'EMB_P', 'EMB_P', 'EMB_P', 'EMB_P', 'EMB_P', 'EMB_P', 'EMB_P', 'EMB_P', 'EMB_P', 'EMB_P', 'EMB_P', 'EMB_P', 'EMB_P', 'EMB_P', 'EMB_P', 'EMB_P', 'EMB_P', 'EMB_P', 'EMB_P', 'EMB_P', 'EMB_P', 'EMB_P', 'EMB_P', 'EMB_P', 'EMB_P', 'EMB_P', 'EMB_P', 'EMB_P', 'EMB_P', 'EMB_P', 'EMB_P', 'EMB_P', 'EMB_P', 'EMB_P', 'EMB_P', 'EMB_P', 'EMB_P', 'EMB_P', 'EMB_P', 'EMB_P', 'EMB_P', 'EMB_P', 'EMB_P', 'EMB_P', 'EMB_P', 'EMB_P', 'EMB_P', 'EMB_P', 'EMB_P', 'EMB_P', 'EMB_P', 'EMB_P', 'EMB_P', 'EMB_P', 'EMB_P', 'EMB_P', 'EMB_P', 'EMB_P', 'EMB_P', 'EMB_P', 'EMB_P', 'EMB_P', 'EMB_P', 'EMB_P', 'EMB_P', 'EMB_P', 'EMB_P', 'EMB_P', 'EMB_P', 'EMB_P', 'EMB_P', 'EMB_P', 'EMB_P', 'EMB_P', 'EMB_P', 'EMB_P', 'EMB_P', 'EMB_P', 'EMB_P', 'EMB_P', 'EMB_P', 'EMB_P', 'EMB_P', 'EMB_P', 'EMB_P', 'EMB_P', 'EMB_P', 'EMB_P', 'EMB_P', 'EMB_P', 'EMB_P', 'EMB_P', 'EMB_P', 'EMB_P', 'EMB_P']"
95,hdd,low,laptop_quad_dev_84,low rpm hdd .,3.0,5.0,"['EMB_O', 'EMB_O', 'EMB_O', 'ASP_B', 'ASP_E', 'EMB_O', 'EMB_O', 'EMB_P', 'EMB_P', 'EMB_P', 'EMB_P', 'EMB_P', 'EMB_P', 'EMB_P', 'EMB_P', 'EMB_P', 'EMB_P', 'EMB_P', 'EMB_P', 'EMB_P', 'EMB_P', 'EMB_P', 'EMB_P', 'EMB_P', 'EMB_P', 'EMB_P', 'EMB_P', 'EMB_P', 'EMB_P', 'EMB_P', 'EMB_P', 'EMB_P', 'EMB_P', 'EMB_P', 'EMB_P', 'EMB_P', 'EMB_P', 'EMB_P', 'EMB_P', 'EMB_P', 'EMB_P', 'EMB_P', 'EMB_P', 'EMB_P', 'EMB_P', 'EMB_P', 'EMB_P', 'EMB_P', 'EMB_P', 'EMB_P', 'EMB_P', 'EMB_P', 'EMB_P', 'EMB_P', 'EMB_P', 'EMB_P', 'EMB_P', 'EMB_P', 'EMB_P', 'EMB_P', 'EMB_P', 'EMB_P', 'EMB_P', 'EMB_P', 'EMB_P', 'EMB_P', 'EMB_P', 'EMB_P', 'EMB_P', 'EMB_P', 'EMB_P', 'EMB_P', 'EMB_P', 'EMB_P', 'EMB_P', 'EMB_P', 'EMB_P', 'EMB_P', 'EMB_P', 'EMB_P', 'EMB_P', 'EMB_P', 'EMB_P', 'EMB_P', 'EMB_P', 'EMB_P', 'EMB_P', 'EMB_P', 'EMB_P', 'EMB_P', 'EMB_P', 'EMB_P', 'EMB_P', 'EMB_P', 'EMB_P', 'EMB_P', 'EMB_P', 'EMB_P', 'EMB_P', 'EMB_P', 'EMB_P', 'EMB_P', 'EMB_P', 'EMB_P', 'EMB_P', 'EMB_P', 'EMB_P', 'EMB_P', 'EMB_P', 'EMB_P', 'EMB_P', 'EMB_P', 'EMB_P', 'EMB_P', 'EMB_P', 'EMB_P', 'EMB_P', 'EMB_P', 'EMB_P', 'EMB_P', 'EMB_P', 'EMB_P', 'EMB_P', 'EMB_P', 'EMB_P', 'EMB_P', 'EMB_P', 'EMB_P']","['EMB_O', 'OPN_S', 'EMB_O', 'EMB_O', 'EMB_O', 'EMB_O', 'EMB_O', 'EMB_P', 'EMB_P', 'EMB_P', 'EMB_P', 'EMB_P', 'EMB_P', 'EMB_P', 'EMB_P', 'EMB_P', 'EMB_P', 'EMB_P', 'EMB_P', 'EMB_P', 'EMB_P', 'EMB_P', 'EMB_P', 'EMB_P', 'EMB_P', 'EMB_P', 'EMB_P', 'EMB_P', 'EMB_P', 'EMB_P', 'EMB_P', 'EMB_P', 'EMB_P', 'EMB_P', 'EMB_P', 'EMB_P', 'EMB_P', 'EMB_P', 'EMB_P', 'EMB_P', 'EMB_P', 'EMB_P', 'EMB_P', 'EMB_P', 'EMB_P', 'EMB_P', 'EMB_P', 'EMB_P', 'EMB_P', 'EMB_P', 'EMB_P', 'EMB_P', 'EMB_P', 'EMB_P', 'EMB_P', 'EMB_P', 'EMB_P', 'EMB_P', 'EMB_P', 'EMB_P', 'EMB_P', 'EMB_P', 'EMB_P', 'EMB_P', 'EMB_P', 'EMB_P', 'EMB_P', 'EMB_P', 'EMB_P', 'EMB_P', 'EMB_P', 'EMB_P', 'EMB_P', 'EMB_P', 'EMB_P', 'EMB_P', 'EMB_P', 'EMB_P', 'EMB_P', 'EMB_P', 'EMB_P', 'EMB_P', 'EMB_P', 'EMB_P', 'EMB_P', 'EMB_P', 'EMB_P', 'EMB_P', 'EMB_P', 'EMB_P', 'EMB_P', 'EMB_P', 'EMB_P', 'EMB_P', 'EMB_P', 'EMB_P', 'EMB_P', 'EMB_P', 'EMB_P', 'EMB_P', 'EMB_P', 'EMB_P', 'EMB_P', 'EMB_P', 'EMB_P', 'EMB_P', 'EMB_P', 'EMB_P', 'EMB_P', 'EMB_P', 'EMB_P', 'EMB_P', 'EMB_P', 'EMB_P', 'EMB_P', 'EMB_P', 'EMB_P', 'EMB_P', 'EMB_P', 'EMB_P', 'EMB_P', 'EMB_P', 'EMB_P', 'EMB_P', 'EMB_P', 'EMB_P', 'EMB_P', 'EMB_P']"
96,NULL,complaint,laptop_quad_dev_85,my only fair complaint is that it occasionally restarts itself without warning ( usually no more than once every day or two ) .,2.9,6.9,"['EMB_O', 'EMB_O', 'EMB_O', 'EMB_O', 'EMB_O', 'EMB_O', 'EMB_O', 'EMB_O', 'EMB_O', 'EMB_O', 'EMB_O', 'EMB_O', 'EMB_O', 'EMB_O', 'EMB_O', 'EMB_O', 'EMB_O', 'EMB_O', 'EMB_O', 'EMB_O', 'EMB_O', 'EMB_O', 'EMB_O', 'EMB_O', 'EMB_O', 'EMB_O', 'EMB_O', 'EMB_O', 'EMB_O', 'EMB_P', 'EMB_P', 'EMB_P', 'EMB_P', 'EMB_P', 'EMB_P', 'EMB_P', 'EMB_P', 'EMB_P', 'EMB_P', 'EMB_P', 'EMB_P', 'EMB_P', 'EMB_P', 'EMB_P', 'EMB_P', 'EMB_P', 'EMB_P', 'EMB_P', 'EMB_P', 'EMB_P', 'EMB_P', 'EMB_P', 'EMB_P', 'EMB_P', 'EMB_P', 'EMB_P', 'EMB_P', 'EMB_P', 'EMB_P', 'EMB_P', 'EMB_P', 'EMB_P', 'EMB_P', 'EMB_P', 'EMB_P', 'EMB_P', 'EMB_P', 'EMB_P', 'EMB_P', 'EMB_P', 'EMB_P', 'EMB_P', 'EMB_P', 'EMB_P', 'EMB_P', 'EMB_P', 'EMB_P', 'EMB_P', 'EMB_P', 'EMB_P', 'EMB_P', 'EMB_P', 'EMB_P', 'EMB_P', 'EMB_P', 'EMB_P', 'EMB_P', 'EMB_P', 'EMB_P', 'EMB_P', 'EMB_P', 'EMB_P', 'EMB_P', 'EMB_P', 'EMB_P', 'EMB_P', 'EMB_P', 'EMB_P', 'EMB_P', 'EMB_P', 'EMB_P', 'EMB_P', 'EMB_P', 'EMB_P', 'EMB_P', 'EMB_P', 'EMB_P', 'EMB_P', 'EMB_P', 'EMB_P', 'EMB_P', 'EMB_P', 'EMB_P', 'EMB_P', 'EMB_P', 'EMB_P', 'EMB_P', 'EMB_P', 'EMB_P', 'EMB_P', 'EMB_P', 'EMB_P', 'EMB_P', 'EMB_P', 'EMB_P', 'EMB_P', 'EMB_P', 'EMB_P']","['EMB_O', 'EMB_O', 'EMB_O', 'EMB_O', 'OPN_B', 'OPN_I', 'OPN_E', 'EMB_O', 'EMB_O', 'EMB_O', 'EMB_O', 'EMB_O', 'EMB_O', 'EMB_O', 'EMB_O', 'EMB_O', 'EMB_O', 'EMB_O', 'EMB_O', 'EMB_O', 'EMB_O', 'EMB_O', 'EMB_O', 'EMB_O', 'EMB_O', 'EMB_O', 'EMB_O', 'EMB_O', 'EMB_O', 'EMB_P', 'EMB_P', 'EMB_P', 'EMB_P', 'EMB_P', 'EMB_P', 'EMB_P', 'EMB_P', 'EMB_P', 'EMB_P', 'EMB_P', 'EMB_P', 'EMB_P', 'EMB_P', 'EMB_P', 'EMB_P', 'EMB_P', 'EMB_P', 'EMB_P', 'EMB_P', 'EMB_P', 'EMB_P', 'EMB_P', 'EMB_P', 'EMB_P', 'EMB_P', 'EMB_P', 'EMB_P', 'EMB_P', 'EMB_P', 'EMB_P', 'EMB_P', 'EMB_P', 'EMB_P', 'EMB_P', 'EMB_P', 'EMB_P', 'EMB_P', 'EMB_P', 'EMB_P', 'EMB_P', 'EMB_P', 'EMB_P', 'EMB_P', 'EMB_P', 'EMB_P', 'EMB_P', 'EMB_P', 'EMB_P', 'EMB_P', 'EMB_P', 'EMB_P', 'EMB_P', 'EMB_P', 'EMB_P', 'EMB_P', 'EMB_P', 'EMB_P', 'EMB_P', 'EMB_P', 'EMB_P', 'EMB_P', 'EMB_P', 'EMB_P', 'EMB_P', 'EMB_P', 'EMB_P', 'EMB_P', 'EMB_P', 'EMB_P', 'EMB_P', 'EMB_P', 'EMB_P', 'EMB_P', 'EMB_P', 'EMB_P', 'EMB_P', 'EMB_P', 'EMB_P', 'EMB_P', 'EMB_P', 'EMB_P', 'EMB_P', 'EMB_P', 'EMB_P', 'EMB_P', 'EMB_P', 'EMB_P', 'EMB_P', 'EMB_P', 'EMB_P', 'EMB_P', 'EMB_P', 'EMB_P', 'EMB_P', 'EMB_P', 'EMB_P', 'EMB_P', 'EMB_P']"
97,laptop,excellent,laptop_quad_dev_86,excellent laptop good speed on uploads and download .,8.17,8.33,"['EMB_O', 'EMB_O', 'ASP_B', 'ASP_E', 'EMB_O', 'EMB_O', 'EMB_O', 'EMB_O', 'EMB_O', 'EMB_O', 'EMB_O', 'EMB_O', 'EMB_O', 'EMB_P', 'EMB_P', 'EMB_P', 'EMB_P', 'EMB_P', 'EMB_P', 'EMB_P', 'EMB_P', 'EMB_P', 'EMB_P', 'EMB_P', 'EMB_P', 'EMB_P', 'EMB_P', 'EMB_P', 'EMB_P', 'EMB_P', 'EMB_P', 'EMB_P', 'EMB_P', 'EMB_P', 'EMB_P', 'EMB_P', 'EMB_P', 'EMB_P', 'EMB_P', 'EMB_P', 'EMB_P', 'EMB_P', 'EMB_P', 'EMB_P', 'EMB_P', 'EMB_P', 'EMB_P', 'EMB_P', 'EMB_P', 'EMB_P', 'EMB_P', 'EMB_P', 'EMB_P', 'EMB_P', 'EMB_P', 'EMB_P', 'EMB_P', 'EMB_P', 'EMB_P', 'EMB_P', 'EMB_P', 'EMB_P', 'EMB_P', 'EMB_P', 'EMB_P', 'EMB_P', 'EMB_P', 'EMB_P', 'EMB_P', 'EMB_P', 'EMB_P', 'EMB_P', 'EMB_P', 'EMB_P', 'EMB_P', 'EMB_P', 'EMB_P', 'EMB_P', 'EMB_P', 'EMB_P', 'EMB_P', 'EMB_P', 'EMB_P', 'EMB_P', 'EMB_P', 'EMB_P', 'EMB_P', 'EMB_P', 'EMB_P', 'EMB_P', 'EMB_P', 'EMB_P', 'EMB_P', 'EMB_P', 'EMB_P', 'EMB_P', 'EMB_P', 'EMB_P', 'EMB_P', 'EMB_P', 'EMB_P', 'EMB_P', 'EMB_P', 'EMB_P', 'EMB_P', 'EMB_P', 'EMB_P', 'EMB_P', 'EMB_P', 'EMB_P', 'EMB_P', 'EMB_P', 'EMB_P', 'EMB_P', 'EMB_P', 'EMB_P', 'EMB_P', 'EMB_P', 'EMB_P', 'EMB_P', 'EMB_P', 'EMB_P', 'EMB_P', 'EMB_P', 'EMB_P', 'EMB_P', 'EMB_P', 'EMB_P']","['EMB_O', 'OPN_S', 'EMB_O', 'EMB_O', 'EMB_O', 'EMB_O', 'EMB_O', 'EMB_O', 'EMB_O', 'EMB_O', 'EMB_O', 'EMB_O', 'EMB_O', 'EMB_P', 'EMB_P', 'EMB_P', 'EMB_P', 'EMB_P', 'EMB_P', 'EMB_P', 'EMB_P', 'EMB_P', 'EMB_P', 'EMB_P', 'EMB_P', 'EMB_P', 'EMB_P', 'EMB_P', 'EMB_P', 'EMB_P', 'EMB_P', 'EMB_P', 'EMB_P', 'EMB_P', 'EMB_P', 'EMB_P', 'EMB_P', 'EMB_P', 'EMB_P', 'EMB_P', 'EMB_P', 'EMB_P', 'EMB_P', 'EMB_P', 'EMB_P', 'EMB_P', 'EMB_P', 'EMB_P', 'EMB_P', 'EMB_P', 'EMB_P', 'EMB_P', 'EMB_P', 'EMB_P', 'EMB_P', 'EMB_P', 'EMB_P', 'EMB_P', 'EMB_P', 'EMB_P', 'EMB_P', 'EMB_P', 'EMB_P', 'EMB_P', 'EMB_P', 'EMB_P', 'EMB_P', 'EMB_P', 'EMB_P', 'EMB_P', 'EMB_P', 'EMB_P', 'EMB_P', 'EMB_P', 'EMB_P', 'EMB_P', 'EMB_P', 'EMB_P', 'EMB_P', 'EMB_P', 'EMB_P', 'EMB_P', 'EMB_P', 'EMB_P', 'EMB_P', 'EMB_P', 'EMB_P', 'EMB_P', 'EMB_P', 'EMB_P', 'EMB_P', 'EMB_P', 'EMB_P', 'EMB_P', 'EMB_P', 'EMB_P', 'EMB_P', 'EMB_P', 'EMB_P', 'EMB_P', 'EMB_P', 'EMB_P', 'EMB_P', 'EMB_P', 'EMB_P', 'EMB_P', 'EMB_P', 'EMB_P', 'EMB_P', 'EMB_P', 'EMB_P', 'EMB_P', 'EMB_P', 'EMB_P', 'EMB_P', 'EMB_P', 'EMB_P', 'EMB_P', 'EMB_P', 'EMB_P', 'EMB_P', 'EMB_P', 'EMB_P', 'EMB_P', 'EMB_P', 'EMB_P', 'EMB_P', 'EMB_P']"
98,screen resolution,love,laptop_quad_dev_87,love the screen resolution .,7.2,7.2,"['EMB_O', 'EMB_O', 'EMB_O', 'ASP_B', 'ASP_E', 'EMB_O', 'EMB_O', 'EMB_P', 'EMB_P', 'EMB_P', 'EMB_P', 'EMB_P', 'EMB_P', 'EMB_P', 'EMB_P', 'EMB_P', 'EMB_P', 'EMB_P', 'EMB_P', 'EMB_P', 'EMB_P', 'EMB_P', 'EMB_P', 'EMB_P', 'EMB_P', 'EMB_P', 'EMB_P', 'EMB_P', 'EMB_P', 'EMB_P', 'EMB_P', 'EMB_P', 'EMB_P', 'EMB_P', 'EMB_P', 'EMB_P', 'EMB_P', 'EMB_P', 'EMB_P', 'EMB_P', 'EMB_P', 'EMB_P', 'EMB_P', 'EMB_P', 'EMB_P', 'EMB_P', 'EMB_P', 'EMB_P', 'EMB_P', 'EMB_P', 'EMB_P', 'EMB_P', 'EMB_P', 'EMB_P', 'EMB_P', 'EMB_P', 'EMB_P', 'EMB_P', 'EMB_P', 'EMB_P', 'EMB_P', 'EMB_P', 'EMB_P', 'EMB_P', 'EMB_P', 'EMB_P', 'EMB_P', 'EMB_P', 'EMB_P', 'EMB_P', 'EMB_P', 'EMB_P', 'EMB_P', 'EMB_P', 'EMB_P', 'EMB_P', 'EMB_P', 'EMB_P', 'EMB_P', 'EMB_P', 'EMB_P', 'EMB_P', 'EMB_P', 'EMB_P', 'EMB_P', 'EMB_P', 'EMB_P', 'EMB_P', 'EMB_P', 'EMB_P', 'EMB_P', 'EMB_P', 'EMB_P', 'EMB_P', 'EMB_P', 'EMB_P', 'EMB_P', 'EMB_P', 'EMB_P', 'EMB_P', 'EMB_P', 'EMB_P', 'EMB_P', 'EMB_P', 'EMB_P', 'EMB_P', 'EMB_P', 'EMB_P', 'EMB_P', 'EMB_P', 'EMB_P', 'EMB_P', 'EMB_P', 'EMB_P', 'EMB_P', 'EMB_P', 'EMB_P', 'EMB_P', 'EMB_P', 'EMB_P', 'EMB_P', 'EMB_P', 'EMB_P', 'EMB_P', 'EMB_P', 'EMB_P', 'EMB_P', 'EMB_P']","['EMB_O', 'OPN_S', 'EMB_O', 'EMB_O', 'EMB_O', 'EMB_O', 'EMB_O', 'EMB_P', 'EMB_P', 'EMB_P', 'EMB_P', 'EMB_P', 'EMB_P', 'EMB_P', 'EMB_P', 'EMB_P', 'EMB_P', 'EMB_P', 'EMB_P', 'EMB_P', 'EMB_P', 'EMB_P', 'EMB_P', 'EMB_P', 'EMB_P', 'EMB_P', 'EMB_P', 'EMB_P', 'EMB_P', 'EMB_P', 'EMB_P', 'EMB_P', 'EMB_P', 'EMB_P', 'EMB_P', 'EMB_P', 'EMB_P', 'EMB_P', 'EMB_P', 'EMB_P', 'EMB_P', 'EMB_P', 'EMB_P', 'EMB_P', 'EMB_P', 'EMB_P', 'EMB_P', 'EMB_P', 'EMB_P', 'EMB_P', 'EMB_P', 'EMB_P', 'EMB_P', 'EMB_P', 'EMB_P', 'EMB_P', 'EMB_P', 'EMB_P', 'EMB_P', 'EMB_P', 'EMB_P', 'EMB_P', 'EMB_P', 'EMB_P', 'EMB_P', 'EMB_P', 'EMB_P', 'EMB_P', 'EMB_P', 'EMB_P', 'EMB_P', 'EMB_P', 'EMB_P', 'EMB_P', 'EMB_P', 'EMB_P', 'EMB_P', 'EMB_P', 'EMB_P', 'EMB_P', 'EMB_P', 'EMB_P', 'EMB_P', 'EMB_P', 'EMB_P', 'EMB_P', 'EMB_P', 'EMB_P', 'EMB_P', 'EMB_P', 'EMB_P', 'EMB_P', 'EMB_P', 'EMB_P', 'EMB_P', 'EMB_P', 'EMB_P', 'EMB_P', 'EMB_P', 'EMB_P', 'EMB_P', 'EMB_P', 'EMB_P', 'EMB_P', 'EMB_P', 'EMB_P', 'EMB_P', 'EMB_P', 'EMB_P', 'EMB_P', 'EMB_P', 'EMB_P', 'EMB_P', 'EMB_P', 'EMB_P', 'EMB_P', 'EMB_P', 'EMB_P', 'EMB_P', 'EMB_P', 'EMB_P', 'EMB_P', 'EMB_P', 'EMB_P', 'EMB_P', 'EMB_P', 'EMB_P', 'EMB_P']"
99,product,good,laptop_quad_dev_88,a good product !,7.5,7.25,"['EMB_O', 'EMB_O', 'EMB_O', 'ASP_S', 'EMB_O', 'EMB_O', 'EMB_P', 'EMB_P', 'EMB_P', 'EMB_P', 'EMB_P', 'EMB_P', 'EMB_P', 'EMB_P', 'EMB_P', 'EMB_P', 'EMB_P', 'EMB_P', 'EMB_P', 'EMB_P', 'EMB_P', 'EMB_P', 'EMB_P', 'EMB_P', 'EMB_P', 'EMB_P', 'EMB_P', 'EMB_P', 'EMB_P', 'EMB_P', 'EMB_P', 'EMB_P', 'EMB_P', 'EMB_P', 'EMB_P', 'EMB_P', 'EMB_P', 'EMB_P', 'EMB_P', 'EMB_P', 'EMB_P', 'EMB_P', 'EMB_P', 'EMB_P', 'EMB_P', 'EMB_P', 'EMB_P', 'EMB_P', 'EMB_P', 'EMB_P', 'EMB_P', 'EMB_P', 'EMB_P', 'EMB_P', 'EMB_P', 'EMB_P', 'EMB_P', 'EMB_P', 'EMB_P', 'EMB_P', 'EMB_P', 'EMB_P', 'EMB_P', 'EMB_P', 'EMB_P', 'EMB_P', 'EMB_P', 'EMB_P', 'EMB_P', 'EMB_P', 'EMB_P', 'EMB_P', 'EMB_P', 'EMB_P', 'EMB_P', 'EMB_P', 'EMB_P', 'EMB_P', 'EMB_P', 'EMB_P', 'EMB_P', 'EMB_P', 'EMB_P', 'EMB_P', 'EMB_P', 'EMB_P', 'EMB_P', 'EMB_P', 'EMB_P', 'EMB_P', 'EMB_P', 'EMB_P', 'EMB_P', 'EMB_P', 'EMB_P', 'EMB_P', 'EMB_P', 'EMB_P', 'EMB_P', 'EMB_P', 'EMB_P', 'EMB_P', 'EMB_P', 'EMB_P', 'EMB_P', 'EMB_P', 'EMB_P', 'EMB_P', 'EMB_P', 'EMB_P', 'EMB_P', 'EMB_P', 'EMB_P', 'EMB_P', 'EMB_P', 'EMB_P', 'EMB_P', 'EMB_P', 'EMB_P', 'EMB_P', 'EMB_P', 'EMB_P', 'EMB_P', 'EMB_P', 'EMB_P', 'EMB_P', 'EMB_P', 'EMB_P']","['EMB_O', 'EMB_O', 'OPN_S', 'EMB_O', 'EMB_O', 'EMB_O', 'EMB_P', 'EMB_P', 'EMB_P', 'EMB_P', 'EMB_P', 'EMB_P', 'EMB_P', 'EMB_P', 'EMB_P', 'EMB_P', 'EMB_P', 'EMB_P', 'EMB_P', 'EMB_P', 'EMB_P', 'EMB_P', 'EMB_P', 'EMB_P', 'EMB_P', 'EMB_P', 'EMB_P', 'EMB_P', 'EMB_P', 'EMB_P', 'EMB_P', 'EMB_P', 'EMB_P', 'EMB_P', 'EMB_P', 'EMB_P', 'EMB_P', 'EMB_P', 'EMB_P', 'EMB_P', 'EMB_P', 'EMB_P', 'EMB_P', 'EMB_P', 'EMB_P', 'EMB_P', 'EMB_P', 'EMB_P', 'EMB_P', 'EMB_P', 'EMB_P', 'EMB_P', 'EMB_P', 'EMB_P', 'EMB_P', 'EMB_P', 'EMB_P', 'EMB_P', 'EMB_P', 'EMB_P', 'EMB_P', 'EMB_P', 'EMB_P', 'EMB_P', 'EMB_P', 'EMB_P', 'EMB_P', 'EMB_P', 'EMB_P', 'EMB_P', 'EMB_P', 'EMB_P', 'EMB_P', 'EMB_P', 'EMB_P', 'EMB_P', 'EMB_P', 'EMB_P', 'EMB_P', 'EMB_P', 'EMB_P', 'EMB_P', 'EMB_P', 'EMB_P', 'EMB_P', 'EMB_P', 'EMB_P', 'EMB_P', 'EMB_P', 'EMB_P', 'EMB_P', 'EMB_P', 'EMB_P', 'EMB_P', 'EMB_P', 'EMB_P', 'EMB_P', 'EMB_P', 'EMB_P', 'EMB_P', 'EMB_P', 'EMB_P', 'EMB_P', 'EMB_P', 'EMB_P', 'EMB_P', 'EMB_P', 'EMB_P', 'EMB_P', 'EMB_P', 'EMB_P', 'EMB_P', 'EMB_P', 'EMB_P', 'EMB_P', 'EMB_P', 'EMB_P', 'EMB_P', 'EMB_P', 'EMB_P', 'EMB_P', 'EMB_P', 'EMB_P', 'EMB_P', 'EMB_P', 'EMB_P', 'EMB_P', 'EMB_P']"
100,NULL,good,laptop_quad_dev_89,thanks for the good quality !,7.83,7.5,"['EMB_O', 'EMB_O', 'EMB_O', 'EMB_O', 'EMB_O', 'EMB_O', 'EMB_O', 'EMB_O', 'EMB_P', 'EMB_P', 'EMB_P', 'EMB_P', 'EMB_P', 'EMB_P', 'EMB_P', 'EMB_P', 'EMB_P', 'EMB_P', 'EMB_P', 'EMB_P', 'EMB_P', 'EMB_P', 'EMB_P', 'EMB_P', 'EMB_P', 'EMB_P', 'EMB_P', 'EMB_P', 'EMB_P', 'EMB_P', 'EMB_P', 'EMB_P', 'EMB_P', 'EMB_P', 'EMB_P', 'EMB_P', 'EMB_P', 'EMB_P', 'EMB_P', 'EMB_P', 'EMB_P', 'EMB_P', 'EMB_P', 'EMB_P', 'EMB_P', 'EMB_P', 'EMB_P', 'EMB_P', 'EMB_P', 'EMB_P', 'EMB_P', 'EMB_P', 'EMB_P', 'EMB_P', 'EMB_P', 'EMB_P', 'EMB_P', 'EMB_P', 'EMB_P', 'EMB_P', 'EMB_P', 'EMB_P', 'EMB_P', 'EMB_P', 'EMB_P', 'EMB_P', 'EMB_P', 'EMB_P', 'EMB_P', 'EMB_P', 'EMB_P', 'EMB_P', 'EMB_P', 'EMB_P', 'EMB_P', 'EMB_P', 'EMB_P', 'EMB_P', 'EMB_P', 'EMB_P', 'EMB_P', 'EMB_P', 'EMB_P', 'EMB_P', 'EMB_P', 'EMB_P', 'EMB_P', 'EMB_P', 'EMB_P', 'EMB_P', 'EMB_P', 'EMB_P', 'EMB_P', 'EMB_P', 'EMB_P', 'EMB_P', 'EMB_P', 'EMB_P', 'EMB_P', 'EMB_P', 'EMB_P', 'EMB_P', 'EMB_P', 'EMB_P', 'EMB_P', 'EMB_P', 'EMB_P', 'EMB_P', 'EMB_P', 'EMB_P', 'EMB_P', 'EMB_P', 'EMB_P', 'EMB_P', 'EMB_P', 'EMB_P', 'EMB_P', 'EMB_P', 'EMB_P', 'EMB_P', 'EMB_P', 'EMB_P', 'EMB_P', 'EMB_P', 'EMB_P', 'EMB_P', 'EMB_P', 'EMB_P']","['EMB_O', 'EMB_O', 'EMB_O', 'EMB_O', 'OPN_S', 'EMB_O', 'EMB_O', 'EMB_O', 'EMB_P', 'EMB_P', 'EMB_P', 'EMB_P', 'EMB_P', 'EMB_P', 'EMB_P', 'EMB_P', 'EMB_P', 'EMB_P', 'EMB_P', 'EMB_P', 'EMB_P', 'EMB_P', 'EMB_P', 'EMB_P', 'EMB_P', 'EMB_P', 'EMB_P', 'EMB_P', 'EMB_P', 'EMB_P', 'EMB_P', 'EMB_P', 'EMB_P', 'EMB_P', 'EMB_P', 'EMB_P', 'EMB_P', 'EMB_P', 'EMB_P', 'EMB_P', 'EMB_P', 'EMB_P', 'EMB_P', 'EMB_P', 'EMB_P', 'EMB_P', 'EMB_P', 'EMB_P', 'EMB_P', 'EMB_P', 'EMB_P', 'EMB_P', 'EMB_P', 'EMB_P', 'EMB_P', 'EMB_P', 'EMB_P', 'EMB_P', 'EMB_P', 'EMB_P', 'EMB_P', 'EMB_P', 'EMB_P', 'EMB_P', 'EMB_P', 'EMB_P', 'EMB_P', 'EMB_P', 'EMB_P', 'EMB_P', 'EMB_P', 'EMB_P', 'EMB_P', 'EMB_P', 'EMB_P', 'EMB_P', 'EMB_P', 'EMB_P', 'EMB_P', 'EMB_P', 'EMB_P', 'EMB_P', 'EMB_P', 'EMB_P', 'EMB_P', 'EMB_P', 'EMB_P', 'EMB_P', 'EMB_P', 'EMB_P', 'EMB_P', 'EMB_P', 'EMB_P', 'EMB_P', 'EMB_P', 'EMB_P', 'EMB_P', 'EMB_P', 'EMB_P', 'EMB_P', 'EMB_P', 'EMB_P', 'EMB_P', 'EMB_P', 'EMB_P', 'EMB_P', 'EMB_P', 'EMB_P', 'EMB_P', 'EMB_P', 'EMB_P', 'EMB_P', 'EMB_P', 'EMB_P', 'EMB_P', 'EMB_P', 'EMB_P', 'EMB_P', 'EMB_P', 'EMB_P', 'EMB_P', 'EMB_P', 'EMB_P', 'EMB_P', 'EMB_P', 'EMB_P', 'EMB_P', 'EMB_P']"
101,laptop,light,laptop_quad_dev_90,light thin best price power laptop,6.38,6.12,"['EMB_O', 'EMB_O', 'EMB_O', 'EMB_O', 'EMB_O', 'EMB_O', 'ASP_B', 'ASP_E', 'EMB_O', 'EMB_P', 'EMB_P', 'EMB_P', 'EMB_P', 'EMB_P', 'EMB_P', 'EMB_P', 'EMB_P', 'EMB_P', 'EMB_P', 'EMB_P', 'EMB_P', 'EMB_P', 'EMB_P', 'EMB_P', 'EMB_P', 'EMB_P', 'EMB_P', 'EMB_P', 'EMB_P', 'EMB_P', 'EMB_P', 'EMB_P', 'EMB_P', 'EMB_P', 'EMB_P', 'EMB_P', 'EMB_P', 'EMB_P', 'EMB_P', 'EMB_P', 'EMB_P', 'EMB_P', 'EMB_P', 'EMB_P', 'EMB_P', 'EMB_P', 'EMB_P', 'EMB_P', 'EMB_P', 'EMB_P', 'EMB_P', 'EMB_P', 'EMB_P', 'EMB_P', 'EMB_P', 'EMB_P', 'EMB_P', 'EMB_P', 'EMB_P', 'EMB_P', 'EMB_P', 'EMB_P', 'EMB_P', 'EMB_P', 'EMB_P', 'EMB_P', 'EMB_P', 'EMB_P', 'EMB_P', 'EMB_P', 'EMB_P', 'EMB_P', 'EMB_P', 'EMB_P', 'EMB_P', 'EMB_P', 'EMB_P', 'EMB_P', 'EMB_P', 'EMB_P', 'EMB_P', 'EMB_P', 'EMB_P', 'EMB_P', 'EMB_P', 'EMB_P', 'EMB_P', 'EMB_P', 'EMB_P', 'EMB_P', 'EMB_P', 'EMB_P', 'EMB_P', 'EMB_P', 'EMB_P', 'EMB_P', 'EMB_P', 'EMB_P', 'EMB_P', 'EMB_P', 'EMB_P', 'EMB_P', 'EMB_P', 'EMB_P', 'EMB_P', 'EMB_P', 'EMB_P', 'EMB_P', 'EMB_P', 'EMB_P', 'EMB_P', 'EMB_P', 'EMB_P', 'EMB_P', 'EMB_P', 'EMB_P', 'EMB_P', 'EMB_P', 'EMB_P', 'EMB_P', 'EMB_P', 'EMB_P', 'EMB_P', 'EMB_P', 'EMB_P', 'EMB_P', 'EMB_P', 'EMB_P']","['EMB_O', 'OPN_S', 'EMB_O', 'EMB_O', 'EMB_O', 'EMB_O', 'EMB_O', 'EMB_O', 'EMB_O', 'EMB_P', 'EMB_P', 'EMB_P', 'EMB_P', 'EMB_P', 'EMB_P', 'EMB_P', 'EMB_P', 'EMB_P', 'EMB_P', 'EMB_P', 'EMB_P', 'EMB_P', 'EMB_P', 'EMB_P', 'EMB_P', 'EMB_P', 'EMB_P', 'EMB_P', 'EMB_P', 'EMB_P', 'EMB_P', 'EMB_P', 'EMB_P', 'EMB_P', 'EMB_P', 'EMB_P', 'EMB_P', 'EMB_P', 'EMB_P', 'EMB_P', 'EMB_P', 'EMB_P', 'EMB_P', 'EMB_P', 'EMB_P', 'EMB_P', 'EMB_P', 'EMB_P', 'EMB_P', 'EMB_P', 'EMB_P', 'EMB_P', 'EMB_P', 'EMB_P', 'EMB_P', 'EMB_P', 'EMB_P', 'EMB_P', 'EMB_P', 'EMB_P', 'EMB_P', 'EMB_P', 'EMB_P', 'EMB_P', 'EMB_P', 'EMB_P', 'EMB_P', 'EMB_P', 'EMB_P', 'EMB_P', 'EMB_P', 'EMB_P', 'EMB_P', 'EMB_P', 'EMB_P', 'EMB_P', 'EMB_P', 'EMB_P', 'EMB_P', 'EMB_P', 'EMB_P', 'EMB_P', 'EMB_P', 'EMB_P', 'EMB_P', 'EMB_P', 'EMB_P', 'EMB_P', 'EMB_P', 'EMB_P', 'EMB_P', 'EMB_P', 'EMB_P', 'EMB_P', 'EMB_P', 'EMB_P', 'EMB_P', 'EMB_P', 'EMB_P', 'EMB_P', 'EMB_P', 'EMB_P', 'EMB_P', 'EMB_P', 'EMB_P', 'EMB_P', 'EMB_P', 'EMB_P', 'EMB_P', 'EMB_P', 'EMB_P', 'EMB_P', 'EMB_P', 'EMB_P', 'EMB_P', 'EMB_P', 'EMB_P', 'EMB_P', 'EMB_P', 'EMB_P', 'EMB_P', 'EMB_P', 'EMB_P', 'EMB_P', 'EMB_P', 'EMB_P', 'EMB_P', 'EMB_P']"
102,NULL,love,laptop_quad_dev_91,love this so much !,8.12,8.12,"['EMB_O', 'EMB_O', 'EMB_O', 'EMB_O', 'EMB_O', 'EMB_O', 'EMB_O', 'EMB_P', 'EMB_P', 'EMB_P', 'EMB_P', 'EMB_P', 'EMB_P', 'EMB_P', 'EMB_P', 'EMB_P', 'EMB_P', 'EMB_P', 'EMB_P', 'EMB_P', 'EMB_P', 'EMB_P', 'EMB_P', 'EMB_P', 'EMB_P', 'EMB_P', 'EMB_P', 'EMB_P', 'EMB_P', 'EMB_P', 'EMB_P', 'EMB_P', 'EMB_P', 'EMB_P', 'EMB_P', 'EMB_P', 'EMB_P', 'EMB_P', 'EMB_P', 'EMB_P', 'EMB_P', 'EMB_P', 'EMB_P', 'EMB_P', 'EMB_P', 'EMB_P', 'EMB_P', 'EMB_P', 'EMB_P', 'EMB_P', 'EMB_P', 'EMB_P', 'EMB_P', 'EMB_P', 'EMB_P', 'EMB_P', 'EMB_P', 'EMB_P', 'EMB_P', 'EMB_P', 'EMB_P', 'EMB_P', 'EMB_P', 'EMB_P', 'EMB_P', 'EMB_P', 'EMB_P', 'EMB_P', 'EMB_P', 'EMB_P', 'EMB_P', 'EMB_P', 'EMB_P', 'EMB_P', 'EMB_P', 'EMB_P', 'EMB_P', 'EMB_P', 'EMB_P', 'EMB_P', 'EMB_P', 'EMB_P', 'EMB_P', 'EMB_P', 'EMB_P', 'EMB_P', 'EMB_P', 'EMB_P', 'EMB_P', 'EMB_P', 'EMB_P', 'EMB_P', 'EMB_P', 'EMB_P', 'EMB_P', 'EMB_P', 'EMB_P', 'EMB_P', 'EMB_P', 'EMB_P', 'EMB_P', 'EMB_P', 'EMB_P', 'EMB_P', 'EMB_P', 'EMB_P', 'EMB_P', 'EMB_P', 'EMB_P', 'EMB_P', 'EMB_P', 'EMB_P', 'EMB_P', 'EMB_P', 'EMB_P', 'EMB_P', 'EMB_P', 'EMB_P', 'EMB_P', 'EMB_P', 'EMB_P', 'EMB_P', 'EMB_P', 'EMB_P', 'EMB_P', 'EMB_P', 'EMB_P', 'EMB_P']","['EMB_O', 'OPN_S', 'EMB_O', 'EMB_O', 'EMB_O', 'EMB_O', 'EMB_O', 'EMB_P', 'EMB_P', 'EMB_P', 'EMB_P', 'EMB_P', 'EMB_P', 'EMB_P', 'EMB_P', 'EMB_P', 'EMB_P', 'EMB_P', 'EMB_P', 'EMB_P', 'EMB_P', 'EMB_P', 'EMB_P', 'EMB_P', 'EMB_P', 'EMB_P', 'EMB_P', 'EMB_P', 'EMB_P', 'EMB_P', 'EMB_P', 'EMB_P', 'EMB_P', 'EMB_P', 'EMB_P', 'EMB_P', 'EMB_P', 'EMB_P', 'EMB_P', 'EMB_P', 'EMB_P', 'EMB_P', 'EMB_P', 'EMB_P', 'EMB_P', 'EMB_P', 'EMB_P', 'EMB_P', 'EMB_P', 'EMB_P', 'EMB_P', 'EMB_P', 'EMB_P', 'EMB_P', 'EMB_P', 'EMB_P', 'EMB_P', 'EMB_P', 'EMB_P', 'EMB_P', 'EMB_P', 'EMB_P', 'EMB_P', 'EMB_P', 'EMB_P', 'EMB_P', 'EMB_P', 'EMB_P', 'EMB_P', 'EMB_P', 'EMB_P', 'EMB_P', 'EMB_P', 'EMB_P', 'EMB_P', 'EMB_P', 'EMB_P', 'EMB_P', 'EMB_P', 'EMB_P', 'EMB_P', 'EMB_P', 'EMB_P', 'EMB_P', 'EMB_P', 'EMB_P', 'EMB_P', 'EMB_P', 'EMB_P', 'EMB_P', 'EMB_P', 'EMB_P', 'EMB_P', 'EMB_P', 'EMB_P', 'EMB_P', 'EMB_P', 'EMB_P', 'EMB_P', 'EMB_P', 'EMB_P', 'EMB_P', 'EMB_P', 'EMB_P', 'EMB_P', 'EMB_P', 'EMB_P', 'EMB_P', 'EMB_P', 'EMB_P', 'EMB_P', 'EMB_P', 'EMB_P', 'EMB_P', 'EMB_P', 'EMB_P', 'EMB_P', 'EMB_P', 'EMB_P', 'EMB_P', 'EMB_P', 'EMB_P', 'EMB_P', 'EMB_P', 'EMB_P', 'EMB_P', 'EMB_P', 'EMB_P']"
103,computers specs,NULL,laptop_quad_dev_92,"at a ` ` black friday ` ` price , this computers specs could not be beat for the value to dollar performance ratio .",5.75,5.5,"['EMB_O', 'EMB_O', 'EMB_O', 'EMB_O', 'EMB_O', 'EMB_O', 'EMB_O', 'EMB_O', 'EMB_O', 'EMB_O', 'EMB_O', 'EMB_O', 'EMB_O', 'ASP_B', 'ASP_I', 'ASP_I', 'ASP_E', 'EMB_O', 'EMB_O', 'EMB_O', 'EMB_O', 'EMB_O', 'EMB_O', 'EMB_O', 'EMB_O', 'EMB_O', 'EMB_O', 'EMB_O', 'EMB_O', 'EMB_O', 'EMB_P', 'EMB_P', 'EMB_P', 'EMB_P', 'EMB_P', 'EMB_P', 'EMB_P', 'EMB_P', 'EMB_P', 'EMB_P', 'EMB_P', 'EMB_P', 'EMB_P', 'EMB_P', 'EMB_P', 'EMB_P', 'EMB_P', 'EMB_P', 'EMB_P', 'EMB_P', 'EMB_P', 'EMB_P', 'EMB_P', 'EMB_P', 'EMB_P', 'EMB_P', 'EMB_P', 'EMB_P', 'EMB_P', 'EMB_P', 'EMB_P', 'EMB_P', 'EMB_P', 'EMB_P', 'EMB_P', 'EMB_P', 'EMB_P', 'EMB_P', 'EMB_P', 'EMB_P', 'EMB_P', 'EMB_P', 'EMB_P', 'EMB_P', 'EMB_P', 'EMB_P', 'EMB_P', 'EMB_P', 'EMB_P', 'EMB_P', 'EMB_P', 'EMB_P', 'EMB_P', 'EMB_P', 'EMB_P', 'EMB_P', 'EMB_P', 'EMB_P', 'EMB_P', 'EMB_P', 'EMB_P', 'EMB_P', 'EMB_P', 'EMB_P', 'EMB_P', 'EMB_P', 'EMB_P', 'EMB_P', 'EMB_P', 'EMB_P', 'EMB_P', 'EMB_P', 'EMB_P', 'EMB_P', 'EMB_P', 'EMB_P', 'EMB_P', 'EMB_P', 'EMB_P', 'EMB_P', 'EMB_P', 'EMB_P', 'EMB_P', 'EMB_P', 'EMB_P', 'EMB_P', 'EMB_P', 'EMB_P', 'EMB_P', 'EMB_P', 'EMB_P', 'EMB_P', 'EMB_P', 'EMB_P', 'EMB_P', 'EMB_P', 'EMB_P', 'EMB_P']","['EMB_O', 'EMB_O', 'EMB_O', 'EMB_O', 'EMB_O', 'EMB_O', 'EMB_O', 'EMB_O', 'EMB_O', 'EMB_O', 'EMB_O', 'EMB_O', 'EMB_O', 'EMB_O', 'EMB_O', 'EMB_O', 'EMB_O', 'EMB_O', 'EMB_O', 'EMB_O', 'EMB_O', 'EMB_O', 'EMB_O', 'EMB_O', 'EMB_O', 'EMB_O', 'EMB_O', 'EMB_O', 'EMB_O', 'EMB_O', 'EMB_P', 'EMB_P', 'EMB_P', 'EMB_P', 'EMB_P', 'EMB_P', 'EMB_P', 'EMB_P', 'EMB_P', 'EMB_P', 'EMB_P', 'EMB_P', 'EMB_P', 'EMB_P', 'EMB_P', 'EMB_P', 'EMB_P', 'EMB_P', 'EMB_P', 'EMB_P', 'EMB_P', 'EMB_P', 'EMB_P', 'EMB_P', 'EMB_P', 'EMB_P', 'EMB_P', 'EMB_P', 'EMB_P', 'EMB_P', 'EMB_P', 'EMB_P', 'EMB_P', 'EMB_P', 'EMB_P', 'EMB_P', 'EMB_P', 'EMB_P', 'EMB_P', 'EMB_P', 'EMB_P', 'EMB_P', 'EMB_P', 'EMB_P', 'EMB_P', 'EMB_P', 'EMB_P', 'EMB_P', 'EMB_P', 'EMB_P', 'EMB_P', 'EMB_P', 'EMB_P', 'EMB_P', 'EMB_P', 'EMB_P', 'EMB_P', 'EMB_P', 'EMB_P', 'EMB_P', 'EMB_P', 'EMB_P', 'EMB_P', 'EMB_P', 'EMB_P', 'EMB_P', 'EMB_P', 'EMB_P', 'EMB_P', 'EMB_P', 'EMB_P', 'EMB_P', 'EMB_P', 'EMB_P', 'EMB_P', 'EMB_P', 'EMB_P', 'EMB_P', 'EMB_P', 'EMB_P', 'EMB_P', 'EMB_P', 'EMB_P', 'EMB_P', 'EMB_P', 'EMB_P', 'EMB_P', 'EMB_P', 'EMB_P', 'EMB_P', 'EMB_P', 'EMB_P', 'EMB_P', 'EMB_P', 'EMB_P', 'EMB_P', 'EMB_P', 'EMB_P']"
104,NULL,good,laptop_quad_dev_93,"overall , this was a good buy and i still love my purchase nonetheless .",7.17,6.83,"['EMB_O', 'EMB_O', 'EMB_O', 'EMB_O', 'EMB_O', 'EMB_O', 'EMB_O', 'EMB_O', 'EMB_O', 'EMB_O', 'EMB_O', 'EMB_O', 'EMB_O', 'EMB_O', 'EMB_O', 'EMB_O', 'EMB_O', 'EMB_O', 'EMB_P', 'EMB_P', 'EMB_P', 'EMB_P', 'EMB_P', 'EMB_P', 'EMB_P', 'EMB_P', 'EMB_P', 'EMB_P', 'EMB_P', 'EMB_P', 'EMB_P', 'EMB_P', 'EMB_P', 'EMB_P', 'EMB_P', 'EMB_P', 'EMB_P', 'EMB_P', 'EMB_P', 'EMB_P', 'EMB_P', 'EMB_P', 'EMB_P', 'EMB_P', 'EMB_P', 'EMB_P', 'EMB_P', 'EMB_P', 'EMB_P', 'EMB_P', 'EMB_P', 'EMB_P', 'EMB_P', 'EMB_P', 'EMB_P', 'EMB_P', 'EMB_P', 'EMB_P', 'EMB_P', 'EMB_P', 'EMB_P', 'EMB_P', 'EMB_P', 'EMB_P', 'EMB_P', 'EMB_P', 'EMB_P', 'EMB_P', 'EMB_P', 'EMB_P', 'EMB_P', 'EMB_P', 'EMB_P', 'EMB_P', 'EMB_P', 'EMB_P', 'EMB_P', 'EMB_P', 'EMB_P', 'EMB_P', 'EMB_P', 'EMB_P', 'EMB_P', 'EMB_P', 'EMB_P', 'EMB_P', 'EMB_P', 'EMB_P', 'EMB_P', 'EMB_P', 'EMB_P', 'EMB_P', 'EMB_P', 'EMB_P', 'EMB_P', 'EMB_P', 'EMB_P', 'EMB_P', 'EMB_P', 'EMB_P', 'EMB_P', 'EMB_P', 'EMB_P', 'EMB_P', 'EMB_P', 'EMB_P', 'EMB_P', 'EMB_P', 'EMB_P', 'EMB_P', 'EMB_P', 'EMB_P', 'EMB_P', 'EMB_P', 'EMB_P', 'EMB_P', 'EMB_P', 'EMB_P', 'EMB_P', 'EMB_P', 'EMB_P', 'EMB_P', 'EMB_P', 'EMB_P', 'EMB_P', 'EMB_P', 'EMB_P', 'EMB_P']","['EMB_O', 'EMB_O', 'EMB_O', 'EMB_O', 'EMB_O', 'EMB_O', 'OPN_S', 'EMB_O', 'EMB_O', 'EMB_O', 'EMB_O', 'EMB_O', 'EMB_O', 'EMB_O', 'EMB_O', 'EMB_O', 'EMB_O', 'EMB_O', 'EMB_P', 'EMB_P', 'EMB_P', 'EMB_P', 'EMB_P', 'EMB_P', 'EMB_P', 'EMB_P', 'EMB_P', 'EMB_P', 'EMB_P', 'EMB_P', 'EMB_P', 'EMB_P', 'EMB_P', 'EMB_P', 'EMB_P', 'EMB_P', 'EMB_P', 'EMB_P', 'EMB_P', 'EMB_P', 'EMB_P', 'EMB_P', 'EMB_P', 'EMB_P', 'EMB_P', 'EMB_P', 'EMB_P', 'EMB_P', 'EMB_P', 'EMB_P', 'EMB_P', 'EMB_P', 'EMB_P', 'EMB_P', 'EMB_P', 'EMB_P', 'EMB_P', 'EMB_P', 'EMB_P', 'EMB_P', 'EMB_P', 'EMB_P', 'EMB_P', 'EMB_P', 'EMB_P', 'EMB_P', 'EMB_P', 'EMB_P', 'EMB_P', 'EMB_P', 'EMB_P', 'EMB_P', 'EMB_P', 'EMB_P', 'EMB_P', 'EMB_P', 'EMB_P', 'EMB_P', 'EMB_P', 'EMB_P', 'EMB_P', 'EMB_P', 'EMB_P', 'EMB_P', 'EMB_P', 'EMB_P', 'EMB_P', 'EMB_P', 'EMB_P', 'EMB_P', 'EMB_P', 'EMB_P', 'EMB_P', 'EMB_P', 'EMB_P', 'EMB_P', 'EMB_P', 'EMB_P', 'EMB_P', 'EMB_P', 'EMB_P', 'EMB_P', 'EMB_P', 'EMB_P', 'EMB_P', 'EMB_P', 'EMB_P', 'EMB_P', 'EMB_P', 'EMB_P', 'EMB_P', 'EMB_P', 'EMB_P', 'EMB_P', 'EMB_P', 'EMB_P', 'EMB_P', 'EMB_P', 'EMB_P', 'EMB_P', 'EMB_P', 'EMB_P', 'EMB_P', 'EMB_P', 'EMB_P', 'EMB_P', 'EMB_P', 'EMB_P']"
105,drive,nice,laptop_quad_dev_94,"i ' m using it mainly to store movies , and the 1 tb drive is nice .",7.0,6.8,"['EMB_O', 'EMB_O', 'EMB_O', 'EMB_O', 'EMB_O', 'EMB_O', 'EMB_O', 'EMB_O', 'EMB_O', 'EMB_O', 'EMB_O', 'EMB_O', 'EMB_O', 'EMB_O', 'EMB_O', 'EMB_O', 'ASP_S', 'EMB_O', 'EMB_O', 'EMB_O', 'EMB_O', 'EMB_O', 'EMB_P', 'EMB_P', 'EMB_P', 'EMB_P', 'EMB_P', 'EMB_P', 'EMB_P', 'EMB_P', 'EMB_P', 'EMB_P', 'EMB_P', 'EMB_P', 'EMB_P', 'EMB_P', 'EMB_P', 'EMB_P', 'EMB_P', 'EMB_P', 'EMB_P', 'EMB_P', 'EMB_P', 'EMB_P', 'EMB_P', 'EMB_P', 'EMB_P', 'EMB_P', 'EMB_P', 'EMB_P', 'EMB_P', 'EMB_P', 'EMB_P', 'EMB_P', 'EMB_P', 'EMB_P', 'EMB_P', 'EMB_P', 'EMB_P', 'EMB_P', 'EMB_P', 'EMB_P', 'EMB_P', 'EMB_P', 'EMB_P', 'EMB_P', 'EMB_P', 'EMB_P', 'EMB_P', 'EMB_P', 'EMB_P', 'EMB_P', 'EMB_P', 'EMB_P', 'EMB_P', 'EMB_P', 'EMB_P', 'EMB_P', 'EMB_P', 'EMB_P', 'EMB_P', 'EMB_P', 'EMB_P', 'EMB_P', 'EMB_P', 'EMB_P', 'EMB_P', 'EMB_P', 'EMB_P', 'EMB_P', 'EMB_P', 'EMB_P', 'EMB_P', 'EMB_P', 'EMB_P', 'EMB_P', 'EMB_P', 'EMB_P', 'EMB_P', 'EMB_P', 'EMB_P', 'EMB_P', 'EMB_P', 'EMB_P', 'EMB_P', 'EMB_P', 'EMB_P', 'EMB_P', 'EMB_P', 'EMB_P', 'EMB_P', 'EMB_P', 'EMB_P', 'EMB_P', 'EMB_P', 'EMB_P', 'EMB_P', 'EMB_P', 'EMB_P', 'EMB_P', 'EMB_P', 'EMB_P', 'EMB_P', 'EMB_P', 'EMB_P', 'EMB_P', 'EMB_P', 'EMB_P']","['EMB_O', 'EMB_O', 'EMB_O', 'EMB_O', 'EMB_O', 'EMB_O', 'EMB_O', 'EMB_O', 'EMB_O', 'EMB_O', 'EMB_O', 'EMB_O', 'EMB_O', 'EMB_O', 'EMB_O', 'EMB_O', 'EMB_O', 'EMB_O', 'OPN_B', 'OPN_E', 'EMB_O', 'EMB_O', 'EMB_P', 'EMB_P', 'EMB_P', 'EMB_P', 'EMB_P', 'EMB_P', 'EMB_P', 'EMB_P', 'EMB_P', 'EMB_P', 'EMB_P', 'EMB_P', 'EMB_P', 'EMB_P', 'EMB_P', 'EMB_P', 'EMB_P', 'EMB_P', 'EMB_P', 'EMB_P', 'EMB_P', 'EMB_P', 'EMB_P', 'EMB_P', 'EMB_P', 'EMB_P', 'EMB_P', 'EMB_P', 'EMB_P', 'EMB_P', 'EMB_P', 'EMB_P', 'EMB_P', 'EMB_P', 'EMB_P', 'EMB_P', 'EMB_P', 'EMB_P', 'EMB_P', 'EMB_P', 'EMB_P', 'EMB_P', 'EMB_P', 'EMB_P', 'EMB_P', 'EMB_P', 'EMB_P', 'EMB_P', 'EMB_P', 'EMB_P', 'EMB_P', 'EMB_P', 'EMB_P', 'EMB_P', 'EMB_P', 'EMB_P', 'EMB_P', 'EMB_P', 'EMB_P', 'EMB_P', 'EMB_P', 'EMB_P', 'EMB_P', 'EMB_P', 'EMB_P', 'EMB_P', 'EMB_P', 'EMB_P', 'EMB_P', 'EMB_P', 'EMB_P', 'EMB_P', 'EMB_P', 'EMB_P', 'EMB_P', 'EMB_P', 'EMB_P', 'EMB_P', 'EMB_P', 'EMB_P', 'EMB_P', 'EMB_P', 'EMB_P', 'EMB_P', 'EMB_P', 'EMB_P', 'EMB_P', 'EMB_P', 'EMB_P', 'EMB_P', 'EMB_P', 'EMB_P', 'EMB_P', 'EMB_P', 'EMB_P', 'EMB_P', 'EMB_P', 'EMB_P', 'EMB_P', 'EMB_P', 'EMB_P', 'EMB_P', 'EMB_P', 'EMB_P', 'EMB_P', 'EMB_P']"
106,keyboard,nice,laptop_quad_dev_95,nice keyboard .,6.62,6.88,"['EMB_O', 'EMB_O', 'EMB_O', 'ASP_S', 'EMB_O', 'EMB_O', 'EMB_P', 'EMB_P', 'EMB_P', 'EMB_P', 'EMB_P', 'EMB_P', 'EMB_P', 'EMB_P', 'EMB_P', 'EMB_P', 'EMB_P', 'EMB_P', 'EMB_P', 'EMB_P', 'EMB_P', 'EMB_P', 'EMB_P', 'EMB_P', 'EMB_P', 'EMB_P', 'EMB_P', 'EMB_P', 'EMB_P', 'EMB_P', 'EMB_P', 'EMB_P', 'EMB_P', 'EMB_P', 'EMB_P', 'EMB_P', 'EMB_P', 'EMB_P', 'EMB_P', 'EMB_P', 'EMB_P', 'EMB_P', 'EMB_P', 'EMB_P', 'EMB_P', 'EMB_P', 'EMB_P', 'EMB_P', 'EMB_P', 'EMB_P', 'EMB_P', 'EMB_P', 'EMB_P', 'EMB_P', 'EMB_P', 'EMB_P', 'EMB_P', 'EMB_P', 'EMB_P', 'EMB_P', 'EMB_P', 'EMB_P', 'EMB_P', 'EMB_P', 'EMB_P', 'EMB_P', 'EMB_P', 'EMB_P', 'EMB_P', 'EMB_P', 'EMB_P', 'EMB_P', 'EMB_P', 'EMB_P', 'EMB_P', 'EMB_P', 'EMB_P', 'EMB_P', 'EMB_P', 'EMB_P', 'EMB_P', 'EMB_P', 'EMB_P', 'EMB_P', 'EMB_P', 'EMB_P', 'EMB_P', 'EMB_P', 'EMB_P', 'EMB_P', 'EMB_P', 'EMB_P', 'EMB_P', 'EMB_P', 'EMB_P', 'EMB_P', 'EMB_P', 'EMB_P', 'EMB_P', 'EMB_P', 'EMB_P', 'EMB_P', 'EMB_P', 'EMB_P', 'EMB_P', 'EMB_P', 'EMB_P', 'EMB_P', 'EMB_P', 'EMB_P', 'EMB_P', 'EMB_P', 'EMB_P', 'EMB_P', 'EMB_P', 'EMB_P', 'EMB_P', 'EMB_P', 'EMB_P', 'EMB_P', 'EMB_P', 'EMB_P', 'EMB_P', 'EMB_P', 'EMB_P', 'EMB_P', 'EMB_P', 'EMB_P']","['EMB_O', 'OPN_B', 'OPN_E', 'EMB_O', 'EMB_O', 'EMB_O', 'EMB_P', 'EMB_P', 'EMB_P', 'EMB_P', 'EMB_P', 'EMB_P', 'EMB_P', 'EMB_P', 'EMB_P', 'EMB_P', 'EMB_P', 'EMB_P', 'EMB_P', 'EMB_P', 'EMB_P', 'EMB_P', 'EMB_P', 'EMB_P', 'EMB_P', 'EMB_P', 'EMB_P', 'EMB_P', 'EMB_P', 'EMB_P', 'EMB_P', 'EMB_P', 'EMB_P', 'EMB_P', 'EMB_P', 'EMB_P', 'EMB_P', 'EMB_P', 'EMB_P', 'EMB_P', 'EMB_P', 'EMB_P', 'EMB_P', 'EMB_P', 'EMB_P', 'EMB_P', 'EMB_P', 'EMB_P', 'EMB_P', 'EMB_P', 'EMB_P', 'EMB_P', 'EMB_P', 'EMB_P', 'EMB_P', 'EMB_P', 'EMB_P', 'EMB_P', 'EMB_P', 'EMB_P', 'EMB_P', 'EMB_P', 'EMB_P', 'EMB_P', 'EMB_P', 'EMB_P', 'EMB_P', 'EMB_P', 'EMB_P', 'EMB_P', 'EMB_P', 'EMB_P', 'EMB_P', 'EMB_P', 'EMB_P', 'EMB_P', 'EMB_P', 'EMB_P', 'EMB_P', 'EMB_P', 'EMB_P', 'EMB_P', 'EMB_P', 'EMB_P', 'EMB_P', 'EMB_P', 'EMB_P', 'EMB_P', 'EMB_P', 'EMB_P', 'EMB_P', 'EMB_P', 'EMB_P', 'EMB_P', 'EMB_P', 'EMB_P', 'EMB_P', 'EMB_P', 'EMB_P', 'EMB_P', 'EMB_P', 'EMB_P', 'EMB_P', 'EMB_P', 'EMB_P', 'EMB_P', 'EMB_P', 'EMB_P', 'EMB_P', 'EMB_P', 'EMB_P', 'EMB_P', 'EMB_P', 'EMB_P', 'EMB_P', 'EMB_P', 'EMB_P', 'EMB_P', 'EMB_P', 'EMB_P', 'EMB_P', 'EMB_P', 'EMB_P', 'EMB_P', 'EMB_P', 'EMB_P', 'EMB_P', 'EMB_P']"
107,kindles,always loved,laptop_quad_dev_96,i have always loved loved the kindles .,8.12,8.0,"['EMB_O', 'EMB_O', 'EMB_O', 'EMB_O', 'EMB_O', 'EMB_O', 'EMB_O', 'ASP_B', 'ASP_E', 'EMB_O', 'EMB_O', 'EMB_P', 'EMB_P', 'EMB_P', 'EMB_P', 'EMB_P', 'EMB_P', 'EMB_P', 'EMB_P', 'EMB_P', 'EMB_P', 'EMB_P', 'EMB_P', 'EMB_P', 'EMB_P', 'EMB_P', 'EMB_P', 'EMB_P', 'EMB_P', 'EMB_P', 'EMB_P', 'EMB_P', 'EMB_P', 'EMB_P', 'EMB_P', 'EMB_P', 'EMB_P', 'EMB_P', 'EMB_P', 'EMB_P', 'EMB_P', 'EMB_P', 'EMB_P', 'EMB_P', 'EMB_P', 'EMB_P', 'EMB_P', 'EMB_P', 'EMB_P', 'EMB_P', 'EMB_P', 'EMB_P', 'EMB_P', 'EMB_P', 'EMB_P', 'EMB_P', 'EMB_P', 'EMB_P', 'EMB_P', 'EMB_P', 'EMB_P', 'EMB_P', 'EMB_P', 'EMB_P', 'EMB_P', 'EMB_P', 'EMB_P', 'EMB_P', 'EMB_P', 'EMB_P', 'EMB_P', 'EMB_P', 'EMB_P', 'EMB_P', 'EMB_P', 'EMB_P', 'EMB_P', 'EMB_P', 'EMB_P', 'EMB_P', 'EMB_P', 'EMB_P', 'EMB_P', 'EMB_P', 'EMB_P', 'EMB_P', 'EMB_P', 'EMB_P', 'EMB_P', 'EMB_P', 'EMB_P', 'EMB_P', 'EMB_P', 'EMB_P', 'EMB_P', 'EMB_P', 'EMB_P', 'EMB_P', 'EMB_P', 'EMB_P', 'EMB_P', 'EMB_P', 'EMB_P', 'EMB_P', 'EMB_P', 'EMB_P', 'EMB_P', 'EMB_P', 'EMB_P', 'EMB_P', 'EMB_P', 'EMB_P', 'EMB_P', 'EMB_P', 'EMB_P', 'EMB_P', 'EMB_P', 'EMB_P', 'EMB_P', 'EMB_P', 'EMB_P', 'EMB_P', 'EMB_P', 'EMB_P', 'EMB_P', 'EMB_P', 'EMB_P', 'EMB_P']","['EMB_O', 'EMB_O', 'EMB_O', 'OPN_B', 'OPN_E', 'EMB_O', 'EMB_O', 'EMB_O', 'EMB_O', 'EMB_O', 'EMB_O', 'EMB_P', 'EMB_P', 'EMB_P', 'EMB_P', 'EMB_P', 'EMB_P', 'EMB_P', 'EMB_P', 'EMB_P', 'EMB_P', 'EMB_P', 'EMB_P', 'EMB_P', 'EMB_P', 'EMB_P', 'EMB_P', 'EMB_P', 'EMB_P', 'EMB_P', 'EMB_P', 'EMB_P', 'EMB_P', 'EMB_P', 'EMB_P', 'EMB_P', 'EMB_P', 'EMB_P', 'EMB_P', 'EMB_P', 'EMB_P', 'EMB_P', 'EMB_P', 'EMB_P', 'EMB_P', 'EMB_P', 'EMB_P', 'EMB_P', 'EMB_P', 'EMB_P', 'EMB_P', 'EMB_P', 'EMB_P', 'EMB_P', 'EMB_P', 'EMB_P', 'EMB_P', 'EMB_P', 'EMB_P', 'EMB_P', 'EMB_P', 'EMB_P', 'EMB_P', 'EMB_P', 'EMB_P', 'EMB_P', 'EMB_P', 'EMB_P', 'EMB_P', 'EMB_P', 'EMB_P', 'EMB_P', 'EMB_P', 'EMB_P', 'EMB_P', 'EMB_P', 'EMB_P', 'EMB_P', 'EMB_P', 'EMB_P', 'EMB_P', 'EMB_P', 'EMB_P', 'EMB_P', 'EMB_P', 'EMB_P', 'EMB_P', 'EMB_P', 'EMB_P', 'EMB_P', 'EMB_P', 'EMB_P', 'EMB_P', 'EMB_P', 'EMB_P', 'EMB_P', 'EMB_P', 'EMB_P', 'EMB_P', 'EMB_P', 'EMB_P', 'EMB_P', 'EMB_P', 'EMB_P', 'EMB_P', 'EMB_P', 'EMB_P', 'EMB_P', 'EMB_P', 'EMB_P', 'EMB_P', 'EMB_P', 'EMB_P', 'EMB_P', 'EMB_P', 'EMB_P', 'EMB_P', 'EMB_P', 'EMB_P', 'EMB_P', 'EMB_P', 'EMB_P', 'EMB_P', 'EMB_P', 'EMB_P', 'EMB_P', 'EMB_P', 'EMB_P']"
108,mouse keypad,complaint,laptop_quad_dev_97,my only complaint is that the mouse keypad is a little big .,3.88,6.0,"['EMB_O', 'EMB_O', 'EMB_O', 'EMB_O', 'EMB_O', 'EMB_O', 'EMB_O', 'EMB_O', 'EMB_O', 'ASP_B', 'ASP_I', 'ASP_E', 'EMB_O', 'EMB_O', 'EMB_O', 'EMB_O', 'EMB_O', 'EMB_O', 'EMB_P', 'EMB_P', 'EMB_P', 'EMB_P', 'EMB_P', 'EMB_P', 'EMB_P', 'EMB_P', 'EMB_P', 'EMB_P', 'EMB_P', 'EMB_P', 'EMB_P', 'EMB_P', 'EMB_P', 'EMB_P', 'EMB_P', 'EMB_P', 'EMB_P', 'EMB_P', 'EMB_P', 'EMB_P', 'EMB_P', 'EMB_P', 'EMB_P', 'EMB_P', 'EMB_P', 'EMB_P', 'EMB_P', 'EMB_P', 'EMB_P', 'EMB_P', 'EMB_P', 'EMB_P', 'EMB_P', 'EMB_P', 'EMB_P', 'EMB_P', 'EMB_P', 'EMB_P', 'EMB_P', 'EMB_P', 'EMB_P', 'EMB_P', 'EMB_P', 'EMB_P', 'EMB_P', 'EMB_P', 'EMB_P', 'EMB_P', 'EMB_P', 'EMB_P', 'EMB_P', 'EMB_P', 'EMB_P', 'EMB_P', 'EMB_P', 'EMB_P', 'EMB_P', 'EMB_P', 'EMB_P', 'EMB_P', 'EMB_P', 'EMB_P', 'EMB_P', 'EMB_P', 'EMB_P', 'EMB_P', 'EMB_P', 'EMB_P', 'EMB_P', 'EMB_P', 'EMB_P', 'EMB_P', 'EMB_P', 'EMB_P', 'EMB_P', 'EMB_P', 'EMB_P', 'EMB_P', 'EMB_P', 'EMB_P', 'EMB_P', 'EMB_P', 'EMB_P', 'EMB_P', 'EMB_P', 'EMB_P', 'EMB_P', 'EMB_P', 'EMB_P', 'EMB_P', 'EMB_P', 'EMB_P', 'EMB_P', 'EMB_P', 'EMB_P', 'EMB_P', 'EMB_P', 'EMB_P', 'EMB_P', 'EMB_P', 'EMB_P', 'EMB_P', 'EMB_P', 'EMB_P', 'EMB_P', 'EMB_P', 'EMB_P', 'EMB_P']","['EMB_O', 'EMB_O', 'EMB_O', 'OPN_B', 'OPN_I', 'OPN_E', 'EMB_O', 'EMB_O', 'EMB_O', 'EMB_O', 'EMB_O', 'EMB_O', 'EMB_O', 'EMB_O', 'EMB_O', 'EMB_O', 'EMB_O', 'EMB_O', 'EMB_P', 'EMB_P', 'EMB_P', 'EMB_P', 'EMB_P', 'EMB_P', 'EMB_P', 'EMB_P', 'EMB_P', 'EMB_P', 'EMB_P', 'EMB_P', 'EMB_P', 'EMB_P', 'EMB_P', 'EMB_P', 'EMB_P', 'EMB_P', 'EMB_P', 'EMB_P', 'EMB_P', 'EMB_P', 'EMB_P', 'EMB_P', 'EMB_P', 'EMB_P', 'EMB_P', 'EMB_P', 'EMB_P', 'EMB_P', 'EMB_P', 'EMB_P', 'EMB_P', 'EMB_P', 'EMB_P', 'EMB_P', 'EMB_P', 'EMB_P', 'EMB_P', 'EMB_P', 'EMB_P', 'EMB_P', 'EMB_P', 'EMB_P', 'EMB_P', 'EMB_P', 'EMB_P', 'EMB_P', 'EMB_P', 'EMB_P', 'EMB_P', 'EMB_P', 'EMB_P', 'EMB_P', 'EMB_P', 'EMB_P', 'EMB_P', 'EMB_P', 'EMB_P', 'EMB_P', 'EMB_P', 'EMB_P', 'EMB_P', 'EMB_P', 'EMB_P', 'EMB_P', 'EMB_P', 'EMB_P', 'EMB_P', 'EMB_P', 'EMB_P', 'EMB_P', 'EMB_P', 'EMB_P', 'EMB_P', 'EMB_P', 'EMB_P', 'EMB_P', 'EMB_P', 'EMB_P', 'EMB_P', 'EMB_P', 'EMB_P', 'EMB_P', 'EMB_P', 'EMB_P', 'EMB_P', 'EMB_P', 'EMB_P', 'EMB_P', 'EMB_P', 'EMB_P', 'EMB_P', 'EMB_P', 'EMB_P', 'EMB_P', 'EMB_P', 'EMB_P', 'EMB_P', 'EMB_P', 'EMB_P', 'EMB_P', 'EMB_P', 'EMB_P', 'EMB_P', 'EMB_P', 'EMB_P', 'EMB_P', 'EMB_P', 'EMB_P']"
109,laptop,NULL,laptop_quad_dev_98,"so , i have had this laptop for almost a week and have put it through the ringer .",5.9,5.9,"['EMB_O', 'EMB_O', 'EMB_O', 'EMB_O', 'EMB_O', 'EMB_O', 'EMB_O', 'ASP_B', 'ASP_E', 'EMB_O', 'EMB_O', 'EMB_O', 'EMB_O', 'EMB_O', 'EMB_O', 'EMB_O', 'EMB_O', 'EMB_O', 'EMB_O', 'EMB_O', 'EMB_O', 'EMB_O', 'EMB_O', 'EMB_P', 'EMB_P', 'EMB_P', 'EMB_P', 'EMB_P', 'EMB_P', 'EMB_P', 'EMB_P', 'EMB_P', 'EMB_P', 'EMB_P', 'EMB_P', 'EMB_P', 'EMB_P', 'EMB_P', 'EMB_P', 'EMB_P', 'EMB_P', 'EMB_P', 'EMB_P', 'EMB_P', 'EMB_P', 'EMB_P', 'EMB_P', 'EMB_P', 'EMB_P', 'EMB_P', 'EMB_P', 'EMB_P', 'EMB_P', 'EMB_P', 'EMB_P', 'EMB_P', 'EMB_P', 'EMB_P', 'EMB_P', 'EMB_P', 'EMB_P', 'EMB_P', 'EMB_P', 'EMB_P', 'EMB_P', 'EMB_P', 'EMB_P', 'EMB_P', 'EMB_P', 'EMB_P', 'EMB_P', 'EMB_P', 'EMB_P', 'EMB_P', 'EMB_P', 'EMB_P', 'EMB_P', 'EMB_P', 'EMB_P', 'EMB_P', 'EMB_P', 'EMB_P', 'EMB_P', 'EMB_P', 'EMB_P', 'EMB_P', 'EMB_P', 'EMB_P', 'EMB_P', 'EMB_P', 'EMB_P', 'EMB_P', 'EMB_P', 'EMB_P', 'EMB_P', 'EMB_P', 'EMB_P', 'EMB_P', 'EMB_P', 'EMB_P', 'EMB_P', 'EMB_P', 'EMB_P', 'EMB_P', 'EMB_P', 'EMB_P', 'EMB_P', 'EMB_P', 'EMB_P', 'EMB_P', 'EMB_P', 'EMB_P', 'EMB_P', 'EMB_P', 'EMB_P', 'EMB_P', 'EMB_P', 'EMB_P', 'EMB_P', 'EMB_P', 'EMB_P', 'EMB_P', 'EMB_P', 'EMB_P', 'EMB_P', 'EMB_P', 'EMB_P', 'EMB_P']","['EMB_O', 'EMB_O', 'EMB_O', 'EMB_O', 'EMB_O', 'EMB_O', 'EMB_O', 'EMB_O', 'EMB_O', 'EMB_O', 'EMB_O', 'EMB_O', 'EMB_O', 'EMB_O', 'EMB_O', 'EMB_O', 'EMB_O', 'EMB_O', 'EMB_O', 'EMB_O', 'EMB_O', 'EMB_O', 'EMB_O', 'EMB_P', 'EMB_P', 'EMB_P', 'EMB_P', 'EMB_P', 'EMB_P', 'EMB_P', 'EMB_P', 'EMB_P', 'EMB_P', 'EMB_P', 'EMB_P', 'EMB_P', 'EMB_P', 'EMB_P', 'EMB_P', 'EMB_P', 'EMB_P', 'EMB_P', 'EMB_P', 'EMB_P', 'EMB_P', 'EMB_P', 'EMB_P', 'EMB_P', 'EMB_P', 'EMB_P', 'EMB_P', 'EMB_P', 'EMB_P', 'EMB_P', 'EMB_P', 'EMB_P', 'EMB_P', 'EMB_P', 'EMB_P', 'EMB_P', 'EMB_P', 'EMB_P', 'EMB_P', 'EMB_P', 'EMB_P', 'EMB_P', 'EMB_P', 'EMB_P', 'EMB_P', 'EMB_P', 'EMB_P', 'EMB_P', 'EMB_P', 'EMB_P', 'EMB_P', 'EMB_P', 'EMB_P', 'EMB_P', 'EMB_P', 'EMB_P', 'EMB_P', 'EMB_P', 'EMB_P', 'EMB_P', 'EMB_P', 'EMB_P', 'EMB_P', 'EMB_P', 'EMB_P', 'EMB_P', 'EMB_P', 'EMB_P', 'EMB_P', 'EMB_P', 'EMB_P', 'EMB_P', 'EMB_P', 'EMB_P', 'EMB_P', 'EMB_P', 'EMB_P', 'EMB_P', 'EMB_P', 'EMB_P', 'EMB_P', 'EMB_P', 'EMB_P', 'EMB_P', 'EMB_P', 'EMB_P', 'EMB_P', 'EMB_P', 'EMB_P', 'EMB_P', 'EMB_P', 'EMB_P', 'EMB_P', 'EMB_P', 'EMB_P', 'EMB_P', 'EMB_P', 'EMB_P', 'EMB_P', 'EMB_P', 'EMB_P', 'EMB_P', 'EMB_P', 'EMB_P']"
110,battery,' t like,laptop_quad_dev_99,only thing i really didn ' t like about this was how quickly the battery drained .,2.9,5.1,"['EMB_O', 'EMB_O', 'EMB_O', 'EMB_O', 'EMB_O', 'EMB_O', 'EMB_O', 'EMB_O', 'EMB_O', 'EMB_O', 'EMB_O', 'EMB_O', 'EMB_O', 'EMB_O', 'EMB_O', 'ASP_S', 'EMB_O', 'EMB_O', 'EMB_O', 'EMB_O', 'EMB_P', 'EMB_P', 'EMB_P', 'EMB_P', 'EMB_P', 'EMB_P', 'EMB_P', 'EMB_P', 'EMB_P', 'EMB_P', 'EMB_P', 'EMB_P', 'EMB_P', 'EMB_P', 'EMB_P', 'EMB_P', 'EMB_P', 'EMB_P', 'EMB_P', 'EMB_P', 'EMB_P', 'EMB_P', 'EMB_P', 'EMB_P', 'EMB_P', 'EMB_P', 'EMB_P', 'EMB_P', 'EMB_P', 'EMB_P', 'EMB_P', 'EMB_P', 'EMB_P', 'EMB_P', 'EMB_P', 'EMB_P', 'EMB_P', 'EMB_P', 'EMB_P', 'EMB_P', 'EMB_P', 'EMB_P', 'EMB_P', 'EMB_P', 'EMB_P', 'EMB_P', 'EMB_P', 'EMB_P', 'EMB_P', 'EMB_P', 'EMB_P', 'EMB_P', 'EMB_P', 'EMB_P', 'EMB_P', 'EMB_P', 'EMB_P', 'EMB_P', 'EMB_P', 'EMB_P', 'EMB_P', 'EMB_P', 'EMB_P', 'EMB_P', 'EMB_P', 'EMB_P', 'EMB_P', 'EMB_P', 'EMB_P', 'EMB_P', 'EMB_P', 'EMB_P', 'EMB_P', 'EMB_P', 'EMB_P', 'EMB_P', 'EMB_P', 'EMB_P', 'EMB_P', 'EMB_P', 'EMB_P', 'EMB_P', 'EMB_P', 'EMB_P', 'EMB_P', 'EMB_P', 'EMB_P', 'EMB_P', 'EMB_P', 'EMB_P', 'EMB_P', 'EMB_P', 'EMB_P', 'EMB_P', 'EMB_P', 'EMB_P', 'EMB_P', 'EMB_P', 'EMB_P', 'EMB_P', 'EMB_P', 'EMB_P', 'EMB_P', 'EMB_P', 'EMB_P', 'EMB_P', 'EMB_P', 'EMB_P']","['EMB_O', 'EMB_O', 'EMB_O', 'EMB_O', 'EMB_O', 'EMB_O', 'OPN_B', 'OPN_I', 'OPN_E', 'EMB_O', 'EMB_O', 'EMB_O', 'EMB_O', 'EMB_O', 'EMB_O', 'EMB_O', 'EMB_O', 'EMB_O', 'EMB_O', 'EMB_O', 'EMB_P', 'EMB_P', 'EMB_P', 'EMB_P', 'EMB_P', 'EMB_P', 'EMB_P', 'EMB_P', 'EMB_P', 'EMB_P', 'EMB_P', 'EMB_P', 'EMB_P', 'EMB_P', 'EMB_P', 'EMB_P', 'EMB_P', 'EMB_P', 'EMB_P', 'EMB_P', 'EMB_P', 'EMB_P', 'EMB_P', 'EMB_P', 'EMB_P', 'EMB_P', 'EMB_P', 'EMB_P', 'EMB_P', 'EMB_P', 'EMB_P', 'EMB_P', 'EMB_P', 'EMB_P', 'EMB_P', 'EMB_P', 'EMB_P', 'EMB_P', 'EMB_P', 'EMB_P', 'EMB_P', 'EMB_P', 'EMB_P', 'EMB_P', 'EMB_P', 'EMB_P', 'EMB_P', 'EMB_P', 'EMB_P', 'EMB_P', 'EMB_P', 'EMB_P', 'EMB_P', 'EMB_P', 'EMB_P', 'EMB_P', 'EMB_P', 'EMB_P', 'EMB_P', 'EMB_P', 'EMB_P', 'EMB_P', 'EMB_P', 'EMB_P', 'EMB_P', 'EMB_P', 'EMB_P', 'EMB_P', 'EMB_P', 'EMB_P', 'EMB_P', 'EMB_P', 'EMB_P', 'EMB_P', 'EMB_P', 'EMB_P', 'EMB_P', 'EMB_P', 'EMB_P', 'EMB_P', 'EMB_P', 'EMB_P', 'EMB_P', 'EMB_P', 'EMB_P', 'EMB_P', 'EMB_P', 'EMB_P', 'EMB_P', 'EMB_P', 'EMB_P', 'EMB_P', 'EMB_P', 'EMB_P', 'EMB_P', 'EMB_P', 'EMB_P', 'EMB_P', 'EMB_P', 'EMB_P', 'EMB_P', 'EMB_P', 'EMB_P', 'EMB_P', 'EMB_P', 'EMB_P', 'EMB_P', 'EMB_P']"
111,NULL,fine,laptop_quad_dev_100,i have n ' t used it much for gaming but i imagine it works fine .,6.0,6.0,"['EMB_O', 'EMB_O', 'EMB_O', 'EMB_O', 'EMB_O', 'EMB_O', 'EMB_O', 'EMB_O', 'EMB_O', 'EMB_O', 'EMB_O', 'EMB_O', 'EMB_O', 'EMB_O', 'EMB_O', 'EMB_O', 'EMB_O', 'EMB_O', 'EMB_O', 'EMB_O', 'EMB_O', 'EMB_P', 'EMB_P', 'EMB_P', 'EMB_P', 'EMB_P', 'EMB_P', 'EMB_P', 'EMB_P', 'EMB_P', 'EMB_P', 'EMB_P', 'EMB_P', 'EMB_P', 'EMB_P', 'EMB_P', 'EMB_P', 'EMB_P', 'EMB_P', 'EMB_P', 'EMB_P', 'EMB_P', 'EMB_P', 'EMB_P', 'EMB_P', 'EMB_P', 'EMB_P', 'EMB_P', 'EMB_P', 'EMB_P', 'EMB_P', 'EMB_P', 'EMB_P', 'EMB_P', 'EMB_P', 'EMB_P', 'EMB_P', 'EMB_P', 'EMB_P', 'EMB_P', 'EMB_P', 'EMB_P', 'EMB_P', 'EMB_P', 'EMB_P', 'EMB_P', 'EMB_P', 'EMB_P', 'EMB_P', 'EMB_P', 'EMB_P', 'EMB_P', 'EMB_P', 'EMB_P', 'EMB_P', 'EMB_P', 'EMB_P', 'EMB_P', 'EMB_P', 'EMB_P', 'EMB_P', 'EMB_P', 'EMB_P', 'EMB_P', 'EMB_P', 'EMB_P', 'EMB_P', 'EMB_P', 'EMB_P', 'EMB_P', 'EMB_P', 'EMB_P', 'EMB_P', 'EMB_P', 'EMB_P', 'EMB_P', 'EMB_P', 'EMB_P', 'EMB_P', 'EMB_P', 'EMB_P', 'EMB_P', 'EMB_P', 'EMB_P', 'EMB_P', 'EMB_P', 'EMB_P', 'EMB_P', 'EMB_P', 'EMB_P', 'EMB_P', 'EMB_P', 'EMB_P', 'EMB_P', 'EMB_P', 'EMB_P', 'EMB_P', 'EMB_P', 'EMB_P', 'EMB_P', 'EMB_P', 'EMB_P', 'EMB_P', 'EMB_P', 'EMB_P', 'EMB_P', 'EMB_P', 'EMB_P']","['EMB_O', 'EMB_O', 'EMB_O', 'EMB_O', 'EMB_O', 'EMB_O', 'EMB_O', 'EMB_O', 'EMB_O', 'EMB_O', 'EMB_O', 'EMB_O', 'EMB_O', 'EMB_O', 'EMB_O', 'EMB_O', 'EMB_O', 'EMB_O', 'OPN_S', 'EMB_O', 'EMB_O', 'EMB_P', 'EMB_P', 'EMB_P', 'EMB_P', 'EMB_P', 'EMB_P', 'EMB_P', 'EMB_P', 'EMB_P', 'EMB_P', 'EMB_P', 'EMB_P', 'EMB_P', 'EMB_P', 'EMB_P', 'EMB_P', 'EMB_P', 'EMB_P', 'EMB_P', 'EMB_P', 'EMB_P', 'EMB_P', 'EMB_P', 'EMB_P', 'EMB_P', 'EMB_P', 'EMB_P', 'EMB_P', 'EMB_P', 'EMB_P', 'EMB_P', 'EMB_P', 'EMB_P', 'EMB_P', 'EMB_P', 'EMB_P', 'EMB_P', 'EMB_P', 'EMB_P', 'EMB_P', 'EMB_P', 'EMB_P', 'EMB_P', 'EMB_P', 'EMB_P', 'EMB_P', 'EMB_P', 'EMB_P', 'EMB_P', 'EMB_P', 'EMB_P', 'EMB_P', 'EMB_P', 'EMB_P', 'EMB_P', 'EMB_P', 'EMB_P', 'EMB_P', 'EMB_P', 'EMB_P', 'EMB_P', 'EMB_P', 'EMB_P', 'EMB_P', 'EMB_P', 'EMB_P', 'EMB_P', 'EMB_P', 'EMB_P', 'EMB_P', 'EMB_P', 'EMB_P', 'EMB_P', 'EMB_P', 'EMB_P', 'EMB_P', 'EMB_P', 'EMB_P', 'EMB_P', 'EMB_P', 'EMB_P', 'EMB_P', 'EMB_P', 'EMB_P', 'EMB_P', 'EMB_P', 'EMB_P', 'EMB_P', 'EMB_P', 'EMB_P', 'EMB_P', 'EMB_P', 'EMB_P', 'EMB_P', 'EMB_P', 'EMB_P', 'EMB_P', 'EMB_P', 'EMB_P', 'EMB_P', 'EMB_P', 'EMB_P', 'EMB_P', 'EMB_P', 'EMB_P', 'EMB_P', 'EMB_P']"
112,NULL,pretty good,laptop_quad_dev_101,my kids have played roblox and minecraft on it along with fortnite so i think it can handle online gaming pretty good .,7.33,7.17,"['EMB_O', 'EMB_O', 'EMB_O', 'EMB_O', 'EMB_O', 'EMB_O', 'EMB_O', 'EMB_O', 'EMB_O', 'EMB_O', 'EMB_O', 'EMB_O', 'EMB_O', 'EMB_O', 'EMB_O', 'EMB_O', 'EMB_O', 'EMB_O', 'EMB_O', 'EMB_O', 'EMB_O', 'EMB_O', 'EMB_O', 'EMB_O', 'EMB_O', 'EMB_O', 'EMB_O', 'EMB_O', 'EMB_O', 'EMB_O', 'EMB_P', 'EMB_P', 'EMB_P', 'EMB_P', 'EMB_P', 'EMB_P', 'EMB_P', 'EMB_P', 'EMB_P', 'EMB_P', 'EMB_P', 'EMB_P', 'EMB_P', 'EMB_P', 'EMB_P', 'EMB_P', 'EMB_P', 'EMB_P', 'EMB_P', 'EMB_P', 'EMB_P', 'EMB_P', 'EMB_P', 'EMB_P', 'EMB_P', 'EMB_P', 'EMB_P', 'EMB_P', 'EMB_P', 'EMB_P', 'EMB_P', 'EMB_P', 'EMB_P', 'EMB_P', 'EMB_P', 'EMB_P', 'EMB_P', 'EMB_P', 'EMB_P', 'EMB_P', 'EMB_P', 'EMB_P', 'EMB_P', 'EMB_P', 'EMB_P', 'EMB_P', 'EMB_P', 'EMB_P', 'EMB_P', 'EMB_P', 'EMB_P', 'EMB_P', 'EMB_P', 'EMB_P', 'EMB_P', 'EMB_P', 'EMB_P', 'EMB_P', 'EMB_P', 'EMB_P', 'EMB_P', 'EMB_P', 'EMB_P', 'EMB_P', 'EMB_P', 'EMB_P', 'EMB_P', 'EMB_P', 'EMB_P', 'EMB_P', 'EMB_P', 'EMB_P', 'EMB_P', 'EMB_P', 'EMB_P', 'EMB_P', 'EMB_P', 'EMB_P', 'EMB_P', 'EMB_P', 'EMB_P', 'EMB_P', 'EMB_P', 'EMB_P', 'EMB_P', 'EMB_P', 'EMB_P', 'EMB_P', 'EMB_P', 'EMB_P', 'EMB_P', 'EMB_P', 'EMB_P', 'EMB_P', 'EMB_P', 'EMB_P', 'EMB_P', 'EMB_P']","['EMB_O', 'EMB_O', 'EMB_O', 'EMB_O', 'EMB_O', 'EMB_O', 'EMB_O', 'EMB_O', 'EMB_O', 'EMB_O', 'EMB_O', 'EMB_O', 'EMB_O', 'EMB_O', 'EMB_O', 'EMB_O', 'EMB_O', 'EMB_O', 'EMB_O', 'EMB_O', 'EMB_O', 'EMB_O', 'EMB_O', 'EMB_O', 'EMB_O', 'EMB_O', 'OPN_B', 'OPN_E', 'EMB_O', 'EMB_O', 'EMB_P', 'EMB_P', 'EMB_P', 'EMB_P', 'EMB_P', 'EMB_P', 'EMB_P', 'EMB_P', 'EMB_P', 'EMB_P', 'EMB_P', 'EMB_P', 'EMB_P', 'EMB_P', 'EMB_P', 'EMB_P', 'EMB_P', 'EMB_P', 'EMB_P', 'EMB_P', 'EMB_P', 'EMB_P', 'EMB_P', 'EMB_P', 'EMB_P', 'EMB_P', 'EMB_P', 'EMB_P', 'EMB_P', 'EMB_P', 'EMB_P', 'EMB_P', 'EMB_P', 'EMB_P', 'EMB_P', 'EMB_P', 'EMB_P', 'EMB_P', 'EMB_P', 'EMB_P', 'EMB_P', 'EMB_P', 'EMB_P', 'EMB_P', 'EMB_P', 'EMB_P', 'EMB_P', 'EMB_P', 'EMB_P', 'EMB_P', 'EMB_P', 'EMB_P', 'EMB_P', 'EMB_P', 'EMB_P', 'EMB_P', 'EMB_P', 'EMB_P', 'EMB_P', 'EMB_P', 'EMB_P', 'EMB_P', 'EMB_P', 'EMB_P', 'EMB_P', 'EMB_P', 'EMB_P', 'EMB_P', 'EMB_P', 'EMB_P', 'EMB_P', 'EMB_P', 'EMB_P', 'EMB_P', 'EMB_P', 'EMB_P', 'EMB_P', 'EMB_P', 'EMB_P', 'EMB_P', 'EMB_P', 'EMB_P', 'EMB_P', 'EMB_P', 'EMB_P', 'EMB_P', 'EMB_P', 'EMB_P', 'EMB_P', 'EMB_P', 'EMB_P', 'EMB_P', 'EMB_P', 'EMB_P', 'EMB_P', 'EMB_P', 'EMB_P', 'EMB_P']"
113,look,love,laptop_quad_dev_102,if you ' re big on aesthetics then you ' ll love the look .,6.88,7.0,"['EMB_O', 'EMB_O', 'EMB_O', 'EMB_O', 'EMB_O', 'EMB_O', 'EMB_O', 'EMB_O', 'EMB_O', 'EMB_O', 'EMB_O', 'EMB_O', 'EMB_O', 'EMB_O', 'EMB_O', 'EMB_O', 'ASP_S', 'EMB_O', 'EMB_O', 'EMB_P', 'EMB_P', 'EMB_P', 'EMB_P', 'EMB_P', 'EMB_P', 'EMB_P', 'EMB_P', 'EMB_P', 'EMB_P', 'EMB_P', 'EMB_P', 'EMB_P', 'EMB_P', 'EMB_P', 'EMB_P', 'EMB_P', 'EMB_P', 'EMB_P', 'EMB_P', 'EMB_P', 'EMB_P', 'EMB_P', 'EMB_P', 'EMB_P', 'EMB_P', 'EMB_P', 'EMB_P', 'EMB_P', 'EMB_P', 'EMB_P', 'EMB_P', 'EMB_P', 'EMB_P', 'EMB_P', 'EMB_P', 'EMB_P', 'EMB_P', 'EMB_P', 'EMB_P', 'EMB_P', 'EMB_P', 'EMB_P', 'EMB_P', 'EMB_P', 'EMB_P', 'EMB_P', 'EMB_P', 'EMB_P', 'EMB_P', 'EMB_P', 'EMB_P', 'EMB_P', 'EMB_P', 'EMB_P', 'EMB_P', 'EMB_P', 'EMB_P', 'EMB_P', 'EMB_P', 'EMB_P', 'EMB_P', 'EMB_P', 'EMB_P', 'EMB_P', 'EMB_P', 'EMB_P', 'EMB_P', 'EMB_P', 'EMB_P', 'EMB_P', 'EMB_P', 'EMB_P', 'EMB_P', 'EMB_P', 'EMB_P', 'EMB_P', 'EMB_P', 'EMB_P', 'EMB_P', 'EMB_P', 'EMB_P', 'EMB_P', 'EMB_P', 'EMB_P', 'EMB_P', 'EMB_P', 'EMB_P', 'EMB_P', 'EMB_P', 'EMB_P', 'EMB_P', 'EMB_P', 'EMB_P', 'EMB_P', 'EMB_P', 'EMB_P', 'EMB_P', 'EMB_P', 'EMB_P', 'EMB_P', 'EMB_P', 'EMB_P', 'EMB_P', 'EMB_P', 'EMB_P', 'EMB_P', 'EMB_P', 'EMB_P']","['EMB_O', 'EMB_O', 'EMB_O', 'EMB_O', 'EMB_O', 'EMB_O', 'EMB_O', 'EMB_O', 'EMB_O', 'EMB_O', 'EMB_O', 'EMB_O', 'EMB_O', 'EMB_O', 'OPN_S', 'EMB_O', 'EMB_O', 'EMB_O', 'EMB_O', 'EMB_P', 'EMB_P', 'EMB_P', 'EMB_P', 'EMB_P', 'EMB_P', 'EMB_P', 'EMB_P', 'EMB_P', 'EMB_P', 'EMB_P', 'EMB_P', 'EMB_P', 'EMB_P', 'EMB_P', 'EMB_P', 'EMB_P', 'EMB_P', 'EMB_P', 'EMB_P', 'EMB_P', 'EMB_P', 'EMB_P', 'EMB_P', 'EMB_P', 'EMB_P', 'EMB_P', 'EMB_P', 'EMB_P', 'EMB_P', 'EMB_P', 'EMB_P', 'EMB_P', 'EMB_P', 'EMB_P', 'EMB_P', 'EMB_P', 'EMB_P', 'EMB_P', 'EMB_P', 'EMB_P', 'EMB_P', 'EMB_P', 'EMB_P', 'EMB_P', 'EMB_P', 'EMB_P', 'EMB_P', 'EMB_P', 'EMB_P', 'EMB_P', 'EMB_P', 'EMB_P', 'EMB_P', 'EMB_P', 'EMB_P', 'EMB_P', 'EMB_P', 'EMB_P', 'EMB_P', 'EMB_P', 'EMB_P', 'EMB_P', 'EMB_P', 'EMB_P', 'EMB_P', 'EMB_P', 'EMB_P', 'EMB_P', 'EMB_P', 'EMB_P', 'EMB_P', 'EMB_P', 'EMB_P', 'EMB_P', 'EMB_P', 'EMB_P', 'EMB_P', 'EMB_P', 'EMB_P', 'EMB_P', 'EMB_P', 'EMB_P', 'EMB_P', 'EMB_P', 'EMB_P', 'EMB_P', 'EMB_P', 'EMB_P', 'EMB_P', 'EMB_P', 'EMB_P', 'EMB_P', 'EMB_P', 'EMB_P', 'EMB_P', 'EMB_P', 'EMB_P', 'EMB_P', 'EMB_P', 'EMB_P', 'EMB_P', 'EMB_P', 'EMB_P', 'EMB_P', 'EMB_P', 'EMB_P', 'EMB_P', 'EMB_P']"
114,microsoft program,NULL,laptop_quad_dev_103,i will never use another microsoft program as long as i live .,4.5,4.5,"['EMB_O', 'EMB_O', 'EMB_O', 'EMB_O', 'EMB_O', 'EMB_O', 'ASP_B', 'ASP_I', 'ASP_I', 'ASP_E', 'EMB_O', 'EMB_O', 'EMB_O', 'EMB_O', 'EMB_O', 'EMB_O', 'EMB_O', 'EMB_P', 'EMB_P', 'EMB_P', 'EMB_P', 'EMB_P', 'EMB_P', 'EMB_P', 'EMB_P', 'EMB_P', 'EMB_P', 'EMB_P', 'EMB_P', 'EMB_P', 'EMB_P', 'EMB_P', 'EMB_P', 'EMB_P', 'EMB_P', 'EMB_P', 'EMB_P', 'EMB_P', 'EMB_P', 'EMB_P', 'EMB_P', 'EMB_P', 'EMB_P', 'EMB_P', 'EMB_P', 'EMB_P', 'EMB_P', 'EMB_P', 'EMB_P', 'EMB_P', 'EMB_P', 'EMB_P', 'EMB_P', 'EMB_P', 'EMB_P', 'EMB_P', 'EMB_P', 'EMB_P', 'EMB_P', 'EMB_P', 'EMB_P', 'EMB_P', 'EMB_P', 'EMB_P', 'EMB_P', 'EMB_P', 'EMB_P', 'EMB_P', 'EMB_P', 'EMB_P', 'EMB_P', 'EMB_P', 'EMB_P', 'EMB_P', 'EMB_P', 'EMB_P', 'EMB_P', 'EMB_P', 'EMB_P', 'EMB_P', 'EMB_P', 'EMB_P', 'EMB_P', 'EMB_P', 'EMB_P', 'EMB_P', 'EMB_P', 'EMB_P', 'EMB_P', 'EMB_P', 'EMB_P', 'EMB_P', 'EMB_P', 'EMB_P', 'EMB_P', 'EMB_P', 'EMB_P', 'EMB_P', 'EMB_P', 'EMB_P', 'EMB_P', 'EMB_P', 'EMB_P', 'EMB_P', 'EMB_P', 'EMB_P', 'EMB_P', 'EMB_P', 'EMB_P', 'EMB_P', 'EMB_P', 'EMB_P', 'EMB_P', 'EMB_P', 'EMB_P', 'EMB_P', 'EMB_P', 'EMB_P', 'EMB_P', 'EMB_P', 'EMB_P', 'EMB_P', 'EMB_P', 'EMB_P', 'EMB_P', 'EMB_P', 'EMB_P', 'EMB_P']","['EMB_O', 'EMB_O', 'EMB_O', 'EMB_O', 'EMB_O', 'EMB_O', 'EMB_O', 'EMB_O', 'EMB_O', 'EMB_O', 'EMB_O', 'EMB_O', 'EMB_O', 'EMB_O', 'EMB_O', 'EMB_O', 'EMB_O', 'EMB_P', 'EMB_P', 'EMB_P', 'EMB_P', 'EMB_P', 'EMB_P', 'EMB_P', 'EMB_P', 'EMB_P', 'EMB_P', 'EMB_P', 'EMB_P', 'EMB_P', 'EMB_P', 'EMB_P', 'EMB_P', 'EMB_P', 'EMB_P', 'EMB_P', 'EMB_P', 'EMB_P', 'EMB_P', 'EMB_P', 'EMB_P', 'EMB_P', 'EMB_P', 'EMB_P', 'EMB_P', 'EMB_P', 'EMB_P', 'EMB_P', 'EMB_P', 'EMB_P', 'EMB_P', 'EMB_P', 'EMB_P', 'EMB_P', 'EMB_P', 'EMB_P', 'EMB_P', 'EMB_P', 'EMB_P', 'EMB_P', 'EMB_P', 'EMB_P', 'EMB_P', 'EMB_P', 'EMB_P', 'EMB_P', 'EMB_P', 'EMB_P', 'EMB_P', 'EMB_P', 'EMB_P', 'EMB_P', 'EMB_P', 'EMB_P', 'EMB_P', 'EMB_P', 'EMB_P', 'EMB_P', 'EMB_P', 'EMB_P', 'EMB_P', 'EMB_P', 'EMB_P', 'EMB_P', 'EMB_P', 'EMB_P', 'EMB_P', 'EMB_P', 'EMB_P', 'EMB_P', 'EMB_P', 'EMB_P', 'EMB_P', 'EMB_P', 'EMB_P', 'EMB_P', 'EMB_P', 'EMB_P', 'EMB_P', 'EMB_P', 'EMB_P', 'EMB_P', 'EMB_P', 'EMB_P', 'EMB_P', 'EMB_P', 'EMB_P', 'EMB_P', 'EMB_P', 'EMB_P', 'EMB_P', 'EMB_P', 'EMB_P', 'EMB_P', 'EMB_P', 'EMB_P', 'EMB_P', 'EMB_P', 'EMB_P', 'EMB_P', 'EMB_P', 'EMB_P', 'EMB_P', 'EMB_P', 'EMB_P', 'EMB_P', 'EMB_P', 'EMB_P']"
115,home pc laptop,very well,laptop_quad_dev_104,just a home pc laptop that works very well .,6.75,6.5,"['EMB_O', 'EMB_O', 'EMB_O', 'ASP_B', 'ASP_I', 'ASP_I', 'ASP_I', 'ASP_E', 'EMB_O', 'EMB_O', 'EMB_O', 'EMB_O', 'EMB_O', 'EMB_O', 'EMB_P', 'EMB_P', 'EMB_P', 'EMB_P', 'EMB_P', 'EMB_P', 'EMB_P', 'EMB_P', 'EMB_P', 'EMB_P', 'EMB_P', 'EMB_P', 'EMB_P', 'EMB_P', 'EMB_P', 'EMB_P', 'EMB_P', 'EMB_P', 'EMB_P', 'EMB_P', 'EMB_P', 'EMB_P', 'EMB_P', 'EMB_P', 'EMB_P', 'EMB_P', 'EMB_P', 'EMB_P', 'EMB_P', 'EMB_P', 'EMB_P', 'EMB_P', 'EMB_P', 'EMB_P', 'EMB_P', 'EMB_P', 'EMB_P', 'EMB_P', 'EMB_P', 'EMB_P', 'EMB_P', 'EMB_P', 'EMB_P', 'EMB_P', 'EMB_P', 'EMB_P', 'EMB_P', 'EMB_P', 'EMB_P', 'EMB_P', 'EMB_P', 'EMB_P', 'EMB_P', 'EMB_P', 'EMB_P', 'EMB_P', 'EMB_P', 'EMB_P', 'EMB_P', 'EMB_P', 'EMB_P', 'EMB_P', 'EMB_P', 'EMB_P', 'EMB_P', 'EMB_P', 'EMB_P', 'EMB_P', 'EMB_P', 'EMB_P', 'EMB_P', 'EMB_P', 'EMB_P', 'EMB_P', 'EMB_P', 'EMB_P', 'EMB_P', 'EMB_P', 'EMB_P', 'EMB_P', 'EMB_P', 'EMB_P', 'EMB_P', 'EMB_P', 'EMB_P', 'EMB_P', 'EMB_P', 'EMB_P', 'EMB_P', 'EMB_P', 'EMB_P', 'EMB_P', 'EMB_P', 'EMB_P', 'EMB_P', 'EMB_P', 'EMB_P', 'EMB_P', 'EMB_P', 'EMB_P', 'EMB_P', 'EMB_P', 'EMB_P', 'EMB_P', 'EMB_P', 'EMB_P', 'EMB_P', 'EMB_P', 'EMB_P', 'EMB_P', 'EMB_P', 'EMB_P', 'EMB_P', 'EMB_P']","['EMB_O', 'EMB_O', 'EMB_O', 'EMB_O', 'EMB_O', 'EMB_O', 'EMB_O', 'EMB_O', 'EMB_O', 'EMB_O', 'OPN_B', 'OPN_E', 'EMB_O', 'EMB_O', 'EMB_P', 'EMB_P', 'EMB_P', 'EMB_P', 'EMB_P', 'EMB_P', 'EMB_P', 'EMB_P', 'EMB_P', 'EMB_P', 'EMB_P', 'EMB_P', 'EMB_P', 'EMB_P', 'EMB_P', 'EMB_P', 'EMB_P', 'EMB_P', 'EMB_P', 'EMB_P', 'EMB_P', 'EMB_P', 'EMB_P', 'EMB_P', 'EMB_P', 'EMB_P', 'EMB_P', 'EMB_P', 'EMB_P', 'EMB_P', 'EMB_P', 'EMB_P', 'EMB_P', 'EMB_P', 'EMB_P', 'EMB_P', 'EMB_P', 'EMB_P', 'EMB_P', 'EMB_P', 'EMB_P', 'EMB_P', 'EMB_P', 'EMB_P', 'EMB_P', 'EMB_P', 'EMB_P', 'EMB_P', 'EMB_P', 'EMB_P', 'EMB_P', 'EMB_P', 'EMB_P', 'EMB_P', 'EMB_P', 'EMB_P', 'EMB_P', 'EMB_P', 'EMB_P', 'EMB_P', 'EMB_P', 'EMB_P', 'EMB_P', 'EMB_P', 'EMB_P', 'EMB_P', 'EMB_P', 'EMB_P', 'EMB_P', 'EMB_P', 'EMB_P', 'EMB_P', 'EMB_P', 'EMB_P', 'EMB_P', 'EMB_P', 'EMB_P', 'EMB_P', 'EMB_P', 'EMB_P', 'EMB_P', 'EMB_P', 'EMB_P', 'EMB_P', 'EMB_P', 'EMB_P', 'EMB_P', 'EMB_P', 'EMB_P', 'EMB_P', 'EMB_P', 'EMB_P', 'EMB_P', 'EMB_P', 'EMB_P', 'EMB_P', 'EMB_P', 'EMB_P', 'EMB_P', 'EMB_P', 'EMB_P', 'EMB_P', 'EMB_P', 'EMB_P', 'EMB_P', 'EMB_P', 'EMB_P', 'EMB_P', 'EMB_P', 'EMB_P', 'EMB_P', 'EMB_P', 'EMB_P', 'EMB_P']"
116,keyboard,NULL,laptop_quad_dev_105,"it has a full size keyboard , a number pad , a camera , and great big screen !",8.0,8.17,"['EMB_O', 'EMB_O', 'EMB_O', 'EMB_O', 'EMB_O', 'EMB_O', 'ASP_S', 'EMB_O', 'EMB_O', 'EMB_O', 'EMB_O', 'EMB_O', 'EMB_O', 'EMB_O', 'EMB_O', 'EMB_O', 'EMB_O', 'EMB_O', 'EMB_O', 'EMB_O', 'EMB_O', 'EMB_P', 'EMB_P', 'EMB_P', 'EMB_P', 'EMB_P', 'EMB_P', 'EMB_P', 'EMB_P', 'EMB_P', 'EMB_P', 'EMB_P', 'EMB_P', 'EMB_P', 'EMB_P', 'EMB_P', 'EMB_P', 'EMB_P', 'EMB_P', 'EMB_P', 'EMB_P', 'EMB_P', 'EMB_P', 'EMB_P', 'EMB_P', 'EMB_P', 'EMB_P', 'EMB_P', 'EMB_P', 'EMB_P', 'EMB_P', 'EMB_P', 'EMB_P', 'EMB_P', 'EMB_P', 'EMB_P', 'EMB_P', 'EMB_P', 'EMB_P', 'EMB_P', 'EMB_P', 'EMB_P', 'EMB_P', 'EMB_P', 'EMB_P', 'EMB_P', 'EMB_P', 'EMB_P', 'EMB_P', 'EMB_P', 'EMB_P', 'EMB_P', 'EMB_P', 'EMB_P', 'EMB_P', 'EMB_P', 'EMB_P', 'EMB_P', 'EMB_P', 'EMB_P', 'EMB_P', 'EMB_P', 'EMB_P', 'EMB_P', 'EMB_P', 'EMB_P', 'EMB_P', 'EMB_P', 'EMB_P', 'EMB_P', 'EMB_P', 'EMB_P', 'EMB_P', 'EMB_P', 'EMB_P', 'EMB_P', 'EMB_P', 'EMB_P', 'EMB_P', 'EMB_P', 'EMB_P', 'EMB_P', 'EMB_P', 'EMB_P', 'EMB_P', 'EMB_P', 'EMB_P', 'EMB_P', 'EMB_P', 'EMB_P', 'EMB_P', 'EMB_P', 'EMB_P', 'EMB_P', 'EMB_P', 'EMB_P', 'EMB_P', 'EMB_P', 'EMB_P', 'EMB_P', 'EMB_P', 'EMB_P', 'EMB_P', 'EMB_P', 'EMB_P', 'EMB_P', 'EMB_P', 'EMB_P']","['EMB_O', 'EMB_O', 'EMB_O', 'EMB_O', 'EMB_O', 'EMB_O', 'EMB_O', 'EMB_O', 'EMB_O', 'EMB_O', 'EMB_O', 'EMB_O', 'EMB_O', 'EMB_O', 'EMB_O', 'EMB_O', 'EMB_O', 'EMB_O', 'EMB_O', 'EMB_O', 'EMB_O', 'EMB_P', 'EMB_P', 'EMB_P', 'EMB_P', 'EMB_P', 'EMB_P', 'EMB_P', 'EMB_P', 'EMB_P', 'EMB_P', 'EMB_P', 'EMB_P', 'EMB_P', 'EMB_P', 'EMB_P', 'EMB_P', 'EMB_P', 'EMB_P', 'EMB_P', 'EMB_P', 'EMB_P', 'EMB_P', 'EMB_P', 'EMB_P', 'EMB_P', 'EMB_P', 'EMB_P', 'EMB_P', 'EMB_P', 'EMB_P', 'EMB_P', 'EMB_P', 'EMB_P', 'EMB_P', 'EMB_P', 'EMB_P', 'EMB_P', 'EMB_P', 'EMB_P', 'EMB_P', 'EMB_P', 'EMB_P', 'EMB_P', 'EMB_P', 'EMB_P', 'EMB_P', 'EMB_P', 'EMB_P', 'EMB_P', 'EMB_P', 'EMB_P', 'EMB_P', 'EMB_P', 'EMB_P', 'EMB_P', 'EMB_P', 'EMB_P', 'EMB_P', 'EMB_P', 'EMB_P', 'EMB_P', 'EMB_P', 'EMB_P', 'EMB_P', 'EMB_P', 'EMB_P', 'EMB_P', 'EMB_P', 'EMB_P', 'EMB_P', 'EMB_P', 'EMB_P', 'EMB_P', 'EMB_P', 'EMB_P', 'EMB_P', 'EMB_P', 'EMB_P', 'EMB_P', 'EMB_P', 'EMB_P', 'EMB_P', 'EMB_P', 'EMB_P', 'EMB_P', 'EMB_P', 'EMB_P', 'EMB_P', 'EMB_P', 'EMB_P', 'EMB_P', 'EMB_P', 'EMB_P', 'EMB_P', 'EMB_P', 'EMB_P', 'EMB_P', 'EMB_P', 'EMB_P', 'EMB_P', 'EMB_P', 'EMB_P', 'EMB_P', 'EMB_P', 'EMB_P', 'EMB_P', 'EMB_P']"
117,number pad,NULL,laptop_quad_dev_105,"it has a full size keyboard , a number pad , a camera , and great big screen !",8.33,8.5,"['EMB_O', 'EMB_O', 'EMB_O', 'EMB_O', 'EMB_O', 'EMB_O', 'EMB_O', 'EMB_O', 'EMB_O', 'ASP_B', 'ASP_E', 'EMB_O', 'EMB_O', 'EMB_O', 'EMB_O', 'EMB_O', 'EMB_O', 'EMB_O', 'EMB_O', 'EMB_O', 'EMB_O', 'EMB_P', 'EMB_P', 'EMB_P', 'EMB_P', 'EMB_P', 'EMB_P', 'EMB_P', 'EMB_P', 'EMB_P', 'EMB_P', 'EMB_P', 'EMB_P', 'EMB_P', 'EMB_P', 'EMB_P', 'EMB_P', 'EMB_P', 'EMB_P', 'EMB_P', 'EMB_P', 'EMB_P', 'EMB_P', 'EMB_P', 'EMB_P', 'EMB_P', 'EMB_P', 'EMB_P', 'EMB_P', 'EMB_P', 'EMB_P', 'EMB_P', 'EMB_P', 'EMB_P', 'EMB_P', 'EMB_P', 'EMB_P', 'EMB_P', 'EMB_P', 'EMB_P', 'EMB_P', 'EMB_P', 'EMB_P', 'EMB_P', 'EMB_P', 'EMB_P', 'EMB_P', 'EMB_P', 'EMB_P', 'EMB_P', 'EMB_P', 'EMB_P', 'EMB_P', 'EMB_P', 'EMB_P', 'EMB_P', 'EMB_P', 'EMB_P', 'EMB_P', 'EMB_P', 'EMB_P', 'EMB_P', 'EMB_P', 'EMB_P', 'EMB_P', 'EMB_P', 'EMB_P', 'EMB_P', 'EMB_P', 'EMB_P', 'EMB_P', 'EMB_P', 'EMB_P', 'EMB_P', 'EMB_P', 'EMB_P', 'EMB_P', 'EMB_P', 'EMB_P', 'EMB_P', 'EMB_P', 'EMB_P', 'EMB_P', 'EMB_P', 'EMB_P', 'EMB_P', 'EMB_P', 'EMB_P', 'EMB_P', 'EMB_P', 'EMB_P', 'EMB_P', 'EMB_P', 'EMB_P', 'EMB_P', 'EMB_P', 'EMB_P', 'EMB_P', 'EMB_P', 'EMB_P', 'EMB_P', 'EMB_P', 'EMB_P', 'EMB_P', 'EMB_P', 'EMB_P', 'EMB_P', 'EMB_P']","['EMB_O', 'EMB_O', 'EMB_O', 'EMB_O', 'EMB_O', 'EMB_O', 'EMB_O', 'EMB_O', 'EMB_O', 'EMB_O', 'EMB_O', 'EMB_O', 'EMB_O', 'EMB_O', 'EMB_O', 'EMB_O', 'EMB_O', 'EMB_O', 'EMB_O', 'EMB_O', 'EMB_O', 'EMB_P', 'EMB_P', 'EMB_P', 'EMB_P', 'EMB_P', 'EMB_P', 'EMB_P', 'EMB_P', 'EMB_P', 'EMB_P', 'EMB_P', 'EMB_P', 'EMB_P', 'EMB_P', 'EMB_P', 'EMB_P', 'EMB_P', 'EMB_P', 'EMB_P', 'EMB_P', 'EMB_P', 'EMB_P', 'EMB_P', 'EMB_P', 'EMB_P', 'EMB_P', 'EMB_P', 'EMB_P', 'EMB_P', 'EMB_P', 'EMB_P', 'EMB_P', 'EMB_P', 'EMB_P', 'EMB_P', 'EMB_P', 'EMB_P', 'EMB_P', 'EMB_P', 'EMB_P', 'EMB_P', 'EMB_P', 'EMB_P', 'EMB_P', 'EMB_P', 'EMB_P', 'EMB_P', 'EMB_P', 'EMB_P', 'EMB_P', 'EMB_P', 'EMB_P', 'EMB_P', 'EMB_P', 'EMB_P', 'EMB_P', 'EMB_P', 'EMB_P', 'EMB_P', 'EMB_P', 'EMB_P', 'EMB_P', 'EMB_P', 'EMB_P', 'EMB_P', 'EMB_P', 'EMB_P', 'EMB_P', 'EMB_P', 'EMB_P', 'EMB_P', 'EMB_P', 'EMB_P', 'EMB_P', 'EMB_P', 'EMB_P', 'EMB_P', 'EMB_P', 'EMB_P', 'EMB_P', 'EMB_P', 'EMB_P', 'EMB_P', 'EMB_P', 'EMB_P', 'EMB_P', 'EMB_P', 'EMB_P', 'EMB_P', 'EMB_P', 'EMB_P', 'EMB_P', 'EMB_P', 'EMB_P', 'EMB_P', 'EMB_P', 'EMB_P', 'EMB_P', 'EMB_P', 'EMB_P', 'EMB_P', 'EMB_P', 'EMB_P', 'EMB_P', 'EMB_P', 'EMB_P', 'EMB_P']"
118,camera,NULL,laptop_quad_dev_105,"it has a full size keyboard , a number pad , a camera , and great big screen !",8.33,8.5,"['EMB_O', 'EMB_O', 'EMB_O', 'EMB_O', 'EMB_O', 'EMB_O', 'EMB_O', 'EMB_O', 'EMB_O', 'EMB_O', 'EMB_O', 'EMB_O', 'EMB_O', 'ASP_S', 'EMB_O', 'EMB_O', 'EMB_O', 'EMB_O', 'EMB_O', 'EMB_O', 'EMB_O', 'EMB_P', 'EMB_P', 'EMB_P', 'EMB_P', 'EMB_P', 'EMB_P', 'EMB_P', 'EMB_P', 'EMB_P', 'EMB_P', 'EMB_P', 'EMB_P', 'EMB_P', 'EMB_P', 'EMB_P', 'EMB_P', 'EMB_P', 'EMB_P', 'EMB_P', 'EMB_P', 'EMB_P', 'EMB_P', 'EMB_P', 'EMB_P', 'EMB_P', 'EMB_P', 'EMB_P', 'EMB_P', 'EMB_P', 'EMB_P', 'EMB_P', 'EMB_P', 'EMB_P', 'EMB_P', 'EMB_P', 'EMB_P', 'EMB_P', 'EMB_P', 'EMB_P', 'EMB_P', 'EMB_P', 'EMB_P', 'EMB_P', 'EMB_P', 'EMB_P', 'EMB_P', 'EMB_P', 'EMB_P', 'EMB_P', 'EMB_P', 'EMB_P', 'EMB_P', 'EMB_P', 'EMB_P', 'EMB_P', 'EMB_P', 'EMB_P', 'EMB_P', 'EMB_P', 'EMB_P', 'EMB_P', 'EMB_P', 'EMB_P', 'EMB_P', 'EMB_P', 'EMB_P', 'EMB_P', 'EMB_P', 'EMB_P', 'EMB_P', 'EMB_P', 'EMB_P', 'EMB_P', 'EMB_P', 'EMB_P', 'EMB_P', 'EMB_P', 'EMB_P', 'EMB_P', 'EMB_P', 'EMB_P', 'EMB_P', 'EMB_P', 'EMB_P', 'EMB_P', 'EMB_P', 'EMB_P', 'EMB_P', 'EMB_P', 'EMB_P', 'EMB_P', 'EMB_P', 'EMB_P', 'EMB_P', 'EMB_P', 'EMB_P', 'EMB_P', 'EMB_P', 'EMB_P', 'EMB_P', 'EMB_P', 'EMB_P', 'EMB_P', 'EMB_P', 'EMB_P', 'EMB_P', 'EMB_P']","['EMB_O', 'EMB_O', 'EMB_O', 'EMB_O', 'EMB_O', 'EMB_O', 'EMB_O', 'EMB_O', 'EMB_O', 'EMB_O', 'EMB_O', 'EMB_O', 'EMB_O', 'EMB_O', 'EMB_O', 'EMB_O', 'EMB_O', 'EMB_O', 'EMB_O', 'EMB_O', 'EMB_O', 'EMB_P', 'EMB_P', 'EMB_P', 'EMB_P', 'EMB_P', 'EMB_P', 'EMB_P', 'EMB_P', 'EMB_P', 'EMB_P', 'EMB_P', 'EMB_P', 'EMB_P', 'EMB_P', 'EMB_P', 'EMB_P', 'EMB_P', 'EMB_P', 'EMB_P', 'EMB_P', 'EMB_P', 'EMB_P', 'EMB_P', 'EMB_P', 'EMB_P', 'EMB_P', 'EMB_P', 'EMB_P', 'EMB_P', 'EMB_P', 'EMB_P', 'EMB_P', 'EMB_P', 'EMB_P', 'EMB_P', 'EMB_P', 'EMB_P', 'EMB_P', 'EMB_P', 'EMB_P', 'EMB_P', 'EMB_P', 'EMB_P', 'EMB_P', 'EMB_P', 'EMB_P', 'EMB_P', 'EMB_P', 'EMB_P', 'EMB_P', 'EMB_P', 'EMB_P', 'EMB_P', 'EMB_P', 'EMB_P', 'EMB_P', 'EMB_P', 'EMB_P', 'EMB_P', 'EMB_P', 'EMB_P', 'EMB_P', 'EMB_P', 'EMB_P', 'EMB_P', 'EMB_P', 'EMB_P', 'EMB_P', 'EMB_P', 'EMB_P', 'EMB_P', 'EMB_P', 'EMB_P', 'EMB_P', 'EMB_P', 'EMB_P', 'EMB_P', 'EMB_P', 'EMB_P', 'EMB_P', 'EMB_P', 'EMB_P', 'EMB_P', 'EMB_P', 'EMB_P', 'EMB_P', 'EMB_P', 'EMB_P', 'EMB_P', 'EMB_P', 'EMB_P', 'EMB_P', 'EMB_P', 'EMB_P', 'EMB_P', 'EMB_P', 'EMB_P', 'EMB_P', 'EMB_P', 'EMB_P', 'EMB_P', 'EMB_P', 'EMB_P', 'EMB_P', 'EMB_P', 'EMB_P', 'EMB_P']"
119,screen,great,laptop_quad_dev_105,"it has a full size keyboard , a number pad , a camera , and great big screen !",8.17,8.17,"['EMB_O', 'EMB_O', 'EMB_O', 'EMB_O', 'EMB_O', 'EMB_O', 'EMB_O', 'EMB_O', 'EMB_O', 'EMB_O', 'EMB_O', 'EMB_O', 'EMB_O', 'EMB_O', 'EMB_O', 'EMB_O', 'EMB_O', 'EMB_O', 'ASP_S', 'EMB_O', 'EMB_O', 'EMB_P', 'EMB_P', 'EMB_P', 'EMB_P', 'EMB_P', 'EMB_P', 'EMB_P', 'EMB_P', 'EMB_P', 'EMB_P', 'EMB_P', 'EMB_P', 'EMB_P', 'EMB_P', 'EMB_P', 'EMB_P', 'EMB_P', 'EMB_P', 'EMB_P', 'EMB_P', 'EMB_P', 'EMB_P', 'EMB_P', 'EMB_P', 'EMB_P', 'EMB_P', 'EMB_P', 'EMB_P', 'EMB_P', 'EMB_P', 'EMB_P', 'EMB_P', 'EMB_P', 'EMB_P', 'EMB_P', 'EMB_P', 'EMB_P', 'EMB_P', 'EMB_P', 'EMB_P', 'EMB_P', 'EMB_P', 'EMB_P', 'EMB_P', 'EMB_P', 'EMB_P', 'EMB_P', 'EMB_P', 'EMB_P', 'EMB_P', 'EMB_P', 'EMB_P', 'EMB_P', 'EMB_P', 'EMB_P', 'EMB_P', 'EMB_P', 'EMB_P', 'EMB_P', 'EMB_P', 'EMB_P', 'EMB_P', 'EMB_P', 'EMB_P', 'EMB_P', 'EMB_P', 'EMB_P', 'EMB_P', 'EMB_P', 'EMB_P', 'EMB_P', 'EMB_P', 'EMB_P', 'EMB_P', 'EMB_P', 'EMB_P', 'EMB_P', 'EMB_P', 'EMB_P', 'EMB_P', 'EMB_P', 'EMB_P', 'EMB_P', 'EMB_P', 'EMB_P', 'EMB_P', 'EMB_P', 'EMB_P', 'EMB_P', 'EMB_P', 'EMB_P', 'EMB_P', 'EMB_P', 'EMB_P', 'EMB_P', 'EMB_P', 'EMB_P', 'EMB_P', 'EMB_P', 'EMB_P', 'EMB_P', 'EMB_P', 'EMB_P', 'EMB_P', 'EMB_P', 'EMB_P', 'EMB_P']","['EMB_O', 'EMB_O', 'EMB_O', 'EMB_O', 'EMB_O', 'EMB_O', 'EMB_O', 'EMB_O', 'EMB_O', 'EMB_O', 'EMB_O', 'EMB_O', 'EMB_O', 'EMB_O', 'EMB_O', 'EMB_O', 'OPN_S', 'EMB_O', 'EMB_O', 'EMB_O', 'EMB_O', 'EMB_P', 'EMB_P', 'EMB_P', 'EMB_P', 'EMB_P', 'EMB_P', 'EMB_P', 'EMB_P', 'EMB_P', 'EMB_P', 'EMB_P', 'EMB_P', 'EMB_P', 'EMB_P', 'EMB_P', 'EMB_P', 'EMB_P', 'EMB_P', 'EMB_P', 'EMB_P', 'EMB_P', 'EMB_P', 'EMB_P', 'EMB_P', 'EMB_P', 'EMB_P', 'EMB_P', 'EMB_P', 'EMB_P', 'EMB_P', 'EMB_P', 'EMB_P', 'EMB_P', 'EMB_P', 'EMB_P', 'EMB_P', 'EMB_P', 'EMB_P', 'EMB_P', 'EMB_P', 'EMB_P', 'EMB_P', 'EMB_P', 'EMB_P', 'EMB_P', 'EMB_P', 'EMB_P', 'EMB_P', 'EMB_P', 'EMB_P', 'EMB_P', 'EMB_P', 'EMB_P', 'EMB_P', 'EMB_P', 'EMB_P', 'EMB_P', 'EMB_P', 'EMB_P', 'EMB_P', 'EMB_P', 'EMB_P', 'EMB_P', 'EMB_P', 'EMB_P', 'EMB_P', 'EMB_P', 'EMB_P', 'EMB_P', 'EMB_P', 'EMB_P', 'EMB_P', 'EMB_P', 'EMB_P', 'EMB_P', 'EMB_P', 'EMB_P', 'EMB_P', 'EMB_P', 'EMB_P', 'EMB_P', 'EMB_P', 'EMB_P', 'EMB_P', 'EMB_P', 'EMB_P', 'EMB_P', 'EMB_P', 'EMB_P', 'EMB_P', 'EMB_P', 'EMB_P', 'EMB_P', 'EMB_P', 'EMB_P', 'EMB_P', 'EMB_P', 'EMB_P', 'EMB_P', 'EMB_P', 'EMB_P', 'EMB_P', 'EMB_P', 'EMB_P', 'EMB_P', 'EMB_P', 'EMB_P']"
120,NULL,just perfect,laptop_quad_dev_106,this is just perfect .,8.25,8.12,"['EMB_O', 'EMB_O', 'EMB_O', 'EMB_O', 'EMB_O', 'EMB_O', 'EMB_O', 'EMB_P', 'EMB_P', 'EMB_P', 'EMB_P', 'EMB_P', 'EMB_P', 'EMB_P', 'EMB_P', 'EMB_P', 'EMB_P', 'EMB_P', 'EMB_P', 'EMB_P', 'EMB_P', 'EMB_P', 'EMB_P', 'EMB_P', 'EMB_P', 'EMB_P', 'EMB_P', 'EMB_P', 'EMB_P', 'EMB_P', 'EMB_P', 'EMB_P', 'EMB_P', 'EMB_P', 'EMB_P', 'EMB_P', 'EMB_P', 'EMB_P', 'EMB_P', 'EMB_P', 'EMB_P', 'EMB_P', 'EMB_P', 'EMB_P', 'EMB_P', 'EMB_P', 'EMB_P', 'EMB_P', 'EMB_P', 'EMB_P', 'EMB_P', 'EMB_P', 'EMB_P', 'EMB_P', 'EMB_P', 'EMB_P', 'EMB_P', 'EMB_P', 'EMB_P', 'EMB_P', 'EMB_P', 'EMB_P', 'EMB_P', 'EMB_P', 'EMB_P', 'EMB_P', 'EMB_P', 'EMB_P', 'EMB_P', 'EMB_P', 'EMB_P', 'EMB_P', 'EMB_P', 'EMB_P', 'EMB_P', 'EMB_P', 'EMB_P', 'EMB_P', 'EMB_P', 'EMB_P', 'EMB_P', 'EMB_P', 'EMB_P', 'EMB_P', 'EMB_P', 'EMB_P', 'EMB_P', 'EMB_P', 'EMB_P', 'EMB_P', 'EMB_P', 'EMB_P', 'EMB_P', 'EMB_P', 'EMB_P', 'EMB_P', 'EMB_P', 'EMB_P', 'EMB_P', 'EMB_P', 'EMB_P', 'EMB_P', 'EMB_P', 'EMB_P', 'EMB_P', 'EMB_P', 'EMB_P', 'EMB_P', 'EMB_P', 'EMB_P', 'EMB_P', 'EMB_P', 'EMB_P', 'EMB_P', 'EMB_P', 'EMB_P', 'EMB_P', 'EMB_P', 'EMB_P', 'EMB_P', 'EMB_P', 'EMB_P', 'EMB_P', 'EMB_P', 'EMB_P', 'EMB_P', 'EMB_P', 'EMB_P']","['EMB_O', 'EMB_O', 'EMB_O', 'OPN_B', 'OPN_E', 'EMB_O', 'EMB_O', 'EMB_P', 'EMB_P', 'EMB_P', 'EMB_P', 'EMB_P', 'EMB_P', 'EMB_P', 'EMB_P', 'EMB_P', 'EMB_P', 'EMB_P', 'EMB_P', 'EMB_P', 'EMB_P', 'EMB_P', 'EMB_P', 'EMB_P', 'EMB_P', 'EMB_P', 'EMB_P', 'EMB_P', 'EMB_P', 'EMB_P', 'EMB_P', 'EMB_P', 'EMB_P', 'EMB_P', 'EMB_P', 'EMB_P', 'EMB_P', 'EMB_P', 'EMB_P', 'EMB_P', 'EMB_P', 'EMB_P', 'EMB_P', 'EMB_P', 'EMB_P', 'EMB_P', 'EMB_P', 'EMB_P', 'EMB_P', 'EMB_P', 'EMB_P', 'EMB_P', 'EMB_P', 'EMB_P', 'EMB_P', 'EMB_P', 'EMB_P', 'EMB_P', 'EMB_P', 'EMB_P', 'EMB_P', 'EMB_P', 'EMB_P', 'EMB_P', 'EMB_P', 'EMB_P', 'EMB_P', 'EMB_P', 'EMB_P', 'EMB_P', 'EMB_P', 'EMB_P', 'EMB_P', 'EMB_P', 'EMB_P', 'EMB_P', 'EMB_P', 'EMB_P', 'EMB_P', 'EMB_P', 'EMB_P', 'EMB_P', 'EMB_P', 'EMB_P', 'EMB_P', 'EMB_P', 'EMB_P', 'EMB_P', 'EMB_P', 'EMB_P', 'EMB_P', 'EMB_P', 'EMB_P', 'EMB_P', 'EMB_P', 'EMB_P', 'EMB_P', 'EMB_P', 'EMB_P', 'EMB_P', 'EMB_P', 'EMB_P', 'EMB_P', 'EMB_P', 'EMB_P', 'EMB_P', 'EMB_P', 'EMB_P', 'EMB_P', 'EMB_P', 'EMB_P', 'EMB_P', 'EMB_P', 'EMB_P', 'EMB_P', 'EMB_P', 'EMB_P', 'EMB_P', 'EMB_P', 'EMB_P', 'EMB_P', 'EMB_P', 'EMB_P', 'EMB_P', 'EMB_P', 'EMB_P', 'EMB_P', 'EMB_P']"
121,laptop,very happy,laptop_quad_dev_107,very happy with this laptop although not a fan of windows 10 .,7.62,7.75,"['EMB_O', 'EMB_O', 'EMB_O', 'EMB_O', 'EMB_O', 'ASP_B', 'ASP_E', 'EMB_O', 'EMB_O', 'EMB_O', 'EMB_O', 'EMB_O', 'EMB_O', 'EMB_O', 'EMB_O', 'EMB_O', 'EMB_P', 'EMB_P', 'EMB_P', 'EMB_P', 'EMB_P', 'EMB_P', 'EMB_P', 'EMB_P', 'EMB_P', 'EMB_P', 'EMB_P', 'EMB_P', 'EMB_P', 'EMB_P', 'EMB_P', 'EMB_P', 'EMB_P', 'EMB_P', 'EMB_P', 'EMB_P', 'EMB_P', 'EMB_P', 'EMB_P', 'EMB_P', 'EMB_P', 'EMB_P', 'EMB_P', 'EMB_P', 'EMB_P', 'EMB_P', 'EMB_P', 'EMB_P', 'EMB_P', 'EMB_P', 'EMB_P', 'EMB_P', 'EMB_P', 'EMB_P', 'EMB_P', 'EMB_P', 'EMB_P', 'EMB_P', 'EMB_P', 'EMB_P', 'EMB_P', 'EMB_P', 'EMB_P', 'EMB_P', 'EMB_P', 'EMB_P', 'EMB_P', 'EMB_P', 'EMB_P', 'EMB_P', 'EMB_P', 'EMB_P', 'EMB_P', 'EMB_P', 'EMB_P', 'EMB_P', 'EMB_P', 'EMB_P', 'EMB_P', 'EMB_P', 'EMB_P', 'EMB_P', 'EMB_P', 'EMB_P', 'EMB_P', 'EMB_P', 'EMB_P', 'EMB_P', 'EMB_P', 'EMB_P', 'EMB_P', 'EMB_P', 'EMB_P', 'EMB_P', 'EMB_P', 'EMB_P', 'EMB_P', 'EMB_P', 'EMB_P', 'EMB_P', 'EMB_P', 'EMB_P', 'EMB_P', 'EMB_P', 'EMB_P', 'EMB_P', 'EMB_P', 'EMB_P', 'EMB_P', 'EMB_P', 'EMB_P', 'EMB_P', 'EMB_P', 'EMB_P', 'EMB_P', 'EMB_P', 'EMB_P', 'EMB_P', 'EMB_P', 'EMB_P', 'EMB_P', 'EMB_P', 'EMB_P', 'EMB_P', 'EMB_P', 'EMB_P', 'EMB_P', 'EMB_P']","['EMB_O', 'OPN_B', 'OPN_E', 'EMB_O', 'EMB_O', 'EMB_O', 'EMB_O', 'EMB_O', 'EMB_O', 'EMB_O', 'EMB_O', 'EMB_O', 'EMB_O', 'EMB_O', 'EMB_O', 'EMB_O', 'EMB_P', 'EMB_P', 'EMB_P', 'EMB_P', 'EMB_P', 'EMB_P', 'EMB_P', 'EMB_P', 'EMB_P', 'EMB_P', 'EMB_P', 'EMB_P', 'EMB_P', 'EMB_P', 'EMB_P', 'EMB_P', 'EMB_P', 'EMB_P', 'EMB_P', 'EMB_P', 'EMB_P', 'EMB_P', 'EMB_P', 'EMB_P', 'EMB_P', 'EMB_P', 'EMB_P', 'EMB_P', 'EMB_P', 'EMB_P', 'EMB_P', 'EMB_P', 'EMB_P', 'EMB_P', 'EMB_P', 'EMB_P', 'EMB_P', 'EMB_P', 'EMB_P', 'EMB_P', 'EMB_P', 'EMB_P', 'EMB_P', 'EMB_P', 'EMB_P', 'EMB_P', 'EMB_P', 'EMB_P', 'EMB_P', 'EMB_P', 'EMB_P', 'EMB_P', 'EMB_P', 'EMB_P', 'EMB_P', 'EMB_P', 'EMB_P', 'EMB_P', 'EMB_P', 'EMB_P', 'EMB_P', 'EMB_P', 'EMB_P', 'EMB_P', 'EMB_P', 'EMB_P', 'EMB_P', 'EMB_P', 'EMB_P', 'EMB_P', 'EMB_P', 'EMB_P', 'EMB_P', 'EMB_P', 'EMB_P', 'EMB_P', 'EMB_P', 'EMB_P', 'EMB_P', 'EMB_P', 'EMB_P', 'EMB_P', 'EMB_P', 'EMB_P', 'EMB_P', 'EMB_P', 'EMB_P', 'EMB_P', 'EMB_P', 'EMB_P', 'EMB_P', 'EMB_P', 'EMB_P', 'EMB_P', 'EMB_P', 'EMB_P', 'EMB_P', 'EMB_P', 'EMB_P', 'EMB_P', 'EMB_P', 'EMB_P', 'EMB_P', 'EMB_P', 'EMB_P', 'EMB_P', 'EMB_P', 'EMB_P', 'EMB_P', 'EMB_P', 'EMB_P', 'EMB_P']"
122,windows 10,NULL,laptop_quad_dev_107,very happy with this laptop although not a fan of windows 10 .,6.38,6.38,"['EMB_O', 'EMB_O', 'EMB_O', 'EMB_O', 'EMB_O', 'EMB_O', 'EMB_O', 'EMB_O', 'EMB_O', 'EMB_O', 'EMB_O', 'EMB_O', 'ASP_B', 'ASP_E', 'EMB_O', 'EMB_O', 'EMB_P', 'EMB_P', 'EMB_P', 'EMB_P', 'EMB_P', 'EMB_P', 'EMB_P', 'EMB_P', 'EMB_P', 'EMB_P', 'EMB_P', 'EMB_P', 'EMB_P', 'EMB_P', 'EMB_P', 'EMB_P', 'EMB_P', 'EMB_P', 'EMB_P', 'EMB_P', 'EMB_P', 'EMB_P', 'EMB_P', 'EMB_P', 'EMB_P', 'EMB_P', 'EMB_P', 'EMB_P', 'EMB_P', 'EMB_P', 'EMB_P', 'EMB_P', 'EMB_P', 'EMB_P', 'EMB_P', 'EMB_P', 'EMB_P', 'EMB_P', 'EMB_P', 'EMB_P', 'EMB_P', 'EMB_P', 'EMB_P', 'EMB_P', 'EMB_P', 'EMB_P', 'EMB_P', 'EMB_P', 'EMB_P', 'EMB_P', 'EMB_P', 'EMB_P', 'EMB_P', 'EMB_P', 'EMB_P', 'EMB_P', 'EMB_P', 'EMB_P', 'EMB_P', 'EMB_P', 'EMB_P', 'EMB_P', 'EMB_P', 'EMB_P', 'EMB_P', 'EMB_P', 'EMB_P', 'EMB_P', 'EMB_P', 'EMB_P', 'EMB_P', 'EMB_P', 'EMB_P', 'EMB_P', 'EMB_P', 'EMB_P', 'EMB_P', 'EMB_P', 'EMB_P', 'EMB_P', 'EMB_P', 'EMB_P', 'EMB_P', 'EMB_P', 'EMB_P', 'EMB_P', 'EMB_P', 'EMB_P', 'EMB_P', 'EMB_P', 'EMB_P', 'EMB_P', 'EMB_P', 'EMB_P', 'EMB_P', 'EMB_P', 'EMB_P', 'EMB_P', 'EMB_P', 'EMB_P', 'EMB_P', 'EMB_P', 'EMB_P', 'EMB_P', 'EMB_P', 'EMB_P', 'EMB_P', 'EMB_P', 'EMB_P', 'EMB_P', 'EMB_P', 'EMB_P']","['EMB_O', 'EMB_O', 'EMB_O', 'EMB_O', 'EMB_O', 'EMB_O', 'EMB_O', 'EMB_O', 'EMB_O', 'EMB_O', 'EMB_O', 'EMB_O', 'EMB_O', 'EMB_O', 'EMB_O', 'EMB_O', 'EMB_P', 'EMB_P', 'EMB_P', 'EMB_P', 'EMB_P', 'EMB_P', 'EMB_P', 'EMB_P', 'EMB_P', 'EMB_P', 'EMB_P', 'EMB_P', 'EMB_P', 'EMB_P', 'EMB_P', 'EMB_P', 'EMB_P', 'EMB_P', 'EMB_P', 'EMB_P', 'EMB_P', 'EMB_P', 'EMB_P', 'EMB_P', 'EMB_P', 'EMB_P', 'EMB_P', 'EMB_P', 'EMB_P', 'EMB_P', 'EMB_P', 'EMB_P', 'EMB_P', 'EMB_P', 'EMB_P', 'EMB_P', 'EMB_P', 'EMB_P', 'EMB_P', 'EMB_P', 'EMB_P', 'EMB_P', 'EMB_P', 'EMB_P', 'EMB_P', 'EMB_P', 'EMB_P', 'EMB_P', 'EMB_P', 'EMB_P', 'EMB_P', 'EMB_P', 'EMB_P', 'EMB_P', 'EMB_P', 'EMB_P', 'EMB_P', 'EMB_P', 'EMB_P', 'EMB_P', 'EMB_P', 'EMB_P', 'EMB_P', 'EMB_P', 'EMB_P', 'EMB_P', 'EMB_P', 'EMB_P', 'EMB_P', 'EMB_P', 'EMB_P', 'EMB_P', 'EMB_P', 'EMB_P', 'EMB_P', 'EMB_P', 'EMB_P', 'EMB_P', 'EMB_P', 'EMB_P', 'EMB_P', 'EMB_P', 'EMB_P', 'EMB_P', 'EMB_P', 'EMB_P', 'EMB_P', 'EMB_P', 'EMB_P', 'EMB_P', 'EMB_P', 'EMB_P', 'EMB_P', 'EMB_P', 'EMB_P', 'EMB_P', 'EMB_P', 'EMB_P', 'EMB_P', 'EMB_P', 'EMB_P', 'EMB_P', 'EMB_P', 'EMB_P', 'EMB_P', 'EMB_P', 'EMB_P', 'EMB_P', 'EMB_P', 'EMB_P', 'EMB_P', 'EMB_P']"
123,navigates,well,laptop_quad_dev_108,navigates well .,7.0,7.0,"['EMB_O', 'ASP_B', 'ASP_E', 'EMB_O', 'EMB_O', 'EMB_O', 'EMB_P', 'EMB_P', 'EMB_P', 'EMB_P', 'EMB_P', 'EMB_P', 'EMB_P', 'EMB_P', 'EMB_P', 'EMB_P', 'EMB_P', 'EMB_P', 'EMB_P', 'EMB_P', 'EMB_P', 'EMB_P', 'EMB_P', 'EMB_P', 'EMB_P', 'EMB_P', 'EMB_P', 'EMB_P', 'EMB_P', 'EMB_P', 'EMB_P', 'EMB_P', 'EMB_P', 'EMB_P', 'EMB_P', 'EMB_P', 'EMB_P', 'EMB_P', 'EMB_P', 'EMB_P', 'EMB_P', 'EMB_P', 'EMB_P', 'EMB_P', 'EMB_P', 'EMB_P', 'EMB_P', 'EMB_P', 'EMB_P', 'EMB_P', 'EMB_P', 'EMB_P', 'EMB_P', 'EMB_P', 'EMB_P', 'EMB_P', 'EMB_P', 'EMB_P', 'EMB_P', 'EMB_P', 'EMB_P', 'EMB_P', 'EMB_P', 'EMB_P', 'EMB_P', 'EMB_P', 'EMB_P', 'EMB_P', 'EMB_P', 'EMB_P', 'EMB_P', 'EMB_P', 'EMB_P', 'EMB_P', 'EMB_P', 'EMB_P', 'EMB_P', 'EMB_P', 'EMB_P', 'EMB_P', 'EMB_P', 'EMB_P', 'EMB_P', 'EMB_P', 'EMB_P', 'EMB_P', 'EMB_P', 'EMB_P', 'EMB_P', 'EMB_P', 'EMB_P', 'EMB_P', 'EMB_P', 'EMB_P', 'EMB_P', 'EMB_P', 'EMB_P', 'EMB_P', 'EMB_P', 'EMB_P', 'EMB_P', 'EMB_P', 'EMB_P', 'EMB_P', 'EMB_P', 'EMB_P', 'EMB_P', 'EMB_P', 'EMB_P', 'EMB_P', 'EMB_P', 'EMB_P', 'EMB_P', 'EMB_P', 'EMB_P', 'EMB_P', 'EMB_P', 'EMB_P', 'EMB_P', 'EMB_P', 'EMB_P', 'EMB_P', 'EMB_P', 'EMB_P', 'EMB_P', 'EMB_P', 'EMB_P', 'EMB_P']","['EMB_O', 'EMB_O', 'EMB_O', 'OPN_S', 'EMB_O', 'EMB_O', 'EMB_P', 'EMB_P', 'EMB_P', 'EMB_P', 'EMB_P', 'EMB_P', 'EMB_P', 'EMB_P', 'EMB_P', 'EMB_P', 'EMB_P', 'EMB_P', 'EMB_P', 'EMB_P', 'EMB_P', 'EMB_P', 'EMB_P', 'EMB_P', 'EMB_P', 'EMB_P', 'EMB_P', 'EMB_P', 'EMB_P', 'EMB_P', 'EMB_P', 'EMB_P', 'EMB_P', 'EMB_P', 'EMB_P', 'EMB_P', 'EMB_P', 'EMB_P', 'EMB_P', 'EMB_P', 'EMB_P', 'EMB_P', 'EMB_P', 'EMB_P', 'EMB_P', 'EMB_P', 'EMB_P', 'EMB_P', 'EMB_P', 'EMB_P', 'EMB_P', 'EMB_P', 'EMB_P', 'EMB_P', 'EMB_P', 'EMB_P', 'EMB_P', 'EMB_P', 'EMB_P', 'EMB_P', 'EMB_P', 'EMB_P', 'EMB_P', 'EMB_P', 'EMB_P', 'EMB_P', 'EMB_P', 'EMB_P', 'EMB_P', 'EMB_P', 'EMB_P', 'EMB_P', 'EMB_P', 'EMB_P', 'EMB_P', 'EMB_P', 'EMB_P', 'EMB_P', 'EMB_P', 'EMB_P', 'EMB_P', 'EMB_P', 'EMB_P', 'EMB_P', 'EMB_P', 'EMB_P', 'EMB_P', 'EMB_P', 'EMB_P', 'EMB_P', 'EMB_P', 'EMB_P', 'EMB_P', 'EMB_P', 'EMB_P', 'EMB_P', 'EMB_P', 'EMB_P', 'EMB_P', 'EMB_P', 'EMB_P', 'EMB_P', 'EMB_P', 'EMB_P', 'EMB_P', 'EMB_P', 'EMB_P', 'EMB_P', 'EMB_P', 'EMB_P', 'EMB_P', 'EMB_P', 'EMB_P', 'EMB_P', 'EMB_P', 'EMB_P', 'EMB_P', 'EMB_P', 'EMB_P', 'EMB_P', 'EMB_P', 'EMB_P', 'EMB_P', 'EMB_P', 'EMB_P', 'EMB_P', 'EMB_P', 'EMB_P']"
124,NULL,NULL,laptop_quad_dev_109,"using it for doing programming , app development , and electronics projects .",5.62,5.38,"['EMB_O', 'EMB_O', 'EMB_O', 'EMB_O', 'EMB_O', 'EMB_O', 'EMB_O', 'EMB_O', 'EMB_O', 'EMB_O', 'EMB_O', 'EMB_O', 'EMB_O', 'EMB_O', 'EMB_O', 'EMB_P', 'EMB_P', 'EMB_P', 'EMB_P', 'EMB_P', 'EMB_P', 'EMB_P', 'EMB_P', 'EMB_P', 'EMB_P', 'EMB_P', 'EMB_P', 'EMB_P', 'EMB_P', 'EMB_P', 'EMB_P', 'EMB_P', 'EMB_P', 'EMB_P', 'EMB_P', 'EMB_P', 'EMB_P', 'EMB_P', 'EMB_P', 'EMB_P', 'EMB_P', 'EMB_P', 'EMB_P', 'EMB_P', 'EMB_P', 'EMB_P', 'EMB_P', 'EMB_P', 'EMB_P', 'EMB_P', 'EMB_P', 'EMB_P', 'EMB_P', 'EMB_P', 'EMB_P', 'EMB_P', 'EMB_P', 'EMB_P', 'EMB_P', 'EMB_P', 'EMB_P', 'EMB_P', 'EMB_P', 'EMB_P', 'EMB_P', 'EMB_P', 'EMB_P', 'EMB_P', 'EMB_P', 'EMB_P', 'EMB_P', 'EMB_P', 'EMB_P', 'EMB_P', 'EMB_P', 'EMB_P', 'EMB_P', 'EMB_P', 'EMB_P', 'EMB_P', 'EMB_P', 'EMB_P', 'EMB_P', 'EMB_P', 'EMB_P', 'EMB_P', 'EMB_P', 'EMB_P', 'EMB_P', 'EMB_P', 'EMB_P', 'EMB_P', 'EMB_P', 'EMB_P', 'EMB_P', 'EMB_P', 'EMB_P', 'EMB_P', 'EMB_P', 'EMB_P', 'EMB_P', 'EMB_P', 'EMB_P', 'EMB_P', 'EMB_P', 'EMB_P', 'EMB_P', 'EMB_P', 'EMB_P', 'EMB_P', 'EMB_P', 'EMB_P', 'EMB_P', 'EMB_P', 'EMB_P', 'EMB_P', 'EMB_P', 'EMB_P', 'EMB_P', 'EMB_P', 'EMB_P', 'EMB_P', 'EMB_P', 'EMB_P', 'EMB_P', 'EMB_P', 'EMB_P', 'EMB_P']","['EMB_O', 'EMB_O', 'EMB_O', 'EMB_O', 'EMB_O', 'EMB_O', 'EMB_O', 'EMB_O', 'EMB_O', 'EMB_O', 'EMB_O', 'EMB_O', 'EMB_O', 'EMB_O', 'EMB_O', 'EMB_P', 'EMB_P', 'EMB_P', 'EMB_P', 'EMB_P', 'EMB_P', 'EMB_P', 'EMB_P', 'EMB_P', 'EMB_P', 'EMB_P', 'EMB_P', 'EMB_P', 'EMB_P', 'EMB_P', 'EMB_P', 'EMB_P', 'EMB_P', 'EMB_P', 'EMB_P', 'EMB_P', 'EMB_P', 'EMB_P', 'EMB_P', 'EMB_P', 'EMB_P', 'EMB_P', 'EMB_P', 'EMB_P', 'EMB_P', 'EMB_P', 'EMB_P', 'EMB_P', 'EMB_P', 'EMB_P', 'EMB_P', 'EMB_P', 'EMB_P', 'EMB_P', 'EMB_P', 'EMB_P', 'EMB_P', 'EMB_P', 'EMB_P', 'EMB_P', 'EMB_P', 'EMB_P', 'EMB_P', 'EMB_P', 'EMB_P', 'EMB_P', 'EMB_P', 'EMB_P', 'EMB_P', 'EMB_P', 'EMB_P', 'EMB_P', 'EMB_P', 'EMB_P', 'EMB_P', 'EMB_P', 'EMB_P', 'EMB_P', 'EMB_P', 'EMB_P', 'EMB_P', 'EMB_P', 'EMB_P', 'EMB_P', 'EMB_P', 'EMB_P', 'EMB_P', 'EMB_P', 'EMB_P', 'EMB_P', 'EMB_P', 'EMB_P', 'EMB_P', 'EMB_P', 'EMB_P', 'EMB_P', 'EMB_P', 'EMB_P', 'EMB_P', 'EMB_P', 'EMB_P', 'EMB_P', 'EMB_P', 'EMB_P', 'EMB_P', 'EMB_P', 'EMB_P', 'EMB_P', 'EMB_P', 'EMB_P', 'EMB_P', 'EMB_P', 'EMB_P', 'EMB_P', 'EMB_P', 'EMB_P', 'EMB_P', 'EMB_P', 'EMB_P', 'EMB_P', 'EMB_P', 'EMB_P', 'EMB_P', 'EMB_P', 'EMB_P', 'EMB_P', 'EMB_P', 'EMB_P']"
125,NULL,enjoying,laptop_quad_dev_110,so far i ' m enjoying it .,6.88,6.75,"['EMB_O', 'EMB_O', 'EMB_O', 'EMB_O', 'EMB_O', 'EMB_O', 'EMB_O', 'EMB_O', 'EMB_O', 'EMB_O', 'EMB_O', 'EMB_P', 'EMB_P', 'EMB_P', 'EMB_P', 'EMB_P', 'EMB_P', 'EMB_P', 'EMB_P', 'EMB_P', 'EMB_P', 'EMB_P', 'EMB_P', 'EMB_P', 'EMB_P', 'EMB_P', 'EMB_P', 'EMB_P', 'EMB_P', 'EMB_P', 'EMB_P', 'EMB_P', 'EMB_P', 'EMB_P', 'EMB_P', 'EMB_P', 'EMB_P', 'EMB_P', 'EMB_P', 'EMB_P', 'EMB_P', 'EMB_P', 'EMB_P', 'EMB_P', 'EMB_P', 'EMB_P', 'EMB_P', 'EMB_P', 'EMB_P', 'EMB_P', 'EMB_P', 'EMB_P', 'EMB_P', 'EMB_P', 'EMB_P', 'EMB_P', 'EMB_P', 'EMB_P', 'EMB_P', 'EMB_P', 'EMB_P', 'EMB_P', 'EMB_P', 'EMB_P', 'EMB_P', 'EMB_P', 'EMB_P', 'EMB_P', 'EMB_P', 'EMB_P', 'EMB_P', 'EMB_P', 'EMB_P', 'EMB_P', 'EMB_P', 'EMB_P', 'EMB_P', 'EMB_P', 'EMB_P', 'EMB_P', 'EMB_P', 'EMB_P', 'EMB_P', 'EMB_P', 'EMB_P', 'EMB_P', 'EMB_P', 'EMB_P', 'EMB_P', 'EMB_P', 'EMB_P', 'EMB_P', 'EMB_P', 'EMB_P', 'EMB_P', 'EMB_P', 'EMB_P', 'EMB_P', 'EMB_P', 'EMB_P', 'EMB_P', 'EMB_P', 'EMB_P', 'EMB_P', 'EMB_P', 'EMB_P', 'EMB_P', 'EMB_P', 'EMB_P', 'EMB_P', 'EMB_P', 'EMB_P', 'EMB_P', 'EMB_P', 'EMB_P', 'EMB_P', 'EMB_P', 'EMB_P', 'EMB_P', 'EMB_P', 'EMB_P', 'EMB_P', 'EMB_P', 'EMB_P', 'EMB_P', 'EMB_P', 'EMB_P', 'EMB_P']","['EMB_O', 'EMB_O', 'EMB_O', 'EMB_O', 'EMB_O', 'EMB_O', 'OPN_B', 'OPN_E', 'EMB_O', 'EMB_O', 'EMB_O', 'EMB_P', 'EMB_P', 'EMB_P', 'EMB_P', 'EMB_P', 'EMB_P', 'EMB_P', 'EMB_P', 'EMB_P', 'EMB_P', 'EMB_P', 'EMB_P', 'EMB_P', 'EMB_P', 'EMB_P', 'EMB_P', 'EMB_P', 'EMB_P', 'EMB_P', 'EMB_P', 'EMB_P', 'EMB_P', 'EMB_P', 'EMB_P', 'EMB_P', 'EMB_P', 'EMB_P', 'EMB_P', 'EMB_P', 'EMB_P', 'EMB_P', 'EMB_P', 'EMB_P', 'EMB_P', 'EMB_P', 'EMB_P', 'EMB_P', 'EMB_P', 'EMB_P', 'EMB_P', 'EMB_P', 'EMB_P', 'EMB_P', 'EMB_P', 'EMB_P', 'EMB_P', 'EMB_P', 'EMB_P', 'EMB_P', 'EMB_P', 'EMB_P', 'EMB_P', 'EMB_P', 'EMB_P', 'EMB_P', 'EMB_P', 'EMB_P', 'EMB_P', 'EMB_P', 'EMB_P', 'EMB_P', 'EMB_P', 'EMB_P', 'EMB_P', 'EMB_P', 'EMB_P', 'EMB_P', 'EMB_P', 'EMB_P', 'EMB_P', 'EMB_P', 'EMB_P', 'EMB_P', 'EMB_P', 'EMB_P', 'EMB_P', 'EMB_P', 'EMB_P', 'EMB_P', 'EMB_P', 'EMB_P', 'EMB_P', 'EMB_P', 'EMB_P', 'EMB_P', 'EMB_P', 'EMB_P', 'EMB_P', 'EMB_P', 'EMB_P', 'EMB_P', 'EMB_P', 'EMB_P', 'EMB_P', 'EMB_P', 'EMB_P', 'EMB_P', 'EMB_P', 'EMB_P', 'EMB_P', 'EMB_P', 'EMB_P', 'EMB_P', 'EMB_P', 'EMB_P', 'EMB_P', 'EMB_P', 'EMB_P', 'EMB_P', 'EMB_P', 'EMB_P', 'EMB_P', 'EMB_P', 'EMB_P', 'EMB_P', 'EMB_P', 'EMB_P']"
126,NULL,very good,laptop_quad_dev_111,it is very good for the price .,7.5,7.0,"['EMB_O', 'EMB_O', 'EMB_O', 'EMB_O', 'EMB_O', 'EMB_O', 'EMB_O', 'EMB_O', 'EMB_O', 'EMB_O', 'EMB_P', 'EMB_P', 'EMB_P', 'EMB_P', 'EMB_P', 'EMB_P', 'EMB_P', 'EMB_P', 'EMB_P', 'EMB_P', 'EMB_P', 'EMB_P', 'EMB_P', 'EMB_P', 'EMB_P', 'EMB_P', 'EMB_P', 'EMB_P', 'EMB_P', 'EMB_P', 'EMB_P', 'EMB_P', 'EMB_P', 'EMB_P', 'EMB_P', 'EMB_P', 'EMB_P', 'EMB_P', 'EMB_P', 'EMB_P', 'EMB_P', 'EMB_P', 'EMB_P', 'EMB_P', 'EMB_P', 'EMB_P', 'EMB_P', 'EMB_P', 'EMB_P', 'EMB_P', 'EMB_P', 'EMB_P', 'EMB_P', 'EMB_P', 'EMB_P', 'EMB_P', 'EMB_P', 'EMB_P', 'EMB_P', 'EMB_P', 'EMB_P', 'EMB_P', 'EMB_P', 'EMB_P', 'EMB_P', 'EMB_P', 'EMB_P', 'EMB_P', 'EMB_P', 'EMB_P', 'EMB_P', 'EMB_P', 'EMB_P', 'EMB_P', 'EMB_P', 'EMB_P', 'EMB_P', 'EMB_P', 'EMB_P', 'EMB_P', 'EMB_P', 'EMB_P', 'EMB_P', 'EMB_P', 'EMB_P', 'EMB_P', 'EMB_P', 'EMB_P', 'EMB_P', 'EMB_P', 'EMB_P', 'EMB_P', 'EMB_P', 'EMB_P', 'EMB_P', 'EMB_P', 'EMB_P', 'EMB_P', 'EMB_P', 'EMB_P', 'EMB_P', 'EMB_P', 'EMB_P', 'EMB_P', 'EMB_P', 'EMB_P', 'EMB_P', 'EMB_P', 'EMB_P', 'EMB_P', 'EMB_P', 'EMB_P', 'EMB_P', 'EMB_P', 'EMB_P', 'EMB_P', 'EMB_P', 'EMB_P', 'EMB_P', 'EMB_P', 'EMB_P', 'EMB_P', 'EMB_P', 'EMB_P', 'EMB_P', 'EMB_P', 'EMB_P', 'EMB_P']","['EMB_O', 'EMB_O', 'EMB_O', 'OPN_B', 'OPN_E', 'EMB_O', 'EMB_O', 'EMB_O', 'EMB_O', 'EMB_O', 'EMB_P', 'EMB_P', 'EMB_P', 'EMB_P', 'EMB_P', 'EMB_P', 'EMB_P', 'EMB_P', 'EMB_P', 'EMB_P', 'EMB_P', 'EMB_P', 'EMB_P', 'EMB_P', 'EMB_P', 'EMB_P', 'EMB_P', 'EMB_P', 'EMB_P', 'EMB_P', 'EMB_P', 'EMB_P', 'EMB_P', 'EMB_P', 'EMB_P', 'EMB_P', 'EMB_P', 'EMB_P', 'EMB_P', 'EMB_P', 'EMB_P', 'EMB_P', 'EMB_P', 'EMB_P', 'EMB_P', 'EMB_P', 'EMB_P', 'EMB_P', 'EMB_P', 'EMB_P', 'EMB_P', 'EMB_P', 'EMB_P', 'EMB_P', 'EMB_P', 'EMB_P', 'EMB_P', 'EMB_P', 'EMB_P', 'EMB_P', 'EMB_P', 'EMB_P', 'EMB_P', 'EMB_P', 'EMB_P', 'EMB_P', 'EMB_P', 'EMB_P', 'EMB_P', 'EMB_P', 'EMB_P', 'EMB_P', 'EMB_P', 'EMB_P', 'EMB_P', 'EMB_P', 'EMB_P', 'EMB_P', 'EMB_P', 'EMB_P', 'EMB_P', 'EMB_P', 'EMB_P', 'EMB_P', 'EMB_P', 'EMB_P', 'EMB_P', 'EMB_P', 'EMB_P', 'EMB_P', 'EMB_P', 'EMB_P', 'EMB_P', 'EMB_P', 'EMB_P', 'EMB_P', 'EMB_P', 'EMB_P', 'EMB_P', 'EMB_P', 'EMB_P', 'EMB_P', 'EMB_P', 'EMB_P', 'EMB_P', 'EMB_P', 'EMB_P', 'EMB_P', 'EMB_P', 'EMB_P', 'EMB_P', 'EMB_P', 'EMB_P', 'EMB_P', 'EMB_P', 'EMB_P', 'EMB_P', 'EMB_P', 'EMB_P', 'EMB_P', 'EMB_P', 'EMB_P', 'EMB_P', 'EMB_P', 'EMB_P', 'EMB_P', 'EMB_P', 'EMB_P']"
127,display ' s life,NULL,laptop_quad_dev_112,"but , until that time , this review stands as : do not buy if your care about the display ' s life .",4.5,4.5,"['EMB_O', 'EMB_O', 'EMB_O', 'EMB_O', 'EMB_O', 'EMB_O', 'EMB_O', 'EMB_O', 'EMB_O', 'EMB_O', 'EMB_O', 'EMB_O', 'EMB_O', 'EMB_O', 'EMB_O', 'EMB_O', 'EMB_O', 'EMB_O', 'EMB_O', 'EMB_O', 'ASP_B', 'ASP_I', 'ASP_I', 'ASP_E', 'EMB_O', 'EMB_O', 'EMB_P', 'EMB_P', 'EMB_P', 'EMB_P', 'EMB_P', 'EMB_P', 'EMB_P', 'EMB_P', 'EMB_P', 'EMB_P', 'EMB_P', 'EMB_P', 'EMB_P', 'EMB_P', 'EMB_P', 'EMB_P', 'EMB_P', 'EMB_P', 'EMB_P', 'EMB_P', 'EMB_P', 'EMB_P', 'EMB_P', 'EMB_P', 'EMB_P', 'EMB_P', 'EMB_P', 'EMB_P', 'EMB_P', 'EMB_P', 'EMB_P', 'EMB_P', 'EMB_P', 'EMB_P', 'EMB_P', 'EMB_P', 'EMB_P', 'EMB_P', 'EMB_P', 'EMB_P', 'EMB_P', 'EMB_P', 'EMB_P', 'EMB_P', 'EMB_P', 'EMB_P', 'EMB_P', 'EMB_P', 'EMB_P', 'EMB_P', 'EMB_P', 'EMB_P', 'EMB_P', 'EMB_P', 'EMB_P', 'EMB_P', 'EMB_P', 'EMB_P', 'EMB_P', 'EMB_P', 'EMB_P', 'EMB_P', 'EMB_P', 'EMB_P', 'EMB_P', 'EMB_P', 'EMB_P', 'EMB_P', 'EMB_P', 'EMB_P', 'EMB_P', 'EMB_P', 'EMB_P', 'EMB_P', 'EMB_P', 'EMB_P', 'EMB_P', 'EMB_P', 'EMB_P', 'EMB_P', 'EMB_P', 'EMB_P', 'EMB_P', 'EMB_P', 'EMB_P', 'EMB_P', 'EMB_P', 'EMB_P', 'EMB_P', 'EMB_P', 'EMB_P', 'EMB_P', 'EMB_P', 'EMB_P', 'EMB_P', 'EMB_P', 'EMB_P', 'EMB_P', 'EMB_P', 'EMB_P', 'EMB_P', 'EMB_P']","['EMB_O', 'EMB_O', 'EMB_O', 'EMB_O', 'EMB_O', 'EMB_O', 'EMB_O', 'EMB_O', 'EMB_O', 'EMB_O', 'EMB_O', 'EMB_O', 'EMB_O', 'EMB_O', 'EMB_O', 'EMB_O', 'EMB_O', 'EMB_O', 'EMB_O', 'EMB_O', 'EMB_O', 'EMB_O', 'EMB_O', 'EMB_O', 'EMB_O', 'EMB_O', 'EMB_P', 'EMB_P', 'EMB_P', 'EMB_P', 'EMB_P', 'EMB_P', 'EMB_P', 'EMB_P', 'EMB_P', 'EMB_P', 'EMB_P', 'EMB_P', 'EMB_P', 'EMB_P', 'EMB_P', 'EMB_P', 'EMB_P', 'EMB_P', 'EMB_P', 'EMB_P', 'EMB_P', 'EMB_P', 'EMB_P', 'EMB_P', 'EMB_P', 'EMB_P', 'EMB_P', 'EMB_P', 'EMB_P', 'EMB_P', 'EMB_P', 'EMB_P', 'EMB_P', 'EMB_P', 'EMB_P', 'EMB_P', 'EMB_P', 'EMB_P', 'EMB_P', 'EMB_P', 'EMB_P', 'EMB_P', 'EMB_P', 'EMB_P', 'EMB_P', 'EMB_P', 'EMB_P', 'EMB_P', 'EMB_P', 'EMB_P', 'EMB_P', 'EMB_P', 'EMB_P', 'EMB_P', 'EMB_P', 'EMB_P', 'EMB_P', 'EMB_P', 'EMB_P', 'EMB_P', 'EMB_P', 'EMB_P', 'EMB_P', 'EMB_P', 'EMB_P', 'EMB_P', 'EMB_P', 'EMB_P', 'EMB_P', 'EMB_P', 'EMB_P', 'EMB_P', 'EMB_P', 'EMB_P', 'EMB_P', 'EMB_P', 'EMB_P', 'EMB_P', 'EMB_P', 'EMB_P', 'EMB_P', 'EMB_P', 'EMB_P', 'EMB_P', 'EMB_P', 'EMB_P', 'EMB_P', 'EMB_P', 'EMB_P', 'EMB_P', 'EMB_P', 'EMB_P', 'EMB_P', 'EMB_P', 'EMB_P', 'EMB_P', 'EMB_P', 'EMB_P', 'EMB_P', 'EMB_P', 'EMB_P', 'EMB_P']"
128,android,fun,laptop_quad_dev_113,"so android is fun for tablet features , but its like embedding an android inside , without letting android apps out to utilize the full abilities of the chromium system .",6.83,6.83,"['EMB_O', 'EMB_O', 'ASP_B', 'ASP_E', 'EMB_O', 'EMB_O', 'EMB_O', 'EMB_O', 'EMB_O', 'EMB_O', 'EMB_O', 'EMB_O', 'EMB_O', 'EMB_O', 'EMB_O', 'EMB_O', 'EMB_O', 'EMB_O', 'EMB_O', 'EMB_O', 'EMB_O', 'EMB_O', 'EMB_O', 'EMB_O', 'EMB_O', 'EMB_O', 'EMB_O', 'EMB_O', 'EMB_O', 'EMB_O', 'EMB_O', 'EMB_O', 'EMB_O', 'EMB_O', 'EMB_O', 'EMB_O', 'EMB_O', 'EMB_O', 'EMB_O', 'EMB_O', 'EMB_O', 'EMB_O', 'EMB_O', 'EMB_O', 'EMB_O', 'EMB_P', 'EMB_P', 'EMB_P', 'EMB_P', 'EMB_P', 'EMB_P', 'EMB_P', 'EMB_P', 'EMB_P', 'EMB_P', 'EMB_P', 'EMB_P', 'EMB_P', 'EMB_P', 'EMB_P', 'EMB_P', 'EMB_P', 'EMB_P', 'EMB_P', 'EMB_P', 'EMB_P', 'EMB_P', 'EMB_P', 'EMB_P', 'EMB_P', 'EMB_P', 'EMB_P', 'EMB_P', 'EMB_P', 'EMB_P', 'EMB_P', 'EMB_P', 'EMB_P', 'EMB_P', 'EMB_P', 'EMB_P', 'EMB_P', 'EMB_P', 'EMB_P', 'EMB_P', 'EMB_P', 'EMB_P', 'EMB_P', 'EMB_P', 'EMB_P', 'EMB_P', 'EMB_P', 'EMB_P', 'EMB_P', 'EMB_P', 'EMB_P', 'EMB_P', 'EMB_P', 'EMB_P', 'EMB_P', 'EMB_P', 'EMB_P', 'EMB_P', 'EMB_P', 'EMB_P', 'EMB_P', 'EMB_P', 'EMB_P', 'EMB_P', 'EMB_P', 'EMB_P', 'EMB_P', 'EMB_P', 'EMB_P', 'EMB_P', 'EMB_P', 'EMB_P', 'EMB_P', 'EMB_P', 'EMB_P', 'EMB_P', 'EMB_P', 'EMB_P', 'EMB_P', 'EMB_P', 'EMB_P', 'EMB_P', 'EMB_P']","['EMB_O', 'EMB_O', 'EMB_O', 'EMB_O', 'EMB_O', 'OPN_S', 'EMB_O', 'EMB_O', 'EMB_O', 'EMB_O', 'EMB_O', 'EMB_O', 'EMB_O', 'EMB_O', 'EMB_O', 'EMB_O', 'EMB_O', 'EMB_O', 'EMB_O', 'EMB_O', 'EMB_O', 'EMB_O', 'EMB_O', 'EMB_O', 'EMB_O', 'EMB_O', 'EMB_O', 'EMB_O', 'EMB_O', 'EMB_O', 'EMB_O', 'EMB_O', 'EMB_O', 'EMB_O', 'EMB_O', 'EMB_O', 'EMB_O', 'EMB_O', 'EMB_O', 'EMB_O', 'EMB_O', 'EMB_O', 'EMB_O', 'EMB_O', 'EMB_O', 'EMB_P', 'EMB_P', 'EMB_P', 'EMB_P', 'EMB_P', 'EMB_P', 'EMB_P', 'EMB_P', 'EMB_P', 'EMB_P', 'EMB_P', 'EMB_P', 'EMB_P', 'EMB_P', 'EMB_P', 'EMB_P', 'EMB_P', 'EMB_P', 'EMB_P', 'EMB_P', 'EMB_P', 'EMB_P', 'EMB_P', 'EMB_P', 'EMB_P', 'EMB_P', 'EMB_P', 'EMB_P', 'EMB_P', 'EMB_P', 'EMB_P', 'EMB_P', 'EMB_P', 'EMB_P', 'EMB_P', 'EMB_P', 'EMB_P', 'EMB_P', 'EMB_P', 'EMB_P', 'EMB_P', 'EMB_P', 'EMB_P', 'EMB_P', 'EMB_P', 'EMB_P', 'EMB_P', 'EMB_P', 'EMB_P', 'EMB_P', 'EMB_P', 'EMB_P', 'EMB_P', 'EMB_P', 'EMB_P', 'EMB_P', 'EMB_P', 'EMB_P', 'EMB_P', 'EMB_P', 'EMB_P', 'EMB_P', 'EMB_P', 'EMB_P', 'EMB_P', 'EMB_P', 'EMB_P', 'EMB_P', 'EMB_P', 'EMB_P', 'EMB_P', 'EMB_P', 'EMB_P', 'EMB_P', 'EMB_P', 'EMB_P', 'EMB_P', 'EMB_P', 'EMB_P', 'EMB_P', 'EMB_P', 'EMB_P', 'EMB_P']"
129,google,NULL,laptop_quad_dev_114,google is expecting to add that in sometime in the next year .,4.75,5.12,"['EMB_O', 'ASP_S', 'EMB_O', 'EMB_O', 'EMB_O', 'EMB_O', 'EMB_O', 'EMB_O', 'EMB_O', 'EMB_O', 'EMB_O', 'EMB_O', 'EMB_O', 'EMB_O', 'EMB_O', 'EMB_O', 'EMB_O', 'EMB_O', 'EMB_P', 'EMB_P', 'EMB_P', 'EMB_P', 'EMB_P', 'EMB_P', 'EMB_P', 'EMB_P', 'EMB_P', 'EMB_P', 'EMB_P', 'EMB_P', 'EMB_P', 'EMB_P', 'EMB_P', 'EMB_P', 'EMB_P', 'EMB_P', 'EMB_P', 'EMB_P', 'EMB_P', 'EMB_P', 'EMB_P', 'EMB_P', 'EMB_P', 'EMB_P', 'EMB_P', 'EMB_P', 'EMB_P', 'EMB_P', 'EMB_P', 'EMB_P', 'EMB_P', 'EMB_P', 'EMB_P', 'EMB_P', 'EMB_P', 'EMB_P', 'EMB_P', 'EMB_P', 'EMB_P', 'EMB_P', 'EMB_P', 'EMB_P', 'EMB_P', 'EMB_P', 'EMB_P', 'EMB_P', 'EMB_P', 'EMB_P', 'EMB_P', 'EMB_P', 'EMB_P', 'EMB_P', 'EMB_P', 'EMB_P', 'EMB_P', 'EMB_P', 'EMB_P', 'EMB_P', 'EMB_P', 'EMB_P', 'EMB_P', 'EMB_P', 'EMB_P', 'EMB_P', 'EMB_P', 'EMB_P', 'EMB_P', 'EMB_P', 'EMB_P', 'EMB_P', 'EMB_P', 'EMB_P', 'EMB_P', 'EMB_P', 'EMB_P', 'EMB_P', 'EMB_P', 'EMB_P', 'EMB_P', 'EMB_P', 'EMB_P', 'EMB_P', 'EMB_P', 'EMB_P', 'EMB_P', 'EMB_P', 'EMB_P', 'EMB_P', 'EMB_P', 'EMB_P', 'EMB_P', 'EMB_P', 'EMB_P', 'EMB_P', 'EMB_P', 'EMB_P', 'EMB_P', 'EMB_P', 'EMB_P', 'EMB_P', 'EMB_P', 'EMB_P', 'EMB_P', 'EMB_P', 'EMB_P', 'EMB_P', 'EMB_P', 'EMB_P']","['EMB_O', 'EMB_O', 'EMB_O', 'EMB_O', 'EMB_O', 'EMB_O', 'EMB_O', 'EMB_O', 'EMB_O', 'EMB_O', 'EMB_O', 'EMB_O', 'EMB_O', 'EMB_O', 'EMB_O', 'EMB_O', 'EMB_O', 'EMB_O', 'EMB_P', 'EMB_P', 'EMB_P', 'EMB_P', 'EMB_P', 'EMB_P', 'EMB_P', 'EMB_P', 'EMB_P', 'EMB_P', 'EMB_P', 'EMB_P', 'EMB_P', 'EMB_P', 'EMB_P', 'EMB_P', 'EMB_P', 'EMB_P', 'EMB_P', 'EMB_P', 'EMB_P', 'EMB_P', 'EMB_P', 'EMB_P', 'EMB_P', 'EMB_P', 'EMB_P', 'EMB_P', 'EMB_P', 'EMB_P', 'EMB_P', 'EMB_P', 'EMB_P', 'EMB_P', 'EMB_P', 'EMB_P', 'EMB_P', 'EMB_P', 'EMB_P', 'EMB_P', 'EMB_P', 'EMB_P', 'EMB_P', 'EMB_P', 'EMB_P', 'EMB_P', 'EMB_P', 'EMB_P', 'EMB_P', 'EMB_P', 'EMB_P', 'EMB_P', 'EMB_P', 'EMB_P', 'EMB_P', 'EMB_P', 'EMB_P', 'EMB_P', 'EMB_P', 'EMB_P', 'EMB_P', 'EMB_P', 'EMB_P', 'EMB_P', 'EMB_P', 'EMB_P', 'EMB_P', 'EMB_P', 'EMB_P', 'EMB_P', 'EMB_P', 'EMB_P', 'EMB_P', 'EMB_P', 'EMB_P', 'EMB_P', 'EMB_P', 'EMB_P', 'EMB_P', 'EMB_P', 'EMB_P', 'EMB_P', 'EMB_P', 'EMB_P', 'EMB_P', 'EMB_P', 'EMB_P', 'EMB_P', 'EMB_P', 'EMB_P', 'EMB_P', 'EMB_P', 'EMB_P', 'EMB_P', 'EMB_P', 'EMB_P', 'EMB_P', 'EMB_P', 'EMB_P', 'EMB_P', 'EMB_P', 'EMB_P', 'EMB_P', 'EMB_P', 'EMB_P', 'EMB_P', 'EMB_P', 'EMB_P', 'EMB_P', 'EMB_P']"
130,NULL,skeptical,laptop_quad_dev_115,i was skeptical ordering this because of the conflicting reviews .,4.5,5.33,"['EMB_O', 'EMB_O', 'EMB_O', 'EMB_O', 'EMB_O', 'EMB_O', 'EMB_O', 'EMB_O', 'EMB_O', 'EMB_O', 'EMB_O', 'EMB_O', 'EMB_O', 'EMB_O', 'EMB_O', 'EMB_O', 'EMB_O', 'EMB_P', 'EMB_P', 'EMB_P', 'EMB_P', 'EMB_P', 'EMB_P', 'EMB_P', 'EMB_P', 'EMB_P', 'EMB_P', 'EMB_P', 'EMB_P', 'EMB_P', 'EMB_P', 'EMB_P', 'EMB_P', 'EMB_P', 'EMB_P', 'EMB_P', 'EMB_P', 'EMB_P', 'EMB_P', 'EMB_P', 'EMB_P', 'EMB_P', 'EMB_P', 'EMB_P', 'EMB_P', 'EMB_P', 'EMB_P', 'EMB_P', 'EMB_P', 'EMB_P', 'EMB_P', 'EMB_P', 'EMB_P', 'EMB_P', 'EMB_P', 'EMB_P', 'EMB_P', 'EMB_P', 'EMB_P', 'EMB_P', 'EMB_P', 'EMB_P', 'EMB_P', 'EMB_P', 'EMB_P', 'EMB_P', 'EMB_P', 'EMB_P', 'EMB_P', 'EMB_P', 'EMB_P', 'EMB_P', 'EMB_P', 'EMB_P', 'EMB_P', 'EMB_P', 'EMB_P', 'EMB_P', 'EMB_P', 'EMB_P', 'EMB_P', 'EMB_P', 'EMB_P', 'EMB_P', 'EMB_P', 'EMB_P', 'EMB_P', 'EMB_P', 'EMB_P', 'EMB_P', 'EMB_P', 'EMB_P', 'EMB_P', 'EMB_P', 'EMB_P', 'EMB_P', 'EMB_P', 'EMB_P', 'EMB_P', 'EMB_P', 'EMB_P', 'EMB_P', 'EMB_P', 'EMB_P', 'EMB_P', 'EMB_P', 'EMB_P', 'EMB_P', 'EMB_P', 'EMB_P', 'EMB_P', 'EMB_P', 'EMB_P', 'EMB_P', 'EMB_P', 'EMB_P', 'EMB_P', 'EMB_P', 'EMB_P', 'EMB_P', 'EMB_P', 'EMB_P', 'EMB_P', 'EMB_P', 'EMB_P', 'EMB_P', 'EMB_P', 'EMB_P']","['EMB_O', 'EMB_O', 'EMB_O', 'OPN_B', 'OPN_I', 'OPN_E', 'EMB_O', 'EMB_O', 'EMB_O', 'EMB_O', 'EMB_O', 'EMB_O', 'EMB_O', 'EMB_O', 'EMB_O', 'EMB_O', 'EMB_O', 'EMB_P', 'EMB_P', 'EMB_P', 'EMB_P', 'EMB_P', 'EMB_P', 'EMB_P', 'EMB_P', 'EMB_P', 'EMB_P', 'EMB_P', 'EMB_P', 'EMB_P', 'EMB_P', 'EMB_P', 'EMB_P', 'EMB_P', 'EMB_P', 'EMB_P', 'EMB_P', 'EMB_P', 'EMB_P', 'EMB_P', 'EMB_P', 'EMB_P', 'EMB_P', 'EMB_P', 'EMB_P', 'EMB_P', 'EMB_P', 'EMB_P', 'EMB_P', 'EMB_P', 'EMB_P', 'EMB_P', 'EMB_P', 'EMB_P', 'EMB_P', 'EMB_P', 'EMB_P', 'EMB_P', 'EMB_P', 'EMB_P', 'EMB_P', 'EMB_P', 'EMB_P', 'EMB_P', 'EMB_P', 'EMB_P', 'EMB_P', 'EMB_P', 'EMB_P', 'EMB_P', 'EMB_P', 'EMB_P', 'EMB_P', 'EMB_P', 'EMB_P', 'EMB_P', 'EMB_P', 'EMB_P', 'EMB_P', 'EMB_P', 'EMB_P', 'EMB_P', 'EMB_P', 'EMB_P', 'EMB_P', 'EMB_P', 'EMB_P', 'EMB_P', 'EMB_P', 'EMB_P', 'EMB_P', 'EMB_P', 'EMB_P', 'EMB_P', 'EMB_P', 'EMB_P', 'EMB_P', 'EMB_P', 'EMB_P', 'EMB_P', 'EMB_P', 'EMB_P', 'EMB_P', 'EMB_P', 'EMB_P', 'EMB_P', 'EMB_P', 'EMB_P', 'EMB_P', 'EMB_P', 'EMB_P', 'EMB_P', 'EMB_P', 'EMB_P', 'EMB_P', 'EMB_P', 'EMB_P', 'EMB_P', 'EMB_P', 'EMB_P', 'EMB_P', 'EMB_P', 'EMB_P', 'EMB_P', 'EMB_P', 'EMB_P', 'EMB_P', 'EMB_P']"
131,NULL,NULL,laptop_quad_dev_116,it keep going off on sleep mode without any way to wake it up .,5.0,5.0,"['EMB_O', 'EMB_O', 'EMB_O', 'EMB_O', 'EMB_O', 'EMB_O', 'EMB_O', 'EMB_O', 'EMB_O', 'EMB_O', 'EMB_O', 'EMB_O', 'EMB_O', 'EMB_O', 'EMB_O', 'EMB_O', 'EMB_O', 'EMB_P', 'EMB_P', 'EMB_P', 'EMB_P', 'EMB_P', 'EMB_P', 'EMB_P', 'EMB_P', 'EMB_P', 'EMB_P', 'EMB_P', 'EMB_P', 'EMB_P', 'EMB_P', 'EMB_P', 'EMB_P', 'EMB_P', 'EMB_P', 'EMB_P', 'EMB_P', 'EMB_P', 'EMB_P', 'EMB_P', 'EMB_P', 'EMB_P', 'EMB_P', 'EMB_P', 'EMB_P', 'EMB_P', 'EMB_P', 'EMB_P', 'EMB_P', 'EMB_P', 'EMB_P', 'EMB_P', 'EMB_P', 'EMB_P', 'EMB_P', 'EMB_P', 'EMB_P', 'EMB_P', 'EMB_P', 'EMB_P', 'EMB_P', 'EMB_P', 'EMB_P', 'EMB_P', 'EMB_P', 'EMB_P', 'EMB_P', 'EMB_P', 'EMB_P', 'EMB_P', 'EMB_P', 'EMB_P', 'EMB_P', 'EMB_P', 'EMB_P', 'EMB_P', 'EMB_P', 'EMB_P', 'EMB_P', 'EMB_P', 'EMB_P', 'EMB_P', 'EMB_P', 'EMB_P', 'EMB_P', 'EMB_P', 'EMB_P', 'EMB_P', 'EMB_P', 'EMB_P', 'EMB_P', 'EMB_P', 'EMB_P', 'EMB_P', 'EMB_P', 'EMB_P', 'EMB_P', 'EMB_P', 'EMB_P', 'EMB_P', 'EMB_P', 'EMB_P', 'EMB_P', 'EMB_P', 'EMB_P', 'EMB_P', 'EMB_P', 'EMB_P', 'EMB_P', 'EMB_P', 'EMB_P', 'EMB_P', 'EMB_P', 'EMB_P', 'EMB_P', 'EMB_P', 'EMB_P', 'EMB_P', 'EMB_P', 'EMB_P', 'EMB_P', 'EMB_P', 'EMB_P', 'EMB_P', 'EMB_P', 'EMB_P', 'EMB_P', 'EMB_P']","['EMB_O', 'EMB_O', 'EMB_O', 'EMB_O', 'EMB_O', 'EMB_O', 'EMB_O', 'EMB_O', 'EMB_O', 'EMB_O', 'EMB_O', 'EMB_O', 'EMB_O', 'EMB_O', 'EMB_O', 'EMB_O', 'EMB_O', 'EMB_P', 'EMB_P', 'EMB_P', 'EMB_P', 'EMB_P', 'EMB_P', 'EMB_P', 'EMB_P', 'EMB_P', 'EMB_P', 'EMB_P', 'EMB_P', 'EMB_P', 'EMB_P', 'EMB_P', 'EMB_P', 'EMB_P', 'EMB_P', 'EMB_P', 'EMB_P', 'EMB_P', 'EMB_P', 'EMB_P', 'EMB_P', 'EMB_P', 'EMB_P', 'EMB_P', 'EMB_P', 'EMB_P', 'EMB_P', 'EMB_P', 'EMB_P', 'EMB_P', 'EMB_P', 'EMB_P', 'EMB_P', 'EMB_P', 'EMB_P', 'EMB_P', 'EMB_P', 'EMB_P', 'EMB_P', 'EMB_P', 'EMB_P', 'EMB_P', 'EMB_P', 'EMB_P', 'EMB_P', 'EMB_P', 'EMB_P', 'EMB_P', 'EMB_P', 'EMB_P', 'EMB_P', 'EMB_P', 'EMB_P', 'EMB_P', 'EMB_P', 'EMB_P', 'EMB_P', 'EMB_P', 'EMB_P', 'EMB_P', 'EMB_P', 'EMB_P', 'EMB_P', 'EMB_P', 'EMB_P', 'EMB_P', 'EMB_P', 'EMB_P', 'EMB_P', 'EMB_P', 'EMB_P', 'EMB_P', 'EMB_P', 'EMB_P', 'EMB_P', 'EMB_P', 'EMB_P', 'EMB_P', 'EMB_P', 'EMB_P', 'EMB_P', 'EMB_P', 'EMB_P', 'EMB_P', 'EMB_P', 'EMB_P', 'EMB_P', 'EMB_P', 'EMB_P', 'EMB_P', 'EMB_P', 'EMB_P', 'EMB_P', 'EMB_P', 'EMB_P', 'EMB_P', 'EMB_P', 'EMB_P', 'EMB_P', 'EMB_P', 'EMB_P', 'EMB_P', 'EMB_P', 'EMB_P', 'EMB_P', 'EMB_P', 'EMB_P', 'EMB_P']"
132,chromebook,absolutely loved,laptop_quad_dev_117,which is really sad because in the time i could actually use the chromebook i absolutely loved it .,7.12,7.0,"['EMB_O', 'EMB_O', 'EMB_O', 'EMB_O', 'EMB_O', 'EMB_O', 'EMB_O', 'EMB_O', 'EMB_O', 'EMB_O', 'EMB_O', 'EMB_O', 'EMB_O', 'EMB_O', 'ASP_B', 'ASP_I', 'ASP_E', 'EMB_O', 'EMB_O', 'EMB_O', 'EMB_O', 'EMB_O', 'EMB_O', 'EMB_O', 'EMB_P', 'EMB_P', 'EMB_P', 'EMB_P', 'EMB_P', 'EMB_P', 'EMB_P', 'EMB_P', 'EMB_P', 'EMB_P', 'EMB_P', 'EMB_P', 'EMB_P', 'EMB_P', 'EMB_P', 'EMB_P', 'EMB_P', 'EMB_P', 'EMB_P', 'EMB_P', 'EMB_P', 'EMB_P', 'EMB_P', 'EMB_P', 'EMB_P', 'EMB_P', 'EMB_P', 'EMB_P', 'EMB_P', 'EMB_P', 'EMB_P', 'EMB_P', 'EMB_P', 'EMB_P', 'EMB_P', 'EMB_P', 'EMB_P', 'EMB_P', 'EMB_P', 'EMB_P', 'EMB_P', 'EMB_P', 'EMB_P', 'EMB_P', 'EMB_P', 'EMB_P', 'EMB_P', 'EMB_P', 'EMB_P', 'EMB_P', 'EMB_P', 'EMB_P', 'EMB_P', 'EMB_P', 'EMB_P', 'EMB_P', 'EMB_P', 'EMB_P', 'EMB_P', 'EMB_P', 'EMB_P', 'EMB_P', 'EMB_P', 'EMB_P', 'EMB_P', 'EMB_P', 'EMB_P', 'EMB_P', 'EMB_P', 'EMB_P', 'EMB_P', 'EMB_P', 'EMB_P', 'EMB_P', 'EMB_P', 'EMB_P', 'EMB_P', 'EMB_P', 'EMB_P', 'EMB_P', 'EMB_P', 'EMB_P', 'EMB_P', 'EMB_P', 'EMB_P', 'EMB_P', 'EMB_P', 'EMB_P', 'EMB_P', 'EMB_P', 'EMB_P', 'EMB_P', 'EMB_P', 'EMB_P', 'EMB_P', 'EMB_P', 'EMB_P', 'EMB_P', 'EMB_P', 'EMB_P', 'EMB_P', 'EMB_P', 'EMB_P', 'EMB_P']","['EMB_O', 'EMB_O', 'EMB_O', 'EMB_O', 'EMB_O', 'EMB_O', 'EMB_O', 'EMB_O', 'EMB_O', 'EMB_O', 'EMB_O', 'EMB_O', 'EMB_O', 'EMB_O', 'EMB_O', 'EMB_O', 'EMB_O', 'EMB_O', 'OPN_B', 'OPN_I', 'OPN_E', 'EMB_O', 'EMB_O', 'EMB_O', 'EMB_P', 'EMB_P', 'EMB_P', 'EMB_P', 'EMB_P', 'EMB_P', 'EMB_P', 'EMB_P', 'EMB_P', 'EMB_P', 'EMB_P', 'EMB_P', 'EMB_P', 'EMB_P', 'EMB_P', 'EMB_P', 'EMB_P', 'EMB_P', 'EMB_P', 'EMB_P', 'EMB_P', 'EMB_P', 'EMB_P', 'EMB_P', 'EMB_P', 'EMB_P', 'EMB_P', 'EMB_P', 'EMB_P', 'EMB_P', 'EMB_P', 'EMB_P', 'EMB_P', 'EMB_P', 'EMB_P', 'EMB_P', 'EMB_P', 'EMB_P', 'EMB_P', 'EMB_P', 'EMB_P', 'EMB_P', 'EMB_P', 'EMB_P', 'EMB_P', 'EMB_P', 'EMB_P', 'EMB_P', 'EMB_P', 'EMB_P', 'EMB_P', 'EMB_P', 'EMB_P', 'EMB_P', 'EMB_P', 'EMB_P', 'EMB_P', 'EMB_P', 'EMB_P', 'EMB_P', 'EMB_P', 'EMB_P', 'EMB_P', 'EMB_P', 'EMB_P', 'EMB_P', 'EMB_P', 'EMB_P', 'EMB_P', 'EMB_P', 'EMB_P', 'EMB_P', 'EMB_P', 'EMB_P', 'EMB_P', 'EMB_P', 'EMB_P', 'EMB_P', 'EMB_P', 'EMB_P', 'EMB_P', 'EMB_P', 'EMB_P', 'EMB_P', 'EMB_P', 'EMB_P', 'EMB_P', 'EMB_P', 'EMB_P', 'EMB_P', 'EMB_P', 'EMB_P', 'EMB_P', 'EMB_P', 'EMB_P', 'EMB_P', 'EMB_P', 'EMB_P', 'EMB_P', 'EMB_P', 'EMB_P', 'EMB_P', 'EMB_P', 'EMB_P']"
133,NULL,very limited,laptop_quad_dev_118,"i tried it , and it is very limited for the current price of $ 550 .",3.33,5.67,"['EMB_O', 'EMB_O', 'EMB_O', 'EMB_O', 'EMB_O', 'EMB_O', 'EMB_O', 'EMB_O', 'EMB_O', 'EMB_O', 'EMB_O', 'EMB_O', 'EMB_O', 'EMB_O', 'EMB_O', 'EMB_O', 'EMB_O', 'EMB_O', 'EMB_O', 'EMB_P', 'EMB_P', 'EMB_P', 'EMB_P', 'EMB_P', 'EMB_P', 'EMB_P', 'EMB_P', 'EMB_P', 'EMB_P', 'EMB_P', 'EMB_P', 'EMB_P', 'EMB_P', 'EMB_P', 'EMB_P', 'EMB_P', 'EMB_P', 'EMB_P', 'EMB_P', 'EMB_P', 'EMB_P', 'EMB_P', 'EMB_P', 'EMB_P', 'EMB_P', 'EMB_P', 'EMB_P', 'EMB_P', 'EMB_P', 'EMB_P', 'EMB_P', 'EMB_P', 'EMB_P', 'EMB_P', 'EMB_P', 'EMB_P', 'EMB_P', 'EMB_P', 'EMB_P', 'EMB_P', 'EMB_P', 'EMB_P', 'EMB_P', 'EMB_P', 'EMB_P', 'EMB_P', 'EMB_P', 'EMB_P', 'EMB_P', 'EMB_P', 'EMB_P', 'EMB_P', 'EMB_P', 'EMB_P', 'EMB_P', 'EMB_P', 'EMB_P', 'EMB_P', 'EMB_P', 'EMB_P', 'EMB_P', 'EMB_P', 'EMB_P', 'EMB_P', 'EMB_P', 'EMB_P', 'EMB_P', 'EMB_P', 'EMB_P', 'EMB_P', 'EMB_P', 'EMB_P', 'EMB_P', 'EMB_P', 'EMB_P', 'EMB_P', 'EMB_P', 'EMB_P', 'EMB_P', 'EMB_P', 'EMB_P', 'EMB_P', 'EMB_P', 'EMB_P', 'EMB_P', 'EMB_P', 'EMB_P', 'EMB_P', 'EMB_P', 'EMB_P', 'EMB_P', 'EMB_P', 'EMB_P', 'EMB_P', 'EMB_P', 'EMB_P', 'EMB_P', 'EMB_P', 'EMB_P', 'EMB_P', 'EMB_P', 'EMB_P', 'EMB_P', 'EMB_P', 'EMB_P', 'EMB_P', 'EMB_P', 'EMB_P']","['EMB_O', 'EMB_O', 'EMB_O', 'EMB_O', 'EMB_O', 'EMB_O', 'EMB_O', 'EMB_O', 'OPN_B', 'OPN_E', 'EMB_O', 'EMB_O', 'EMB_O', 'EMB_O', 'EMB_O', 'EMB_O', 'EMB_O', 'EMB_O', 'EMB_O', 'EMB_P', 'EMB_P', 'EMB_P', 'EMB_P', 'EMB_P', 'EMB_P', 'EMB_P', 'EMB_P', 'EMB_P', 'EMB_P', 'EMB_P', 'EMB_P', 'EMB_P', 'EMB_P', 'EMB_P', 'EMB_P', 'EMB_P', 'EMB_P', 'EMB_P', 'EMB_P', 'EMB_P', 'EMB_P', 'EMB_P', 'EMB_P', 'EMB_P', 'EMB_P', 'EMB_P', 'EMB_P', 'EMB_P', 'EMB_P', 'EMB_P', 'EMB_P', 'EMB_P', 'EMB_P', 'EMB_P', 'EMB_P', 'EMB_P', 'EMB_P', 'EMB_P', 'EMB_P', 'EMB_P', 'EMB_P', 'EMB_P', 'EMB_P', 'EMB_P', 'EMB_P', 'EMB_P', 'EMB_P', 'EMB_P', 'EMB_P', 'EMB_P', 'EMB_P', 'EMB_P', 'EMB_P', 'EMB_P', 'EMB_P', 'EMB_P', 'EMB_P', 'EMB_P', 'EMB_P', 'EMB_P', 'EMB_P', 'EMB_P', 'EMB_P', 'EMB_P', 'EMB_P', 'EMB_P', 'EMB_P', 'EMB_P', 'EMB_P', 'EMB_P', 'EMB_P', 'EMB_P', 'EMB_P', 'EMB_P', 'EMB_P', 'EMB_P', 'EMB_P', 'EMB_P', 'EMB_P', 'EMB_P', 'EMB_P', 'EMB_P', 'EMB_P', 'EMB_P', 'EMB_P', 'EMB_P', 'EMB_P', 'EMB_P', 'EMB_P', 'EMB_P', 'EMB_P', 'EMB_P', 'EMB_P', 'EMB_P', 'EMB_P', 'EMB_P', 'EMB_P', 'EMB_P', 'EMB_P', 'EMB_P', 'EMB_P', 'EMB_P', 'EMB_P', 'EMB_P', 'EMB_P', 'EMB_P', 'EMB_P', 'EMB_P']"
134,apps,awful,laptop_quad_dev_119,"many apps aren ' t ` ` compatible ` ` and even the ones that work , they look awful .",4.0,7.0,"['EMB_O', 'EMB_O', 'ASP_B', 'ASP_E', 'EMB_O', 'EMB_O', 'EMB_O', 'EMB_O', 'EMB_O', 'EMB_O', 'EMB_O', 'EMB_O', 'EMB_O', 'EMB_O', 'EMB_O', 'EMB_O', 'EMB_O', 'EMB_O', 'EMB_O', 'EMB_O', 'EMB_O', 'EMB_O', 'EMB_O', 'EMB_O', 'EMB_O', 'EMB_P', 'EMB_P', 'EMB_P', 'EMB_P', 'EMB_P', 'EMB_P', 'EMB_P', 'EMB_P', 'EMB_P', 'EMB_P', 'EMB_P', 'EMB_P', 'EMB_P', 'EMB_P', 'EMB_P', 'EMB_P', 'EMB_P', 'EMB_P', 'EMB_P', 'EMB_P', 'EMB_P', 'EMB_P', 'EMB_P', 'EMB_P', 'EMB_P', 'EMB_P', 'EMB_P', 'EMB_P', 'EMB_P', 'EMB_P', 'EMB_P', 'EMB_P', 'EMB_P', 'EMB_P', 'EMB_P', 'EMB_P', 'EMB_P', 'EMB_P', 'EMB_P', 'EMB_P', 'EMB_P', 'EMB_P', 'EMB_P', 'EMB_P', 'EMB_P', 'EMB_P', 'EMB_P', 'EMB_P', 'EMB_P', 'EMB_P', 'EMB_P', 'EMB_P', 'EMB_P', 'EMB_P', 'EMB_P', 'EMB_P', 'EMB_P', 'EMB_P', 'EMB_P', 'EMB_P', 'EMB_P', 'EMB_P', 'EMB_P', 'EMB_P', 'EMB_P', 'EMB_P', 'EMB_P', 'EMB_P', 'EMB_P', 'EMB_P', 'EMB_P', 'EMB_P', 'EMB_P', 'EMB_P', 'EMB_P', 'EMB_P', 'EMB_P', 'EMB_P', 'EMB_P', 'EMB_P', 'EMB_P', 'EMB_P', 'EMB_P', 'EMB_P', 'EMB_P', 'EMB_P', 'EMB_P', 'EMB_P', 'EMB_P', 'EMB_P', 'EMB_P', 'EMB_P', 'EMB_P', 'EMB_P', 'EMB_P', 'EMB_P', 'EMB_P', 'EMB_P', 'EMB_P', 'EMB_P', 'EMB_P', 'EMB_P', 'EMB_P']","['EMB_O', 'EMB_O', 'EMB_O', 'EMB_O', 'EMB_O', 'EMB_O', 'EMB_O', 'EMB_O', 'EMB_O', 'EMB_O', 'EMB_O', 'EMB_O', 'EMB_O', 'EMB_O', 'EMB_O', 'EMB_O', 'EMB_O', 'EMB_O', 'EMB_O', 'EMB_O', 'EMB_O', 'OPN_B', 'OPN_E', 'EMB_O', 'EMB_O', 'EMB_P', 'EMB_P', 'EMB_P', 'EMB_P', 'EMB_P', 'EMB_P', 'EMB_P', 'EMB_P', 'EMB_P', 'EMB_P', 'EMB_P', 'EMB_P', 'EMB_P', 'EMB_P', 'EMB_P', 'EMB_P', 'EMB_P', 'EMB_P', 'EMB_P', 'EMB_P', 'EMB_P', 'EMB_P', 'EMB_P', 'EMB_P', 'EMB_P', 'EMB_P', 'EMB_P', 'EMB_P', 'EMB_P', 'EMB_P', 'EMB_P', 'EMB_P', 'EMB_P', 'EMB_P', 'EMB_P', 'EMB_P', 'EMB_P', 'EMB_P', 'EMB_P', 'EMB_P', 'EMB_P', 'EMB_P', 'EMB_P', 'EMB_P', 'EMB_P', 'EMB_P', 'EMB_P', 'EMB_P', 'EMB_P', 'EMB_P', 'EMB_P', 'EMB_P', 'EMB_P', 'EMB_P', 'EMB_P', 'EMB_P', 'EMB_P', 'EMB_P', 'EMB_P', 'EMB_P', 'EMB_P', 'EMB_P', 'EMB_P', 'EMB_P', 'EMB_P', 'EMB_P', 'EMB_P', 'EMB_P', 'EMB_P', 'EMB_P', 'EMB_P', 'EMB_P', 'EMB_P', 'EMB_P', 'EMB_P', 'EMB_P', 'EMB_P', 'EMB_P', 'EMB_P', 'EMB_P', 'EMB_P', 'EMB_P', 'EMB_P', 'EMB_P', 'EMB_P', 'EMB_P', 'EMB_P', 'EMB_P', 'EMB_P', 'EMB_P', 'EMB_P', 'EMB_P', 'EMB_P', 'EMB_P', 'EMB_P', 'EMB_P', 'EMB_P', 'EMB_P', 'EMB_P', 'EMB_P', 'EMB_P', 'EMB_P', 'EMB_P']"
135,samsung product,expensive,laptop_quad_dev_120,another expensive & poorly executed samsung product .,2.12,7.88,"['EMB_O', 'EMB_O', 'EMB_O', 'EMB_O', 'EMB_O', 'EMB_O', 'ASP_B', 'ASP_I', 'ASP_E', 'EMB_O', 'EMB_O', 'EMB_P', 'EMB_P', 'EMB_P', 'EMB_P', 'EMB_P', 'EMB_P', 'EMB_P', 'EMB_P', 'EMB_P', 'EMB_P', 'EMB_P', 'EMB_P', 'EMB_P', 'EMB_P', 'EMB_P', 'EMB_P', 'EMB_P', 'EMB_P', 'EMB_P', 'EMB_P', 'EMB_P', 'EMB_P', 'EMB_P', 'EMB_P', 'EMB_P', 'EMB_P', 'EMB_P', 'EMB_P', 'EMB_P', 'EMB_P', 'EMB_P', 'EMB_P', 'EMB_P', 'EMB_P', 'EMB_P', 'EMB_P', 'EMB_P', 'EMB_P', 'EMB_P', 'EMB_P', 'EMB_P', 'EMB_P', 'EMB_P', 'EMB_P', 'EMB_P', 'EMB_P', 'EMB_P', 'EMB_P', 'EMB_P', 'EMB_P', 'EMB_P', 'EMB_P', 'EMB_P', 'EMB_P', 'EMB_P', 'EMB_P', 'EMB_P', 'EMB_P', 'EMB_P', 'EMB_P', 'EMB_P', 'EMB_P', 'EMB_P', 'EMB_P', 'EMB_P', 'EMB_P', 'EMB_P', 'EMB_P', 'EMB_P', 'EMB_P', 'EMB_P', 'EMB_P', 'EMB_P', 'EMB_P', 'EMB_P', 'EMB_P', 'EMB_P', 'EMB_P', 'EMB_P', 'EMB_P', 'EMB_P', 'EMB_P', 'EMB_P', 'EMB_P', 'EMB_P', 'EMB_P', 'EMB_P', 'EMB_P', 'EMB_P', 'EMB_P', 'EMB_P', 'EMB_P', 'EMB_P', 'EMB_P', 'EMB_P', 'EMB_P', 'EMB_P', 'EMB_P', 'EMB_P', 'EMB_P', 'EMB_P', 'EMB_P', 'EMB_P', 'EMB_P', 'EMB_P', 'EMB_P', 'EMB_P', 'EMB_P', 'EMB_P', 'EMB_P', 'EMB_P', 'EMB_P', 'EMB_P', 'EMB_P', 'EMB_P', 'EMB_P', 'EMB_P']","['EMB_O', 'EMB_O', 'OPN_S', 'EMB_O', 'EMB_O', 'EMB_O', 'EMB_O', 'EMB_O', 'EMB_O', 'EMB_O', 'EMB_O', 'EMB_P', 'EMB_P', 'EMB_P', 'EMB_P', 'EMB_P', 'EMB_P', 'EMB_P', 'EMB_P', 'EMB_P', 'EMB_P', 'EMB_P', 'EMB_P', 'EMB_P', 'EMB_P', 'EMB_P', 'EMB_P', 'EMB_P', 'EMB_P', 'EMB_P', 'EMB_P', 'EMB_P', 'EMB_P', 'EMB_P', 'EMB_P', 'EMB_P', 'EMB_P', 'EMB_P', 'EMB_P', 'EMB_P', 'EMB_P', 'EMB_P', 'EMB_P', 'EMB_P', 'EMB_P', 'EMB_P', 'EMB_P', 'EMB_P', 'EMB_P', 'EMB_P', 'EMB_P', 'EMB_P', 'EMB_P', 'EMB_P', 'EMB_P', 'EMB_P', 'EMB_P', 'EMB_P', 'EMB_P', 'EMB_P', 'EMB_P', 'EMB_P', 'EMB_P', 'EMB_P', 'EMB_P', 'EMB_P', 'EMB_P', 'EMB_P', 'EMB_P', 'EMB_P', 'EMB_P', 'EMB_P', 'EMB_P', 'EMB_P', 'EMB_P', 'EMB_P', 'EMB_P', 'EMB_P', 'EMB_P', 'EMB_P', 'EMB_P', 'EMB_P', 'EMB_P', 'EMB_P', 'EMB_P', 'EMB_P', 'EMB_P', 'EMB_P', 'EMB_P', 'EMB_P', 'EMB_P', 'EMB_P', 'EMB_P', 'EMB_P', 'EMB_P', 'EMB_P', 'EMB_P', 'EMB_P', 'EMB_P', 'EMB_P', 'EMB_P', 'EMB_P', 'EMB_P', 'EMB_P', 'EMB_P', 'EMB_P', 'EMB_P', 'EMB_P', 'EMB_P', 'EMB_P', 'EMB_P', 'EMB_P', 'EMB_P', 'EMB_P', 'EMB_P', 'EMB_P', 'EMB_P', 'EMB_P', 'EMB_P', 'EMB_P', 'EMB_P', 'EMB_P', 'EMB_P', 'EMB_P', 'EMB_P', 'EMB_P', 'EMB_P', 'EMB_P']"
136,acer,thankfully,laptop_quad_dev_121,"thankfully , this time , acer has gotten that part right .",7.5,7.67,"['EMB_O', 'EMB_O', 'EMB_O', 'EMB_O', 'EMB_O', 'EMB_O', 'EMB_O', 'EMB_O', 'ASP_B', 'ASP_E', 'EMB_O', 'EMB_O', 'EMB_O', 'EMB_O', 'EMB_O', 'EMB_O', 'EMB_O', 'EMB_O', 'EMB_P', 'EMB_P', 'EMB_P', 'EMB_P', 'EMB_P', 'EMB_P', 'EMB_P', 'EMB_P', 'EMB_P', 'EMB_P', 'EMB_P', 'EMB_P', 'EMB_P', 'EMB_P', 'EMB_P', 'EMB_P', 'EMB_P', 'EMB_P', 'EMB_P', 'EMB_P', 'EMB_P', 'EMB_P', 'EMB_P', 'EMB_P', 'EMB_P', 'EMB_P', 'EMB_P', 'EMB_P', 'EMB_P', 'EMB_P', 'EMB_P', 'EMB_P', 'EMB_P', 'EMB_P', 'EMB_P', 'EMB_P', 'EMB_P', 'EMB_P', 'EMB_P', 'EMB_P', 'EMB_P', 'EMB_P', 'EMB_P', 'EMB_P', 'EMB_P', 'EMB_P', 'EMB_P', 'EMB_P', 'EMB_P', 'EMB_P', 'EMB_P', 'EMB_P', 'EMB_P', 'EMB_P', 'EMB_P', 'EMB_P', 'EMB_P', 'EMB_P', 'EMB_P', 'EMB_P', 'EMB_P', 'EMB_P', 'EMB_P', 'EMB_P', 'EMB_P', 'EMB_P', 'EMB_P', 'EMB_P', 'EMB_P', 'EMB_P', 'EMB_P', 'EMB_P', 'EMB_P', 'EMB_P', 'EMB_P', 'EMB_P', 'EMB_P', 'EMB_P', 'EMB_P', 'EMB_P', 'EMB_P', 'EMB_P', 'EMB_P', 'EMB_P', 'EMB_P', 'EMB_P', 'EMB_P', 'EMB_P', 'EMB_P', 'EMB_P', 'EMB_P', 'EMB_P', 'EMB_P', 'EMB_P', 'EMB_P', 'EMB_P', 'EMB_P', 'EMB_P', 'EMB_P', 'EMB_P', 'EMB_P', 'EMB_P', 'EMB_P', 'EMB_P', 'EMB_P', 'EMB_P', 'EMB_P', 'EMB_P', 'EMB_P', 'EMB_P']","['EMB_O', 'OPN_B', 'OPN_I', 'OPN_E', 'EMB_O', 'EMB_O', 'EMB_O', 'EMB_O', 'EMB_O', 'EMB_O', 'EMB_O', 'EMB_O', 'EMB_O', 'EMB_O', 'EMB_O', 'EMB_O', 'EMB_O', 'EMB_O', 'EMB_P', 'EMB_P', 'EMB_P', 'EMB_P', 'EMB_P', 'EMB_P', 'EMB_P', 'EMB_P', 'EMB_P', 'EMB_P', 'EMB_P', 'EMB_P', 'EMB_P', 'EMB_P', 'EMB_P', 'EMB_P', 'EMB_P', 'EMB_P', 'EMB_P', 'EMB_P', 'EMB_P', 'EMB_P', 'EMB_P', 'EMB_P', 'EMB_P', 'EMB_P', 'EMB_P', 'EMB_P', 'EMB_P', 'EMB_P', 'EMB_P', 'EMB_P', 'EMB_P', 'EMB_P', 'EMB_P', 'EMB_P', 'EMB_P', 'EMB_P', 'EMB_P', 'EMB_P', 'EMB_P', 'EMB_P', 'EMB_P', 'EMB_P', 'EMB_P', 'EMB_P', 'EMB_P', 'EMB_P', 'EMB_P', 'EMB_P', 'EMB_P', 'EMB_P', 'EMB_P', 'EMB_P', 'EMB_P', 'EMB_P', 'EMB_P', 'EMB_P', 'EMB_P', 'EMB_P', 'EMB_P', 'EMB_P', 'EMB_P', 'EMB_P', 'EMB_P', 'EMB_P', 'EMB_P', 'EMB_P', 'EMB_P', 'EMB_P', 'EMB_P', 'EMB_P', 'EMB_P', 'EMB_P', 'EMB_P', 'EMB_P', 'EMB_P', 'EMB_P', 'EMB_P', 'EMB_P', 'EMB_P', 'EMB_P', 'EMB_P', 'EMB_P', 'EMB_P', 'EMB_P', 'EMB_P', 'EMB_P', 'EMB_P', 'EMB_P', 'EMB_P', 'EMB_P', 'EMB_P', 'EMB_P', 'EMB_P', 'EMB_P', 'EMB_P', 'EMB_P', 'EMB_P', 'EMB_P', 'EMB_P', 'EMB_P', 'EMB_P', 'EMB_P', 'EMB_P', 'EMB_P', 'EMB_P', 'EMB_P', 'EMB_P', 'EMB_P']"
137,toshiba,better,laptop_quad_dev_122,"things are less clear here ; the toshiba again has better performance , and uses a real ssd , but it has less impressive build quality and even less impressive materials ; it does offer a backlit keyboard and an even nicer screen , still the nicest of these three .",7.33,7.33,"['EMB_O', 'EMB_O', 'EMB_O', 'EMB_O', 'EMB_O', 'EMB_O', 'EMB_O', 'EMB_O', 'ASP_B', 'ASP_I', 'ASP_E', 'EMB_O', 'EMB_O', 'EMB_O', 'EMB_O', 'EMB_O', 'EMB_O', 'EMB_O', 'EMB_O', 'EMB_O', 'EMB_O', 'EMB_O', 'EMB_O', 'EMB_O', 'EMB_O', 'EMB_O', 'EMB_O', 'EMB_O', 'EMB_O', 'EMB_O', 'EMB_O', 'EMB_O', 'EMB_O', 'EMB_O', 'EMB_O', 'EMB_O', 'EMB_O', 'EMB_O', 'EMB_O', 'EMB_O', 'EMB_O', 'EMB_O', 'EMB_O', 'EMB_O', 'EMB_O', 'EMB_O', 'EMB_O', 'EMB_O', 'EMB_O', 'EMB_O', 'EMB_O', 'EMB_O', 'EMB_O', 'EMB_O', 'EMB_O', 'EMB_O', 'EMB_O', 'EMB_O', 'EMB_O', 'EMB_P', 'EMB_P', 'EMB_P', 'EMB_P', 'EMB_P', 'EMB_P', 'EMB_P', 'EMB_P', 'EMB_P', 'EMB_P', 'EMB_P', 'EMB_P', 'EMB_P', 'EMB_P', 'EMB_P', 'EMB_P', 'EMB_P', 'EMB_P', 'EMB_P', 'EMB_P', 'EMB_P', 'EMB_P', 'EMB_P', 'EMB_P', 'EMB_P', 'EMB_P', 'EMB_P', 'EMB_P', 'EMB_P', 'EMB_P', 'EMB_P', 'EMB_P', 'EMB_P', 'EMB_P', 'EMB_P', 'EMB_P', 'EMB_P', 'EMB_P', 'EMB_P', 'EMB_P', 'EMB_P', 'EMB_P', 'EMB_P', 'EMB_P', 'EMB_P', 'EMB_P', 'EMB_P', 'EMB_P', 'EMB_P', 'EMB_P', 'EMB_P', 'EMB_P', 'EMB_P', 'EMB_P', 'EMB_P', 'EMB_P', 'EMB_P', 'EMB_P', 'EMB_P', 'EMB_P', 'EMB_P', 'EMB_P', 'EMB_P', 'EMB_P', 'EMB_P', 'EMB_P', 'EMB_P', 'EMB_P', 'EMB_P']","['EMB_O', 'EMB_O', 'EMB_O', 'EMB_O', 'EMB_O', 'EMB_O', 'EMB_O', 'EMB_O', 'EMB_O', 'EMB_O', 'EMB_O', 'EMB_O', 'EMB_O', 'OPN_S', 'EMB_O', 'EMB_O', 'EMB_O', 'EMB_O', 'EMB_O', 'EMB_O', 'EMB_O', 'EMB_O', 'EMB_O', 'EMB_O', 'EMB_O', 'EMB_O', 'EMB_O', 'EMB_O', 'EMB_O', 'EMB_O', 'EMB_O', 'EMB_O', 'EMB_O', 'EMB_O', 'EMB_O', 'EMB_O', 'EMB_O', 'EMB_O', 'EMB_O', 'EMB_O', 'EMB_O', 'EMB_O', 'EMB_O', 'EMB_O', 'EMB_O', 'EMB_O', 'EMB_O', 'EMB_O', 'EMB_O', 'EMB_O', 'EMB_O', 'EMB_O', 'EMB_O', 'EMB_O', 'EMB_O', 'EMB_O', 'EMB_O', 'EMB_O', 'EMB_O', 'EMB_P', 'EMB_P', 'EMB_P', 'EMB_P', 'EMB_P', 'EMB_P', 'EMB_P', 'EMB_P', 'EMB_P', 'EMB_P', 'EMB_P', 'EMB_P', 'EMB_P', 'EMB_P', 'EMB_P', 'EMB_P', 'EMB_P', 'EMB_P', 'EMB_P', 'EMB_P', 'EMB_P', 'EMB_P', 'EMB_P', 'EMB_P', 'EMB_P', 'EMB_P', 'EMB_P', 'EMB_P', 'EMB_P', 'EMB_P', 'EMB_P', 'EMB_P', 'EMB_P', 'EMB_P', 'EMB_P', 'EMB_P', 'EMB_P', 'EMB_P', 'EMB_P', 'EMB_P', 'EMB_P', 'EMB_P', 'EMB_P', 'EMB_P', 'EMB_P', 'EMB_P', 'EMB_P', 'EMB_P', 'EMB_P', 'EMB_P', 'EMB_P', 'EMB_P', 'EMB_P', 'EMB_P', 'EMB_P', 'EMB_P', 'EMB_P', 'EMB_P', 'EMB_P', 'EMB_P', 'EMB_P', 'EMB_P', 'EMB_P', 'EMB_P', 'EMB_P', 'EMB_P', 'EMB_P', 'EMB_P', 'EMB_P']"
138,build quality,less impressive,laptop_quad_dev_122,"things are less clear here ; the toshiba again has better performance , and uses a real ssd , but it has less impressive build quality and even less impressive materials ; it does offer a backlit keyboard and an even nicer screen , still the nicest of these three .",4.83,5.5,"['EMB_O', 'EMB_O', 'EMB_O', 'EMB_O', 'EMB_O', 'EMB_O', 'EMB_O', 'EMB_O', 'EMB_O', 'EMB_O', 'EMB_O', 'EMB_O', 'EMB_O', 'EMB_O', 'EMB_O', 'EMB_O', 'EMB_O', 'EMB_O', 'EMB_O', 'EMB_O', 'EMB_O', 'EMB_O', 'EMB_O', 'EMB_O', 'EMB_O', 'EMB_O', 'EMB_O', 'EMB_O', 'ASP_B', 'ASP_E', 'EMB_O', 'EMB_O', 'EMB_O', 'EMB_O', 'EMB_O', 'EMB_O', 'EMB_O', 'EMB_O', 'EMB_O', 'EMB_O', 'EMB_O', 'EMB_O', 'EMB_O', 'EMB_O', 'EMB_O', 'EMB_O', 'EMB_O', 'EMB_O', 'EMB_O', 'EMB_O', 'EMB_O', 'EMB_O', 'EMB_O', 'EMB_O', 'EMB_O', 'EMB_O', 'EMB_O', 'EMB_O', 'EMB_O', 'EMB_P', 'EMB_P', 'EMB_P', 'EMB_P', 'EMB_P', 'EMB_P', 'EMB_P', 'EMB_P', 'EMB_P', 'EMB_P', 'EMB_P', 'EMB_P', 'EMB_P', 'EMB_P', 'EMB_P', 'EMB_P', 'EMB_P', 'EMB_P', 'EMB_P', 'EMB_P', 'EMB_P', 'EMB_P', 'EMB_P', 'EMB_P', 'EMB_P', 'EMB_P', 'EMB_P', 'EMB_P', 'EMB_P', 'EMB_P', 'EMB_P', 'EMB_P', 'EMB_P', 'EMB_P', 'EMB_P', 'EMB_P', 'EMB_P', 'EMB_P', 'EMB_P', 'EMB_P', 'EMB_P', 'EMB_P', 'EMB_P', 'EMB_P', 'EMB_P', 'EMB_P', 'EMB_P', 'EMB_P', 'EMB_P', 'EMB_P', 'EMB_P', 'EMB_P', 'EMB_P', 'EMB_P', 'EMB_P', 'EMB_P', 'EMB_P', 'EMB_P', 'EMB_P', 'EMB_P', 'EMB_P', 'EMB_P', 'EMB_P', 'EMB_P', 'EMB_P', 'EMB_P', 'EMB_P', 'EMB_P', 'EMB_P']","['EMB_O', 'EMB_O', 'EMB_O', 'EMB_O', 'EMB_O', 'EMB_O', 'EMB_O', 'EMB_O', 'EMB_O', 'EMB_O', 'EMB_O', 'EMB_O', 'EMB_O', 'EMB_O', 'EMB_O', 'EMB_O', 'EMB_O', 'EMB_O', 'EMB_O', 'EMB_O', 'EMB_O', 'EMB_O', 'EMB_O', 'EMB_O', 'EMB_O', 'EMB_O', 'OPN_B', 'OPN_E', 'EMB_O', 'EMB_O', 'EMB_O', 'EMB_O', 'EMB_O', 'EMB_O', 'EMB_O', 'EMB_O', 'EMB_O', 'EMB_O', 'EMB_O', 'EMB_O', 'EMB_O', 'EMB_O', 'EMB_O', 'EMB_O', 'EMB_O', 'EMB_O', 'EMB_O', 'EMB_O', 'EMB_O', 'EMB_O', 'EMB_O', 'EMB_O', 'EMB_O', 'EMB_O', 'EMB_O', 'EMB_O', 'EMB_O', 'EMB_O', 'EMB_O', 'EMB_P', 'EMB_P', 'EMB_P', 'EMB_P', 'EMB_P', 'EMB_P', 'EMB_P', 'EMB_P', 'EMB_P', 'EMB_P', 'EMB_P', 'EMB_P', 'EMB_P', 'EMB_P', 'EMB_P', 'EMB_P', 'EMB_P', 'EMB_P', 'EMB_P', 'EMB_P', 'EMB_P', 'EMB_P', 'EMB_P', 'EMB_P', 'EMB_P', 'EMB_P', 'EMB_P', 'EMB_P', 'EMB_P', 'EMB_P', 'EMB_P', 'EMB_P', 'EMB_P', 'EMB_P', 'EMB_P', 'EMB_P', 'EMB_P', 'EMB_P', 'EMB_P', 'EMB_P', 'EMB_P', 'EMB_P', 'EMB_P', 'EMB_P', 'EMB_P', 'EMB_P', 'EMB_P', 'EMB_P', 'EMB_P', 'EMB_P', 'EMB_P', 'EMB_P', 'EMB_P', 'EMB_P', 'EMB_P', 'EMB_P', 'EMB_P', 'EMB_P', 'EMB_P', 'EMB_P', 'EMB_P', 'EMB_P', 'EMB_P', 'EMB_P', 'EMB_P', 'EMB_P', 'EMB_P', 'EMB_P', 'EMB_P']"
139,screen,even nicer,laptop_quad_dev_122,"things are less clear here ; the toshiba again has better performance , and uses a real ssd , but it has less impressive build quality and even less impressive materials ; it does offer a backlit keyboard and an even nicer screen , still the nicest of these three .",6.83,6.67,"['EMB_O', 'EMB_O', 'EMB_O', 'EMB_O', 'EMB_O', 'EMB_O', 'EMB_O', 'EMB_O', 'EMB_O', 'EMB_O', 'EMB_O', 'EMB_O', 'EMB_O', 'EMB_O', 'EMB_O', 'EMB_O', 'EMB_O', 'EMB_O', 'EMB_O', 'EMB_O', 'EMB_O', 'EMB_O', 'EMB_O', 'EMB_O', 'EMB_O', 'EMB_O', 'EMB_O', 'EMB_O', 'EMB_O', 'EMB_O', 'EMB_O', 'EMB_O', 'EMB_O', 'EMB_O', 'EMB_O', 'EMB_O', 'EMB_O', 'EMB_O', 'EMB_O', 'EMB_O', 'EMB_O', 'EMB_O', 'EMB_O', 'EMB_O', 'EMB_O', 'EMB_O', 'EMB_O', 'EMB_O', 'ASP_S', 'EMB_O', 'EMB_O', 'EMB_O', 'EMB_O', 'EMB_O', 'EMB_O', 'EMB_O', 'EMB_O', 'EMB_O', 'EMB_O', 'EMB_P', 'EMB_P', 'EMB_P', 'EMB_P', 'EMB_P', 'EMB_P', 'EMB_P', 'EMB_P', 'EMB_P', 'EMB_P', 'EMB_P', 'EMB_P', 'EMB_P', 'EMB_P', 'EMB_P', 'EMB_P', 'EMB_P', 'EMB_P', 'EMB_P', 'EMB_P', 'EMB_P', 'EMB_P', 'EMB_P', 'EMB_P', 'EMB_P', 'EMB_P', 'EMB_P', 'EMB_P', 'EMB_P', 'EMB_P', 'EMB_P', 'EMB_P', 'EMB_P', 'EMB_P', 'EMB_P', 'EMB_P', 'EMB_P', 'EMB_P', 'EMB_P', 'EMB_P', 'EMB_P', 'EMB_P', 'EMB_P', 'EMB_P', 'EMB_P', 'EMB_P', 'EMB_P', 'EMB_P', 'EMB_P', 'EMB_P', 'EMB_P', 'EMB_P', 'EMB_P', 'EMB_P', 'EMB_P', 'EMB_P', 'EMB_P', 'EMB_P', 'EMB_P', 'EMB_P', 'EMB_P', 'EMB_P', 'EMB_P', 'EMB_P', 'EMB_P', 'EMB_P', 'EMB_P', 'EMB_P', 'EMB_P']","['EMB_O', 'EMB_O', 'EMB_O', 'EMB_O', 'EMB_O', 'EMB_O', 'EMB_O', 'EMB_O', 'EMB_O', 'EMB_O', 'EMB_O', 'EMB_O', 'EMB_O', 'EMB_O', 'EMB_O', 'EMB_O', 'EMB_O', 'EMB_O', 'EMB_O', 'EMB_O', 'EMB_O', 'EMB_O', 'EMB_O', 'EMB_O', 'EMB_O', 'EMB_O', 'EMB_O', 'EMB_O', 'EMB_O', 'EMB_O', 'EMB_O', 'EMB_O', 'EMB_O', 'EMB_O', 'EMB_O', 'EMB_O', 'EMB_O', 'EMB_O', 'EMB_O', 'EMB_O', 'EMB_O', 'EMB_O', 'EMB_O', 'EMB_O', 'EMB_O', 'OPN_B', 'OPN_I', 'OPN_E', 'EMB_O', 'EMB_O', 'EMB_O', 'EMB_O', 'EMB_O', 'EMB_O', 'EMB_O', 'EMB_O', 'EMB_O', 'EMB_O', 'EMB_O', 'EMB_P', 'EMB_P', 'EMB_P', 'EMB_P', 'EMB_P', 'EMB_P', 'EMB_P', 'EMB_P', 'EMB_P', 'EMB_P', 'EMB_P', 'EMB_P', 'EMB_P', 'EMB_P', 'EMB_P', 'EMB_P', 'EMB_P', 'EMB_P', 'EMB_P', 'EMB_P', 'EMB_P', 'EMB_P', 'EMB_P', 'EMB_P', 'EMB_P', 'EMB_P', 'EMB_P', 'EMB_P', 'EMB_P', 'EMB_P', 'EMB_P', 'EMB_P', 'EMB_P', 'EMB_P', 'EMB_P', 'EMB_P', 'EMB_P', 'EMB_P', 'EMB_P', 'EMB_P', 'EMB_P', 'EMB_P', 'EMB_P', 'EMB_P', 'EMB_P', 'EMB_P', 'EMB_P', 'EMB_P', 'EMB_P', 'EMB_P', 'EMB_P', 'EMB_P', 'EMB_P', 'EMB_P', 'EMB_P', 'EMB_P', 'EMB_P', 'EMB_P', 'EMB_P', 'EMB_P', 'EMB_P', 'EMB_P', 'EMB_P', 'EMB_P', 'EMB_P', 'EMB_P', 'EMB_P', 'EMB_P', 'EMB_P']"
140,device,exaggerating,laptop_quad_dev_123,"i only mention this because , in my opinion , you ' re getting about $ 300 worth of performance here ; anyone telling you this device runs like a $ 500 or $ 800 computer is exaggerating .",3.38,6.25,"['EMB_O', 'EMB_O', 'EMB_O', 'EMB_O', 'EMB_O', 'EMB_O', 'EMB_O', 'EMB_O', 'EMB_O', 'EMB_O', 'EMB_O', 'EMB_O', 'EMB_O', 'EMB_O', 'EMB_O', 'EMB_O', 'EMB_O', 'EMB_O', 'EMB_O', 'EMB_O', 'EMB_O', 'EMB_O', 'EMB_O', 'EMB_O', 'EMB_O', 'EMB_O', 'EMB_O', 'ASP_S', 'EMB_O', 'EMB_O', 'EMB_O', 'EMB_O', 'EMB_O', 'EMB_O', 'EMB_O', 'EMB_O', 'EMB_O', 'EMB_O', 'EMB_O', 'EMB_O', 'EMB_O', 'EMB_O', 'EMB_O', 'EMB_O', 'EMB_P', 'EMB_P', 'EMB_P', 'EMB_P', 'EMB_P', 'EMB_P', 'EMB_P', 'EMB_P', 'EMB_P', 'EMB_P', 'EMB_P', 'EMB_P', 'EMB_P', 'EMB_P', 'EMB_P', 'EMB_P', 'EMB_P', 'EMB_P', 'EMB_P', 'EMB_P', 'EMB_P', 'EMB_P', 'EMB_P', 'EMB_P', 'EMB_P', 'EMB_P', 'EMB_P', 'EMB_P', 'EMB_P', 'EMB_P', 'EMB_P', 'EMB_P', 'EMB_P', 'EMB_P', 'EMB_P', 'EMB_P', 'EMB_P', 'EMB_P', 'EMB_P', 'EMB_P', 'EMB_P', 'EMB_P', 'EMB_P', 'EMB_P', 'EMB_P', 'EMB_P', 'EMB_P', 'EMB_P', 'EMB_P', 'EMB_P', 'EMB_P', 'EMB_P', 'EMB_P', 'EMB_P', 'EMB_P', 'EMB_P', 'EMB_P', 'EMB_P', 'EMB_P', 'EMB_P', 'EMB_P', 'EMB_P', 'EMB_P', 'EMB_P', 'EMB_P', 'EMB_P', 'EMB_P', 'EMB_P', 'EMB_P', 'EMB_P', 'EMB_P', 'EMB_P', 'EMB_P', 'EMB_P', 'EMB_P', 'EMB_P', 'EMB_P', 'EMB_P', 'EMB_P', 'EMB_P', 'EMB_P', 'EMB_P', 'EMB_P', 'EMB_P']","['EMB_O', 'EMB_O', 'EMB_O', 'EMB_O', 'EMB_O', 'EMB_O', 'EMB_O', 'EMB_O', 'EMB_O', 'EMB_O', 'EMB_O', 'EMB_O', 'EMB_O', 'EMB_O', 'EMB_O', 'EMB_O', 'EMB_O', 'EMB_O', 'EMB_O', 'EMB_O', 'EMB_O', 'EMB_O', 'EMB_O', 'EMB_O', 'EMB_O', 'EMB_O', 'EMB_O', 'EMB_O', 'EMB_O', 'EMB_O', 'EMB_O', 'EMB_O', 'EMB_O', 'EMB_O', 'EMB_O', 'EMB_O', 'EMB_O', 'EMB_O', 'OPN_B', 'OPN_I', 'OPN_I', 'OPN_E', 'EMB_O', 'EMB_O', 'EMB_P', 'EMB_P', 'EMB_P', 'EMB_P', 'EMB_P', 'EMB_P', 'EMB_P', 'EMB_P', 'EMB_P', 'EMB_P', 'EMB_P', 'EMB_P', 'EMB_P', 'EMB_P', 'EMB_P', 'EMB_P', 'EMB_P', 'EMB_P', 'EMB_P', 'EMB_P', 'EMB_P', 'EMB_P', 'EMB_P', 'EMB_P', 'EMB_P', 'EMB_P', 'EMB_P', 'EMB_P', 'EMB_P', 'EMB_P', 'EMB_P', 'EMB_P', 'EMB_P', 'EMB_P', 'EMB_P', 'EMB_P', 'EMB_P', 'EMB_P', 'EMB_P', 'EMB_P', 'EMB_P', 'EMB_P', 'EMB_P', 'EMB_P', 'EMB_P', 'EMB_P', 'EMB_P', 'EMB_P', 'EMB_P', 'EMB_P', 'EMB_P', 'EMB_P', 'EMB_P', 'EMB_P', 'EMB_P', 'EMB_P', 'EMB_P', 'EMB_P', 'EMB_P', 'EMB_P', 'EMB_P', 'EMB_P', 'EMB_P', 'EMB_P', 'EMB_P', 'EMB_P', 'EMB_P', 'EMB_P', 'EMB_P', 'EMB_P', 'EMB_P', 'EMB_P', 'EMB_P', 'EMB_P', 'EMB_P', 'EMB_P', 'EMB_P', 'EMB_P', 'EMB_P', 'EMB_P', 'EMB_P', 'EMB_P', 'EMB_P', 'EMB_P']"
141,machines,cheap,laptop_quad_dev_124,"for home users , these cheap machines fit many use cases from casual browsing and two - screening , to watching videos and calling family .",6.5,5.5,"['EMB_O', 'EMB_O', 'EMB_O', 'EMB_O', 'EMB_O', 'EMB_O', 'EMB_O', 'EMB_O', 'ASP_S', 'EMB_O', 'EMB_O', 'EMB_O', 'EMB_O', 'EMB_O', 'EMB_O', 'EMB_O', 'EMB_O', 'EMB_O', 'EMB_O', 'EMB_O', 'EMB_O', 'EMB_O', 'EMB_O', 'EMB_O', 'EMB_O', 'EMB_O', 'EMB_O', 'EMB_O', 'EMB_O', 'EMB_O', 'EMB_O', 'EMB_O', 'EMB_P', 'EMB_P', 'EMB_P', 'EMB_P', 'EMB_P', 'EMB_P', 'EMB_P', 'EMB_P', 'EMB_P', 'EMB_P', 'EMB_P', 'EMB_P', 'EMB_P', 'EMB_P', 'EMB_P', 'EMB_P', 'EMB_P', 'EMB_P', 'EMB_P', 'EMB_P', 'EMB_P', 'EMB_P', 'EMB_P', 'EMB_P', 'EMB_P', 'EMB_P', 'EMB_P', 'EMB_P', 'EMB_P', 'EMB_P', 'EMB_P', 'EMB_P', 'EMB_P', 'EMB_P', 'EMB_P', 'EMB_P', 'EMB_P', 'EMB_P', 'EMB_P', 'EMB_P', 'EMB_P', 'EMB_P', 'EMB_P', 'EMB_P', 'EMB_P', 'EMB_P', 'EMB_P', 'EMB_P', 'EMB_P', 'EMB_P', 'EMB_P', 'EMB_P', 'EMB_P', 'EMB_P', 'EMB_P', 'EMB_P', 'EMB_P', 'EMB_P', 'EMB_P', 'EMB_P', 'EMB_P', 'EMB_P', 'EMB_P', 'EMB_P', 'EMB_P', 'EMB_P', 'EMB_P', 'EMB_P', 'EMB_P', 'EMB_P', 'EMB_P', 'EMB_P', 'EMB_P', 'EMB_P', 'EMB_P', 'EMB_P', 'EMB_P', 'EMB_P', 'EMB_P', 'EMB_P', 'EMB_P', 'EMB_P', 'EMB_P', 'EMB_P', 'EMB_P', 'EMB_P', 'EMB_P', 'EMB_P', 'EMB_P', 'EMB_P', 'EMB_P', 'EMB_P', 'EMB_P', 'EMB_P', 'EMB_P', 'EMB_P']","['EMB_O', 'EMB_O', 'EMB_O', 'EMB_O', 'EMB_O', 'EMB_O', 'OPN_B', 'OPN_E', 'EMB_O', 'EMB_O', 'EMB_O', 'EMB_O', 'EMB_O', 'EMB_O', 'EMB_O', 'EMB_O', 'EMB_O', 'EMB_O', 'EMB_O', 'EMB_O', 'EMB_O', 'EMB_O', 'EMB_O', 'EMB_O', 'EMB_O', 'EMB_O', 'EMB_O', 'EMB_O', 'EMB_O', 'EMB_O', 'EMB_O', 'EMB_O', 'EMB_P', 'EMB_P', 'EMB_P', 'EMB_P', 'EMB_P', 'EMB_P', 'EMB_P', 'EMB_P', 'EMB_P', 'EMB_P', 'EMB_P', 'EMB_P', 'EMB_P', 'EMB_P', 'EMB_P', 'EMB_P', 'EMB_P', 'EMB_P', 'EMB_P', 'EMB_P', 'EMB_P', 'EMB_P', 'EMB_P', 'EMB_P', 'EMB_P', 'EMB_P', 'EMB_P', 'EMB_P', 'EMB_P', 'EMB_P', 'EMB_P', 'EMB_P', 'EMB_P', 'EMB_P', 'EMB_P', 'EMB_P', 'EMB_P', 'EMB_P', 'EMB_P', 'EMB_P', 'EMB_P', 'EMB_P', 'EMB_P', 'EMB_P', 'EMB_P', 'EMB_P', 'EMB_P', 'EMB_P', 'EMB_P', 'EMB_P', 'EMB_P', 'EMB_P', 'EMB_P', 'EMB_P', 'EMB_P', 'EMB_P', 'EMB_P', 'EMB_P', 'EMB_P', 'EMB_P', 'EMB_P', 'EMB_P', 'EMB_P', 'EMB_P', 'EMB_P', 'EMB_P', 'EMB_P', 'EMB_P', 'EMB_P', 'EMB_P', 'EMB_P', 'EMB_P', 'EMB_P', 'EMB_P', 'EMB_P', 'EMB_P', 'EMB_P', 'EMB_P', 'EMB_P', 'EMB_P', 'EMB_P', 'EMB_P', 'EMB_P', 'EMB_P', 'EMB_P', 'EMB_P', 'EMB_P', 'EMB_P', 'EMB_P', 'EMB_P', 'EMB_P', 'EMB_P', 'EMB_P', 'EMB_P', 'EMB_P', 'EMB_P']"
142,machine,NULL,laptop_quad_dev_125,"as a 5 - year chromebook veteran , i ' ve been waiting for this machine .",6.3,6.3,"['EMB_O', 'EMB_O', 'EMB_O', 'EMB_O', 'EMB_O', 'EMB_O', 'EMB_O', 'EMB_O', 'EMB_O', 'EMB_O', 'EMB_O', 'EMB_O', 'EMB_O', 'EMB_O', 'EMB_O', 'EMB_O', 'EMB_O', 'EMB_O', 'ASP_S', 'EMB_O', 'EMB_O', 'EMB_P', 'EMB_P', 'EMB_P', 'EMB_P', 'EMB_P', 'EMB_P', 'EMB_P', 'EMB_P', 'EMB_P', 'EMB_P', 'EMB_P', 'EMB_P', 'EMB_P', 'EMB_P', 'EMB_P', 'EMB_P', 'EMB_P', 'EMB_P', 'EMB_P', 'EMB_P', 'EMB_P', 'EMB_P', 'EMB_P', 'EMB_P', 'EMB_P', 'EMB_P', 'EMB_P', 'EMB_P', 'EMB_P', 'EMB_P', 'EMB_P', 'EMB_P', 'EMB_P', 'EMB_P', 'EMB_P', 'EMB_P', 'EMB_P', 'EMB_P', 'EMB_P', 'EMB_P', 'EMB_P', 'EMB_P', 'EMB_P', 'EMB_P', 'EMB_P', 'EMB_P', 'EMB_P', 'EMB_P', 'EMB_P', 'EMB_P', 'EMB_P', 'EMB_P', 'EMB_P', 'EMB_P', 'EMB_P', 'EMB_P', 'EMB_P', 'EMB_P', 'EMB_P', 'EMB_P', 'EMB_P', 'EMB_P', 'EMB_P', 'EMB_P', 'EMB_P', 'EMB_P', 'EMB_P', 'EMB_P', 'EMB_P', 'EMB_P', 'EMB_P', 'EMB_P', 'EMB_P', 'EMB_P', 'EMB_P', 'EMB_P', 'EMB_P', 'EMB_P', 'EMB_P', 'EMB_P', 'EMB_P', 'EMB_P', 'EMB_P', 'EMB_P', 'EMB_P', 'EMB_P', 'EMB_P', 'EMB_P', 'EMB_P', 'EMB_P', 'EMB_P', 'EMB_P', 'EMB_P', 'EMB_P', 'EMB_P', 'EMB_P', 'EMB_P', 'EMB_P', 'EMB_P', 'EMB_P', 'EMB_P', 'EMB_P', 'EMB_P', 'EMB_P', 'EMB_P', 'EMB_P', 'EMB_P']","['EMB_O', 'EMB_O', 'EMB_O', 'EMB_O', 'EMB_O', 'EMB_O', 'EMB_O', 'EMB_O', 'EMB_O', 'EMB_O', 'EMB_O', 'EMB_O', 'EMB_O', 'EMB_O', 'EMB_O', 'EMB_O', 'EMB_O', 'EMB_O', 'EMB_O', 'EMB_O', 'EMB_O', 'EMB_P', 'EMB_P', 'EMB_P', 'EMB_P', 'EMB_P', 'EMB_P', 'EMB_P', 'EMB_P', 'EMB_P', 'EMB_P', 'EMB_P', 'EMB_P', 'EMB_P', 'EMB_P', 'EMB_P', 'EMB_P', 'EMB_P', 'EMB_P', 'EMB_P', 'EMB_P', 'EMB_P', 'EMB_P', 'EMB_P', 'EMB_P', 'EMB_P', 'EMB_P', 'EMB_P', 'EMB_P', 'EMB_P', 'EMB_P', 'EMB_P', 'EMB_P', 'EMB_P', 'EMB_P', 'EMB_P', 'EMB_P', 'EMB_P', 'EMB_P', 'EMB_P', 'EMB_P', 'EMB_P', 'EMB_P', 'EMB_P', 'EMB_P', 'EMB_P', 'EMB_P', 'EMB_P', 'EMB_P', 'EMB_P', 'EMB_P', 'EMB_P', 'EMB_P', 'EMB_P', 'EMB_P', 'EMB_P', 'EMB_P', 'EMB_P', 'EMB_P', 'EMB_P', 'EMB_P', 'EMB_P', 'EMB_P', 'EMB_P', 'EMB_P', 'EMB_P', 'EMB_P', 'EMB_P', 'EMB_P', 'EMB_P', 'EMB_P', 'EMB_P', 'EMB_P', 'EMB_P', 'EMB_P', 'EMB_P', 'EMB_P', 'EMB_P', 'EMB_P', 'EMB_P', 'EMB_P', 'EMB_P', 'EMB_P', 'EMB_P', 'EMB_P', 'EMB_P', 'EMB_P', 'EMB_P', 'EMB_P', 'EMB_P', 'EMB_P', 'EMB_P', 'EMB_P', 'EMB_P', 'EMB_P', 'EMB_P', 'EMB_P', 'EMB_P', 'EMB_P', 'EMB_P', 'EMB_P', 'EMB_P', 'EMB_P', 'EMB_P', 'EMB_P', 'EMB_P', 'EMB_P', 'EMB_P']"
143,processor,best,laptop_quad_dev_126,"the processor on this chromebook is one of the best you can get on a chromebook at this price ( i did plenty of research ) , but you start to notice a lag when you have more than 3 browsers open at once .",8.0,7.67,"['EMB_O', 'EMB_O', 'ASP_S', 'EMB_O', 'EMB_O', 'EMB_O', 'EMB_O', 'EMB_O', 'EMB_O', 'EMB_O', 'EMB_O', 'EMB_O', 'EMB_O', 'EMB_O', 'EMB_O', 'EMB_O', 'EMB_O', 'EMB_O', 'EMB_O', 'EMB_O', 'EMB_O', 'EMB_O', 'EMB_O', 'EMB_O', 'EMB_O', 'EMB_O', 'EMB_O', 'EMB_O', 'EMB_O', 'EMB_O', 'EMB_O', 'EMB_O', 'EMB_O', 'EMB_O', 'EMB_O', 'EMB_O', 'EMB_O', 'EMB_O', 'EMB_O', 'EMB_O', 'EMB_O', 'EMB_O', 'EMB_O', 'EMB_O', 'EMB_O', 'EMB_O', 'EMB_O', 'EMB_O', 'EMB_O', 'EMB_O', 'EMB_O', 'EMB_O', 'EMB_O', 'EMB_P', 'EMB_P', 'EMB_P', 'EMB_P', 'EMB_P', 'EMB_P', 'EMB_P', 'EMB_P', 'EMB_P', 'EMB_P', 'EMB_P', 'EMB_P', 'EMB_P', 'EMB_P', 'EMB_P', 'EMB_P', 'EMB_P', 'EMB_P', 'EMB_P', 'EMB_P', 'EMB_P', 'EMB_P', 'EMB_P', 'EMB_P', 'EMB_P', 'EMB_P', 'EMB_P', 'EMB_P', 'EMB_P', 'EMB_P', 'EMB_P', 'EMB_P', 'EMB_P', 'EMB_P', 'EMB_P', 'EMB_P', 'EMB_P', 'EMB_P', 'EMB_P', 'EMB_P', 'EMB_P', 'EMB_P', 'EMB_P', 'EMB_P', 'EMB_P', 'EMB_P', 'EMB_P', 'EMB_P', 'EMB_P', 'EMB_P', 'EMB_P', 'EMB_P', 'EMB_P', 'EMB_P', 'EMB_P', 'EMB_P', 'EMB_P', 'EMB_P', 'EMB_P', 'EMB_P', 'EMB_P', 'EMB_P', 'EMB_P', 'EMB_P', 'EMB_P', 'EMB_P', 'EMB_P', 'EMB_P', 'EMB_P', 'EMB_P', 'EMB_P', 'EMB_P', 'EMB_P', 'EMB_P', 'EMB_P']","['EMB_O', 'EMB_O', 'EMB_O', 'EMB_O', 'EMB_O', 'EMB_O', 'EMB_O', 'EMB_O', 'EMB_O', 'EMB_O', 'EMB_O', 'EMB_O', 'OPN_S', 'EMB_O', 'EMB_O', 'EMB_O', 'EMB_O', 'EMB_O', 'EMB_O', 'EMB_O', 'EMB_O', 'EMB_O', 'EMB_O', 'EMB_O', 'EMB_O', 'EMB_O', 'EMB_O', 'EMB_O', 'EMB_O', 'EMB_O', 'EMB_O', 'EMB_O', 'EMB_O', 'EMB_O', 'EMB_O', 'EMB_O', 'EMB_O', 'EMB_O', 'EMB_O', 'EMB_O', 'EMB_O', 'EMB_O', 'EMB_O', 'EMB_O', 'EMB_O', 'EMB_O', 'EMB_O', 'EMB_O', 'EMB_O', 'EMB_O', 'EMB_O', 'EMB_O', 'EMB_O', 'EMB_P', 'EMB_P', 'EMB_P', 'EMB_P', 'EMB_P', 'EMB_P', 'EMB_P', 'EMB_P', 'EMB_P', 'EMB_P', 'EMB_P', 'EMB_P', 'EMB_P', 'EMB_P', 'EMB_P', 'EMB_P', 'EMB_P', 'EMB_P', 'EMB_P', 'EMB_P', 'EMB_P', 'EMB_P', 'EMB_P', 'EMB_P', 'EMB_P', 'EMB_P', 'EMB_P', 'EMB_P', 'EMB_P', 'EMB_P', 'EMB_P', 'EMB_P', 'EMB_P', 'EMB_P', 'EMB_P', 'EMB_P', 'EMB_P', 'EMB_P', 'EMB_P', 'EMB_P', 'EMB_P', 'EMB_P', 'EMB_P', 'EMB_P', 'EMB_P', 'EMB_P', 'EMB_P', 'EMB_P', 'EMB_P', 'EMB_P', 'EMB_P', 'EMB_P', 'EMB_P', 'EMB_P', 'EMB_P', 'EMB_P', 'EMB_P', 'EMB_P', 'EMB_P', 'EMB_P', 'EMB_P', 'EMB_P', 'EMB_P', 'EMB_P', 'EMB_P', 'EMB_P', 'EMB_P', 'EMB_P', 'EMB_P', 'EMB_P', 'EMB_P', 'EMB_P', 'EMB_P', 'EMB_P', 'EMB_P']"
144,chromebook,negligible,laptop_quad_dev_127,"but , honesty , for the intended use case of a budget chromebook ( youtube , bill paying , amazon prime watching machine ) this difference is negligible .",6.62,7.0,"['EMB_O', 'EMB_O', 'EMB_O', 'EMB_O', 'EMB_O', 'EMB_O', 'EMB_O', 'EMB_O', 'EMB_O', 'EMB_O', 'EMB_O', 'EMB_O', 'EMB_O', 'EMB_O', 'EMB_O', 'ASP_B', 'ASP_I', 'ASP_E', 'EMB_O', 'EMB_O', 'EMB_O', 'EMB_O', 'EMB_O', 'EMB_O', 'EMB_O', 'EMB_O', 'EMB_O', 'EMB_O', 'EMB_O', 'EMB_O', 'EMB_O', 'EMB_O', 'EMB_O', 'EMB_O', 'EMB_O', 'EMB_O', 'EMB_O', 'EMB_O', 'EMB_P', 'EMB_P', 'EMB_P', 'EMB_P', 'EMB_P', 'EMB_P', 'EMB_P', 'EMB_P', 'EMB_P', 'EMB_P', 'EMB_P', 'EMB_P', 'EMB_P', 'EMB_P', 'EMB_P', 'EMB_P', 'EMB_P', 'EMB_P', 'EMB_P', 'EMB_P', 'EMB_P', 'EMB_P', 'EMB_P', 'EMB_P', 'EMB_P', 'EMB_P', 'EMB_P', 'EMB_P', 'EMB_P', 'EMB_P', 'EMB_P', 'EMB_P', 'EMB_P', 'EMB_P', 'EMB_P', 'EMB_P', 'EMB_P', 'EMB_P', 'EMB_P', 'EMB_P', 'EMB_P', 'EMB_P', 'EMB_P', 'EMB_P', 'EMB_P', 'EMB_P', 'EMB_P', 'EMB_P', 'EMB_P', 'EMB_P', 'EMB_P', 'EMB_P', 'EMB_P', 'EMB_P', 'EMB_P', 'EMB_P', 'EMB_P', 'EMB_P', 'EMB_P', 'EMB_P', 'EMB_P', 'EMB_P', 'EMB_P', 'EMB_P', 'EMB_P', 'EMB_P', 'EMB_P', 'EMB_P', 'EMB_P', 'EMB_P', 'EMB_P', 'EMB_P', 'EMB_P', 'EMB_P', 'EMB_P', 'EMB_P', 'EMB_P', 'EMB_P', 'EMB_P', 'EMB_P', 'EMB_P', 'EMB_P', 'EMB_P', 'EMB_P', 'EMB_P', 'EMB_P', 'EMB_P', 'EMB_P', 'EMB_P', 'EMB_P']","['EMB_O', 'EMB_O', 'EMB_O', 'EMB_O', 'EMB_O', 'EMB_O', 'EMB_O', 'EMB_O', 'EMB_O', 'EMB_O', 'EMB_O', 'EMB_O', 'EMB_O', 'EMB_O', 'EMB_O', 'EMB_O', 'EMB_O', 'EMB_O', 'EMB_O', 'EMB_O', 'EMB_O', 'EMB_O', 'EMB_O', 'EMB_O', 'EMB_O', 'EMB_O', 'EMB_O', 'EMB_O', 'EMB_O', 'EMB_O', 'EMB_O', 'EMB_O', 'EMB_O', 'OPN_B', 'OPN_I', 'OPN_E', 'EMB_O', 'EMB_O', 'EMB_P', 'EMB_P', 'EMB_P', 'EMB_P', 'EMB_P', 'EMB_P', 'EMB_P', 'EMB_P', 'EMB_P', 'EMB_P', 'EMB_P', 'EMB_P', 'EMB_P', 'EMB_P', 'EMB_P', 'EMB_P', 'EMB_P', 'EMB_P', 'EMB_P', 'EMB_P', 'EMB_P', 'EMB_P', 'EMB_P', 'EMB_P', 'EMB_P', 'EMB_P', 'EMB_P', 'EMB_P', 'EMB_P', 'EMB_P', 'EMB_P', 'EMB_P', 'EMB_P', 'EMB_P', 'EMB_P', 'EMB_P', 'EMB_P', 'EMB_P', 'EMB_P', 'EMB_P', 'EMB_P', 'EMB_P', 'EMB_P', 'EMB_P', 'EMB_P', 'EMB_P', 'EMB_P', 'EMB_P', 'EMB_P', 'EMB_P', 'EMB_P', 'EMB_P', 'EMB_P', 'EMB_P', 'EMB_P', 'EMB_P', 'EMB_P', 'EMB_P', 'EMB_P', 'EMB_P', 'EMB_P', 'EMB_P', 'EMB_P', 'EMB_P', 'EMB_P', 'EMB_P', 'EMB_P', 'EMB_P', 'EMB_P', 'EMB_P', 'EMB_P', 'EMB_P', 'EMB_P', 'EMB_P', 'EMB_P', 'EMB_P', 'EMB_P', 'EMB_P', 'EMB_P', 'EMB_P', 'EMB_P', 'EMB_P', 'EMB_P', 'EMB_P', 'EMB_P', 'EMB_P', 'EMB_P', 'EMB_P', 'EMB_P', 'EMB_P']"
145,power cord,annoying,laptop_quad_dev_128,i also don ' t want the power cord draped down the right side and annoying me .,3.5,5.33,"['EMB_O', 'EMB_O', 'EMB_O', 'EMB_O', 'EMB_O', 'EMB_O', 'EMB_O', 'EMB_O', 'ASP_B', 'ASP_I', 'ASP_E', 'EMB_O', 'EMB_O', 'EMB_O', 'EMB_O', 'EMB_O', 'EMB_O', 'EMB_O', 'EMB_O', 'EMB_O', 'EMB_O', 'EMB_O', 'EMB_O', 'EMB_P', 'EMB_P', 'EMB_P', 'EMB_P', 'EMB_P', 'EMB_P', 'EMB_P', 'EMB_P', 'EMB_P', 'EMB_P', 'EMB_P', 'EMB_P', 'EMB_P', 'EMB_P', 'EMB_P', 'EMB_P', 'EMB_P', 'EMB_P', 'EMB_P', 'EMB_P', 'EMB_P', 'EMB_P', 'EMB_P', 'EMB_P', 'EMB_P', 'EMB_P', 'EMB_P', 'EMB_P', 'EMB_P', 'EMB_P', 'EMB_P', 'EMB_P', 'EMB_P', 'EMB_P', 'EMB_P', 'EMB_P', 'EMB_P', 'EMB_P', 'EMB_P', 'EMB_P', 'EMB_P', 'EMB_P', 'EMB_P', 'EMB_P', 'EMB_P', 'EMB_P', 'EMB_P', 'EMB_P', 'EMB_P', 'EMB_P', 'EMB_P', 'EMB_P', 'EMB_P', 'EMB_P', 'EMB_P', 'EMB_P', 'EMB_P', 'EMB_P', 'EMB_P', 'EMB_P', 'EMB_P', 'EMB_P', 'EMB_P', 'EMB_P', 'EMB_P', 'EMB_P', 'EMB_P', 'EMB_P', 'EMB_P', 'EMB_P', 'EMB_P', 'EMB_P', 'EMB_P', 'EMB_P', 'EMB_P', 'EMB_P', 'EMB_P', 'EMB_P', 'EMB_P', 'EMB_P', 'EMB_P', 'EMB_P', 'EMB_P', 'EMB_P', 'EMB_P', 'EMB_P', 'EMB_P', 'EMB_P', 'EMB_P', 'EMB_P', 'EMB_P', 'EMB_P', 'EMB_P', 'EMB_P', 'EMB_P', 'EMB_P', 'EMB_P', 'EMB_P', 'EMB_P', 'EMB_P', 'EMB_P', 'EMB_P', 'EMB_P', 'EMB_P', 'EMB_P']","['EMB_O', 'EMB_O', 'EMB_O', 'EMB_O', 'EMB_O', 'EMB_O', 'EMB_O', 'EMB_O', 'EMB_O', 'EMB_O', 'EMB_O', 'EMB_O', 'EMB_O', 'EMB_O', 'EMB_O', 'EMB_O', 'EMB_O', 'EMB_O', 'OPN_B', 'OPN_E', 'EMB_O', 'EMB_O', 'EMB_O', 'EMB_P', 'EMB_P', 'EMB_P', 'EMB_P', 'EMB_P', 'EMB_P', 'EMB_P', 'EMB_P', 'EMB_P', 'EMB_P', 'EMB_P', 'EMB_P', 'EMB_P', 'EMB_P', 'EMB_P', 'EMB_P', 'EMB_P', 'EMB_P', 'EMB_P', 'EMB_P', 'EMB_P', 'EMB_P', 'EMB_P', 'EMB_P', 'EMB_P', 'EMB_P', 'EMB_P', 'EMB_P', 'EMB_P', 'EMB_P', 'EMB_P', 'EMB_P', 'EMB_P', 'EMB_P', 'EMB_P', 'EMB_P', 'EMB_P', 'EMB_P', 'EMB_P', 'EMB_P', 'EMB_P', 'EMB_P', 'EMB_P', 'EMB_P', 'EMB_P', 'EMB_P', 'EMB_P', 'EMB_P', 'EMB_P', 'EMB_P', 'EMB_P', 'EMB_P', 'EMB_P', 'EMB_P', 'EMB_P', 'EMB_P', 'EMB_P', 'EMB_P', 'EMB_P', 'EMB_P', 'EMB_P', 'EMB_P', 'EMB_P', 'EMB_P', 'EMB_P', 'EMB_P', 'EMB_P', 'EMB_P', 'EMB_P', 'EMB_P', 'EMB_P', 'EMB_P', 'EMB_P', 'EMB_P', 'EMB_P', 'EMB_P', 'EMB_P', 'EMB_P', 'EMB_P', 'EMB_P', 'EMB_P', 'EMB_P', 'EMB_P', 'EMB_P', 'EMB_P', 'EMB_P', 'EMB_P', 'EMB_P', 'EMB_P', 'EMB_P', 'EMB_P', 'EMB_P', 'EMB_P', 'EMB_P', 'EMB_P', 'EMB_P', 'EMB_P', 'EMB_P', 'EMB_P', 'EMB_P', 'EMB_P', 'EMB_P', 'EMB_P', 'EMB_P', 'EMB_P']"
146,NULL,pleasantly,laptop_quad_dev_129,i was pleasantly surprised at how good it is .,7.67,7.83,"['EMB_O', 'EMB_O', 'EMB_O', 'EMB_O', 'EMB_O', 'EMB_O', 'EMB_O', 'EMB_O', 'EMB_O', 'EMB_O', 'EMB_O', 'EMB_O', 'EMB_O', 'EMB_O', 'EMB_O', 'EMB_O', 'EMB_P', 'EMB_P', 'EMB_P', 'EMB_P', 'EMB_P', 'EMB_P', 'EMB_P', 'EMB_P', 'EMB_P', 'EMB_P', 'EMB_P', 'EMB_P', 'EMB_P', 'EMB_P', 'EMB_P', 'EMB_P', 'EMB_P', 'EMB_P', 'EMB_P', 'EMB_P', 'EMB_P', 'EMB_P', 'EMB_P', 'EMB_P', 'EMB_P', 'EMB_P', 'EMB_P', 'EMB_P', 'EMB_P', 'EMB_P', 'EMB_P', 'EMB_P', 'EMB_P', 'EMB_P', 'EMB_P', 'EMB_P', 'EMB_P', 'EMB_P', 'EMB_P', 'EMB_P', 'EMB_P', 'EMB_P', 'EMB_P', 'EMB_P', 'EMB_P', 'EMB_P', 'EMB_P', 'EMB_P', 'EMB_P', 'EMB_P', 'EMB_P', 'EMB_P', 'EMB_P', 'EMB_P', 'EMB_P', 'EMB_P', 'EMB_P', 'EMB_P', 'EMB_P', 'EMB_P', 'EMB_P', 'EMB_P', 'EMB_P', 'EMB_P', 'EMB_P', 'EMB_P', 'EMB_P', 'EMB_P', 'EMB_P', 'EMB_P', 'EMB_P', 'EMB_P', 'EMB_P', 'EMB_P', 'EMB_P', 'EMB_P', 'EMB_P', 'EMB_P', 'EMB_P', 'EMB_P', 'EMB_P', 'EMB_P', 'EMB_P', 'EMB_P', 'EMB_P', 'EMB_P', 'EMB_P', 'EMB_P', 'EMB_P', 'EMB_P', 'EMB_P', 'EMB_P', 'EMB_P', 'EMB_P', 'EMB_P', 'EMB_P', 'EMB_P', 'EMB_P', 'EMB_P', 'EMB_P', 'EMB_P', 'EMB_P', 'EMB_P', 'EMB_P', 'EMB_P', 'EMB_P', 'EMB_P', 'EMB_P', 'EMB_P', 'EMB_P', 'EMB_P', 'EMB_P']","['EMB_O', 'EMB_O', 'EMB_O', 'OPN_B', 'OPN_I', 'OPN_I', 'OPN_E', 'EMB_O', 'EMB_O', 'EMB_O', 'EMB_O', 'EMB_O', 'EMB_O', 'EMB_O', 'EMB_O', 'EMB_O', 'EMB_P', 'EMB_P', 'EMB_P', 'EMB_P', 'EMB_P', 'EMB_P', 'EMB_P', 'EMB_P', 'EMB_P', 'EMB_P', 'EMB_P', 'EMB_P', 'EMB_P', 'EMB_P', 'EMB_P', 'EMB_P', 'EMB_P', 'EMB_P', 'EMB_P', 'EMB_P', 'EMB_P', 'EMB_P', 'EMB_P', 'EMB_P', 'EMB_P', 'EMB_P', 'EMB_P', 'EMB_P', 'EMB_P', 'EMB_P', 'EMB_P', 'EMB_P', 'EMB_P', 'EMB_P', 'EMB_P', 'EMB_P', 'EMB_P', 'EMB_P', 'EMB_P', 'EMB_P', 'EMB_P', 'EMB_P', 'EMB_P', 'EMB_P', 'EMB_P', 'EMB_P', 'EMB_P', 'EMB_P', 'EMB_P', 'EMB_P', 'EMB_P', 'EMB_P', 'EMB_P', 'EMB_P', 'EMB_P', 'EMB_P', 'EMB_P', 'EMB_P', 'EMB_P', 'EMB_P', 'EMB_P', 'EMB_P', 'EMB_P', 'EMB_P', 'EMB_P', 'EMB_P', 'EMB_P', 'EMB_P', 'EMB_P', 'EMB_P', 'EMB_P', 'EMB_P', 'EMB_P', 'EMB_P', 'EMB_P', 'EMB_P', 'EMB_P', 'EMB_P', 'EMB_P', 'EMB_P', 'EMB_P', 'EMB_P', 'EMB_P', 'EMB_P', 'EMB_P', 'EMB_P', 'EMB_P', 'EMB_P', 'EMB_P', 'EMB_P', 'EMB_P', 'EMB_P', 'EMB_P', 'EMB_P', 'EMB_P', 'EMB_P', 'EMB_P', 'EMB_P', 'EMB_P', 'EMB_P', 'EMB_P', 'EMB_P', 'EMB_P', 'EMB_P', 'EMB_P', 'EMB_P', 'EMB_P', 'EMB_P', 'EMB_P', 'EMB_P', 'EMB_P', 'EMB_P']"
147,NULL,NULL,laptop_quad_dev_130,"as a windows and mac user , i wasn ' t sure if i could benefit from using chromeos , but i find myself using it more than i anticipated .",5.25,5.12,"['EMB_O', 'EMB_O', 'EMB_O', 'EMB_O', 'EMB_O', 'EMB_O', 'EMB_O', 'EMB_O', 'EMB_O', 'EMB_O', 'EMB_O', 'EMB_O', 'EMB_O', 'EMB_O', 'EMB_O', 'EMB_O', 'EMB_O', 'EMB_O', 'EMB_O', 'EMB_O', 'EMB_O', 'EMB_O', 'EMB_O', 'EMB_O', 'EMB_O', 'EMB_O', 'EMB_O', 'EMB_O', 'EMB_O', 'EMB_O', 'EMB_O', 'EMB_O', 'EMB_O', 'EMB_O', 'EMB_O', 'EMB_O', 'EMB_O', 'EMB_O', 'EMB_P', 'EMB_P', 'EMB_P', 'EMB_P', 'EMB_P', 'EMB_P', 'EMB_P', 'EMB_P', 'EMB_P', 'EMB_P', 'EMB_P', 'EMB_P', 'EMB_P', 'EMB_P', 'EMB_P', 'EMB_P', 'EMB_P', 'EMB_P', 'EMB_P', 'EMB_P', 'EMB_P', 'EMB_P', 'EMB_P', 'EMB_P', 'EMB_P', 'EMB_P', 'EMB_P', 'EMB_P', 'EMB_P', 'EMB_P', 'EMB_P', 'EMB_P', 'EMB_P', 'EMB_P', 'EMB_P', 'EMB_P', 'EMB_P', 'EMB_P', 'EMB_P', 'EMB_P', 'EMB_P', 'EMB_P', 'EMB_P', 'EMB_P', 'EMB_P', 'EMB_P', 'EMB_P', 'EMB_P', 'EMB_P', 'EMB_P', 'EMB_P', 'EMB_P', 'EMB_P', 'EMB_P', 'EMB_P', 'EMB_P', 'EMB_P', 'EMB_P', 'EMB_P', 'EMB_P', 'EMB_P', 'EMB_P', 'EMB_P', 'EMB_P', 'EMB_P', 'EMB_P', 'EMB_P', 'EMB_P', 'EMB_P', 'EMB_P', 'EMB_P', 'EMB_P', 'EMB_P', 'EMB_P', 'EMB_P', 'EMB_P', 'EMB_P', 'EMB_P', 'EMB_P', 'EMB_P', 'EMB_P', 'EMB_P', 'EMB_P', 'EMB_P', 'EMB_P', 'EMB_P', 'EMB_P', 'EMB_P', 'EMB_P', 'EMB_P']","['EMB_O', 'EMB_O', 'EMB_O', 'EMB_O', 'EMB_O', 'EMB_O', 'EMB_O', 'EMB_O', 'EMB_O', 'EMB_O', 'EMB_O', 'EMB_O', 'EMB_O', 'EMB_O', 'EMB_O', 'EMB_O', 'EMB_O', 'EMB_O', 'EMB_O', 'EMB_O', 'EMB_O', 'EMB_O', 'EMB_O', 'EMB_O', 'EMB_O', 'EMB_O', 'EMB_O', 'EMB_O', 'EMB_O', 'EMB_O', 'EMB_O', 'EMB_O', 'EMB_O', 'EMB_O', 'EMB_O', 'EMB_O', 'EMB_O', 'EMB_O', 'EMB_P', 'EMB_P', 'EMB_P', 'EMB_P', 'EMB_P', 'EMB_P', 'EMB_P', 'EMB_P', 'EMB_P', 'EMB_P', 'EMB_P', 'EMB_P', 'EMB_P', 'EMB_P', 'EMB_P', 'EMB_P', 'EMB_P', 'EMB_P', 'EMB_P', 'EMB_P', 'EMB_P', 'EMB_P', 'EMB_P', 'EMB_P', 'EMB_P', 'EMB_P', 'EMB_P', 'EMB_P', 'EMB_P', 'EMB_P', 'EMB_P', 'EMB_P', 'EMB_P', 'EMB_P', 'EMB_P', 'EMB_P', 'EMB_P', 'EMB_P', 'EMB_P', 'EMB_P', 'EMB_P', 'EMB_P', 'EMB_P', 'EMB_P', 'EMB_P', 'EMB_P', 'EMB_P', 'EMB_P', 'EMB_P', 'EMB_P', 'EMB_P', 'EMB_P', 'EMB_P', 'EMB_P', 'EMB_P', 'EMB_P', 'EMB_P', 'EMB_P', 'EMB_P', 'EMB_P', 'EMB_P', 'EMB_P', 'EMB_P', 'EMB_P', 'EMB_P', 'EMB_P', 'EMB_P', 'EMB_P', 'EMB_P', 'EMB_P', 'EMB_P', 'EMB_P', 'EMB_P', 'EMB_P', 'EMB_P', 'EMB_P', 'EMB_P', 'EMB_P', 'EMB_P', 'EMB_P', 'EMB_P', 'EMB_P', 'EMB_P', 'EMB_P', 'EMB_P', 'EMB_P', 'EMB_P', 'EMB_P', 'EMB_P', 'EMB_P']"
148,macbook pro,extremely hesitant,laptop_quad_dev_131,i was extremely hesitant to buy a used macbook pro ( it ' s still a lot of money ) but so far am surprisingly pleased with it .,6.0,5.83,"['EMB_O', 'EMB_O', 'EMB_O', 'EMB_O', 'EMB_O', 'EMB_O', 'EMB_O', 'EMB_O', 'EMB_O', 'EMB_O', 'EMB_O', 'ASP_B', 'ASP_I', 'ASP_E', 'EMB_O', 'EMB_O', 'EMB_O', 'EMB_O', 'EMB_O', 'EMB_O', 'EMB_O', 'EMB_O', 'EMB_O', 'EMB_O', 'EMB_O', 'EMB_O', 'EMB_O', 'EMB_O', 'EMB_O', 'EMB_O', 'EMB_O', 'EMB_O', 'EMB_O', 'EMB_O', 'EMB_O', 'EMB_O', 'EMB_O', 'EMB_O', 'EMB_P', 'EMB_P', 'EMB_P', 'EMB_P', 'EMB_P', 'EMB_P', 'EMB_P', 'EMB_P', 'EMB_P', 'EMB_P', 'EMB_P', 'EMB_P', 'EMB_P', 'EMB_P', 'EMB_P', 'EMB_P', 'EMB_P', 'EMB_P', 'EMB_P', 'EMB_P', 'EMB_P', 'EMB_P', 'EMB_P', 'EMB_P', 'EMB_P', 'EMB_P', 'EMB_P', 'EMB_P', 'EMB_P', 'EMB_P', 'EMB_P', 'EMB_P', 'EMB_P', 'EMB_P', 'EMB_P', 'EMB_P', 'EMB_P', 'EMB_P', 'EMB_P', 'EMB_P', 'EMB_P', 'EMB_P', 'EMB_P', 'EMB_P', 'EMB_P', 'EMB_P', 'EMB_P', 'EMB_P', 'EMB_P', 'EMB_P', 'EMB_P', 'EMB_P', 'EMB_P', 'EMB_P', 'EMB_P', 'EMB_P', 'EMB_P', 'EMB_P', 'EMB_P', 'EMB_P', 'EMB_P', 'EMB_P', 'EMB_P', 'EMB_P', 'EMB_P', 'EMB_P', 'EMB_P', 'EMB_P', 'EMB_P', 'EMB_P', 'EMB_P', 'EMB_P', 'EMB_P', 'EMB_P', 'EMB_P', 'EMB_P', 'EMB_P', 'EMB_P', 'EMB_P', 'EMB_P', 'EMB_P', 'EMB_P', 'EMB_P', 'EMB_P', 'EMB_P', 'EMB_P', 'EMB_P', 'EMB_P', 'EMB_P', 'EMB_P']","['EMB_O', 'EMB_O', 'EMB_O', 'OPN_B', 'OPN_I', 'OPN_I', 'OPN_E', 'EMB_O', 'EMB_O', 'EMB_O', 'EMB_O', 'EMB_O', 'EMB_O', 'EMB_O', 'EMB_O', 'EMB_O', 'EMB_O', 'EMB_O', 'EMB_O', 'EMB_O', 'EMB_O', 'EMB_O', 'EMB_O', 'EMB_O', 'EMB_O', 'EMB_O', 'EMB_O', 'EMB_O', 'EMB_O', 'EMB_O', 'EMB_O', 'EMB_O', 'EMB_O', 'EMB_O', 'EMB_O', 'EMB_O', 'EMB_O', 'EMB_O', 'EMB_P', 'EMB_P', 'EMB_P', 'EMB_P', 'EMB_P', 'EMB_P', 'EMB_P', 'EMB_P', 'EMB_P', 'EMB_P', 'EMB_P', 'EMB_P', 'EMB_P', 'EMB_P', 'EMB_P', 'EMB_P', 'EMB_P', 'EMB_P', 'EMB_P', 'EMB_P', 'EMB_P', 'EMB_P', 'EMB_P', 'EMB_P', 'EMB_P', 'EMB_P', 'EMB_P', 'EMB_P', 'EMB_P', 'EMB_P', 'EMB_P', 'EMB_P', 'EMB_P', 'EMB_P', 'EMB_P', 'EMB_P', 'EMB_P', 'EMB_P', 'EMB_P', 'EMB_P', 'EMB_P', 'EMB_P', 'EMB_P', 'EMB_P', 'EMB_P', 'EMB_P', 'EMB_P', 'EMB_P', 'EMB_P', 'EMB_P', 'EMB_P', 'EMB_P', 'EMB_P', 'EMB_P', 'EMB_P', 'EMB_P', 'EMB_P', 'EMB_P', 'EMB_P', 'EMB_P', 'EMB_P', 'EMB_P', 'EMB_P', 'EMB_P', 'EMB_P', 'EMB_P', 'EMB_P', 'EMB_P', 'EMB_P', 'EMB_P', 'EMB_P', 'EMB_P', 'EMB_P', 'EMB_P', 'EMB_P', 'EMB_P', 'EMB_P', 'EMB_P', 'EMB_P', 'EMB_P', 'EMB_P', 'EMB_P', 'EMB_P', 'EMB_P', 'EMB_P', 'EMB_P', 'EMB_P', 'EMB_P', 'EMB_P', 'EMB_P']"
149,ports,new,laptop_quad_dev_132,"- new ports that were not in the 2011 model : hdmi port , extra thunderbolt video port ( now it has two instead of one )",7.67,7.83,"['EMB_O', 'EMB_O', 'EMB_O', 'ASP_S', 'EMB_O', 'EMB_O', 'EMB_O', 'EMB_O', 'EMB_O', 'EMB_O', 'EMB_O', 'EMB_O', 'EMB_O', 'EMB_O', 'EMB_O', 'EMB_O', 'EMB_O', 'EMB_O', 'EMB_O', 'EMB_O', 'EMB_O', 'EMB_O', 'EMB_O', 'EMB_O', 'EMB_O', 'EMB_O', 'EMB_O', 'EMB_O', 'EMB_O', 'EMB_O', 'EMB_O', 'EMB_O', 'EMB_O', 'EMB_O', 'EMB_P', 'EMB_P', 'EMB_P', 'EMB_P', 'EMB_P', 'EMB_P', 'EMB_P', 'EMB_P', 'EMB_P', 'EMB_P', 'EMB_P', 'EMB_P', 'EMB_P', 'EMB_P', 'EMB_P', 'EMB_P', 'EMB_P', 'EMB_P', 'EMB_P', 'EMB_P', 'EMB_P', 'EMB_P', 'EMB_P', 'EMB_P', 'EMB_P', 'EMB_P', 'EMB_P', 'EMB_P', 'EMB_P', 'EMB_P', 'EMB_P', 'EMB_P', 'EMB_P', 'EMB_P', 'EMB_P', 'EMB_P', 'EMB_P', 'EMB_P', 'EMB_P', 'EMB_P', 'EMB_P', 'EMB_P', 'EMB_P', 'EMB_P', 'EMB_P', 'EMB_P', 'EMB_P', 'EMB_P', 'EMB_P', 'EMB_P', 'EMB_P', 'EMB_P', 'EMB_P', 'EMB_P', 'EMB_P', 'EMB_P', 'EMB_P', 'EMB_P', 'EMB_P', 'EMB_P', 'EMB_P', 'EMB_P', 'EMB_P', 'EMB_P', 'EMB_P', 'EMB_P', 'EMB_P', 'EMB_P', 'EMB_P', 'EMB_P', 'EMB_P', 'EMB_P', 'EMB_P', 'EMB_P', 'EMB_P', 'EMB_P', 'EMB_P', 'EMB_P', 'EMB_P', 'EMB_P', 'EMB_P', 'EMB_P', 'EMB_P', 'EMB_P', 'EMB_P', 'EMB_P', 'EMB_P', 'EMB_P', 'EMB_P', 'EMB_P', 'EMB_P', 'EMB_P', 'EMB_P', 'EMB_P']","['EMB_O', 'EMB_O', 'OPN_S', 'EMB_O', 'EMB_O', 'EMB_O', 'EMB_O', 'EMB_O', 'EMB_O', 'EMB_O', 'EMB_O', 'EMB_O', 'EMB_O', 'EMB_O', 'EMB_O', 'EMB_O', 'EMB_O', 'EMB_O', 'EMB_O', 'EMB_O', 'EMB_O', 'EMB_O', 'EMB_O', 'EMB_O', 'EMB_O', 'EMB_O', 'EMB_O', 'EMB_O', 'EMB_O', 'EMB_O', 'EMB_O', 'EMB_O', 'EMB_O', 'EMB_O', 'EMB_P', 'EMB_P', 'EMB_P', 'EMB_P', 'EMB_P', 'EMB_P', 'EMB_P', 'EMB_P', 'EMB_P', 'EMB_P', 'EMB_P', 'EMB_P', 'EMB_P', 'EMB_P', 'EMB_P', 'EMB_P', 'EMB_P', 'EMB_P', 'EMB_P', 'EMB_P', 'EMB_P', 'EMB_P', 'EMB_P', 'EMB_P', 'EMB_P', 'EMB_P', 'EMB_P', 'EMB_P', 'EMB_P', 'EMB_P', 'EMB_P', 'EMB_P', 'EMB_P', 'EMB_P', 'EMB_P', 'EMB_P', 'EMB_P', 'EMB_P', 'EMB_P', 'EMB_P', 'EMB_P', 'EMB_P', 'EMB_P', 'EMB_P', 'EMB_P', 'EMB_P', 'EMB_P', 'EMB_P', 'EMB_P', 'EMB_P', 'EMB_P', 'EMB_P', 'EMB_P', 'EMB_P', 'EMB_P', 'EMB_P', 'EMB_P', 'EMB_P', 'EMB_P', 'EMB_P', 'EMB_P', 'EMB_P', 'EMB_P', 'EMB_P', 'EMB_P', 'EMB_P', 'EMB_P', 'EMB_P', 'EMB_P', 'EMB_P', 'EMB_P', 'EMB_P', 'EMB_P', 'EMB_P', 'EMB_P', 'EMB_P', 'EMB_P', 'EMB_P', 'EMB_P', 'EMB_P', 'EMB_P', 'EMB_P', 'EMB_P', 'EMB_P', 'EMB_P', 'EMB_P', 'EMB_P', 'EMB_P', 'EMB_P', 'EMB_P', 'EMB_P', 'EMB_P', 'EMB_P', 'EMB_P']"
150,radeon graphics card,really good,laptop_quad_dev_133,i had the chance to test the new radeon graphics card and it ' s really good .,6.5,6.38,"['EMB_O', 'EMB_O', 'EMB_O', 'EMB_O', 'EMB_O', 'EMB_O', 'EMB_O', 'EMB_O', 'EMB_O', 'ASP_B', 'ASP_I', 'ASP_I', 'ASP_E', 'EMB_O', 'EMB_O', 'EMB_O', 'EMB_O', 'EMB_O', 'EMB_O', 'EMB_O', 'EMB_O', 'EMB_P', 'EMB_P', 'EMB_P', 'EMB_P', 'EMB_P', 'EMB_P', 'EMB_P', 'EMB_P', 'EMB_P', 'EMB_P', 'EMB_P', 'EMB_P', 'EMB_P', 'EMB_P', 'EMB_P', 'EMB_P', 'EMB_P', 'EMB_P', 'EMB_P', 'EMB_P', 'EMB_P', 'EMB_P', 'EMB_P', 'EMB_P', 'EMB_P', 'EMB_P', 'EMB_P', 'EMB_P', 'EMB_P', 'EMB_P', 'EMB_P', 'EMB_P', 'EMB_P', 'EMB_P', 'EMB_P', 'EMB_P', 'EMB_P', 'EMB_P', 'EMB_P', 'EMB_P', 'EMB_P', 'EMB_P', 'EMB_P', 'EMB_P', 'EMB_P', 'EMB_P', 'EMB_P', 'EMB_P', 'EMB_P', 'EMB_P', 'EMB_P', 'EMB_P', 'EMB_P', 'EMB_P', 'EMB_P', 'EMB_P', 'EMB_P', 'EMB_P', 'EMB_P', 'EMB_P', 'EMB_P', 'EMB_P', 'EMB_P', 'EMB_P', 'EMB_P', 'EMB_P', 'EMB_P', 'EMB_P', 'EMB_P', 'EMB_P', 'EMB_P', 'EMB_P', 'EMB_P', 'EMB_P', 'EMB_P', 'EMB_P', 'EMB_P', 'EMB_P', 'EMB_P', 'EMB_P', 'EMB_P', 'EMB_P', 'EMB_P', 'EMB_P', 'EMB_P', 'EMB_P', 'EMB_P', 'EMB_P', 'EMB_P', 'EMB_P', 'EMB_P', 'EMB_P', 'EMB_P', 'EMB_P', 'EMB_P', 'EMB_P', 'EMB_P', 'EMB_P', 'EMB_P', 'EMB_P', 'EMB_P', 'EMB_P', 'EMB_P', 'EMB_P', 'EMB_P', 'EMB_P', 'EMB_P']","['EMB_O', 'EMB_O', 'EMB_O', 'EMB_O', 'EMB_O', 'EMB_O', 'EMB_O', 'EMB_O', 'EMB_O', 'EMB_O', 'EMB_O', 'EMB_O', 'EMB_O', 'EMB_O', 'EMB_O', 'EMB_O', 'EMB_O', 'OPN_B', 'OPN_E', 'EMB_O', 'EMB_O', 'EMB_P', 'EMB_P', 'EMB_P', 'EMB_P', 'EMB_P', 'EMB_P', 'EMB_P', 'EMB_P', 'EMB_P', 'EMB_P', 'EMB_P', 'EMB_P', 'EMB_P', 'EMB_P', 'EMB_P', 'EMB_P', 'EMB_P', 'EMB_P', 'EMB_P', 'EMB_P', 'EMB_P', 'EMB_P', 'EMB_P', 'EMB_P', 'EMB_P', 'EMB_P', 'EMB_P', 'EMB_P', 'EMB_P', 'EMB_P', 'EMB_P', 'EMB_P', 'EMB_P', 'EMB_P', 'EMB_P', 'EMB_P', 'EMB_P', 'EMB_P', 'EMB_P', 'EMB_P', 'EMB_P', 'EMB_P', 'EMB_P', 'EMB_P', 'EMB_P', 'EMB_P', 'EMB_P', 'EMB_P', 'EMB_P', 'EMB_P', 'EMB_P', 'EMB_P', 'EMB_P', 'EMB_P', 'EMB_P', 'EMB_P', 'EMB_P', 'EMB_P', 'EMB_P', 'EMB_P', 'EMB_P', 'EMB_P', 'EMB_P', 'EMB_P', 'EMB_P', 'EMB_P', 'EMB_P', 'EMB_P', 'EMB_P', 'EMB_P', 'EMB_P', 'EMB_P', 'EMB_P', 'EMB_P', 'EMB_P', 'EMB_P', 'EMB_P', 'EMB_P', 'EMB_P', 'EMB_P', 'EMB_P', 'EMB_P', 'EMB_P', 'EMB_P', 'EMB_P', 'EMB_P', 'EMB_P', 'EMB_P', 'EMB_P', 'EMB_P', 'EMB_P', 'EMB_P', 'EMB_P', 'EMB_P', 'EMB_P', 'EMB_P', 'EMB_P', 'EMB_P', 'EMB_P', 'EMB_P', 'EMB_P', 'EMB_P', 'EMB_P', 'EMB_P', 'EMB_P', 'EMB_P', 'EMB_P']"
151,ports,NULL,laptop_quad_dev_134,"honestly , i think nobody uses these ports anyway .",4.88,4.33,"['EMB_O', 'EMB_O', 'EMB_O', 'EMB_O', 'EMB_O', 'EMB_O', 'EMB_O', 'EMB_O', 'EMB_O', 'EMB_O', 'EMB_O', 'ASP_S', 'EMB_O', 'EMB_O', 'EMB_O', 'EMB_O', 'EMB_P', 'EMB_P', 'EMB_P', 'EMB_P', 'EMB_P', 'EMB_P', 'EMB_P', 'EMB_P', 'EMB_P', 'EMB_P', 'EMB_P', 'EMB_P', 'EMB_P', 'EMB_P', 'EMB_P', 'EMB_P', 'EMB_P', 'EMB_P', 'EMB_P', 'EMB_P', 'EMB_P', 'EMB_P', 'EMB_P', 'EMB_P', 'EMB_P', 'EMB_P', 'EMB_P', 'EMB_P', 'EMB_P', 'EMB_P', 'EMB_P', 'EMB_P', 'EMB_P', 'EMB_P', 'EMB_P', 'EMB_P', 'EMB_P', 'EMB_P', 'EMB_P', 'EMB_P', 'EMB_P', 'EMB_P', 'EMB_P', 'EMB_P', 'EMB_P', 'EMB_P', 'EMB_P', 'EMB_P', 'EMB_P', 'EMB_P', 'EMB_P', 'EMB_P', 'EMB_P', 'EMB_P', 'EMB_P', 'EMB_P', 'EMB_P', 'EMB_P', 'EMB_P', 'EMB_P', 'EMB_P', 'EMB_P', 'EMB_P', 'EMB_P', 'EMB_P', 'EMB_P', 'EMB_P', 'EMB_P', 'EMB_P', 'EMB_P', 'EMB_P', 'EMB_P', 'EMB_P', 'EMB_P', 'EMB_P', 'EMB_P', 'EMB_P', 'EMB_P', 'EMB_P', 'EMB_P', 'EMB_P', 'EMB_P', 'EMB_P', 'EMB_P', 'EMB_P', 'EMB_P', 'EMB_P', 'EMB_P', 'EMB_P', 'EMB_P', 'EMB_P', 'EMB_P', 'EMB_P', 'EMB_P', 'EMB_P', 'EMB_P', 'EMB_P', 'EMB_P', 'EMB_P', 'EMB_P', 'EMB_P', 'EMB_P', 'EMB_P', 'EMB_P', 'EMB_P', 'EMB_P', 'EMB_P', 'EMB_P', 'EMB_P', 'EMB_P', 'EMB_P', 'EMB_P']","['EMB_O', 'EMB_O', 'EMB_O', 'EMB_O', 'EMB_O', 'EMB_O', 'EMB_O', 'EMB_O', 'EMB_O', 'EMB_O', 'EMB_O', 'EMB_O', 'EMB_O', 'EMB_O', 'EMB_O', 'EMB_O', 'EMB_P', 'EMB_P', 'EMB_P', 'EMB_P', 'EMB_P', 'EMB_P', 'EMB_P', 'EMB_P', 'EMB_P', 'EMB_P', 'EMB_P', 'EMB_P', 'EMB_P', 'EMB_P', 'EMB_P', 'EMB_P', 'EMB_P', 'EMB_P', 'EMB_P', 'EMB_P', 'EMB_P', 'EMB_P', 'EMB_P', 'EMB_P', 'EMB_P', 'EMB_P', 'EMB_P', 'EMB_P', 'EMB_P', 'EMB_P', 'EMB_P', 'EMB_P', 'EMB_P', 'EMB_P', 'EMB_P', 'EMB_P', 'EMB_P', 'EMB_P', 'EMB_P', 'EMB_P', 'EMB_P', 'EMB_P', 'EMB_P', 'EMB_P', 'EMB_P', 'EMB_P', 'EMB_P', 'EMB_P', 'EMB_P', 'EMB_P', 'EMB_P', 'EMB_P', 'EMB_P', 'EMB_P', 'EMB_P', 'EMB_P', 'EMB_P', 'EMB_P', 'EMB_P', 'EMB_P', 'EMB_P', 'EMB_P', 'EMB_P', 'EMB_P', 'EMB_P', 'EMB_P', 'EMB_P', 'EMB_P', 'EMB_P', 'EMB_P', 'EMB_P', 'EMB_P', 'EMB_P', 'EMB_P', 'EMB_P', 'EMB_P', 'EMB_P', 'EMB_P', 'EMB_P', 'EMB_P', 'EMB_P', 'EMB_P', 'EMB_P', 'EMB_P', 'EMB_P', 'EMB_P', 'EMB_P', 'EMB_P', 'EMB_P', 'EMB_P', 'EMB_P', 'EMB_P', 'EMB_P', 'EMB_P', 'EMB_P', 'EMB_P', 'EMB_P', 'EMB_P', 'EMB_P', 'EMB_P', 'EMB_P', 'EMB_P', 'EMB_P', 'EMB_P', 'EMB_P', 'EMB_P', 'EMB_P', 'EMB_P', 'EMB_P', 'EMB_P', 'EMB_P', 'EMB_P']"
152,screen,NULL,laptop_quad_dev_135,"maybe that ' s a consequence of how the retina display is built , but yeah , it ' s harder to keep the screen clean .",4.62,4.12,"['EMB_O', 'EMB_O', 'EMB_O', 'EMB_O', 'EMB_O', 'EMB_O', 'EMB_O', 'EMB_O', 'EMB_O', 'EMB_O', 'EMB_O', 'EMB_O', 'EMB_O', 'EMB_O', 'EMB_O', 'EMB_O', 'EMB_O', 'EMB_O', 'EMB_O', 'EMB_O', 'EMB_O', 'EMB_O', 'EMB_O', 'EMB_O', 'EMB_O', 'EMB_O', 'EMB_O', 'EMB_O', 'EMB_O', 'ASP_S', 'EMB_O', 'EMB_O', 'EMB_O', 'EMB_P', 'EMB_P', 'EMB_P', 'EMB_P', 'EMB_P', 'EMB_P', 'EMB_P', 'EMB_P', 'EMB_P', 'EMB_P', 'EMB_P', 'EMB_P', 'EMB_P', 'EMB_P', 'EMB_P', 'EMB_P', 'EMB_P', 'EMB_P', 'EMB_P', 'EMB_P', 'EMB_P', 'EMB_P', 'EMB_P', 'EMB_P', 'EMB_P', 'EMB_P', 'EMB_P', 'EMB_P', 'EMB_P', 'EMB_P', 'EMB_P', 'EMB_P', 'EMB_P', 'EMB_P', 'EMB_P', 'EMB_P', 'EMB_P', 'EMB_P', 'EMB_P', 'EMB_P', 'EMB_P', 'EMB_P', 'EMB_P', 'EMB_P', 'EMB_P', 'EMB_P', 'EMB_P', 'EMB_P', 'EMB_P', 'EMB_P', 'EMB_P', 'EMB_P', 'EMB_P', 'EMB_P', 'EMB_P', 'EMB_P', 'EMB_P', 'EMB_P', 'EMB_P', 'EMB_P', 'EMB_P', 'EMB_P', 'EMB_P', 'EMB_P', 'EMB_P', 'EMB_P', 'EMB_P', 'EMB_P', 'EMB_P', 'EMB_P', 'EMB_P', 'EMB_P', 'EMB_P', 'EMB_P', 'EMB_P', 'EMB_P', 'EMB_P', 'EMB_P', 'EMB_P', 'EMB_P', 'EMB_P', 'EMB_P', 'EMB_P', 'EMB_P', 'EMB_P', 'EMB_P', 'EMB_P', 'EMB_P', 'EMB_P', 'EMB_P', 'EMB_P', 'EMB_P', 'EMB_P', 'EMB_P', 'EMB_P']","['EMB_O', 'EMB_O', 'EMB_O', 'EMB_O', 'EMB_O', 'EMB_O', 'EMB_O', 'EMB_O', 'EMB_O', 'EMB_O', 'EMB_O', 'EMB_O', 'EMB_O', 'EMB_O', 'EMB_O', 'EMB_O', 'EMB_O', 'EMB_O', 'EMB_O', 'EMB_O', 'EMB_O', 'EMB_O', 'EMB_O', 'EMB_O', 'EMB_O', 'EMB_O', 'EMB_O', 'EMB_O', 'EMB_O', 'EMB_O', 'EMB_O', 'EMB_O', 'EMB_O', 'EMB_P', 'EMB_P', 'EMB_P', 'EMB_P', 'EMB_P', 'EMB_P', 'EMB_P', 'EMB_P', 'EMB_P', 'EMB_P', 'EMB_P', 'EMB_P', 'EMB_P', 'EMB_P', 'EMB_P', 'EMB_P', 'EMB_P', 'EMB_P', 'EMB_P', 'EMB_P', 'EMB_P', 'EMB_P', 'EMB_P', 'EMB_P', 'EMB_P', 'EMB_P', 'EMB_P', 'EMB_P', 'EMB_P', 'EMB_P', 'EMB_P', 'EMB_P', 'EMB_P', 'EMB_P', 'EMB_P', 'EMB_P', 'EMB_P', 'EMB_P', 'EMB_P', 'EMB_P', 'EMB_P', 'EMB_P', 'EMB_P', 'EMB_P', 'EMB_P', 'EMB_P', 'EMB_P', 'EMB_P', 'EMB_P', 'EMB_P', 'EMB_P', 'EMB_P', 'EMB_P', 'EMB_P', 'EMB_P', 'EMB_P', 'EMB_P', 'EMB_P', 'EMB_P', 'EMB_P', 'EMB_P', 'EMB_P', 'EMB_P', 'EMB_P', 'EMB_P', 'EMB_P', 'EMB_P', 'EMB_P', 'EMB_P', 'EMB_P', 'EMB_P', 'EMB_P', 'EMB_P', 'EMB_P', 'EMB_P', 'EMB_P', 'EMB_P', 'EMB_P', 'EMB_P', 'EMB_P', 'EMB_P', 'EMB_P', 'EMB_P', 'EMB_P', 'EMB_P', 'EMB_P', 'EMB_P', 'EMB_P', 'EMB_P', 'EMB_P', 'EMB_P', 'EMB_P', 'EMB_P', 'EMB_P', 'EMB_P']"
153,screen,NULL,laptop_quad_dev_136,"i do wish the screen were bigger , but i had to go with the 13 ` ` due to budget constraints , so that ' s on me .",5.25,4.62,"['EMB_O', 'EMB_O', 'EMB_O', 'EMB_O', 'EMB_O', 'ASP_S', 'EMB_O', 'EMB_O', 'EMB_O', 'EMB_O', 'EMB_O', 'EMB_O', 'EMB_O', 'EMB_O', 'EMB_O', 'EMB_O', 'EMB_O', 'EMB_O', 'EMB_O', 'EMB_O', 'EMB_O', 'EMB_O', 'EMB_O', 'EMB_O', 'EMB_O', 'EMB_O', 'EMB_O', 'EMB_O', 'EMB_O', 'EMB_O', 'EMB_O', 'EMB_O', 'EMB_O', 'EMB_O', 'EMB_P', 'EMB_P', 'EMB_P', 'EMB_P', 'EMB_P', 'EMB_P', 'EMB_P', 'EMB_P', 'EMB_P', 'EMB_P', 'EMB_P', 'EMB_P', 'EMB_P', 'EMB_P', 'EMB_P', 'EMB_P', 'EMB_P', 'EMB_P', 'EMB_P', 'EMB_P', 'EMB_P', 'EMB_P', 'EMB_P', 'EMB_P', 'EMB_P', 'EMB_P', 'EMB_P', 'EMB_P', 'EMB_P', 'EMB_P', 'EMB_P', 'EMB_P', 'EMB_P', 'EMB_P', 'EMB_P', 'EMB_P', 'EMB_P', 'EMB_P', 'EMB_P', 'EMB_P', 'EMB_P', 'EMB_P', 'EMB_P', 'EMB_P', 'EMB_P', 'EMB_P', 'EMB_P', 'EMB_P', 'EMB_P', 'EMB_P', 'EMB_P', 'EMB_P', 'EMB_P', 'EMB_P', 'EMB_P', 'EMB_P', 'EMB_P', 'EMB_P', 'EMB_P', 'EMB_P', 'EMB_P', 'EMB_P', 'EMB_P', 'EMB_P', 'EMB_P', 'EMB_P', 'EMB_P', 'EMB_P', 'EMB_P', 'EMB_P', 'EMB_P', 'EMB_P', 'EMB_P', 'EMB_P', 'EMB_P', 'EMB_P', 'EMB_P', 'EMB_P', 'EMB_P', 'EMB_P', 'EMB_P', 'EMB_P', 'EMB_P', 'EMB_P', 'EMB_P', 'EMB_P', 'EMB_P', 'EMB_P', 'EMB_P', 'EMB_P', 'EMB_P', 'EMB_P', 'EMB_P', 'EMB_P']","['EMB_O', 'EMB_O', 'EMB_O', 'EMB_O', 'EMB_O', 'EMB_O', 'EMB_O', 'EMB_O', 'EMB_O', 'EMB_O', 'EMB_O', 'EMB_O', 'EMB_O', 'EMB_O', 'EMB_O', 'EMB_O', 'EMB_O', 'EMB_O', 'EMB_O', 'EMB_O', 'EMB_O', 'EMB_O', 'EMB_O', 'EMB_O', 'EMB_O', 'EMB_O', 'EMB_O', 'EMB_O', 'EMB_O', 'EMB_O', 'EMB_O', 'EMB_O', 'EMB_O', 'EMB_O', 'EMB_P', 'EMB_P', 'EMB_P', 'EMB_P', 'EMB_P', 'EMB_P', 'EMB_P', 'EMB_P', 'EMB_P', 'EMB_P', 'EMB_P', 'EMB_P', 'EMB_P', 'EMB_P', 'EMB_P', 'EMB_P', 'EMB_P', 'EMB_P', 'EMB_P', 'EMB_P', 'EMB_P', 'EMB_P', 'EMB_P', 'EMB_P', 'EMB_P', 'EMB_P', 'EMB_P', 'EMB_P', 'EMB_P', 'EMB_P', 'EMB_P', 'EMB_P', 'EMB_P', 'EMB_P', 'EMB_P', 'EMB_P', 'EMB_P', 'EMB_P', 'EMB_P', 'EMB_P', 'EMB_P', 'EMB_P', 'EMB_P', 'EMB_P', 'EMB_P', 'EMB_P', 'EMB_P', 'EMB_P', 'EMB_P', 'EMB_P', 'EMB_P', 'EMB_P', 'EMB_P', 'EMB_P', 'EMB_P', 'EMB_P', 'EMB_P', 'EMB_P', 'EMB_P', 'EMB_P', 'EMB_P', 'EMB_P', 'EMB_P', 'EMB_P', 'EMB_P', 'EMB_P', 'EMB_P', 'EMB_P', 'EMB_P', 'EMB_P', 'EMB_P', 'EMB_P', 'EMB_P', 'EMB_P', 'EMB_P', 'EMB_P', 'EMB_P', 'EMB_P', 'EMB_P', 'EMB_P', 'EMB_P', 'EMB_P', 'EMB_P', 'EMB_P', 'EMB_P', 'EMB_P', 'EMB_P', 'EMB_P', 'EMB_P', 'EMB_P', 'EMB_P', 'EMB_P', 'EMB_P', 'EMB_P']"
154,macbook pro computers,expensive,laptop_quad_dev_137,these macbook pro computers are expensive .,3.67,5.83,"['EMB_O', 'EMB_O', 'ASP_B', 'ASP_I', 'ASP_I', 'ASP_E', 'EMB_O', 'EMB_O', 'EMB_O', 'EMB_O', 'EMB_P', 'EMB_P', 'EMB_P', 'EMB_P', 'EMB_P', 'EMB_P', 'EMB_P', 'EMB_P', 'EMB_P', 'EMB_P', 'EMB_P', 'EMB_P', 'EMB_P', 'EMB_P', 'EMB_P', 'EMB_P', 'EMB_P', 'EMB_P', 'EMB_P', 'EMB_P', 'EMB_P', 'EMB_P', 'EMB_P', 'EMB_P', 'EMB_P', 'EMB_P', 'EMB_P', 'EMB_P', 'EMB_P', 'EMB_P', 'EMB_P', 'EMB_P', 'EMB_P', 'EMB_P', 'EMB_P', 'EMB_P', 'EMB_P', 'EMB_P', 'EMB_P', 'EMB_P', 'EMB_P', 'EMB_P', 'EMB_P', 'EMB_P', 'EMB_P', 'EMB_P', 'EMB_P', 'EMB_P', 'EMB_P', 'EMB_P', 'EMB_P', 'EMB_P', 'EMB_P', 'EMB_P', 'EMB_P', 'EMB_P', 'EMB_P', 'EMB_P', 'EMB_P', 'EMB_P', 'EMB_P', 'EMB_P', 'EMB_P', 'EMB_P', 'EMB_P', 'EMB_P', 'EMB_P', 'EMB_P', 'EMB_P', 'EMB_P', 'EMB_P', 'EMB_P', 'EMB_P', 'EMB_P', 'EMB_P', 'EMB_P', 'EMB_P', 'EMB_P', 'EMB_P', 'EMB_P', 'EMB_P', 'EMB_P', 'EMB_P', 'EMB_P', 'EMB_P', 'EMB_P', 'EMB_P', 'EMB_P', 'EMB_P', 'EMB_P', 'EMB_P', 'EMB_P', 'EMB_P', 'EMB_P', 'EMB_P', 'EMB_P', 'EMB_P', 'EMB_P', 'EMB_P', 'EMB_P', 'EMB_P', 'EMB_P', 'EMB_P', 'EMB_P', 'EMB_P', 'EMB_P', 'EMB_P', 'EMB_P', 'EMB_P', 'EMB_P', 'EMB_P', 'EMB_P', 'EMB_P', 'EMB_P', 'EMB_P', 'EMB_P', 'EMB_P', 'EMB_P']","['EMB_O', 'EMB_O', 'EMB_O', 'EMB_O', 'EMB_O', 'EMB_O', 'EMB_O', 'OPN_S', 'EMB_O', 'EMB_O', 'EMB_P', 'EMB_P', 'EMB_P', 'EMB_P', 'EMB_P', 'EMB_P', 'EMB_P', 'EMB_P', 'EMB_P', 'EMB_P', 'EMB_P', 'EMB_P', 'EMB_P', 'EMB_P', 'EMB_P', 'EMB_P', 'EMB_P', 'EMB_P', 'EMB_P', 'EMB_P', 'EMB_P', 'EMB_P', 'EMB_P', 'EMB_P', 'EMB_P', 'EMB_P', 'EMB_P', 'EMB_P', 'EMB_P', 'EMB_P', 'EMB_P', 'EMB_P', 'EMB_P', 'EMB_P', 'EMB_P', 'EMB_P', 'EMB_P', 'EMB_P', 'EMB_P', 'EMB_P', 'EMB_P', 'EMB_P', 'EMB_P', 'EMB_P', 'EMB_P', 'EMB_P', 'EMB_P', 'EMB_P', 'EMB_P', 'EMB_P', 'EMB_P', 'EMB_P', 'EMB_P', 'EMB_P', 'EMB_P', 'EMB_P', 'EMB_P', 'EMB_P', 'EMB_P', 'EMB_P', 'EMB_P', 'EMB_P', 'EMB_P', 'EMB_P', 'EMB_P', 'EMB_P', 'EMB_P', 'EMB_P', 'EMB_P', 'EMB_P', 'EMB_P', 'EMB_P', 'EMB_P', 'EMB_P', 'EMB_P', 'EMB_P', 'EMB_P', 'EMB_P', 'EMB_P', 'EMB_P', 'EMB_P', 'EMB_P', 'EMB_P', 'EMB_P', 'EMB_P', 'EMB_P', 'EMB_P', 'EMB_P', 'EMB_P', 'EMB_P', 'EMB_P', 'EMB_P', 'EMB_P', 'EMB_P', 'EMB_P', 'EMB_P', 'EMB_P', 'EMB_P', 'EMB_P', 'EMB_P', 'EMB_P', 'EMB_P', 'EMB_P', 'EMB_P', 'EMB_P', 'EMB_P', 'EMB_P', 'EMB_P', 'EMB_P', 'EMB_P', 'EMB_P', 'EMB_P', 'EMB_P', 'EMB_P', 'EMB_P', 'EMB_P', 'EMB_P', 'EMB_P']"
155,brand,NULL,laptop_quad_dev_138,i think for others they are just buying into the brand .,4.5,5.17,"['EMB_O', 'EMB_O', 'EMB_O', 'EMB_O', 'EMB_O', 'EMB_O', 'EMB_O', 'EMB_O', 'EMB_O', 'EMB_O', 'EMB_O', 'EMB_O', 'ASP_S', 'EMB_O', 'EMB_O', 'EMB_P', 'EMB_P', 'EMB_P', 'EMB_P', 'EMB_P', 'EMB_P', 'EMB_P', 'EMB_P', 'EMB_P', 'EMB_P', 'EMB_P', 'EMB_P', 'EMB_P', 'EMB_P', 'EMB_P', 'EMB_P', 'EMB_P', 'EMB_P', 'EMB_P', 'EMB_P', 'EMB_P', 'EMB_P', 'EMB_P', 'EMB_P', 'EMB_P', 'EMB_P', 'EMB_P', 'EMB_P', 'EMB_P', 'EMB_P', 'EMB_P', 'EMB_P', 'EMB_P', 'EMB_P', 'EMB_P', 'EMB_P', 'EMB_P', 'EMB_P', 'EMB_P', 'EMB_P', 'EMB_P', 'EMB_P', 'EMB_P', 'EMB_P', 'EMB_P', 'EMB_P', 'EMB_P', 'EMB_P', 'EMB_P', 'EMB_P', 'EMB_P', 'EMB_P', 'EMB_P', 'EMB_P', 'EMB_P', 'EMB_P', 'EMB_P', 'EMB_P', 'EMB_P', 'EMB_P', 'EMB_P', 'EMB_P', 'EMB_P', 'EMB_P', 'EMB_P', 'EMB_P', 'EMB_P', 'EMB_P', 'EMB_P', 'EMB_P', 'EMB_P', 'EMB_P', 'EMB_P', 'EMB_P', 'EMB_P', 'EMB_P', 'EMB_P', 'EMB_P', 'EMB_P', 'EMB_P', 'EMB_P', 'EMB_P', 'EMB_P', 'EMB_P', 'EMB_P', 'EMB_P', 'EMB_P', 'EMB_P', 'EMB_P', 'EMB_P', 'EMB_P', 'EMB_P', 'EMB_P', 'EMB_P', 'EMB_P', 'EMB_P', 'EMB_P', 'EMB_P', 'EMB_P', 'EMB_P', 'EMB_P', 'EMB_P', 'EMB_P', 'EMB_P', 'EMB_P', 'EMB_P', 'EMB_P', 'EMB_P', 'EMB_P', 'EMB_P', 'EMB_P', 'EMB_P', 'EMB_P']","['EMB_O', 'EMB_O', 'EMB_O', 'EMB_O', 'EMB_O', 'EMB_O', 'EMB_O', 'EMB_O', 'EMB_O', 'EMB_O', 'EMB_O', 'EMB_O', 'EMB_O', 'EMB_O', 'EMB_O', 'EMB_P', 'EMB_P', 'EMB_P', 'EMB_P', 'EMB_P', 'EMB_P', 'EMB_P', 'EMB_P', 'EMB_P', 'EMB_P', 'EMB_P', 'EMB_P', 'EMB_P', 'EMB_P', 'EMB_P', 'EMB_P', 'EMB_P', 'EMB_P', 'EMB_P', 'EMB_P', 'EMB_P', 'EMB_P', 'EMB_P', 'EMB_P', 'EMB_P', 'EMB_P', 'EMB_P', 'EMB_P', 'EMB_P', 'EMB_P', 'EMB_P', 'EMB_P', 'EMB_P', 'EMB_P', 'EMB_P', 'EMB_P', 'EMB_P', 'EMB_P', 'EMB_P', 'EMB_P', 'EMB_P', 'EMB_P', 'EMB_P', 'EMB_P', 'EMB_P', 'EMB_P', 'EMB_P', 'EMB_P', 'EMB_P', 'EMB_P', 'EMB_P', 'EMB_P', 'EMB_P', 'EMB_P', 'EMB_P', 'EMB_P', 'EMB_P', 'EMB_P', 'EMB_P', 'EMB_P', 'EMB_P', 'EMB_P', 'EMB_P', 'EMB_P', 'EMB_P', 'EMB_P', 'EMB_P', 'EMB_P', 'EMB_P', 'EMB_P', 'EMB_P', 'EMB_P', 'EMB_P', 'EMB_P', 'EMB_P', 'EMB_P', 'EMB_P', 'EMB_P', 'EMB_P', 'EMB_P', 'EMB_P', 'EMB_P', 'EMB_P', 'EMB_P', 'EMB_P', 'EMB_P', 'EMB_P', 'EMB_P', 'EMB_P', 'EMB_P', 'EMB_P', 'EMB_P', 'EMB_P', 'EMB_P', 'EMB_P', 'EMB_P', 'EMB_P', 'EMB_P', 'EMB_P', 'EMB_P', 'EMB_P', 'EMB_P', 'EMB_P', 'EMB_P', 'EMB_P', 'EMB_P', 'EMB_P', 'EMB_P', 'EMB_P', 'EMB_P', 'EMB_P', 'EMB_P', 'EMB_P']"
156,retina display,love,laptop_quad_dev_139,i love the retina display .,7.62,7.75,"['EMB_O', 'EMB_O', 'EMB_O', 'EMB_O', 'ASP_B', 'ASP_I', 'ASP_E', 'EMB_O', 'EMB_O', 'EMB_P', 'EMB_P', 'EMB_P', 'EMB_P', 'EMB_P', 'EMB_P', 'EMB_P', 'EMB_P', 'EMB_P', 'EMB_P', 'EMB_P', 'EMB_P', 'EMB_P', 'EMB_P', 'EMB_P', 'EMB_P', 'EMB_P', 'EMB_P', 'EMB_P', 'EMB_P', 'EMB_P', 'EMB_P', 'EMB_P', 'EMB_P', 'EMB_P', 'EMB_P', 'EMB_P', 'EMB_P', 'EMB_P', 'EMB_P', 'EMB_P', 'EMB_P', 'EMB_P', 'EMB_P', 'EMB_P', 'EMB_P', 'EMB_P', 'EMB_P', 'EMB_P', 'EMB_P', 'EMB_P', 'EMB_P', 'EMB_P', 'EMB_P', 'EMB_P', 'EMB_P', 'EMB_P', 'EMB_P', 'EMB_P', 'EMB_P', 'EMB_P', 'EMB_P', 'EMB_P', 'EMB_P', 'EMB_P', 'EMB_P', 'EMB_P', 'EMB_P', 'EMB_P', 'EMB_P', 'EMB_P', 'EMB_P', 'EMB_P', 'EMB_P', 'EMB_P', 'EMB_P', 'EMB_P', 'EMB_P', 'EMB_P', 'EMB_P', 'EMB_P', 'EMB_P', 'EMB_P', 'EMB_P', 'EMB_P', 'EMB_P', 'EMB_P', 'EMB_P', 'EMB_P', 'EMB_P', 'EMB_P', 'EMB_P', 'EMB_P', 'EMB_P', 'EMB_P', 'EMB_P', 'EMB_P', 'EMB_P', 'EMB_P', 'EMB_P', 'EMB_P', 'EMB_P', 'EMB_P', 'EMB_P', 'EMB_P', 'EMB_P', 'EMB_P', 'EMB_P', 'EMB_P', 'EMB_P', 'EMB_P', 'EMB_P', 'EMB_P', 'EMB_P', 'EMB_P', 'EMB_P', 'EMB_P', 'EMB_P', 'EMB_P', 'EMB_P', 'EMB_P', 'EMB_P', 'EMB_P', 'EMB_P', 'EMB_P', 'EMB_P', 'EMB_P', 'EMB_P', 'EMB_P']","['EMB_O', 'EMB_O', 'OPN_S', 'EMB_O', 'EMB_O', 'EMB_O', 'EMB_O', 'EMB_O', 'EMB_O', 'EMB_P', 'EMB_P', 'EMB_P', 'EMB_P', 'EMB_P', 'EMB_P', 'EMB_P', 'EMB_P', 'EMB_P', 'EMB_P', 'EMB_P', 'EMB_P', 'EMB_P', 'EMB_P', 'EMB_P', 'EMB_P', 'EMB_P', 'EMB_P', 'EMB_P', 'EMB_P', 'EMB_P', 'EMB_P', 'EMB_P', 'EMB_P', 'EMB_P', 'EMB_P', 'EMB_P', 'EMB_P', 'EMB_P', 'EMB_P', 'EMB_P', 'EMB_P', 'EMB_P', 'EMB_P', 'EMB_P', 'EMB_P', 'EMB_P', 'EMB_P', 'EMB_P', 'EMB_P', 'EMB_P', 'EMB_P', 'EMB_P', 'EMB_P', 'EMB_P', 'EMB_P', 'EMB_P', 'EMB_P', 'EMB_P', 'EMB_P', 'EMB_P', 'EMB_P', 'EMB_P', 'EMB_P', 'EMB_P', 'EMB_P', 'EMB_P', 'EMB_P', 'EMB_P', 'EMB_P', 'EMB_P', 'EMB_P', 'EMB_P', 'EMB_P', 'EMB_P', 'EMB_P', 'EMB_P', 'EMB_P', 'EMB_P', 'EMB_P', 'EMB_P', 'EMB_P', 'EMB_P', 'EMB_P', 'EMB_P', 'EMB_P', 'EMB_P', 'EMB_P', 'EMB_P', 'EMB_P', 'EMB_P', 'EMB_P', 'EMB_P', 'EMB_P', 'EMB_P', 'EMB_P', 'EMB_P', 'EMB_P', 'EMB_P', 'EMB_P', 'EMB_P', 'EMB_P', 'EMB_P', 'EMB_P', 'EMB_P', 'EMB_P', 'EMB_P', 'EMB_P', 'EMB_P', 'EMB_P', 'EMB_P', 'EMB_P', 'EMB_P', 'EMB_P', 'EMB_P', 'EMB_P', 'EMB_P', 'EMB_P', 'EMB_P', 'EMB_P', 'EMB_P', 'EMB_P', 'EMB_P', 'EMB_P', 'EMB_P', 'EMB_P', 'EMB_P', 'EMB_P', 'EMB_P']"
157,laptop,extremely happy,laptop_quad_dev_140,i am extremely happy with this laptop .,8.12,8.25,"['EMB_O', 'EMB_O', 'EMB_O', 'EMB_O', 'EMB_O', 'EMB_O', 'EMB_O', 'ASP_B', 'ASP_E', 'EMB_O', 'EMB_O', 'EMB_P', 'EMB_P', 'EMB_P', 'EMB_P', 'EMB_P', 'EMB_P', 'EMB_P', 'EMB_P', 'EMB_P', 'EMB_P', 'EMB_P', 'EMB_P', 'EMB_P', 'EMB_P', 'EMB_P', 'EMB_P', 'EMB_P', 'EMB_P', 'EMB_P', 'EMB_P', 'EMB_P', 'EMB_P', 'EMB_P', 'EMB_P', 'EMB_P', 'EMB_P', 'EMB_P', 'EMB_P', 'EMB_P', 'EMB_P', 'EMB_P', 'EMB_P', 'EMB_P', 'EMB_P', 'EMB_P', 'EMB_P', 'EMB_P', 'EMB_P', 'EMB_P', 'EMB_P', 'EMB_P', 'EMB_P', 'EMB_P', 'EMB_P', 'EMB_P', 'EMB_P', 'EMB_P', 'EMB_P', 'EMB_P', 'EMB_P', 'EMB_P', 'EMB_P', 'EMB_P', 'EMB_P', 'EMB_P', 'EMB_P', 'EMB_P', 'EMB_P', 'EMB_P', 'EMB_P', 'EMB_P', 'EMB_P', 'EMB_P', 'EMB_P', 'EMB_P', 'EMB_P', 'EMB_P', 'EMB_P', 'EMB_P', 'EMB_P', 'EMB_P', 'EMB_P', 'EMB_P', 'EMB_P', 'EMB_P', 'EMB_P', 'EMB_P', 'EMB_P', 'EMB_P', 'EMB_P', 'EMB_P', 'EMB_P', 'EMB_P', 'EMB_P', 'EMB_P', 'EMB_P', 'EMB_P', 'EMB_P', 'EMB_P', 'EMB_P', 'EMB_P', 'EMB_P', 'EMB_P', 'EMB_P', 'EMB_P', 'EMB_P', 'EMB_P', 'EMB_P', 'EMB_P', 'EMB_P', 'EMB_P', 'EMB_P', 'EMB_P', 'EMB_P', 'EMB_P', 'EMB_P', 'EMB_P', 'EMB_P', 'EMB_P', 'EMB_P', 'EMB_P', 'EMB_P', 'EMB_P', 'EMB_P', 'EMB_P', 'EMB_P', 'EMB_P']","['EMB_O', 'EMB_O', 'EMB_O', 'OPN_B', 'OPN_E', 'EMB_O', 'EMB_O', 'EMB_O', 'EMB_O', 'EMB_O', 'EMB_O', 'EMB_P', 'EMB_P', 'EMB_P', 'EMB_P', 'EMB_P', 'EMB_P', 'EMB_P', 'EMB_P', 'EMB_P', 'EMB_P', 'EMB_P', 'EMB_P', 'EMB_P', 'EMB_P', 'EMB_P', 'EMB_P', 'EMB_P', 'EMB_P', 'EMB_P', 'EMB_P', 'EMB_P', 'EMB_P', 'EMB_P', 'EMB_P', 'EMB_P', 'EMB_P', 'EMB_P', 'EMB_P', 'EMB_P', 'EMB_P', 'EMB_P', 'EMB_P', 'EMB_P', 'EMB_P', 'EMB_P', 'EMB_P', 'EMB_P', 'EMB_P', 'EMB_P', 'EMB_P', 'EMB_P', 'EMB_P', 'EMB_P', 'EMB_P', 'EMB_P', 'EMB_P', 'EMB_P', 'EMB_P', 'EMB_P', 'EMB_P', 'EMB_P', 'EMB_P', 'EMB_P', 'EMB_P', 'EMB_P', 'EMB_P', 'EMB_P', 'EMB_P', 'EMB_P', 'EMB_P', 'EMB_P', 'EMB_P', 'EMB_P', 'EMB_P', 'EMB_P', 'EMB_P', 'EMB_P', 'EMB_P', 'EMB_P', 'EMB_P', 'EMB_P', 'EMB_P', 'EMB_P', 'EMB_P', 'EMB_P', 'EMB_P', 'EMB_P', 'EMB_P', 'EMB_P', 'EMB_P', 'EMB_P', 'EMB_P', 'EMB_P', 'EMB_P', 'EMB_P', 'EMB_P', 'EMB_P', 'EMB_P', 'EMB_P', 'EMB_P', 'EMB_P', 'EMB_P', 'EMB_P', 'EMB_P', 'EMB_P', 'EMB_P', 'EMB_P', 'EMB_P', 'EMB_P', 'EMB_P', 'EMB_P', 'EMB_P', 'EMB_P', 'EMB_P', 'EMB_P', 'EMB_P', 'EMB_P', 'EMB_P', 'EMB_P', 'EMB_P', 'EMB_P', 'EMB_P', 'EMB_P', 'EMB_P', 'EMB_P', 'EMB_P', 'EMB_P']"
158,dent,a little disappointing,laptop_quad_dev_141,"it doesn ' t effect any of the functionality , but it was a little disappointing to open the box to see a dent on something i ' d just spend $ 1 , 000 on .",3.3,4.25,"['EMB_O', 'EMB_O', 'EMB_O', 'EMB_O', 'EMB_O', 'EMB_O', 'EMB_O', 'EMB_O', 'EMB_O', 'EMB_O', 'EMB_O', 'EMB_O', 'EMB_O', 'EMB_O', 'EMB_O', 'EMB_O', 'EMB_O', 'EMB_O', 'EMB_O', 'EMB_O', 'EMB_O', 'EMB_O', 'EMB_O', 'EMB_O', 'EMB_O', 'EMB_O', 'EMB_O', 'EMB_O', 'ASP_B', 'ASP_E', 'EMB_O', 'EMB_O', 'EMB_O', 'EMB_O', 'EMB_O', 'EMB_O', 'EMB_O', 'EMB_O', 'EMB_O', 'EMB_O', 'EMB_O', 'EMB_O', 'EMB_O', 'EMB_O', 'EMB_P', 'EMB_P', 'EMB_P', 'EMB_P', 'EMB_P', 'EMB_P', 'EMB_P', 'EMB_P', 'EMB_P', 'EMB_P', 'EMB_P', 'EMB_P', 'EMB_P', 'EMB_P', 'EMB_P', 'EMB_P', 'EMB_P', 'EMB_P', 'EMB_P', 'EMB_P', 'EMB_P', 'EMB_P', 'EMB_P', 'EMB_P', 'EMB_P', 'EMB_P', 'EMB_P', 'EMB_P', 'EMB_P', 'EMB_P', 'EMB_P', 'EMB_P', 'EMB_P', 'EMB_P', 'EMB_P', 'EMB_P', 'EMB_P', 'EMB_P', 'EMB_P', 'EMB_P', 'EMB_P', 'EMB_P', 'EMB_P', 'EMB_P', 'EMB_P', 'EMB_P', 'EMB_P', 'EMB_P', 'EMB_P', 'EMB_P', 'EMB_P', 'EMB_P', 'EMB_P', 'EMB_P', 'EMB_P', 'EMB_P', 'EMB_P', 'EMB_P', 'EMB_P', 'EMB_P', 'EMB_P', 'EMB_P', 'EMB_P', 'EMB_P', 'EMB_P', 'EMB_P', 'EMB_P', 'EMB_P', 'EMB_P', 'EMB_P', 'EMB_P', 'EMB_P', 'EMB_P', 'EMB_P', 'EMB_P', 'EMB_P', 'EMB_P', 'EMB_P', 'EMB_P', 'EMB_P', 'EMB_P', 'EMB_P', 'EMB_P', 'EMB_P']","['EMB_O', 'EMB_O', 'EMB_O', 'EMB_O', 'EMB_O', 'EMB_O', 'EMB_O', 'EMB_O', 'EMB_O', 'EMB_O', 'EMB_O', 'EMB_O', 'EMB_O', 'EMB_O', 'EMB_O', 'OPN_B', 'OPN_I', 'OPN_I', 'OPN_I', 'OPN_I', 'OPN_E', 'EMB_O', 'EMB_O', 'EMB_O', 'EMB_O', 'EMB_O', 'EMB_O', 'EMB_O', 'EMB_O', 'EMB_O', 'EMB_O', 'EMB_O', 'EMB_O', 'EMB_O', 'EMB_O', 'EMB_O', 'EMB_O', 'EMB_O', 'EMB_O', 'EMB_O', 'EMB_O', 'EMB_O', 'EMB_O', 'EMB_O', 'EMB_P', 'EMB_P', 'EMB_P', 'EMB_P', 'EMB_P', 'EMB_P', 'EMB_P', 'EMB_P', 'EMB_P', 'EMB_P', 'EMB_P', 'EMB_P', 'EMB_P', 'EMB_P', 'EMB_P', 'EMB_P', 'EMB_P', 'EMB_P', 'EMB_P', 'EMB_P', 'EMB_P', 'EMB_P', 'EMB_P', 'EMB_P', 'EMB_P', 'EMB_P', 'EMB_P', 'EMB_P', 'EMB_P', 'EMB_P', 'EMB_P', 'EMB_P', 'EMB_P', 'EMB_P', 'EMB_P', 'EMB_P', 'EMB_P', 'EMB_P', 'EMB_P', 'EMB_P', 'EMB_P', 'EMB_P', 'EMB_P', 'EMB_P', 'EMB_P', 'EMB_P', 'EMB_P', 'EMB_P', 'EMB_P', 'EMB_P', 'EMB_P', 'EMB_P', 'EMB_P', 'EMB_P', 'EMB_P', 'EMB_P', 'EMB_P', 'EMB_P', 'EMB_P', 'EMB_P', 'EMB_P', 'EMB_P', 'EMB_P', 'EMB_P', 'EMB_P', 'EMB_P', 'EMB_P', 'EMB_P', 'EMB_P', 'EMB_P', 'EMB_P', 'EMB_P', 'EMB_P', 'EMB_P', 'EMB_P', 'EMB_P', 'EMB_P', 'EMB_P', 'EMB_P', 'EMB_P', 'EMB_P', 'EMB_P', 'EMB_P', 'EMB_P']"
159,NULL,perfectly,laptop_quad_dev_142,it worked perfectly right out of the box .,8.38,8.25,"['EMB_O', 'EMB_O', 'EMB_O', 'EMB_O', 'EMB_O', 'EMB_O', 'EMB_O', 'EMB_O', 'EMB_O', 'EMB_O', 'EMB_O', 'EMB_O', 'EMB_P', 'EMB_P', 'EMB_P', 'EMB_P', 'EMB_P', 'EMB_P', 'EMB_P', 'EMB_P', 'EMB_P', 'EMB_P', 'EMB_P', 'EMB_P', 'EMB_P', 'EMB_P', 'EMB_P', 'EMB_P', 'EMB_P', 'EMB_P', 'EMB_P', 'EMB_P', 'EMB_P', 'EMB_P', 'EMB_P', 'EMB_P', 'EMB_P', 'EMB_P', 'EMB_P', 'EMB_P', 'EMB_P', 'EMB_P', 'EMB_P', 'EMB_P', 'EMB_P', 'EMB_P', 'EMB_P', 'EMB_P', 'EMB_P', 'EMB_P', 'EMB_P', 'EMB_P', 'EMB_P', 'EMB_P', 'EMB_P', 'EMB_P', 'EMB_P', 'EMB_P', 'EMB_P', 'EMB_P', 'EMB_P', 'EMB_P', 'EMB_P', 'EMB_P', 'EMB_P', 'EMB_P', 'EMB_P', 'EMB_P', 'EMB_P', 'EMB_P', 'EMB_P', 'EMB_P', 'EMB_P', 'EMB_P', 'EMB_P', 'EMB_P', 'EMB_P', 'EMB_P', 'EMB_P', 'EMB_P', 'EMB_P', 'EMB_P', 'EMB_P', 'EMB_P', 'EMB_P', 'EMB_P', 'EMB_P', 'EMB_P', 'EMB_P', 'EMB_P', 'EMB_P', 'EMB_P', 'EMB_P', 'EMB_P', 'EMB_P', 'EMB_P', 'EMB_P', 'EMB_P', 'EMB_P', 'EMB_P', 'EMB_P', 'EMB_P', 'EMB_P', 'EMB_P', 'EMB_P', 'EMB_P', 'EMB_P', 'EMB_P', 'EMB_P', 'EMB_P', 'EMB_P', 'EMB_P', 'EMB_P', 'EMB_P', 'EMB_P', 'EMB_P', 'EMB_P', 'EMB_P', 'EMB_P', 'EMB_P', 'EMB_P', 'EMB_P', 'EMB_P', 'EMB_P', 'EMB_P', 'EMB_P', 'EMB_P', 'EMB_P']","['EMB_O', 'EMB_O', 'EMB_O', 'OPN_B', 'OPN_E', 'EMB_O', 'EMB_O', 'EMB_O', 'EMB_O', 'EMB_O', 'EMB_O', 'EMB_O', 'EMB_P', 'EMB_P', 'EMB_P', 'EMB_P', 'EMB_P', 'EMB_P', 'EMB_P', 'EMB_P', 'EMB_P', 'EMB_P', 'EMB_P', 'EMB_P', 'EMB_P', 'EMB_P', 'EMB_P', 'EMB_P', 'EMB_P', 'EMB_P', 'EMB_P', 'EMB_P', 'EMB_P', 'EMB_P', 'EMB_P', 'EMB_P', 'EMB_P', 'EMB_P', 'EMB_P', 'EMB_P', 'EMB_P', 'EMB_P', 'EMB_P', 'EMB_P', 'EMB_P', 'EMB_P', 'EMB_P', 'EMB_P', 'EMB_P', 'EMB_P', 'EMB_P', 'EMB_P', 'EMB_P', 'EMB_P', 'EMB_P', 'EMB_P', 'EMB_P', 'EMB_P', 'EMB_P', 'EMB_P', 'EMB_P', 'EMB_P', 'EMB_P', 'EMB_P', 'EMB_P', 'EMB_P', 'EMB_P', 'EMB_P', 'EMB_P', 'EMB_P', 'EMB_P', 'EMB_P', 'EMB_P', 'EMB_P', 'EMB_P', 'EMB_P', 'EMB_P', 'EMB_P', 'EMB_P', 'EMB_P', 'EMB_P', 'EMB_P', 'EMB_P', 'EMB_P', 'EMB_P', 'EMB_P', 'EMB_P', 'EMB_P', 'EMB_P', 'EMB_P', 'EMB_P', 'EMB_P', 'EMB_P', 'EMB_P', 'EMB_P', 'EMB_P', 'EMB_P', 'EMB_P', 'EMB_P', 'EMB_P', 'EMB_P', 'EMB_P', 'EMB_P', 'EMB_P', 'EMB_P', 'EMB_P', 'EMB_P', 'EMB_P', 'EMB_P', 'EMB_P', 'EMB_P', 'EMB_P', 'EMB_P', 'EMB_P', 'EMB_P', 'EMB_P', 'EMB_P', 'EMB_P', 'EMB_P', 'EMB_P', 'EMB_P', 'EMB_P', 'EMB_P', 'EMB_P', 'EMB_P', 'EMB_P', 'EMB_P', 'EMB_P']"
160,product,great,laptop_quad_dev_143,great product !,7.17,7.33,"['EMB_O', 'EMB_O', 'ASP_S', 'EMB_O', 'EMB_O', 'EMB_P', 'EMB_P', 'EMB_P', 'EMB_P', 'EMB_P', 'EMB_P', 'EMB_P', 'EMB_P', 'EMB_P', 'EMB_P', 'EMB_P', 'EMB_P', 'EMB_P', 'EMB_P', 'EMB_P', 'EMB_P', 'EMB_P', 'EMB_P', 'EMB_P', 'EMB_P', 'EMB_P', 'EMB_P', 'EMB_P', 'EMB_P', 'EMB_P', 'EMB_P', 'EMB_P', 'EMB_P', 'EMB_P', 'EMB_P', 'EMB_P', 'EMB_P', 'EMB_P', 'EMB_P', 'EMB_P', 'EMB_P', 'EMB_P', 'EMB_P', 'EMB_P', 'EMB_P', 'EMB_P', 'EMB_P', 'EMB_P', 'EMB_P', 'EMB_P', 'EMB_P', 'EMB_P', 'EMB_P', 'EMB_P', 'EMB_P', 'EMB_P', 'EMB_P', 'EMB_P', 'EMB_P', 'EMB_P', 'EMB_P', 'EMB_P', 'EMB_P', 'EMB_P', 'EMB_P', 'EMB_P', 'EMB_P', 'EMB_P', 'EMB_P', 'EMB_P', 'EMB_P', 'EMB_P', 'EMB_P', 'EMB_P', 'EMB_P', 'EMB_P', 'EMB_P', 'EMB_P', 'EMB_P', 'EMB_P', 'EMB_P', 'EMB_P', 'EMB_P', 'EMB_P', 'EMB_P', 'EMB_P', 'EMB_P', 'EMB_P', 'EMB_P', 'EMB_P', 'EMB_P', 'EMB_P', 'EMB_P', 'EMB_P', 'EMB_P', 'EMB_P', 'EMB_P', 'EMB_P', 'EMB_P', 'EMB_P', 'EMB_P', 'EMB_P', 'EMB_P', 'EMB_P', 'EMB_P', 'EMB_P', 'EMB_P', 'EMB_P', 'EMB_P', 'EMB_P', 'EMB_P', 'EMB_P', 'EMB_P', 'EMB_P', 'EMB_P', 'EMB_P', 'EMB_P', 'EMB_P', 'EMB_P', 'EMB_P', 'EMB_P', 'EMB_P', 'EMB_P', 'EMB_P', 'EMB_P', 'EMB_P', 'EMB_P', 'EMB_P']","['EMB_O', 'OPN_S', 'EMB_O', 'EMB_O', 'EMB_O', 'EMB_P', 'EMB_P', 'EMB_P', 'EMB_P', 'EMB_P', 'EMB_P', 'EMB_P', 'EMB_P', 'EMB_P', 'EMB_P', 'EMB_P', 'EMB_P', 'EMB_P', 'EMB_P', 'EMB_P', 'EMB_P', 'EMB_P', 'EMB_P', 'EMB_P', 'EMB_P', 'EMB_P', 'EMB_P', 'EMB_P', 'EMB_P', 'EMB_P', 'EMB_P', 'EMB_P', 'EMB_P', 'EMB_P', 'EMB_P', 'EMB_P', 'EMB_P', 'EMB_P', 'EMB_P', 'EMB_P', 'EMB_P', 'EMB_P', 'EMB_P', 'EMB_P', 'EMB_P', 'EMB_P', 'EMB_P', 'EMB_P', 'EMB_P', 'EMB_P', 'EMB_P', 'EMB_P', 'EMB_P', 'EMB_P', 'EMB_P', 'EMB_P', 'EMB_P', 'EMB_P', 'EMB_P', 'EMB_P', 'EMB_P', 'EMB_P', 'EMB_P', 'EMB_P', 'EMB_P', 'EMB_P', 'EMB_P', 'EMB_P', 'EMB_P', 'EMB_P', 'EMB_P', 'EMB_P', 'EMB_P', 'EMB_P', 'EMB_P', 'EMB_P', 'EMB_P', 'EMB_P', 'EMB_P', 'EMB_P', 'EMB_P', 'EMB_P', 'EMB_P', 'EMB_P', 'EMB_P', 'EMB_P', 'EMB_P', 'EMB_P', 'EMB_P', 'EMB_P', 'EMB_P', 'EMB_P', 'EMB_P', 'EMB_P', 'EMB_P', 'EMB_P', 'EMB_P', 'EMB_P', 'EMB_P', 'EMB_P', 'EMB_P', 'EMB_P', 'EMB_P', 'EMB_P', 'EMB_P', 'EMB_P', 'EMB_P', 'EMB_P', 'EMB_P', 'EMB_P', 'EMB_P', 'EMB_P', 'EMB_P', 'EMB_P', 'EMB_P', 'EMB_P', 'EMB_P', 'EMB_P', 'EMB_P', 'EMB_P', 'EMB_P', 'EMB_P', 'EMB_P', 'EMB_P', 'EMB_P', 'EMB_P', 'EMB_P', 'EMB_P']"
161,battery,NULL,laptop_quad_dev_144,"battery issues aside , i really love this laptop and it is easily the nicest piece of electronics i have ever owned .",4.83,5.17,"['EMB_O', 'ASP_S', 'EMB_O', 'EMB_O', 'EMB_O', 'EMB_O', 'EMB_O', 'EMB_O', 'EMB_O', 'EMB_O', 'EMB_O', 'EMB_O', 'EMB_O', 'EMB_O', 'EMB_O', 'EMB_O', 'EMB_O', 'EMB_O', 'EMB_O', 'EMB_O', 'EMB_O', 'EMB_O', 'EMB_O', 'EMB_O', 'EMB_O', 'EMB_O', 'EMB_O', 'EMB_P', 'EMB_P', 'EMB_P', 'EMB_P', 'EMB_P', 'EMB_P', 'EMB_P', 'EMB_P', 'EMB_P', 'EMB_P', 'EMB_P', 'EMB_P', 'EMB_P', 'EMB_P', 'EMB_P', 'EMB_P', 'EMB_P', 'EMB_P', 'EMB_P', 'EMB_P', 'EMB_P', 'EMB_P', 'EMB_P', 'EMB_P', 'EMB_P', 'EMB_P', 'EMB_P', 'EMB_P', 'EMB_P', 'EMB_P', 'EMB_P', 'EMB_P', 'EMB_P', 'EMB_P', 'EMB_P', 'EMB_P', 'EMB_P', 'EMB_P', 'EMB_P', 'EMB_P', 'EMB_P', 'EMB_P', 'EMB_P', 'EMB_P', 'EMB_P', 'EMB_P', 'EMB_P', 'EMB_P', 'EMB_P', 'EMB_P', 'EMB_P', 'EMB_P', 'EMB_P', 'EMB_P', 'EMB_P', 'EMB_P', 'EMB_P', 'EMB_P', 'EMB_P', 'EMB_P', 'EMB_P', 'EMB_P', 'EMB_P', 'EMB_P', 'EMB_P', 'EMB_P', 'EMB_P', 'EMB_P', 'EMB_P', 'EMB_P', 'EMB_P', 'EMB_P', 'EMB_P', 'EMB_P', 'EMB_P', 'EMB_P', 'EMB_P', 'EMB_P', 'EMB_P', 'EMB_P', 'EMB_P', 'EMB_P', 'EMB_P', 'EMB_P', 'EMB_P', 'EMB_P', 'EMB_P', 'EMB_P', 'EMB_P', 'EMB_P', 'EMB_P', 'EMB_P', 'EMB_P', 'EMB_P', 'EMB_P', 'EMB_P', 'EMB_P', 'EMB_P', 'EMB_P', 'EMB_P', 'EMB_P']","['EMB_O', 'EMB_O', 'EMB_O', 'EMB_O', 'EMB_O', 'EMB_O', 'EMB_O', 'EMB_O', 'EMB_O', 'EMB_O', 'EMB_O', 'EMB_O', 'EMB_O', 'EMB_O', 'EMB_O', 'EMB_O', 'EMB_O', 'EMB_O', 'EMB_O', 'EMB_O', 'EMB_O', 'EMB_O', 'EMB_O', 'EMB_O', 'EMB_O', 'EMB_O', 'EMB_O', 'EMB_P', 'EMB_P', 'EMB_P', 'EMB_P', 'EMB_P', 'EMB_P', 'EMB_P', 'EMB_P', 'EMB_P', 'EMB_P', 'EMB_P', 'EMB_P', 'EMB_P', 'EMB_P', 'EMB_P', 'EMB_P', 'EMB_P', 'EMB_P', 'EMB_P', 'EMB_P', 'EMB_P', 'EMB_P', 'EMB_P', 'EMB_P', 'EMB_P', 'EMB_P', 'EMB_P', 'EMB_P', 'EMB_P', 'EMB_P', 'EMB_P', 'EMB_P', 'EMB_P', 'EMB_P', 'EMB_P', 'EMB_P', 'EMB_P', 'EMB_P', 'EMB_P', 'EMB_P', 'EMB_P', 'EMB_P', 'EMB_P', 'EMB_P', 'EMB_P', 'EMB_P', 'EMB_P', 'EMB_P', 'EMB_P', 'EMB_P', 'EMB_P', 'EMB_P', 'EMB_P', 'EMB_P', 'EMB_P', 'EMB_P', 'EMB_P', 'EMB_P', 'EMB_P', 'EMB_P', 'EMB_P', 'EMB_P', 'EMB_P', 'EMB_P', 'EMB_P', 'EMB_P', 'EMB_P', 'EMB_P', 'EMB_P', 'EMB_P', 'EMB_P', 'EMB_P', 'EMB_P', 'EMB_P', 'EMB_P', 'EMB_P', 'EMB_P', 'EMB_P', 'EMB_P', 'EMB_P', 'EMB_P', 'EMB_P', 'EMB_P', 'EMB_P', 'EMB_P', 'EMB_P', 'EMB_P', 'EMB_P', 'EMB_P', 'EMB_P', 'EMB_P', 'EMB_P', 'EMB_P', 'EMB_P', 'EMB_P', 'EMB_P', 'EMB_P', 'EMB_P', 'EMB_P', 'EMB_P', 'EMB_P']"
162,laptop,really love,laptop_quad_dev_144,"battery issues aside , i really love this laptop and it is easily the nicest piece of electronics i have ever owned .",7.5,7.67,"['EMB_O', 'EMB_O', 'EMB_O', 'EMB_O', 'EMB_O', 'EMB_O', 'EMB_O', 'EMB_O', 'EMB_O', 'ASP_B', 'ASP_E', 'EMB_O', 'EMB_O', 'EMB_O', 'EMB_O', 'EMB_O', 'EMB_O', 'EMB_O', 'EMB_O', 'EMB_O', 'EMB_O', 'EMB_O', 'EMB_O', 'EMB_O', 'EMB_O', 'EMB_O', 'EMB_O', 'EMB_P', 'EMB_P', 'EMB_P', 'EMB_P', 'EMB_P', 'EMB_P', 'EMB_P', 'EMB_P', 'EMB_P', 'EMB_P', 'EMB_P', 'EMB_P', 'EMB_P', 'EMB_P', 'EMB_P', 'EMB_P', 'EMB_P', 'EMB_P', 'EMB_P', 'EMB_P', 'EMB_P', 'EMB_P', 'EMB_P', 'EMB_P', 'EMB_P', 'EMB_P', 'EMB_P', 'EMB_P', 'EMB_P', 'EMB_P', 'EMB_P', 'EMB_P', 'EMB_P', 'EMB_P', 'EMB_P', 'EMB_P', 'EMB_P', 'EMB_P', 'EMB_P', 'EMB_P', 'EMB_P', 'EMB_P', 'EMB_P', 'EMB_P', 'EMB_P', 'EMB_P', 'EMB_P', 'EMB_P', 'EMB_P', 'EMB_P', 'EMB_P', 'EMB_P', 'EMB_P', 'EMB_P', 'EMB_P', 'EMB_P', 'EMB_P', 'EMB_P', 'EMB_P', 'EMB_P', 'EMB_P', 'EMB_P', 'EMB_P', 'EMB_P', 'EMB_P', 'EMB_P', 'EMB_P', 'EMB_P', 'EMB_P', 'EMB_P', 'EMB_P', 'EMB_P', 'EMB_P', 'EMB_P', 'EMB_P', 'EMB_P', 'EMB_P', 'EMB_P', 'EMB_P', 'EMB_P', 'EMB_P', 'EMB_P', 'EMB_P', 'EMB_P', 'EMB_P', 'EMB_P', 'EMB_P', 'EMB_P', 'EMB_P', 'EMB_P', 'EMB_P', 'EMB_P', 'EMB_P', 'EMB_P', 'EMB_P', 'EMB_P', 'EMB_P', 'EMB_P', 'EMB_P', 'EMB_P', 'EMB_P']","['EMB_O', 'EMB_O', 'EMB_O', 'EMB_O', 'EMB_O', 'EMB_O', 'OPN_B', 'OPN_E', 'EMB_O', 'EMB_O', 'EMB_O', 'EMB_O', 'EMB_O', 'EMB_O', 'EMB_O', 'EMB_O', 'EMB_O', 'EMB_O', 'EMB_O', 'EMB_O', 'EMB_O', 'EMB_O', 'EMB_O', 'EMB_O', 'EMB_O', 'EMB_O', 'EMB_O', 'EMB_P', 'EMB_P', 'EMB_P', 'EMB_P', 'EMB_P', 'EMB_P', 'EMB_P', 'EMB_P', 'EMB_P', 'EMB_P', 'EMB_P', 'EMB_P', 'EMB_P', 'EMB_P', 'EMB_P', 'EMB_P', 'EMB_P', 'EMB_P', 'EMB_P', 'EMB_P', 'EMB_P', 'EMB_P', 'EMB_P', 'EMB_P', 'EMB_P', 'EMB_P', 'EMB_P', 'EMB_P', 'EMB_P', 'EMB_P', 'EMB_P', 'EMB_P', 'EMB_P', 'EMB_P', 'EMB_P', 'EMB_P', 'EMB_P', 'EMB_P', 'EMB_P', 'EMB_P', 'EMB_P', 'EMB_P', 'EMB_P', 'EMB_P', 'EMB_P', 'EMB_P', 'EMB_P', 'EMB_P', 'EMB_P', 'EMB_P', 'EMB_P', 'EMB_P', 'EMB_P', 'EMB_P', 'EMB_P', 'EMB_P', 'EMB_P', 'EMB_P', 'EMB_P', 'EMB_P', 'EMB_P', 'EMB_P', 'EMB_P', 'EMB_P', 'EMB_P', 'EMB_P', 'EMB_P', 'EMB_P', 'EMB_P', 'EMB_P', 'EMB_P', 'EMB_P', 'EMB_P', 'EMB_P', 'EMB_P', 'EMB_P', 'EMB_P', 'EMB_P', 'EMB_P', 'EMB_P', 'EMB_P', 'EMB_P', 'EMB_P', 'EMB_P', 'EMB_P', 'EMB_P', 'EMB_P', 'EMB_P', 'EMB_P', 'EMB_P', 'EMB_P', 'EMB_P', 'EMB_P', 'EMB_P', 'EMB_P', 'EMB_P', 'EMB_P', 'EMB_P', 'EMB_P', 'EMB_P', 'EMB_P']"
163,build,neat,laptop_quad_dev_145,"neat and sleek build , great display and very nice os",7.0,7.17,"['EMB_O', 'EMB_O', 'EMB_O', 'EMB_O', 'EMB_O', 'EMB_O', 'ASP_S', 'EMB_O', 'EMB_O', 'EMB_O', 'EMB_O', 'EMB_O', 'EMB_O', 'EMB_O', 'EMB_O', 'EMB_O', 'EMB_P', 'EMB_P', 'EMB_P', 'EMB_P', 'EMB_P', 'EMB_P', 'EMB_P', 'EMB_P', 'EMB_P', 'EMB_P', 'EMB_P', 'EMB_P', 'EMB_P', 'EMB_P', 'EMB_P', 'EMB_P', 'EMB_P', 'EMB_P', 'EMB_P', 'EMB_P', 'EMB_P', 'EMB_P', 'EMB_P', 'EMB_P', 'EMB_P', 'EMB_P', 'EMB_P', 'EMB_P', 'EMB_P', 'EMB_P', 'EMB_P', 'EMB_P', 'EMB_P', 'EMB_P', 'EMB_P', 'EMB_P', 'EMB_P', 'EMB_P', 'EMB_P', 'EMB_P', 'EMB_P', 'EMB_P', 'EMB_P', 'EMB_P', 'EMB_P', 'EMB_P', 'EMB_P', 'EMB_P', 'EMB_P', 'EMB_P', 'EMB_P', 'EMB_P', 'EMB_P', 'EMB_P', 'EMB_P', 'EMB_P', 'EMB_P', 'EMB_P', 'EMB_P', 'EMB_P', 'EMB_P', 'EMB_P', 'EMB_P', 'EMB_P', 'EMB_P', 'EMB_P', 'EMB_P', 'EMB_P', 'EMB_P', 'EMB_P', 'EMB_P', 'EMB_P', 'EMB_P', 'EMB_P', 'EMB_P', 'EMB_P', 'EMB_P', 'EMB_P', 'EMB_P', 'EMB_P', 'EMB_P', 'EMB_P', 'EMB_P', 'EMB_P', 'EMB_P', 'EMB_P', 'EMB_P', 'EMB_P', 'EMB_P', 'EMB_P', 'EMB_P', 'EMB_P', 'EMB_P', 'EMB_P', 'EMB_P', 'EMB_P', 'EMB_P', 'EMB_P', 'EMB_P', 'EMB_P', 'EMB_P', 'EMB_P', 'EMB_P', 'EMB_P', 'EMB_P', 'EMB_P', 'EMB_P', 'EMB_P', 'EMB_P', 'EMB_P', 'EMB_P', 'EMB_P']","['EMB_O', 'OPN_B', 'OPN_E', 'EMB_O', 'EMB_O', 'EMB_O', 'EMB_O', 'EMB_O', 'EMB_O', 'EMB_O', 'EMB_O', 'EMB_O', 'EMB_O', 'EMB_O', 'EMB_O', 'EMB_O', 'EMB_P', 'EMB_P', 'EMB_P', 'EMB_P', 'EMB_P', 'EMB_P', 'EMB_P', 'EMB_P', 'EMB_P', 'EMB_P', 'EMB_P', 'EMB_P', 'EMB_P', 'EMB_P', 'EMB_P', 'EMB_P', 'EMB_P', 'EMB_P', 'EMB_P', 'EMB_P', 'EMB_P', 'EMB_P', 'EMB_P', 'EMB_P', 'EMB_P', 'EMB_P', 'EMB_P', 'EMB_P', 'EMB_P', 'EMB_P', 'EMB_P', 'EMB_P', 'EMB_P', 'EMB_P', 'EMB_P', 'EMB_P', 'EMB_P', 'EMB_P', 'EMB_P', 'EMB_P', 'EMB_P', 'EMB_P', 'EMB_P', 'EMB_P', 'EMB_P', 'EMB_P', 'EMB_P', 'EMB_P', 'EMB_P', 'EMB_P', 'EMB_P', 'EMB_P', 'EMB_P', 'EMB_P', 'EMB_P', 'EMB_P', 'EMB_P', 'EMB_P', 'EMB_P', 'EMB_P', 'EMB_P', 'EMB_P', 'EMB_P', 'EMB_P', 'EMB_P', 'EMB_P', 'EMB_P', 'EMB_P', 'EMB_P', 'EMB_P', 'EMB_P', 'EMB_P', 'EMB_P', 'EMB_P', 'EMB_P', 'EMB_P', 'EMB_P', 'EMB_P', 'EMB_P', 'EMB_P', 'EMB_P', 'EMB_P', 'EMB_P', 'EMB_P', 'EMB_P', 'EMB_P', 'EMB_P', 'EMB_P', 'EMB_P', 'EMB_P', 'EMB_P', 'EMB_P', 'EMB_P', 'EMB_P', 'EMB_P', 'EMB_P', 'EMB_P', 'EMB_P', 'EMB_P', 'EMB_P', 'EMB_P', 'EMB_P', 'EMB_P', 'EMB_P', 'EMB_P', 'EMB_P', 'EMB_P', 'EMB_P', 'EMB_P', 'EMB_P', 'EMB_P', 'EMB_P']"
164,display,great,laptop_quad_dev_145,"neat and sleek build , great display and very nice os",7.5,7.5,"['EMB_O', 'EMB_O', 'EMB_O', 'EMB_O', 'EMB_O', 'EMB_O', 'EMB_O', 'EMB_O', 'EMB_O', 'ASP_S', 'EMB_O', 'EMB_O', 'EMB_O', 'EMB_O', 'EMB_O', 'EMB_O', 'EMB_P', 'EMB_P', 'EMB_P', 'EMB_P', 'EMB_P', 'EMB_P', 'EMB_P', 'EMB_P', 'EMB_P', 'EMB_P', 'EMB_P', 'EMB_P', 'EMB_P', 'EMB_P', 'EMB_P', 'EMB_P', 'EMB_P', 'EMB_P', 'EMB_P', 'EMB_P', 'EMB_P', 'EMB_P', 'EMB_P', 'EMB_P', 'EMB_P', 'EMB_P', 'EMB_P', 'EMB_P', 'EMB_P', 'EMB_P', 'EMB_P', 'EMB_P', 'EMB_P', 'EMB_P', 'EMB_P', 'EMB_P', 'EMB_P', 'EMB_P', 'EMB_P', 'EMB_P', 'EMB_P', 'EMB_P', 'EMB_P', 'EMB_P', 'EMB_P', 'EMB_P', 'EMB_P', 'EMB_P', 'EMB_P', 'EMB_P', 'EMB_P', 'EMB_P', 'EMB_P', 'EMB_P', 'EMB_P', 'EMB_P', 'EMB_P', 'EMB_P', 'EMB_P', 'EMB_P', 'EMB_P', 'EMB_P', 'EMB_P', 'EMB_P', 'EMB_P', 'EMB_P', 'EMB_P', 'EMB_P', 'EMB_P', 'EMB_P', 'EMB_P', 'EMB_P', 'EMB_P', 'EMB_P', 'EMB_P', 'EMB_P', 'EMB_P', 'EMB_P', 'EMB_P', 'EMB_P', 'EMB_P', 'EMB_P', 'EMB_P', 'EMB_P', 'EMB_P', 'EMB_P', 'EMB_P', 'EMB_P', 'EMB_P', 'EMB_P', 'EMB_P', 'EMB_P', 'EMB_P', 'EMB_P', 'EMB_P', 'EMB_P', 'EMB_P', 'EMB_P', 'EMB_P', 'EMB_P', 'EMB_P', 'EMB_P', 'EMB_P', 'EMB_P', 'EMB_P', 'EMB_P', 'EMB_P', 'EMB_P', 'EMB_P', 'EMB_P', 'EMB_P', 'EMB_P']","['EMB_O', 'EMB_O', 'EMB_O', 'EMB_O', 'EMB_O', 'EMB_O', 'EMB_O', 'EMB_O', 'OPN_S', 'EMB_O', 'EMB_O', 'EMB_O', 'EMB_O', 'EMB_O', 'EMB_O', 'EMB_O', 'EMB_P', 'EMB_P', 'EMB_P', 'EMB_P', 'EMB_P', 'EMB_P', 'EMB_P', 'EMB_P', 'EMB_P', 'EMB_P', 'EMB_P', 'EMB_P', 'EMB_P', 'EMB_P', 'EMB_P', 'EMB_P', 'EMB_P', 'EMB_P', 'EMB_P', 'EMB_P', 'EMB_P', 'EMB_P', 'EMB_P', 'EMB_P', 'EMB_P', 'EMB_P', 'EMB_P', 'EMB_P', 'EMB_P', 'EMB_P', 'EMB_P', 'EMB_P', 'EMB_P', 'EMB_P', 'EMB_P', 'EMB_P', 'EMB_P', 'EMB_P', 'EMB_P', 'EMB_P', 'EMB_P', 'EMB_P', 'EMB_P', 'EMB_P', 'EMB_P', 'EMB_P', 'EMB_P', 'EMB_P', 'EMB_P', 'EMB_P', 'EMB_P', 'EMB_P', 'EMB_P', 'EMB_P', 'EMB_P', 'EMB_P', 'EMB_P', 'EMB_P', 'EMB_P', 'EMB_P', 'EMB_P', 'EMB_P', 'EMB_P', 'EMB_P', 'EMB_P', 'EMB_P', 'EMB_P', 'EMB_P', 'EMB_P', 'EMB_P', 'EMB_P', 'EMB_P', 'EMB_P', 'EMB_P', 'EMB_P', 'EMB_P', 'EMB_P', 'EMB_P', 'EMB_P', 'EMB_P', 'EMB_P', 'EMB_P', 'EMB_P', 'EMB_P', 'EMB_P', 'EMB_P', 'EMB_P', 'EMB_P', 'EMB_P', 'EMB_P', 'EMB_P', 'EMB_P', 'EMB_P', 'EMB_P', 'EMB_P', 'EMB_P', 'EMB_P', 'EMB_P', 'EMB_P', 'EMB_P', 'EMB_P', 'EMB_P', 'EMB_P', 'EMB_P', 'EMB_P', 'EMB_P', 'EMB_P', 'EMB_P', 'EMB_P', 'EMB_P', 'EMB_P', 'EMB_P']"
165,os,very nice,laptop_quad_dev_145,"neat and sleek build , great display and very nice os",7.0,7.0,"['EMB_O', 'EMB_O', 'EMB_O', 'EMB_O', 'EMB_O', 'EMB_O', 'EMB_O', 'EMB_O', 'EMB_O', 'EMB_O', 'EMB_O', 'EMB_O', 'EMB_O', 'EMB_O', 'ASP_S', 'EMB_O', 'EMB_P', 'EMB_P', 'EMB_P', 'EMB_P', 'EMB_P', 'EMB_P', 'EMB_P', 'EMB_P', 'EMB_P', 'EMB_P', 'EMB_P', 'EMB_P', 'EMB_P', 'EMB_P', 'EMB_P', 'EMB_P', 'EMB_P', 'EMB_P', 'EMB_P', 'EMB_P', 'EMB_P', 'EMB_P', 'EMB_P', 'EMB_P', 'EMB_P', 'EMB_P', 'EMB_P', 'EMB_P', 'EMB_P', 'EMB_P', 'EMB_P', 'EMB_P', 'EMB_P', 'EMB_P', 'EMB_P', 'EMB_P', 'EMB_P', 'EMB_P', 'EMB_P', 'EMB_P', 'EMB_P', 'EMB_P', 'EMB_P', 'EMB_P', 'EMB_P', 'EMB_P', 'EMB_P', 'EMB_P', 'EMB_P', 'EMB_P', 'EMB_P', 'EMB_P', 'EMB_P', 'EMB_P', 'EMB_P', 'EMB_P', 'EMB_P', 'EMB_P', 'EMB_P', 'EMB_P', 'EMB_P', 'EMB_P', 'EMB_P', 'EMB_P', 'EMB_P', 'EMB_P', 'EMB_P', 'EMB_P', 'EMB_P', 'EMB_P', 'EMB_P', 'EMB_P', 'EMB_P', 'EMB_P', 'EMB_P', 'EMB_P', 'EMB_P', 'EMB_P', 'EMB_P', 'EMB_P', 'EMB_P', 'EMB_P', 'EMB_P', 'EMB_P', 'EMB_P', 'EMB_P', 'EMB_P', 'EMB_P', 'EMB_P', 'EMB_P', 'EMB_P', 'EMB_P', 'EMB_P', 'EMB_P', 'EMB_P', 'EMB_P', 'EMB_P', 'EMB_P', 'EMB_P', 'EMB_P', 'EMB_P', 'EMB_P', 'EMB_P', 'EMB_P', 'EMB_P', 'EMB_P', 'EMB_P', 'EMB_P', 'EMB_P', 'EMB_P', 'EMB_P', 'EMB_P']","['EMB_O', 'EMB_O', 'EMB_O', 'EMB_O', 'EMB_O', 'EMB_O', 'EMB_O', 'EMB_O', 'EMB_O', 'EMB_O', 'EMB_O', 'OPN_B', 'OPN_I', 'OPN_E', 'EMB_O', 'EMB_O', 'EMB_P', 'EMB_P', 'EMB_P', 'EMB_P', 'EMB_P', 'EMB_P', 'EMB_P', 'EMB_P', 'EMB_P', 'EMB_P', 'EMB_P', 'EMB_P', 'EMB_P', 'EMB_P', 'EMB_P', 'EMB_P', 'EMB_P', 'EMB_P', 'EMB_P', 'EMB_P', 'EMB_P', 'EMB_P', 'EMB_P', 'EMB_P', 'EMB_P', 'EMB_P', 'EMB_P', 'EMB_P', 'EMB_P', 'EMB_P', 'EMB_P', 'EMB_P', 'EMB_P', 'EMB_P', 'EMB_P', 'EMB_P', 'EMB_P', 'EMB_P', 'EMB_P', 'EMB_P', 'EMB_P', 'EMB_P', 'EMB_P', 'EMB_P', 'EMB_P', 'EMB_P', 'EMB_P', 'EMB_P', 'EMB_P', 'EMB_P', 'EMB_P', 'EMB_P', 'EMB_P', 'EMB_P', 'EMB_P', 'EMB_P', 'EMB_P', 'EMB_P', 'EMB_P', 'EMB_P', 'EMB_P', 'EMB_P', 'EMB_P', 'EMB_P', 'EMB_P', 'EMB_P', 'EMB_P', 'EMB_P', 'EMB_P', 'EMB_P', 'EMB_P', 'EMB_P', 'EMB_P', 'EMB_P', 'EMB_P', 'EMB_P', 'EMB_P', 'EMB_P', 'EMB_P', 'EMB_P', 'EMB_P', 'EMB_P', 'EMB_P', 'EMB_P', 'EMB_P', 'EMB_P', 'EMB_P', 'EMB_P', 'EMB_P', 'EMB_P', 'EMB_P', 'EMB_P', 'EMB_P', 'EMB_P', 'EMB_P', 'EMB_P', 'EMB_P', 'EMB_P', 'EMB_P', 'EMB_P', 'EMB_P', 'EMB_P', 'EMB_P', 'EMB_P', 'EMB_P', 'EMB_P', 'EMB_P', 'EMB_P', 'EMB_P', 'EMB_P', 'EMB_P', 'EMB_P']"
166,touchpad,NULL,laptop_quad_dev_146,"the new touchpad takes a little getting used to , but otherwise it ' s been perfect .",5.0,5.0,"['EMB_O', 'EMB_O', 'EMB_O', 'ASP_B', 'ASP_E', 'EMB_O', 'EMB_O', 'EMB_O', 'EMB_O', 'EMB_O', 'EMB_O', 'EMB_O', 'EMB_O', 'EMB_O', 'EMB_O', 'EMB_O', 'EMB_O', 'EMB_O', 'EMB_O', 'EMB_O', 'EMB_O', 'EMB_P', 'EMB_P', 'EMB_P', 'EMB_P', 'EMB_P', 'EMB_P', 'EMB_P', 'EMB_P', 'EMB_P', 'EMB_P', 'EMB_P', 'EMB_P', 'EMB_P', 'EMB_P', 'EMB_P', 'EMB_P', 'EMB_P', 'EMB_P', 'EMB_P', 'EMB_P', 'EMB_P', 'EMB_P', 'EMB_P', 'EMB_P', 'EMB_P', 'EMB_P', 'EMB_P', 'EMB_P', 'EMB_P', 'EMB_P', 'EMB_P', 'EMB_P', 'EMB_P', 'EMB_P', 'EMB_P', 'EMB_P', 'EMB_P', 'EMB_P', 'EMB_P', 'EMB_P', 'EMB_P', 'EMB_P', 'EMB_P', 'EMB_P', 'EMB_P', 'EMB_P', 'EMB_P', 'EMB_P', 'EMB_P', 'EMB_P', 'EMB_P', 'EMB_P', 'EMB_P', 'EMB_P', 'EMB_P', 'EMB_P', 'EMB_P', 'EMB_P', 'EMB_P', 'EMB_P', 'EMB_P', 'EMB_P', 'EMB_P', 'EMB_P', 'EMB_P', 'EMB_P', 'EMB_P', 'EMB_P', 'EMB_P', 'EMB_P', 'EMB_P', 'EMB_P', 'EMB_P', 'EMB_P', 'EMB_P', 'EMB_P', 'EMB_P', 'EMB_P', 'EMB_P', 'EMB_P', 'EMB_P', 'EMB_P', 'EMB_P', 'EMB_P', 'EMB_P', 'EMB_P', 'EMB_P', 'EMB_P', 'EMB_P', 'EMB_P', 'EMB_P', 'EMB_P', 'EMB_P', 'EMB_P', 'EMB_P', 'EMB_P', 'EMB_P', 'EMB_P', 'EMB_P', 'EMB_P', 'EMB_P', 'EMB_P', 'EMB_P', 'EMB_P', 'EMB_P', 'EMB_P', 'EMB_P']","['EMB_O', 'EMB_O', 'EMB_O', 'EMB_O', 'EMB_O', 'EMB_O', 'EMB_O', 'EMB_O', 'EMB_O', 'EMB_O', 'EMB_O', 'EMB_O', 'EMB_O', 'EMB_O', 'EMB_O', 'EMB_O', 'EMB_O', 'EMB_O', 'EMB_O', 'EMB_O', 'EMB_O', 'EMB_P', 'EMB_P', 'EMB_P', 'EMB_P', 'EMB_P', 'EMB_P', 'EMB_P', 'EMB_P', 'EMB_P', 'EMB_P', 'EMB_P', 'EMB_P', 'EMB_P', 'EMB_P', 'EMB_P', 'EMB_P', 'EMB_P', 'EMB_P', 'EMB_P', 'EMB_P', 'EMB_P', 'EMB_P', 'EMB_P', 'EMB_P', 'EMB_P', 'EMB_P', 'EMB_P', 'EMB_P', 'EMB_P', 'EMB_P', 'EMB_P', 'EMB_P', 'EMB_P', 'EMB_P', 'EMB_P', 'EMB_P', 'EMB_P', 'EMB_P', 'EMB_P', 'EMB_P', 'EMB_P', 'EMB_P', 'EMB_P', 'EMB_P', 'EMB_P', 'EMB_P', 'EMB_P', 'EMB_P', 'EMB_P', 'EMB_P', 'EMB_P', 'EMB_P', 'EMB_P', 'EMB_P', 'EMB_P', 'EMB_P', 'EMB_P', 'EMB_P', 'EMB_P', 'EMB_P', 'EMB_P', 'EMB_P', 'EMB_P', 'EMB_P', 'EMB_P', 'EMB_P', 'EMB_P', 'EMB_P', 'EMB_P', 'EMB_P', 'EMB_P', 'EMB_P', 'EMB_P', 'EMB_P', 'EMB_P', 'EMB_P', 'EMB_P', 'EMB_P', 'EMB_P', 'EMB_P', 'EMB_P', 'EMB_P', 'EMB_P', 'EMB_P', 'EMB_P', 'EMB_P', 'EMB_P', 'EMB_P', 'EMB_P', 'EMB_P', 'EMB_P', 'EMB_P', 'EMB_P', 'EMB_P', 'EMB_P', 'EMB_P', 'EMB_P', 'EMB_P', 'EMB_P', 'EMB_P', 'EMB_P', 'EMB_P', 'EMB_P', 'EMB_P', 'EMB_P', 'EMB_P', 'EMB_P']"
167,NULL,perfect,laptop_quad_dev_146,"the new touchpad takes a little getting used to , but otherwise it ' s been perfect .",8.33,8.5,"['EMB_O', 'EMB_O', 'EMB_O', 'EMB_O', 'EMB_O', 'EMB_O', 'EMB_O', 'EMB_O', 'EMB_O', 'EMB_O', 'EMB_O', 'EMB_O', 'EMB_O', 'EMB_O', 'EMB_O', 'EMB_O', 'EMB_O', 'EMB_O', 'EMB_O', 'EMB_O', 'EMB_O', 'EMB_P', 'EMB_P', 'EMB_P', 'EMB_P', 'EMB_P', 'EMB_P', 'EMB_P', 'EMB_P', 'EMB_P', 'EMB_P', 'EMB_P', 'EMB_P', 'EMB_P', 'EMB_P', 'EMB_P', 'EMB_P', 'EMB_P', 'EMB_P', 'EMB_P', 'EMB_P', 'EMB_P', 'EMB_P', 'EMB_P', 'EMB_P', 'EMB_P', 'EMB_P', 'EMB_P', 'EMB_P', 'EMB_P', 'EMB_P', 'EMB_P', 'EMB_P', 'EMB_P', 'EMB_P', 'EMB_P', 'EMB_P', 'EMB_P', 'EMB_P', 'EMB_P', 'EMB_P', 'EMB_P', 'EMB_P', 'EMB_P', 'EMB_P', 'EMB_P', 'EMB_P', 'EMB_P', 'EMB_P', 'EMB_P', 'EMB_P', 'EMB_P', 'EMB_P', 'EMB_P', 'EMB_P', 'EMB_P', 'EMB_P', 'EMB_P', 'EMB_P', 'EMB_P', 'EMB_P', 'EMB_P', 'EMB_P', 'EMB_P', 'EMB_P', 'EMB_P', 'EMB_P', 'EMB_P', 'EMB_P', 'EMB_P', 'EMB_P', 'EMB_P', 'EMB_P', 'EMB_P', 'EMB_P', 'EMB_P', 'EMB_P', 'EMB_P', 'EMB_P', 'EMB_P', 'EMB_P', 'EMB_P', 'EMB_P', 'EMB_P', 'EMB_P', 'EMB_P', 'EMB_P', 'EMB_P', 'EMB_P', 'EMB_P', 'EMB_P', 'EMB_P', 'EMB_P', 'EMB_P', 'EMB_P', 'EMB_P', 'EMB_P', 'EMB_P', 'EMB_P', 'EMB_P', 'EMB_P', 'EMB_P', 'EMB_P', 'EMB_P', 'EMB_P', 'EMB_P', 'EMB_P', 'EMB_P']","['EMB_O', 'EMB_O', 'EMB_O', 'EMB_O', 'EMB_O', 'EMB_O', 'EMB_O', 'EMB_O', 'EMB_O', 'EMB_O', 'EMB_O', 'EMB_O', 'EMB_O', 'EMB_O', 'EMB_O', 'EMB_O', 'EMB_O', 'EMB_O', 'OPN_S', 'EMB_O', 'EMB_O', 'EMB_P', 'EMB_P', 'EMB_P', 'EMB_P', 'EMB_P', 'EMB_P', 'EMB_P', 'EMB_P', 'EMB_P', 'EMB_P', 'EMB_P', 'EMB_P', 'EMB_P', 'EMB_P', 'EMB_P', 'EMB_P', 'EMB_P', 'EMB_P', 'EMB_P', 'EMB_P', 'EMB_P', 'EMB_P', 'EMB_P', 'EMB_P', 'EMB_P', 'EMB_P', 'EMB_P', 'EMB_P', 'EMB_P', 'EMB_P', 'EMB_P', 'EMB_P', 'EMB_P', 'EMB_P', 'EMB_P', 'EMB_P', 'EMB_P', 'EMB_P', 'EMB_P', 'EMB_P', 'EMB_P', 'EMB_P', 'EMB_P', 'EMB_P', 'EMB_P', 'EMB_P', 'EMB_P', 'EMB_P', 'EMB_P', 'EMB_P', 'EMB_P', 'EMB_P', 'EMB_P', 'EMB_P', 'EMB_P', 'EMB_P', 'EMB_P', 'EMB_P', 'EMB_P', 'EMB_P', 'EMB_P', 'EMB_P', 'EMB_P', 'EMB_P', 'EMB_P', 'EMB_P', 'EMB_P', 'EMB_P', 'EMB_P', 'EMB_P', 'EMB_P', 'EMB_P', 'EMB_P', 'EMB_P', 'EMB_P', 'EMB_P', 'EMB_P', 'EMB_P', 'EMB_P', 'EMB_P', 'EMB_P', 'EMB_P', 'EMB_P', 'EMB_P', 'EMB_P', 'EMB_P', 'EMB_P', 'EMB_P', 'EMB_P', 'EMB_P', 'EMB_P', 'EMB_P', 'EMB_P', 'EMB_P', 'EMB_P', 'EMB_P', 'EMB_P', 'EMB_P', 'EMB_P', 'EMB_P', 'EMB_P', 'EMB_P', 'EMB_P', 'EMB_P', 'EMB_P', 'EMB_P', 'EMB_P']"
168,retina screen,amazing,laptop_quad_dev_147,the retina screen is amazing .,8.12,8.25,"['EMB_O', 'EMB_O', 'ASP_B', 'ASP_I', 'ASP_E', 'EMB_O', 'EMB_O', 'EMB_O', 'EMB_O', 'EMB_O', 'EMB_P', 'EMB_P', 'EMB_P', 'EMB_P', 'EMB_P', 'EMB_P', 'EMB_P', 'EMB_P', 'EMB_P', 'EMB_P', 'EMB_P', 'EMB_P', 'EMB_P', 'EMB_P', 'EMB_P', 'EMB_P', 'EMB_P', 'EMB_P', 'EMB_P', 'EMB_P', 'EMB_P', 'EMB_P', 'EMB_P', 'EMB_P', 'EMB_P', 'EMB_P', 'EMB_P', 'EMB_P', 'EMB_P', 'EMB_P', 'EMB_P', 'EMB_P', 'EMB_P', 'EMB_P', 'EMB_P', 'EMB_P', 'EMB_P', 'EMB_P', 'EMB_P', 'EMB_P', 'EMB_P', 'EMB_P', 'EMB_P', 'EMB_P', 'EMB_P', 'EMB_P', 'EMB_P', 'EMB_P', 'EMB_P', 'EMB_P', 'EMB_P', 'EMB_P', 'EMB_P', 'EMB_P', 'EMB_P', 'EMB_P', 'EMB_P', 'EMB_P', 'EMB_P', 'EMB_P', 'EMB_P', 'EMB_P', 'EMB_P', 'EMB_P', 'EMB_P', 'EMB_P', 'EMB_P', 'EMB_P', 'EMB_P', 'EMB_P', 'EMB_P', 'EMB_P', 'EMB_P', 'EMB_P', 'EMB_P', 'EMB_P', 'EMB_P', 'EMB_P', 'EMB_P', 'EMB_P', 'EMB_P', 'EMB_P', 'EMB_P', 'EMB_P', 'EMB_P', 'EMB_P', 'EMB_P', 'EMB_P', 'EMB_P', 'EMB_P', 'EMB_P', 'EMB_P', 'EMB_P', 'EMB_P', 'EMB_P', 'EMB_P', 'EMB_P', 'EMB_P', 'EMB_P', 'EMB_P', 'EMB_P', 'EMB_P', 'EMB_P', 'EMB_P', 'EMB_P', 'EMB_P', 'EMB_P', 'EMB_P', 'EMB_P', 'EMB_P', 'EMB_P', 'EMB_P', 'EMB_P', 'EMB_P', 'EMB_P', 'EMB_P', 'EMB_P', 'EMB_P']","['EMB_O', 'EMB_O', 'EMB_O', 'EMB_O', 'EMB_O', 'EMB_O', 'OPN_B', 'OPN_E', 'EMB_O', 'EMB_O', 'EMB_P', 'EMB_P', 'EMB_P', 'EMB_P', 'EMB_P', 'EMB_P', 'EMB_P', 'EMB_P', 'EMB_P', 'EMB_P', 'EMB_P', 'EMB_P', 'EMB_P', 'EMB_P', 'EMB_P', 'EMB_P', 'EMB_P', 'EMB_P', 'EMB_P', 'EMB_P', 'EMB_P', 'EMB_P', 'EMB_P', 'EMB_P', 'EMB_P', 'EMB_P', 'EMB_P', 'EMB_P', 'EMB_P', 'EMB_P', 'EMB_P', 'EMB_P', 'EMB_P', 'EMB_P', 'EMB_P', 'EMB_P', 'EMB_P', 'EMB_P', 'EMB_P', 'EMB_P', 'EMB_P', 'EMB_P', 'EMB_P', 'EMB_P', 'EMB_P', 'EMB_P', 'EMB_P', 'EMB_P', 'EMB_P', 'EMB_P', 'EMB_P', 'EMB_P', 'EMB_P', 'EMB_P', 'EMB_P', 'EMB_P', 'EMB_P', 'EMB_P', 'EMB_P', 'EMB_P', 'EMB_P', 'EMB_P', 'EMB_P', 'EMB_P', 'EMB_P', 'EMB_P', 'EMB_P', 'EMB_P', 'EMB_P', 'EMB_P', 'EMB_P', 'EMB_P', 'EMB_P', 'EMB_P', 'EMB_P', 'EMB_P', 'EMB_P', 'EMB_P', 'EMB_P', 'EMB_P', 'EMB_P', 'EMB_P', 'EMB_P', 'EMB_P', 'EMB_P', 'EMB_P', 'EMB_P', 'EMB_P', 'EMB_P', 'EMB_P', 'EMB_P', 'EMB_P', 'EMB_P', 'EMB_P', 'EMB_P', 'EMB_P', 'EMB_P', 'EMB_P', 'EMB_P', 'EMB_P', 'EMB_P', 'EMB_P', 'EMB_P', 'EMB_P', 'EMB_P', 'EMB_P', 'EMB_P', 'EMB_P', 'EMB_P', 'EMB_P', 'EMB_P', 'EMB_P', 'EMB_P', 'EMB_P', 'EMB_P', 'EMB_P', 'EMB_P', 'EMB_P']"
169,hardware,very well,laptop_quad_dev_148,less of a fault of the much lauded diving board and more a factor of the very well designed new hardware .,6.25,6.25,"['EMB_O', 'EMB_O', 'EMB_O', 'EMB_O', 'EMB_O', 'EMB_O', 'EMB_O', 'EMB_O', 'EMB_O', 'EMB_O', 'EMB_O', 'EMB_O', 'EMB_O', 'EMB_O', 'EMB_O', 'EMB_O', 'EMB_O', 'EMB_O', 'EMB_O', 'EMB_O', 'EMB_O', 'EMB_O', 'ASP_S', 'EMB_O', 'EMB_O', 'EMB_P', 'EMB_P', 'EMB_P', 'EMB_P', 'EMB_P', 'EMB_P', 'EMB_P', 'EMB_P', 'EMB_P', 'EMB_P', 'EMB_P', 'EMB_P', 'EMB_P', 'EMB_P', 'EMB_P', 'EMB_P', 'EMB_P', 'EMB_P', 'EMB_P', 'EMB_P', 'EMB_P', 'EMB_P', 'EMB_P', 'EMB_P', 'EMB_P', 'EMB_P', 'EMB_P', 'EMB_P', 'EMB_P', 'EMB_P', 'EMB_P', 'EMB_P', 'EMB_P', 'EMB_P', 'EMB_P', 'EMB_P', 'EMB_P', 'EMB_P', 'EMB_P', 'EMB_P', 'EMB_P', 'EMB_P', 'EMB_P', 'EMB_P', 'EMB_P', 'EMB_P', 'EMB_P', 'EMB_P', 'EMB_P', 'EMB_P', 'EMB_P', 'EMB_P', 'EMB_P', 'EMB_P', 'EMB_P', 'EMB_P', 'EMB_P', 'EMB_P', 'EMB_P', 'EMB_P', 'EMB_P', 'EMB_P', 'EMB_P', 'EMB_P', 'EMB_P', 'EMB_P', 'EMB_P', 'EMB_P', 'EMB_P', 'EMB_P', 'EMB_P', 'EMB_P', 'EMB_P', 'EMB_P', 'EMB_P', 'EMB_P', 'EMB_P', 'EMB_P', 'EMB_P', 'EMB_P', 'EMB_P', 'EMB_P', 'EMB_P', 'EMB_P', 'EMB_P', 'EMB_P', 'EMB_P', 'EMB_P', 'EMB_P', 'EMB_P', 'EMB_P', 'EMB_P', 'EMB_P', 'EMB_P', 'EMB_P', 'EMB_P', 'EMB_P', 'EMB_P', 'EMB_P', 'EMB_P', 'EMB_P', 'EMB_P', 'EMB_P']","['EMB_O', 'EMB_O', 'EMB_O', 'EMB_O', 'EMB_O', 'EMB_O', 'EMB_O', 'EMB_O', 'EMB_O', 'EMB_O', 'EMB_O', 'EMB_O', 'EMB_O', 'EMB_O', 'EMB_O', 'EMB_O', 'EMB_O', 'EMB_O', 'OPN_B', 'OPN_E', 'EMB_O', 'EMB_O', 'EMB_O', 'EMB_O', 'EMB_O', 'EMB_P', 'EMB_P', 'EMB_P', 'EMB_P', 'EMB_P', 'EMB_P', 'EMB_P', 'EMB_P', 'EMB_P', 'EMB_P', 'EMB_P', 'EMB_P', 'EMB_P', 'EMB_P', 'EMB_P', 'EMB_P', 'EMB_P', 'EMB_P', 'EMB_P', 'EMB_P', 'EMB_P', 'EMB_P', 'EMB_P', 'EMB_P', 'EMB_P', 'EMB_P', 'EMB_P', 'EMB_P', 'EMB_P', 'EMB_P', 'EMB_P', 'EMB_P', 'EMB_P', 'EMB_P', 'EMB_P', 'EMB_P', 'EMB_P', 'EMB_P', 'EMB_P', 'EMB_P', 'EMB_P', 'EMB_P', 'EMB_P', 'EMB_P', 'EMB_P', 'EMB_P', 'EMB_P', 'EMB_P', 'EMB_P', 'EMB_P', 'EMB_P', 'EMB_P', 'EMB_P', 'EMB_P', 'EMB_P', 'EMB_P', 'EMB_P', 'EMB_P', 'EMB_P', 'EMB_P', 'EMB_P', 'EMB_P', 'EMB_P', 'EMB_P', 'EMB_P', 'EMB_P', 'EMB_P', 'EMB_P', 'EMB_P', 'EMB_P', 'EMB_P', 'EMB_P', 'EMB_P', 'EMB_P', 'EMB_P', 'EMB_P', 'EMB_P', 'EMB_P', 'EMB_P', 'EMB_P', 'EMB_P', 'EMB_P', 'EMB_P', 'EMB_P', 'EMB_P', 'EMB_P', 'EMB_P', 'EMB_P', 'EMB_P', 'EMB_P', 'EMB_P', 'EMB_P', 'EMB_P', 'EMB_P', 'EMB_P', 'EMB_P', 'EMB_P', 'EMB_P', 'EMB_P', 'EMB_P', 'EMB_P', 'EMB_P', 'EMB_P']"
170,touchbar,gimmicky,laptop_quad_dev_149,"not to mention , the touchbar is just another gimmicky addition to the ` ` future of apple ` ` ( really not as effective as one would think ) .",3.62,7.25,"['EMB_O', 'EMB_O', 'EMB_O', 'EMB_O', 'EMB_O', 'EMB_O', 'ASP_B', 'ASP_E', 'EMB_O', 'EMB_O', 'EMB_O', 'EMB_O', 'EMB_O', 'EMB_O', 'EMB_O', 'EMB_O', 'EMB_O', 'EMB_O', 'EMB_O', 'EMB_O', 'EMB_O', 'EMB_O', 'EMB_O', 'EMB_O', 'EMB_O', 'EMB_O', 'EMB_O', 'EMB_O', 'EMB_O', 'EMB_O', 'EMB_O', 'EMB_O', 'EMB_O', 'EMB_O', 'EMB_O', 'EMB_O', 'EMB_O', 'EMB_P', 'EMB_P', 'EMB_P', 'EMB_P', 'EMB_P', 'EMB_P', 'EMB_P', 'EMB_P', 'EMB_P', 'EMB_P', 'EMB_P', 'EMB_P', 'EMB_P', 'EMB_P', 'EMB_P', 'EMB_P', 'EMB_P', 'EMB_P', 'EMB_P', 'EMB_P', 'EMB_P', 'EMB_P', 'EMB_P', 'EMB_P', 'EMB_P', 'EMB_P', 'EMB_P', 'EMB_P', 'EMB_P', 'EMB_P', 'EMB_P', 'EMB_P', 'EMB_P', 'EMB_P', 'EMB_P', 'EMB_P', 'EMB_P', 'EMB_P', 'EMB_P', 'EMB_P', 'EMB_P', 'EMB_P', 'EMB_P', 'EMB_P', 'EMB_P', 'EMB_P', 'EMB_P', 'EMB_P', 'EMB_P', 'EMB_P', 'EMB_P', 'EMB_P', 'EMB_P', 'EMB_P', 'EMB_P', 'EMB_P', 'EMB_P', 'EMB_P', 'EMB_P', 'EMB_P', 'EMB_P', 'EMB_P', 'EMB_P', 'EMB_P', 'EMB_P', 'EMB_P', 'EMB_P', 'EMB_P', 'EMB_P', 'EMB_P', 'EMB_P', 'EMB_P', 'EMB_P', 'EMB_P', 'EMB_P', 'EMB_P', 'EMB_P', 'EMB_P', 'EMB_P', 'EMB_P', 'EMB_P', 'EMB_P', 'EMB_P', 'EMB_P', 'EMB_P', 'EMB_P', 'EMB_P', 'EMB_P', 'EMB_P', 'EMB_P', 'EMB_P']","['EMB_O', 'EMB_O', 'EMB_O', 'EMB_O', 'EMB_O', 'EMB_O', 'EMB_O', 'EMB_O', 'EMB_O', 'EMB_O', 'EMB_O', 'OPN_B', 'OPN_I', 'OPN_E', 'EMB_O', 'EMB_O', 'EMB_O', 'EMB_O', 'EMB_O', 'EMB_O', 'EMB_O', 'EMB_O', 'EMB_O', 'EMB_O', 'EMB_O', 'EMB_O', 'EMB_O', 'EMB_O', 'EMB_O', 'EMB_O', 'EMB_O', 'EMB_O', 'EMB_O', 'EMB_O', 'EMB_O', 'EMB_O', 'EMB_O', 'EMB_P', 'EMB_P', 'EMB_P', 'EMB_P', 'EMB_P', 'EMB_P', 'EMB_P', 'EMB_P', 'EMB_P', 'EMB_P', 'EMB_P', 'EMB_P', 'EMB_P', 'EMB_P', 'EMB_P', 'EMB_P', 'EMB_P', 'EMB_P', 'EMB_P', 'EMB_P', 'EMB_P', 'EMB_P', 'EMB_P', 'EMB_P', 'EMB_P', 'EMB_P', 'EMB_P', 'EMB_P', 'EMB_P', 'EMB_P', 'EMB_P', 'EMB_P', 'EMB_P', 'EMB_P', 'EMB_P', 'EMB_P', 'EMB_P', 'EMB_P', 'EMB_P', 'EMB_P', 'EMB_P', 'EMB_P', 'EMB_P', 'EMB_P', 'EMB_P', 'EMB_P', 'EMB_P', 'EMB_P', 'EMB_P', 'EMB_P', 'EMB_P', 'EMB_P', 'EMB_P', 'EMB_P', 'EMB_P', 'EMB_P', 'EMB_P', 'EMB_P', 'EMB_P', 'EMB_P', 'EMB_P', 'EMB_P', 'EMB_P', 'EMB_P', 'EMB_P', 'EMB_P', 'EMB_P', 'EMB_P', 'EMB_P', 'EMB_P', 'EMB_P', 'EMB_P', 'EMB_P', 'EMB_P', 'EMB_P', 'EMB_P', 'EMB_P', 'EMB_P', 'EMB_P', 'EMB_P', 'EMB_P', 'EMB_P', 'EMB_P', 'EMB_P', 'EMB_P', 'EMB_P', 'EMB_P', 'EMB_P', 'EMB_P', 'EMB_P', 'EMB_P']"
171,computer,great,laptop_quad_dev_150,a great computer !,8.12,8.0,"['EMB_O', 'EMB_O', 'EMB_O', 'ASP_S', 'EMB_O', 'EMB_O', 'EMB_P', 'EMB_P', 'EMB_P', 'EMB_P', 'EMB_P', 'EMB_P', 'EMB_P', 'EMB_P', 'EMB_P', 'EMB_P', 'EMB_P', 'EMB_P', 'EMB_P', 'EMB_P', 'EMB_P', 'EMB_P', 'EMB_P', 'EMB_P', 'EMB_P', 'EMB_P', 'EMB_P', 'EMB_P', 'EMB_P', 'EMB_P', 'EMB_P', 'EMB_P', 'EMB_P', 'EMB_P', 'EMB_P', 'EMB_P', 'EMB_P', 'EMB_P', 'EMB_P', 'EMB_P', 'EMB_P', 'EMB_P', 'EMB_P', 'EMB_P', 'EMB_P', 'EMB_P', 'EMB_P', 'EMB_P', 'EMB_P', 'EMB_P', 'EMB_P', 'EMB_P', 'EMB_P', 'EMB_P', 'EMB_P', 'EMB_P', 'EMB_P', 'EMB_P', 'EMB_P', 'EMB_P', 'EMB_P', 'EMB_P', 'EMB_P', 'EMB_P', 'EMB_P', 'EMB_P', 'EMB_P', 'EMB_P', 'EMB_P', 'EMB_P', 'EMB_P', 'EMB_P', 'EMB_P', 'EMB_P', 'EMB_P', 'EMB_P', 'EMB_P', 'EMB_P', 'EMB_P', 'EMB_P', 'EMB_P', 'EMB_P', 'EMB_P', 'EMB_P', 'EMB_P', 'EMB_P', 'EMB_P', 'EMB_P', 'EMB_P', 'EMB_P', 'EMB_P', 'EMB_P', 'EMB_P', 'EMB_P', 'EMB_P', 'EMB_P', 'EMB_P', 'EMB_P', 'EMB_P', 'EMB_P', 'EMB_P', 'EMB_P', 'EMB_P', 'EMB_P', 'EMB_P', 'EMB_P', 'EMB_P', 'EMB_P', 'EMB_P', 'EMB_P', 'EMB_P', 'EMB_P', 'EMB_P', 'EMB_P', 'EMB_P', 'EMB_P', 'EMB_P', 'EMB_P', 'EMB_P', 'EMB_P', 'EMB_P', 'EMB_P', 'EMB_P', 'EMB_P', 'EMB_P', 'EMB_P', 'EMB_P', 'EMB_P']","['EMB_O', 'EMB_O', 'OPN_S', 'EMB_O', 'EMB_O', 'EMB_O', 'EMB_P', 'EMB_P', 'EMB_P', 'EMB_P', 'EMB_P', 'EMB_P', 'EMB_P', 'EMB_P', 'EMB_P', 'EMB_P', 'EMB_P', 'EMB_P', 'EMB_P', 'EMB_P', 'EMB_P', 'EMB_P', 'EMB_P', 'EMB_P', 'EMB_P', 'EMB_P', 'EMB_P', 'EMB_P', 'EMB_P', 'EMB_P', 'EMB_P', 'EMB_P', 'EMB_P', 'EMB_P', 'EMB_P', 'EMB_P', 'EMB_P', 'EMB_P', 'EMB_P', 'EMB_P', 'EMB_P', 'EMB_P', 'EMB_P', 'EMB_P', 'EMB_P', 'EMB_P', 'EMB_P', 'EMB_P', 'EMB_P', 'EMB_P', 'EMB_P', 'EMB_P', 'EMB_P', 'EMB_P', 'EMB_P', 'EMB_P', 'EMB_P', 'EMB_P', 'EMB_P', 'EMB_P', 'EMB_P', 'EMB_P', 'EMB_P', 'EMB_P', 'EMB_P', 'EMB_P', 'EMB_P', 'EMB_P', 'EMB_P', 'EMB_P', 'EMB_P', 'EMB_P', 'EMB_P', 'EMB_P', 'EMB_P', 'EMB_P', 'EMB_P', 'EMB_P', 'EMB_P', 'EMB_P', 'EMB_P', 'EMB_P', 'EMB_P', 'EMB_P', 'EMB_P', 'EMB_P', 'EMB_P', 'EMB_P', 'EMB_P', 'EMB_P', 'EMB_P', 'EMB_P', 'EMB_P', 'EMB_P', 'EMB_P', 'EMB_P', 'EMB_P', 'EMB_P', 'EMB_P', 'EMB_P', 'EMB_P', 'EMB_P', 'EMB_P', 'EMB_P', 'EMB_P', 'EMB_P', 'EMB_P', 'EMB_P', 'EMB_P', 'EMB_P', 'EMB_P', 'EMB_P', 'EMB_P', 'EMB_P', 'EMB_P', 'EMB_P', 'EMB_P', 'EMB_P', 'EMB_P', 'EMB_P', 'EMB_P', 'EMB_P', 'EMB_P', 'EMB_P', 'EMB_P', 'EMB_P', 'EMB_P', 'EMB_P']"
172,battery life,NULL,laptop_quad_dev_151,battery life is a huge plus !,5.0,5.0,"['EMB_O', 'ASP_B', 'ASP_E', 'EMB_O', 'EMB_O', 'EMB_O', 'EMB_O', 'EMB_O', 'EMB_O', 'EMB_P', 'EMB_P', 'EMB_P', 'EMB_P', 'EMB_P', 'EMB_P', 'EMB_P', 'EMB_P', 'EMB_P', 'EMB_P', 'EMB_P', 'EMB_P', 'EMB_P', 'EMB_P', 'EMB_P', 'EMB_P', 'EMB_P', 'EMB_P', 'EMB_P', 'EMB_P', 'EMB_P', 'EMB_P', 'EMB_P', 'EMB_P', 'EMB_P', 'EMB_P', 'EMB_P', 'EMB_P', 'EMB_P', 'EMB_P', 'EMB_P', 'EMB_P', 'EMB_P', 'EMB_P', 'EMB_P', 'EMB_P', 'EMB_P', 'EMB_P', 'EMB_P', 'EMB_P', 'EMB_P', 'EMB_P', 'EMB_P', 'EMB_P', 'EMB_P', 'EMB_P', 'EMB_P', 'EMB_P', 'EMB_P', 'EMB_P', 'EMB_P', 'EMB_P', 'EMB_P', 'EMB_P', 'EMB_P', 'EMB_P', 'EMB_P', 'EMB_P', 'EMB_P', 'EMB_P', 'EMB_P', 'EMB_P', 'EMB_P', 'EMB_P', 'EMB_P', 'EMB_P', 'EMB_P', 'EMB_P', 'EMB_P', 'EMB_P', 'EMB_P', 'EMB_P', 'EMB_P', 'EMB_P', 'EMB_P', 'EMB_P', 'EMB_P', 'EMB_P', 'EMB_P', 'EMB_P', 'EMB_P', 'EMB_P', 'EMB_P', 'EMB_P', 'EMB_P', 'EMB_P', 'EMB_P', 'EMB_P', 'EMB_P', 'EMB_P', 'EMB_P', 'EMB_P', 'EMB_P', 'EMB_P', 'EMB_P', 'EMB_P', 'EMB_P', 'EMB_P', 'EMB_P', 'EMB_P', 'EMB_P', 'EMB_P', 'EMB_P', 'EMB_P', 'EMB_P', 'EMB_P', 'EMB_P', 'EMB_P', 'EMB_P', 'EMB_P', 'EMB_P', 'EMB_P', 'EMB_P', 'EMB_P', 'EMB_P', 'EMB_P', 'EMB_P', 'EMB_P', 'EMB_P']","['EMB_O', 'EMB_O', 'EMB_O', 'EMB_O', 'EMB_O', 'EMB_O', 'EMB_O', 'EMB_O', 'EMB_O', 'EMB_P', 'EMB_P', 'EMB_P', 'EMB_P', 'EMB_P', 'EMB_P', 'EMB_P', 'EMB_P', 'EMB_P', 'EMB_P', 'EMB_P', 'EMB_P', 'EMB_P', 'EMB_P', 'EMB_P', 'EMB_P', 'EMB_P', 'EMB_P', 'EMB_P', 'EMB_P', 'EMB_P', 'EMB_P', 'EMB_P', 'EMB_P', 'EMB_P', 'EMB_P', 'EMB_P', 'EMB_P', 'EMB_P', 'EMB_P', 'EMB_P', 'EMB_P', 'EMB_P', 'EMB_P', 'EMB_P', 'EMB_P', 'EMB_P', 'EMB_P', 'EMB_P', 'EMB_P', 'EMB_P', 'EMB_P', 'EMB_P', 'EMB_P', 'EMB_P', 'EMB_P', 'EMB_P', 'EMB_P', 'EMB_P', 'EMB_P', 'EMB_P', 'EMB_P', 'EMB_P', 'EMB_P', 'EMB_P', 'EMB_P', 'EMB_P', 'EMB_P', 'EMB_P', 'EMB_P', 'EMB_P', 'EMB_P', 'EMB_P', 'EMB_P', 'EMB_P', 'EMB_P', 'EMB_P', 'EMB_P', 'EMB_P', 'EMB_P', 'EMB_P', 'EMB_P', 'EMB_P', 'EMB_P', 'EMB_P', 'EMB_P', 'EMB_P', 'EMB_P', 'EMB_P', 'EMB_P', 'EMB_P', 'EMB_P', 'EMB_P', 'EMB_P', 'EMB_P', 'EMB_P', 'EMB_P', 'EMB_P', 'EMB_P', 'EMB_P', 'EMB_P', 'EMB_P', 'EMB_P', 'EMB_P', 'EMB_P', 'EMB_P', 'EMB_P', 'EMB_P', 'EMB_P', 'EMB_P', 'EMB_P', 'EMB_P', 'EMB_P', 'EMB_P', 'EMB_P', 'EMB_P', 'EMB_P', 'EMB_P', 'EMB_P', 'EMB_P', 'EMB_P', 'EMB_P', 'EMB_P', 'EMB_P', 'EMB_P', 'EMB_P', 'EMB_P', 'EMB_P', 'EMB_P']"
173,mac,nice,laptop_quad_dev_152,such a nice mac,7.12,6.75,"['EMB_O', 'EMB_O', 'EMB_O', 'EMB_O', 'EMB_O', 'ASP_S', 'EMB_O', 'EMB_P', 'EMB_P', 'EMB_P', 'EMB_P', 'EMB_P', 'EMB_P', 'EMB_P', 'EMB_P', 'EMB_P', 'EMB_P', 'EMB_P', 'EMB_P', 'EMB_P', 'EMB_P', 'EMB_P', 'EMB_P', 'EMB_P', 'EMB_P', 'EMB_P', 'EMB_P', 'EMB_P', 'EMB_P', 'EMB_P', 'EMB_P', 'EMB_P', 'EMB_P', 'EMB_P', 'EMB_P', 'EMB_P', 'EMB_P', 'EMB_P', 'EMB_P', 'EMB_P', 'EMB_P', 'EMB_P', 'EMB_P', 'EMB_P', 'EMB_P', 'EMB_P', 'EMB_P', 'EMB_P', 'EMB_P', 'EMB_P', 'EMB_P', 'EMB_P', 'EMB_P', 'EMB_P', 'EMB_P', 'EMB_P', 'EMB_P', 'EMB_P', 'EMB_P', 'EMB_P', 'EMB_P', 'EMB_P', 'EMB_P', 'EMB_P', 'EMB_P', 'EMB_P', 'EMB_P', 'EMB_P', 'EMB_P', 'EMB_P', 'EMB_P', 'EMB_P', 'EMB_P', 'EMB_P', 'EMB_P', 'EMB_P', 'EMB_P', 'EMB_P', 'EMB_P', 'EMB_P', 'EMB_P', 'EMB_P', 'EMB_P', 'EMB_P', 'EMB_P', 'EMB_P', 'EMB_P', 'EMB_P', 'EMB_P', 'EMB_P', 'EMB_P', 'EMB_P', 'EMB_P', 'EMB_P', 'EMB_P', 'EMB_P', 'EMB_P', 'EMB_P', 'EMB_P', 'EMB_P', 'EMB_P', 'EMB_P', 'EMB_P', 'EMB_P', 'EMB_P', 'EMB_P', 'EMB_P', 'EMB_P', 'EMB_P', 'EMB_P', 'EMB_P', 'EMB_P', 'EMB_P', 'EMB_P', 'EMB_P', 'EMB_P', 'EMB_P', 'EMB_P', 'EMB_P', 'EMB_P', 'EMB_P', 'EMB_P', 'EMB_P', 'EMB_P', 'EMB_P', 'EMB_P', 'EMB_P', 'EMB_P']","['EMB_O', 'EMB_O', 'EMB_O', 'OPN_B', 'OPN_E', 'EMB_O', 'EMB_O', 'EMB_P', 'EMB_P', 'EMB_P', 'EMB_P', 'EMB_P', 'EMB_P', 'EMB_P', 'EMB_P', 'EMB_P', 'EMB_P', 'EMB_P', 'EMB_P', 'EMB_P', 'EMB_P', 'EMB_P', 'EMB_P', 'EMB_P', 'EMB_P', 'EMB_P', 'EMB_P', 'EMB_P', 'EMB_P', 'EMB_P', 'EMB_P', 'EMB_P', 'EMB_P', 'EMB_P', 'EMB_P', 'EMB_P', 'EMB_P', 'EMB_P', 'EMB_P', 'EMB_P', 'EMB_P', 'EMB_P', 'EMB_P', 'EMB_P', 'EMB_P', 'EMB_P', 'EMB_P', 'EMB_P', 'EMB_P', 'EMB_P', 'EMB_P', 'EMB_P', 'EMB_P', 'EMB_P', 'EMB_P', 'EMB_P', 'EMB_P', 'EMB_P', 'EMB_P', 'EMB_P', 'EMB_P', 'EMB_P', 'EMB_P', 'EMB_P', 'EMB_P', 'EMB_P', 'EMB_P', 'EMB_P', 'EMB_P', 'EMB_P', 'EMB_P', 'EMB_P', 'EMB_P', 'EMB_P', 'EMB_P', 'EMB_P', 'EMB_P', 'EMB_P', 'EMB_P', 'EMB_P', 'EMB_P', 'EMB_P', 'EMB_P', 'EMB_P', 'EMB_P', 'EMB_P', 'EMB_P', 'EMB_P', 'EMB_P', 'EMB_P', 'EMB_P', 'EMB_P', 'EMB_P', 'EMB_P', 'EMB_P', 'EMB_P', 'EMB_P', 'EMB_P', 'EMB_P', 'EMB_P', 'EMB_P', 'EMB_P', 'EMB_P', 'EMB_P', 'EMB_P', 'EMB_P', 'EMB_P', 'EMB_P', 'EMB_P', 'EMB_P', 'EMB_P', 'EMB_P', 'EMB_P', 'EMB_P', 'EMB_P', 'EMB_P', 'EMB_P', 'EMB_P', 'EMB_P', 'EMB_P', 'EMB_P', 'EMB_P', 'EMB_P', 'EMB_P', 'EMB_P', 'EMB_P', 'EMB_P', 'EMB_P']"
174,NULL,very good,laptop_quad_dev_153,price was very good and met my expectations also shipping was very quick .,7.0,7.25,"['EMB_O', 'EMB_O', 'EMB_O', 'EMB_O', 'EMB_O', 'EMB_O', 'EMB_O', 'EMB_O', 'EMB_O', 'EMB_O', 'EMB_O', 'EMB_O', 'EMB_O', 'EMB_O', 'EMB_O', 'EMB_O', 'EMB_O', 'EMB_P', 'EMB_P', 'EMB_P', 'EMB_P', 'EMB_P', 'EMB_P', 'EMB_P', 'EMB_P', 'EMB_P', 'EMB_P', 'EMB_P', 'EMB_P', 'EMB_P', 'EMB_P', 'EMB_P', 'EMB_P', 'EMB_P', 'EMB_P', 'EMB_P', 'EMB_P', 'EMB_P', 'EMB_P', 'EMB_P', 'EMB_P', 'EMB_P', 'EMB_P', 'EMB_P', 'EMB_P', 'EMB_P', 'EMB_P', 'EMB_P', 'EMB_P', 'EMB_P', 'EMB_P', 'EMB_P', 'EMB_P', 'EMB_P', 'EMB_P', 'EMB_P', 'EMB_P', 'EMB_P', 'EMB_P', 'EMB_P', 'EMB_P', 'EMB_P', 'EMB_P', 'EMB_P', 'EMB_P', 'EMB_P', 'EMB_P', 'EMB_P', 'EMB_P', 'EMB_P', 'EMB_P', 'EMB_P', 'EMB_P', 'EMB_P', 'EMB_P', 'EMB_P', 'EMB_P', 'EMB_P', 'EMB_P', 'EMB_P', 'EMB_P', 'EMB_P', 'EMB_P', 'EMB_P', 'EMB_P', 'EMB_P', 'EMB_P', 'EMB_P', 'EMB_P', 'EMB_P', 'EMB_P', 'EMB_P', 'EMB_P', 'EMB_P', 'EMB_P', 'EMB_P', 'EMB_P', 'EMB_P', 'EMB_P', 'EMB_P', 'EMB_P', 'EMB_P', 'EMB_P', 'EMB_P', 'EMB_P', 'EMB_P', 'EMB_P', 'EMB_P', 'EMB_P', 'EMB_P', 'EMB_P', 'EMB_P', 'EMB_P', 'EMB_P', 'EMB_P', 'EMB_P', 'EMB_P', 'EMB_P', 'EMB_P', 'EMB_P', 'EMB_P', 'EMB_P', 'EMB_P', 'EMB_P', 'EMB_P', 'EMB_P', 'EMB_P', 'EMB_P']","['EMB_O', 'EMB_O', 'EMB_O', 'OPN_B', 'OPN_E', 'EMB_O', 'EMB_O', 'EMB_O', 'EMB_O', 'EMB_O', 'EMB_O', 'EMB_O', 'EMB_O', 'EMB_O', 'EMB_O', 'EMB_O', 'EMB_O', 'EMB_P', 'EMB_P', 'EMB_P', 'EMB_P', 'EMB_P', 'EMB_P', 'EMB_P', 'EMB_P', 'EMB_P', 'EMB_P', 'EMB_P', 'EMB_P', 'EMB_P', 'EMB_P', 'EMB_P', 'EMB_P', 'EMB_P', 'EMB_P', 'EMB_P', 'EMB_P', 'EMB_P', 'EMB_P', 'EMB_P', 'EMB_P', 'EMB_P', 'EMB_P', 'EMB_P', 'EMB_P', 'EMB_P', 'EMB_P', 'EMB_P', 'EMB_P', 'EMB_P', 'EMB_P', 'EMB_P', 'EMB_P', 'EMB_P', 'EMB_P', 'EMB_P', 'EMB_P', 'EMB_P', 'EMB_P', 'EMB_P', 'EMB_P', 'EMB_P', 'EMB_P', 'EMB_P', 'EMB_P', 'EMB_P', 'EMB_P', 'EMB_P', 'EMB_P', 'EMB_P', 'EMB_P', 'EMB_P', 'EMB_P', 'EMB_P', 'EMB_P', 'EMB_P', 'EMB_P', 'EMB_P', 'EMB_P', 'EMB_P', 'EMB_P', 'EMB_P', 'EMB_P', 'EMB_P', 'EMB_P', 'EMB_P', 'EMB_P', 'EMB_P', 'EMB_P', 'EMB_P', 'EMB_P', 'EMB_P', 'EMB_P', 'EMB_P', 'EMB_P', 'EMB_P', 'EMB_P', 'EMB_P', 'EMB_P', 'EMB_P', 'EMB_P', 'EMB_P', 'EMB_P', 'EMB_P', 'EMB_P', 'EMB_P', 'EMB_P', 'EMB_P', 'EMB_P', 'EMB_P', 'EMB_P', 'EMB_P', 'EMB_P', 'EMB_P', 'EMB_P', 'EMB_P', 'EMB_P', 'EMB_P', 'EMB_P', 'EMB_P', 'EMB_P', 'EMB_P', 'EMB_P', 'EMB_P', 'EMB_P', 'EMB_P', 'EMB_P', 'EMB_P']"
175,shipping,very quick,laptop_quad_dev_153,price was very good and met my expectations also shipping was very quick .,7.25,7.5,"['EMB_O', 'EMB_O', 'EMB_O', 'EMB_O', 'EMB_O', 'EMB_O', 'EMB_O', 'EMB_O', 'EMB_O', 'EMB_O', 'EMB_O', 'ASP_S', 'EMB_O', 'EMB_O', 'EMB_O', 'EMB_O', 'EMB_O', 'EMB_P', 'EMB_P', 'EMB_P', 'EMB_P', 'EMB_P', 'EMB_P', 'EMB_P', 'EMB_P', 'EMB_P', 'EMB_P', 'EMB_P', 'EMB_P', 'EMB_P', 'EMB_P', 'EMB_P', 'EMB_P', 'EMB_P', 'EMB_P', 'EMB_P', 'EMB_P', 'EMB_P', 'EMB_P', 'EMB_P', 'EMB_P', 'EMB_P', 'EMB_P', 'EMB_P', 'EMB_P', 'EMB_P', 'EMB_P', 'EMB_P', 'EMB_P', 'EMB_P', 'EMB_P', 'EMB_P', 'EMB_P', 'EMB_P', 'EMB_P', 'EMB_P', 'EMB_P', 'EMB_P', 'EMB_P', 'EMB_P', 'EMB_P', 'EMB_P', 'EMB_P', 'EMB_P', 'EMB_P', 'EMB_P', 'EMB_P', 'EMB_P', 'EMB_P', 'EMB_P', 'EMB_P', 'EMB_P', 'EMB_P', 'EMB_P', 'EMB_P', 'EMB_P', 'EMB_P', 'EMB_P', 'EMB_P', 'EMB_P', 'EMB_P', 'EMB_P', 'EMB_P', 'EMB_P', 'EMB_P', 'EMB_P', 'EMB_P', 'EMB_P', 'EMB_P', 'EMB_P', 'EMB_P', 'EMB_P', 'EMB_P', 'EMB_P', 'EMB_P', 'EMB_P', 'EMB_P', 'EMB_P', 'EMB_P', 'EMB_P', 'EMB_P', 'EMB_P', 'EMB_P', 'EMB_P', 'EMB_P', 'EMB_P', 'EMB_P', 'EMB_P', 'EMB_P', 'EMB_P', 'EMB_P', 'EMB_P', 'EMB_P', 'EMB_P', 'EMB_P', 'EMB_P', 'EMB_P', 'EMB_P', 'EMB_P', 'EMB_P', 'EMB_P', 'EMB_P', 'EMB_P', 'EMB_P', 'EMB_P', 'EMB_P', 'EMB_P', 'EMB_P']","['EMB_O', 'EMB_O', 'EMB_O', 'EMB_O', 'EMB_O', 'EMB_O', 'EMB_O', 'EMB_O', 'EMB_O', 'EMB_O', 'EMB_O', 'EMB_O', 'EMB_O', 'OPN_B', 'OPN_E', 'EMB_O', 'EMB_O', 'EMB_P', 'EMB_P', 'EMB_P', 'EMB_P', 'EMB_P', 'EMB_P', 'EMB_P', 'EMB_P', 'EMB_P', 'EMB_P', 'EMB_P', 'EMB_P', 'EMB_P', 'EMB_P', 'EMB_P', 'EMB_P', 'EMB_P', 'EMB_P', 'EMB_P', 'EMB_P', 'EMB_P', 'EMB_P', 'EMB_P', 'EMB_P', 'EMB_P', 'EMB_P', 'EMB_P', 'EMB_P', 'EMB_P', 'EMB_P', 'EMB_P', 'EMB_P', 'EMB_P', 'EMB_P', 'EMB_P', 'EMB_P', 'EMB_P', 'EMB_P', 'EMB_P', 'EMB_P', 'EMB_P', 'EMB_P', 'EMB_P', 'EMB_P', 'EMB_P', 'EMB_P', 'EMB_P', 'EMB_P', 'EMB_P', 'EMB_P', 'EMB_P', 'EMB_P', 'EMB_P', 'EMB_P', 'EMB_P', 'EMB_P', 'EMB_P', 'EMB_P', 'EMB_P', 'EMB_P', 'EMB_P', 'EMB_P', 'EMB_P', 'EMB_P', 'EMB_P', 'EMB_P', 'EMB_P', 'EMB_P', 'EMB_P', 'EMB_P', 'EMB_P', 'EMB_P', 'EMB_P', 'EMB_P', 'EMB_P', 'EMB_P', 'EMB_P', 'EMB_P', 'EMB_P', 'EMB_P', 'EMB_P', 'EMB_P', 'EMB_P', 'EMB_P', 'EMB_P', 'EMB_P', 'EMB_P', 'EMB_P', 'EMB_P', 'EMB_P', 'EMB_P', 'EMB_P', 'EMB_P', 'EMB_P', 'EMB_P', 'EMB_P', 'EMB_P', 'EMB_P', 'EMB_P', 'EMB_P', 'EMB_P', 'EMB_P', 'EMB_P', 'EMB_P', 'EMB_P', 'EMB_P', 'EMB_P', 'EMB_P', 'EMB_P', 'EMB_P', 'EMB_P']"
176,charging connector,NULL,laptop_quad_dev_154,"however , i have to remove one star for the very unreliable magnetic charging connector .",4.67,4.67,"['EMB_O', 'EMB_O', 'EMB_O', 'EMB_O', 'EMB_O', 'EMB_O', 'EMB_O', 'EMB_O', 'EMB_O', 'EMB_O', 'EMB_O', 'EMB_O', 'EMB_O', 'EMB_O', 'EMB_O', 'EMB_O', 'ASP_B', 'ASP_I', 'ASP_I', 'ASP_E', 'EMB_O', 'EMB_O', 'EMB_P', 'EMB_P', 'EMB_P', 'EMB_P', 'EMB_P', 'EMB_P', 'EMB_P', 'EMB_P', 'EMB_P', 'EMB_P', 'EMB_P', 'EMB_P', 'EMB_P', 'EMB_P', 'EMB_P', 'EMB_P', 'EMB_P', 'EMB_P', 'EMB_P', 'EMB_P', 'EMB_P', 'EMB_P', 'EMB_P', 'EMB_P', 'EMB_P', 'EMB_P', 'EMB_P', 'EMB_P', 'EMB_P', 'EMB_P', 'EMB_P', 'EMB_P', 'EMB_P', 'EMB_P', 'EMB_P', 'EMB_P', 'EMB_P', 'EMB_P', 'EMB_P', 'EMB_P', 'EMB_P', 'EMB_P', 'EMB_P', 'EMB_P', 'EMB_P', 'EMB_P', 'EMB_P', 'EMB_P', 'EMB_P', 'EMB_P', 'EMB_P', 'EMB_P', 'EMB_P', 'EMB_P', 'EMB_P', 'EMB_P', 'EMB_P', 'EMB_P', 'EMB_P', 'EMB_P', 'EMB_P', 'EMB_P', 'EMB_P', 'EMB_P', 'EMB_P', 'EMB_P', 'EMB_P', 'EMB_P', 'EMB_P', 'EMB_P', 'EMB_P', 'EMB_P', 'EMB_P', 'EMB_P', 'EMB_P', 'EMB_P', 'EMB_P', 'EMB_P', 'EMB_P', 'EMB_P', 'EMB_P', 'EMB_P', 'EMB_P', 'EMB_P', 'EMB_P', 'EMB_P', 'EMB_P', 'EMB_P', 'EMB_P', 'EMB_P', 'EMB_P', 'EMB_P', 'EMB_P', 'EMB_P', 'EMB_P', 'EMB_P', 'EMB_P', 'EMB_P', 'EMB_P', 'EMB_P', 'EMB_P', 'EMB_P', 'EMB_P', 'EMB_P', 'EMB_P', 'EMB_P']","['EMB_O', 'EMB_O', 'EMB_O', 'EMB_O', 'EMB_O', 'EMB_O', 'EMB_O', 'EMB_O', 'EMB_O', 'EMB_O', 'EMB_O', 'EMB_O', 'EMB_O', 'EMB_O', 'EMB_O', 'EMB_O', 'EMB_O', 'EMB_O', 'EMB_O', 'EMB_O', 'EMB_O', 'EMB_O', 'EMB_P', 'EMB_P', 'EMB_P', 'EMB_P', 'EMB_P', 'EMB_P', 'EMB_P', 'EMB_P', 'EMB_P', 'EMB_P', 'EMB_P', 'EMB_P', 'EMB_P', 'EMB_P', 'EMB_P', 'EMB_P', 'EMB_P', 'EMB_P', 'EMB_P', 'EMB_P', 'EMB_P', 'EMB_P', 'EMB_P', 'EMB_P', 'EMB_P', 'EMB_P', 'EMB_P', 'EMB_P', 'EMB_P', 'EMB_P', 'EMB_P', 'EMB_P', 'EMB_P', 'EMB_P', 'EMB_P', 'EMB_P', 'EMB_P', 'EMB_P', 'EMB_P', 'EMB_P', 'EMB_P', 'EMB_P', 'EMB_P', 'EMB_P', 'EMB_P', 'EMB_P', 'EMB_P', 'EMB_P', 'EMB_P', 'EMB_P', 'EMB_P', 'EMB_P', 'EMB_P', 'EMB_P', 'EMB_P', 'EMB_P', 'EMB_P', 'EMB_P', 'EMB_P', 'EMB_P', 'EMB_P', 'EMB_P', 'EMB_P', 'EMB_P', 'EMB_P', 'EMB_P', 'EMB_P', 'EMB_P', 'EMB_P', 'EMB_P', 'EMB_P', 'EMB_P', 'EMB_P', 'EMB_P', 'EMB_P', 'EMB_P', 'EMB_P', 'EMB_P', 'EMB_P', 'EMB_P', 'EMB_P', 'EMB_P', 'EMB_P', 'EMB_P', 'EMB_P', 'EMB_P', 'EMB_P', 'EMB_P', 'EMB_P', 'EMB_P', 'EMB_P', 'EMB_P', 'EMB_P', 'EMB_P', 'EMB_P', 'EMB_P', 'EMB_P', 'EMB_P', 'EMB_P', 'EMB_P', 'EMB_P', 'EMB_P', 'EMB_P', 'EMB_P', 'EMB_P', 'EMB_P']"
177,mac,awesome,laptop_quad_dev_155,my first mac is awesome !,8.5,8.38,"['EMB_O', 'EMB_O', 'EMB_O', 'ASP_S', 'EMB_O', 'EMB_O', 'EMB_O', 'EMB_O', 'EMB_O', 'EMB_O', 'EMB_P', 'EMB_P', 'EMB_P', 'EMB_P', 'EMB_P', 'EMB_P', 'EMB_P', 'EMB_P', 'EMB_P', 'EMB_P', 'EMB_P', 'EMB_P', 'EMB_P', 'EMB_P', 'EMB_P', 'EMB_P', 'EMB_P', 'EMB_P', 'EMB_P', 'EMB_P', 'EMB_P', 'EMB_P', 'EMB_P', 'EMB_P', 'EMB_P', 'EMB_P', 'EMB_P', 'EMB_P', 'EMB_P', 'EMB_P', 'EMB_P', 'EMB_P', 'EMB_P', 'EMB_P', 'EMB_P', 'EMB_P', 'EMB_P', 'EMB_P', 'EMB_P', 'EMB_P', 'EMB_P', 'EMB_P', 'EMB_P', 'EMB_P', 'EMB_P', 'EMB_P', 'EMB_P', 'EMB_P', 'EMB_P', 'EMB_P', 'EMB_P', 'EMB_P', 'EMB_P', 'EMB_P', 'EMB_P', 'EMB_P', 'EMB_P', 'EMB_P', 'EMB_P', 'EMB_P', 'EMB_P', 'EMB_P', 'EMB_P', 'EMB_P', 'EMB_P', 'EMB_P', 'EMB_P', 'EMB_P', 'EMB_P', 'EMB_P', 'EMB_P', 'EMB_P', 'EMB_P', 'EMB_P', 'EMB_P', 'EMB_P', 'EMB_P', 'EMB_P', 'EMB_P', 'EMB_P', 'EMB_P', 'EMB_P', 'EMB_P', 'EMB_P', 'EMB_P', 'EMB_P', 'EMB_P', 'EMB_P', 'EMB_P', 'EMB_P', 'EMB_P', 'EMB_P', 'EMB_P', 'EMB_P', 'EMB_P', 'EMB_P', 'EMB_P', 'EMB_P', 'EMB_P', 'EMB_P', 'EMB_P', 'EMB_P', 'EMB_P', 'EMB_P', 'EMB_P', 'EMB_P', 'EMB_P', 'EMB_P', 'EMB_P', 'EMB_P', 'EMB_P', 'EMB_P', 'EMB_P', 'EMB_P', 'EMB_P', 'EMB_P', 'EMB_P', 'EMB_P']","['EMB_O', 'EMB_O', 'EMB_O', 'EMB_O', 'EMB_O', 'OPN_B', 'OPN_I', 'OPN_E', 'EMB_O', 'EMB_O', 'EMB_P', 'EMB_P', 'EMB_P', 'EMB_P', 'EMB_P', 'EMB_P', 'EMB_P', 'EMB_P', 'EMB_P', 'EMB_P', 'EMB_P', 'EMB_P', 'EMB_P', 'EMB_P', 'EMB_P', 'EMB_P', 'EMB_P', 'EMB_P', 'EMB_P', 'EMB_P', 'EMB_P', 'EMB_P', 'EMB_P', 'EMB_P', 'EMB_P', 'EMB_P', 'EMB_P', 'EMB_P', 'EMB_P', 'EMB_P', 'EMB_P', 'EMB_P', 'EMB_P', 'EMB_P', 'EMB_P', 'EMB_P', 'EMB_P', 'EMB_P', 'EMB_P', 'EMB_P', 'EMB_P', 'EMB_P', 'EMB_P', 'EMB_P', 'EMB_P', 'EMB_P', 'EMB_P', 'EMB_P', 'EMB_P', 'EMB_P', 'EMB_P', 'EMB_P', 'EMB_P', 'EMB_P', 'EMB_P', 'EMB_P', 'EMB_P', 'EMB_P', 'EMB_P', 'EMB_P', 'EMB_P', 'EMB_P', 'EMB_P', 'EMB_P', 'EMB_P', 'EMB_P', 'EMB_P', 'EMB_P', 'EMB_P', 'EMB_P', 'EMB_P', 'EMB_P', 'EMB_P', 'EMB_P', 'EMB_P', 'EMB_P', 'EMB_P', 'EMB_P', 'EMB_P', 'EMB_P', 'EMB_P', 'EMB_P', 'EMB_P', 'EMB_P', 'EMB_P', 'EMB_P', 'EMB_P', 'EMB_P', 'EMB_P', 'EMB_P', 'EMB_P', 'EMB_P', 'EMB_P', 'EMB_P', 'EMB_P', 'EMB_P', 'EMB_P', 'EMB_P', 'EMB_P', 'EMB_P', 'EMB_P', 'EMB_P', 'EMB_P', 'EMB_P', 'EMB_P', 'EMB_P', 'EMB_P', 'EMB_P', 'EMB_P', 'EMB_P', 'EMB_P', 'EMB_P', 'EMB_P', 'EMB_P', 'EMB_P', 'EMB_P', 'EMB_P', 'EMB_P']"
178,NULL,excellent,laptop_quad_dev_156,it arrived on time and in excellent condition and my hubby has been happily using it now for several weeks with no problems .,8.12,8.0,"['EMB_O', 'EMB_O', 'EMB_O', 'EMB_O', 'EMB_O', 'EMB_O', 'EMB_O', 'EMB_O', 'EMB_O', 'EMB_O', 'EMB_O', 'EMB_O', 'EMB_O', 'EMB_O', 'EMB_O', 'EMB_O', 'EMB_O', 'EMB_O', 'EMB_O', 'EMB_O', 'EMB_O', 'EMB_O', 'EMB_O', 'EMB_O', 'EMB_O', 'EMB_O', 'EMB_O', 'EMB_O', 'EMB_O', 'EMB_P', 'EMB_P', 'EMB_P', 'EMB_P', 'EMB_P', 'EMB_P', 'EMB_P', 'EMB_P', 'EMB_P', 'EMB_P', 'EMB_P', 'EMB_P', 'EMB_P', 'EMB_P', 'EMB_P', 'EMB_P', 'EMB_P', 'EMB_P', 'EMB_P', 'EMB_P', 'EMB_P', 'EMB_P', 'EMB_P', 'EMB_P', 'EMB_P', 'EMB_P', 'EMB_P', 'EMB_P', 'EMB_P', 'EMB_P', 'EMB_P', 'EMB_P', 'EMB_P', 'EMB_P', 'EMB_P', 'EMB_P', 'EMB_P', 'EMB_P', 'EMB_P', 'EMB_P', 'EMB_P', 'EMB_P', 'EMB_P', 'EMB_P', 'EMB_P', 'EMB_P', 'EMB_P', 'EMB_P', 'EMB_P', 'EMB_P', 'EMB_P', 'EMB_P', 'EMB_P', 'EMB_P', 'EMB_P', 'EMB_P', 'EMB_P', 'EMB_P', 'EMB_P', 'EMB_P', 'EMB_P', 'EMB_P', 'EMB_P', 'EMB_P', 'EMB_P', 'EMB_P', 'EMB_P', 'EMB_P', 'EMB_P', 'EMB_P', 'EMB_P', 'EMB_P', 'EMB_P', 'EMB_P', 'EMB_P', 'EMB_P', 'EMB_P', 'EMB_P', 'EMB_P', 'EMB_P', 'EMB_P', 'EMB_P', 'EMB_P', 'EMB_P', 'EMB_P', 'EMB_P', 'EMB_P', 'EMB_P', 'EMB_P', 'EMB_P', 'EMB_P', 'EMB_P', 'EMB_P', 'EMB_P', 'EMB_P', 'EMB_P', 'EMB_P', 'EMB_P', 'EMB_P']","['EMB_O', 'EMB_O', 'EMB_O', 'EMB_O', 'EMB_O', 'EMB_O', 'EMB_O', 'OPN_S', 'EMB_O', 'EMB_O', 'EMB_O', 'EMB_O', 'EMB_O', 'EMB_O', 'EMB_O', 'EMB_O', 'EMB_O', 'EMB_O', 'EMB_O', 'EMB_O', 'EMB_O', 'EMB_O', 'EMB_O', 'EMB_O', 'EMB_O', 'EMB_O', 'EMB_O', 'EMB_O', 'EMB_O', 'EMB_P', 'EMB_P', 'EMB_P', 'EMB_P', 'EMB_P', 'EMB_P', 'EMB_P', 'EMB_P', 'EMB_P', 'EMB_P', 'EMB_P', 'EMB_P', 'EMB_P', 'EMB_P', 'EMB_P', 'EMB_P', 'EMB_P', 'EMB_P', 'EMB_P', 'EMB_P', 'EMB_P', 'EMB_P', 'EMB_P', 'EMB_P', 'EMB_P', 'EMB_P', 'EMB_P', 'EMB_P', 'EMB_P', 'EMB_P', 'EMB_P', 'EMB_P', 'EMB_P', 'EMB_P', 'EMB_P', 'EMB_P', 'EMB_P', 'EMB_P', 'EMB_P', 'EMB_P', 'EMB_P', 'EMB_P', 'EMB_P', 'EMB_P', 'EMB_P', 'EMB_P', 'EMB_P', 'EMB_P', 'EMB_P', 'EMB_P', 'EMB_P', 'EMB_P', 'EMB_P', 'EMB_P', 'EMB_P', 'EMB_P', 'EMB_P', 'EMB_P', 'EMB_P', 'EMB_P', 'EMB_P', 'EMB_P', 'EMB_P', 'EMB_P', 'EMB_P', 'EMB_P', 'EMB_P', 'EMB_P', 'EMB_P', 'EMB_P', 'EMB_P', 'EMB_P', 'EMB_P', 'EMB_P', 'EMB_P', 'EMB_P', 'EMB_P', 'EMB_P', 'EMB_P', 'EMB_P', 'EMB_P', 'EMB_P', 'EMB_P', 'EMB_P', 'EMB_P', 'EMB_P', 'EMB_P', 'EMB_P', 'EMB_P', 'EMB_P', 'EMB_P', 'EMB_P', 'EMB_P', 'EMB_P', 'EMB_P', 'EMB_P', 'EMB_P', 'EMB_P', 'EMB_P']"
179,laptop,NULL,laptop_quad_dev_157,this laptop has all the necessary ports .,6.3,6.3,"['EMB_O', 'EMB_O', 'ASP_B', 'ASP_E', 'EMB_O', 'EMB_O', 'EMB_O', 'EMB_O', 'EMB_O', 'EMB_O', 'EMB_O', 'EMB_P', 'EMB_P', 'EMB_P', 'EMB_P', 'EMB_P', 'EMB_P', 'EMB_P', 'EMB_P', 'EMB_P', 'EMB_P', 'EMB_P', 'EMB_P', 'EMB_P', 'EMB_P', 'EMB_P', 'EMB_P', 'EMB_P', 'EMB_P', 'EMB_P', 'EMB_P', 'EMB_P', 'EMB_P', 'EMB_P', 'EMB_P', 'EMB_P', 'EMB_P', 'EMB_P', 'EMB_P', 'EMB_P', 'EMB_P', 'EMB_P', 'EMB_P', 'EMB_P', 'EMB_P', 'EMB_P', 'EMB_P', 'EMB_P', 'EMB_P', 'EMB_P', 'EMB_P', 'EMB_P', 'EMB_P', 'EMB_P', 'EMB_P', 'EMB_P', 'EMB_P', 'EMB_P', 'EMB_P', 'EMB_P', 'EMB_P', 'EMB_P', 'EMB_P', 'EMB_P', 'EMB_P', 'EMB_P', 'EMB_P', 'EMB_P', 'EMB_P', 'EMB_P', 'EMB_P', 'EMB_P', 'EMB_P', 'EMB_P', 'EMB_P', 'EMB_P', 'EMB_P', 'EMB_P', 'EMB_P', 'EMB_P', 'EMB_P', 'EMB_P', 'EMB_P', 'EMB_P', 'EMB_P', 'EMB_P', 'EMB_P', 'EMB_P', 'EMB_P', 'EMB_P', 'EMB_P', 'EMB_P', 'EMB_P', 'EMB_P', 'EMB_P', 'EMB_P', 'EMB_P', 'EMB_P', 'EMB_P', 'EMB_P', 'EMB_P', 'EMB_P', 'EMB_P', 'EMB_P', 'EMB_P', 'EMB_P', 'EMB_P', 'EMB_P', 'EMB_P', 'EMB_P', 'EMB_P', 'EMB_P', 'EMB_P', 'EMB_P', 'EMB_P', 'EMB_P', 'EMB_P', 'EMB_P', 'EMB_P', 'EMB_P', 'EMB_P', 'EMB_P', 'EMB_P', 'EMB_P', 'EMB_P', 'EMB_P', 'EMB_P', 'EMB_P']","['EMB_O', 'EMB_O', 'EMB_O', 'EMB_O', 'EMB_O', 'EMB_O', 'EMB_O', 'EMB_O', 'EMB_O', 'EMB_O', 'EMB_O', 'EMB_P', 'EMB_P', 'EMB_P', 'EMB_P', 'EMB_P', 'EMB_P', 'EMB_P', 'EMB_P', 'EMB_P', 'EMB_P', 'EMB_P', 'EMB_P', 'EMB_P', 'EMB_P', 'EMB_P', 'EMB_P', 'EMB_P', 'EMB_P', 'EMB_P', 'EMB_P', 'EMB_P', 'EMB_P', 'EMB_P', 'EMB_P', 'EMB_P', 'EMB_P', 'EMB_P', 'EMB_P', 'EMB_P', 'EMB_P', 'EMB_P', 'EMB_P', 'EMB_P', 'EMB_P', 'EMB_P', 'EMB_P', 'EMB_P', 'EMB_P', 'EMB_P', 'EMB_P', 'EMB_P', 'EMB_P', 'EMB_P', 'EMB_P', 'EMB_P', 'EMB_P', 'EMB_P', 'EMB_P', 'EMB_P', 'EMB_P', 'EMB_P', 'EMB_P', 'EMB_P', 'EMB_P', 'EMB_P', 'EMB_P', 'EMB_P', 'EMB_P', 'EMB_P', 'EMB_P', 'EMB_P', 'EMB_P', 'EMB_P', 'EMB_P', 'EMB_P', 'EMB_P', 'EMB_P', 'EMB_P', 'EMB_P', 'EMB_P', 'EMB_P', 'EMB_P', 'EMB_P', 'EMB_P', 'EMB_P', 'EMB_P', 'EMB_P', 'EMB_P', 'EMB_P', 'EMB_P', 'EMB_P', 'EMB_P', 'EMB_P', 'EMB_P', 'EMB_P', 'EMB_P', 'EMB_P', 'EMB_P', 'EMB_P', 'EMB_P', 'EMB_P', 'EMB_P', 'EMB_P', 'EMB_P', 'EMB_P', 'EMB_P', 'EMB_P', 'EMB_P', 'EMB_P', 'EMB_P', 'EMB_P', 'EMB_P', 'EMB_P', 'EMB_P', 'EMB_P', 'EMB_P', 'EMB_P', 'EMB_P', 'EMB_P', 'EMB_P', 'EMB_P', 'EMB_P', 'EMB_P', 'EMB_P', 'EMB_P', 'EMB_P', 'EMB_P']"
180,model,very portable,laptop_quad_dev_158,"as i bought 13 inch model , it is very portable .",6.75,6.62,"['EMB_O', 'EMB_O', 'EMB_O', 'EMB_O', 'EMB_O', 'EMB_O', 'ASP_S', 'EMB_O', 'EMB_O', 'EMB_O', 'EMB_O', 'EMB_O', 'EMB_O', 'EMB_O', 'EMB_O', 'EMB_P', 'EMB_P', 'EMB_P', 'EMB_P', 'EMB_P', 'EMB_P', 'EMB_P', 'EMB_P', 'EMB_P', 'EMB_P', 'EMB_P', 'EMB_P', 'EMB_P', 'EMB_P', 'EMB_P', 'EMB_P', 'EMB_P', 'EMB_P', 'EMB_P', 'EMB_P', 'EMB_P', 'EMB_P', 'EMB_P', 'EMB_P', 'EMB_P', 'EMB_P', 'EMB_P', 'EMB_P', 'EMB_P', 'EMB_P', 'EMB_P', 'EMB_P', 'EMB_P', 'EMB_P', 'EMB_P', 'EMB_P', 'EMB_P', 'EMB_P', 'EMB_P', 'EMB_P', 'EMB_P', 'EMB_P', 'EMB_P', 'EMB_P', 'EMB_P', 'EMB_P', 'EMB_P', 'EMB_P', 'EMB_P', 'EMB_P', 'EMB_P', 'EMB_P', 'EMB_P', 'EMB_P', 'EMB_P', 'EMB_P', 'EMB_P', 'EMB_P', 'EMB_P', 'EMB_P', 'EMB_P', 'EMB_P', 'EMB_P', 'EMB_P', 'EMB_P', 'EMB_P', 'EMB_P', 'EMB_P', 'EMB_P', 'EMB_P', 'EMB_P', 'EMB_P', 'EMB_P', 'EMB_P', 'EMB_P', 'EMB_P', 'EMB_P', 'EMB_P', 'EMB_P', 'EMB_P', 'EMB_P', 'EMB_P', 'EMB_P', 'EMB_P', 'EMB_P', 'EMB_P', 'EMB_P', 'EMB_P', 'EMB_P', 'EMB_P', 'EMB_P', 'EMB_P', 'EMB_P', 'EMB_P', 'EMB_P', 'EMB_P', 'EMB_P', 'EMB_P', 'EMB_P', 'EMB_P', 'EMB_P', 'EMB_P', 'EMB_P', 'EMB_P', 'EMB_P', 'EMB_P', 'EMB_P', 'EMB_P', 'EMB_P', 'EMB_P', 'EMB_P', 'EMB_P', 'EMB_P']","['EMB_O', 'EMB_O', 'EMB_O', 'EMB_O', 'EMB_O', 'EMB_O', 'EMB_O', 'EMB_O', 'EMB_O', 'EMB_O', 'OPN_B', 'OPN_I', 'OPN_E', 'EMB_O', 'EMB_O', 'EMB_P', 'EMB_P', 'EMB_P', 'EMB_P', 'EMB_P', 'EMB_P', 'EMB_P', 'EMB_P', 'EMB_P', 'EMB_P', 'EMB_P', 'EMB_P', 'EMB_P', 'EMB_P', 'EMB_P', 'EMB_P', 'EMB_P', 'EMB_P', 'EMB_P', 'EMB_P', 'EMB_P', 'EMB_P', 'EMB_P', 'EMB_P', 'EMB_P', 'EMB_P', 'EMB_P', 'EMB_P', 'EMB_P', 'EMB_P', 'EMB_P', 'EMB_P', 'EMB_P', 'EMB_P', 'EMB_P', 'EMB_P', 'EMB_P', 'EMB_P', 'EMB_P', 'EMB_P', 'EMB_P', 'EMB_P', 'EMB_P', 'EMB_P', 'EMB_P', 'EMB_P', 'EMB_P', 'EMB_P', 'EMB_P', 'EMB_P', 'EMB_P', 'EMB_P', 'EMB_P', 'EMB_P', 'EMB_P', 'EMB_P', 'EMB_P', 'EMB_P', 'EMB_P', 'EMB_P', 'EMB_P', 'EMB_P', 'EMB_P', 'EMB_P', 'EMB_P', 'EMB_P', 'EMB_P', 'EMB_P', 'EMB_P', 'EMB_P', 'EMB_P', 'EMB_P', 'EMB_P', 'EMB_P', 'EMB_P', 'EMB_P', 'EMB_P', 'EMB_P', 'EMB_P', 'EMB_P', 'EMB_P', 'EMB_P', 'EMB_P', 'EMB_P', 'EMB_P', 'EMB_P', 'EMB_P', 'EMB_P', 'EMB_P', 'EMB_P', 'EMB_P', 'EMB_P', 'EMB_P', 'EMB_P', 'EMB_P', 'EMB_P', 'EMB_P', 'EMB_P', 'EMB_P', 'EMB_P', 'EMB_P', 'EMB_P', 'EMB_P', 'EMB_P', 'EMB_P', 'EMB_P', 'EMB_P', 'EMB_P', 'EMB_P', 'EMB_P', 'EMB_P', 'EMB_P', 'EMB_P']"
181,device,extremely impressed,laptop_quad_dev_159,i ' ve been extremely impressed by this device .,7.75,8.0,"['EMB_O', 'EMB_O', 'EMB_O', 'EMB_O', 'EMB_O', 'EMB_O', 'EMB_O', 'EMB_O', 'EMB_O', 'ASP_S', 'EMB_O', 'EMB_O', 'EMB_P', 'EMB_P', 'EMB_P', 'EMB_P', 'EMB_P', 'EMB_P', 'EMB_P', 'EMB_P', 'EMB_P', 'EMB_P', 'EMB_P', 'EMB_P', 'EMB_P', 'EMB_P', 'EMB_P', 'EMB_P', 'EMB_P', 'EMB_P', 'EMB_P', 'EMB_P', 'EMB_P', 'EMB_P', 'EMB_P', 'EMB_P', 'EMB_P', 'EMB_P', 'EMB_P', 'EMB_P', 'EMB_P', 'EMB_P', 'EMB_P', 'EMB_P', 'EMB_P', 'EMB_P', 'EMB_P', 'EMB_P', 'EMB_P', 'EMB_P', 'EMB_P', 'EMB_P', 'EMB_P', 'EMB_P', 'EMB_P', 'EMB_P', 'EMB_P', 'EMB_P', 'EMB_P', 'EMB_P', 'EMB_P', 'EMB_P', 'EMB_P', 'EMB_P', 'EMB_P', 'EMB_P', 'EMB_P', 'EMB_P', 'EMB_P', 'EMB_P', 'EMB_P', 'EMB_P', 'EMB_P', 'EMB_P', 'EMB_P', 'EMB_P', 'EMB_P', 'EMB_P', 'EMB_P', 'EMB_P', 'EMB_P', 'EMB_P', 'EMB_P', 'EMB_P', 'EMB_P', 'EMB_P', 'EMB_P', 'EMB_P', 'EMB_P', 'EMB_P', 'EMB_P', 'EMB_P', 'EMB_P', 'EMB_P', 'EMB_P', 'EMB_P', 'EMB_P', 'EMB_P', 'EMB_P', 'EMB_P', 'EMB_P', 'EMB_P', 'EMB_P', 'EMB_P', 'EMB_P', 'EMB_P', 'EMB_P', 'EMB_P', 'EMB_P', 'EMB_P', 'EMB_P', 'EMB_P', 'EMB_P', 'EMB_P', 'EMB_P', 'EMB_P', 'EMB_P', 'EMB_P', 'EMB_P', 'EMB_P', 'EMB_P', 'EMB_P', 'EMB_P', 'EMB_P', 'EMB_P', 'EMB_P', 'EMB_P', 'EMB_P']","['EMB_O', 'EMB_O', 'EMB_O', 'EMB_O', 'EMB_O', 'OPN_B', 'OPN_E', 'EMB_O', 'EMB_O', 'EMB_O', 'EMB_O', 'EMB_O', 'EMB_P', 'EMB_P', 'EMB_P', 'EMB_P', 'EMB_P', 'EMB_P', 'EMB_P', 'EMB_P', 'EMB_P', 'EMB_P', 'EMB_P', 'EMB_P', 'EMB_P', 'EMB_P', 'EMB_P', 'EMB_P', 'EMB_P', 'EMB_P', 'EMB_P', 'EMB_P', 'EMB_P', 'EMB_P', 'EMB_P', 'EMB_P', 'EMB_P', 'EMB_P', 'EMB_P', 'EMB_P', 'EMB_P', 'EMB_P', 'EMB_P', 'EMB_P', 'EMB_P', 'EMB_P', 'EMB_P', 'EMB_P', 'EMB_P', 'EMB_P', 'EMB_P', 'EMB_P', 'EMB_P', 'EMB_P', 'EMB_P', 'EMB_P', 'EMB_P', 'EMB_P', 'EMB_P', 'EMB_P', 'EMB_P', 'EMB_P', 'EMB_P', 'EMB_P', 'EMB_P', 'EMB_P', 'EMB_P', 'EMB_P', 'EMB_P', 'EMB_P', 'EMB_P', 'EMB_P', 'EMB_P', 'EMB_P', 'EMB_P', 'EMB_P', 'EMB_P', 'EMB_P', 'EMB_P', 'EMB_P', 'EMB_P', 'EMB_P', 'EMB_P', 'EMB_P', 'EMB_P', 'EMB_P', 'EMB_P', 'EMB_P', 'EMB_P', 'EMB_P', 'EMB_P', 'EMB_P', 'EMB_P', 'EMB_P', 'EMB_P', 'EMB_P', 'EMB_P', 'EMB_P', 'EMB_P', 'EMB_P', 'EMB_P', 'EMB_P', 'EMB_P', 'EMB_P', 'EMB_P', 'EMB_P', 'EMB_P', 'EMB_P', 'EMB_P', 'EMB_P', 'EMB_P', 'EMB_P', 'EMB_P', 'EMB_P', 'EMB_P', 'EMB_P', 'EMB_P', 'EMB_P', 'EMB_P', 'EMB_P', 'EMB_P', 'EMB_P', 'EMB_P', 'EMB_P', 'EMB_P', 'EMB_P', 'EMB_P', 'EMB_P']"
182,product,super happy,laptop_quad_dev_160,overall : i ' m super happy with this product .,8.0,8.38,"['EMB_O', 'EMB_O', 'EMB_O', 'EMB_O', 'EMB_O', 'EMB_O', 'EMB_O', 'EMB_O', 'EMB_O', 'EMB_O', 'ASP_S', 'EMB_O', 'EMB_O', 'EMB_P', 'EMB_P', 'EMB_P', 'EMB_P', 'EMB_P', 'EMB_P', 'EMB_P', 'EMB_P', 'EMB_P', 'EMB_P', 'EMB_P', 'EMB_P', 'EMB_P', 'EMB_P', 'EMB_P', 'EMB_P', 'EMB_P', 'EMB_P', 'EMB_P', 'EMB_P', 'EMB_P', 'EMB_P', 'EMB_P', 'EMB_P', 'EMB_P', 'EMB_P', 'EMB_P', 'EMB_P', 'EMB_P', 'EMB_P', 'EMB_P', 'EMB_P', 'EMB_P', 'EMB_P', 'EMB_P', 'EMB_P', 'EMB_P', 'EMB_P', 'EMB_P', 'EMB_P', 'EMB_P', 'EMB_P', 'EMB_P', 'EMB_P', 'EMB_P', 'EMB_P', 'EMB_P', 'EMB_P', 'EMB_P', 'EMB_P', 'EMB_P', 'EMB_P', 'EMB_P', 'EMB_P', 'EMB_P', 'EMB_P', 'EMB_P', 'EMB_P', 'EMB_P', 'EMB_P', 'EMB_P', 'EMB_P', 'EMB_P', 'EMB_P', 'EMB_P', 'EMB_P', 'EMB_P', 'EMB_P', 'EMB_P', 'EMB_P', 'EMB_P', 'EMB_P', 'EMB_P', 'EMB_P', 'EMB_P', 'EMB_P', 'EMB_P', 'EMB_P', 'EMB_P', 'EMB_P', 'EMB_P', 'EMB_P', 'EMB_P', 'EMB_P', 'EMB_P', 'EMB_P', 'EMB_P', 'EMB_P', 'EMB_P', 'EMB_P', 'EMB_P', 'EMB_P', 'EMB_P', 'EMB_P', 'EMB_P', 'EMB_P', 'EMB_P', 'EMB_P', 'EMB_P', 'EMB_P', 'EMB_P', 'EMB_P', 'EMB_P', 'EMB_P', 'EMB_P', 'EMB_P', 'EMB_P', 'EMB_P', 'EMB_P', 'EMB_P', 'EMB_P', 'EMB_P', 'EMB_P', 'EMB_P', 'EMB_P']","['EMB_O', 'EMB_O', 'EMB_O', 'EMB_O', 'EMB_O', 'EMB_O', 'OPN_B', 'OPN_E', 'EMB_O', 'EMB_O', 'EMB_O', 'EMB_O', 'EMB_O', 'EMB_P', 'EMB_P', 'EMB_P', 'EMB_P', 'EMB_P', 'EMB_P', 'EMB_P', 'EMB_P', 'EMB_P', 'EMB_P', 'EMB_P', 'EMB_P', 'EMB_P', 'EMB_P', 'EMB_P', 'EMB_P', 'EMB_P', 'EMB_P', 'EMB_P', 'EMB_P', 'EMB_P', 'EMB_P', 'EMB_P', 'EMB_P', 'EMB_P', 'EMB_P', 'EMB_P', 'EMB_P', 'EMB_P', 'EMB_P', 'EMB_P', 'EMB_P', 'EMB_P', 'EMB_P', 'EMB_P', 'EMB_P', 'EMB_P', 'EMB_P', 'EMB_P', 'EMB_P', 'EMB_P', 'EMB_P', 'EMB_P', 'EMB_P', 'EMB_P', 'EMB_P', 'EMB_P', 'EMB_P', 'EMB_P', 'EMB_P', 'EMB_P', 'EMB_P', 'EMB_P', 'EMB_P', 'EMB_P', 'EMB_P', 'EMB_P', 'EMB_P', 'EMB_P', 'EMB_P', 'EMB_P', 'EMB_P', 'EMB_P', 'EMB_P', 'EMB_P', 'EMB_P', 'EMB_P', 'EMB_P', 'EMB_P', 'EMB_P', 'EMB_P', 'EMB_P', 'EMB_P', 'EMB_P', 'EMB_P', 'EMB_P', 'EMB_P', 'EMB_P', 'EMB_P', 'EMB_P', 'EMB_P', 'EMB_P', 'EMB_P', 'EMB_P', 'EMB_P', 'EMB_P', 'EMB_P', 'EMB_P', 'EMB_P', 'EMB_P', 'EMB_P', 'EMB_P', 'EMB_P', 'EMB_P', 'EMB_P', 'EMB_P', 'EMB_P', 'EMB_P', 'EMB_P', 'EMB_P', 'EMB_P', 'EMB_P', 'EMB_P', 'EMB_P', 'EMB_P', 'EMB_P', 'EMB_P', 'EMB_P', 'EMB_P', 'EMB_P', 'EMB_P', 'EMB_P', 'EMB_P', 'EMB_P', 'EMB_P']"
183,NULL,responsive,laptop_quad_dev_161,"it feels responsive to me , and i went to settings to customize the speed , clicking , and scrolling .",7.67,7.67,"['EMB_O', 'EMB_O', 'EMB_O', 'EMB_O', 'EMB_O', 'EMB_O', 'EMB_O', 'EMB_O', 'EMB_O', 'EMB_O', 'EMB_O', 'EMB_O', 'EMB_O', 'EMB_O', 'EMB_O', 'EMB_O', 'EMB_O', 'EMB_O', 'EMB_O', 'EMB_O', 'EMB_O', 'EMB_O', 'EMB_O', 'EMB_O', 'EMB_O', 'EMB_O', 'EMB_O', 'EMB_O', 'EMB_O', 'EMB_O', 'EMB_P', 'EMB_P', 'EMB_P', 'EMB_P', 'EMB_P', 'EMB_P', 'EMB_P', 'EMB_P', 'EMB_P', 'EMB_P', 'EMB_P', 'EMB_P', 'EMB_P', 'EMB_P', 'EMB_P', 'EMB_P', 'EMB_P', 'EMB_P', 'EMB_P', 'EMB_P', 'EMB_P', 'EMB_P', 'EMB_P', 'EMB_P', 'EMB_P', 'EMB_P', 'EMB_P', 'EMB_P', 'EMB_P', 'EMB_P', 'EMB_P', 'EMB_P', 'EMB_P', 'EMB_P', 'EMB_P', 'EMB_P', 'EMB_P', 'EMB_P', 'EMB_P', 'EMB_P', 'EMB_P', 'EMB_P', 'EMB_P', 'EMB_P', 'EMB_P', 'EMB_P', 'EMB_P', 'EMB_P', 'EMB_P', 'EMB_P', 'EMB_P', 'EMB_P', 'EMB_P', 'EMB_P', 'EMB_P', 'EMB_P', 'EMB_P', 'EMB_P', 'EMB_P', 'EMB_P', 'EMB_P', 'EMB_P', 'EMB_P', 'EMB_P', 'EMB_P', 'EMB_P', 'EMB_P', 'EMB_P', 'EMB_P', 'EMB_P', 'EMB_P', 'EMB_P', 'EMB_P', 'EMB_P', 'EMB_P', 'EMB_P', 'EMB_P', 'EMB_P', 'EMB_P', 'EMB_P', 'EMB_P', 'EMB_P', 'EMB_P', 'EMB_P', 'EMB_P', 'EMB_P', 'EMB_P', 'EMB_P', 'EMB_P', 'EMB_P', 'EMB_P', 'EMB_P', 'EMB_P', 'EMB_P', 'EMB_P', 'EMB_P', 'EMB_P', 'EMB_P']","['EMB_O', 'EMB_O', 'EMB_O', 'OPN_B', 'OPN_I', 'OPN_E', 'EMB_O', 'EMB_O', 'EMB_O', 'EMB_O', 'EMB_O', 'EMB_O', 'EMB_O', 'EMB_O', 'EMB_O', 'EMB_O', 'EMB_O', 'EMB_O', 'EMB_O', 'EMB_O', 'EMB_O', 'EMB_O', 'EMB_O', 'EMB_O', 'EMB_O', 'EMB_O', 'EMB_O', 'EMB_O', 'EMB_O', 'EMB_O', 'EMB_P', 'EMB_P', 'EMB_P', 'EMB_P', 'EMB_P', 'EMB_P', 'EMB_P', 'EMB_P', 'EMB_P', 'EMB_P', 'EMB_P', 'EMB_P', 'EMB_P', 'EMB_P', 'EMB_P', 'EMB_P', 'EMB_P', 'EMB_P', 'EMB_P', 'EMB_P', 'EMB_P', 'EMB_P', 'EMB_P', 'EMB_P', 'EMB_P', 'EMB_P', 'EMB_P', 'EMB_P', 'EMB_P', 'EMB_P', 'EMB_P', 'EMB_P', 'EMB_P', 'EMB_P', 'EMB_P', 'EMB_P', 'EMB_P', 'EMB_P', 'EMB_P', 'EMB_P', 'EMB_P', 'EMB_P', 'EMB_P', 'EMB_P', 'EMB_P', 'EMB_P', 'EMB_P', 'EMB_P', 'EMB_P', 'EMB_P', 'EMB_P', 'EMB_P', 'EMB_P', 'EMB_P', 'EMB_P', 'EMB_P', 'EMB_P', 'EMB_P', 'EMB_P', 'EMB_P', 'EMB_P', 'EMB_P', 'EMB_P', 'EMB_P', 'EMB_P', 'EMB_P', 'EMB_P', 'EMB_P', 'EMB_P', 'EMB_P', 'EMB_P', 'EMB_P', 'EMB_P', 'EMB_P', 'EMB_P', 'EMB_P', 'EMB_P', 'EMB_P', 'EMB_P', 'EMB_P', 'EMB_P', 'EMB_P', 'EMB_P', 'EMB_P', 'EMB_P', 'EMB_P', 'EMB_P', 'EMB_P', 'EMB_P', 'EMB_P', 'EMB_P', 'EMB_P', 'EMB_P', 'EMB_P', 'EMB_P', 'EMB_P', 'EMB_P', 'EMB_P']"
184,hard drive,drawback,laptop_quad_dev_162,the only drawback is that it only comes with 32 gb of hard drive .,3.75,6.25,"['EMB_O', 'EMB_O', 'EMB_O', 'EMB_O', 'EMB_O', 'EMB_O', 'EMB_O', 'EMB_O', 'EMB_O', 'EMB_O', 'EMB_O', 'EMB_O', 'EMB_O', 'EMB_O', 'EMB_O', 'ASP_B', 'ASP_E', 'EMB_O', 'EMB_O', 'EMB_P', 'EMB_P', 'EMB_P', 'EMB_P', 'EMB_P', 'EMB_P', 'EMB_P', 'EMB_P', 'EMB_P', 'EMB_P', 'EMB_P', 'EMB_P', 'EMB_P', 'EMB_P', 'EMB_P', 'EMB_P', 'EMB_P', 'EMB_P', 'EMB_P', 'EMB_P', 'EMB_P', 'EMB_P', 'EMB_P', 'EMB_P', 'EMB_P', 'EMB_P', 'EMB_P', 'EMB_P', 'EMB_P', 'EMB_P', 'EMB_P', 'EMB_P', 'EMB_P', 'EMB_P', 'EMB_P', 'EMB_P', 'EMB_P', 'EMB_P', 'EMB_P', 'EMB_P', 'EMB_P', 'EMB_P', 'EMB_P', 'EMB_P', 'EMB_P', 'EMB_P', 'EMB_P', 'EMB_P', 'EMB_P', 'EMB_P', 'EMB_P', 'EMB_P', 'EMB_P', 'EMB_P', 'EMB_P', 'EMB_P', 'EMB_P', 'EMB_P', 'EMB_P', 'EMB_P', 'EMB_P', 'EMB_P', 'EMB_P', 'EMB_P', 'EMB_P', 'EMB_P', 'EMB_P', 'EMB_P', 'EMB_P', 'EMB_P', 'EMB_P', 'EMB_P', 'EMB_P', 'EMB_P', 'EMB_P', 'EMB_P', 'EMB_P', 'EMB_P', 'EMB_P', 'EMB_P', 'EMB_P', 'EMB_P', 'EMB_P', 'EMB_P', 'EMB_P', 'EMB_P', 'EMB_P', 'EMB_P', 'EMB_P', 'EMB_P', 'EMB_P', 'EMB_P', 'EMB_P', 'EMB_P', 'EMB_P', 'EMB_P', 'EMB_P', 'EMB_P', 'EMB_P', 'EMB_P', 'EMB_P', 'EMB_P', 'EMB_P', 'EMB_P', 'EMB_P', 'EMB_P', 'EMB_P', 'EMB_P', 'EMB_P']","['EMB_O', 'EMB_O', 'EMB_O', 'OPN_B', 'OPN_E', 'EMB_O', 'EMB_O', 'EMB_O', 'EMB_O', 'EMB_O', 'EMB_O', 'EMB_O', 'EMB_O', 'EMB_O', 'EMB_O', 'EMB_O', 'EMB_O', 'EMB_O', 'EMB_O', 'EMB_P', 'EMB_P', 'EMB_P', 'EMB_P', 'EMB_P', 'EMB_P', 'EMB_P', 'EMB_P', 'EMB_P', 'EMB_P', 'EMB_P', 'EMB_P', 'EMB_P', 'EMB_P', 'EMB_P', 'EMB_P', 'EMB_P', 'EMB_P', 'EMB_P', 'EMB_P', 'EMB_P', 'EMB_P', 'EMB_P', 'EMB_P', 'EMB_P', 'EMB_P', 'EMB_P', 'EMB_P', 'EMB_P', 'EMB_P', 'EMB_P', 'EMB_P', 'EMB_P', 'EMB_P', 'EMB_P', 'EMB_P', 'EMB_P', 'EMB_P', 'EMB_P', 'EMB_P', 'EMB_P', 'EMB_P', 'EMB_P', 'EMB_P', 'EMB_P', 'EMB_P', 'EMB_P', 'EMB_P', 'EMB_P', 'EMB_P', 'EMB_P', 'EMB_P', 'EMB_P', 'EMB_P', 'EMB_P', 'EMB_P', 'EMB_P', 'EMB_P', 'EMB_P', 'EMB_P', 'EMB_P', 'EMB_P', 'EMB_P', 'EMB_P', 'EMB_P', 'EMB_P', 'EMB_P', 'EMB_P', 'EMB_P', 'EMB_P', 'EMB_P', 'EMB_P', 'EMB_P', 'EMB_P', 'EMB_P', 'EMB_P', 'EMB_P', 'EMB_P', 'EMB_P', 'EMB_P', 'EMB_P', 'EMB_P', 'EMB_P', 'EMB_P', 'EMB_P', 'EMB_P', 'EMB_P', 'EMB_P', 'EMB_P', 'EMB_P', 'EMB_P', 'EMB_P', 'EMB_P', 'EMB_P', 'EMB_P', 'EMB_P', 'EMB_P', 'EMB_P', 'EMB_P', 'EMB_P', 'EMB_P', 'EMB_P', 'EMB_P', 'EMB_P', 'EMB_P', 'EMB_P', 'EMB_P', 'EMB_P', 'EMB_P']"
185,printer,not bad,laptop_quad_dev_163,configuring the printer was a little tricky but not bad .,5.5,5.83,"['EMB_O', 'EMB_O', 'EMB_O', 'EMB_O', 'EMB_O', 'ASP_B', 'ASP_E', 'EMB_O', 'EMB_O', 'EMB_O', 'EMB_O', 'EMB_O', 'EMB_O', 'EMB_O', 'EMB_O', 'EMB_O', 'EMB_O', 'EMB_P', 'EMB_P', 'EMB_P', 'EMB_P', 'EMB_P', 'EMB_P', 'EMB_P', 'EMB_P', 'EMB_P', 'EMB_P', 'EMB_P', 'EMB_P', 'EMB_P', 'EMB_P', 'EMB_P', 'EMB_P', 'EMB_P', 'EMB_P', 'EMB_P', 'EMB_P', 'EMB_P', 'EMB_P', 'EMB_P', 'EMB_P', 'EMB_P', 'EMB_P', 'EMB_P', 'EMB_P', 'EMB_P', 'EMB_P', 'EMB_P', 'EMB_P', 'EMB_P', 'EMB_P', 'EMB_P', 'EMB_P', 'EMB_P', 'EMB_P', 'EMB_P', 'EMB_P', 'EMB_P', 'EMB_P', 'EMB_P', 'EMB_P', 'EMB_P', 'EMB_P', 'EMB_P', 'EMB_P', 'EMB_P', 'EMB_P', 'EMB_P', 'EMB_P', 'EMB_P', 'EMB_P', 'EMB_P', 'EMB_P', 'EMB_P', 'EMB_P', 'EMB_P', 'EMB_P', 'EMB_P', 'EMB_P', 'EMB_P', 'EMB_P', 'EMB_P', 'EMB_P', 'EMB_P', 'EMB_P', 'EMB_P', 'EMB_P', 'EMB_P', 'EMB_P', 'EMB_P', 'EMB_P', 'EMB_P', 'EMB_P', 'EMB_P', 'EMB_P', 'EMB_P', 'EMB_P', 'EMB_P', 'EMB_P', 'EMB_P', 'EMB_P', 'EMB_P', 'EMB_P', 'EMB_P', 'EMB_P', 'EMB_P', 'EMB_P', 'EMB_P', 'EMB_P', 'EMB_P', 'EMB_P', 'EMB_P', 'EMB_P', 'EMB_P', 'EMB_P', 'EMB_P', 'EMB_P', 'EMB_P', 'EMB_P', 'EMB_P', 'EMB_P', 'EMB_P', 'EMB_P', 'EMB_P', 'EMB_P', 'EMB_P', 'EMB_P', 'EMB_P']","['EMB_O', 'EMB_O', 'EMB_O', 'EMB_O', 'EMB_O', 'EMB_O', 'EMB_O', 'EMB_O', 'EMB_O', 'EMB_O', 'EMB_O', 'EMB_O', 'EMB_O', 'OPN_B', 'OPN_E', 'EMB_O', 'EMB_O', 'EMB_P', 'EMB_P', 'EMB_P', 'EMB_P', 'EMB_P', 'EMB_P', 'EMB_P', 'EMB_P', 'EMB_P', 'EMB_P', 'EMB_P', 'EMB_P', 'EMB_P', 'EMB_P', 'EMB_P', 'EMB_P', 'EMB_P', 'EMB_P', 'EMB_P', 'EMB_P', 'EMB_P', 'EMB_P', 'EMB_P', 'EMB_P', 'EMB_P', 'EMB_P', 'EMB_P', 'EMB_P', 'EMB_P', 'EMB_P', 'EMB_P', 'EMB_P', 'EMB_P', 'EMB_P', 'EMB_P', 'EMB_P', 'EMB_P', 'EMB_P', 'EMB_P', 'EMB_P', 'EMB_P', 'EMB_P', 'EMB_P', 'EMB_P', 'EMB_P', 'EMB_P', 'EMB_P', 'EMB_P', 'EMB_P', 'EMB_P', 'EMB_P', 'EMB_P', 'EMB_P', 'EMB_P', 'EMB_P', 'EMB_P', 'EMB_P', 'EMB_P', 'EMB_P', 'EMB_P', 'EMB_P', 'EMB_P', 'EMB_P', 'EMB_P', 'EMB_P', 'EMB_P', 'EMB_P', 'EMB_P', 'EMB_P', 'EMB_P', 'EMB_P', 'EMB_P', 'EMB_P', 'EMB_P', 'EMB_P', 'EMB_P', 'EMB_P', 'EMB_P', 'EMB_P', 'EMB_P', 'EMB_P', 'EMB_P', 'EMB_P', 'EMB_P', 'EMB_P', 'EMB_P', 'EMB_P', 'EMB_P', 'EMB_P', 'EMB_P', 'EMB_P', 'EMB_P', 'EMB_P', 'EMB_P', 'EMB_P', 'EMB_P', 'EMB_P', 'EMB_P', 'EMB_P', 'EMB_P', 'EMB_P', 'EMB_P', 'EMB_P', 'EMB_P', 'EMB_P', 'EMB_P', 'EMB_P', 'EMB_P', 'EMB_P', 'EMB_P', 'EMB_P']"
186,mylaptop,great,laptop_quad_dev_164,my desktop runs all my video editing software for my bigger and most demanding projects and mylaptop is great for editing video and running pc games in places other than my home ( like school ! ),8.25,8.12,"['EMB_O', 'EMB_O', 'EMB_O', 'EMB_O', 'EMB_O', 'EMB_O', 'EMB_O', 'EMB_O', 'EMB_O', 'EMB_O', 'EMB_O', 'EMB_O', 'EMB_O', 'EMB_O', 'EMB_O', 'EMB_O', 'EMB_O', 'EMB_O', 'EMB_O', 'ASP_B', 'ASP_I', 'ASP_E', 'EMB_O', 'EMB_O', 'EMB_O', 'EMB_O', 'EMB_O', 'EMB_O', 'EMB_O', 'EMB_O', 'EMB_O', 'EMB_O', 'EMB_O', 'EMB_O', 'EMB_O', 'EMB_O', 'EMB_O', 'EMB_O', 'EMB_O', 'EMB_O', 'EMB_O', 'EMB_O', 'EMB_O', 'EMB_O', 'EMB_P', 'EMB_P', 'EMB_P', 'EMB_P', 'EMB_P', 'EMB_P', 'EMB_P', 'EMB_P', 'EMB_P', 'EMB_P', 'EMB_P', 'EMB_P', 'EMB_P', 'EMB_P', 'EMB_P', 'EMB_P', 'EMB_P', 'EMB_P', 'EMB_P', 'EMB_P', 'EMB_P', 'EMB_P', 'EMB_P', 'EMB_P', 'EMB_P', 'EMB_P', 'EMB_P', 'EMB_P', 'EMB_P', 'EMB_P', 'EMB_P', 'EMB_P', 'EMB_P', 'EMB_P', 'EMB_P', 'EMB_P', 'EMB_P', 'EMB_P', 'EMB_P', 'EMB_P', 'EMB_P', 'EMB_P', 'EMB_P', 'EMB_P', 'EMB_P', 'EMB_P', 'EMB_P', 'EMB_P', 'EMB_P', 'EMB_P', 'EMB_P', 'EMB_P', 'EMB_P', 'EMB_P', 'EMB_P', 'EMB_P', 'EMB_P', 'EMB_P', 'EMB_P', 'EMB_P', 'EMB_P', 'EMB_P', 'EMB_P', 'EMB_P', 'EMB_P', 'EMB_P', 'EMB_P', 'EMB_P', 'EMB_P', 'EMB_P', 'EMB_P', 'EMB_P', 'EMB_P', 'EMB_P', 'EMB_P', 'EMB_P', 'EMB_P', 'EMB_P', 'EMB_P', 'EMB_P', 'EMB_P', 'EMB_P', 'EMB_P', 'EMB_P']","['EMB_O', 'EMB_O', 'EMB_O', 'EMB_O', 'EMB_O', 'EMB_O', 'EMB_O', 'EMB_O', 'EMB_O', 'EMB_O', 'EMB_O', 'EMB_O', 'EMB_O', 'EMB_O', 'EMB_O', 'EMB_O', 'EMB_O', 'EMB_O', 'EMB_O', 'EMB_O', 'EMB_O', 'EMB_O', 'EMB_O', 'OPN_S', 'EMB_O', 'EMB_O', 'EMB_O', 'EMB_O', 'EMB_O', 'EMB_O', 'EMB_O', 'EMB_O', 'EMB_O', 'EMB_O', 'EMB_O', 'EMB_O', 'EMB_O', 'EMB_O', 'EMB_O', 'EMB_O', 'EMB_O', 'EMB_O', 'EMB_O', 'EMB_O', 'EMB_P', 'EMB_P', 'EMB_P', 'EMB_P', 'EMB_P', 'EMB_P', 'EMB_P', 'EMB_P', 'EMB_P', 'EMB_P', 'EMB_P', 'EMB_P', 'EMB_P', 'EMB_P', 'EMB_P', 'EMB_P', 'EMB_P', 'EMB_P', 'EMB_P', 'EMB_P', 'EMB_P', 'EMB_P', 'EMB_P', 'EMB_P', 'EMB_P', 'EMB_P', 'EMB_P', 'EMB_P', 'EMB_P', 'EMB_P', 'EMB_P', 'EMB_P', 'EMB_P', 'EMB_P', 'EMB_P', 'EMB_P', 'EMB_P', 'EMB_P', 'EMB_P', 'EMB_P', 'EMB_P', 'EMB_P', 'EMB_P', 'EMB_P', 'EMB_P', 'EMB_P', 'EMB_P', 'EMB_P', 'EMB_P', 'EMB_P', 'EMB_P', 'EMB_P', 'EMB_P', 'EMB_P', 'EMB_P', 'EMB_P', 'EMB_P', 'EMB_P', 'EMB_P', 'EMB_P', 'EMB_P', 'EMB_P', 'EMB_P', 'EMB_P', 'EMB_P', 'EMB_P', 'EMB_P', 'EMB_P', 'EMB_P', 'EMB_P', 'EMB_P', 'EMB_P', 'EMB_P', 'EMB_P', 'EMB_P', 'EMB_P', 'EMB_P', 'EMB_P', 'EMB_P', 'EMB_P', 'EMB_P', 'EMB_P', 'EMB_P', 'EMB_P']"
187,NULL,so slow,laptop_quad_dev_165,either they were so slow i couldn ' t get any work done or they just flat out broke after a couple months .,2.62,5.12,"['EMB_O', 'EMB_O', 'EMB_O', 'EMB_O', 'EMB_O', 'EMB_O', 'EMB_O', 'EMB_O', 'EMB_O', 'EMB_O', 'EMB_O', 'EMB_O', 'EMB_O', 'EMB_O', 'EMB_O', 'EMB_O', 'EMB_O', 'EMB_O', 'EMB_O', 'EMB_O', 'EMB_O', 'EMB_O', 'EMB_O', 'EMB_O', 'EMB_O', 'EMB_O', 'EMB_P', 'EMB_P', 'EMB_P', 'EMB_P', 'EMB_P', 'EMB_P', 'EMB_P', 'EMB_P', 'EMB_P', 'EMB_P', 'EMB_P', 'EMB_P', 'EMB_P', 'EMB_P', 'EMB_P', 'EMB_P', 'EMB_P', 'EMB_P', 'EMB_P', 'EMB_P', 'EMB_P', 'EMB_P', 'EMB_P', 'EMB_P', 'EMB_P', 'EMB_P', 'EMB_P', 'EMB_P', 'EMB_P', 'EMB_P', 'EMB_P', 'EMB_P', 'EMB_P', 'EMB_P', 'EMB_P', 'EMB_P', 'EMB_P', 'EMB_P', 'EMB_P', 'EMB_P', 'EMB_P', 'EMB_P', 'EMB_P', 'EMB_P', 'EMB_P', 'EMB_P', 'EMB_P', 'EMB_P', 'EMB_P', 'EMB_P', 'EMB_P', 'EMB_P', 'EMB_P', 'EMB_P', 'EMB_P', 'EMB_P', 'EMB_P', 'EMB_P', 'EMB_P', 'EMB_P', 'EMB_P', 'EMB_P', 'EMB_P', 'EMB_P', 'EMB_P', 'EMB_P', 'EMB_P', 'EMB_P', 'EMB_P', 'EMB_P', 'EMB_P', 'EMB_P', 'EMB_P', 'EMB_P', 'EMB_P', 'EMB_P', 'EMB_P', 'EMB_P', 'EMB_P', 'EMB_P', 'EMB_P', 'EMB_P', 'EMB_P', 'EMB_P', 'EMB_P', 'EMB_P', 'EMB_P', 'EMB_P', 'EMB_P', 'EMB_P', 'EMB_P', 'EMB_P', 'EMB_P', 'EMB_P', 'EMB_P', 'EMB_P', 'EMB_P', 'EMB_P', 'EMB_P', 'EMB_P', 'EMB_P', 'EMB_P']","['EMB_O', 'EMB_O', 'EMB_O', 'EMB_O', 'OPN_B', 'OPN_E', 'EMB_O', 'EMB_O', 'EMB_O', 'EMB_O', 'EMB_O', 'EMB_O', 'EMB_O', 'EMB_O', 'EMB_O', 'EMB_O', 'EMB_O', 'EMB_O', 'EMB_O', 'EMB_O', 'EMB_O', 'EMB_O', 'EMB_O', 'EMB_O', 'EMB_O', 'EMB_O', 'EMB_P', 'EMB_P', 'EMB_P', 'EMB_P', 'EMB_P', 'EMB_P', 'EMB_P', 'EMB_P', 'EMB_P', 'EMB_P', 'EMB_P', 'EMB_P', 'EMB_P', 'EMB_P', 'EMB_P', 'EMB_P', 'EMB_P', 'EMB_P', 'EMB_P', 'EMB_P', 'EMB_P', 'EMB_P', 'EMB_P', 'EMB_P', 'EMB_P', 'EMB_P', 'EMB_P', 'EMB_P', 'EMB_P', 'EMB_P', 'EMB_P', 'EMB_P', 'EMB_P', 'EMB_P', 'EMB_P', 'EMB_P', 'EMB_P', 'EMB_P', 'EMB_P', 'EMB_P', 'EMB_P', 'EMB_P', 'EMB_P', 'EMB_P', 'EMB_P', 'EMB_P', 'EMB_P', 'EMB_P', 'EMB_P', 'EMB_P', 'EMB_P', 'EMB_P', 'EMB_P', 'EMB_P', 'EMB_P', 'EMB_P', 'EMB_P', 'EMB_P', 'EMB_P', 'EMB_P', 'EMB_P', 'EMB_P', 'EMB_P', 'EMB_P', 'EMB_P', 'EMB_P', 'EMB_P', 'EMB_P', 'EMB_P', 'EMB_P', 'EMB_P', 'EMB_P', 'EMB_P', 'EMB_P', 'EMB_P', 'EMB_P', 'EMB_P', 'EMB_P', 'EMB_P', 'EMB_P', 'EMB_P', 'EMB_P', 'EMB_P', 'EMB_P', 'EMB_P', 'EMB_P', 'EMB_P', 'EMB_P', 'EMB_P', 'EMB_P', 'EMB_P', 'EMB_P', 'EMB_P', 'EMB_P', 'EMB_P', 'EMB_P', 'EMB_P', 'EMB_P', 'EMB_P', 'EMB_P', 'EMB_P', 'EMB_P']"
188,r11,interesting,laptop_quad_dev_166,this is where the r11 gets interesting .,7.1,7.0,"['EMB_O', 'EMB_O', 'EMB_O', 'EMB_O', 'EMB_O', 'ASP_B', 'ASP_E', 'EMB_O', 'EMB_O', 'EMB_O', 'EMB_O', 'EMB_P', 'EMB_P', 'EMB_P', 'EMB_P', 'EMB_P', 'EMB_P', 'EMB_P', 'EMB_P', 'EMB_P', 'EMB_P', 'EMB_P', 'EMB_P', 'EMB_P', 'EMB_P', 'EMB_P', 'EMB_P', 'EMB_P', 'EMB_P', 'EMB_P', 'EMB_P', 'EMB_P', 'EMB_P', 'EMB_P', 'EMB_P', 'EMB_P', 'EMB_P', 'EMB_P', 'EMB_P', 'EMB_P', 'EMB_P', 'EMB_P', 'EMB_P', 'EMB_P', 'EMB_P', 'EMB_P', 'EMB_P', 'EMB_P', 'EMB_P', 'EMB_P', 'EMB_P', 'EMB_P', 'EMB_P', 'EMB_P', 'EMB_P', 'EMB_P', 'EMB_P', 'EMB_P', 'EMB_P', 'EMB_P', 'EMB_P', 'EMB_P', 'EMB_P', 'EMB_P', 'EMB_P', 'EMB_P', 'EMB_P', 'EMB_P', 'EMB_P', 'EMB_P', 'EMB_P', 'EMB_P', 'EMB_P', 'EMB_P', 'EMB_P', 'EMB_P', 'EMB_P', 'EMB_P', 'EMB_P', 'EMB_P', 'EMB_P', 'EMB_P', 'EMB_P', 'EMB_P', 'EMB_P', 'EMB_P', 'EMB_P', 'EMB_P', 'EMB_P', 'EMB_P', 'EMB_P', 'EMB_P', 'EMB_P', 'EMB_P', 'EMB_P', 'EMB_P', 'EMB_P', 'EMB_P', 'EMB_P', 'EMB_P', 'EMB_P', 'EMB_P', 'EMB_P', 'EMB_P', 'EMB_P', 'EMB_P', 'EMB_P', 'EMB_P', 'EMB_P', 'EMB_P', 'EMB_P', 'EMB_P', 'EMB_P', 'EMB_P', 'EMB_P', 'EMB_P', 'EMB_P', 'EMB_P', 'EMB_P', 'EMB_P', 'EMB_P', 'EMB_P', 'EMB_P', 'EMB_P', 'EMB_P', 'EMB_P', 'EMB_P', 'EMB_P']","['EMB_O', 'EMB_O', 'EMB_O', 'EMB_O', 'EMB_O', 'EMB_O', 'EMB_O', 'EMB_O', 'OPN_S', 'EMB_O', 'EMB_O', 'EMB_P', 'EMB_P', 'EMB_P', 'EMB_P', 'EMB_P', 'EMB_P', 'EMB_P', 'EMB_P', 'EMB_P', 'EMB_P', 'EMB_P', 'EMB_P', 'EMB_P', 'EMB_P', 'EMB_P', 'EMB_P', 'EMB_P', 'EMB_P', 'EMB_P', 'EMB_P', 'EMB_P', 'EMB_P', 'EMB_P', 'EMB_P', 'EMB_P', 'EMB_P', 'EMB_P', 'EMB_P', 'EMB_P', 'EMB_P', 'EMB_P', 'EMB_P', 'EMB_P', 'EMB_P', 'EMB_P', 'EMB_P', 'EMB_P', 'EMB_P', 'EMB_P', 'EMB_P', 'EMB_P', 'EMB_P', 'EMB_P', 'EMB_P', 'EMB_P', 'EMB_P', 'EMB_P', 'EMB_P', 'EMB_P', 'EMB_P', 'EMB_P', 'EMB_P', 'EMB_P', 'EMB_P', 'EMB_P', 'EMB_P', 'EMB_P', 'EMB_P', 'EMB_P', 'EMB_P', 'EMB_P', 'EMB_P', 'EMB_P', 'EMB_P', 'EMB_P', 'EMB_P', 'EMB_P', 'EMB_P', 'EMB_P', 'EMB_P', 'EMB_P', 'EMB_P', 'EMB_P', 'EMB_P', 'EMB_P', 'EMB_P', 'EMB_P', 'EMB_P', 'EMB_P', 'EMB_P', 'EMB_P', 'EMB_P', 'EMB_P', 'EMB_P', 'EMB_P', 'EMB_P', 'EMB_P', 'EMB_P', 'EMB_P', 'EMB_P', 'EMB_P', 'EMB_P', 'EMB_P', 'EMB_P', 'EMB_P', 'EMB_P', 'EMB_P', 'EMB_P', 'EMB_P', 'EMB_P', 'EMB_P', 'EMB_P', 'EMB_P', 'EMB_P', 'EMB_P', 'EMB_P', 'EMB_P', 'EMB_P', 'EMB_P', 'EMB_P', 'EMB_P', 'EMB_P', 'EMB_P', 'EMB_P', 'EMB_P', 'EMB_P', 'EMB_P']"
189,screen,NULL,laptop_quad_dev_167,i have not had any freezing or screen flashing issues .,6.38,6.12,"['EMB_O', 'EMB_O', 'EMB_O', 'EMB_O', 'EMB_O', 'EMB_O', 'EMB_O', 'EMB_O', 'EMB_O', 'ASP_S', 'EMB_O', 'EMB_O', 'EMB_O', 'EMB_O', 'EMB_O', 'EMB_P', 'EMB_P', 'EMB_P', 'EMB_P', 'EMB_P', 'EMB_P', 'EMB_P', 'EMB_P', 'EMB_P', 'EMB_P', 'EMB_P', 'EMB_P', 'EMB_P', 'EMB_P', 'EMB_P', 'EMB_P', 'EMB_P', 'EMB_P', 'EMB_P', 'EMB_P', 'EMB_P', 'EMB_P', 'EMB_P', 'EMB_P', 'EMB_P', 'EMB_P', 'EMB_P', 'EMB_P', 'EMB_P', 'EMB_P', 'EMB_P', 'EMB_P', 'EMB_P', 'EMB_P', 'EMB_P', 'EMB_P', 'EMB_P', 'EMB_P', 'EMB_P', 'EMB_P', 'EMB_P', 'EMB_P', 'EMB_P', 'EMB_P', 'EMB_P', 'EMB_P', 'EMB_P', 'EMB_P', 'EMB_P', 'EMB_P', 'EMB_P', 'EMB_P', 'EMB_P', 'EMB_P', 'EMB_P', 'EMB_P', 'EMB_P', 'EMB_P', 'EMB_P', 'EMB_P', 'EMB_P', 'EMB_P', 'EMB_P', 'EMB_P', 'EMB_P', 'EMB_P', 'EMB_P', 'EMB_P', 'EMB_P', 'EMB_P', 'EMB_P', 'EMB_P', 'EMB_P', 'EMB_P', 'EMB_P', 'EMB_P', 'EMB_P', 'EMB_P', 'EMB_P', 'EMB_P', 'EMB_P', 'EMB_P', 'EMB_P', 'EMB_P', 'EMB_P', 'EMB_P', 'EMB_P', 'EMB_P', 'EMB_P', 'EMB_P', 'EMB_P', 'EMB_P', 'EMB_P', 'EMB_P', 'EMB_P', 'EMB_P', 'EMB_P', 'EMB_P', 'EMB_P', 'EMB_P', 'EMB_P', 'EMB_P', 'EMB_P', 'EMB_P', 'EMB_P', 'EMB_P', 'EMB_P', 'EMB_P', 'EMB_P', 'EMB_P', 'EMB_P', 'EMB_P', 'EMB_P']","['EMB_O', 'EMB_O', 'EMB_O', 'EMB_O', 'EMB_O', 'EMB_O', 'EMB_O', 'EMB_O', 'EMB_O', 'EMB_O', 'EMB_O', 'EMB_O', 'EMB_O', 'EMB_O', 'EMB_O', 'EMB_P', 'EMB_P', 'EMB_P', 'EMB_P', 'EMB_P', 'EMB_P', 'EMB_P', 'EMB_P', 'EMB_P', 'EMB_P', 'EMB_P', 'EMB_P', 'EMB_P', 'EMB_P', 'EMB_P', 'EMB_P', 'EMB_P', 'EMB_P', 'EMB_P', 'EMB_P', 'EMB_P', 'EMB_P', 'EMB_P', 'EMB_P', 'EMB_P', 'EMB_P', 'EMB_P', 'EMB_P', 'EMB_P', 'EMB_P', 'EMB_P', 'EMB_P', 'EMB_P', 'EMB_P', 'EMB_P', 'EMB_P', 'EMB_P', 'EMB_P', 'EMB_P', 'EMB_P', 'EMB_P', 'EMB_P', 'EMB_P', 'EMB_P', 'EMB_P', 'EMB_P', 'EMB_P', 'EMB_P', 'EMB_P', 'EMB_P', 'EMB_P', 'EMB_P', 'EMB_P', 'EMB_P', 'EMB_P', 'EMB_P', 'EMB_P', 'EMB_P', 'EMB_P', 'EMB_P', 'EMB_P', 'EMB_P', 'EMB_P', 'EMB_P', 'EMB_P', 'EMB_P', 'EMB_P', 'EMB_P', 'EMB_P', 'EMB_P', 'EMB_P', 'EMB_P', 'EMB_P', 'EMB_P', 'EMB_P', 'EMB_P', 'EMB_P', 'EMB_P', 'EMB_P', 'EMB_P', 'EMB_P', 'EMB_P', 'EMB_P', 'EMB_P', 'EMB_P', 'EMB_P', 'EMB_P', 'EMB_P', 'EMB_P', 'EMB_P', 'EMB_P', 'EMB_P', 'EMB_P', 'EMB_P', 'EMB_P', 'EMB_P', 'EMB_P', 'EMB_P', 'EMB_P', 'EMB_P', 'EMB_P', 'EMB_P', 'EMB_P', 'EMB_P', 'EMB_P', 'EMB_P', 'EMB_P', 'EMB_P', 'EMB_P', 'EMB_P', 'EMB_P', 'EMB_P', 'EMB_P']"
190,NULL,good,laptop_quad_dev_168,i guess i got one of the good ones as i have had no trouble at all .,6.88,6.88,"['EMB_O', 'EMB_O', 'EMB_O', 'EMB_O', 'EMB_O', 'EMB_O', 'EMB_O', 'EMB_O', 'EMB_O', 'EMB_O', 'EMB_O', 'EMB_O', 'EMB_O', 'EMB_O', 'EMB_O', 'EMB_O', 'EMB_O', 'EMB_O', 'EMB_O', 'EMB_O', 'EMB_O', 'EMB_P', 'EMB_P', 'EMB_P', 'EMB_P', 'EMB_P', 'EMB_P', 'EMB_P', 'EMB_P', 'EMB_P', 'EMB_P', 'EMB_P', 'EMB_P', 'EMB_P', 'EMB_P', 'EMB_P', 'EMB_P', 'EMB_P', 'EMB_P', 'EMB_P', 'EMB_P', 'EMB_P', 'EMB_P', 'EMB_P', 'EMB_P', 'EMB_P', 'EMB_P', 'EMB_P', 'EMB_P', 'EMB_P', 'EMB_P', 'EMB_P', 'EMB_P', 'EMB_P', 'EMB_P', 'EMB_P', 'EMB_P', 'EMB_P', 'EMB_P', 'EMB_P', 'EMB_P', 'EMB_P', 'EMB_P', 'EMB_P', 'EMB_P', 'EMB_P', 'EMB_P', 'EMB_P', 'EMB_P', 'EMB_P', 'EMB_P', 'EMB_P', 'EMB_P', 'EMB_P', 'EMB_P', 'EMB_P', 'EMB_P', 'EMB_P', 'EMB_P', 'EMB_P', 'EMB_P', 'EMB_P', 'EMB_P', 'EMB_P', 'EMB_P', 'EMB_P', 'EMB_P', 'EMB_P', 'EMB_P', 'EMB_P', 'EMB_P', 'EMB_P', 'EMB_P', 'EMB_P', 'EMB_P', 'EMB_P', 'EMB_P', 'EMB_P', 'EMB_P', 'EMB_P', 'EMB_P', 'EMB_P', 'EMB_P', 'EMB_P', 'EMB_P', 'EMB_P', 'EMB_P', 'EMB_P', 'EMB_P', 'EMB_P', 'EMB_P', 'EMB_P', 'EMB_P', 'EMB_P', 'EMB_P', 'EMB_P', 'EMB_P', 'EMB_P', 'EMB_P', 'EMB_P', 'EMB_P', 'EMB_P', 'EMB_P', 'EMB_P', 'EMB_P', 'EMB_P', 'EMB_P', 'EMB_P']","['EMB_O', 'EMB_O', 'EMB_O', 'EMB_O', 'EMB_O', 'EMB_O', 'EMB_O', 'EMB_O', 'EMB_O', 'OPN_S', 'EMB_O', 'EMB_O', 'EMB_O', 'EMB_O', 'EMB_O', 'EMB_O', 'EMB_O', 'EMB_O', 'EMB_O', 'EMB_O', 'EMB_O', 'EMB_P', 'EMB_P', 'EMB_P', 'EMB_P', 'EMB_P', 'EMB_P', 'EMB_P', 'EMB_P', 'EMB_P', 'EMB_P', 'EMB_P', 'EMB_P', 'EMB_P', 'EMB_P', 'EMB_P', 'EMB_P', 'EMB_P', 'EMB_P', 'EMB_P', 'EMB_P', 'EMB_P', 'EMB_P', 'EMB_P', 'EMB_P', 'EMB_P', 'EMB_P', 'EMB_P', 'EMB_P', 'EMB_P', 'EMB_P', 'EMB_P', 'EMB_P', 'EMB_P', 'EMB_P', 'EMB_P', 'EMB_P', 'EMB_P', 'EMB_P', 'EMB_P', 'EMB_P', 'EMB_P', 'EMB_P', 'EMB_P', 'EMB_P', 'EMB_P', 'EMB_P', 'EMB_P', 'EMB_P', 'EMB_P', 'EMB_P', 'EMB_P', 'EMB_P', 'EMB_P', 'EMB_P', 'EMB_P', 'EMB_P', 'EMB_P', 'EMB_P', 'EMB_P', 'EMB_P', 'EMB_P', 'EMB_P', 'EMB_P', 'EMB_P', 'EMB_P', 'EMB_P', 'EMB_P', 'EMB_P', 'EMB_P', 'EMB_P', 'EMB_P', 'EMB_P', 'EMB_P', 'EMB_P', 'EMB_P', 'EMB_P', 'EMB_P', 'EMB_P', 'EMB_P', 'EMB_P', 'EMB_P', 'EMB_P', 'EMB_P', 'EMB_P', 'EMB_P', 'EMB_P', 'EMB_P', 'EMB_P', 'EMB_P', 'EMB_P', 'EMB_P', 'EMB_P', 'EMB_P', 'EMB_P', 'EMB_P', 'EMB_P', 'EMB_P', 'EMB_P', 'EMB_P', 'EMB_P', 'EMB_P', 'EMB_P', 'EMB_P', 'EMB_P', 'EMB_P', 'EMB_P', 'EMB_P']"
191,google apps,NULL,laptop_quad_dev_169,"did i mention , i can access all my word , excel , and powerpoint files using the google apps .",5.25,5.25,"['EMB_O', 'EMB_O', 'EMB_O', 'EMB_O', 'EMB_O', 'EMB_O', 'EMB_O', 'EMB_O', 'EMB_O', 'EMB_O', 'EMB_O', 'EMB_O', 'EMB_O', 'EMB_O', 'EMB_O', 'EMB_O', 'EMB_O', 'EMB_O', 'EMB_O', 'EMB_O', 'EMB_O', 'ASP_B', 'ASP_I', 'ASP_E', 'EMB_O', 'EMB_O', 'EMB_P', 'EMB_P', 'EMB_P', 'EMB_P', 'EMB_P', 'EMB_P', 'EMB_P', 'EMB_P', 'EMB_P', 'EMB_P', 'EMB_P', 'EMB_P', 'EMB_P', 'EMB_P', 'EMB_P', 'EMB_P', 'EMB_P', 'EMB_P', 'EMB_P', 'EMB_P', 'EMB_P', 'EMB_P', 'EMB_P', 'EMB_P', 'EMB_P', 'EMB_P', 'EMB_P', 'EMB_P', 'EMB_P', 'EMB_P', 'EMB_P', 'EMB_P', 'EMB_P', 'EMB_P', 'EMB_P', 'EMB_P', 'EMB_P', 'EMB_P', 'EMB_P', 'EMB_P', 'EMB_P', 'EMB_P', 'EMB_P', 'EMB_P', 'EMB_P', 'EMB_P', 'EMB_P', 'EMB_P', 'EMB_P', 'EMB_P', 'EMB_P', 'EMB_P', 'EMB_P', 'EMB_P', 'EMB_P', 'EMB_P', 'EMB_P', 'EMB_P', 'EMB_P', 'EMB_P', 'EMB_P', 'EMB_P', 'EMB_P', 'EMB_P', 'EMB_P', 'EMB_P', 'EMB_P', 'EMB_P', 'EMB_P', 'EMB_P', 'EMB_P', 'EMB_P', 'EMB_P', 'EMB_P', 'EMB_P', 'EMB_P', 'EMB_P', 'EMB_P', 'EMB_P', 'EMB_P', 'EMB_P', 'EMB_P', 'EMB_P', 'EMB_P', 'EMB_P', 'EMB_P', 'EMB_P', 'EMB_P', 'EMB_P', 'EMB_P', 'EMB_P', 'EMB_P', 'EMB_P', 'EMB_P', 'EMB_P', 'EMB_P', 'EMB_P', 'EMB_P', 'EMB_P', 'EMB_P', 'EMB_P', 'EMB_P']","['EMB_O', 'EMB_O', 'EMB_O', 'EMB_O', 'EMB_O', 'EMB_O', 'EMB_O', 'EMB_O', 'EMB_O', 'EMB_O', 'EMB_O', 'EMB_O', 'EMB_O', 'EMB_O', 'EMB_O', 'EMB_O', 'EMB_O', 'EMB_O', 'EMB_O', 'EMB_O', 'EMB_O', 'EMB_O', 'EMB_O', 'EMB_O', 'EMB_O', 'EMB_O', 'EMB_P', 'EMB_P', 'EMB_P', 'EMB_P', 'EMB_P', 'EMB_P', 'EMB_P', 'EMB_P', 'EMB_P', 'EMB_P', 'EMB_P', 'EMB_P', 'EMB_P', 'EMB_P', 'EMB_P', 'EMB_P', 'EMB_P', 'EMB_P', 'EMB_P', 'EMB_P', 'EMB_P', 'EMB_P', 'EMB_P', 'EMB_P', 'EMB_P', 'EMB_P', 'EMB_P', 'EMB_P', 'EMB_P', 'EMB_P', 'EMB_P', 'EMB_P', 'EMB_P', 'EMB_P', 'EMB_P', 'EMB_P', 'EMB_P', 'EMB_P', 'EMB_P', 'EMB_P', 'EMB_P', 'EMB_P', 'EMB_P', 'EMB_P', 'EMB_P', 'EMB_P', 'EMB_P', 'EMB_P', 'EMB_P', 'EMB_P', 'EMB_P', 'EMB_P', 'EMB_P', 'EMB_P', 'EMB_P', 'EMB_P', 'EMB_P', 'EMB_P', 'EMB_P', 'EMB_P', 'EMB_P', 'EMB_P', 'EMB_P', 'EMB_P', 'EMB_P', 'EMB_P', 'EMB_P', 'EMB_P', 'EMB_P', 'EMB_P', 'EMB_P', 'EMB_P', 'EMB_P', 'EMB_P', 'EMB_P', 'EMB_P', 'EMB_P', 'EMB_P', 'EMB_P', 'EMB_P', 'EMB_P', 'EMB_P', 'EMB_P', 'EMB_P', 'EMB_P', 'EMB_P', 'EMB_P', 'EMB_P', 'EMB_P', 'EMB_P', 'EMB_P', 'EMB_P', 'EMB_P', 'EMB_P', 'EMB_P', 'EMB_P', 'EMB_P', 'EMB_P', 'EMB_P', 'EMB_P', 'EMB_P', 'EMB_P']"
192,NULL,well,laptop_quad_dev_170,i have had it about 4 days and have been checking out how well it runs my favorite android apps .,6.88,7.12,"['EMB_O', 'EMB_O', 'EMB_O', 'EMB_O', 'EMB_O', 'EMB_O', 'EMB_O', 'EMB_O', 'EMB_O', 'EMB_O', 'EMB_O', 'EMB_O', 'EMB_O', 'EMB_O', 'EMB_O', 'EMB_O', 'EMB_O', 'EMB_O', 'EMB_O', 'EMB_O', 'EMB_O', 'EMB_O', 'EMB_O', 'EMB_O', 'EMB_O', 'EMB_O', 'EMB_P', 'EMB_P', 'EMB_P', 'EMB_P', 'EMB_P', 'EMB_P', 'EMB_P', 'EMB_P', 'EMB_P', 'EMB_P', 'EMB_P', 'EMB_P', 'EMB_P', 'EMB_P', 'EMB_P', 'EMB_P', 'EMB_P', 'EMB_P', 'EMB_P', 'EMB_P', 'EMB_P', 'EMB_P', 'EMB_P', 'EMB_P', 'EMB_P', 'EMB_P', 'EMB_P', 'EMB_P', 'EMB_P', 'EMB_P', 'EMB_P', 'EMB_P', 'EMB_P', 'EMB_P', 'EMB_P', 'EMB_P', 'EMB_P', 'EMB_P', 'EMB_P', 'EMB_P', 'EMB_P', 'EMB_P', 'EMB_P', 'EMB_P', 'EMB_P', 'EMB_P', 'EMB_P', 'EMB_P', 'EMB_P', 'EMB_P', 'EMB_P', 'EMB_P', 'EMB_P', 'EMB_P', 'EMB_P', 'EMB_P', 'EMB_P', 'EMB_P', 'EMB_P', 'EMB_P', 'EMB_P', 'EMB_P', 'EMB_P', 'EMB_P', 'EMB_P', 'EMB_P', 'EMB_P', 'EMB_P', 'EMB_P', 'EMB_P', 'EMB_P', 'EMB_P', 'EMB_P', 'EMB_P', 'EMB_P', 'EMB_P', 'EMB_P', 'EMB_P', 'EMB_P', 'EMB_P', 'EMB_P', 'EMB_P', 'EMB_P', 'EMB_P', 'EMB_P', 'EMB_P', 'EMB_P', 'EMB_P', 'EMB_P', 'EMB_P', 'EMB_P', 'EMB_P', 'EMB_P', 'EMB_P', 'EMB_P', 'EMB_P', 'EMB_P', 'EMB_P', 'EMB_P', 'EMB_P', 'EMB_P', 'EMB_P']","['EMB_O', 'EMB_O', 'EMB_O', 'EMB_O', 'EMB_O', 'EMB_O', 'EMB_O', 'EMB_O', 'EMB_O', 'EMB_O', 'EMB_O', 'EMB_O', 'EMB_O', 'EMB_O', 'EMB_O', 'OPN_S', 'EMB_O', 'EMB_O', 'EMB_O', 'EMB_O', 'EMB_O', 'EMB_O', 'EMB_O', 'EMB_O', 'EMB_O', 'EMB_O', 'EMB_P', 'EMB_P', 'EMB_P', 'EMB_P', 'EMB_P', 'EMB_P', 'EMB_P', 'EMB_P', 'EMB_P', 'EMB_P', 'EMB_P', 'EMB_P', 'EMB_P', 'EMB_P', 'EMB_P', 'EMB_P', 'EMB_P', 'EMB_P', 'EMB_P', 'EMB_P', 'EMB_P', 'EMB_P', 'EMB_P', 'EMB_P', 'EMB_P', 'EMB_P', 'EMB_P', 'EMB_P', 'EMB_P', 'EMB_P', 'EMB_P', 'EMB_P', 'EMB_P', 'EMB_P', 'EMB_P', 'EMB_P', 'EMB_P', 'EMB_P', 'EMB_P', 'EMB_P', 'EMB_P', 'EMB_P', 'EMB_P', 'EMB_P', 'EMB_P', 'EMB_P', 'EMB_P', 'EMB_P', 'EMB_P', 'EMB_P', 'EMB_P', 'EMB_P', 'EMB_P', 'EMB_P', 'EMB_P', 'EMB_P', 'EMB_P', 'EMB_P', 'EMB_P', 'EMB_P', 'EMB_P', 'EMB_P', 'EMB_P', 'EMB_P', 'EMB_P', 'EMB_P', 'EMB_P', 'EMB_P', 'EMB_P', 'EMB_P', 'EMB_P', 'EMB_P', 'EMB_P', 'EMB_P', 'EMB_P', 'EMB_P', 'EMB_P', 'EMB_P', 'EMB_P', 'EMB_P', 'EMB_P', 'EMB_P', 'EMB_P', 'EMB_P', 'EMB_P', 'EMB_P', 'EMB_P', 'EMB_P', 'EMB_P', 'EMB_P', 'EMB_P', 'EMB_P', 'EMB_P', 'EMB_P', 'EMB_P', 'EMB_P', 'EMB_P', 'EMB_P', 'EMB_P', 'EMB_P', 'EMB_P', 'EMB_P']"
193,android apps,favorite,laptop_quad_dev_170,i have had it about 4 days and have been checking out how well it runs my favorite android apps .,7.25,7.38,"['EMB_O', 'EMB_O', 'EMB_O', 'EMB_O', 'EMB_O', 'EMB_O', 'EMB_O', 'EMB_O', 'EMB_O', 'EMB_O', 'EMB_O', 'EMB_O', 'EMB_O', 'EMB_O', 'EMB_O', 'EMB_O', 'EMB_O', 'EMB_O', 'EMB_O', 'EMB_O', 'ASP_B', 'ASP_I', 'ASP_I', 'ASP_E', 'EMB_O', 'EMB_O', 'EMB_P', 'EMB_P', 'EMB_P', 'EMB_P', 'EMB_P', 'EMB_P', 'EMB_P', 'EMB_P', 'EMB_P', 'EMB_P', 'EMB_P', 'EMB_P', 'EMB_P', 'EMB_P', 'EMB_P', 'EMB_P', 'EMB_P', 'EMB_P', 'EMB_P', 'EMB_P', 'EMB_P', 'EMB_P', 'EMB_P', 'EMB_P', 'EMB_P', 'EMB_P', 'EMB_P', 'EMB_P', 'EMB_P', 'EMB_P', 'EMB_P', 'EMB_P', 'EMB_P', 'EMB_P', 'EMB_P', 'EMB_P', 'EMB_P', 'EMB_P', 'EMB_P', 'EMB_P', 'EMB_P', 'EMB_P', 'EMB_P', 'EMB_P', 'EMB_P', 'EMB_P', 'EMB_P', 'EMB_P', 'EMB_P', 'EMB_P', 'EMB_P', 'EMB_P', 'EMB_P', 'EMB_P', 'EMB_P', 'EMB_P', 'EMB_P', 'EMB_P', 'EMB_P', 'EMB_P', 'EMB_P', 'EMB_P', 'EMB_P', 'EMB_P', 'EMB_P', 'EMB_P', 'EMB_P', 'EMB_P', 'EMB_P', 'EMB_P', 'EMB_P', 'EMB_P', 'EMB_P', 'EMB_P', 'EMB_P', 'EMB_P', 'EMB_P', 'EMB_P', 'EMB_P', 'EMB_P', 'EMB_P', 'EMB_P', 'EMB_P', 'EMB_P', 'EMB_P', 'EMB_P', 'EMB_P', 'EMB_P', 'EMB_P', 'EMB_P', 'EMB_P', 'EMB_P', 'EMB_P', 'EMB_P', 'EMB_P', 'EMB_P', 'EMB_P', 'EMB_P', 'EMB_P', 'EMB_P', 'EMB_P', 'EMB_P']","['EMB_O', 'EMB_O', 'EMB_O', 'EMB_O', 'EMB_O', 'EMB_O', 'EMB_O', 'EMB_O', 'EMB_O', 'EMB_O', 'EMB_O', 'EMB_O', 'EMB_O', 'EMB_O', 'EMB_O', 'EMB_O', 'EMB_O', 'EMB_O', 'EMB_O', 'OPN_S', 'EMB_O', 'EMB_O', 'EMB_O', 'EMB_O', 'EMB_O', 'EMB_O', 'EMB_P', 'EMB_P', 'EMB_P', 'EMB_P', 'EMB_P', 'EMB_P', 'EMB_P', 'EMB_P', 'EMB_P', 'EMB_P', 'EMB_P', 'EMB_P', 'EMB_P', 'EMB_P', 'EMB_P', 'EMB_P', 'EMB_P', 'EMB_P', 'EMB_P', 'EMB_P', 'EMB_P', 'EMB_P', 'EMB_P', 'EMB_P', 'EMB_P', 'EMB_P', 'EMB_P', 'EMB_P', 'EMB_P', 'EMB_P', 'EMB_P', 'EMB_P', 'EMB_P', 'EMB_P', 'EMB_P', 'EMB_P', 'EMB_P', 'EMB_P', 'EMB_P', 'EMB_P', 'EMB_P', 'EMB_P', 'EMB_P', 'EMB_P', 'EMB_P', 'EMB_P', 'EMB_P', 'EMB_P', 'EMB_P', 'EMB_P', 'EMB_P', 'EMB_P', 'EMB_P', 'EMB_P', 'EMB_P', 'EMB_P', 'EMB_P', 'EMB_P', 'EMB_P', 'EMB_P', 'EMB_P', 'EMB_P', 'EMB_P', 'EMB_P', 'EMB_P', 'EMB_P', 'EMB_P', 'EMB_P', 'EMB_P', 'EMB_P', 'EMB_P', 'EMB_P', 'EMB_P', 'EMB_P', 'EMB_P', 'EMB_P', 'EMB_P', 'EMB_P', 'EMB_P', 'EMB_P', 'EMB_P', 'EMB_P', 'EMB_P', 'EMB_P', 'EMB_P', 'EMB_P', 'EMB_P', 'EMB_P', 'EMB_P', 'EMB_P', 'EMB_P', 'EMB_P', 'EMB_P', 'EMB_P', 'EMB_P', 'EMB_P', 'EMB_P', 'EMB_P', 'EMB_P', 'EMB_P', 'EMB_P', 'EMB_P']"
194,computer,unusable,laptop_quad_dev_171,"unfortunately , this particular computer is 100 % unusable after only 2 years and 2 weeks .",2.25,7.5,"['EMB_O', 'EMB_O', 'EMB_O', 'EMB_O', 'EMB_O', 'EMB_O', 'EMB_O', 'EMB_O', 'ASP_S', 'EMB_O', 'EMB_O', 'EMB_O', 'EMB_O', 'EMB_O', 'EMB_O', 'EMB_O', 'EMB_O', 'EMB_O', 'EMB_O', 'EMB_O', 'EMB_O', 'EMB_O', 'EMB_O', 'EMB_O', 'EMB_P', 'EMB_P', 'EMB_P', 'EMB_P', 'EMB_P', 'EMB_P', 'EMB_P', 'EMB_P', 'EMB_P', 'EMB_P', 'EMB_P', 'EMB_P', 'EMB_P', 'EMB_P', 'EMB_P', 'EMB_P', 'EMB_P', 'EMB_P', 'EMB_P', 'EMB_P', 'EMB_P', 'EMB_P', 'EMB_P', 'EMB_P', 'EMB_P', 'EMB_P', 'EMB_P', 'EMB_P', 'EMB_P', 'EMB_P', 'EMB_P', 'EMB_P', 'EMB_P', 'EMB_P', 'EMB_P', 'EMB_P', 'EMB_P', 'EMB_P', 'EMB_P', 'EMB_P', 'EMB_P', 'EMB_P', 'EMB_P', 'EMB_P', 'EMB_P', 'EMB_P', 'EMB_P', 'EMB_P', 'EMB_P', 'EMB_P', 'EMB_P', 'EMB_P', 'EMB_P', 'EMB_P', 'EMB_P', 'EMB_P', 'EMB_P', 'EMB_P', 'EMB_P', 'EMB_P', 'EMB_P', 'EMB_P', 'EMB_P', 'EMB_P', 'EMB_P', 'EMB_P', 'EMB_P', 'EMB_P', 'EMB_P', 'EMB_P', 'EMB_P', 'EMB_P', 'EMB_P', 'EMB_P', 'EMB_P', 'EMB_P', 'EMB_P', 'EMB_P', 'EMB_P', 'EMB_P', 'EMB_P', 'EMB_P', 'EMB_P', 'EMB_P', 'EMB_P', 'EMB_P', 'EMB_P', 'EMB_P', 'EMB_P', 'EMB_P', 'EMB_P', 'EMB_P', 'EMB_P', 'EMB_P', 'EMB_P', 'EMB_P', 'EMB_P', 'EMB_P', 'EMB_P', 'EMB_P', 'EMB_P', 'EMB_P', 'EMB_P', 'EMB_P']","['EMB_O', 'EMB_O', 'EMB_O', 'EMB_O', 'EMB_O', 'EMB_O', 'EMB_O', 'EMB_O', 'EMB_O', 'EMB_O', 'EMB_O', 'EMB_O', 'OPN_B', 'OPN_I', 'OPN_E', 'EMB_O', 'EMB_O', 'EMB_O', 'EMB_O', 'EMB_O', 'EMB_O', 'EMB_O', 'EMB_O', 'EMB_O', 'EMB_P', 'EMB_P', 'EMB_P', 'EMB_P', 'EMB_P', 'EMB_P', 'EMB_P', 'EMB_P', 'EMB_P', 'EMB_P', 'EMB_P', 'EMB_P', 'EMB_P', 'EMB_P', 'EMB_P', 'EMB_P', 'EMB_P', 'EMB_P', 'EMB_P', 'EMB_P', 'EMB_P', 'EMB_P', 'EMB_P', 'EMB_P', 'EMB_P', 'EMB_P', 'EMB_P', 'EMB_P', 'EMB_P', 'EMB_P', 'EMB_P', 'EMB_P', 'EMB_P', 'EMB_P', 'EMB_P', 'EMB_P', 'EMB_P', 'EMB_P', 'EMB_P', 'EMB_P', 'EMB_P', 'EMB_P', 'EMB_P', 'EMB_P', 'EMB_P', 'EMB_P', 'EMB_P', 'EMB_P', 'EMB_P', 'EMB_P', 'EMB_P', 'EMB_P', 'EMB_P', 'EMB_P', 'EMB_P', 'EMB_P', 'EMB_P', 'EMB_P', 'EMB_P', 'EMB_P', 'EMB_P', 'EMB_P', 'EMB_P', 'EMB_P', 'EMB_P', 'EMB_P', 'EMB_P', 'EMB_P', 'EMB_P', 'EMB_P', 'EMB_P', 'EMB_P', 'EMB_P', 'EMB_P', 'EMB_P', 'EMB_P', 'EMB_P', 'EMB_P', 'EMB_P', 'EMB_P', 'EMB_P', 'EMB_P', 'EMB_P', 'EMB_P', 'EMB_P', 'EMB_P', 'EMB_P', 'EMB_P', 'EMB_P', 'EMB_P', 'EMB_P', 'EMB_P', 'EMB_P', 'EMB_P', 'EMB_P', 'EMB_P', 'EMB_P', 'EMB_P', 'EMB_P', 'EMB_P', 'EMB_P', 'EMB_P', 'EMB_P', 'EMB_P']"
195,design,timeless,laptop_quad_dev_172,it is a timeless design and a very respectable screen .,7.67,7.83,"['EMB_O', 'EMB_O', 'EMB_O', 'EMB_O', 'EMB_O', 'EMB_O', 'ASP_S', 'EMB_O', 'EMB_O', 'EMB_O', 'EMB_O', 'EMB_O', 'EMB_O', 'EMB_O', 'EMB_O', 'EMB_P', 'EMB_P', 'EMB_P', 'EMB_P', 'EMB_P', 'EMB_P', 'EMB_P', 'EMB_P', 'EMB_P', 'EMB_P', 'EMB_P', 'EMB_P', 'EMB_P', 'EMB_P', 'EMB_P', 'EMB_P', 'EMB_P', 'EMB_P', 'EMB_P', 'EMB_P', 'EMB_P', 'EMB_P', 'EMB_P', 'EMB_P', 'EMB_P', 'EMB_P', 'EMB_P', 'EMB_P', 'EMB_P', 'EMB_P', 'EMB_P', 'EMB_P', 'EMB_P', 'EMB_P', 'EMB_P', 'EMB_P', 'EMB_P', 'EMB_P', 'EMB_P', 'EMB_P', 'EMB_P', 'EMB_P', 'EMB_P', 'EMB_P', 'EMB_P', 'EMB_P', 'EMB_P', 'EMB_P', 'EMB_P', 'EMB_P', 'EMB_P', 'EMB_P', 'EMB_P', 'EMB_P', 'EMB_P', 'EMB_P', 'EMB_P', 'EMB_P', 'EMB_P', 'EMB_P', 'EMB_P', 'EMB_P', 'EMB_P', 'EMB_P', 'EMB_P', 'EMB_P', 'EMB_P', 'EMB_P', 'EMB_P', 'EMB_P', 'EMB_P', 'EMB_P', 'EMB_P', 'EMB_P', 'EMB_P', 'EMB_P', 'EMB_P', 'EMB_P', 'EMB_P', 'EMB_P', 'EMB_P', 'EMB_P', 'EMB_P', 'EMB_P', 'EMB_P', 'EMB_P', 'EMB_P', 'EMB_P', 'EMB_P', 'EMB_P', 'EMB_P', 'EMB_P', 'EMB_P', 'EMB_P', 'EMB_P', 'EMB_P', 'EMB_P', 'EMB_P', 'EMB_P', 'EMB_P', 'EMB_P', 'EMB_P', 'EMB_P', 'EMB_P', 'EMB_P', 'EMB_P', 'EMB_P', 'EMB_P', 'EMB_P', 'EMB_P', 'EMB_P', 'EMB_P', 'EMB_P']","['EMB_O', 'EMB_O', 'EMB_O', 'EMB_O', 'OPN_B', 'OPN_E', 'EMB_O', 'EMB_O', 'EMB_O', 'EMB_O', 'EMB_O', 'EMB_O', 'EMB_O', 'EMB_O', 'EMB_O', 'EMB_P', 'EMB_P', 'EMB_P', 'EMB_P', 'EMB_P', 'EMB_P', 'EMB_P', 'EMB_P', 'EMB_P', 'EMB_P', 'EMB_P', 'EMB_P', 'EMB_P', 'EMB_P', 'EMB_P', 'EMB_P', 'EMB_P', 'EMB_P', 'EMB_P', 'EMB_P', 'EMB_P', 'EMB_P', 'EMB_P', 'EMB_P', 'EMB_P', 'EMB_P', 'EMB_P', 'EMB_P', 'EMB_P', 'EMB_P', 'EMB_P', 'EMB_P', 'EMB_P', 'EMB_P', 'EMB_P', 'EMB_P', 'EMB_P', 'EMB_P', 'EMB_P', 'EMB_P', 'EMB_P', 'EMB_P', 'EMB_P', 'EMB_P', 'EMB_P', 'EMB_P', 'EMB_P', 'EMB_P', 'EMB_P', 'EMB_P', 'EMB_P', 'EMB_P', 'EMB_P', 'EMB_P', 'EMB_P', 'EMB_P', 'EMB_P', 'EMB_P', 'EMB_P', 'EMB_P', 'EMB_P', 'EMB_P', 'EMB_P', 'EMB_P', 'EMB_P', 'EMB_P', 'EMB_P', 'EMB_P', 'EMB_P', 'EMB_P', 'EMB_P', 'EMB_P', 'EMB_P', 'EMB_P', 'EMB_P', 'EMB_P', 'EMB_P', 'EMB_P', 'EMB_P', 'EMB_P', 'EMB_P', 'EMB_P', 'EMB_P', 'EMB_P', 'EMB_P', 'EMB_P', 'EMB_P', 'EMB_P', 'EMB_P', 'EMB_P', 'EMB_P', 'EMB_P', 'EMB_P', 'EMB_P', 'EMB_P', 'EMB_P', 'EMB_P', 'EMB_P', 'EMB_P', 'EMB_P', 'EMB_P', 'EMB_P', 'EMB_P', 'EMB_P', 'EMB_P', 'EMB_P', 'EMB_P', 'EMB_P', 'EMB_P', 'EMB_P', 'EMB_P', 'EMB_P', 'EMB_P']"
196,screen,very respectable,laptop_quad_dev_172,it is a timeless design and a very respectable screen .,7.83,8.0,"['EMB_O', 'EMB_O', 'EMB_O', 'EMB_O', 'EMB_O', 'EMB_O', 'EMB_O', 'EMB_O', 'EMB_O', 'EMB_O', 'EMB_O', 'EMB_O', 'ASP_S', 'EMB_O', 'EMB_O', 'EMB_P', 'EMB_P', 'EMB_P', 'EMB_P', 'EMB_P', 'EMB_P', 'EMB_P', 'EMB_P', 'EMB_P', 'EMB_P', 'EMB_P', 'EMB_P', 'EMB_P', 'EMB_P', 'EMB_P', 'EMB_P', 'EMB_P', 'EMB_P', 'EMB_P', 'EMB_P', 'EMB_P', 'EMB_P', 'EMB_P', 'EMB_P', 'EMB_P', 'EMB_P', 'EMB_P', 'EMB_P', 'EMB_P', 'EMB_P', 'EMB_P', 'EMB_P', 'EMB_P', 'EMB_P', 'EMB_P', 'EMB_P', 'EMB_P', 'EMB_P', 'EMB_P', 'EMB_P', 'EMB_P', 'EMB_P', 'EMB_P', 'EMB_P', 'EMB_P', 'EMB_P', 'EMB_P', 'EMB_P', 'EMB_P', 'EMB_P', 'EMB_P', 'EMB_P', 'EMB_P', 'EMB_P', 'EMB_P', 'EMB_P', 'EMB_P', 'EMB_P', 'EMB_P', 'EMB_P', 'EMB_P', 'EMB_P', 'EMB_P', 'EMB_P', 'EMB_P', 'EMB_P', 'EMB_P', 'EMB_P', 'EMB_P', 'EMB_P', 'EMB_P', 'EMB_P', 'EMB_P', 'EMB_P', 'EMB_P', 'EMB_P', 'EMB_P', 'EMB_P', 'EMB_P', 'EMB_P', 'EMB_P', 'EMB_P', 'EMB_P', 'EMB_P', 'EMB_P', 'EMB_P', 'EMB_P', 'EMB_P', 'EMB_P', 'EMB_P', 'EMB_P', 'EMB_P', 'EMB_P', 'EMB_P', 'EMB_P', 'EMB_P', 'EMB_P', 'EMB_P', 'EMB_P', 'EMB_P', 'EMB_P', 'EMB_P', 'EMB_P', 'EMB_P', 'EMB_P', 'EMB_P', 'EMB_P', 'EMB_P', 'EMB_P', 'EMB_P', 'EMB_P', 'EMB_P', 'EMB_P']","['EMB_O', 'EMB_O', 'EMB_O', 'EMB_O', 'EMB_O', 'EMB_O', 'EMB_O', 'EMB_O', 'EMB_O', 'OPN_B', 'OPN_I', 'OPN_E', 'EMB_O', 'EMB_O', 'EMB_O', 'EMB_P', 'EMB_P', 'EMB_P', 'EMB_P', 'EMB_P', 'EMB_P', 'EMB_P', 'EMB_P', 'EMB_P', 'EMB_P', 'EMB_P', 'EMB_P', 'EMB_P', 'EMB_P', 'EMB_P', 'EMB_P', 'EMB_P', 'EMB_P', 'EMB_P', 'EMB_P', 'EMB_P', 'EMB_P', 'EMB_P', 'EMB_P', 'EMB_P', 'EMB_P', 'EMB_P', 'EMB_P', 'EMB_P', 'EMB_P', 'EMB_P', 'EMB_P', 'EMB_P', 'EMB_P', 'EMB_P', 'EMB_P', 'EMB_P', 'EMB_P', 'EMB_P', 'EMB_P', 'EMB_P', 'EMB_P', 'EMB_P', 'EMB_P', 'EMB_P', 'EMB_P', 'EMB_P', 'EMB_P', 'EMB_P', 'EMB_P', 'EMB_P', 'EMB_P', 'EMB_P', 'EMB_P', 'EMB_P', 'EMB_P', 'EMB_P', 'EMB_P', 'EMB_P', 'EMB_P', 'EMB_P', 'EMB_P', 'EMB_P', 'EMB_P', 'EMB_P', 'EMB_P', 'EMB_P', 'EMB_P', 'EMB_P', 'EMB_P', 'EMB_P', 'EMB_P', 'EMB_P', 'EMB_P', 'EMB_P', 'EMB_P', 'EMB_P', 'EMB_P', 'EMB_P', 'EMB_P', 'EMB_P', 'EMB_P', 'EMB_P', 'EMB_P', 'EMB_P', 'EMB_P', 'EMB_P', 'EMB_P', 'EMB_P', 'EMB_P', 'EMB_P', 'EMB_P', 'EMB_P', 'EMB_P', 'EMB_P', 'EMB_P', 'EMB_P', 'EMB_P', 'EMB_P', 'EMB_P', 'EMB_P', 'EMB_P', 'EMB_P', 'EMB_P', 'EMB_P', 'EMB_P', 'EMB_P', 'EMB_P', 'EMB_P', 'EMB_P', 'EMB_P', 'EMB_P', 'EMB_P']"
197,NULL,disappointed,laptop_quad_dev_173,i ' m disappointed with macbook pro 15 ” because sometimes charger macbook pro 15 ” running overheating !,2.83,7.17,"['EMB_O', 'EMB_O', 'EMB_O', 'EMB_O', 'EMB_O', 'EMB_O', 'EMB_O', 'EMB_O', 'EMB_O', 'EMB_O', 'EMB_O', 'EMB_O', 'EMB_O', 'EMB_O', 'EMB_O', 'EMB_O', 'EMB_O', 'EMB_O', 'EMB_O', 'EMB_O', 'EMB_O', 'EMB_O', 'EMB_O', 'EMB_O', 'EMB_O', 'EMB_O', 'EMB_O', 'EMB_O', 'EMB_P', 'EMB_P', 'EMB_P', 'EMB_P', 'EMB_P', 'EMB_P', 'EMB_P', 'EMB_P', 'EMB_P', 'EMB_P', 'EMB_P', 'EMB_P', 'EMB_P', 'EMB_P', 'EMB_P', 'EMB_P', 'EMB_P', 'EMB_P', 'EMB_P', 'EMB_P', 'EMB_P', 'EMB_P', 'EMB_P', 'EMB_P', 'EMB_P', 'EMB_P', 'EMB_P', 'EMB_P', 'EMB_P', 'EMB_P', 'EMB_P', 'EMB_P', 'EMB_P', 'EMB_P', 'EMB_P', 'EMB_P', 'EMB_P', 'EMB_P', 'EMB_P', 'EMB_P', 'EMB_P', 'EMB_P', 'EMB_P', 'EMB_P', 'EMB_P', 'EMB_P', 'EMB_P', 'EMB_P', 'EMB_P', 'EMB_P', 'EMB_P', 'EMB_P', 'EMB_P', 'EMB_P', 'EMB_P', 'EMB_P', 'EMB_P', 'EMB_P', 'EMB_P', 'EMB_P', 'EMB_P', 'EMB_P', 'EMB_P', 'EMB_P', 'EMB_P', 'EMB_P', 'EMB_P', 'EMB_P', 'EMB_P', 'EMB_P', 'EMB_P', 'EMB_P', 'EMB_P', 'EMB_P', 'EMB_P', 'EMB_P', 'EMB_P', 'EMB_P', 'EMB_P', 'EMB_P', 'EMB_P', 'EMB_P', 'EMB_P', 'EMB_P', 'EMB_P', 'EMB_P', 'EMB_P', 'EMB_P', 'EMB_P', 'EMB_P', 'EMB_P', 'EMB_P', 'EMB_P', 'EMB_P', 'EMB_P', 'EMB_P', 'EMB_P', 'EMB_P', 'EMB_P', 'EMB_P']","['EMB_O', 'EMB_O', 'EMB_O', 'EMB_O', 'OPN_B', 'OPN_I', 'OPN_E', 'EMB_O', 'EMB_O', 'EMB_O', 'EMB_O', 'EMB_O', 'EMB_O', 'EMB_O', 'EMB_O', 'EMB_O', 'EMB_O', 'EMB_O', 'EMB_O', 'EMB_O', 'EMB_O', 'EMB_O', 'EMB_O', 'EMB_O', 'EMB_O', 'EMB_O', 'EMB_O', 'EMB_O', 'EMB_P', 'EMB_P', 'EMB_P', 'EMB_P', 'EMB_P', 'EMB_P', 'EMB_P', 'EMB_P', 'EMB_P', 'EMB_P', 'EMB_P', 'EMB_P', 'EMB_P', 'EMB_P', 'EMB_P', 'EMB_P', 'EMB_P', 'EMB_P', 'EMB_P', 'EMB_P', 'EMB_P', 'EMB_P', 'EMB_P', 'EMB_P', 'EMB_P', 'EMB_P', 'EMB_P', 'EMB_P', 'EMB_P', 'EMB_P', 'EMB_P', 'EMB_P', 'EMB_P', 'EMB_P', 'EMB_P', 'EMB_P', 'EMB_P', 'EMB_P', 'EMB_P', 'EMB_P', 'EMB_P', 'EMB_P', 'EMB_P', 'EMB_P', 'EMB_P', 'EMB_P', 'EMB_P', 'EMB_P', 'EMB_P', 'EMB_P', 'EMB_P', 'EMB_P', 'EMB_P', 'EMB_P', 'EMB_P', 'EMB_P', 'EMB_P', 'EMB_P', 'EMB_P', 'EMB_P', 'EMB_P', 'EMB_P', 'EMB_P', 'EMB_P', 'EMB_P', 'EMB_P', 'EMB_P', 'EMB_P', 'EMB_P', 'EMB_P', 'EMB_P', 'EMB_P', 'EMB_P', 'EMB_P', 'EMB_P', 'EMB_P', 'EMB_P', 'EMB_P', 'EMB_P', 'EMB_P', 'EMB_P', 'EMB_P', 'EMB_P', 'EMB_P', 'EMB_P', 'EMB_P', 'EMB_P', 'EMB_P', 'EMB_P', 'EMB_P', 'EMB_P', 'EMB_P', 'EMB_P', 'EMB_P', 'EMB_P', 'EMB_P', 'EMB_P', 'EMB_P', 'EMB_P', 'EMB_P']"
198,hardware,high,laptop_quad_dev_174,"apple has always priced their hardware high , but you could always make an argument for the style , nice hardware and the unique osx experience .",7.0,7.5,"['EMB_O', 'EMB_O', 'EMB_O', 'EMB_O', 'EMB_O', 'EMB_O', 'EMB_O', 'EMB_O', 'ASP_S', 'EMB_O', 'EMB_O', 'EMB_O', 'EMB_O', 'EMB_O', 'EMB_O', 'EMB_O', 'EMB_O', 'EMB_O', 'EMB_O', 'EMB_O', 'EMB_O', 'EMB_O', 'EMB_O', 'EMB_O', 'EMB_O', 'EMB_O', 'EMB_O', 'EMB_O', 'EMB_O', 'EMB_O', 'EMB_O', 'EMB_O', 'EMB_O', 'EMB_P', 'EMB_P', 'EMB_P', 'EMB_P', 'EMB_P', 'EMB_P', 'EMB_P', 'EMB_P', 'EMB_P', 'EMB_P', 'EMB_P', 'EMB_P', 'EMB_P', 'EMB_P', 'EMB_P', 'EMB_P', 'EMB_P', 'EMB_P', 'EMB_P', 'EMB_P', 'EMB_P', 'EMB_P', 'EMB_P', 'EMB_P', 'EMB_P', 'EMB_P', 'EMB_P', 'EMB_P', 'EMB_P', 'EMB_P', 'EMB_P', 'EMB_P', 'EMB_P', 'EMB_P', 'EMB_P', 'EMB_P', 'EMB_P', 'EMB_P', 'EMB_P', 'EMB_P', 'EMB_P', 'EMB_P', 'EMB_P', 'EMB_P', 'EMB_P', 'EMB_P', 'EMB_P', 'EMB_P', 'EMB_P', 'EMB_P', 'EMB_P', 'EMB_P', 'EMB_P', 'EMB_P', 'EMB_P', 'EMB_P', 'EMB_P', 'EMB_P', 'EMB_P', 'EMB_P', 'EMB_P', 'EMB_P', 'EMB_P', 'EMB_P', 'EMB_P', 'EMB_P', 'EMB_P', 'EMB_P', 'EMB_P', 'EMB_P', 'EMB_P', 'EMB_P', 'EMB_P', 'EMB_P', 'EMB_P', 'EMB_P', 'EMB_P', 'EMB_P', 'EMB_P', 'EMB_P', 'EMB_P', 'EMB_P', 'EMB_P', 'EMB_P', 'EMB_P', 'EMB_P', 'EMB_P', 'EMB_P', 'EMB_P', 'EMB_P', 'EMB_P', 'EMB_P', 'EMB_P', 'EMB_P', 'EMB_P']","['EMB_O', 'EMB_O', 'EMB_O', 'EMB_O', 'EMB_O', 'EMB_O', 'EMB_O', 'EMB_O', 'EMB_O', 'OPN_S', 'EMB_O', 'EMB_O', 'EMB_O', 'EMB_O', 'EMB_O', 'EMB_O', 'EMB_O', 'EMB_O', 'EMB_O', 'EMB_O', 'EMB_O', 'EMB_O', 'EMB_O', 'EMB_O', 'EMB_O', 'EMB_O', 'EMB_O', 'EMB_O', 'EMB_O', 'EMB_O', 'EMB_O', 'EMB_O', 'EMB_O', 'EMB_P', 'EMB_P', 'EMB_P', 'EMB_P', 'EMB_P', 'EMB_P', 'EMB_P', 'EMB_P', 'EMB_P', 'EMB_P', 'EMB_P', 'EMB_P', 'EMB_P', 'EMB_P', 'EMB_P', 'EMB_P', 'EMB_P', 'EMB_P', 'EMB_P', 'EMB_P', 'EMB_P', 'EMB_P', 'EMB_P', 'EMB_P', 'EMB_P', 'EMB_P', 'EMB_P', 'EMB_P', 'EMB_P', 'EMB_P', 'EMB_P', 'EMB_P', 'EMB_P', 'EMB_P', 'EMB_P', 'EMB_P', 'EMB_P', 'EMB_P', 'EMB_P', 'EMB_P', 'EMB_P', 'EMB_P', 'EMB_P', 'EMB_P', 'EMB_P', 'EMB_P', 'EMB_P', 'EMB_P', 'EMB_P', 'EMB_P', 'EMB_P', 'EMB_P', 'EMB_P', 'EMB_P', 'EMB_P', 'EMB_P', 'EMB_P', 'EMB_P', 'EMB_P', 'EMB_P', 'EMB_P', 'EMB_P', 'EMB_P', 'EMB_P', 'EMB_P', 'EMB_P', 'EMB_P', 'EMB_P', 'EMB_P', 'EMB_P', 'EMB_P', 'EMB_P', 'EMB_P', 'EMB_P', 'EMB_P', 'EMB_P', 'EMB_P', 'EMB_P', 'EMB_P', 'EMB_P', 'EMB_P', 'EMB_P', 'EMB_P', 'EMB_P', 'EMB_P', 'EMB_P', 'EMB_P', 'EMB_P', 'EMB_P', 'EMB_P', 'EMB_P', 'EMB_P', 'EMB_P', 'EMB_P', 'EMB_P']"
199,NULL,NULL,laptop_quad_dev_174,"apple has always priced their hardware high , but you could always make an argument for the style , nice hardware and the unique osx experience .",7.0,7.5,"['EMB_O', 'EMB_O', 'EMB_O', 'EMB_O', 'EMB_O', 'EMB_O', 'EMB_O', 'EMB_O', 'EMB_O', 'EMB_O', 'EMB_O', 'EMB_O', 'EMB_O', 'EMB_O', 'EMB_O', 'EMB_O', 'EMB_O', 'EMB_O', 'EMB_O', 'EMB_O', 'EMB_O', 'EMB_O', 'EMB_O', 'EMB_O', 'EMB_O', 'EMB_O', 'EMB_O', 'EMB_O', 'EMB_O', 'EMB_O', 'EMB_O', 'EMB_O', 'EMB_O', 'EMB_P', 'EMB_P', 'EMB_P', 'EMB_P', 'EMB_P', 'EMB_P', 'EMB_P', 'EMB_P', 'EMB_P', 'EMB_P', 'EMB_P', 'EMB_P', 'EMB_P', 'EMB_P', 'EMB_P', 'EMB_P', 'EMB_P', 'EMB_P', 'EMB_P', 'EMB_P', 'EMB_P', 'EMB_P', 'EMB_P', 'EMB_P', 'EMB_P', 'EMB_P', 'EMB_P', 'EMB_P', 'EMB_P', 'EMB_P', 'EMB_P', 'EMB_P', 'EMB_P', 'EMB_P', 'EMB_P', 'EMB_P', 'EMB_P', 'EMB_P', 'EMB_P', 'EMB_P', 'EMB_P', 'EMB_P', 'EMB_P', 'EMB_P', 'EMB_P', 'EMB_P', 'EMB_P', 'EMB_P', 'EMB_P', 'EMB_P', 'EMB_P', 'EMB_P', 'EMB_P', 'EMB_P', 'EMB_P', 'EMB_P', 'EMB_P', 'EMB_P', 'EMB_P', 'EMB_P', 'EMB_P', 'EMB_P', 'EMB_P', 'EMB_P', 'EMB_P', 'EMB_P', 'EMB_P', 'EMB_P', 'EMB_P', 'EMB_P', 'EMB_P', 'EMB_P', 'EMB_P', 'EMB_P', 'EMB_P', 'EMB_P', 'EMB_P', 'EMB_P', 'EMB_P', 'EMB_P', 'EMB_P', 'EMB_P', 'EMB_P', 'EMB_P', 'EMB_P', 'EMB_P', 'EMB_P', 'EMB_P', 'EMB_P', 'EMB_P', 'EMB_P', 'EMB_P', 'EMB_P', 'EMB_P', 'EMB_P']","['EMB_O', 'EMB_O', 'EMB_O', 'EMB_O', 'EMB_O', 'EMB_O', 'EMB_O', 'EMB_O', 'EMB_O', 'EMB_O', 'EMB_O', 'EMB_O', 'EMB_O', 'EMB_O', 'EMB_O', 'EMB_O', 'EMB_O', 'EMB_O', 'EMB_O', 'EMB_O', 'EMB_O', 'EMB_O', 'EMB_O', 'EMB_O', 'EMB_O', 'EMB_O', 'EMB_O', 'EMB_O', 'EMB_O', 'EMB_O', 'EMB_O', 'EMB_O', 'EMB_O', 'EMB_P', 'EMB_P', 'EMB_P', 'EMB_P', 'EMB_P', 'EMB_P', 'EMB_P', 'EMB_P', 'EMB_P', 'EMB_P', 'EMB_P', 'EMB_P', 'EMB_P', 'EMB_P', 'EMB_P', 'EMB_P', 'EMB_P', 'EMB_P', 'EMB_P', 'EMB_P', 'EMB_P', 'EMB_P', 'EMB_P', 'EMB_P', 'EMB_P', 'EMB_P', 'EMB_P', 'EMB_P', 'EMB_P', 'EMB_P', 'EMB_P', 'EMB_P', 'EMB_P', 'EMB_P', 'EMB_P', 'EMB_P', 'EMB_P', 'EMB_P', 'EMB_P', 'EMB_P', 'EMB_P', 'EMB_P', 'EMB_P', 'EMB_P', 'EMB_P', 'EMB_P', 'EMB_P', 'EMB_P', 'EMB_P', 'EMB_P', 'EMB_P', 'EMB_P', 'EMB_P', 'EMB_P', 'EMB_P', 'EMB_P', 'EMB_P', 'EMB_P', 'EMB_P', 'EMB_P', 'EMB_P', 'EMB_P', 'EMB_P', 'EMB_P', 'EMB_P', 'EMB_P', 'EMB_P', 'EMB_P', 'EMB_P', 'EMB_P', 'EMB_P', 'EMB_P', 'EMB_P', 'EMB_P', 'EMB_P', 'EMB_P', 'EMB_P', 'EMB_P', 'EMB_P', 'EMB_P', 'EMB_P', 'EMB_P', 'EMB_P', 'EMB_P', 'EMB_P', 'EMB_P', 'EMB_P', 'EMB_P', 'EMB_P', 'EMB_P', 'EMB_P', 'EMB_P', 'EMB_P', 'EMB_P', 'EMB_P']"
200,osx,unique,laptop_quad_dev_174,"apple has always priced their hardware high , but you could always make an argument for the style , nice hardware and the unique osx experience .",7.0,7.5,"['EMB_O', 'EMB_O', 'EMB_O', 'EMB_O', 'EMB_O', 'EMB_O', 'EMB_O', 'EMB_O', 'EMB_O', 'EMB_O', 'EMB_O', 'EMB_O', 'EMB_O', 'EMB_O', 'EMB_O', 'EMB_O', 'EMB_O', 'EMB_O', 'EMB_O', 'EMB_O', 'EMB_O', 'EMB_O', 'EMB_O', 'EMB_O', 'EMB_O', 'EMB_O', 'EMB_O', 'EMB_O', 'ASP_B', 'ASP_E', 'EMB_O', 'EMB_O', 'EMB_O', 'EMB_P', 'EMB_P', 'EMB_P', 'EMB_P', 'EMB_P', 'EMB_P', 'EMB_P', 'EMB_P', 'EMB_P', 'EMB_P', 'EMB_P', 'EMB_P', 'EMB_P', 'EMB_P', 'EMB_P', 'EMB_P', 'EMB_P', 'EMB_P', 'EMB_P', 'EMB_P', 'EMB_P', 'EMB_P', 'EMB_P', 'EMB_P', 'EMB_P', 'EMB_P', 'EMB_P', 'EMB_P', 'EMB_P', 'EMB_P', 'EMB_P', 'EMB_P', 'EMB_P', 'EMB_P', 'EMB_P', 'EMB_P', 'EMB_P', 'EMB_P', 'EMB_P', 'EMB_P', 'EMB_P', 'EMB_P', 'EMB_P', 'EMB_P', 'EMB_P', 'EMB_P', 'EMB_P', 'EMB_P', 'EMB_P', 'EMB_P', 'EMB_P', 'EMB_P', 'EMB_P', 'EMB_P', 'EMB_P', 'EMB_P', 'EMB_P', 'EMB_P', 'EMB_P', 'EMB_P', 'EMB_P', 'EMB_P', 'EMB_P', 'EMB_P', 'EMB_P', 'EMB_P', 'EMB_P', 'EMB_P', 'EMB_P', 'EMB_P', 'EMB_P', 'EMB_P', 'EMB_P', 'EMB_P', 'EMB_P', 'EMB_P', 'EMB_P', 'EMB_P', 'EMB_P', 'EMB_P', 'EMB_P', 'EMB_P', 'EMB_P', 'EMB_P', 'EMB_P', 'EMB_P', 'EMB_P', 'EMB_P', 'EMB_P', 'EMB_P', 'EMB_P', 'EMB_P', 'EMB_P', 'EMB_P', 'EMB_P']","['EMB_O', 'EMB_O', 'EMB_O', 'EMB_O', 'EMB_O', 'EMB_O', 'EMB_O', 'EMB_O', 'EMB_O', 'EMB_O', 'EMB_O', 'EMB_O', 'EMB_O', 'EMB_O', 'EMB_O', 'EMB_O', 'EMB_O', 'EMB_O', 'EMB_O', 'EMB_O', 'EMB_O', 'EMB_O', 'EMB_O', 'EMB_O', 'EMB_O', 'EMB_O', 'EMB_O', 'OPN_S', 'EMB_O', 'EMB_O', 'EMB_O', 'EMB_O', 'EMB_O', 'EMB_P', 'EMB_P', 'EMB_P', 'EMB_P', 'EMB_P', 'EMB_P', 'EMB_P', 'EMB_P', 'EMB_P', 'EMB_P', 'EMB_P', 'EMB_P', 'EMB_P', 'EMB_P', 'EMB_P', 'EMB_P', 'EMB_P', 'EMB_P', 'EMB_P', 'EMB_P', 'EMB_P', 'EMB_P', 'EMB_P', 'EMB_P', 'EMB_P', 'EMB_P', 'EMB_P', 'EMB_P', 'EMB_P', 'EMB_P', 'EMB_P', 'EMB_P', 'EMB_P', 'EMB_P', 'EMB_P', 'EMB_P', 'EMB_P', 'EMB_P', 'EMB_P', 'EMB_P', 'EMB_P', 'EMB_P', 'EMB_P', 'EMB_P', 'EMB_P', 'EMB_P', 'EMB_P', 'EMB_P', 'EMB_P', 'EMB_P', 'EMB_P', 'EMB_P', 'EMB_P', 'EMB_P', 'EMB_P', 'EMB_P', 'EMB_P', 'EMB_P', 'EMB_P', 'EMB_P', 'EMB_P', 'EMB_P', 'EMB_P', 'EMB_P', 'EMB_P', 'EMB_P', 'EMB_P', 'EMB_P', 'EMB_P', 'EMB_P', 'EMB_P', 'EMB_P', 'EMB_P', 'EMB_P', 'EMB_P', 'EMB_P', 'EMB_P', 'EMB_P', 'EMB_P', 'EMB_P', 'EMB_P', 'EMB_P', 'EMB_P', 'EMB_P', 'EMB_P', 'EMB_P', 'EMB_P', 'EMB_P', 'EMB_P', 'EMB_P', 'EMB_P', 'EMB_P', 'EMB_P', 'EMB_P', 'EMB_P']"
201,graphics card,NULL,laptop_quad_dev_175,* extremely weak graphics card .,2.5,7.9,"['EMB_O', 'EMB_O', 'EMB_O', 'EMB_O', 'ASP_B', 'ASP_E', 'EMB_O', 'EMB_O', 'EMB_P', 'EMB_P', 'EMB_P', 'EMB_P', 'EMB_P', 'EMB_P', 'EMB_P', 'EMB_P', 'EMB_P', 'EMB_P', 'EMB_P', 'EMB_P', 'EMB_P', 'EMB_P', 'EMB_P', 'EMB_P', 'EMB_P', 'EMB_P', 'EMB_P', 'EMB_P', 'EMB_P', 'EMB_P', 'EMB_P', 'EMB_P', 'EMB_P', 'EMB_P', 'EMB_P', 'EMB_P', 'EMB_P', 'EMB_P', 'EMB_P', 'EMB_P', 'EMB_P', 'EMB_P', 'EMB_P', 'EMB_P', 'EMB_P', 'EMB_P', 'EMB_P', 'EMB_P', 'EMB_P', 'EMB_P', 'EMB_P', 'EMB_P', 'EMB_P', 'EMB_P', 'EMB_P', 'EMB_P', 'EMB_P', 'EMB_P', 'EMB_P', 'EMB_P', 'EMB_P', 'EMB_P', 'EMB_P', 'EMB_P', 'EMB_P', 'EMB_P', 'EMB_P', 'EMB_P', 'EMB_P', 'EMB_P', 'EMB_P', 'EMB_P', 'EMB_P', 'EMB_P', 'EMB_P', 'EMB_P', 'EMB_P', 'EMB_P', 'EMB_P', 'EMB_P', 'EMB_P', 'EMB_P', 'EMB_P', 'EMB_P', 'EMB_P', 'EMB_P', 'EMB_P', 'EMB_P', 'EMB_P', 'EMB_P', 'EMB_P', 'EMB_P', 'EMB_P', 'EMB_P', 'EMB_P', 'EMB_P', 'EMB_P', 'EMB_P', 'EMB_P', 'EMB_P', 'EMB_P', 'EMB_P', 'EMB_P', 'EMB_P', 'EMB_P', 'EMB_P', 'EMB_P', 'EMB_P', 'EMB_P', 'EMB_P', 'EMB_P', 'EMB_P', 'EMB_P', 'EMB_P', 'EMB_P', 'EMB_P', 'EMB_P', 'EMB_P', 'EMB_P', 'EMB_P', 'EMB_P', 'EMB_P', 'EMB_P', 'EMB_P', 'EMB_P', 'EMB_P', 'EMB_P', 'EMB_P']","['EMB_O', 'EMB_O', 'EMB_O', 'EMB_O', 'EMB_O', 'EMB_O', 'EMB_O', 'EMB_O', 'EMB_P', 'EMB_P', 'EMB_P', 'EMB_P', 'EMB_P', 'EMB_P', 'EMB_P', 'EMB_P', 'EMB_P', 'EMB_P', 'EMB_P', 'EMB_P', 'EMB_P', 'EMB_P', 'EMB_P', 'EMB_P', 'EMB_P', 'EMB_P', 'EMB_P', 'EMB_P', 'EMB_P', 'EMB_P', 'EMB_P', 'EMB_P', 'EMB_P', 'EMB_P', 'EMB_P', 'EMB_P', 'EMB_P', 'EMB_P', 'EMB_P', 'EMB_P', 'EMB_P', 'EMB_P', 'EMB_P', 'EMB_P', 'EMB_P', 'EMB_P', 'EMB_P', 'EMB_P', 'EMB_P', 'EMB_P', 'EMB_P', 'EMB_P', 'EMB_P', 'EMB_P', 'EMB_P', 'EMB_P', 'EMB_P', 'EMB_P', 'EMB_P', 'EMB_P', 'EMB_P', 'EMB_P', 'EMB_P', 'EMB_P', 'EMB_P', 'EMB_P', 'EMB_P', 'EMB_P', 'EMB_P', 'EMB_P', 'EMB_P', 'EMB_P', 'EMB_P', 'EMB_P', 'EMB_P', 'EMB_P', 'EMB_P', 'EMB_P', 'EMB_P', 'EMB_P', 'EMB_P', 'EMB_P', 'EMB_P', 'EMB_P', 'EMB_P', 'EMB_P', 'EMB_P', 'EMB_P', 'EMB_P', 'EMB_P', 'EMB_P', 'EMB_P', 'EMB_P', 'EMB_P', 'EMB_P', 'EMB_P', 'EMB_P', 'EMB_P', 'EMB_P', 'EMB_P', 'EMB_P', 'EMB_P', 'EMB_P', 'EMB_P', 'EMB_P', 'EMB_P', 'EMB_P', 'EMB_P', 'EMB_P', 'EMB_P', 'EMB_P', 'EMB_P', 'EMB_P', 'EMB_P', 'EMB_P', 'EMB_P', 'EMB_P', 'EMB_P', 'EMB_P', 'EMB_P', 'EMB_P', 'EMB_P', 'EMB_P', 'EMB_P', 'EMB_P', 'EMB_P', 'EMB_P', 'EMB_P']"
202,intel iris,sucks,laptop_quad_dev_176,the intel iris sucks .,3.38,6.38,"['EMB_O', 'EMB_O', 'ASP_B', 'ASP_E', 'EMB_O', 'EMB_O', 'EMB_O', 'EMB_O', 'EMB_P', 'EMB_P', 'EMB_P', 'EMB_P', 'EMB_P', 'EMB_P', 'EMB_P', 'EMB_P', 'EMB_P', 'EMB_P', 'EMB_P', 'EMB_P', 'EMB_P', 'EMB_P', 'EMB_P', 'EMB_P', 'EMB_P', 'EMB_P', 'EMB_P', 'EMB_P', 'EMB_P', 'EMB_P', 'EMB_P', 'EMB_P', 'EMB_P', 'EMB_P', 'EMB_P', 'EMB_P', 'EMB_P', 'EMB_P', 'EMB_P', 'EMB_P', 'EMB_P', 'EMB_P', 'EMB_P', 'EMB_P', 'EMB_P', 'EMB_P', 'EMB_P', 'EMB_P', 'EMB_P', 'EMB_P', 'EMB_P', 'EMB_P', 'EMB_P', 'EMB_P', 'EMB_P', 'EMB_P', 'EMB_P', 'EMB_P', 'EMB_P', 'EMB_P', 'EMB_P', 'EMB_P', 'EMB_P', 'EMB_P', 'EMB_P', 'EMB_P', 'EMB_P', 'EMB_P', 'EMB_P', 'EMB_P', 'EMB_P', 'EMB_P', 'EMB_P', 'EMB_P', 'EMB_P', 'EMB_P', 'EMB_P', 'EMB_P', 'EMB_P', 'EMB_P', 'EMB_P', 'EMB_P', 'EMB_P', 'EMB_P', 'EMB_P', 'EMB_P', 'EMB_P', 'EMB_P', 'EMB_P', 'EMB_P', 'EMB_P', 'EMB_P', 'EMB_P', 'EMB_P', 'EMB_P', 'EMB_P', 'EMB_P', 'EMB_P', 'EMB_P', 'EMB_P', 'EMB_P', 'EMB_P', 'EMB_P', 'EMB_P', 'EMB_P', 'EMB_P', 'EMB_P', 'EMB_P', 'EMB_P', 'EMB_P', 'EMB_P', 'EMB_P', 'EMB_P', 'EMB_P', 'EMB_P', 'EMB_P', 'EMB_P', 'EMB_P', 'EMB_P', 'EMB_P', 'EMB_P', 'EMB_P', 'EMB_P', 'EMB_P', 'EMB_P', 'EMB_P', 'EMB_P', 'EMB_P']","['EMB_O', 'EMB_O', 'EMB_O', 'EMB_O', 'OPN_B', 'OPN_E', 'EMB_O', 'EMB_O', 'EMB_P', 'EMB_P', 'EMB_P', 'EMB_P', 'EMB_P', 'EMB_P', 'EMB_P', 'EMB_P', 'EMB_P', 'EMB_P', 'EMB_P', 'EMB_P', 'EMB_P', 'EMB_P', 'EMB_P', 'EMB_P', 'EMB_P', 'EMB_P', 'EMB_P', 'EMB_P', 'EMB_P', 'EMB_P', 'EMB_P', 'EMB_P', 'EMB_P', 'EMB_P', 'EMB_P', 'EMB_P', 'EMB_P', 'EMB_P', 'EMB_P', 'EMB_P', 'EMB_P', 'EMB_P', 'EMB_P', 'EMB_P', 'EMB_P', 'EMB_P', 'EMB_P', 'EMB_P', 'EMB_P', 'EMB_P', 'EMB_P', 'EMB_P', 'EMB_P', 'EMB_P', 'EMB_P', 'EMB_P', 'EMB_P', 'EMB_P', 'EMB_P', 'EMB_P', 'EMB_P', 'EMB_P', 'EMB_P', 'EMB_P', 'EMB_P', 'EMB_P', 'EMB_P', 'EMB_P', 'EMB_P', 'EMB_P', 'EMB_P', 'EMB_P', 'EMB_P', 'EMB_P', 'EMB_P', 'EMB_P', 'EMB_P', 'EMB_P', 'EMB_P', 'EMB_P', 'EMB_P', 'EMB_P', 'EMB_P', 'EMB_P', 'EMB_P', 'EMB_P', 'EMB_P', 'EMB_P', 'EMB_P', 'EMB_P', 'EMB_P', 'EMB_P', 'EMB_P', 'EMB_P', 'EMB_P', 'EMB_P', 'EMB_P', 'EMB_P', 'EMB_P', 'EMB_P', 'EMB_P', 'EMB_P', 'EMB_P', 'EMB_P', 'EMB_P', 'EMB_P', 'EMB_P', 'EMB_P', 'EMB_P', 'EMB_P', 'EMB_P', 'EMB_P', 'EMB_P', 'EMB_P', 'EMB_P', 'EMB_P', 'EMB_P', 'EMB_P', 'EMB_P', 'EMB_P', 'EMB_P', 'EMB_P', 'EMB_P', 'EMB_P', 'EMB_P', 'EMB_P', 'EMB_P', 'EMB_P']"
203,printer,NULL,laptop_quad_dev_177,i can ' t use my printer because it ' s not supported .,3.5,6.5,"['EMB_O', 'EMB_O', 'EMB_O', 'EMB_O', 'EMB_O', 'EMB_O', 'EMB_O', 'ASP_B', 'ASP_E', 'EMB_O', 'EMB_O', 'EMB_O', 'EMB_O', 'EMB_O', 'EMB_O', 'EMB_O', 'EMB_O', 'EMB_P', 'EMB_P', 'EMB_P', 'EMB_P', 'EMB_P', 'EMB_P', 'EMB_P', 'EMB_P', 'EMB_P', 'EMB_P', 'EMB_P', 'EMB_P', 'EMB_P', 'EMB_P', 'EMB_P', 'EMB_P', 'EMB_P', 'EMB_P', 'EMB_P', 'EMB_P', 'EMB_P', 'EMB_P', 'EMB_P', 'EMB_P', 'EMB_P', 'EMB_P', 'EMB_P', 'EMB_P', 'EMB_P', 'EMB_P', 'EMB_P', 'EMB_P', 'EMB_P', 'EMB_P', 'EMB_P', 'EMB_P', 'EMB_P', 'EMB_P', 'EMB_P', 'EMB_P', 'EMB_P', 'EMB_P', 'EMB_P', 'EMB_P', 'EMB_P', 'EMB_P', 'EMB_P', 'EMB_P', 'EMB_P', 'EMB_P', 'EMB_P', 'EMB_P', 'EMB_P', 'EMB_P', 'EMB_P', 'EMB_P', 'EMB_P', 'EMB_P', 'EMB_P', 'EMB_P', 'EMB_P', 'EMB_P', 'EMB_P', 'EMB_P', 'EMB_P', 'EMB_P', 'EMB_P', 'EMB_P', 'EMB_P', 'EMB_P', 'EMB_P', 'EMB_P', 'EMB_P', 'EMB_P', 'EMB_P', 'EMB_P', 'EMB_P', 'EMB_P', 'EMB_P', 'EMB_P', 'EMB_P', 'EMB_P', 'EMB_P', 'EMB_P', 'EMB_P', 'EMB_P', 'EMB_P', 'EMB_P', 'EMB_P', 'EMB_P', 'EMB_P', 'EMB_P', 'EMB_P', 'EMB_P', 'EMB_P', 'EMB_P', 'EMB_P', 'EMB_P', 'EMB_P', 'EMB_P', 'EMB_P', 'EMB_P', 'EMB_P', 'EMB_P', 'EMB_P', 'EMB_P', 'EMB_P', 'EMB_P', 'EMB_P', 'EMB_P', 'EMB_P']","['EMB_O', 'EMB_O', 'EMB_O', 'EMB_O', 'EMB_O', 'EMB_O', 'EMB_O', 'EMB_O', 'EMB_O', 'EMB_O', 'EMB_O', 'EMB_O', 'EMB_O', 'EMB_O', 'EMB_O', 'EMB_O', 'EMB_O', 'EMB_P', 'EMB_P', 'EMB_P', 'EMB_P', 'EMB_P', 'EMB_P', 'EMB_P', 'EMB_P', 'EMB_P', 'EMB_P', 'EMB_P', 'EMB_P', 'EMB_P', 'EMB_P', 'EMB_P', 'EMB_P', 'EMB_P', 'EMB_P', 'EMB_P', 'EMB_P', 'EMB_P', 'EMB_P', 'EMB_P', 'EMB_P', 'EMB_P', 'EMB_P', 'EMB_P', 'EMB_P', 'EMB_P', 'EMB_P', 'EMB_P', 'EMB_P', 'EMB_P', 'EMB_P', 'EMB_P', 'EMB_P', 'EMB_P', 'EMB_P', 'EMB_P', 'EMB_P', 'EMB_P', 'EMB_P', 'EMB_P', 'EMB_P', 'EMB_P', 'EMB_P', 'EMB_P', 'EMB_P', 'EMB_P', 'EMB_P', 'EMB_P', 'EMB_P', 'EMB_P', 'EMB_P', 'EMB_P', 'EMB_P', 'EMB_P', 'EMB_P', 'EMB_P', 'EMB_P', 'EMB_P', 'EMB_P', 'EMB_P', 'EMB_P', 'EMB_P', 'EMB_P', 'EMB_P', 'EMB_P', 'EMB_P', 'EMB_P', 'EMB_P', 'EMB_P', 'EMB_P', 'EMB_P', 'EMB_P', 'EMB_P', 'EMB_P', 'EMB_P', 'EMB_P', 'EMB_P', 'EMB_P', 'EMB_P', 'EMB_P', 'EMB_P', 'EMB_P', 'EMB_P', 'EMB_P', 'EMB_P', 'EMB_P', 'EMB_P', 'EMB_P', 'EMB_P', 'EMB_P', 'EMB_P', 'EMB_P', 'EMB_P', 'EMB_P', 'EMB_P', 'EMB_P', 'EMB_P', 'EMB_P', 'EMB_P', 'EMB_P', 'EMB_P', 'EMB_P', 'EMB_P', 'EMB_P', 'EMB_P', 'EMB_P', 'EMB_P', 'EMB_P']"
204,usb port,NULL,laptop_quad_dev_178,usb port go dead until i do a restart .,5.0,5.12,"['EMB_O', 'ASP_B', 'ASP_I', 'ASP_E', 'EMB_O', 'EMB_O', 'EMB_O', 'EMB_O', 'EMB_O', 'EMB_O', 'EMB_O', 'EMB_O', 'EMB_O', 'EMB_O', 'EMB_P', 'EMB_P', 'EMB_P', 'EMB_P', 'EMB_P', 'EMB_P', 'EMB_P', 'EMB_P', 'EMB_P', 'EMB_P', 'EMB_P', 'EMB_P', 'EMB_P', 'EMB_P', 'EMB_P', 'EMB_P', 'EMB_P', 'EMB_P', 'EMB_P', 'EMB_P', 'EMB_P', 'EMB_P', 'EMB_P', 'EMB_P', 'EMB_P', 'EMB_P', 'EMB_P', 'EMB_P', 'EMB_P', 'EMB_P', 'EMB_P', 'EMB_P', 'EMB_P', 'EMB_P', 'EMB_P', 'EMB_P', 'EMB_P', 'EMB_P', 'EMB_P', 'EMB_P', 'EMB_P', 'EMB_P', 'EMB_P', 'EMB_P', 'EMB_P', 'EMB_P', 'EMB_P', 'EMB_P', 'EMB_P', 'EMB_P', 'EMB_P', 'EMB_P', 'EMB_P', 'EMB_P', 'EMB_P', 'EMB_P', 'EMB_P', 'EMB_P', 'EMB_P', 'EMB_P', 'EMB_P', 'EMB_P', 'EMB_P', 'EMB_P', 'EMB_P', 'EMB_P', 'EMB_P', 'EMB_P', 'EMB_P', 'EMB_P', 'EMB_P', 'EMB_P', 'EMB_P', 'EMB_P', 'EMB_P', 'EMB_P', 'EMB_P', 'EMB_P', 'EMB_P', 'EMB_P', 'EMB_P', 'EMB_P', 'EMB_P', 'EMB_P', 'EMB_P', 'EMB_P', 'EMB_P', 'EMB_P', 'EMB_P', 'EMB_P', 'EMB_P', 'EMB_P', 'EMB_P', 'EMB_P', 'EMB_P', 'EMB_P', 'EMB_P', 'EMB_P', 'EMB_P', 'EMB_P', 'EMB_P', 'EMB_P', 'EMB_P', 'EMB_P', 'EMB_P', 'EMB_P', 'EMB_P', 'EMB_P', 'EMB_P', 'EMB_P', 'EMB_P', 'EMB_P', 'EMB_P', 'EMB_P']","['EMB_O', 'EMB_O', 'EMB_O', 'EMB_O', 'EMB_O', 'EMB_O', 'EMB_O', 'EMB_O', 'EMB_O', 'EMB_O', 'EMB_O', 'EMB_O', 'EMB_O', 'EMB_O', 'EMB_P', 'EMB_P', 'EMB_P', 'EMB_P', 'EMB_P', 'EMB_P', 'EMB_P', 'EMB_P', 'EMB_P', 'EMB_P', 'EMB_P', 'EMB_P', 'EMB_P', 'EMB_P', 'EMB_P', 'EMB_P', 'EMB_P', 'EMB_P', 'EMB_P', 'EMB_P', 'EMB_P', 'EMB_P', 'EMB_P', 'EMB_P', 'EMB_P', 'EMB_P', 'EMB_P', 'EMB_P', 'EMB_P', 'EMB_P', 'EMB_P', 'EMB_P', 'EMB_P', 'EMB_P', 'EMB_P', 'EMB_P', 'EMB_P', 'EMB_P', 'EMB_P', 'EMB_P', 'EMB_P', 'EMB_P', 'EMB_P', 'EMB_P', 'EMB_P', 'EMB_P', 'EMB_P', 'EMB_P', 'EMB_P', 'EMB_P', 'EMB_P', 'EMB_P', 'EMB_P', 'EMB_P', 'EMB_P', 'EMB_P', 'EMB_P', 'EMB_P', 'EMB_P', 'EMB_P', 'EMB_P', 'EMB_P', 'EMB_P', 'EMB_P', 'EMB_P', 'EMB_P', 'EMB_P', 'EMB_P', 'EMB_P', 'EMB_P', 'EMB_P', 'EMB_P', 'EMB_P', 'EMB_P', 'EMB_P', 'EMB_P', 'EMB_P', 'EMB_P', 'EMB_P', 'EMB_P', 'EMB_P', 'EMB_P', 'EMB_P', 'EMB_P', 'EMB_P', 'EMB_P', 'EMB_P', 'EMB_P', 'EMB_P', 'EMB_P', 'EMB_P', 'EMB_P', 'EMB_P', 'EMB_P', 'EMB_P', 'EMB_P', 'EMB_P', 'EMB_P', 'EMB_P', 'EMB_P', 'EMB_P', 'EMB_P', 'EMB_P', 'EMB_P', 'EMB_P', 'EMB_P', 'EMB_P', 'EMB_P', 'EMB_P', 'EMB_P', 'EMB_P', 'EMB_P', 'EMB_P', 'EMB_P']"
205,bluetooth,really fussy,laptop_quad_dev_179,"now i ' m just down to some gripes that are probably here to stay : the bluetooth on this thing is really fussy , the non - functional video output ( using usb - c video out through an hdmi cable sends just a blank desktop background and no audio , even if i am playing a movie or youtube visibly on the c302 screen ) , and that it can ' t hold a vpn connection without dropping it every 20 - 30 minutes .",4.0,5.33,"['EMB_O', 'EMB_O', 'EMB_O', 'EMB_O', 'EMB_O', 'EMB_O', 'EMB_O', 'EMB_O', 'EMB_O', 'EMB_O', 'EMB_O', 'EMB_O', 'EMB_O', 'EMB_O', 'EMB_O', 'EMB_O', 'EMB_O', 'EMB_O', 'EMB_O', 'ASP_B', 'ASP_I', 'ASP_E', 'EMB_O', 'EMB_O', 'EMB_O', 'EMB_O', 'EMB_O', 'EMB_O', 'EMB_O', 'EMB_O', 'EMB_O', 'EMB_O', 'EMB_O', 'EMB_O', 'EMB_O', 'EMB_O', 'EMB_O', 'EMB_O', 'EMB_O', 'EMB_O', 'EMB_O', 'EMB_O', 'EMB_O', 'EMB_O', 'EMB_O', 'EMB_O', 'EMB_O', 'EMB_O', 'EMB_O', 'EMB_O', 'EMB_O', 'EMB_O', 'EMB_O', 'EMB_O', 'EMB_O', 'EMB_O', 'EMB_O', 'EMB_O', 'EMB_O', 'EMB_O', 'EMB_O', 'EMB_O', 'EMB_O', 'EMB_O', 'EMB_O', 'EMB_O', 'EMB_O', 'EMB_O', 'EMB_O', 'EMB_O', 'EMB_O', 'EMB_O', 'EMB_O', 'EMB_O', 'EMB_O', 'EMB_O', 'EMB_O', 'EMB_O', 'EMB_O', 'EMB_O', 'EMB_O', 'EMB_O', 'EMB_O', 'EMB_O', 'EMB_O', 'EMB_O', 'EMB_O', 'EMB_O', 'EMB_O', 'EMB_O', 'EMB_O', 'EMB_O', 'EMB_O', 'EMB_O', 'EMB_O', 'EMB_O', 'EMB_O', 'EMB_O', 'EMB_O', 'EMB_O', 'EMB_O', 'EMB_O', 'EMB_O', 'EMB_O', 'EMB_P', 'EMB_P', 'EMB_P', 'EMB_P', 'EMB_P', 'EMB_P', 'EMB_P', 'EMB_P', 'EMB_P', 'EMB_P', 'EMB_P', 'EMB_P', 'EMB_P', 'EMB_P', 'EMB_P', 'EMB_P', 'EMB_P', 'EMB_P', 'EMB_P', 'EMB_P', 'EMB_P', 'EMB_P', 'EMB_P', 'EMB_P']","['EMB_O', 'EMB_O', 'EMB_O', 'EMB_O', 'EMB_O', 'EMB_O', 'EMB_O', 'EMB_O', 'EMB_O', 'EMB_O', 'EMB_O', 'EMB_O', 'EMB_O', 'EMB_O', 'EMB_O', 'EMB_O', 'EMB_O', 'EMB_O', 'EMB_O', 'EMB_O', 'EMB_O', 'EMB_O', 'EMB_O', 'EMB_O', 'EMB_O', 'EMB_O', 'OPN_B', 'OPN_I', 'OPN_E', 'EMB_O', 'EMB_O', 'EMB_O', 'EMB_O', 'EMB_O', 'EMB_O', 'EMB_O', 'EMB_O', 'EMB_O', 'EMB_O', 'EMB_O', 'EMB_O', 'EMB_O', 'EMB_O', 'EMB_O', 'EMB_O', 'EMB_O', 'EMB_O', 'EMB_O', 'EMB_O', 'EMB_O', 'EMB_O', 'EMB_O', 'EMB_O', 'EMB_O', 'EMB_O', 'EMB_O', 'EMB_O', 'EMB_O', 'EMB_O', 'EMB_O', 'EMB_O', 'EMB_O', 'EMB_O', 'EMB_O', 'EMB_O', 'EMB_O', 'EMB_O', 'EMB_O', 'EMB_O', 'EMB_O', 'EMB_O', 'EMB_O', 'EMB_O', 'EMB_O', 'EMB_O', 'EMB_O', 'EMB_O', 'EMB_O', 'EMB_O', 'EMB_O', 'EMB_O', 'EMB_O', 'EMB_O', 'EMB_O', 'EMB_O', 'EMB_O', 'EMB_O', 'EMB_O', 'EMB_O', 'EMB_O', 'EMB_O', 'EMB_O', 'EMB_O', 'EMB_O', 'EMB_O', 'EMB_O', 'EMB_O', 'EMB_O', 'EMB_O', 'EMB_O', 'EMB_O', 'EMB_O', 'EMB_O', 'EMB_O', 'EMB_P', 'EMB_P', 'EMB_P', 'EMB_P', 'EMB_P', 'EMB_P', 'EMB_P', 'EMB_P', 'EMB_P', 'EMB_P', 'EMB_P', 'EMB_P', 'EMB_P', 'EMB_P', 'EMB_P', 'EMB_P', 'EMB_P', 'EMB_P', 'EMB_P', 'EMB_P', 'EMB_P', 'EMB_P', 'EMB_P', 'EMB_P']"
206,NULL,NULL,laptop_quad_dev_179,"now i ' m just down to some gripes that are probably here to stay : the bluetooth on this thing is really fussy , the non - functional video output ( using usb - c video out through an hdmi cable sends just a blank desktop background and no audio , even if i am playing a movie or youtube visibly on the c302 screen ) , and that it can ' t hold a vpn connection without dropping it every 20 - 30 minutes .",5.0,5.0,"['EMB_O', 'EMB_O', 'EMB_O', 'EMB_O', 'EMB_O', 'EMB_O', 'EMB_O', 'EMB_O', 'EMB_O', 'EMB_O', 'EMB_O', 'EMB_O', 'EMB_O', 'EMB_O', 'EMB_O', 'EMB_O', 'EMB_O', 'EMB_O', 'EMB_O', 'EMB_O', 'EMB_O', 'EMB_O', 'EMB_O', 'EMB_O', 'EMB_O', 'EMB_O', 'EMB_O', 'EMB_O', 'EMB_O', 'EMB_O', 'EMB_O', 'EMB_O', 'EMB_O', 'EMB_O', 'EMB_O', 'EMB_O', 'EMB_O', 'EMB_O', 'EMB_O', 'EMB_O', 'EMB_O', 'EMB_O', 'EMB_O', 'EMB_O', 'EMB_O', 'EMB_O', 'EMB_O', 'EMB_O', 'EMB_O', 'EMB_O', 'EMB_O', 'EMB_O', 'EMB_O', 'EMB_O', 'EMB_O', 'EMB_O', 'EMB_O', 'EMB_O', 'EMB_O', 'EMB_O', 'EMB_O', 'EMB_O', 'EMB_O', 'EMB_O', 'EMB_O', 'EMB_O', 'EMB_O', 'EMB_O', 'EMB_O', 'EMB_O', 'EMB_O', 'EMB_O', 'EMB_O', 'EMB_O', 'EMB_O', 'EMB_O', 'EMB_O', 'EMB_O', 'EMB_O', 'EMB_O', 'EMB_O', 'EMB_O', 'EMB_O', 'EMB_O', 'EMB_O', 'EMB_O', 'EMB_O', 'EMB_O', 'EMB_O', 'EMB_O', 'EMB_O', 'EMB_O', 'EMB_O', 'EMB_O', 'EMB_O', 'EMB_O', 'EMB_O', 'EMB_O', 'EMB_O', 'EMB_O', 'EMB_O', 'EMB_O', 'EMB_O', 'EMB_O', 'EMB_P', 'EMB_P', 'EMB_P', 'EMB_P', 'EMB_P', 'EMB_P', 'EMB_P', 'EMB_P', 'EMB_P', 'EMB_P', 'EMB_P', 'EMB_P', 'EMB_P', 'EMB_P', 'EMB_P', 'EMB_P', 'EMB_P', 'EMB_P', 'EMB_P', 'EMB_P', 'EMB_P', 'EMB_P', 'EMB_P', 'EMB_P']","['EMB_O', 'EMB_O', 'EMB_O', 'EMB_O', 'EMB_O', 'EMB_O', 'EMB_O', 'EMB_O', 'EMB_O', 'EMB_O', 'EMB_O', 'EMB_O', 'EMB_O', 'EMB_O', 'EMB_O', 'EMB_O', 'EMB_O', 'EMB_O', 'EMB_O', 'EMB_O', 'EMB_O', 'EMB_O', 'EMB_O', 'EMB_O', 'EMB_O', 'EMB_O', 'EMB_O', 'EMB_O', 'EMB_O', 'EMB_O', 'EMB_O', 'EMB_O', 'EMB_O', 'EMB_O', 'EMB_O', 'EMB_O', 'EMB_O', 'EMB_O', 'EMB_O', 'EMB_O', 'EMB_O', 'EMB_O', 'EMB_O', 'EMB_O', 'EMB_O', 'EMB_O', 'EMB_O', 'EMB_O', 'EMB_O', 'EMB_O', 'EMB_O', 'EMB_O', 'EMB_O', 'EMB_O', 'EMB_O', 'EMB_O', 'EMB_O', 'EMB_O', 'EMB_O', 'EMB_O', 'EMB_O', 'EMB_O', 'EMB_O', 'EMB_O', 'EMB_O', 'EMB_O', 'EMB_O', 'EMB_O', 'EMB_O', 'EMB_O', 'EMB_O', 'EMB_O', 'EMB_O', 'EMB_O', 'EMB_O', 'EMB_O', 'EMB_O', 'EMB_O', 'EMB_O', 'EMB_O', 'EMB_O', 'EMB_O', 'EMB_O', 'EMB_O', 'EMB_O', 'EMB_O', 'EMB_O', 'EMB_O', 'EMB_O', 'EMB_O', 'EMB_O', 'EMB_O', 'EMB_O', 'EMB_O', 'EMB_O', 'EMB_O', 'EMB_O', 'EMB_O', 'EMB_O', 'EMB_O', 'EMB_O', 'EMB_O', 'EMB_O', 'EMB_O', 'EMB_P', 'EMB_P', 'EMB_P', 'EMB_P', 'EMB_P', 'EMB_P', 'EMB_P', 'EMB_P', 'EMB_P', 'EMB_P', 'EMB_P', 'EMB_P', 'EMB_P', 'EMB_P', 'EMB_P', 'EMB_P', 'EMB_P', 'EMB_P', 'EMB_P', 'EMB_P', 'EMB_P', 'EMB_P', 'EMB_P', 'EMB_P']"
207,NULL,loved,laptop_quad_dev_180,"sometimes they felt a bit half - baked , but i loved the idea , and the keyboard made a world of difference in what you could do with that tablet .",6.75,6.62,"['EMB_O', 'EMB_O', 'EMB_O', 'EMB_O', 'EMB_O', 'EMB_O', 'EMB_O', 'EMB_O', 'EMB_O', 'EMB_O', 'EMB_O', 'EMB_O', 'EMB_O', 'EMB_O', 'EMB_O', 'EMB_O', 'EMB_O', 'EMB_O', 'EMB_O', 'EMB_O', 'EMB_O', 'EMB_O', 'EMB_O', 'EMB_O', 'EMB_O', 'EMB_O', 'EMB_O', 'EMB_O', 'EMB_O', 'EMB_O', 'EMB_O', 'EMB_O', 'EMB_O', 'EMB_O', 'EMB_O', 'EMB_O', 'EMB_P', 'EMB_P', 'EMB_P', 'EMB_P', 'EMB_P', 'EMB_P', 'EMB_P', 'EMB_P', 'EMB_P', 'EMB_P', 'EMB_P', 'EMB_P', 'EMB_P', 'EMB_P', 'EMB_P', 'EMB_P', 'EMB_P', 'EMB_P', 'EMB_P', 'EMB_P', 'EMB_P', 'EMB_P', 'EMB_P', 'EMB_P', 'EMB_P', 'EMB_P', 'EMB_P', 'EMB_P', 'EMB_P', 'EMB_P', 'EMB_P', 'EMB_P', 'EMB_P', 'EMB_P', 'EMB_P', 'EMB_P', 'EMB_P', 'EMB_P', 'EMB_P', 'EMB_P', 'EMB_P', 'EMB_P', 'EMB_P', 'EMB_P', 'EMB_P', 'EMB_P', 'EMB_P', 'EMB_P', 'EMB_P', 'EMB_P', 'EMB_P', 'EMB_P', 'EMB_P', 'EMB_P', 'EMB_P', 'EMB_P', 'EMB_P', 'EMB_P', 'EMB_P', 'EMB_P', 'EMB_P', 'EMB_P', 'EMB_P', 'EMB_P', 'EMB_P', 'EMB_P', 'EMB_P', 'EMB_P', 'EMB_P', 'EMB_P', 'EMB_P', 'EMB_P', 'EMB_P', 'EMB_P', 'EMB_P', 'EMB_P', 'EMB_P', 'EMB_P', 'EMB_P', 'EMB_P', 'EMB_P', 'EMB_P', 'EMB_P', 'EMB_P', 'EMB_P', 'EMB_P', 'EMB_P', 'EMB_P', 'EMB_P', 'EMB_P', 'EMB_P', 'EMB_P']","['EMB_O', 'EMB_O', 'EMB_O', 'EMB_O', 'EMB_O', 'EMB_O', 'EMB_O', 'EMB_O', 'EMB_O', 'EMB_O', 'EMB_O', 'EMB_O', 'EMB_O', 'OPN_S', 'EMB_O', 'EMB_O', 'EMB_O', 'EMB_O', 'EMB_O', 'EMB_O', 'EMB_O', 'EMB_O', 'EMB_O', 'EMB_O', 'EMB_O', 'EMB_O', 'EMB_O', 'EMB_O', 'EMB_O', 'EMB_O', 'EMB_O', 'EMB_O', 'EMB_O', 'EMB_O', 'EMB_O', 'EMB_O', 'EMB_P', 'EMB_P', 'EMB_P', 'EMB_P', 'EMB_P', 'EMB_P', 'EMB_P', 'EMB_P', 'EMB_P', 'EMB_P', 'EMB_P', 'EMB_P', 'EMB_P', 'EMB_P', 'EMB_P', 'EMB_P', 'EMB_P', 'EMB_P', 'EMB_P', 'EMB_P', 'EMB_P', 'EMB_P', 'EMB_P', 'EMB_P', 'EMB_P', 'EMB_P', 'EMB_P', 'EMB_P', 'EMB_P', 'EMB_P', 'EMB_P', 'EMB_P', 'EMB_P', 'EMB_P', 'EMB_P', 'EMB_P', 'EMB_P', 'EMB_P', 'EMB_P', 'EMB_P', 'EMB_P', 'EMB_P', 'EMB_P', 'EMB_P', 'EMB_P', 'EMB_P', 'EMB_P', 'EMB_P', 'EMB_P', 'EMB_P', 'EMB_P', 'EMB_P', 'EMB_P', 'EMB_P', 'EMB_P', 'EMB_P', 'EMB_P', 'EMB_P', 'EMB_P', 'EMB_P', 'EMB_P', 'EMB_P', 'EMB_P', 'EMB_P', 'EMB_P', 'EMB_P', 'EMB_P', 'EMB_P', 'EMB_P', 'EMB_P', 'EMB_P', 'EMB_P', 'EMB_P', 'EMB_P', 'EMB_P', 'EMB_P', 'EMB_P', 'EMB_P', 'EMB_P', 'EMB_P', 'EMB_P', 'EMB_P', 'EMB_P', 'EMB_P', 'EMB_P', 'EMB_P', 'EMB_P', 'EMB_P', 'EMB_P', 'EMB_P', 'EMB_P', 'EMB_P']"
208,keyboard,NULL,laptop_quad_dev_180,"sometimes they felt a bit half - baked , but i loved the idea , and the keyboard made a world of difference in what you could do with that tablet .",6.38,6.25,"['EMB_O', 'EMB_O', 'EMB_O', 'EMB_O', 'EMB_O', 'EMB_O', 'EMB_O', 'EMB_O', 'EMB_O', 'EMB_O', 'EMB_O', 'EMB_O', 'EMB_O', 'EMB_O', 'EMB_O', 'EMB_O', 'EMB_O', 'EMB_O', 'EMB_O', 'ASP_S', 'EMB_O', 'EMB_O', 'EMB_O', 'EMB_O', 'EMB_O', 'EMB_O', 'EMB_O', 'EMB_O', 'EMB_O', 'EMB_O', 'EMB_O', 'EMB_O', 'EMB_O', 'EMB_O', 'EMB_O', 'EMB_O', 'EMB_P', 'EMB_P', 'EMB_P', 'EMB_P', 'EMB_P', 'EMB_P', 'EMB_P', 'EMB_P', 'EMB_P', 'EMB_P', 'EMB_P', 'EMB_P', 'EMB_P', 'EMB_P', 'EMB_P', 'EMB_P', 'EMB_P', 'EMB_P', 'EMB_P', 'EMB_P', 'EMB_P', 'EMB_P', 'EMB_P', 'EMB_P', 'EMB_P', 'EMB_P', 'EMB_P', 'EMB_P', 'EMB_P', 'EMB_P', 'EMB_P', 'EMB_P', 'EMB_P', 'EMB_P', 'EMB_P', 'EMB_P', 'EMB_P', 'EMB_P', 'EMB_P', 'EMB_P', 'EMB_P', 'EMB_P', 'EMB_P', 'EMB_P', 'EMB_P', 'EMB_P', 'EMB_P', 'EMB_P', 'EMB_P', 'EMB_P', 'EMB_P', 'EMB_P', 'EMB_P', 'EMB_P', 'EMB_P', 'EMB_P', 'EMB_P', 'EMB_P', 'EMB_P', 'EMB_P', 'EMB_P', 'EMB_P', 'EMB_P', 'EMB_P', 'EMB_P', 'EMB_P', 'EMB_P', 'EMB_P', 'EMB_P', 'EMB_P', 'EMB_P', 'EMB_P', 'EMB_P', 'EMB_P', 'EMB_P', 'EMB_P', 'EMB_P', 'EMB_P', 'EMB_P', 'EMB_P', 'EMB_P', 'EMB_P', 'EMB_P', 'EMB_P', 'EMB_P', 'EMB_P', 'EMB_P', 'EMB_P', 'EMB_P', 'EMB_P', 'EMB_P', 'EMB_P']","['EMB_O', 'EMB_O', 'EMB_O', 'EMB_O', 'EMB_O', 'EMB_O', 'EMB_O', 'EMB_O', 'EMB_O', 'EMB_O', 'EMB_O', 'EMB_O', 'EMB_O', 'EMB_O', 'EMB_O', 'EMB_O', 'EMB_O', 'EMB_O', 'EMB_O', 'EMB_O', 'EMB_O', 'EMB_O', 'EMB_O', 'EMB_O', 'EMB_O', 'EMB_O', 'EMB_O', 'EMB_O', 'EMB_O', 'EMB_O', 'EMB_O', 'EMB_O', 'EMB_O', 'EMB_O', 'EMB_O', 'EMB_O', 'EMB_P', 'EMB_P', 'EMB_P', 'EMB_P', 'EMB_P', 'EMB_P', 'EMB_P', 'EMB_P', 'EMB_P', 'EMB_P', 'EMB_P', 'EMB_P', 'EMB_P', 'EMB_P', 'EMB_P', 'EMB_P', 'EMB_P', 'EMB_P', 'EMB_P', 'EMB_P', 'EMB_P', 'EMB_P', 'EMB_P', 'EMB_P', 'EMB_P', 'EMB_P', 'EMB_P', 'EMB_P', 'EMB_P', 'EMB_P', 'EMB_P', 'EMB_P', 'EMB_P', 'EMB_P', 'EMB_P', 'EMB_P', 'EMB_P', 'EMB_P', 'EMB_P', 'EMB_P', 'EMB_P', 'EMB_P', 'EMB_P', 'EMB_P', 'EMB_P', 'EMB_P', 'EMB_P', 'EMB_P', 'EMB_P', 'EMB_P', 'EMB_P', 'EMB_P', 'EMB_P', 'EMB_P', 'EMB_P', 'EMB_P', 'EMB_P', 'EMB_P', 'EMB_P', 'EMB_P', 'EMB_P', 'EMB_P', 'EMB_P', 'EMB_P', 'EMB_P', 'EMB_P', 'EMB_P', 'EMB_P', 'EMB_P', 'EMB_P', 'EMB_P', 'EMB_P', 'EMB_P', 'EMB_P', 'EMB_P', 'EMB_P', 'EMB_P', 'EMB_P', 'EMB_P', 'EMB_P', 'EMB_P', 'EMB_P', 'EMB_P', 'EMB_P', 'EMB_P', 'EMB_P', 'EMB_P', 'EMB_P', 'EMB_P', 'EMB_P', 'EMB_P', 'EMB_P']"
209,screen,good,laptop_quad_dev_181,- good screen .,6.75,6.5,"['EMB_O', 'EMB_O', 'EMB_O', 'ASP_S', 'EMB_O', 'EMB_O', 'EMB_P', 'EMB_P', 'EMB_P', 'EMB_P', 'EMB_P', 'EMB_P', 'EMB_P', 'EMB_P', 'EMB_P', 'EMB_P', 'EMB_P', 'EMB_P', 'EMB_P', 'EMB_P', 'EMB_P', 'EMB_P', 'EMB_P', 'EMB_P', 'EMB_P', 'EMB_P', 'EMB_P', 'EMB_P', 'EMB_P', 'EMB_P', 'EMB_P', 'EMB_P', 'EMB_P', 'EMB_P', 'EMB_P', 'EMB_P', 'EMB_P', 'EMB_P', 'EMB_P', 'EMB_P', 'EMB_P', 'EMB_P', 'EMB_P', 'EMB_P', 'EMB_P', 'EMB_P', 'EMB_P', 'EMB_P', 'EMB_P', 'EMB_P', 'EMB_P', 'EMB_P', 'EMB_P', 'EMB_P', 'EMB_P', 'EMB_P', 'EMB_P', 'EMB_P', 'EMB_P', 'EMB_P', 'EMB_P', 'EMB_P', 'EMB_P', 'EMB_P', 'EMB_P', 'EMB_P', 'EMB_P', 'EMB_P', 'EMB_P', 'EMB_P', 'EMB_P', 'EMB_P', 'EMB_P', 'EMB_P', 'EMB_P', 'EMB_P', 'EMB_P', 'EMB_P', 'EMB_P', 'EMB_P', 'EMB_P', 'EMB_P', 'EMB_P', 'EMB_P', 'EMB_P', 'EMB_P', 'EMB_P', 'EMB_P', 'EMB_P', 'EMB_P', 'EMB_P', 'EMB_P', 'EMB_P', 'EMB_P', 'EMB_P', 'EMB_P', 'EMB_P', 'EMB_P', 'EMB_P', 'EMB_P', 'EMB_P', 'EMB_P', 'EMB_P', 'EMB_P', 'EMB_P', 'EMB_P', 'EMB_P', 'EMB_P', 'EMB_P', 'EMB_P', 'EMB_P', 'EMB_P', 'EMB_P', 'EMB_P', 'EMB_P', 'EMB_P', 'EMB_P', 'EMB_P', 'EMB_P', 'EMB_P', 'EMB_P', 'EMB_P', 'EMB_P', 'EMB_P', 'EMB_P', 'EMB_P', 'EMB_P', 'EMB_P']","['EMB_O', 'EMB_O', 'OPN_S', 'EMB_O', 'EMB_O', 'EMB_O', 'EMB_P', 'EMB_P', 'EMB_P', 'EMB_P', 'EMB_P', 'EMB_P', 'EMB_P', 'EMB_P', 'EMB_P', 'EMB_P', 'EMB_P', 'EMB_P', 'EMB_P', 'EMB_P', 'EMB_P', 'EMB_P', 'EMB_P', 'EMB_P', 'EMB_P', 'EMB_P', 'EMB_P', 'EMB_P', 'EMB_P', 'EMB_P', 'EMB_P', 'EMB_P', 'EMB_P', 'EMB_P', 'EMB_P', 'EMB_P', 'EMB_P', 'EMB_P', 'EMB_P', 'EMB_P', 'EMB_P', 'EMB_P', 'EMB_P', 'EMB_P', 'EMB_P', 'EMB_P', 'EMB_P', 'EMB_P', 'EMB_P', 'EMB_P', 'EMB_P', 'EMB_P', 'EMB_P', 'EMB_P', 'EMB_P', 'EMB_P', 'EMB_P', 'EMB_P', 'EMB_P', 'EMB_P', 'EMB_P', 'EMB_P', 'EMB_P', 'EMB_P', 'EMB_P', 'EMB_P', 'EMB_P', 'EMB_P', 'EMB_P', 'EMB_P', 'EMB_P', 'EMB_P', 'EMB_P', 'EMB_P', 'EMB_P', 'EMB_P', 'EMB_P', 'EMB_P', 'EMB_P', 'EMB_P', 'EMB_P', 'EMB_P', 'EMB_P', 'EMB_P', 'EMB_P', 'EMB_P', 'EMB_P', 'EMB_P', 'EMB_P', 'EMB_P', 'EMB_P', 'EMB_P', 'EMB_P', 'EMB_P', 'EMB_P', 'EMB_P', 'EMB_P', 'EMB_P', 'EMB_P', 'EMB_P', 'EMB_P', 'EMB_P', 'EMB_P', 'EMB_P', 'EMB_P', 'EMB_P', 'EMB_P', 'EMB_P', 'EMB_P', 'EMB_P', 'EMB_P', 'EMB_P', 'EMB_P', 'EMB_P', 'EMB_P', 'EMB_P', 'EMB_P', 'EMB_P', 'EMB_P', 'EMB_P', 'EMB_P', 'EMB_P', 'EMB_P', 'EMB_P', 'EMB_P', 'EMB_P', 'EMB_P', 'EMB_P']"
210,asus model,NULL,laptop_quad_dev_182,"this seems to be a somewhat common issue with chromebooks but this asus model doesn ' t have a way to preform an external reset , which is a big problem if you ' ve setup any personal info on it and it has to be sent back .",3.5,5.9,"['EMB_O', 'EMB_O', 'EMB_O', 'EMB_O', 'EMB_O', 'EMB_O', 'EMB_O', 'EMB_O', 'EMB_O', 'EMB_O', 'EMB_O', 'EMB_O', 'EMB_O', 'EMB_O', 'EMB_O', 'ASP_B', 'ASP_E', 'EMB_O', 'EMB_O', 'EMB_O', 'EMB_O', 'EMB_O', 'EMB_O', 'EMB_O', 'EMB_O', 'EMB_O', 'EMB_O', 'EMB_O', 'EMB_O', 'EMB_O', 'EMB_O', 'EMB_O', 'EMB_O', 'EMB_O', 'EMB_O', 'EMB_O', 'EMB_O', 'EMB_O', 'EMB_O', 'EMB_O', 'EMB_O', 'EMB_O', 'EMB_O', 'EMB_O', 'EMB_O', 'EMB_O', 'EMB_O', 'EMB_O', 'EMB_O', 'EMB_O', 'EMB_O', 'EMB_O', 'EMB_O', 'EMB_O', 'EMB_O', 'EMB_O', 'EMB_P', 'EMB_P', 'EMB_P', 'EMB_P', 'EMB_P', 'EMB_P', 'EMB_P', 'EMB_P', 'EMB_P', 'EMB_P', 'EMB_P', 'EMB_P', 'EMB_P', 'EMB_P', 'EMB_P', 'EMB_P', 'EMB_P', 'EMB_P', 'EMB_P', 'EMB_P', 'EMB_P', 'EMB_P', 'EMB_P', 'EMB_P', 'EMB_P', 'EMB_P', 'EMB_P', 'EMB_P', 'EMB_P', 'EMB_P', 'EMB_P', 'EMB_P', 'EMB_P', 'EMB_P', 'EMB_P', 'EMB_P', 'EMB_P', 'EMB_P', 'EMB_P', 'EMB_P', 'EMB_P', 'EMB_P', 'EMB_P', 'EMB_P', 'EMB_P', 'EMB_P', 'EMB_P', 'EMB_P', 'EMB_P', 'EMB_P', 'EMB_P', 'EMB_P', 'EMB_P', 'EMB_P', 'EMB_P', 'EMB_P', 'EMB_P', 'EMB_P', 'EMB_P', 'EMB_P', 'EMB_P', 'EMB_P', 'EMB_P', 'EMB_P', 'EMB_P', 'EMB_P', 'EMB_P', 'EMB_P', 'EMB_P', 'EMB_P', 'EMB_P', 'EMB_P']","['EMB_O', 'EMB_O', 'EMB_O', 'EMB_O', 'EMB_O', 'EMB_O', 'EMB_O', 'EMB_O', 'EMB_O', 'EMB_O', 'EMB_O', 'EMB_O', 'EMB_O', 'EMB_O', 'EMB_O', 'EMB_O', 'EMB_O', 'EMB_O', 'EMB_O', 'EMB_O', 'EMB_O', 'EMB_O', 'EMB_O', 'EMB_O', 'EMB_O', 'EMB_O', 'EMB_O', 'EMB_O', 'EMB_O', 'EMB_O', 'EMB_O', 'EMB_O', 'EMB_O', 'EMB_O', 'EMB_O', 'EMB_O', 'EMB_O', 'EMB_O', 'EMB_O', 'EMB_O', 'EMB_O', 'EMB_O', 'EMB_O', 'EMB_O', 'EMB_O', 'EMB_O', 'EMB_O', 'EMB_O', 'EMB_O', 'EMB_O', 'EMB_O', 'EMB_O', 'EMB_O', 'EMB_O', 'EMB_O', 'EMB_O', 'EMB_P', 'EMB_P', 'EMB_P', 'EMB_P', 'EMB_P', 'EMB_P', 'EMB_P', 'EMB_P', 'EMB_P', 'EMB_P', 'EMB_P', 'EMB_P', 'EMB_P', 'EMB_P', 'EMB_P', 'EMB_P', 'EMB_P', 'EMB_P', 'EMB_P', 'EMB_P', 'EMB_P', 'EMB_P', 'EMB_P', 'EMB_P', 'EMB_P', 'EMB_P', 'EMB_P', 'EMB_P', 'EMB_P', 'EMB_P', 'EMB_P', 'EMB_P', 'EMB_P', 'EMB_P', 'EMB_P', 'EMB_P', 'EMB_P', 'EMB_P', 'EMB_P', 'EMB_P', 'EMB_P', 'EMB_P', 'EMB_P', 'EMB_P', 'EMB_P', 'EMB_P', 'EMB_P', 'EMB_P', 'EMB_P', 'EMB_P', 'EMB_P', 'EMB_P', 'EMB_P', 'EMB_P', 'EMB_P', 'EMB_P', 'EMB_P', 'EMB_P', 'EMB_P', 'EMB_P', 'EMB_P', 'EMB_P', 'EMB_P', 'EMB_P', 'EMB_P', 'EMB_P', 'EMB_P', 'EMB_P', 'EMB_P', 'EMB_P', 'EMB_P', 'EMB_P']"
211,customer service,great,laptop_quad_dev_183,the funny part is that the customer service people have been great but they have no control to take care of problems .,7.17,7.33,"['EMB_O', 'EMB_O', 'EMB_O', 'EMB_O', 'EMB_O', 'EMB_O', 'EMB_O', 'EMB_O', 'ASP_B', 'ASP_E', 'EMB_O', 'EMB_O', 'EMB_O', 'EMB_O', 'EMB_O', 'EMB_O', 'EMB_O', 'EMB_O', 'EMB_O', 'EMB_O', 'EMB_O', 'EMB_O', 'EMB_O', 'EMB_O', 'EMB_O', 'EMB_O', 'EMB_P', 'EMB_P', 'EMB_P', 'EMB_P', 'EMB_P', 'EMB_P', 'EMB_P', 'EMB_P', 'EMB_P', 'EMB_P', 'EMB_P', 'EMB_P', 'EMB_P', 'EMB_P', 'EMB_P', 'EMB_P', 'EMB_P', 'EMB_P', 'EMB_P', 'EMB_P', 'EMB_P', 'EMB_P', 'EMB_P', 'EMB_P', 'EMB_P', 'EMB_P', 'EMB_P', 'EMB_P', 'EMB_P', 'EMB_P', 'EMB_P', 'EMB_P', 'EMB_P', 'EMB_P', 'EMB_P', 'EMB_P', 'EMB_P', 'EMB_P', 'EMB_P', 'EMB_P', 'EMB_P', 'EMB_P', 'EMB_P', 'EMB_P', 'EMB_P', 'EMB_P', 'EMB_P', 'EMB_P', 'EMB_P', 'EMB_P', 'EMB_P', 'EMB_P', 'EMB_P', 'EMB_P', 'EMB_P', 'EMB_P', 'EMB_P', 'EMB_P', 'EMB_P', 'EMB_P', 'EMB_P', 'EMB_P', 'EMB_P', 'EMB_P', 'EMB_P', 'EMB_P', 'EMB_P', 'EMB_P', 'EMB_P', 'EMB_P', 'EMB_P', 'EMB_P', 'EMB_P', 'EMB_P', 'EMB_P', 'EMB_P', 'EMB_P', 'EMB_P', 'EMB_P', 'EMB_P', 'EMB_P', 'EMB_P', 'EMB_P', 'EMB_P', 'EMB_P', 'EMB_P', 'EMB_P', 'EMB_P', 'EMB_P', 'EMB_P', 'EMB_P', 'EMB_P', 'EMB_P', 'EMB_P', 'EMB_P', 'EMB_P', 'EMB_P', 'EMB_P', 'EMB_P', 'EMB_P', 'EMB_P', 'EMB_P']","['EMB_O', 'EMB_O', 'EMB_O', 'EMB_O', 'EMB_O', 'EMB_O', 'EMB_O', 'EMB_O', 'EMB_O', 'EMB_O', 'EMB_O', 'EMB_O', 'EMB_O', 'OPN_S', 'EMB_O', 'EMB_O', 'EMB_O', 'EMB_O', 'EMB_O', 'EMB_O', 'EMB_O', 'EMB_O', 'EMB_O', 'EMB_O', 'EMB_O', 'EMB_O', 'EMB_P', 'EMB_P', 'EMB_P', 'EMB_P', 'EMB_P', 'EMB_P', 'EMB_P', 'EMB_P', 'EMB_P', 'EMB_P', 'EMB_P', 'EMB_P', 'EMB_P', 'EMB_P', 'EMB_P', 'EMB_P', 'EMB_P', 'EMB_P', 'EMB_P', 'EMB_P', 'EMB_P', 'EMB_P', 'EMB_P', 'EMB_P', 'EMB_P', 'EMB_P', 'EMB_P', 'EMB_P', 'EMB_P', 'EMB_P', 'EMB_P', 'EMB_P', 'EMB_P', 'EMB_P', 'EMB_P', 'EMB_P', 'EMB_P', 'EMB_P', 'EMB_P', 'EMB_P', 'EMB_P', 'EMB_P', 'EMB_P', 'EMB_P', 'EMB_P', 'EMB_P', 'EMB_P', 'EMB_P', 'EMB_P', 'EMB_P', 'EMB_P', 'EMB_P', 'EMB_P', 'EMB_P', 'EMB_P', 'EMB_P', 'EMB_P', 'EMB_P', 'EMB_P', 'EMB_P', 'EMB_P', 'EMB_P', 'EMB_P', 'EMB_P', 'EMB_P', 'EMB_P', 'EMB_P', 'EMB_P', 'EMB_P', 'EMB_P', 'EMB_P', 'EMB_P', 'EMB_P', 'EMB_P', 'EMB_P', 'EMB_P', 'EMB_P', 'EMB_P', 'EMB_P', 'EMB_P', 'EMB_P', 'EMB_P', 'EMB_P', 'EMB_P', 'EMB_P', 'EMB_P', 'EMB_P', 'EMB_P', 'EMB_P', 'EMB_P', 'EMB_P', 'EMB_P', 'EMB_P', 'EMB_P', 'EMB_P', 'EMB_P', 'EMB_P', 'EMB_P', 'EMB_P', 'EMB_P', 'EMB_P', 'EMB_P']"
212,factor,very slim,laptop_quad_dev_184,"all metal body , very slim form factor , and has a pretty decent touchscreen .",7.0,7.0,"['EMB_O', 'EMB_O', 'EMB_O', 'EMB_O', 'EMB_O', 'EMB_O', 'EMB_O', 'EMB_O', 'EMB_O', 'ASP_S', 'EMB_O', 'EMB_O', 'EMB_O', 'EMB_O', 'EMB_O', 'EMB_O', 'EMB_O', 'EMB_O', 'EMB_O', 'EMB_O', 'EMB_O', 'EMB_O', 'EMB_P', 'EMB_P', 'EMB_P', 'EMB_P', 'EMB_P', 'EMB_P', 'EMB_P', 'EMB_P', 'EMB_P', 'EMB_P', 'EMB_P', 'EMB_P', 'EMB_P', 'EMB_P', 'EMB_P', 'EMB_P', 'EMB_P', 'EMB_P', 'EMB_P', 'EMB_P', 'EMB_P', 'EMB_P', 'EMB_P', 'EMB_P', 'EMB_P', 'EMB_P', 'EMB_P', 'EMB_P', 'EMB_P', 'EMB_P', 'EMB_P', 'EMB_P', 'EMB_P', 'EMB_P', 'EMB_P', 'EMB_P', 'EMB_P', 'EMB_P', 'EMB_P', 'EMB_P', 'EMB_P', 'EMB_P', 'EMB_P', 'EMB_P', 'EMB_P', 'EMB_P', 'EMB_P', 'EMB_P', 'EMB_P', 'EMB_P', 'EMB_P', 'EMB_P', 'EMB_P', 'EMB_P', 'EMB_P', 'EMB_P', 'EMB_P', 'EMB_P', 'EMB_P', 'EMB_P', 'EMB_P', 'EMB_P', 'EMB_P', 'EMB_P', 'EMB_P', 'EMB_P', 'EMB_P', 'EMB_P', 'EMB_P', 'EMB_P', 'EMB_P', 'EMB_P', 'EMB_P', 'EMB_P', 'EMB_P', 'EMB_P', 'EMB_P', 'EMB_P', 'EMB_P', 'EMB_P', 'EMB_P', 'EMB_P', 'EMB_P', 'EMB_P', 'EMB_P', 'EMB_P', 'EMB_P', 'EMB_P', 'EMB_P', 'EMB_P', 'EMB_P', 'EMB_P', 'EMB_P', 'EMB_P', 'EMB_P', 'EMB_P', 'EMB_P', 'EMB_P', 'EMB_P', 'EMB_P', 'EMB_P', 'EMB_P', 'EMB_P', 'EMB_P', 'EMB_P', 'EMB_P']","['EMB_O', 'EMB_O', 'EMB_O', 'EMB_O', 'EMB_O', 'OPN_B', 'OPN_I', 'OPN_E', 'EMB_O', 'EMB_O', 'EMB_O', 'EMB_O', 'EMB_O', 'EMB_O', 'EMB_O', 'EMB_O', 'EMB_O', 'EMB_O', 'EMB_O', 'EMB_O', 'EMB_O', 'EMB_O', 'EMB_P', 'EMB_P', 'EMB_P', 'EMB_P', 'EMB_P', 'EMB_P', 'EMB_P', 'EMB_P', 'EMB_P', 'EMB_P', 'EMB_P', 'EMB_P', 'EMB_P', 'EMB_P', 'EMB_P', 'EMB_P', 'EMB_P', 'EMB_P', 'EMB_P', 'EMB_P', 'EMB_P', 'EMB_P', 'EMB_P', 'EMB_P', 'EMB_P', 'EMB_P', 'EMB_P', 'EMB_P', 'EMB_P', 'EMB_P', 'EMB_P', 'EMB_P', 'EMB_P', 'EMB_P', 'EMB_P', 'EMB_P', 'EMB_P', 'EMB_P', 'EMB_P', 'EMB_P', 'EMB_P', 'EMB_P', 'EMB_P', 'EMB_P', 'EMB_P', 'EMB_P', 'EMB_P', 'EMB_P', 'EMB_P', 'EMB_P', 'EMB_P', 'EMB_P', 'EMB_P', 'EMB_P', 'EMB_P', 'EMB_P', 'EMB_P', 'EMB_P', 'EMB_P', 'EMB_P', 'EMB_P', 'EMB_P', 'EMB_P', 'EMB_P', 'EMB_P', 'EMB_P', 'EMB_P', 'EMB_P', 'EMB_P', 'EMB_P', 'EMB_P', 'EMB_P', 'EMB_P', 'EMB_P', 'EMB_P', 'EMB_P', 'EMB_P', 'EMB_P', 'EMB_P', 'EMB_P', 'EMB_P', 'EMB_P', 'EMB_P', 'EMB_P', 'EMB_P', 'EMB_P', 'EMB_P', 'EMB_P', 'EMB_P', 'EMB_P', 'EMB_P', 'EMB_P', 'EMB_P', 'EMB_P', 'EMB_P', 'EMB_P', 'EMB_P', 'EMB_P', 'EMB_P', 'EMB_P', 'EMB_P', 'EMB_P', 'EMB_P', 'EMB_P', 'EMB_P', 'EMB_P']"
213,touchscreen,pretty decent,laptop_quad_dev_184,"all metal body , very slim form factor , and has a pretty decent touchscreen .",7.12,7.12,"['EMB_O', 'EMB_O', 'EMB_O', 'EMB_O', 'EMB_O', 'EMB_O', 'EMB_O', 'EMB_O', 'EMB_O', 'EMB_O', 'EMB_O', 'EMB_O', 'EMB_O', 'EMB_O', 'EMB_O', 'EMB_O', 'EMB_O', 'ASP_B', 'ASP_I', 'ASP_E', 'EMB_O', 'EMB_O', 'EMB_P', 'EMB_P', 'EMB_P', 'EMB_P', 'EMB_P', 'EMB_P', 'EMB_P', 'EMB_P', 'EMB_P', 'EMB_P', 'EMB_P', 'EMB_P', 'EMB_P', 'EMB_P', 'EMB_P', 'EMB_P', 'EMB_P', 'EMB_P', 'EMB_P', 'EMB_P', 'EMB_P', 'EMB_P', 'EMB_P', 'EMB_P', 'EMB_P', 'EMB_P', 'EMB_P', 'EMB_P', 'EMB_P', 'EMB_P', 'EMB_P', 'EMB_P', 'EMB_P', 'EMB_P', 'EMB_P', 'EMB_P', 'EMB_P', 'EMB_P', 'EMB_P', 'EMB_P', 'EMB_P', 'EMB_P', 'EMB_P', 'EMB_P', 'EMB_P', 'EMB_P', 'EMB_P', 'EMB_P', 'EMB_P', 'EMB_P', 'EMB_P', 'EMB_P', 'EMB_P', 'EMB_P', 'EMB_P', 'EMB_P', 'EMB_P', 'EMB_P', 'EMB_P', 'EMB_P', 'EMB_P', 'EMB_P', 'EMB_P', 'EMB_P', 'EMB_P', 'EMB_P', 'EMB_P', 'EMB_P', 'EMB_P', 'EMB_P', 'EMB_P', 'EMB_P', 'EMB_P', 'EMB_P', 'EMB_P', 'EMB_P', 'EMB_P', 'EMB_P', 'EMB_P', 'EMB_P', 'EMB_P', 'EMB_P', 'EMB_P', 'EMB_P', 'EMB_P', 'EMB_P', 'EMB_P', 'EMB_P', 'EMB_P', 'EMB_P', 'EMB_P', 'EMB_P', 'EMB_P', 'EMB_P', 'EMB_P', 'EMB_P', 'EMB_P', 'EMB_P', 'EMB_P', 'EMB_P', 'EMB_P', 'EMB_P', 'EMB_P', 'EMB_P', 'EMB_P', 'EMB_P']","['EMB_O', 'EMB_O', 'EMB_O', 'EMB_O', 'EMB_O', 'EMB_O', 'EMB_O', 'EMB_O', 'EMB_O', 'EMB_O', 'EMB_O', 'EMB_O', 'EMB_O', 'EMB_O', 'OPN_B', 'OPN_I', 'OPN_E', 'EMB_O', 'EMB_O', 'EMB_O', 'EMB_O', 'EMB_O', 'EMB_P', 'EMB_P', 'EMB_P', 'EMB_P', 'EMB_P', 'EMB_P', 'EMB_P', 'EMB_P', 'EMB_P', 'EMB_P', 'EMB_P', 'EMB_P', 'EMB_P', 'EMB_P', 'EMB_P', 'EMB_P', 'EMB_P', 'EMB_P', 'EMB_P', 'EMB_P', 'EMB_P', 'EMB_P', 'EMB_P', 'EMB_P', 'EMB_P', 'EMB_P', 'EMB_P', 'EMB_P', 'EMB_P', 'EMB_P', 'EMB_P', 'EMB_P', 'EMB_P', 'EMB_P', 'EMB_P', 'EMB_P', 'EMB_P', 'EMB_P', 'EMB_P', 'EMB_P', 'EMB_P', 'EMB_P', 'EMB_P', 'EMB_P', 'EMB_P', 'EMB_P', 'EMB_P', 'EMB_P', 'EMB_P', 'EMB_P', 'EMB_P', 'EMB_P', 'EMB_P', 'EMB_P', 'EMB_P', 'EMB_P', 'EMB_P', 'EMB_P', 'EMB_P', 'EMB_P', 'EMB_P', 'EMB_P', 'EMB_P', 'EMB_P', 'EMB_P', 'EMB_P', 'EMB_P', 'EMB_P', 'EMB_P', 'EMB_P', 'EMB_P', 'EMB_P', 'EMB_P', 'EMB_P', 'EMB_P', 'EMB_P', 'EMB_P', 'EMB_P', 'EMB_P', 'EMB_P', 'EMB_P', 'EMB_P', 'EMB_P', 'EMB_P', 'EMB_P', 'EMB_P', 'EMB_P', 'EMB_P', 'EMB_P', 'EMB_P', 'EMB_P', 'EMB_P', 'EMB_P', 'EMB_P', 'EMB_P', 'EMB_P', 'EMB_P', 'EMB_P', 'EMB_P', 'EMB_P', 'EMB_P', 'EMB_P', 'EMB_P', 'EMB_P', 'EMB_P', 'EMB_P']"
214,headphone jack,NULL,laptop_quad_dev_185,"as others have already reported , the headphone jack produces extremely weak volume , even at max .",5.0,5.0,"['EMB_O', 'EMB_O', 'EMB_O', 'EMB_O', 'EMB_O', 'EMB_O', 'EMB_O', 'EMB_O', 'ASP_B', 'ASP_I', 'ASP_I', 'ASP_E', 'EMB_O', 'EMB_O', 'EMB_O', 'EMB_O', 'EMB_O', 'EMB_O', 'EMB_O', 'EMB_O', 'EMB_O', 'EMB_O', 'EMB_P', 'EMB_P', 'EMB_P', 'EMB_P', 'EMB_P', 'EMB_P', 'EMB_P', 'EMB_P', 'EMB_P', 'EMB_P', 'EMB_P', 'EMB_P', 'EMB_P', 'EMB_P', 'EMB_P', 'EMB_P', 'EMB_P', 'EMB_P', 'EMB_P', 'EMB_P', 'EMB_P', 'EMB_P', 'EMB_P', 'EMB_P', 'EMB_P', 'EMB_P', 'EMB_P', 'EMB_P', 'EMB_P', 'EMB_P', 'EMB_P', 'EMB_P', 'EMB_P', 'EMB_P', 'EMB_P', 'EMB_P', 'EMB_P', 'EMB_P', 'EMB_P', 'EMB_P', 'EMB_P', 'EMB_P', 'EMB_P', 'EMB_P', 'EMB_P', 'EMB_P', 'EMB_P', 'EMB_P', 'EMB_P', 'EMB_P', 'EMB_P', 'EMB_P', 'EMB_P', 'EMB_P', 'EMB_P', 'EMB_P', 'EMB_P', 'EMB_P', 'EMB_P', 'EMB_P', 'EMB_P', 'EMB_P', 'EMB_P', 'EMB_P', 'EMB_P', 'EMB_P', 'EMB_P', 'EMB_P', 'EMB_P', 'EMB_P', 'EMB_P', 'EMB_P', 'EMB_P', 'EMB_P', 'EMB_P', 'EMB_P', 'EMB_P', 'EMB_P', 'EMB_P', 'EMB_P', 'EMB_P', 'EMB_P', 'EMB_P', 'EMB_P', 'EMB_P', 'EMB_P', 'EMB_P', 'EMB_P', 'EMB_P', 'EMB_P', 'EMB_P', 'EMB_P', 'EMB_P', 'EMB_P', 'EMB_P', 'EMB_P', 'EMB_P', 'EMB_P', 'EMB_P', 'EMB_P', 'EMB_P', 'EMB_P', 'EMB_P', 'EMB_P', 'EMB_P', 'EMB_P']","['EMB_O', 'EMB_O', 'EMB_O', 'EMB_O', 'EMB_O', 'EMB_O', 'EMB_O', 'EMB_O', 'EMB_O', 'EMB_O', 'EMB_O', 'EMB_O', 'EMB_O', 'EMB_O', 'EMB_O', 'EMB_O', 'EMB_O', 'EMB_O', 'EMB_O', 'EMB_O', 'EMB_O', 'EMB_O', 'EMB_P', 'EMB_P', 'EMB_P', 'EMB_P', 'EMB_P', 'EMB_P', 'EMB_P', 'EMB_P', 'EMB_P', 'EMB_P', 'EMB_P', 'EMB_P', 'EMB_P', 'EMB_P', 'EMB_P', 'EMB_P', 'EMB_P', 'EMB_P', 'EMB_P', 'EMB_P', 'EMB_P', 'EMB_P', 'EMB_P', 'EMB_P', 'EMB_P', 'EMB_P', 'EMB_P', 'EMB_P', 'EMB_P', 'EMB_P', 'EMB_P', 'EMB_P', 'EMB_P', 'EMB_P', 'EMB_P', 'EMB_P', 'EMB_P', 'EMB_P', 'EMB_P', 'EMB_P', 'EMB_P', 'EMB_P', 'EMB_P', 'EMB_P', 'EMB_P', 'EMB_P', 'EMB_P', 'EMB_P', 'EMB_P', 'EMB_P', 'EMB_P', 'EMB_P', 'EMB_P', 'EMB_P', 'EMB_P', 'EMB_P', 'EMB_P', 'EMB_P', 'EMB_P', 'EMB_P', 'EMB_P', 'EMB_P', 'EMB_P', 'EMB_P', 'EMB_P', 'EMB_P', 'EMB_P', 'EMB_P', 'EMB_P', 'EMB_P', 'EMB_P', 'EMB_P', 'EMB_P', 'EMB_P', 'EMB_P', 'EMB_P', 'EMB_P', 'EMB_P', 'EMB_P', 'EMB_P', 'EMB_P', 'EMB_P', 'EMB_P', 'EMB_P', 'EMB_P', 'EMB_P', 'EMB_P', 'EMB_P', 'EMB_P', 'EMB_P', 'EMB_P', 'EMB_P', 'EMB_P', 'EMB_P', 'EMB_P', 'EMB_P', 'EMB_P', 'EMB_P', 'EMB_P', 'EMB_P', 'EMB_P', 'EMB_P', 'EMB_P', 'EMB_P', 'EMB_P', 'EMB_P']"
215,speakers,crackling annoyingly,laptop_quad_dev_186,"anyhow , within a week , the speakers started crackling annoyingly when watching videos , or playing games .",3.12,6.5,"['EMB_O', 'EMB_O', 'EMB_O', 'EMB_O', 'EMB_O', 'EMB_O', 'EMB_O', 'EMB_O', 'EMB_O', 'ASP_S', 'EMB_O', 'EMB_O', 'EMB_O', 'EMB_O', 'EMB_O', 'EMB_O', 'EMB_O', 'EMB_O', 'EMB_O', 'EMB_O', 'EMB_O', 'EMB_O', 'EMB_O', 'EMB_O', 'EMB_O', 'EMB_O', 'EMB_P', 'EMB_P', 'EMB_P', 'EMB_P', 'EMB_P', 'EMB_P', 'EMB_P', 'EMB_P', 'EMB_P', 'EMB_P', 'EMB_P', 'EMB_P', 'EMB_P', 'EMB_P', 'EMB_P', 'EMB_P', 'EMB_P', 'EMB_P', 'EMB_P', 'EMB_P', 'EMB_P', 'EMB_P', 'EMB_P', 'EMB_P', 'EMB_P', 'EMB_P', 'EMB_P', 'EMB_P', 'EMB_P', 'EMB_P', 'EMB_P', 'EMB_P', 'EMB_P', 'EMB_P', 'EMB_P', 'EMB_P', 'EMB_P', 'EMB_P', 'EMB_P', 'EMB_P', 'EMB_P', 'EMB_P', 'EMB_P', 'EMB_P', 'EMB_P', 'EMB_P', 'EMB_P', 'EMB_P', 'EMB_P', 'EMB_P', 'EMB_P', 'EMB_P', 'EMB_P', 'EMB_P', 'EMB_P', 'EMB_P', 'EMB_P', 'EMB_P', 'EMB_P', 'EMB_P', 'EMB_P', 'EMB_P', 'EMB_P', 'EMB_P', 'EMB_P', 'EMB_P', 'EMB_P', 'EMB_P', 'EMB_P', 'EMB_P', 'EMB_P', 'EMB_P', 'EMB_P', 'EMB_P', 'EMB_P', 'EMB_P', 'EMB_P', 'EMB_P', 'EMB_P', 'EMB_P', 'EMB_P', 'EMB_P', 'EMB_P', 'EMB_P', 'EMB_P', 'EMB_P', 'EMB_P', 'EMB_P', 'EMB_P', 'EMB_P', 'EMB_P', 'EMB_P', 'EMB_P', 'EMB_P', 'EMB_P', 'EMB_P', 'EMB_P', 'EMB_P', 'EMB_P', 'EMB_P', 'EMB_P', 'EMB_P']","['EMB_O', 'EMB_O', 'EMB_O', 'EMB_O', 'EMB_O', 'EMB_O', 'EMB_O', 'EMB_O', 'EMB_O', 'EMB_O', 'EMB_O', 'OPN_B', 'OPN_I', 'OPN_I', 'OPN_I', 'OPN_I', 'OPN_E', 'EMB_O', 'EMB_O', 'EMB_O', 'EMB_O', 'EMB_O', 'EMB_O', 'EMB_O', 'EMB_O', 'EMB_O', 'EMB_P', 'EMB_P', 'EMB_P', 'EMB_P', 'EMB_P', 'EMB_P', 'EMB_P', 'EMB_P', 'EMB_P', 'EMB_P', 'EMB_P', 'EMB_P', 'EMB_P', 'EMB_P', 'EMB_P', 'EMB_P', 'EMB_P', 'EMB_P', 'EMB_P', 'EMB_P', 'EMB_P', 'EMB_P', 'EMB_P', 'EMB_P', 'EMB_P', 'EMB_P', 'EMB_P', 'EMB_P', 'EMB_P', 'EMB_P', 'EMB_P', 'EMB_P', 'EMB_P', 'EMB_P', 'EMB_P', 'EMB_P', 'EMB_P', 'EMB_P', 'EMB_P', 'EMB_P', 'EMB_P', 'EMB_P', 'EMB_P', 'EMB_P', 'EMB_P', 'EMB_P', 'EMB_P', 'EMB_P', 'EMB_P', 'EMB_P', 'EMB_P', 'EMB_P', 'EMB_P', 'EMB_P', 'EMB_P', 'EMB_P', 'EMB_P', 'EMB_P', 'EMB_P', 'EMB_P', 'EMB_P', 'EMB_P', 'EMB_P', 'EMB_P', 'EMB_P', 'EMB_P', 'EMB_P', 'EMB_P', 'EMB_P', 'EMB_P', 'EMB_P', 'EMB_P', 'EMB_P', 'EMB_P', 'EMB_P', 'EMB_P', 'EMB_P', 'EMB_P', 'EMB_P', 'EMB_P', 'EMB_P', 'EMB_P', 'EMB_P', 'EMB_P', 'EMB_P', 'EMB_P', 'EMB_P', 'EMB_P', 'EMB_P', 'EMB_P', 'EMB_P', 'EMB_P', 'EMB_P', 'EMB_P', 'EMB_P', 'EMB_P', 'EMB_P', 'EMB_P', 'EMB_P', 'EMB_P', 'EMB_P', 'EMB_P']"
216,unit,NULL,laptop_quad_dev_187,"unlike other asus laptops i ' ve tried , this unit won the display roulette .",5.38,5.25,"['EMB_O', 'EMB_O', 'EMB_O', 'EMB_O', 'EMB_O', 'EMB_O', 'EMB_O', 'EMB_O', 'EMB_O', 'EMB_O', 'EMB_O', 'EMB_O', 'EMB_O', 'ASP_S', 'EMB_O', 'EMB_O', 'EMB_O', 'EMB_O', 'EMB_O', 'EMB_O', 'EMB_O', 'EMB_O', 'EMB_P', 'EMB_P', 'EMB_P', 'EMB_P', 'EMB_P', 'EMB_P', 'EMB_P', 'EMB_P', 'EMB_P', 'EMB_P', 'EMB_P', 'EMB_P', 'EMB_P', 'EMB_P', 'EMB_P', 'EMB_P', 'EMB_P', 'EMB_P', 'EMB_P', 'EMB_P', 'EMB_P', 'EMB_P', 'EMB_P', 'EMB_P', 'EMB_P', 'EMB_P', 'EMB_P', 'EMB_P', 'EMB_P', 'EMB_P', 'EMB_P', 'EMB_P', 'EMB_P', 'EMB_P', 'EMB_P', 'EMB_P', 'EMB_P', 'EMB_P', 'EMB_P', 'EMB_P', 'EMB_P', 'EMB_P', 'EMB_P', 'EMB_P', 'EMB_P', 'EMB_P', 'EMB_P', 'EMB_P', 'EMB_P', 'EMB_P', 'EMB_P', 'EMB_P', 'EMB_P', 'EMB_P', 'EMB_P', 'EMB_P', 'EMB_P', 'EMB_P', 'EMB_P', 'EMB_P', 'EMB_P', 'EMB_P', 'EMB_P', 'EMB_P', 'EMB_P', 'EMB_P', 'EMB_P', 'EMB_P', 'EMB_P', 'EMB_P', 'EMB_P', 'EMB_P', 'EMB_P', 'EMB_P', 'EMB_P', 'EMB_P', 'EMB_P', 'EMB_P', 'EMB_P', 'EMB_P', 'EMB_P', 'EMB_P', 'EMB_P', 'EMB_P', 'EMB_P', 'EMB_P', 'EMB_P', 'EMB_P', 'EMB_P', 'EMB_P', 'EMB_P', 'EMB_P', 'EMB_P', 'EMB_P', 'EMB_P', 'EMB_P', 'EMB_P', 'EMB_P', 'EMB_P', 'EMB_P', 'EMB_P', 'EMB_P', 'EMB_P', 'EMB_P', 'EMB_P', 'EMB_P']","['EMB_O', 'EMB_O', 'EMB_O', 'EMB_O', 'EMB_O', 'EMB_O', 'EMB_O', 'EMB_O', 'EMB_O', 'EMB_O', 'EMB_O', 'EMB_O', 'EMB_O', 'EMB_O', 'EMB_O', 'EMB_O', 'EMB_O', 'EMB_O', 'EMB_O', 'EMB_O', 'EMB_O', 'EMB_O', 'EMB_P', 'EMB_P', 'EMB_P', 'EMB_P', 'EMB_P', 'EMB_P', 'EMB_P', 'EMB_P', 'EMB_P', 'EMB_P', 'EMB_P', 'EMB_P', 'EMB_P', 'EMB_P', 'EMB_P', 'EMB_P', 'EMB_P', 'EMB_P', 'EMB_P', 'EMB_P', 'EMB_P', 'EMB_P', 'EMB_P', 'EMB_P', 'EMB_P', 'EMB_P', 'EMB_P', 'EMB_P', 'EMB_P', 'EMB_P', 'EMB_P', 'EMB_P', 'EMB_P', 'EMB_P', 'EMB_P', 'EMB_P', 'EMB_P', 'EMB_P', 'EMB_P', 'EMB_P', 'EMB_P', 'EMB_P', 'EMB_P', 'EMB_P', 'EMB_P', 'EMB_P', 'EMB_P', 'EMB_P', 'EMB_P', 'EMB_P', 'EMB_P', 'EMB_P', 'EMB_P', 'EMB_P', 'EMB_P', 'EMB_P', 'EMB_P', 'EMB_P', 'EMB_P', 'EMB_P', 'EMB_P', 'EMB_P', 'EMB_P', 'EMB_P', 'EMB_P', 'EMB_P', 'EMB_P', 'EMB_P', 'EMB_P', 'EMB_P', 'EMB_P', 'EMB_P', 'EMB_P', 'EMB_P', 'EMB_P', 'EMB_P', 'EMB_P', 'EMB_P', 'EMB_P', 'EMB_P', 'EMB_P', 'EMB_P', 'EMB_P', 'EMB_P', 'EMB_P', 'EMB_P', 'EMB_P', 'EMB_P', 'EMB_P', 'EMB_P', 'EMB_P', 'EMB_P', 'EMB_P', 'EMB_P', 'EMB_P', 'EMB_P', 'EMB_P', 'EMB_P', 'EMB_P', 'EMB_P', 'EMB_P', 'EMB_P', 'EMB_P', 'EMB_P', 'EMB_P', 'EMB_P']"
217,native chrome os media player,frustrated,laptop_quad_dev_188,"the native chrome os media player would play the files from the drive but had very limited playback capabilities , i could not get it to ` ` play all ` ` , only repeat one , suffice to say i was frustrated at that point and did not feel like googling how to make a media player do what others ` ` just do ` ` .",2.62,6.88,"['EMB_O', 'EMB_O', 'ASP_B', 'ASP_I', 'ASP_I', 'ASP_I', 'ASP_I', 'ASP_E', 'EMB_O', 'EMB_O', 'EMB_O', 'EMB_O', 'EMB_O', 'EMB_O', 'EMB_O', 'EMB_O', 'EMB_O', 'EMB_O', 'EMB_O', 'EMB_O', 'EMB_O', 'EMB_O', 'EMB_O', 'EMB_O', 'EMB_O', 'EMB_O', 'EMB_O', 'EMB_O', 'EMB_O', 'EMB_O', 'EMB_O', 'EMB_O', 'EMB_O', 'EMB_O', 'EMB_O', 'EMB_O', 'EMB_O', 'EMB_O', 'EMB_O', 'EMB_O', 'EMB_O', 'EMB_O', 'EMB_O', 'EMB_O', 'EMB_O', 'EMB_O', 'EMB_O', 'EMB_O', 'EMB_O', 'EMB_O', 'EMB_O', 'EMB_O', 'EMB_O', 'EMB_O', 'EMB_O', 'EMB_O', 'EMB_O', 'EMB_O', 'EMB_O', 'EMB_O', 'EMB_O', 'EMB_O', 'EMB_O', 'EMB_O', 'EMB_O', 'EMB_O', 'EMB_O', 'EMB_O', 'EMB_O', 'EMB_O', 'EMB_O', 'EMB_O', 'EMB_O', 'EMB_O', 'EMB_O', 'EMB_O', 'EMB_O', 'EMB_P', 'EMB_P', 'EMB_P', 'EMB_P', 'EMB_P', 'EMB_P', 'EMB_P', 'EMB_P', 'EMB_P', 'EMB_P', 'EMB_P', 'EMB_P', 'EMB_P', 'EMB_P', 'EMB_P', 'EMB_P', 'EMB_P', 'EMB_P', 'EMB_P', 'EMB_P', 'EMB_P', 'EMB_P', 'EMB_P', 'EMB_P', 'EMB_P', 'EMB_P', 'EMB_P', 'EMB_P', 'EMB_P', 'EMB_P', 'EMB_P', 'EMB_P', 'EMB_P', 'EMB_P', 'EMB_P', 'EMB_P', 'EMB_P', 'EMB_P', 'EMB_P', 'EMB_P', 'EMB_P', 'EMB_P', 'EMB_P', 'EMB_P', 'EMB_P', 'EMB_P', 'EMB_P', 'EMB_P', 'EMB_P', 'EMB_P', 'EMB_P']","['EMB_O', 'EMB_O', 'EMB_O', 'EMB_O', 'EMB_O', 'EMB_O', 'EMB_O', 'EMB_O', 'EMB_O', 'EMB_O', 'EMB_O', 'EMB_O', 'EMB_O', 'EMB_O', 'EMB_O', 'EMB_O', 'EMB_O', 'EMB_O', 'EMB_O', 'EMB_O', 'EMB_O', 'EMB_O', 'EMB_O', 'EMB_O', 'EMB_O', 'EMB_O', 'EMB_O', 'EMB_O', 'EMB_O', 'EMB_O', 'EMB_O', 'EMB_O', 'EMB_O', 'EMB_O', 'EMB_O', 'EMB_O', 'EMB_O', 'EMB_O', 'EMB_O', 'EMB_O', 'EMB_O', 'EMB_O', 'EMB_O', 'EMB_O', 'EMB_O', 'EMB_O', 'OPN_B', 'OPN_I', 'OPN_E', 'EMB_O', 'EMB_O', 'EMB_O', 'EMB_O', 'EMB_O', 'EMB_O', 'EMB_O', 'EMB_O', 'EMB_O', 'EMB_O', 'EMB_O', 'EMB_O', 'EMB_O', 'EMB_O', 'EMB_O', 'EMB_O', 'EMB_O', 'EMB_O', 'EMB_O', 'EMB_O', 'EMB_O', 'EMB_O', 'EMB_O', 'EMB_O', 'EMB_O', 'EMB_O', 'EMB_O', 'EMB_O', 'EMB_P', 'EMB_P', 'EMB_P', 'EMB_P', 'EMB_P', 'EMB_P', 'EMB_P', 'EMB_P', 'EMB_P', 'EMB_P', 'EMB_P', 'EMB_P', 'EMB_P', 'EMB_P', 'EMB_P', 'EMB_P', 'EMB_P', 'EMB_P', 'EMB_P', 'EMB_P', 'EMB_P', 'EMB_P', 'EMB_P', 'EMB_P', 'EMB_P', 'EMB_P', 'EMB_P', 'EMB_P', 'EMB_P', 'EMB_P', 'EMB_P', 'EMB_P', 'EMB_P', 'EMB_P', 'EMB_P', 'EMB_P', 'EMB_P', 'EMB_P', 'EMB_P', 'EMB_P', 'EMB_P', 'EMB_P', 'EMB_P', 'EMB_P', 'EMB_P', 'EMB_P', 'EMB_P', 'EMB_P', 'EMB_P', 'EMB_P', 'EMB_P']"
218,NULL,like,laptop_quad_dev_189,i like the security built in .,7.0,7.0,"['EMB_O', 'EMB_O', 'EMB_O', 'EMB_O', 'EMB_O', 'EMB_O', 'EMB_O', 'EMB_O', 'EMB_O', 'EMB_P', 'EMB_P', 'EMB_P', 'EMB_P', 'EMB_P', 'EMB_P', 'EMB_P', 'EMB_P', 'EMB_P', 'EMB_P', 'EMB_P', 'EMB_P', 'EMB_P', 'EMB_P', 'EMB_P', 'EMB_P', 'EMB_P', 'EMB_P', 'EMB_P', 'EMB_P', 'EMB_P', 'EMB_P', 'EMB_P', 'EMB_P', 'EMB_P', 'EMB_P', 'EMB_P', 'EMB_P', 'EMB_P', 'EMB_P', 'EMB_P', 'EMB_P', 'EMB_P', 'EMB_P', 'EMB_P', 'EMB_P', 'EMB_P', 'EMB_P', 'EMB_P', 'EMB_P', 'EMB_P', 'EMB_P', 'EMB_P', 'EMB_P', 'EMB_P', 'EMB_P', 'EMB_P', 'EMB_P', 'EMB_P', 'EMB_P', 'EMB_P', 'EMB_P', 'EMB_P', 'EMB_P', 'EMB_P', 'EMB_P', 'EMB_P', 'EMB_P', 'EMB_P', 'EMB_P', 'EMB_P', 'EMB_P', 'EMB_P', 'EMB_P', 'EMB_P', 'EMB_P', 'EMB_P', 'EMB_P', 'EMB_P', 'EMB_P', 'EMB_P', 'EMB_P', 'EMB_P', 'EMB_P', 'EMB_P', 'EMB_P', 'EMB_P', 'EMB_P', 'EMB_P', 'EMB_P', 'EMB_P', 'EMB_P', 'EMB_P', 'EMB_P', 'EMB_P', 'EMB_P', 'EMB_P', 'EMB_P', 'EMB_P', 'EMB_P', 'EMB_P', 'EMB_P', 'EMB_P', 'EMB_P', 'EMB_P', 'EMB_P', 'EMB_P', 'EMB_P', 'EMB_P', 'EMB_P', 'EMB_P', 'EMB_P', 'EMB_P', 'EMB_P', 'EMB_P', 'EMB_P', 'EMB_P', 'EMB_P', 'EMB_P', 'EMB_P', 'EMB_P', 'EMB_P', 'EMB_P', 'EMB_P', 'EMB_P', 'EMB_P', 'EMB_P', 'EMB_P', 'EMB_P']","['EMB_O', 'EMB_O', 'OPN_S', 'EMB_O', 'EMB_O', 'EMB_O', 'EMB_O', 'EMB_O', 'EMB_O', 'EMB_P', 'EMB_P', 'EMB_P', 'EMB_P', 'EMB_P', 'EMB_P', 'EMB_P', 'EMB_P', 'EMB_P', 'EMB_P', 'EMB_P', 'EMB_P', 'EMB_P', 'EMB_P', 'EMB_P', 'EMB_P', 'EMB_P', 'EMB_P', 'EMB_P', 'EMB_P', 'EMB_P', 'EMB_P', 'EMB_P', 'EMB_P', 'EMB_P', 'EMB_P', 'EMB_P', 'EMB_P', 'EMB_P', 'EMB_P', 'EMB_P', 'EMB_P', 'EMB_P', 'EMB_P', 'EMB_P', 'EMB_P', 'EMB_P', 'EMB_P', 'EMB_P', 'EMB_P', 'EMB_P', 'EMB_P', 'EMB_P', 'EMB_P', 'EMB_P', 'EMB_P', 'EMB_P', 'EMB_P', 'EMB_P', 'EMB_P', 'EMB_P', 'EMB_P', 'EMB_P', 'EMB_P', 'EMB_P', 'EMB_P', 'EMB_P', 'EMB_P', 'EMB_P', 'EMB_P', 'EMB_P', 'EMB_P', 'EMB_P', 'EMB_P', 'EMB_P', 'EMB_P', 'EMB_P', 'EMB_P', 'EMB_P', 'EMB_P', 'EMB_P', 'EMB_P', 'EMB_P', 'EMB_P', 'EMB_P', 'EMB_P', 'EMB_P', 'EMB_P', 'EMB_P', 'EMB_P', 'EMB_P', 'EMB_P', 'EMB_P', 'EMB_P', 'EMB_P', 'EMB_P', 'EMB_P', 'EMB_P', 'EMB_P', 'EMB_P', 'EMB_P', 'EMB_P', 'EMB_P', 'EMB_P', 'EMB_P', 'EMB_P', 'EMB_P', 'EMB_P', 'EMB_P', 'EMB_P', 'EMB_P', 'EMB_P', 'EMB_P', 'EMB_P', 'EMB_P', 'EMB_P', 'EMB_P', 'EMB_P', 'EMB_P', 'EMB_P', 'EMB_P', 'EMB_P', 'EMB_P', 'EMB_P', 'EMB_P', 'EMB_P', 'EMB_P', 'EMB_P', 'EMB_P']"
219,computer,NULL,laptop_quad_dev_190,"if i had it to do over , i would not purchase this computer .",3.1,6.3,"['EMB_O', 'EMB_O', 'EMB_O', 'EMB_O', 'EMB_O', 'EMB_O', 'EMB_O', 'EMB_O', 'EMB_O', 'EMB_O', 'EMB_O', 'EMB_O', 'EMB_O', 'EMB_O', 'ASP_S', 'EMB_O', 'EMB_O', 'EMB_P', 'EMB_P', 'EMB_P', 'EMB_P', 'EMB_P', 'EMB_P', 'EMB_P', 'EMB_P', 'EMB_P', 'EMB_P', 'EMB_P', 'EMB_P', 'EMB_P', 'EMB_P', 'EMB_P', 'EMB_P', 'EMB_P', 'EMB_P', 'EMB_P', 'EMB_P', 'EMB_P', 'EMB_P', 'EMB_P', 'EMB_P', 'EMB_P', 'EMB_P', 'EMB_P', 'EMB_P', 'EMB_P', 'EMB_P', 'EMB_P', 'EMB_P', 'EMB_P', 'EMB_P', 'EMB_P', 'EMB_P', 'EMB_P', 'EMB_P', 'EMB_P', 'EMB_P', 'EMB_P', 'EMB_P', 'EMB_P', 'EMB_P', 'EMB_P', 'EMB_P', 'EMB_P', 'EMB_P', 'EMB_P', 'EMB_P', 'EMB_P', 'EMB_P', 'EMB_P', 'EMB_P', 'EMB_P', 'EMB_P', 'EMB_P', 'EMB_P', 'EMB_P', 'EMB_P', 'EMB_P', 'EMB_P', 'EMB_P', 'EMB_P', 'EMB_P', 'EMB_P', 'EMB_P', 'EMB_P', 'EMB_P', 'EMB_P', 'EMB_P', 'EMB_P', 'EMB_P', 'EMB_P', 'EMB_P', 'EMB_P', 'EMB_P', 'EMB_P', 'EMB_P', 'EMB_P', 'EMB_P', 'EMB_P', 'EMB_P', 'EMB_P', 'EMB_P', 'EMB_P', 'EMB_P', 'EMB_P', 'EMB_P', 'EMB_P', 'EMB_P', 'EMB_P', 'EMB_P', 'EMB_P', 'EMB_P', 'EMB_P', 'EMB_P', 'EMB_P', 'EMB_P', 'EMB_P', 'EMB_P', 'EMB_P', 'EMB_P', 'EMB_P', 'EMB_P', 'EMB_P', 'EMB_P', 'EMB_P', 'EMB_P', 'EMB_P', 'EMB_P']","['EMB_O', 'EMB_O', 'EMB_O', 'EMB_O', 'EMB_O', 'EMB_O', 'EMB_O', 'EMB_O', 'EMB_O', 'EMB_O', 'EMB_O', 'EMB_O', 'EMB_O', 'EMB_O', 'EMB_O', 'EMB_O', 'EMB_O', 'EMB_P', 'EMB_P', 'EMB_P', 'EMB_P', 'EMB_P', 'EMB_P', 'EMB_P', 'EMB_P', 'EMB_P', 'EMB_P', 'EMB_P', 'EMB_P', 'EMB_P', 'EMB_P', 'EMB_P', 'EMB_P', 'EMB_P', 'EMB_P', 'EMB_P', 'EMB_P', 'EMB_P', 'EMB_P', 'EMB_P', 'EMB_P', 'EMB_P', 'EMB_P', 'EMB_P', 'EMB_P', 'EMB_P', 'EMB_P', 'EMB_P', 'EMB_P', 'EMB_P', 'EMB_P', 'EMB_P', 'EMB_P', 'EMB_P', 'EMB_P', 'EMB_P', 'EMB_P', 'EMB_P', 'EMB_P', 'EMB_P', 'EMB_P', 'EMB_P', 'EMB_P', 'EMB_P', 'EMB_P', 'EMB_P', 'EMB_P', 'EMB_P', 'EMB_P', 'EMB_P', 'EMB_P', 'EMB_P', 'EMB_P', 'EMB_P', 'EMB_P', 'EMB_P', 'EMB_P', 'EMB_P', 'EMB_P', 'EMB_P', 'EMB_P', 'EMB_P', 'EMB_P', 'EMB_P', 'EMB_P', 'EMB_P', 'EMB_P', 'EMB_P', 'EMB_P', 'EMB_P', 'EMB_P', 'EMB_P', 'EMB_P', 'EMB_P', 'EMB_P', 'EMB_P', 'EMB_P', 'EMB_P', 'EMB_P', 'EMB_P', 'EMB_P', 'EMB_P', 'EMB_P', 'EMB_P', 'EMB_P', 'EMB_P', 'EMB_P', 'EMB_P', 'EMB_P', 'EMB_P', 'EMB_P', 'EMB_P', 'EMB_P', 'EMB_P', 'EMB_P', 'EMB_P', 'EMB_P', 'EMB_P', 'EMB_P', 'EMB_P', 'EMB_P', 'EMB_P', 'EMB_P', 'EMB_P', 'EMB_P', 'EMB_P', 'EMB_P', 'EMB_P']"
220,speakers,NULL,laptop_quad_dev_191,"the first issue is that the speakers are on either side of the computer , and you can barely hear them on max volume .",4.75,4.75,"['EMB_O', 'EMB_O', 'EMB_O', 'EMB_O', 'EMB_O', 'EMB_O', 'EMB_O', 'ASP_S', 'EMB_O', 'EMB_O', 'EMB_O', 'EMB_O', 'EMB_O', 'EMB_O', 'EMB_O', 'EMB_O', 'EMB_O', 'EMB_O', 'EMB_O', 'EMB_O', 'EMB_O', 'EMB_O', 'EMB_O', 'EMB_O', 'EMB_O', 'EMB_O', 'EMB_O', 'EMB_O', 'EMB_P', 'EMB_P', 'EMB_P', 'EMB_P', 'EMB_P', 'EMB_P', 'EMB_P', 'EMB_P', 'EMB_P', 'EMB_P', 'EMB_P', 'EMB_P', 'EMB_P', 'EMB_P', 'EMB_P', 'EMB_P', 'EMB_P', 'EMB_P', 'EMB_P', 'EMB_P', 'EMB_P', 'EMB_P', 'EMB_P', 'EMB_P', 'EMB_P', 'EMB_P', 'EMB_P', 'EMB_P', 'EMB_P', 'EMB_P', 'EMB_P', 'EMB_P', 'EMB_P', 'EMB_P', 'EMB_P', 'EMB_P', 'EMB_P', 'EMB_P', 'EMB_P', 'EMB_P', 'EMB_P', 'EMB_P', 'EMB_P', 'EMB_P', 'EMB_P', 'EMB_P', 'EMB_P', 'EMB_P', 'EMB_P', 'EMB_P', 'EMB_P', 'EMB_P', 'EMB_P', 'EMB_P', 'EMB_P', 'EMB_P', 'EMB_P', 'EMB_P', 'EMB_P', 'EMB_P', 'EMB_P', 'EMB_P', 'EMB_P', 'EMB_P', 'EMB_P', 'EMB_P', 'EMB_P', 'EMB_P', 'EMB_P', 'EMB_P', 'EMB_P', 'EMB_P', 'EMB_P', 'EMB_P', 'EMB_P', 'EMB_P', 'EMB_P', 'EMB_P', 'EMB_P', 'EMB_P', 'EMB_P', 'EMB_P', 'EMB_P', 'EMB_P', 'EMB_P', 'EMB_P', 'EMB_P', 'EMB_P', 'EMB_P', 'EMB_P', 'EMB_P', 'EMB_P', 'EMB_P', 'EMB_P', 'EMB_P', 'EMB_P', 'EMB_P', 'EMB_P', 'EMB_P', 'EMB_P']","['EMB_O', 'EMB_O', 'EMB_O', 'EMB_O', 'EMB_O', 'EMB_O', 'EMB_O', 'EMB_O', 'EMB_O', 'EMB_O', 'EMB_O', 'EMB_O', 'EMB_O', 'EMB_O', 'EMB_O', 'EMB_O', 'EMB_O', 'EMB_O', 'EMB_O', 'EMB_O', 'EMB_O', 'EMB_O', 'EMB_O', 'EMB_O', 'EMB_O', 'EMB_O', 'EMB_O', 'EMB_O', 'EMB_P', 'EMB_P', 'EMB_P', 'EMB_P', 'EMB_P', 'EMB_P', 'EMB_P', 'EMB_P', 'EMB_P', 'EMB_P', 'EMB_P', 'EMB_P', 'EMB_P', 'EMB_P', 'EMB_P', 'EMB_P', 'EMB_P', 'EMB_P', 'EMB_P', 'EMB_P', 'EMB_P', 'EMB_P', 'EMB_P', 'EMB_P', 'EMB_P', 'EMB_P', 'EMB_P', 'EMB_P', 'EMB_P', 'EMB_P', 'EMB_P', 'EMB_P', 'EMB_P', 'EMB_P', 'EMB_P', 'EMB_P', 'EMB_P', 'EMB_P', 'EMB_P', 'EMB_P', 'EMB_P', 'EMB_P', 'EMB_P', 'EMB_P', 'EMB_P', 'EMB_P', 'EMB_P', 'EMB_P', 'EMB_P', 'EMB_P', 'EMB_P', 'EMB_P', 'EMB_P', 'EMB_P', 'EMB_P', 'EMB_P', 'EMB_P', 'EMB_P', 'EMB_P', 'EMB_P', 'EMB_P', 'EMB_P', 'EMB_P', 'EMB_P', 'EMB_P', 'EMB_P', 'EMB_P', 'EMB_P', 'EMB_P', 'EMB_P', 'EMB_P', 'EMB_P', 'EMB_P', 'EMB_P', 'EMB_P', 'EMB_P', 'EMB_P', 'EMB_P', 'EMB_P', 'EMB_P', 'EMB_P', 'EMB_P', 'EMB_P', 'EMB_P', 'EMB_P', 'EMB_P', 'EMB_P', 'EMB_P', 'EMB_P', 'EMB_P', 'EMB_P', 'EMB_P', 'EMB_P', 'EMB_P', 'EMB_P', 'EMB_P', 'EMB_P', 'EMB_P', 'EMB_P', 'EMB_P']"
221,NULL,NULL,laptop_quad_dev_192,it also had charging problems and got terrible warranty support .,4.12,4.88,"['EMB_O', 'EMB_O', 'EMB_O', 'EMB_O', 'EMB_O', 'EMB_O', 'EMB_O', 'EMB_O', 'EMB_O', 'EMB_O', 'EMB_O', 'EMB_O', 'EMB_O', 'EMB_O', 'EMB_O', 'EMB_O', 'EMB_P', 'EMB_P', 'EMB_P', 'EMB_P', 'EMB_P', 'EMB_P', 'EMB_P', 'EMB_P', 'EMB_P', 'EMB_P', 'EMB_P', 'EMB_P', 'EMB_P', 'EMB_P', 'EMB_P', 'EMB_P', 'EMB_P', 'EMB_P', 'EMB_P', 'EMB_P', 'EMB_P', 'EMB_P', 'EMB_P', 'EMB_P', 'EMB_P', 'EMB_P', 'EMB_P', 'EMB_P', 'EMB_P', 'EMB_P', 'EMB_P', 'EMB_P', 'EMB_P', 'EMB_P', 'EMB_P', 'EMB_P', 'EMB_P', 'EMB_P', 'EMB_P', 'EMB_P', 'EMB_P', 'EMB_P', 'EMB_P', 'EMB_P', 'EMB_P', 'EMB_P', 'EMB_P', 'EMB_P', 'EMB_P', 'EMB_P', 'EMB_P', 'EMB_P', 'EMB_P', 'EMB_P', 'EMB_P', 'EMB_P', 'EMB_P', 'EMB_P', 'EMB_P', 'EMB_P', 'EMB_P', 'EMB_P', 'EMB_P', 'EMB_P', 'EMB_P', 'EMB_P', 'EMB_P', 'EMB_P', 'EMB_P', 'EMB_P', 'EMB_P', 'EMB_P', 'EMB_P', 'EMB_P', 'EMB_P', 'EMB_P', 'EMB_P', 'EMB_P', 'EMB_P', 'EMB_P', 'EMB_P', 'EMB_P', 'EMB_P', 'EMB_P', 'EMB_P', 'EMB_P', 'EMB_P', 'EMB_P', 'EMB_P', 'EMB_P', 'EMB_P', 'EMB_P', 'EMB_P', 'EMB_P', 'EMB_P', 'EMB_P', 'EMB_P', 'EMB_P', 'EMB_P', 'EMB_P', 'EMB_P', 'EMB_P', 'EMB_P', 'EMB_P', 'EMB_P', 'EMB_P', 'EMB_P', 'EMB_P', 'EMB_P', 'EMB_P', 'EMB_P', 'EMB_P']","['EMB_O', 'EMB_O', 'EMB_O', 'EMB_O', 'EMB_O', 'EMB_O', 'EMB_O', 'EMB_O', 'EMB_O', 'EMB_O', 'EMB_O', 'EMB_O', 'EMB_O', 'EMB_O', 'EMB_O', 'EMB_O', 'EMB_P', 'EMB_P', 'EMB_P', 'EMB_P', 'EMB_P', 'EMB_P', 'EMB_P', 'EMB_P', 'EMB_P', 'EMB_P', 'EMB_P', 'EMB_P', 'EMB_P', 'EMB_P', 'EMB_P', 'EMB_P', 'EMB_P', 'EMB_P', 'EMB_P', 'EMB_P', 'EMB_P', 'EMB_P', 'EMB_P', 'EMB_P', 'EMB_P', 'EMB_P', 'EMB_P', 'EMB_P', 'EMB_P', 'EMB_P', 'EMB_P', 'EMB_P', 'EMB_P', 'EMB_P', 'EMB_P', 'EMB_P', 'EMB_P', 'EMB_P', 'EMB_P', 'EMB_P', 'EMB_P', 'EMB_P', 'EMB_P', 'EMB_P', 'EMB_P', 'EMB_P', 'EMB_P', 'EMB_P', 'EMB_P', 'EMB_P', 'EMB_P', 'EMB_P', 'EMB_P', 'EMB_P', 'EMB_P', 'EMB_P', 'EMB_P', 'EMB_P', 'EMB_P', 'EMB_P', 'EMB_P', 'EMB_P', 'EMB_P', 'EMB_P', 'EMB_P', 'EMB_P', 'EMB_P', 'EMB_P', 'EMB_P', 'EMB_P', 'EMB_P', 'EMB_P', 'EMB_P', 'EMB_P', 'EMB_P', 'EMB_P', 'EMB_P', 'EMB_P', 'EMB_P', 'EMB_P', 'EMB_P', 'EMB_P', 'EMB_P', 'EMB_P', 'EMB_P', 'EMB_P', 'EMB_P', 'EMB_P', 'EMB_P', 'EMB_P', 'EMB_P', 'EMB_P', 'EMB_P', 'EMB_P', 'EMB_P', 'EMB_P', 'EMB_P', 'EMB_P', 'EMB_P', 'EMB_P', 'EMB_P', 'EMB_P', 'EMB_P', 'EMB_P', 'EMB_P', 'EMB_P', 'EMB_P', 'EMB_P', 'EMB_P', 'EMB_P', 'EMB_P', 'EMB_P']"
222,warranty support,terrible,laptop_quad_dev_192,it also had charging problems and got terrible warranty support .,2.5,5.0,"['EMB_O', 'EMB_O', 'EMB_O', 'EMB_O', 'EMB_O', 'EMB_O', 'EMB_O', 'EMB_O', 'EMB_O', 'EMB_O', 'ASP_B', 'ASP_I', 'ASP_I', 'ASP_E', 'EMB_O', 'EMB_O', 'EMB_P', 'EMB_P', 'EMB_P', 'EMB_P', 'EMB_P', 'EMB_P', 'EMB_P', 'EMB_P', 'EMB_P', 'EMB_P', 'EMB_P', 'EMB_P', 'EMB_P', 'EMB_P', 'EMB_P', 'EMB_P', 'EMB_P', 'EMB_P', 'EMB_P', 'EMB_P', 'EMB_P', 'EMB_P', 'EMB_P', 'EMB_P', 'EMB_P', 'EMB_P', 'EMB_P', 'EMB_P', 'EMB_P', 'EMB_P', 'EMB_P', 'EMB_P', 'EMB_P', 'EMB_P', 'EMB_P', 'EMB_P', 'EMB_P', 'EMB_P', 'EMB_P', 'EMB_P', 'EMB_P', 'EMB_P', 'EMB_P', 'EMB_P', 'EMB_P', 'EMB_P', 'EMB_P', 'EMB_P', 'EMB_P', 'EMB_P', 'EMB_P', 'EMB_P', 'EMB_P', 'EMB_P', 'EMB_P', 'EMB_P', 'EMB_P', 'EMB_P', 'EMB_P', 'EMB_P', 'EMB_P', 'EMB_P', 'EMB_P', 'EMB_P', 'EMB_P', 'EMB_P', 'EMB_P', 'EMB_P', 'EMB_P', 'EMB_P', 'EMB_P', 'EMB_P', 'EMB_P', 'EMB_P', 'EMB_P', 'EMB_P', 'EMB_P', 'EMB_P', 'EMB_P', 'EMB_P', 'EMB_P', 'EMB_P', 'EMB_P', 'EMB_P', 'EMB_P', 'EMB_P', 'EMB_P', 'EMB_P', 'EMB_P', 'EMB_P', 'EMB_P', 'EMB_P', 'EMB_P', 'EMB_P', 'EMB_P', 'EMB_P', 'EMB_P', 'EMB_P', 'EMB_P', 'EMB_P', 'EMB_P', 'EMB_P', 'EMB_P', 'EMB_P', 'EMB_P', 'EMB_P', 'EMB_P', 'EMB_P', 'EMB_P', 'EMB_P', 'EMB_P', 'EMB_P']","['EMB_O', 'EMB_O', 'EMB_O', 'EMB_O', 'EMB_O', 'EMB_O', 'EMB_O', 'EMB_O', 'EMB_O', 'OPN_S', 'EMB_O', 'EMB_O', 'EMB_O', 'EMB_O', 'EMB_O', 'EMB_O', 'EMB_P', 'EMB_P', 'EMB_P', 'EMB_P', 'EMB_P', 'EMB_P', 'EMB_P', 'EMB_P', 'EMB_P', 'EMB_P', 'EMB_P', 'EMB_P', 'EMB_P', 'EMB_P', 'EMB_P', 'EMB_P', 'EMB_P', 'EMB_P', 'EMB_P', 'EMB_P', 'EMB_P', 'EMB_P', 'EMB_P', 'EMB_P', 'EMB_P', 'EMB_P', 'EMB_P', 'EMB_P', 'EMB_P', 'EMB_P', 'EMB_P', 'EMB_P', 'EMB_P', 'EMB_P', 'EMB_P', 'EMB_P', 'EMB_P', 'EMB_P', 'EMB_P', 'EMB_P', 'EMB_P', 'EMB_P', 'EMB_P', 'EMB_P', 'EMB_P', 'EMB_P', 'EMB_P', 'EMB_P', 'EMB_P', 'EMB_P', 'EMB_P', 'EMB_P', 'EMB_P', 'EMB_P', 'EMB_P', 'EMB_P', 'EMB_P', 'EMB_P', 'EMB_P', 'EMB_P', 'EMB_P', 'EMB_P', 'EMB_P', 'EMB_P', 'EMB_P', 'EMB_P', 'EMB_P', 'EMB_P', 'EMB_P', 'EMB_P', 'EMB_P', 'EMB_P', 'EMB_P', 'EMB_P', 'EMB_P', 'EMB_P', 'EMB_P', 'EMB_P', 'EMB_P', 'EMB_P', 'EMB_P', 'EMB_P', 'EMB_P', 'EMB_P', 'EMB_P', 'EMB_P', 'EMB_P', 'EMB_P', 'EMB_P', 'EMB_P', 'EMB_P', 'EMB_P', 'EMB_P', 'EMB_P', 'EMB_P', 'EMB_P', 'EMB_P', 'EMB_P', 'EMB_P', 'EMB_P', 'EMB_P', 'EMB_P', 'EMB_P', 'EMB_P', 'EMB_P', 'EMB_P', 'EMB_P', 'EMB_P', 'EMB_P', 'EMB_P', 'EMB_P', 'EMB_P']"
223,charge,NULL,laptop_quad_dev_193,i got the same failure to charge issue that others have reported .,4.38,5.5,"['EMB_O', 'EMB_O', 'EMB_O', 'EMB_O', 'EMB_O', 'EMB_O', 'EMB_O', 'ASP_S', 'EMB_O', 'EMB_O', 'EMB_O', 'EMB_O', 'EMB_O', 'EMB_O', 'EMB_O', 'EMB_P', 'EMB_P', 'EMB_P', 'EMB_P', 'EMB_P', 'EMB_P', 'EMB_P', 'EMB_P', 'EMB_P', 'EMB_P', 'EMB_P', 'EMB_P', 'EMB_P', 'EMB_P', 'EMB_P', 'EMB_P', 'EMB_P', 'EMB_P', 'EMB_P', 'EMB_P', 'EMB_P', 'EMB_P', 'EMB_P', 'EMB_P', 'EMB_P', 'EMB_P', 'EMB_P', 'EMB_P', 'EMB_P', 'EMB_P', 'EMB_P', 'EMB_P', 'EMB_P', 'EMB_P', 'EMB_P', 'EMB_P', 'EMB_P', 'EMB_P', 'EMB_P', 'EMB_P', 'EMB_P', 'EMB_P', 'EMB_P', 'EMB_P', 'EMB_P', 'EMB_P', 'EMB_P', 'EMB_P', 'EMB_P', 'EMB_P', 'EMB_P', 'EMB_P', 'EMB_P', 'EMB_P', 'EMB_P', 'EMB_P', 'EMB_P', 'EMB_P', 'EMB_P', 'EMB_P', 'EMB_P', 'EMB_P', 'EMB_P', 'EMB_P', 'EMB_P', 'EMB_P', 'EMB_P', 'EMB_P', 'EMB_P', 'EMB_P', 'EMB_P', 'EMB_P', 'EMB_P', 'EMB_P', 'EMB_P', 'EMB_P', 'EMB_P', 'EMB_P', 'EMB_P', 'EMB_P', 'EMB_P', 'EMB_P', 'EMB_P', 'EMB_P', 'EMB_P', 'EMB_P', 'EMB_P', 'EMB_P', 'EMB_P', 'EMB_P', 'EMB_P', 'EMB_P', 'EMB_P', 'EMB_P', 'EMB_P', 'EMB_P', 'EMB_P', 'EMB_P', 'EMB_P', 'EMB_P', 'EMB_P', 'EMB_P', 'EMB_P', 'EMB_P', 'EMB_P', 'EMB_P', 'EMB_P', 'EMB_P', 'EMB_P', 'EMB_P', 'EMB_P', 'EMB_P', 'EMB_P']","['EMB_O', 'EMB_O', 'EMB_O', 'EMB_O', 'EMB_O', 'EMB_O', 'EMB_O', 'EMB_O', 'EMB_O', 'EMB_O', 'EMB_O', 'EMB_O', 'EMB_O', 'EMB_O', 'EMB_O', 'EMB_P', 'EMB_P', 'EMB_P', 'EMB_P', 'EMB_P', 'EMB_P', 'EMB_P', 'EMB_P', 'EMB_P', 'EMB_P', 'EMB_P', 'EMB_P', 'EMB_P', 'EMB_P', 'EMB_P', 'EMB_P', 'EMB_P', 'EMB_P', 'EMB_P', 'EMB_P', 'EMB_P', 'EMB_P', 'EMB_P', 'EMB_P', 'EMB_P', 'EMB_P', 'EMB_P', 'EMB_P', 'EMB_P', 'EMB_P', 'EMB_P', 'EMB_P', 'EMB_P', 'EMB_P', 'EMB_P', 'EMB_P', 'EMB_P', 'EMB_P', 'EMB_P', 'EMB_P', 'EMB_P', 'EMB_P', 'EMB_P', 'EMB_P', 'EMB_P', 'EMB_P', 'EMB_P', 'EMB_P', 'EMB_P', 'EMB_P', 'EMB_P', 'EMB_P', 'EMB_P', 'EMB_P', 'EMB_P', 'EMB_P', 'EMB_P', 'EMB_P', 'EMB_P', 'EMB_P', 'EMB_P', 'EMB_P', 'EMB_P', 'EMB_P', 'EMB_P', 'EMB_P', 'EMB_P', 'EMB_P', 'EMB_P', 'EMB_P', 'EMB_P', 'EMB_P', 'EMB_P', 'EMB_P', 'EMB_P', 'EMB_P', 'EMB_P', 'EMB_P', 'EMB_P', 'EMB_P', 'EMB_P', 'EMB_P', 'EMB_P', 'EMB_P', 'EMB_P', 'EMB_P', 'EMB_P', 'EMB_P', 'EMB_P', 'EMB_P', 'EMB_P', 'EMB_P', 'EMB_P', 'EMB_P', 'EMB_P', 'EMB_P', 'EMB_P', 'EMB_P', 'EMB_P', 'EMB_P', 'EMB_P', 'EMB_P', 'EMB_P', 'EMB_P', 'EMB_P', 'EMB_P', 'EMB_P', 'EMB_P', 'EMB_P', 'EMB_P', 'EMB_P', 'EMB_P', 'EMB_P']"
224,chromebook,NULL,laptop_quad_dev_194,"if bluetooth devices worked with this chromebook it would get 5 stars , but this is the least reliable device in regards to bluetooth i have ever owned .",5.0,5.0,"['EMB_O', 'EMB_O', 'EMB_O', 'EMB_O', 'EMB_O', 'EMB_O', 'EMB_O', 'EMB_O', 'EMB_O', 'ASP_B', 'ASP_I', 'ASP_E', 'EMB_O', 'EMB_O', 'EMB_O', 'EMB_O', 'EMB_O', 'EMB_O', 'EMB_O', 'EMB_O', 'EMB_O', 'EMB_O', 'EMB_O', 'EMB_O', 'EMB_O', 'EMB_O', 'EMB_O', 'EMB_O', 'EMB_O', 'EMB_O', 'EMB_O', 'EMB_O', 'EMB_O', 'EMB_O', 'EMB_O', 'EMB_O', 'EMB_O', 'EMB_O', 'EMB_P', 'EMB_P', 'EMB_P', 'EMB_P', 'EMB_P', 'EMB_P', 'EMB_P', 'EMB_P', 'EMB_P', 'EMB_P', 'EMB_P', 'EMB_P', 'EMB_P', 'EMB_P', 'EMB_P', 'EMB_P', 'EMB_P', 'EMB_P', 'EMB_P', 'EMB_P', 'EMB_P', 'EMB_P', 'EMB_P', 'EMB_P', 'EMB_P', 'EMB_P', 'EMB_P', 'EMB_P', 'EMB_P', 'EMB_P', 'EMB_P', 'EMB_P', 'EMB_P', 'EMB_P', 'EMB_P', 'EMB_P', 'EMB_P', 'EMB_P', 'EMB_P', 'EMB_P', 'EMB_P', 'EMB_P', 'EMB_P', 'EMB_P', 'EMB_P', 'EMB_P', 'EMB_P', 'EMB_P', 'EMB_P', 'EMB_P', 'EMB_P', 'EMB_P', 'EMB_P', 'EMB_P', 'EMB_P', 'EMB_P', 'EMB_P', 'EMB_P', 'EMB_P', 'EMB_P', 'EMB_P', 'EMB_P', 'EMB_P', 'EMB_P', 'EMB_P', 'EMB_P', 'EMB_P', 'EMB_P', 'EMB_P', 'EMB_P', 'EMB_P', 'EMB_P', 'EMB_P', 'EMB_P', 'EMB_P', 'EMB_P', 'EMB_P', 'EMB_P', 'EMB_P', 'EMB_P', 'EMB_P', 'EMB_P', 'EMB_P', 'EMB_P', 'EMB_P', 'EMB_P', 'EMB_P', 'EMB_P', 'EMB_P', 'EMB_P']","['EMB_O', 'EMB_O', 'EMB_O', 'EMB_O', 'EMB_O', 'EMB_O', 'EMB_O', 'EMB_O', 'EMB_O', 'EMB_O', 'EMB_O', 'EMB_O', 'EMB_O', 'EMB_O', 'EMB_O', 'EMB_O', 'EMB_O', 'EMB_O', 'EMB_O', 'EMB_O', 'EMB_O', 'EMB_O', 'EMB_O', 'EMB_O', 'EMB_O', 'EMB_O', 'EMB_O', 'EMB_O', 'EMB_O', 'EMB_O', 'EMB_O', 'EMB_O', 'EMB_O', 'EMB_O', 'EMB_O', 'EMB_O', 'EMB_O', 'EMB_O', 'EMB_P', 'EMB_P', 'EMB_P', 'EMB_P', 'EMB_P', 'EMB_P', 'EMB_P', 'EMB_P', 'EMB_P', 'EMB_P', 'EMB_P', 'EMB_P', 'EMB_P', 'EMB_P', 'EMB_P', 'EMB_P', 'EMB_P', 'EMB_P', 'EMB_P', 'EMB_P', 'EMB_P', 'EMB_P', 'EMB_P', 'EMB_P', 'EMB_P', 'EMB_P', 'EMB_P', 'EMB_P', 'EMB_P', 'EMB_P', 'EMB_P', 'EMB_P', 'EMB_P', 'EMB_P', 'EMB_P', 'EMB_P', 'EMB_P', 'EMB_P', 'EMB_P', 'EMB_P', 'EMB_P', 'EMB_P', 'EMB_P', 'EMB_P', 'EMB_P', 'EMB_P', 'EMB_P', 'EMB_P', 'EMB_P', 'EMB_P', 'EMB_P', 'EMB_P', 'EMB_P', 'EMB_P', 'EMB_P', 'EMB_P', 'EMB_P', 'EMB_P', 'EMB_P', 'EMB_P', 'EMB_P', 'EMB_P', 'EMB_P', 'EMB_P', 'EMB_P', 'EMB_P', 'EMB_P', 'EMB_P', 'EMB_P', 'EMB_P', 'EMB_P', 'EMB_P', 'EMB_P', 'EMB_P', 'EMB_P', 'EMB_P', 'EMB_P', 'EMB_P', 'EMB_P', 'EMB_P', 'EMB_P', 'EMB_P', 'EMB_P', 'EMB_P', 'EMB_P', 'EMB_P', 'EMB_P', 'EMB_P', 'EMB_P', 'EMB_P']"
225,machine,decent,laptop_quad_dev_195,i feel like i bought a decent machine but it ' s unable to handle the ram workload .,6.25,6.12,"['EMB_O', 'EMB_O', 'EMB_O', 'EMB_O', 'EMB_O', 'EMB_O', 'EMB_O', 'EMB_O', 'EMB_O', 'ASP_S', 'EMB_O', 'EMB_O', 'EMB_O', 'EMB_O', 'EMB_O', 'EMB_O', 'EMB_O', 'EMB_O', 'EMB_O', 'EMB_O', 'EMB_O', 'EMB_O', 'EMB_O', 'EMB_O', 'EMB_P', 'EMB_P', 'EMB_P', 'EMB_P', 'EMB_P', 'EMB_P', 'EMB_P', 'EMB_P', 'EMB_P', 'EMB_P', 'EMB_P', 'EMB_P', 'EMB_P', 'EMB_P', 'EMB_P', 'EMB_P', 'EMB_P', 'EMB_P', 'EMB_P', 'EMB_P', 'EMB_P', 'EMB_P', 'EMB_P', 'EMB_P', 'EMB_P', 'EMB_P', 'EMB_P', 'EMB_P', 'EMB_P', 'EMB_P', 'EMB_P', 'EMB_P', 'EMB_P', 'EMB_P', 'EMB_P', 'EMB_P', 'EMB_P', 'EMB_P', 'EMB_P', 'EMB_P', 'EMB_P', 'EMB_P', 'EMB_P', 'EMB_P', 'EMB_P', 'EMB_P', 'EMB_P', 'EMB_P', 'EMB_P', 'EMB_P', 'EMB_P', 'EMB_P', 'EMB_P', 'EMB_P', 'EMB_P', 'EMB_P', 'EMB_P', 'EMB_P', 'EMB_P', 'EMB_P', 'EMB_P', 'EMB_P', 'EMB_P', 'EMB_P', 'EMB_P', 'EMB_P', 'EMB_P', 'EMB_P', 'EMB_P', 'EMB_P', 'EMB_P', 'EMB_P', 'EMB_P', 'EMB_P', 'EMB_P', 'EMB_P', 'EMB_P', 'EMB_P', 'EMB_P', 'EMB_P', 'EMB_P', 'EMB_P', 'EMB_P', 'EMB_P', 'EMB_P', 'EMB_P', 'EMB_P', 'EMB_P', 'EMB_P', 'EMB_P', 'EMB_P', 'EMB_P', 'EMB_P', 'EMB_P', 'EMB_P', 'EMB_P', 'EMB_P', 'EMB_P', 'EMB_P', 'EMB_P', 'EMB_P', 'EMB_P', 'EMB_P', 'EMB_P']","['EMB_O', 'EMB_O', 'EMB_O', 'EMB_O', 'EMB_O', 'EMB_O', 'EMB_O', 'OPN_B', 'OPN_E', 'EMB_O', 'EMB_O', 'EMB_O', 'EMB_O', 'EMB_O', 'EMB_O', 'EMB_O', 'EMB_O', 'EMB_O', 'EMB_O', 'EMB_O', 'EMB_O', 'EMB_O', 'EMB_O', 'EMB_O', 'EMB_P', 'EMB_P', 'EMB_P', 'EMB_P', 'EMB_P', 'EMB_P', 'EMB_P', 'EMB_P', 'EMB_P', 'EMB_P', 'EMB_P', 'EMB_P', 'EMB_P', 'EMB_P', 'EMB_P', 'EMB_P', 'EMB_P', 'EMB_P', 'EMB_P', 'EMB_P', 'EMB_P', 'EMB_P', 'EMB_P', 'EMB_P', 'EMB_P', 'EMB_P', 'EMB_P', 'EMB_P', 'EMB_P', 'EMB_P', 'EMB_P', 'EMB_P', 'EMB_P', 'EMB_P', 'EMB_P', 'EMB_P', 'EMB_P', 'EMB_P', 'EMB_P', 'EMB_P', 'EMB_P', 'EMB_P', 'EMB_P', 'EMB_P', 'EMB_P', 'EMB_P', 'EMB_P', 'EMB_P', 'EMB_P', 'EMB_P', 'EMB_P', 'EMB_P', 'EMB_P', 'EMB_P', 'EMB_P', 'EMB_P', 'EMB_P', 'EMB_P', 'EMB_P', 'EMB_P', 'EMB_P', 'EMB_P', 'EMB_P', 'EMB_P', 'EMB_P', 'EMB_P', 'EMB_P', 'EMB_P', 'EMB_P', 'EMB_P', 'EMB_P', 'EMB_P', 'EMB_P', 'EMB_P', 'EMB_P', 'EMB_P', 'EMB_P', 'EMB_P', 'EMB_P', 'EMB_P', 'EMB_P', 'EMB_P', 'EMB_P', 'EMB_P', 'EMB_P', 'EMB_P', 'EMB_P', 'EMB_P', 'EMB_P', 'EMB_P', 'EMB_P', 'EMB_P', 'EMB_P', 'EMB_P', 'EMB_P', 'EMB_P', 'EMB_P', 'EMB_P', 'EMB_P', 'EMB_P', 'EMB_P', 'EMB_P', 'EMB_P', 'EMB_P']"
226,screen,NULL,laptop_quad_dev_196,i don ' t think that i was adequately prepared for how dark the screen is at its highest brightness in comparison to other devices .,4.25,5.38,"['EMB_O', 'EMB_O', 'EMB_O', 'EMB_O', 'EMB_O', 'EMB_O', 'EMB_O', 'EMB_O', 'EMB_O', 'EMB_O', 'EMB_O', 'EMB_O', 'EMB_O', 'EMB_O', 'EMB_O', 'EMB_O', 'EMB_O', 'EMB_O', 'ASP_S', 'EMB_O', 'EMB_O', 'EMB_O', 'EMB_O', 'EMB_O', 'EMB_O', 'EMB_O', 'EMB_O', 'EMB_O', 'EMB_O', 'EMB_O', 'EMB_O', 'EMB_O', 'EMB_P', 'EMB_P', 'EMB_P', 'EMB_P', 'EMB_P', 'EMB_P', 'EMB_P', 'EMB_P', 'EMB_P', 'EMB_P', 'EMB_P', 'EMB_P', 'EMB_P', 'EMB_P', 'EMB_P', 'EMB_P', 'EMB_P', 'EMB_P', 'EMB_P', 'EMB_P', 'EMB_P', 'EMB_P', 'EMB_P', 'EMB_P', 'EMB_P', 'EMB_P', 'EMB_P', 'EMB_P', 'EMB_P', 'EMB_P', 'EMB_P', 'EMB_P', 'EMB_P', 'EMB_P', 'EMB_P', 'EMB_P', 'EMB_P', 'EMB_P', 'EMB_P', 'EMB_P', 'EMB_P', 'EMB_P', 'EMB_P', 'EMB_P', 'EMB_P', 'EMB_P', 'EMB_P', 'EMB_P', 'EMB_P', 'EMB_P', 'EMB_P', 'EMB_P', 'EMB_P', 'EMB_P', 'EMB_P', 'EMB_P', 'EMB_P', 'EMB_P', 'EMB_P', 'EMB_P', 'EMB_P', 'EMB_P', 'EMB_P', 'EMB_P', 'EMB_P', 'EMB_P', 'EMB_P', 'EMB_P', 'EMB_P', 'EMB_P', 'EMB_P', 'EMB_P', 'EMB_P', 'EMB_P', 'EMB_P', 'EMB_P', 'EMB_P', 'EMB_P', 'EMB_P', 'EMB_P', 'EMB_P', 'EMB_P', 'EMB_P', 'EMB_P', 'EMB_P', 'EMB_P', 'EMB_P', 'EMB_P', 'EMB_P', 'EMB_P', 'EMB_P', 'EMB_P', 'EMB_P', 'EMB_P', 'EMB_P', 'EMB_P']","['EMB_O', 'EMB_O', 'EMB_O', 'EMB_O', 'EMB_O', 'EMB_O', 'EMB_O', 'EMB_O', 'EMB_O', 'EMB_O', 'EMB_O', 'EMB_O', 'EMB_O', 'EMB_O', 'EMB_O', 'EMB_O', 'EMB_O', 'EMB_O', 'EMB_O', 'EMB_O', 'EMB_O', 'EMB_O', 'EMB_O', 'EMB_O', 'EMB_O', 'EMB_O', 'EMB_O', 'EMB_O', 'EMB_O', 'EMB_O', 'EMB_O', 'EMB_O', 'EMB_P', 'EMB_P', 'EMB_P', 'EMB_P', 'EMB_P', 'EMB_P', 'EMB_P', 'EMB_P', 'EMB_P', 'EMB_P', 'EMB_P', 'EMB_P', 'EMB_P', 'EMB_P', 'EMB_P', 'EMB_P', 'EMB_P', 'EMB_P', 'EMB_P', 'EMB_P', 'EMB_P', 'EMB_P', 'EMB_P', 'EMB_P', 'EMB_P', 'EMB_P', 'EMB_P', 'EMB_P', 'EMB_P', 'EMB_P', 'EMB_P', 'EMB_P', 'EMB_P', 'EMB_P', 'EMB_P', 'EMB_P', 'EMB_P', 'EMB_P', 'EMB_P', 'EMB_P', 'EMB_P', 'EMB_P', 'EMB_P', 'EMB_P', 'EMB_P', 'EMB_P', 'EMB_P', 'EMB_P', 'EMB_P', 'EMB_P', 'EMB_P', 'EMB_P', 'EMB_P', 'EMB_P', 'EMB_P', 'EMB_P', 'EMB_P', 'EMB_P', 'EMB_P', 'EMB_P', 'EMB_P', 'EMB_P', 'EMB_P', 'EMB_P', 'EMB_P', 'EMB_P', 'EMB_P', 'EMB_P', 'EMB_P', 'EMB_P', 'EMB_P', 'EMB_P', 'EMB_P', 'EMB_P', 'EMB_P', 'EMB_P', 'EMB_P', 'EMB_P', 'EMB_P', 'EMB_P', 'EMB_P', 'EMB_P', 'EMB_P', 'EMB_P', 'EMB_P', 'EMB_P', 'EMB_P', 'EMB_P', 'EMB_P', 'EMB_P', 'EMB_P', 'EMB_P', 'EMB_P', 'EMB_P', 'EMB_P', 'EMB_P']"
227,device,very well,laptop_quad_dev_197,"don ' t get me wrong , the device flips back and forth very well .",6.62,6.62,"['EMB_O', 'EMB_O', 'EMB_O', 'EMB_O', 'EMB_O', 'EMB_O', 'EMB_O', 'EMB_O', 'EMB_O', 'ASP_S', 'EMB_O', 'EMB_O', 'EMB_O', 'EMB_O', 'EMB_O', 'EMB_O', 'EMB_O', 'EMB_O', 'EMB_O', 'EMB_P', 'EMB_P', 'EMB_P', 'EMB_P', 'EMB_P', 'EMB_P', 'EMB_P', 'EMB_P', 'EMB_P', 'EMB_P', 'EMB_P', 'EMB_P', 'EMB_P', 'EMB_P', 'EMB_P', 'EMB_P', 'EMB_P', 'EMB_P', 'EMB_P', 'EMB_P', 'EMB_P', 'EMB_P', 'EMB_P', 'EMB_P', 'EMB_P', 'EMB_P', 'EMB_P', 'EMB_P', 'EMB_P', 'EMB_P', 'EMB_P', 'EMB_P', 'EMB_P', 'EMB_P', 'EMB_P', 'EMB_P', 'EMB_P', 'EMB_P', 'EMB_P', 'EMB_P', 'EMB_P', 'EMB_P', 'EMB_P', 'EMB_P', 'EMB_P', 'EMB_P', 'EMB_P', 'EMB_P', 'EMB_P', 'EMB_P', 'EMB_P', 'EMB_P', 'EMB_P', 'EMB_P', 'EMB_P', 'EMB_P', 'EMB_P', 'EMB_P', 'EMB_P', 'EMB_P', 'EMB_P', 'EMB_P', 'EMB_P', 'EMB_P', 'EMB_P', 'EMB_P', 'EMB_P', 'EMB_P', 'EMB_P', 'EMB_P', 'EMB_P', 'EMB_P', 'EMB_P', 'EMB_P', 'EMB_P', 'EMB_P', 'EMB_P', 'EMB_P', 'EMB_P', 'EMB_P', 'EMB_P', 'EMB_P', 'EMB_P', 'EMB_P', 'EMB_P', 'EMB_P', 'EMB_P', 'EMB_P', 'EMB_P', 'EMB_P', 'EMB_P', 'EMB_P', 'EMB_P', 'EMB_P', 'EMB_P', 'EMB_P', 'EMB_P', 'EMB_P', 'EMB_P', 'EMB_P', 'EMB_P', 'EMB_P', 'EMB_P', 'EMB_P', 'EMB_P', 'EMB_P', 'EMB_P', 'EMB_P', 'EMB_P']","['EMB_O', 'EMB_O', 'EMB_O', 'EMB_O', 'EMB_O', 'EMB_O', 'EMB_O', 'EMB_O', 'EMB_O', 'EMB_O', 'EMB_O', 'EMB_O', 'EMB_O', 'EMB_O', 'EMB_O', 'OPN_B', 'OPN_E', 'EMB_O', 'EMB_O', 'EMB_P', 'EMB_P', 'EMB_P', 'EMB_P', 'EMB_P', 'EMB_P', 'EMB_P', 'EMB_P', 'EMB_P', 'EMB_P', 'EMB_P', 'EMB_P', 'EMB_P', 'EMB_P', 'EMB_P', 'EMB_P', 'EMB_P', 'EMB_P', 'EMB_P', 'EMB_P', 'EMB_P', 'EMB_P', 'EMB_P', 'EMB_P', 'EMB_P', 'EMB_P', 'EMB_P', 'EMB_P', 'EMB_P', 'EMB_P', 'EMB_P', 'EMB_P', 'EMB_P', 'EMB_P', 'EMB_P', 'EMB_P', 'EMB_P', 'EMB_P', 'EMB_P', 'EMB_P', 'EMB_P', 'EMB_P', 'EMB_P', 'EMB_P', 'EMB_P', 'EMB_P', 'EMB_P', 'EMB_P', 'EMB_P', 'EMB_P', 'EMB_P', 'EMB_P', 'EMB_P', 'EMB_P', 'EMB_P', 'EMB_P', 'EMB_P', 'EMB_P', 'EMB_P', 'EMB_P', 'EMB_P', 'EMB_P', 'EMB_P', 'EMB_P', 'EMB_P', 'EMB_P', 'EMB_P', 'EMB_P', 'EMB_P', 'EMB_P', 'EMB_P', 'EMB_P', 'EMB_P', 'EMB_P', 'EMB_P', 'EMB_P', 'EMB_P', 'EMB_P', 'EMB_P', 'EMB_P', 'EMB_P', 'EMB_P', 'EMB_P', 'EMB_P', 'EMB_P', 'EMB_P', 'EMB_P', 'EMB_P', 'EMB_P', 'EMB_P', 'EMB_P', 'EMB_P', 'EMB_P', 'EMB_P', 'EMB_P', 'EMB_P', 'EMB_P', 'EMB_P', 'EMB_P', 'EMB_P', 'EMB_P', 'EMB_P', 'EMB_P', 'EMB_P', 'EMB_P', 'EMB_P', 'EMB_P', 'EMB_P', 'EMB_P']"
228,metal corner tip,NULL,laptop_quad_dev_198,"was initially impressed by design but after normal use without any rough handling or dropping of the chromebook , the metal corner tip covering the lcd peels off & warps / bends upwards !",4.5,5.5,"['EMB_O', 'EMB_O', 'EMB_O', 'EMB_O', 'EMB_O', 'EMB_O', 'EMB_O', 'EMB_O', 'EMB_O', 'EMB_O', 'EMB_O', 'EMB_O', 'EMB_O', 'EMB_O', 'EMB_O', 'EMB_O', 'EMB_O', 'EMB_O', 'EMB_O', 'EMB_O', 'EMB_O', 'EMB_O', 'EMB_O', 'EMB_O', 'ASP_B', 'ASP_I', 'ASP_E', 'EMB_O', 'EMB_O', 'EMB_O', 'EMB_O', 'EMB_O', 'EMB_O', 'EMB_O', 'EMB_O', 'EMB_O', 'EMB_O', 'EMB_O', 'EMB_O', 'EMB_O', 'EMB_O', 'EMB_O', 'EMB_O', 'EMB_O', 'EMB_O', 'EMB_P', 'EMB_P', 'EMB_P', 'EMB_P', 'EMB_P', 'EMB_P', 'EMB_P', 'EMB_P', 'EMB_P', 'EMB_P', 'EMB_P', 'EMB_P', 'EMB_P', 'EMB_P', 'EMB_P', 'EMB_P', 'EMB_P', 'EMB_P', 'EMB_P', 'EMB_P', 'EMB_P', 'EMB_P', 'EMB_P', 'EMB_P', 'EMB_P', 'EMB_P', 'EMB_P', 'EMB_P', 'EMB_P', 'EMB_P', 'EMB_P', 'EMB_P', 'EMB_P', 'EMB_P', 'EMB_P', 'EMB_P', 'EMB_P', 'EMB_P', 'EMB_P', 'EMB_P', 'EMB_P', 'EMB_P', 'EMB_P', 'EMB_P', 'EMB_P', 'EMB_P', 'EMB_P', 'EMB_P', 'EMB_P', 'EMB_P', 'EMB_P', 'EMB_P', 'EMB_P', 'EMB_P', 'EMB_P', 'EMB_P', 'EMB_P', 'EMB_P', 'EMB_P', 'EMB_P', 'EMB_P', 'EMB_P', 'EMB_P', 'EMB_P', 'EMB_P', 'EMB_P', 'EMB_P', 'EMB_P', 'EMB_P', 'EMB_P', 'EMB_P', 'EMB_P', 'EMB_P', 'EMB_P', 'EMB_P', 'EMB_P', 'EMB_P', 'EMB_P', 'EMB_P', 'EMB_P', 'EMB_P', 'EMB_P', 'EMB_P']","['EMB_O', 'EMB_O', 'EMB_O', 'EMB_O', 'EMB_O', 'EMB_O', 'EMB_O', 'EMB_O', 'EMB_O', 'EMB_O', 'EMB_O', 'EMB_O', 'EMB_O', 'EMB_O', 'EMB_O', 'EMB_O', 'EMB_O', 'EMB_O', 'EMB_O', 'EMB_O', 'EMB_O', 'EMB_O', 'EMB_O', 'EMB_O', 'EMB_O', 'EMB_O', 'EMB_O', 'EMB_O', 'EMB_O', 'EMB_O', 'EMB_O', 'EMB_O', 'EMB_O', 'EMB_O', 'EMB_O', 'EMB_O', 'EMB_O', 'EMB_O', 'EMB_O', 'EMB_O', 'EMB_O', 'EMB_O', 'EMB_O', 'EMB_O', 'EMB_O', 'EMB_P', 'EMB_P', 'EMB_P', 'EMB_P', 'EMB_P', 'EMB_P', 'EMB_P', 'EMB_P', 'EMB_P', 'EMB_P', 'EMB_P', 'EMB_P', 'EMB_P', 'EMB_P', 'EMB_P', 'EMB_P', 'EMB_P', 'EMB_P', 'EMB_P', 'EMB_P', 'EMB_P', 'EMB_P', 'EMB_P', 'EMB_P', 'EMB_P', 'EMB_P', 'EMB_P', 'EMB_P', 'EMB_P', 'EMB_P', 'EMB_P', 'EMB_P', 'EMB_P', 'EMB_P', 'EMB_P', 'EMB_P', 'EMB_P', 'EMB_P', 'EMB_P', 'EMB_P', 'EMB_P', 'EMB_P', 'EMB_P', 'EMB_P', 'EMB_P', 'EMB_P', 'EMB_P', 'EMB_P', 'EMB_P', 'EMB_P', 'EMB_P', 'EMB_P', 'EMB_P', 'EMB_P', 'EMB_P', 'EMB_P', 'EMB_P', 'EMB_P', 'EMB_P', 'EMB_P', 'EMB_P', 'EMB_P', 'EMB_P', 'EMB_P', 'EMB_P', 'EMB_P', 'EMB_P', 'EMB_P', 'EMB_P', 'EMB_P', 'EMB_P', 'EMB_P', 'EMB_P', 'EMB_P', 'EMB_P', 'EMB_P', 'EMB_P', 'EMB_P', 'EMB_P', 'EMB_P', 'EMB_P', 'EMB_P', 'EMB_P']"
229,chromebook,disappointed,laptop_quad_dev_199,to say i ' m disappointed in this chromebook would be an understatement .,3.1,5.25,"['EMB_O', 'EMB_O', 'EMB_O', 'EMB_O', 'EMB_O', 'EMB_O', 'EMB_O', 'EMB_O', 'EMB_O', 'EMB_O', 'EMB_O', 'ASP_B', 'ASP_I', 'ASP_E', 'EMB_O', 'EMB_O', 'EMB_O', 'EMB_O', 'EMB_O', 'EMB_O', 'EMB_O', 'EMB_O', 'EMB_P', 'EMB_P', 'EMB_P', 'EMB_P', 'EMB_P', 'EMB_P', 'EMB_P', 'EMB_P', 'EMB_P', 'EMB_P', 'EMB_P', 'EMB_P', 'EMB_P', 'EMB_P', 'EMB_P', 'EMB_P', 'EMB_P', 'EMB_P', 'EMB_P', 'EMB_P', 'EMB_P', 'EMB_P', 'EMB_P', 'EMB_P', 'EMB_P', 'EMB_P', 'EMB_P', 'EMB_P', 'EMB_P', 'EMB_P', 'EMB_P', 'EMB_P', 'EMB_P', 'EMB_P', 'EMB_P', 'EMB_P', 'EMB_P', 'EMB_P', 'EMB_P', 'EMB_P', 'EMB_P', 'EMB_P', 'EMB_P', 'EMB_P', 'EMB_P', 'EMB_P', 'EMB_P', 'EMB_P', 'EMB_P', 'EMB_P', 'EMB_P', 'EMB_P', 'EMB_P', 'EMB_P', 'EMB_P', 'EMB_P', 'EMB_P', 'EMB_P', 'EMB_P', 'EMB_P', 'EMB_P', 'EMB_P', 'EMB_P', 'EMB_P', 'EMB_P', 'EMB_P', 'EMB_P', 'EMB_P', 'EMB_P', 'EMB_P', 'EMB_P', 'EMB_P', 'EMB_P', 'EMB_P', 'EMB_P', 'EMB_P', 'EMB_P', 'EMB_P', 'EMB_P', 'EMB_P', 'EMB_P', 'EMB_P', 'EMB_P', 'EMB_P', 'EMB_P', 'EMB_P', 'EMB_P', 'EMB_P', 'EMB_P', 'EMB_P', 'EMB_P', 'EMB_P', 'EMB_P', 'EMB_P', 'EMB_P', 'EMB_P', 'EMB_P', 'EMB_P', 'EMB_P', 'EMB_P', 'EMB_P', 'EMB_P', 'EMB_P', 'EMB_P', 'EMB_P', 'EMB_P']","['EMB_O', 'EMB_O', 'EMB_O', 'EMB_O', 'EMB_O', 'EMB_O', 'OPN_B', 'OPN_I', 'OPN_E', 'EMB_O', 'EMB_O', 'EMB_O', 'EMB_O', 'EMB_O', 'EMB_O', 'EMB_O', 'EMB_O', 'EMB_O', 'EMB_O', 'EMB_O', 'EMB_O', 'EMB_O', 'EMB_P', 'EMB_P', 'EMB_P', 'EMB_P', 'EMB_P', 'EMB_P', 'EMB_P', 'EMB_P', 'EMB_P', 'EMB_P', 'EMB_P', 'EMB_P', 'EMB_P', 'EMB_P', 'EMB_P', 'EMB_P', 'EMB_P', 'EMB_P', 'EMB_P', 'EMB_P', 'EMB_P', 'EMB_P', 'EMB_P', 'EMB_P', 'EMB_P', 'EMB_P', 'EMB_P', 'EMB_P', 'EMB_P', 'EMB_P', 'EMB_P', 'EMB_P', 'EMB_P', 'EMB_P', 'EMB_P', 'EMB_P', 'EMB_P', 'EMB_P', 'EMB_P', 'EMB_P', 'EMB_P', 'EMB_P', 'EMB_P', 'EMB_P', 'EMB_P', 'EMB_P', 'EMB_P', 'EMB_P', 'EMB_P', 'EMB_P', 'EMB_P', 'EMB_P', 'EMB_P', 'EMB_P', 'EMB_P', 'EMB_P', 'EMB_P', 'EMB_P', 'EMB_P', 'EMB_P', 'EMB_P', 'EMB_P', 'EMB_P', 'EMB_P', 'EMB_P', 'EMB_P', 'EMB_P', 'EMB_P', 'EMB_P', 'EMB_P', 'EMB_P', 'EMB_P', 'EMB_P', 'EMB_P', 'EMB_P', 'EMB_P', 'EMB_P', 'EMB_P', 'EMB_P', 'EMB_P', 'EMB_P', 'EMB_P', 'EMB_P', 'EMB_P', 'EMB_P', 'EMB_P', 'EMB_P', 'EMB_P', 'EMB_P', 'EMB_P', 'EMB_P', 'EMB_P', 'EMB_P', 'EMB_P', 'EMB_P', 'EMB_P', 'EMB_P', 'EMB_P', 'EMB_P', 'EMB_P', 'EMB_P', 'EMB_P', 'EMB_P', 'EMB_P', 'EMB_P', 'EMB_P']"
230,computer,really hard,laptop_quad_dev_200,this computer is really hard to use .,2.83,7.33,"['EMB_O', 'EMB_O', 'ASP_S', 'EMB_O', 'EMB_O', 'EMB_O', 'EMB_O', 'EMB_O', 'EMB_O', 'EMB_O', 'EMB_P', 'EMB_P', 'EMB_P', 'EMB_P', 'EMB_P', 'EMB_P', 'EMB_P', 'EMB_P', 'EMB_P', 'EMB_P', 'EMB_P', 'EMB_P', 'EMB_P', 'EMB_P', 'EMB_P', 'EMB_P', 'EMB_P', 'EMB_P', 'EMB_P', 'EMB_P', 'EMB_P', 'EMB_P', 'EMB_P', 'EMB_P', 'EMB_P', 'EMB_P', 'EMB_P', 'EMB_P', 'EMB_P', 'EMB_P', 'EMB_P', 'EMB_P', 'EMB_P', 'EMB_P', 'EMB_P', 'EMB_P', 'EMB_P', 'EMB_P', 'EMB_P', 'EMB_P', 'EMB_P', 'EMB_P', 'EMB_P', 'EMB_P', 'EMB_P', 'EMB_P', 'EMB_P', 'EMB_P', 'EMB_P', 'EMB_P', 'EMB_P', 'EMB_P', 'EMB_P', 'EMB_P', 'EMB_P', 'EMB_P', 'EMB_P', 'EMB_P', 'EMB_P', 'EMB_P', 'EMB_P', 'EMB_P', 'EMB_P', 'EMB_P', 'EMB_P', 'EMB_P', 'EMB_P', 'EMB_P', 'EMB_P', 'EMB_P', 'EMB_P', 'EMB_P', 'EMB_P', 'EMB_P', 'EMB_P', 'EMB_P', 'EMB_P', 'EMB_P', 'EMB_P', 'EMB_P', 'EMB_P', 'EMB_P', 'EMB_P', 'EMB_P', 'EMB_P', 'EMB_P', 'EMB_P', 'EMB_P', 'EMB_P', 'EMB_P', 'EMB_P', 'EMB_P', 'EMB_P', 'EMB_P', 'EMB_P', 'EMB_P', 'EMB_P', 'EMB_P', 'EMB_P', 'EMB_P', 'EMB_P', 'EMB_P', 'EMB_P', 'EMB_P', 'EMB_P', 'EMB_P', 'EMB_P', 'EMB_P', 'EMB_P', 'EMB_P', 'EMB_P', 'EMB_P', 'EMB_P', 'EMB_P', 'EMB_P', 'EMB_P', 'EMB_P', 'EMB_P']","['EMB_O', 'EMB_O', 'EMB_O', 'EMB_O', 'OPN_B', 'OPN_E', 'EMB_O', 'EMB_O', 'EMB_O', 'EMB_O', 'EMB_P', 'EMB_P', 'EMB_P', 'EMB_P', 'EMB_P', 'EMB_P', 'EMB_P', 'EMB_P', 'EMB_P', 'EMB_P', 'EMB_P', 'EMB_P', 'EMB_P', 'EMB_P', 'EMB_P', 'EMB_P', 'EMB_P', 'EMB_P', 'EMB_P', 'EMB_P', 'EMB_P', 'EMB_P', 'EMB_P', 'EMB_P', 'EMB_P', 'EMB_P', 'EMB_P', 'EMB_P', 'EMB_P', 'EMB_P', 'EMB_P', 'EMB_P', 'EMB_P', 'EMB_P', 'EMB_P', 'EMB_P', 'EMB_P', 'EMB_P', 'EMB_P', 'EMB_P', 'EMB_P', 'EMB_P', 'EMB_P', 'EMB_P', 'EMB_P', 'EMB_P', 'EMB_P', 'EMB_P', 'EMB_P', 'EMB_P', 'EMB_P', 'EMB_P', 'EMB_P', 'EMB_P', 'EMB_P', 'EMB_P', 'EMB_P', 'EMB_P', 'EMB_P', 'EMB_P', 'EMB_P', 'EMB_P', 'EMB_P', 'EMB_P', 'EMB_P', 'EMB_P', 'EMB_P', 'EMB_P', 'EMB_P', 'EMB_P', 'EMB_P', 'EMB_P', 'EMB_P', 'EMB_P', 'EMB_P', 'EMB_P', 'EMB_P', 'EMB_P', 'EMB_P', 'EMB_P', 'EMB_P', 'EMB_P', 'EMB_P', 'EMB_P', 'EMB_P', 'EMB_P', 'EMB_P', 'EMB_P', 'EMB_P', 'EMB_P', 'EMB_P', 'EMB_P', 'EMB_P', 'EMB_P', 'EMB_P', 'EMB_P', 'EMB_P', 'EMB_P', 'EMB_P', 'EMB_P', 'EMB_P', 'EMB_P', 'EMB_P', 'EMB_P', 'EMB_P', 'EMB_P', 'EMB_P', 'EMB_P', 'EMB_P', 'EMB_P', 'EMB_P', 'EMB_P', 'EMB_P', 'EMB_P', 'EMB_P', 'EMB_P', 'EMB_P', 'EMB_P']"
231,policy,NULL,laptop_quad_dev_201,it ' s their policy to only repair not replace .,4.5,5.17,"['EMB_O', 'EMB_O', 'EMB_O', 'EMB_O', 'EMB_O', 'ASP_S', 'EMB_O', 'EMB_O', 'EMB_O', 'EMB_O', 'EMB_O', 'EMB_O', 'EMB_O', 'EMB_P', 'EMB_P', 'EMB_P', 'EMB_P', 'EMB_P', 'EMB_P', 'EMB_P', 'EMB_P', 'EMB_P', 'EMB_P', 'EMB_P', 'EMB_P', 'EMB_P', 'EMB_P', 'EMB_P', 'EMB_P', 'EMB_P', 'EMB_P', 'EMB_P', 'EMB_P', 'EMB_P', 'EMB_P', 'EMB_P', 'EMB_P', 'EMB_P', 'EMB_P', 'EMB_P', 'EMB_P', 'EMB_P', 'EMB_P', 'EMB_P', 'EMB_P', 'EMB_P', 'EMB_P', 'EMB_P', 'EMB_P', 'EMB_P', 'EMB_P', 'EMB_P', 'EMB_P', 'EMB_P', 'EMB_P', 'EMB_P', 'EMB_P', 'EMB_P', 'EMB_P', 'EMB_P', 'EMB_P', 'EMB_P', 'EMB_P', 'EMB_P', 'EMB_P', 'EMB_P', 'EMB_P', 'EMB_P', 'EMB_P', 'EMB_P', 'EMB_P', 'EMB_P', 'EMB_P', 'EMB_P', 'EMB_P', 'EMB_P', 'EMB_P', 'EMB_P', 'EMB_P', 'EMB_P', 'EMB_P', 'EMB_P', 'EMB_P', 'EMB_P', 'EMB_P', 'EMB_P', 'EMB_P', 'EMB_P', 'EMB_P', 'EMB_P', 'EMB_P', 'EMB_P', 'EMB_P', 'EMB_P', 'EMB_P', 'EMB_P', 'EMB_P', 'EMB_P', 'EMB_P', 'EMB_P', 'EMB_P', 'EMB_P', 'EMB_P', 'EMB_P', 'EMB_P', 'EMB_P', 'EMB_P', 'EMB_P', 'EMB_P', 'EMB_P', 'EMB_P', 'EMB_P', 'EMB_P', 'EMB_P', 'EMB_P', 'EMB_P', 'EMB_P', 'EMB_P', 'EMB_P', 'EMB_P', 'EMB_P', 'EMB_P', 'EMB_P', 'EMB_P', 'EMB_P', 'EMB_P', 'EMB_P', 'EMB_P']","['EMB_O', 'EMB_O', 'EMB_O', 'EMB_O', 'EMB_O', 'EMB_O', 'EMB_O', 'EMB_O', 'EMB_O', 'EMB_O', 'EMB_O', 'EMB_O', 'EMB_O', 'EMB_P', 'EMB_P', 'EMB_P', 'EMB_P', 'EMB_P', 'EMB_P', 'EMB_P', 'EMB_P', 'EMB_P', 'EMB_P', 'EMB_P', 'EMB_P', 'EMB_P', 'EMB_P', 'EMB_P', 'EMB_P', 'EMB_P', 'EMB_P', 'EMB_P', 'EMB_P', 'EMB_P', 'EMB_P', 'EMB_P', 'EMB_P', 'EMB_P', 'EMB_P', 'EMB_P', 'EMB_P', 'EMB_P', 'EMB_P', 'EMB_P', 'EMB_P', 'EMB_P', 'EMB_P', 'EMB_P', 'EMB_P', 'EMB_P', 'EMB_P', 'EMB_P', 'EMB_P', 'EMB_P', 'EMB_P', 'EMB_P', 'EMB_P', 'EMB_P', 'EMB_P', 'EMB_P', 'EMB_P', 'EMB_P', 'EMB_P', 'EMB_P', 'EMB_P', 'EMB_P', 'EMB_P', 'EMB_P', 'EMB_P', 'EMB_P', 'EMB_P', 'EMB_P', 'EMB_P', 'EMB_P', 'EMB_P', 'EMB_P', 'EMB_P', 'EMB_P', 'EMB_P', 'EMB_P', 'EMB_P', 'EMB_P', 'EMB_P', 'EMB_P', 'EMB_P', 'EMB_P', 'EMB_P', 'EMB_P', 'EMB_P', 'EMB_P', 'EMB_P', 'EMB_P', 'EMB_P', 'EMB_P', 'EMB_P', 'EMB_P', 'EMB_P', 'EMB_P', 'EMB_P', 'EMB_P', 'EMB_P', 'EMB_P', 'EMB_P', 'EMB_P', 'EMB_P', 'EMB_P', 'EMB_P', 'EMB_P', 'EMB_P', 'EMB_P', 'EMB_P', 'EMB_P', 'EMB_P', 'EMB_P', 'EMB_P', 'EMB_P', 'EMB_P', 'EMB_P', 'EMB_P', 'EMB_P', 'EMB_P', 'EMB_P', 'EMB_P', 'EMB_P', 'EMB_P', 'EMB_P', 'EMB_P', 'EMB_P']"
232,keyboard,comfortable,laptop_quad_dev_202,+ comfortable keyboard,7.33,7.5,"['EMB_O', 'EMB_O', 'EMB_O', 'EMB_O', 'ASP_S', 'EMB_O', 'EMB_P', 'EMB_P', 'EMB_P', 'EMB_P', 'EMB_P', 'EMB_P', 'EMB_P', 'EMB_P', 'EMB_P', 'EMB_P', 'EMB_P', 'EMB_P', 'EMB_P', 'EMB_P', 'EMB_P', 'EMB_P', 'EMB_P', 'EMB_P', 'EMB_P', 'EMB_P', 'EMB_P', 'EMB_P', 'EMB_P', 'EMB_P', 'EMB_P', 'EMB_P', 'EMB_P', 'EMB_P', 'EMB_P', 'EMB_P', 'EMB_P', 'EMB_P', 'EMB_P', 'EMB_P', 'EMB_P', 'EMB_P', 'EMB_P', 'EMB_P', 'EMB_P', 'EMB_P', 'EMB_P', 'EMB_P', 'EMB_P', 'EMB_P', 'EMB_P', 'EMB_P', 'EMB_P', 'EMB_P', 'EMB_P', 'EMB_P', 'EMB_P', 'EMB_P', 'EMB_P', 'EMB_P', 'EMB_P', 'EMB_P', 'EMB_P', 'EMB_P', 'EMB_P', 'EMB_P', 'EMB_P', 'EMB_P', 'EMB_P', 'EMB_P', 'EMB_P', 'EMB_P', 'EMB_P', 'EMB_P', 'EMB_P', 'EMB_P', 'EMB_P', 'EMB_P', 'EMB_P', 'EMB_P', 'EMB_P', 'EMB_P', 'EMB_P', 'EMB_P', 'EMB_P', 'EMB_P', 'EMB_P', 'EMB_P', 'EMB_P', 'EMB_P', 'EMB_P', 'EMB_P', 'EMB_P', 'EMB_P', 'EMB_P', 'EMB_P', 'EMB_P', 'EMB_P', 'EMB_P', 'EMB_P', 'EMB_P', 'EMB_P', 'EMB_P', 'EMB_P', 'EMB_P', 'EMB_P', 'EMB_P', 'EMB_P', 'EMB_P', 'EMB_P', 'EMB_P', 'EMB_P', 'EMB_P', 'EMB_P', 'EMB_P', 'EMB_P', 'EMB_P', 'EMB_P', 'EMB_P', 'EMB_P', 'EMB_P', 'EMB_P', 'EMB_P', 'EMB_P', 'EMB_P', 'EMB_P', 'EMB_P', 'EMB_P']","['EMB_O', 'EMB_O', 'OPN_B', 'OPN_E', 'EMB_O', 'EMB_O', 'EMB_P', 'EMB_P', 'EMB_P', 'EMB_P', 'EMB_P', 'EMB_P', 'EMB_P', 'EMB_P', 'EMB_P', 'EMB_P', 'EMB_P', 'EMB_P', 'EMB_P', 'EMB_P', 'EMB_P', 'EMB_P', 'EMB_P', 'EMB_P', 'EMB_P', 'EMB_P', 'EMB_P', 'EMB_P', 'EMB_P', 'EMB_P', 'EMB_P', 'EMB_P', 'EMB_P', 'EMB_P', 'EMB_P', 'EMB_P', 'EMB_P', 'EMB_P', 'EMB_P', 'EMB_P', 'EMB_P', 'EMB_P', 'EMB_P', 'EMB_P', 'EMB_P', 'EMB_P', 'EMB_P', 'EMB_P', 'EMB_P', 'EMB_P', 'EMB_P', 'EMB_P', 'EMB_P', 'EMB_P', 'EMB_P', 'EMB_P', 'EMB_P', 'EMB_P', 'EMB_P', 'EMB_P', 'EMB_P', 'EMB_P', 'EMB_P', 'EMB_P', 'EMB_P', 'EMB_P', 'EMB_P', 'EMB_P', 'EMB_P', 'EMB_P', 'EMB_P', 'EMB_P', 'EMB_P', 'EMB_P', 'EMB_P', 'EMB_P', 'EMB_P', 'EMB_P', 'EMB_P', 'EMB_P', 'EMB_P', 'EMB_P', 'EMB_P', 'EMB_P', 'EMB_P', 'EMB_P', 'EMB_P', 'EMB_P', 'EMB_P', 'EMB_P', 'EMB_P', 'EMB_P', 'EMB_P', 'EMB_P', 'EMB_P', 'EMB_P', 'EMB_P', 'EMB_P', 'EMB_P', 'EMB_P', 'EMB_P', 'EMB_P', 'EMB_P', 'EMB_P', 'EMB_P', 'EMB_P', 'EMB_P', 'EMB_P', 'EMB_P', 'EMB_P', 'EMB_P', 'EMB_P', 'EMB_P', 'EMB_P', 'EMB_P', 'EMB_P', 'EMB_P', 'EMB_P', 'EMB_P', 'EMB_P', 'EMB_P', 'EMB_P', 'EMB_P', 'EMB_P', 'EMB_P', 'EMB_P', 'EMB_P', 'EMB_P']"
233,product,decent,laptop_quad_dev_203,"other than this , it ' s a decent product .",6.62,6.62,"['EMB_O', 'EMB_O', 'EMB_O', 'EMB_O', 'EMB_O', 'EMB_O', 'EMB_O', 'EMB_O', 'EMB_O', 'EMB_O', 'EMB_O', 'ASP_S', 'EMB_O', 'EMB_O', 'EMB_P', 'EMB_P', 'EMB_P', 'EMB_P', 'EMB_P', 'EMB_P', 'EMB_P', 'EMB_P', 'EMB_P', 'EMB_P', 'EMB_P', 'EMB_P', 'EMB_P', 'EMB_P', 'EMB_P', 'EMB_P', 'EMB_P', 'EMB_P', 'EMB_P', 'EMB_P', 'EMB_P', 'EMB_P', 'EMB_P', 'EMB_P', 'EMB_P', 'EMB_P', 'EMB_P', 'EMB_P', 'EMB_P', 'EMB_P', 'EMB_P', 'EMB_P', 'EMB_P', 'EMB_P', 'EMB_P', 'EMB_P', 'EMB_P', 'EMB_P', 'EMB_P', 'EMB_P', 'EMB_P', 'EMB_P', 'EMB_P', 'EMB_P', 'EMB_P', 'EMB_P', 'EMB_P', 'EMB_P', 'EMB_P', 'EMB_P', 'EMB_P', 'EMB_P', 'EMB_P', 'EMB_P', 'EMB_P', 'EMB_P', 'EMB_P', 'EMB_P', 'EMB_P', 'EMB_P', 'EMB_P', 'EMB_P', 'EMB_P', 'EMB_P', 'EMB_P', 'EMB_P', 'EMB_P', 'EMB_P', 'EMB_P', 'EMB_P', 'EMB_P', 'EMB_P', 'EMB_P', 'EMB_P', 'EMB_P', 'EMB_P', 'EMB_P', 'EMB_P', 'EMB_P', 'EMB_P', 'EMB_P', 'EMB_P', 'EMB_P', 'EMB_P', 'EMB_P', 'EMB_P', 'EMB_P', 'EMB_P', 'EMB_P', 'EMB_P', 'EMB_P', 'EMB_P', 'EMB_P', 'EMB_P', 'EMB_P', 'EMB_P', 'EMB_P', 'EMB_P', 'EMB_P', 'EMB_P', 'EMB_P', 'EMB_P', 'EMB_P', 'EMB_P', 'EMB_P', 'EMB_P', 'EMB_P', 'EMB_P', 'EMB_P', 'EMB_P', 'EMB_P', 'EMB_P', 'EMB_P', 'EMB_P']","['EMB_O', 'EMB_O', 'EMB_O', 'EMB_O', 'EMB_O', 'EMB_O', 'EMB_O', 'EMB_O', 'EMB_O', 'OPN_B', 'OPN_E', 'EMB_O', 'EMB_O', 'EMB_O', 'EMB_P', 'EMB_P', 'EMB_P', 'EMB_P', 'EMB_P', 'EMB_P', 'EMB_P', 'EMB_P', 'EMB_P', 'EMB_P', 'EMB_P', 'EMB_P', 'EMB_P', 'EMB_P', 'EMB_P', 'EMB_P', 'EMB_P', 'EMB_P', 'EMB_P', 'EMB_P', 'EMB_P', 'EMB_P', 'EMB_P', 'EMB_P', 'EMB_P', 'EMB_P', 'EMB_P', 'EMB_P', 'EMB_P', 'EMB_P', 'EMB_P', 'EMB_P', 'EMB_P', 'EMB_P', 'EMB_P', 'EMB_P', 'EMB_P', 'EMB_P', 'EMB_P', 'EMB_P', 'EMB_P', 'EMB_P', 'EMB_P', 'EMB_P', 'EMB_P', 'EMB_P', 'EMB_P', 'EMB_P', 'EMB_P', 'EMB_P', 'EMB_P', 'EMB_P', 'EMB_P', 'EMB_P', 'EMB_P', 'EMB_P', 'EMB_P', 'EMB_P', 'EMB_P', 'EMB_P', 'EMB_P', 'EMB_P', 'EMB_P', 'EMB_P', 'EMB_P', 'EMB_P', 'EMB_P', 'EMB_P', 'EMB_P', 'EMB_P', 'EMB_P', 'EMB_P', 'EMB_P', 'EMB_P', 'EMB_P', 'EMB_P', 'EMB_P', 'EMB_P', 'EMB_P', 'EMB_P', 'EMB_P', 'EMB_P', 'EMB_P', 'EMB_P', 'EMB_P', 'EMB_P', 'EMB_P', 'EMB_P', 'EMB_P', 'EMB_P', 'EMB_P', 'EMB_P', 'EMB_P', 'EMB_P', 'EMB_P', 'EMB_P', 'EMB_P', 'EMB_P', 'EMB_P', 'EMB_P', 'EMB_P', 'EMB_P', 'EMB_P', 'EMB_P', 'EMB_P', 'EMB_P', 'EMB_P', 'EMB_P', 'EMB_P', 'EMB_P', 'EMB_P', 'EMB_P', 'EMB_P', 'EMB_P']"
234,build,decent,laptop_quad_dev_204,"decent enough build , but the mouse pad is terrible .",6.75,6.75,"['EMB_O', 'EMB_O', 'EMB_O', 'EMB_O', 'ASP_S', 'EMB_O', 'EMB_O', 'EMB_O', 'EMB_O', 'EMB_O', 'EMB_O', 'EMB_O', 'EMB_O', 'EMB_O', 'EMB_P', 'EMB_P', 'EMB_P', 'EMB_P', 'EMB_P', 'EMB_P', 'EMB_P', 'EMB_P', 'EMB_P', 'EMB_P', 'EMB_P', 'EMB_P', 'EMB_P', 'EMB_P', 'EMB_P', 'EMB_P', 'EMB_P', 'EMB_P', 'EMB_P', 'EMB_P', 'EMB_P', 'EMB_P', 'EMB_P', 'EMB_P', 'EMB_P', 'EMB_P', 'EMB_P', 'EMB_P', 'EMB_P', 'EMB_P', 'EMB_P', 'EMB_P', 'EMB_P', 'EMB_P', 'EMB_P', 'EMB_P', 'EMB_P', 'EMB_P', 'EMB_P', 'EMB_P', 'EMB_P', 'EMB_P', 'EMB_P', 'EMB_P', 'EMB_P', 'EMB_P', 'EMB_P', 'EMB_P', 'EMB_P', 'EMB_P', 'EMB_P', 'EMB_P', 'EMB_P', 'EMB_P', 'EMB_P', 'EMB_P', 'EMB_P', 'EMB_P', 'EMB_P', 'EMB_P', 'EMB_P', 'EMB_P', 'EMB_P', 'EMB_P', 'EMB_P', 'EMB_P', 'EMB_P', 'EMB_P', 'EMB_P', 'EMB_P', 'EMB_P', 'EMB_P', 'EMB_P', 'EMB_P', 'EMB_P', 'EMB_P', 'EMB_P', 'EMB_P', 'EMB_P', 'EMB_P', 'EMB_P', 'EMB_P', 'EMB_P', 'EMB_P', 'EMB_P', 'EMB_P', 'EMB_P', 'EMB_P', 'EMB_P', 'EMB_P', 'EMB_P', 'EMB_P', 'EMB_P', 'EMB_P', 'EMB_P', 'EMB_P', 'EMB_P', 'EMB_P', 'EMB_P', 'EMB_P', 'EMB_P', 'EMB_P', 'EMB_P', 'EMB_P', 'EMB_P', 'EMB_P', 'EMB_P', 'EMB_P', 'EMB_P', 'EMB_P', 'EMB_P', 'EMB_P', 'EMB_P', 'EMB_P']","['EMB_O', 'OPN_B', 'OPN_E', 'EMB_O', 'EMB_O', 'EMB_O', 'EMB_O', 'EMB_O', 'EMB_O', 'EMB_O', 'EMB_O', 'EMB_O', 'EMB_O', 'EMB_O', 'EMB_P', 'EMB_P', 'EMB_P', 'EMB_P', 'EMB_P', 'EMB_P', 'EMB_P', 'EMB_P', 'EMB_P', 'EMB_P', 'EMB_P', 'EMB_P', 'EMB_P', 'EMB_P', 'EMB_P', 'EMB_P', 'EMB_P', 'EMB_P', 'EMB_P', 'EMB_P', 'EMB_P', 'EMB_P', 'EMB_P', 'EMB_P', 'EMB_P', 'EMB_P', 'EMB_P', 'EMB_P', 'EMB_P', 'EMB_P', 'EMB_P', 'EMB_P', 'EMB_P', 'EMB_P', 'EMB_P', 'EMB_P', 'EMB_P', 'EMB_P', 'EMB_P', 'EMB_P', 'EMB_P', 'EMB_P', 'EMB_P', 'EMB_P', 'EMB_P', 'EMB_P', 'EMB_P', 'EMB_P', 'EMB_P', 'EMB_P', 'EMB_P', 'EMB_P', 'EMB_P', 'EMB_P', 'EMB_P', 'EMB_P', 'EMB_P', 'EMB_P', 'EMB_P', 'EMB_P', 'EMB_P', 'EMB_P', 'EMB_P', 'EMB_P', 'EMB_P', 'EMB_P', 'EMB_P', 'EMB_P', 'EMB_P', 'EMB_P', 'EMB_P', 'EMB_P', 'EMB_P', 'EMB_P', 'EMB_P', 'EMB_P', 'EMB_P', 'EMB_P', 'EMB_P', 'EMB_P', 'EMB_P', 'EMB_P', 'EMB_P', 'EMB_P', 'EMB_P', 'EMB_P', 'EMB_P', 'EMB_P', 'EMB_P', 'EMB_P', 'EMB_P', 'EMB_P', 'EMB_P', 'EMB_P', 'EMB_P', 'EMB_P', 'EMB_P', 'EMB_P', 'EMB_P', 'EMB_P', 'EMB_P', 'EMB_P', 'EMB_P', 'EMB_P', 'EMB_P', 'EMB_P', 'EMB_P', 'EMB_P', 'EMB_P', 'EMB_P', 'EMB_P', 'EMB_P', 'EMB_P', 'EMB_P']"
235,mouse pad,terrible,laptop_quad_dev_204,"decent enough build , but the mouse pad is terrible .",2.62,6.88,"['EMB_O', 'EMB_O', 'EMB_O', 'EMB_O', 'EMB_O', 'EMB_O', 'EMB_O', 'EMB_O', 'ASP_B', 'ASP_E', 'EMB_O', 'EMB_O', 'EMB_O', 'EMB_O', 'EMB_P', 'EMB_P', 'EMB_P', 'EMB_P', 'EMB_P', 'EMB_P', 'EMB_P', 'EMB_P', 'EMB_P', 'EMB_P', 'EMB_P', 'EMB_P', 'EMB_P', 'EMB_P', 'EMB_P', 'EMB_P', 'EMB_P', 'EMB_P', 'EMB_P', 'EMB_P', 'EMB_P', 'EMB_P', 'EMB_P', 'EMB_P', 'EMB_P', 'EMB_P', 'EMB_P', 'EMB_P', 'EMB_P', 'EMB_P', 'EMB_P', 'EMB_P', 'EMB_P', 'EMB_P', 'EMB_P', 'EMB_P', 'EMB_P', 'EMB_P', 'EMB_P', 'EMB_P', 'EMB_P', 'EMB_P', 'EMB_P', 'EMB_P', 'EMB_P', 'EMB_P', 'EMB_P', 'EMB_P', 'EMB_P', 'EMB_P', 'EMB_P', 'EMB_P', 'EMB_P', 'EMB_P', 'EMB_P', 'EMB_P', 'EMB_P', 'EMB_P', 'EMB_P', 'EMB_P', 'EMB_P', 'EMB_P', 'EMB_P', 'EMB_P', 'EMB_P', 'EMB_P', 'EMB_P', 'EMB_P', 'EMB_P', 'EMB_P', 'EMB_P', 'EMB_P', 'EMB_P', 'EMB_P', 'EMB_P', 'EMB_P', 'EMB_P', 'EMB_P', 'EMB_P', 'EMB_P', 'EMB_P', 'EMB_P', 'EMB_P', 'EMB_P', 'EMB_P', 'EMB_P', 'EMB_P', 'EMB_P', 'EMB_P', 'EMB_P', 'EMB_P', 'EMB_P', 'EMB_P', 'EMB_P', 'EMB_P', 'EMB_P', 'EMB_P', 'EMB_P', 'EMB_P', 'EMB_P', 'EMB_P', 'EMB_P', 'EMB_P', 'EMB_P', 'EMB_P', 'EMB_P', 'EMB_P', 'EMB_P', 'EMB_P', 'EMB_P', 'EMB_P', 'EMB_P', 'EMB_P', 'EMB_P']","['EMB_O', 'EMB_O', 'EMB_O', 'EMB_O', 'EMB_O', 'EMB_O', 'EMB_O', 'EMB_O', 'EMB_O', 'EMB_O', 'EMB_O', 'OPN_S', 'EMB_O', 'EMB_O', 'EMB_P', 'EMB_P', 'EMB_P', 'EMB_P', 'EMB_P', 'EMB_P', 'EMB_P', 'EMB_P', 'EMB_P', 'EMB_P', 'EMB_P', 'EMB_P', 'EMB_P', 'EMB_P', 'EMB_P', 'EMB_P', 'EMB_P', 'EMB_P', 'EMB_P', 'EMB_P', 'EMB_P', 'EMB_P', 'EMB_P', 'EMB_P', 'EMB_P', 'EMB_P', 'EMB_P', 'EMB_P', 'EMB_P', 'EMB_P', 'EMB_P', 'EMB_P', 'EMB_P', 'EMB_P', 'EMB_P', 'EMB_P', 'EMB_P', 'EMB_P', 'EMB_P', 'EMB_P', 'EMB_P', 'EMB_P', 'EMB_P', 'EMB_P', 'EMB_P', 'EMB_P', 'EMB_P', 'EMB_P', 'EMB_P', 'EMB_P', 'EMB_P', 'EMB_P', 'EMB_P', 'EMB_P', 'EMB_P', 'EMB_P', 'EMB_P', 'EMB_P', 'EMB_P', 'EMB_P', 'EMB_P', 'EMB_P', 'EMB_P', 'EMB_P', 'EMB_P', 'EMB_P', 'EMB_P', 'EMB_P', 'EMB_P', 'EMB_P', 'EMB_P', 'EMB_P', 'EMB_P', 'EMB_P', 'EMB_P', 'EMB_P', 'EMB_P', 'EMB_P', 'EMB_P', 'EMB_P', 'EMB_P', 'EMB_P', 'EMB_P', 'EMB_P', 'EMB_P', 'EMB_P', 'EMB_P', 'EMB_P', 'EMB_P', 'EMB_P', 'EMB_P', 'EMB_P', 'EMB_P', 'EMB_P', 'EMB_P', 'EMB_P', 'EMB_P', 'EMB_P', 'EMB_P', 'EMB_P', 'EMB_P', 'EMB_P', 'EMB_P', 'EMB_P', 'EMB_P', 'EMB_P', 'EMB_P', 'EMB_P', 'EMB_P', 'EMB_P', 'EMB_P', 'EMB_P', 'EMB_P', 'EMB_P']"
236,games / video apps,absolutely awfully,laptop_quad_dev_205,games / video apps perform absolutely awfully .,3.62,7.12,"['EMB_O', 'ASP_B', 'ASP_I', 'ASP_I', 'ASP_I', 'ASP_E', 'EMB_O', 'EMB_O', 'EMB_O', 'EMB_O', 'EMB_O', 'EMB_O', 'EMB_O', 'EMB_P', 'EMB_P', 'EMB_P', 'EMB_P', 'EMB_P', 'EMB_P', 'EMB_P', 'EMB_P', 'EMB_P', 'EMB_P', 'EMB_P', 'EMB_P', 'EMB_P', 'EMB_P', 'EMB_P', 'EMB_P', 'EMB_P', 'EMB_P', 'EMB_P', 'EMB_P', 'EMB_P', 'EMB_P', 'EMB_P', 'EMB_P', 'EMB_P', 'EMB_P', 'EMB_P', 'EMB_P', 'EMB_P', 'EMB_P', 'EMB_P', 'EMB_P', 'EMB_P', 'EMB_P', 'EMB_P', 'EMB_P', 'EMB_P', 'EMB_P', 'EMB_P', 'EMB_P', 'EMB_P', 'EMB_P', 'EMB_P', 'EMB_P', 'EMB_P', 'EMB_P', 'EMB_P', 'EMB_P', 'EMB_P', 'EMB_P', 'EMB_P', 'EMB_P', 'EMB_P', 'EMB_P', 'EMB_P', 'EMB_P', 'EMB_P', 'EMB_P', 'EMB_P', 'EMB_P', 'EMB_P', 'EMB_P', 'EMB_P', 'EMB_P', 'EMB_P', 'EMB_P', 'EMB_P', 'EMB_P', 'EMB_P', 'EMB_P', 'EMB_P', 'EMB_P', 'EMB_P', 'EMB_P', 'EMB_P', 'EMB_P', 'EMB_P', 'EMB_P', 'EMB_P', 'EMB_P', 'EMB_P', 'EMB_P', 'EMB_P', 'EMB_P', 'EMB_P', 'EMB_P', 'EMB_P', 'EMB_P', 'EMB_P', 'EMB_P', 'EMB_P', 'EMB_P', 'EMB_P', 'EMB_P', 'EMB_P', 'EMB_P', 'EMB_P', 'EMB_P', 'EMB_P', 'EMB_P', 'EMB_P', 'EMB_P', 'EMB_P', 'EMB_P', 'EMB_P', 'EMB_P', 'EMB_P', 'EMB_P', 'EMB_P', 'EMB_P', 'EMB_P', 'EMB_P', 'EMB_P', 'EMB_P', 'EMB_P']","['EMB_O', 'EMB_O', 'EMB_O', 'EMB_O', 'EMB_O', 'EMB_O', 'EMB_O', 'OPN_B', 'OPN_I', 'OPN_I', 'OPN_E', 'EMB_O', 'EMB_O', 'EMB_P', 'EMB_P', 'EMB_P', 'EMB_P', 'EMB_P', 'EMB_P', 'EMB_P', 'EMB_P', 'EMB_P', 'EMB_P', 'EMB_P', 'EMB_P', 'EMB_P', 'EMB_P', 'EMB_P', 'EMB_P', 'EMB_P', 'EMB_P', 'EMB_P', 'EMB_P', 'EMB_P', 'EMB_P', 'EMB_P', 'EMB_P', 'EMB_P', 'EMB_P', 'EMB_P', 'EMB_P', 'EMB_P', 'EMB_P', 'EMB_P', 'EMB_P', 'EMB_P', 'EMB_P', 'EMB_P', 'EMB_P', 'EMB_P', 'EMB_P', 'EMB_P', 'EMB_P', 'EMB_P', 'EMB_P', 'EMB_P', 'EMB_P', 'EMB_P', 'EMB_P', 'EMB_P', 'EMB_P', 'EMB_P', 'EMB_P', 'EMB_P', 'EMB_P', 'EMB_P', 'EMB_P', 'EMB_P', 'EMB_P', 'EMB_P', 'EMB_P', 'EMB_P', 'EMB_P', 'EMB_P', 'EMB_P', 'EMB_P', 'EMB_P', 'EMB_P', 'EMB_P', 'EMB_P', 'EMB_P', 'EMB_P', 'EMB_P', 'EMB_P', 'EMB_P', 'EMB_P', 'EMB_P', 'EMB_P', 'EMB_P', 'EMB_P', 'EMB_P', 'EMB_P', 'EMB_P', 'EMB_P', 'EMB_P', 'EMB_P', 'EMB_P', 'EMB_P', 'EMB_P', 'EMB_P', 'EMB_P', 'EMB_P', 'EMB_P', 'EMB_P', 'EMB_P', 'EMB_P', 'EMB_P', 'EMB_P', 'EMB_P', 'EMB_P', 'EMB_P', 'EMB_P', 'EMB_P', 'EMB_P', 'EMB_P', 'EMB_P', 'EMB_P', 'EMB_P', 'EMB_P', 'EMB_P', 'EMB_P', 'EMB_P', 'EMB_P', 'EMB_P', 'EMB_P', 'EMB_P', 'EMB_P', 'EMB_P']"
237,machine,fine,laptop_quad_dev_206,the machine ' s visible design itself was fine .,6.88,6.75,"['EMB_O', 'EMB_O', 'ASP_S', 'EMB_O', 'EMB_O', 'EMB_O', 'EMB_O', 'EMB_O', 'EMB_O', 'EMB_O', 'EMB_O', 'EMB_O', 'EMB_P', 'EMB_P', 'EMB_P', 'EMB_P', 'EMB_P', 'EMB_P', 'EMB_P', 'EMB_P', 'EMB_P', 'EMB_P', 'EMB_P', 'EMB_P', 'EMB_P', 'EMB_P', 'EMB_P', 'EMB_P', 'EMB_P', 'EMB_P', 'EMB_P', 'EMB_P', 'EMB_P', 'EMB_P', 'EMB_P', 'EMB_P', 'EMB_P', 'EMB_P', 'EMB_P', 'EMB_P', 'EMB_P', 'EMB_P', 'EMB_P', 'EMB_P', 'EMB_P', 'EMB_P', 'EMB_P', 'EMB_P', 'EMB_P', 'EMB_P', 'EMB_P', 'EMB_P', 'EMB_P', 'EMB_P', 'EMB_P', 'EMB_P', 'EMB_P', 'EMB_P', 'EMB_P', 'EMB_P', 'EMB_P', 'EMB_P', 'EMB_P', 'EMB_P', 'EMB_P', 'EMB_P', 'EMB_P', 'EMB_P', 'EMB_P', 'EMB_P', 'EMB_P', 'EMB_P', 'EMB_P', 'EMB_P', 'EMB_P', 'EMB_P', 'EMB_P', 'EMB_P', 'EMB_P', 'EMB_P', 'EMB_P', 'EMB_P', 'EMB_P', 'EMB_P', 'EMB_P', 'EMB_P', 'EMB_P', 'EMB_P', 'EMB_P', 'EMB_P', 'EMB_P', 'EMB_P', 'EMB_P', 'EMB_P', 'EMB_P', 'EMB_P', 'EMB_P', 'EMB_P', 'EMB_P', 'EMB_P', 'EMB_P', 'EMB_P', 'EMB_P', 'EMB_P', 'EMB_P', 'EMB_P', 'EMB_P', 'EMB_P', 'EMB_P', 'EMB_P', 'EMB_P', 'EMB_P', 'EMB_P', 'EMB_P', 'EMB_P', 'EMB_P', 'EMB_P', 'EMB_P', 'EMB_P', 'EMB_P', 'EMB_P', 'EMB_P', 'EMB_P', 'EMB_P', 'EMB_P', 'EMB_P', 'EMB_P', 'EMB_P']","['EMB_O', 'EMB_O', 'EMB_O', 'EMB_O', 'EMB_O', 'EMB_O', 'EMB_O', 'EMB_O', 'EMB_O', 'OPN_S', 'EMB_O', 'EMB_O', 'EMB_P', 'EMB_P', 'EMB_P', 'EMB_P', 'EMB_P', 'EMB_P', 'EMB_P', 'EMB_P', 'EMB_P', 'EMB_P', 'EMB_P', 'EMB_P', 'EMB_P', 'EMB_P', 'EMB_P', 'EMB_P', 'EMB_P', 'EMB_P', 'EMB_P', 'EMB_P', 'EMB_P', 'EMB_P', 'EMB_P', 'EMB_P', 'EMB_P', 'EMB_P', 'EMB_P', 'EMB_P', 'EMB_P', 'EMB_P', 'EMB_P', 'EMB_P', 'EMB_P', 'EMB_P', 'EMB_P', 'EMB_P', 'EMB_P', 'EMB_P', 'EMB_P', 'EMB_P', 'EMB_P', 'EMB_P', 'EMB_P', 'EMB_P', 'EMB_P', 'EMB_P', 'EMB_P', 'EMB_P', 'EMB_P', 'EMB_P', 'EMB_P', 'EMB_P', 'EMB_P', 'EMB_P', 'EMB_P', 'EMB_P', 'EMB_P', 'EMB_P', 'EMB_P', 'EMB_P', 'EMB_P', 'EMB_P', 'EMB_P', 'EMB_P', 'EMB_P', 'EMB_P', 'EMB_P', 'EMB_P', 'EMB_P', 'EMB_P', 'EMB_P', 'EMB_P', 'EMB_P', 'EMB_P', 'EMB_P', 'EMB_P', 'EMB_P', 'EMB_P', 'EMB_P', 'EMB_P', 'EMB_P', 'EMB_P', 'EMB_P', 'EMB_P', 'EMB_P', 'EMB_P', 'EMB_P', 'EMB_P', 'EMB_P', 'EMB_P', 'EMB_P', 'EMB_P', 'EMB_P', 'EMB_P', 'EMB_P', 'EMB_P', 'EMB_P', 'EMB_P', 'EMB_P', 'EMB_P', 'EMB_P', 'EMB_P', 'EMB_P', 'EMB_P', 'EMB_P', 'EMB_P', 'EMB_P', 'EMB_P', 'EMB_P', 'EMB_P', 'EMB_P', 'EMB_P', 'EMB_P', 'EMB_P', 'EMB_P', 'EMB_P']"
238,battery,NULL,laptop_quad_dev_207,"after one charge , the battery would not take charge .",3.4,6.6,"['EMB_O', 'EMB_O', 'EMB_O', 'EMB_O', 'EMB_O', 'EMB_O', 'ASP_S', 'EMB_O', 'EMB_O', 'EMB_O', 'EMB_O', 'EMB_O', 'EMB_O', 'EMB_P', 'EMB_P', 'EMB_P', 'EMB_P', 'EMB_P', 'EMB_P', 'EMB_P', 'EMB_P', 'EMB_P', 'EMB_P', 'EMB_P', 'EMB_P', 'EMB_P', 'EMB_P', 'EMB_P', 'EMB_P', 'EMB_P', 'EMB_P', 'EMB_P', 'EMB_P', 'EMB_P', 'EMB_P', 'EMB_P', 'EMB_P', 'EMB_P', 'EMB_P', 'EMB_P', 'EMB_P', 'EMB_P', 'EMB_P', 'EMB_P', 'EMB_P', 'EMB_P', 'EMB_P', 'EMB_P', 'EMB_P', 'EMB_P', 'EMB_P', 'EMB_P', 'EMB_P', 'EMB_P', 'EMB_P', 'EMB_P', 'EMB_P', 'EMB_P', 'EMB_P', 'EMB_P', 'EMB_P', 'EMB_P', 'EMB_P', 'EMB_P', 'EMB_P', 'EMB_P', 'EMB_P', 'EMB_P', 'EMB_P', 'EMB_P', 'EMB_P', 'EMB_P', 'EMB_P', 'EMB_P', 'EMB_P', 'EMB_P', 'EMB_P', 'EMB_P', 'EMB_P', 'EMB_P', 'EMB_P', 'EMB_P', 'EMB_P', 'EMB_P', 'EMB_P', 'EMB_P', 'EMB_P', 'EMB_P', 'EMB_P', 'EMB_P', 'EMB_P', 'EMB_P', 'EMB_P', 'EMB_P', 'EMB_P', 'EMB_P', 'EMB_P', 'EMB_P', 'EMB_P', 'EMB_P', 'EMB_P', 'EMB_P', 'EMB_P', 'EMB_P', 'EMB_P', 'EMB_P', 'EMB_P', 'EMB_P', 'EMB_P', 'EMB_P', 'EMB_P', 'EMB_P', 'EMB_P', 'EMB_P', 'EMB_P', 'EMB_P', 'EMB_P', 'EMB_P', 'EMB_P', 'EMB_P', 'EMB_P', 'EMB_P', 'EMB_P', 'EMB_P', 'EMB_P', 'EMB_P', 'EMB_P', 'EMB_P']","['EMB_O', 'EMB_O', 'EMB_O', 'EMB_O', 'EMB_O', 'EMB_O', 'EMB_O', 'EMB_O', 'EMB_O', 'EMB_O', 'EMB_O', 'EMB_O', 'EMB_O', 'EMB_P', 'EMB_P', 'EMB_P', 'EMB_P', 'EMB_P', 'EMB_P', 'EMB_P', 'EMB_P', 'EMB_P', 'EMB_P', 'EMB_P', 'EMB_P', 'EMB_P', 'EMB_P', 'EMB_P', 'EMB_P', 'EMB_P', 'EMB_P', 'EMB_P', 'EMB_P', 'EMB_P', 'EMB_P', 'EMB_P', 'EMB_P', 'EMB_P', 'EMB_P', 'EMB_P', 'EMB_P', 'EMB_P', 'EMB_P', 'EMB_P', 'EMB_P', 'EMB_P', 'EMB_P', 'EMB_P', 'EMB_P', 'EMB_P', 'EMB_P', 'EMB_P', 'EMB_P', 'EMB_P', 'EMB_P', 'EMB_P', 'EMB_P', 'EMB_P', 'EMB_P', 'EMB_P', 'EMB_P', 'EMB_P', 'EMB_P', 'EMB_P', 'EMB_P', 'EMB_P', 'EMB_P', 'EMB_P', 'EMB_P', 'EMB_P', 'EMB_P', 'EMB_P', 'EMB_P', 'EMB_P', 'EMB_P', 'EMB_P', 'EMB_P', 'EMB_P', 'EMB_P', 'EMB_P', 'EMB_P', 'EMB_P', 'EMB_P', 'EMB_P', 'EMB_P', 'EMB_P', 'EMB_P', 'EMB_P', 'EMB_P', 'EMB_P', 'EMB_P', 'EMB_P', 'EMB_P', 'EMB_P', 'EMB_P', 'EMB_P', 'EMB_P', 'EMB_P', 'EMB_P', 'EMB_P', 'EMB_P', 'EMB_P', 'EMB_P', 'EMB_P', 'EMB_P', 'EMB_P', 'EMB_P', 'EMB_P', 'EMB_P', 'EMB_P', 'EMB_P', 'EMB_P', 'EMB_P', 'EMB_P', 'EMB_P', 'EMB_P', 'EMB_P', 'EMB_P', 'EMB_P', 'EMB_P', 'EMB_P', 'EMB_P', 'EMB_P', 'EMB_P', 'EMB_P', 'EMB_P', 'EMB_P', 'EMB_P']"
239,NULL,NULL,laptop_quad_dev_208,it will not power on anymore after 2 mos of daily use - 4 hours per day .,3.1,6.1,"['EMB_O', 'EMB_O', 'EMB_O', 'EMB_O', 'EMB_O', 'EMB_O', 'EMB_O', 'EMB_O', 'EMB_O', 'EMB_O', 'EMB_O', 'EMB_O', 'EMB_O', 'EMB_O', 'EMB_O', 'EMB_O', 'EMB_O', 'EMB_O', 'EMB_O', 'EMB_O', 'EMB_O', 'EMB_P', 'EMB_P', 'EMB_P', 'EMB_P', 'EMB_P', 'EMB_P', 'EMB_P', 'EMB_P', 'EMB_P', 'EMB_P', 'EMB_P', 'EMB_P', 'EMB_P', 'EMB_P', 'EMB_P', 'EMB_P', 'EMB_P', 'EMB_P', 'EMB_P', 'EMB_P', 'EMB_P', 'EMB_P', 'EMB_P', 'EMB_P', 'EMB_P', 'EMB_P', 'EMB_P', 'EMB_P', 'EMB_P', 'EMB_P', 'EMB_P', 'EMB_P', 'EMB_P', 'EMB_P', 'EMB_P', 'EMB_P', 'EMB_P', 'EMB_P', 'EMB_P', 'EMB_P', 'EMB_P', 'EMB_P', 'EMB_P', 'EMB_P', 'EMB_P', 'EMB_P', 'EMB_P', 'EMB_P', 'EMB_P', 'EMB_P', 'EMB_P', 'EMB_P', 'EMB_P', 'EMB_P', 'EMB_P', 'EMB_P', 'EMB_P', 'EMB_P', 'EMB_P', 'EMB_P', 'EMB_P', 'EMB_P', 'EMB_P', 'EMB_P', 'EMB_P', 'EMB_P', 'EMB_P', 'EMB_P', 'EMB_P', 'EMB_P', 'EMB_P', 'EMB_P', 'EMB_P', 'EMB_P', 'EMB_P', 'EMB_P', 'EMB_P', 'EMB_P', 'EMB_P', 'EMB_P', 'EMB_P', 'EMB_P', 'EMB_P', 'EMB_P', 'EMB_P', 'EMB_P', 'EMB_P', 'EMB_P', 'EMB_P', 'EMB_P', 'EMB_P', 'EMB_P', 'EMB_P', 'EMB_P', 'EMB_P', 'EMB_P', 'EMB_P', 'EMB_P', 'EMB_P', 'EMB_P', 'EMB_P', 'EMB_P', 'EMB_P', 'EMB_P', 'EMB_P', 'EMB_P', 'EMB_P']","['EMB_O', 'EMB_O', 'EMB_O', 'EMB_O', 'EMB_O', 'EMB_O', 'EMB_O', 'EMB_O', 'EMB_O', 'EMB_O', 'EMB_O', 'EMB_O', 'EMB_O', 'EMB_O', 'EMB_O', 'EMB_O', 'EMB_O', 'EMB_O', 'EMB_O', 'EMB_O', 'EMB_O', 'EMB_P', 'EMB_P', 'EMB_P', 'EMB_P', 'EMB_P', 'EMB_P', 'EMB_P', 'EMB_P', 'EMB_P', 'EMB_P', 'EMB_P', 'EMB_P', 'EMB_P', 'EMB_P', 'EMB_P', 'EMB_P', 'EMB_P', 'EMB_P', 'EMB_P', 'EMB_P', 'EMB_P', 'EMB_P', 'EMB_P', 'EMB_P', 'EMB_P', 'EMB_P', 'EMB_P', 'EMB_P', 'EMB_P', 'EMB_P', 'EMB_P', 'EMB_P', 'EMB_P', 'EMB_P', 'EMB_P', 'EMB_P', 'EMB_P', 'EMB_P', 'EMB_P', 'EMB_P', 'EMB_P', 'EMB_P', 'EMB_P', 'EMB_P', 'EMB_P', 'EMB_P', 'EMB_P', 'EMB_P', 'EMB_P', 'EMB_P', 'EMB_P', 'EMB_P', 'EMB_P', 'EMB_P', 'EMB_P', 'EMB_P', 'EMB_P', 'EMB_P', 'EMB_P', 'EMB_P', 'EMB_P', 'EMB_P', 'EMB_P', 'EMB_P', 'EMB_P', 'EMB_P', 'EMB_P', 'EMB_P', 'EMB_P', 'EMB_P', 'EMB_P', 'EMB_P', 'EMB_P', 'EMB_P', 'EMB_P', 'EMB_P', 'EMB_P', 'EMB_P', 'EMB_P', 'EMB_P', 'EMB_P', 'EMB_P', 'EMB_P', 'EMB_P', 'EMB_P', 'EMB_P', 'EMB_P', 'EMB_P', 'EMB_P', 'EMB_P', 'EMB_P', 'EMB_P', 'EMB_P', 'EMB_P', 'EMB_P', 'EMB_P', 'EMB_P', 'EMB_P', 'EMB_P', 'EMB_P', 'EMB_P', 'EMB_P', 'EMB_P', 'EMB_P', 'EMB_P', 'EMB_P', 'EMB_P']"
240,NULL,dangerous,laptop_quad_dev_209,"i went through two of them , both came with sharp edges that made them dangerous and uncomfortable to use .",2.67,7.0,"['EMB_O', 'EMB_O', 'EMB_O', 'EMB_O', 'EMB_O', 'EMB_O', 'EMB_O', 'EMB_O', 'EMB_O', 'EMB_O', 'EMB_O', 'EMB_O', 'EMB_O', 'EMB_O', 'EMB_O', 'EMB_O', 'EMB_O', 'EMB_O', 'EMB_O', 'EMB_O', 'EMB_O', 'EMB_O', 'EMB_O', 'EMB_O', 'EMB_O', 'EMB_P', 'EMB_P', 'EMB_P', 'EMB_P', 'EMB_P', 'EMB_P', 'EMB_P', 'EMB_P', 'EMB_P', 'EMB_P', 'EMB_P', 'EMB_P', 'EMB_P', 'EMB_P', 'EMB_P', 'EMB_P', 'EMB_P', 'EMB_P', 'EMB_P', 'EMB_P', 'EMB_P', 'EMB_P', 'EMB_P', 'EMB_P', 'EMB_P', 'EMB_P', 'EMB_P', 'EMB_P', 'EMB_P', 'EMB_P', 'EMB_P', 'EMB_P', 'EMB_P', 'EMB_P', 'EMB_P', 'EMB_P', 'EMB_P', 'EMB_P', 'EMB_P', 'EMB_P', 'EMB_P', 'EMB_P', 'EMB_P', 'EMB_P', 'EMB_P', 'EMB_P', 'EMB_P', 'EMB_P', 'EMB_P', 'EMB_P', 'EMB_P', 'EMB_P', 'EMB_P', 'EMB_P', 'EMB_P', 'EMB_P', 'EMB_P', 'EMB_P', 'EMB_P', 'EMB_P', 'EMB_P', 'EMB_P', 'EMB_P', 'EMB_P', 'EMB_P', 'EMB_P', 'EMB_P', 'EMB_P', 'EMB_P', 'EMB_P', 'EMB_P', 'EMB_P', 'EMB_P', 'EMB_P', 'EMB_P', 'EMB_P', 'EMB_P', 'EMB_P', 'EMB_P', 'EMB_P', 'EMB_P', 'EMB_P', 'EMB_P', 'EMB_P', 'EMB_P', 'EMB_P', 'EMB_P', 'EMB_P', 'EMB_P', 'EMB_P', 'EMB_P', 'EMB_P', 'EMB_P', 'EMB_P', 'EMB_P', 'EMB_P', 'EMB_P', 'EMB_P', 'EMB_P', 'EMB_P', 'EMB_P', 'EMB_P', 'EMB_P']","['EMB_O', 'EMB_O', 'EMB_O', 'EMB_O', 'EMB_O', 'EMB_O', 'EMB_O', 'EMB_O', 'EMB_O', 'EMB_O', 'EMB_O', 'EMB_O', 'EMB_O', 'EMB_O', 'EMB_O', 'EMB_O', 'OPN_S', 'EMB_O', 'EMB_O', 'EMB_O', 'EMB_O', 'EMB_O', 'EMB_O', 'EMB_O', 'EMB_O', 'EMB_P', 'EMB_P', 'EMB_P', 'EMB_P', 'EMB_P', 'EMB_P', 'EMB_P', 'EMB_P', 'EMB_P', 'EMB_P', 'EMB_P', 'EMB_P', 'EMB_P', 'EMB_P', 'EMB_P', 'EMB_P', 'EMB_P', 'EMB_P', 'EMB_P', 'EMB_P', 'EMB_P', 'EMB_P', 'EMB_P', 'EMB_P', 'EMB_P', 'EMB_P', 'EMB_P', 'EMB_P', 'EMB_P', 'EMB_P', 'EMB_P', 'EMB_P', 'EMB_P', 'EMB_P', 'EMB_P', 'EMB_P', 'EMB_P', 'EMB_P', 'EMB_P', 'EMB_P', 'EMB_P', 'EMB_P', 'EMB_P', 'EMB_P', 'EMB_P', 'EMB_P', 'EMB_P', 'EMB_P', 'EMB_P', 'EMB_P', 'EMB_P', 'EMB_P', 'EMB_P', 'EMB_P', 'EMB_P', 'EMB_P', 'EMB_P', 'EMB_P', 'EMB_P', 'EMB_P', 'EMB_P', 'EMB_P', 'EMB_P', 'EMB_P', 'EMB_P', 'EMB_P', 'EMB_P', 'EMB_P', 'EMB_P', 'EMB_P', 'EMB_P', 'EMB_P', 'EMB_P', 'EMB_P', 'EMB_P', 'EMB_P', 'EMB_P', 'EMB_P', 'EMB_P', 'EMB_P', 'EMB_P', 'EMB_P', 'EMB_P', 'EMB_P', 'EMB_P', 'EMB_P', 'EMB_P', 'EMB_P', 'EMB_P', 'EMB_P', 'EMB_P', 'EMB_P', 'EMB_P', 'EMB_P', 'EMB_P', 'EMB_P', 'EMB_P', 'EMB_P', 'EMB_P', 'EMB_P', 'EMB_P', 'EMB_P', 'EMB_P']"
241,NULL,very well,laptop_quad_dev_210,"i really liked it when i first got it , it performs very well and the software is very easy to use .",7.17,7.0,"['EMB_O', 'EMB_O', 'EMB_O', 'EMB_O', 'EMB_O', 'EMB_O', 'EMB_O', 'EMB_O', 'EMB_O', 'EMB_O', 'EMB_O', 'EMB_O', 'EMB_O', 'EMB_O', 'EMB_O', 'EMB_O', 'EMB_O', 'EMB_O', 'EMB_O', 'EMB_O', 'EMB_O', 'EMB_O', 'EMB_O', 'EMB_O', 'EMB_O', 'EMB_O', 'EMB_P', 'EMB_P', 'EMB_P', 'EMB_P', 'EMB_P', 'EMB_P', 'EMB_P', 'EMB_P', 'EMB_P', 'EMB_P', 'EMB_P', 'EMB_P', 'EMB_P', 'EMB_P', 'EMB_P', 'EMB_P', 'EMB_P', 'EMB_P', 'EMB_P', 'EMB_P', 'EMB_P', 'EMB_P', 'EMB_P', 'EMB_P', 'EMB_P', 'EMB_P', 'EMB_P', 'EMB_P', 'EMB_P', 'EMB_P', 'EMB_P', 'EMB_P', 'EMB_P', 'EMB_P', 'EMB_P', 'EMB_P', 'EMB_P', 'EMB_P', 'EMB_P', 'EMB_P', 'EMB_P', 'EMB_P', 'EMB_P', 'EMB_P', 'EMB_P', 'EMB_P', 'EMB_P', 'EMB_P', 'EMB_P', 'EMB_P', 'EMB_P', 'EMB_P', 'EMB_P', 'EMB_P', 'EMB_P', 'EMB_P', 'EMB_P', 'EMB_P', 'EMB_P', 'EMB_P', 'EMB_P', 'EMB_P', 'EMB_P', 'EMB_P', 'EMB_P', 'EMB_P', 'EMB_P', 'EMB_P', 'EMB_P', 'EMB_P', 'EMB_P', 'EMB_P', 'EMB_P', 'EMB_P', 'EMB_P', 'EMB_P', 'EMB_P', 'EMB_P', 'EMB_P', 'EMB_P', 'EMB_P', 'EMB_P', 'EMB_P', 'EMB_P', 'EMB_P', 'EMB_P', 'EMB_P', 'EMB_P', 'EMB_P', 'EMB_P', 'EMB_P', 'EMB_P', 'EMB_P', 'EMB_P', 'EMB_P', 'EMB_P', 'EMB_P', 'EMB_P', 'EMB_P', 'EMB_P', 'EMB_P', 'EMB_P']","['EMB_O', 'EMB_O', 'EMB_O', 'EMB_O', 'EMB_O', 'EMB_O', 'EMB_O', 'EMB_O', 'EMB_O', 'EMB_O', 'EMB_O', 'EMB_O', 'EMB_O', 'EMB_O', 'OPN_B', 'OPN_E', 'EMB_O', 'EMB_O', 'EMB_O', 'EMB_O', 'EMB_O', 'EMB_O', 'EMB_O', 'EMB_O', 'EMB_O', 'EMB_O', 'EMB_P', 'EMB_P', 'EMB_P', 'EMB_P', 'EMB_P', 'EMB_P', 'EMB_P', 'EMB_P', 'EMB_P', 'EMB_P', 'EMB_P', 'EMB_P', 'EMB_P', 'EMB_P', 'EMB_P', 'EMB_P', 'EMB_P', 'EMB_P', 'EMB_P', 'EMB_P', 'EMB_P', 'EMB_P', 'EMB_P', 'EMB_P', 'EMB_P', 'EMB_P', 'EMB_P', 'EMB_P', 'EMB_P', 'EMB_P', 'EMB_P', 'EMB_P', 'EMB_P', 'EMB_P', 'EMB_P', 'EMB_P', 'EMB_P', 'EMB_P', 'EMB_P', 'EMB_P', 'EMB_P', 'EMB_P', 'EMB_P', 'EMB_P', 'EMB_P', 'EMB_P', 'EMB_P', 'EMB_P', 'EMB_P', 'EMB_P', 'EMB_P', 'EMB_P', 'EMB_P', 'EMB_P', 'EMB_P', 'EMB_P', 'EMB_P', 'EMB_P', 'EMB_P', 'EMB_P', 'EMB_P', 'EMB_P', 'EMB_P', 'EMB_P', 'EMB_P', 'EMB_P', 'EMB_P', 'EMB_P', 'EMB_P', 'EMB_P', 'EMB_P', 'EMB_P', 'EMB_P', 'EMB_P', 'EMB_P', 'EMB_P', 'EMB_P', 'EMB_P', 'EMB_P', 'EMB_P', 'EMB_P', 'EMB_P', 'EMB_P', 'EMB_P', 'EMB_P', 'EMB_P', 'EMB_P', 'EMB_P', 'EMB_P', 'EMB_P', 'EMB_P', 'EMB_P', 'EMB_P', 'EMB_P', 'EMB_P', 'EMB_P', 'EMB_P', 'EMB_P', 'EMB_P', 'EMB_P', 'EMB_P', 'EMB_P']"
242,software,very easy,laptop_quad_dev_210,"i really liked it when i first got it , it performs very well and the software is very easy to use .",7.17,7.0,"['EMB_O', 'EMB_O', 'EMB_O', 'EMB_O', 'EMB_O', 'EMB_O', 'EMB_O', 'EMB_O', 'EMB_O', 'EMB_O', 'EMB_O', 'EMB_O', 'EMB_O', 'EMB_O', 'EMB_O', 'EMB_O', 'EMB_O', 'EMB_O', 'ASP_S', 'EMB_O', 'EMB_O', 'EMB_O', 'EMB_O', 'EMB_O', 'EMB_O', 'EMB_O', 'EMB_P', 'EMB_P', 'EMB_P', 'EMB_P', 'EMB_P', 'EMB_P', 'EMB_P', 'EMB_P', 'EMB_P', 'EMB_P', 'EMB_P', 'EMB_P', 'EMB_P', 'EMB_P', 'EMB_P', 'EMB_P', 'EMB_P', 'EMB_P', 'EMB_P', 'EMB_P', 'EMB_P', 'EMB_P', 'EMB_P', 'EMB_P', 'EMB_P', 'EMB_P', 'EMB_P', 'EMB_P', 'EMB_P', 'EMB_P', 'EMB_P', 'EMB_P', 'EMB_P', 'EMB_P', 'EMB_P', 'EMB_P', 'EMB_P', 'EMB_P', 'EMB_P', 'EMB_P', 'EMB_P', 'EMB_P', 'EMB_P', 'EMB_P', 'EMB_P', 'EMB_P', 'EMB_P', 'EMB_P', 'EMB_P', 'EMB_P', 'EMB_P', 'EMB_P', 'EMB_P', 'EMB_P', 'EMB_P', 'EMB_P', 'EMB_P', 'EMB_P', 'EMB_P', 'EMB_P', 'EMB_P', 'EMB_P', 'EMB_P', 'EMB_P', 'EMB_P', 'EMB_P', 'EMB_P', 'EMB_P', 'EMB_P', 'EMB_P', 'EMB_P', 'EMB_P', 'EMB_P', 'EMB_P', 'EMB_P', 'EMB_P', 'EMB_P', 'EMB_P', 'EMB_P', 'EMB_P', 'EMB_P', 'EMB_P', 'EMB_P', 'EMB_P', 'EMB_P', 'EMB_P', 'EMB_P', 'EMB_P', 'EMB_P', 'EMB_P', 'EMB_P', 'EMB_P', 'EMB_P', 'EMB_P', 'EMB_P', 'EMB_P', 'EMB_P', 'EMB_P', 'EMB_P', 'EMB_P', 'EMB_P', 'EMB_P']","['EMB_O', 'EMB_O', 'EMB_O', 'EMB_O', 'EMB_O', 'EMB_O', 'EMB_O', 'EMB_O', 'EMB_O', 'EMB_O', 'EMB_O', 'EMB_O', 'EMB_O', 'EMB_O', 'EMB_O', 'EMB_O', 'EMB_O', 'EMB_O', 'EMB_O', 'EMB_O', 'OPN_B', 'OPN_E', 'EMB_O', 'EMB_O', 'EMB_O', 'EMB_O', 'EMB_P', 'EMB_P', 'EMB_P', 'EMB_P', 'EMB_P', 'EMB_P', 'EMB_P', 'EMB_P', 'EMB_P', 'EMB_P', 'EMB_P', 'EMB_P', 'EMB_P', 'EMB_P', 'EMB_P', 'EMB_P', 'EMB_P', 'EMB_P', 'EMB_P', 'EMB_P', 'EMB_P', 'EMB_P', 'EMB_P', 'EMB_P', 'EMB_P', 'EMB_P', 'EMB_P', 'EMB_P', 'EMB_P', 'EMB_P', 'EMB_P', 'EMB_P', 'EMB_P', 'EMB_P', 'EMB_P', 'EMB_P', 'EMB_P', 'EMB_P', 'EMB_P', 'EMB_P', 'EMB_P', 'EMB_P', 'EMB_P', 'EMB_P', 'EMB_P', 'EMB_P', 'EMB_P', 'EMB_P', 'EMB_P', 'EMB_P', 'EMB_P', 'EMB_P', 'EMB_P', 'EMB_P', 'EMB_P', 'EMB_P', 'EMB_P', 'EMB_P', 'EMB_P', 'EMB_P', 'EMB_P', 'EMB_P', 'EMB_P', 'EMB_P', 'EMB_P', 'EMB_P', 'EMB_P', 'EMB_P', 'EMB_P', 'EMB_P', 'EMB_P', 'EMB_P', 'EMB_P', 'EMB_P', 'EMB_P', 'EMB_P', 'EMB_P', 'EMB_P', 'EMB_P', 'EMB_P', 'EMB_P', 'EMB_P', 'EMB_P', 'EMB_P', 'EMB_P', 'EMB_P', 'EMB_P', 'EMB_P', 'EMB_P', 'EMB_P', 'EMB_P', 'EMB_P', 'EMB_P', 'EMB_P', 'EMB_P', 'EMB_P', 'EMB_P', 'EMB_P', 'EMB_P', 'EMB_P', 'EMB_P', 'EMB_P']"
243,wifi,NULL,laptop_quad_dev_211,"using wifi the signal seems to drop , not sure if the wifi adapter needs an update but there are issues .",5.0,5.0,"['EMB_O', 'EMB_O', 'ASP_B', 'ASP_E', 'EMB_O', 'EMB_O', 'EMB_O', 'EMB_O', 'EMB_O', 'EMB_O', 'EMB_O', 'EMB_O', 'EMB_O', 'EMB_O', 'EMB_O', 'EMB_O', 'EMB_O', 'EMB_O', 'EMB_O', 'EMB_O', 'EMB_O', 'EMB_O', 'EMB_O', 'EMB_O', 'EMB_O', 'EMB_O', 'EMB_O', 'EMB_P', 'EMB_P', 'EMB_P', 'EMB_P', 'EMB_P', 'EMB_P', 'EMB_P', 'EMB_P', 'EMB_P', 'EMB_P', 'EMB_P', 'EMB_P', 'EMB_P', 'EMB_P', 'EMB_P', 'EMB_P', 'EMB_P', 'EMB_P', 'EMB_P', 'EMB_P', 'EMB_P', 'EMB_P', 'EMB_P', 'EMB_P', 'EMB_P', 'EMB_P', 'EMB_P', 'EMB_P', 'EMB_P', 'EMB_P', 'EMB_P', 'EMB_P', 'EMB_P', 'EMB_P', 'EMB_P', 'EMB_P', 'EMB_P', 'EMB_P', 'EMB_P', 'EMB_P', 'EMB_P', 'EMB_P', 'EMB_P', 'EMB_P', 'EMB_P', 'EMB_P', 'EMB_P', 'EMB_P', 'EMB_P', 'EMB_P', 'EMB_P', 'EMB_P', 'EMB_P', 'EMB_P', 'EMB_P', 'EMB_P', 'EMB_P', 'EMB_P', 'EMB_P', 'EMB_P', 'EMB_P', 'EMB_P', 'EMB_P', 'EMB_P', 'EMB_P', 'EMB_P', 'EMB_P', 'EMB_P', 'EMB_P', 'EMB_P', 'EMB_P', 'EMB_P', 'EMB_P', 'EMB_P', 'EMB_P', 'EMB_P', 'EMB_P', 'EMB_P', 'EMB_P', 'EMB_P', 'EMB_P', 'EMB_P', 'EMB_P', 'EMB_P', 'EMB_P', 'EMB_P', 'EMB_P', 'EMB_P', 'EMB_P', 'EMB_P', 'EMB_P', 'EMB_P', 'EMB_P', 'EMB_P', 'EMB_P', 'EMB_P', 'EMB_P', 'EMB_P', 'EMB_P', 'EMB_P', 'EMB_P']","['EMB_O', 'EMB_O', 'EMB_O', 'EMB_O', 'EMB_O', 'EMB_O', 'EMB_O', 'EMB_O', 'EMB_O', 'EMB_O', 'EMB_O', 'EMB_O', 'EMB_O', 'EMB_O', 'EMB_O', 'EMB_O', 'EMB_O', 'EMB_O', 'EMB_O', 'EMB_O', 'EMB_O', 'EMB_O', 'EMB_O', 'EMB_O', 'EMB_O', 'EMB_O', 'EMB_O', 'EMB_P', 'EMB_P', 'EMB_P', 'EMB_P', 'EMB_P', 'EMB_P', 'EMB_P', 'EMB_P', 'EMB_P', 'EMB_P', 'EMB_P', 'EMB_P', 'EMB_P', 'EMB_P', 'EMB_P', 'EMB_P', 'EMB_P', 'EMB_P', 'EMB_P', 'EMB_P', 'EMB_P', 'EMB_P', 'EMB_P', 'EMB_P', 'EMB_P', 'EMB_P', 'EMB_P', 'EMB_P', 'EMB_P', 'EMB_P', 'EMB_P', 'EMB_P', 'EMB_P', 'EMB_P', 'EMB_P', 'EMB_P', 'EMB_P', 'EMB_P', 'EMB_P', 'EMB_P', 'EMB_P', 'EMB_P', 'EMB_P', 'EMB_P', 'EMB_P', 'EMB_P', 'EMB_P', 'EMB_P', 'EMB_P', 'EMB_P', 'EMB_P', 'EMB_P', 'EMB_P', 'EMB_P', 'EMB_P', 'EMB_P', 'EMB_P', 'EMB_P', 'EMB_P', 'EMB_P', 'EMB_P', 'EMB_P', 'EMB_P', 'EMB_P', 'EMB_P', 'EMB_P', 'EMB_P', 'EMB_P', 'EMB_P', 'EMB_P', 'EMB_P', 'EMB_P', 'EMB_P', 'EMB_P', 'EMB_P', 'EMB_P', 'EMB_P', 'EMB_P', 'EMB_P', 'EMB_P', 'EMB_P', 'EMB_P', 'EMB_P', 'EMB_P', 'EMB_P', 'EMB_P', 'EMB_P', 'EMB_P', 'EMB_P', 'EMB_P', 'EMB_P', 'EMB_P', 'EMB_P', 'EMB_P', 'EMB_P', 'EMB_P', 'EMB_P', 'EMB_P', 'EMB_P', 'EMB_P', 'EMB_P']"
244,wifi adapter,NULL,laptop_quad_dev_211,"using wifi the signal seems to drop , not sure if the wifi adapter needs an update but there are issues .",5.0,5.0,"['EMB_O', 'EMB_O', 'EMB_O', 'EMB_O', 'EMB_O', 'EMB_O', 'EMB_O', 'EMB_O', 'EMB_O', 'EMB_O', 'EMB_O', 'EMB_O', 'EMB_O', 'EMB_O', 'ASP_B', 'ASP_I', 'ASP_I', 'ASP_E', 'EMB_O', 'EMB_O', 'EMB_O', 'EMB_O', 'EMB_O', 'EMB_O', 'EMB_O', 'EMB_O', 'EMB_O', 'EMB_P', 'EMB_P', 'EMB_P', 'EMB_P', 'EMB_P', 'EMB_P', 'EMB_P', 'EMB_P', 'EMB_P', 'EMB_P', 'EMB_P', 'EMB_P', 'EMB_P', 'EMB_P', 'EMB_P', 'EMB_P', 'EMB_P', 'EMB_P', 'EMB_P', 'EMB_P', 'EMB_P', 'EMB_P', 'EMB_P', 'EMB_P', 'EMB_P', 'EMB_P', 'EMB_P', 'EMB_P', 'EMB_P', 'EMB_P', 'EMB_P', 'EMB_P', 'EMB_P', 'EMB_P', 'EMB_P', 'EMB_P', 'EMB_P', 'EMB_P', 'EMB_P', 'EMB_P', 'EMB_P', 'EMB_P', 'EMB_P', 'EMB_P', 'EMB_P', 'EMB_P', 'EMB_P', 'EMB_P', 'EMB_P', 'EMB_P', 'EMB_P', 'EMB_P', 'EMB_P', 'EMB_P', 'EMB_P', 'EMB_P', 'EMB_P', 'EMB_P', 'EMB_P', 'EMB_P', 'EMB_P', 'EMB_P', 'EMB_P', 'EMB_P', 'EMB_P', 'EMB_P', 'EMB_P', 'EMB_P', 'EMB_P', 'EMB_P', 'EMB_P', 'EMB_P', 'EMB_P', 'EMB_P', 'EMB_P', 'EMB_P', 'EMB_P', 'EMB_P', 'EMB_P', 'EMB_P', 'EMB_P', 'EMB_P', 'EMB_P', 'EMB_P', 'EMB_P', 'EMB_P', 'EMB_P', 'EMB_P', 'EMB_P', 'EMB_P', 'EMB_P', 'EMB_P', 'EMB_P', 'EMB_P', 'EMB_P', 'EMB_P', 'EMB_P', 'EMB_P', 'EMB_P', 'EMB_P', 'EMB_P']","['EMB_O', 'EMB_O', 'EMB_O', 'EMB_O', 'EMB_O', 'EMB_O', 'EMB_O', 'EMB_O', 'EMB_O', 'EMB_O', 'EMB_O', 'EMB_O', 'EMB_O', 'EMB_O', 'EMB_O', 'EMB_O', 'EMB_O', 'EMB_O', 'EMB_O', 'EMB_O', 'EMB_O', 'EMB_O', 'EMB_O', 'EMB_O', 'EMB_O', 'EMB_O', 'EMB_O', 'EMB_P', 'EMB_P', 'EMB_P', 'EMB_P', 'EMB_P', 'EMB_P', 'EMB_P', 'EMB_P', 'EMB_P', 'EMB_P', 'EMB_P', 'EMB_P', 'EMB_P', 'EMB_P', 'EMB_P', 'EMB_P', 'EMB_P', 'EMB_P', 'EMB_P', 'EMB_P', 'EMB_P', 'EMB_P', 'EMB_P', 'EMB_P', 'EMB_P', 'EMB_P', 'EMB_P', 'EMB_P', 'EMB_P', 'EMB_P', 'EMB_P', 'EMB_P', 'EMB_P', 'EMB_P', 'EMB_P', 'EMB_P', 'EMB_P', 'EMB_P', 'EMB_P', 'EMB_P', 'EMB_P', 'EMB_P', 'EMB_P', 'EMB_P', 'EMB_P', 'EMB_P', 'EMB_P', 'EMB_P', 'EMB_P', 'EMB_P', 'EMB_P', 'EMB_P', 'EMB_P', 'EMB_P', 'EMB_P', 'EMB_P', 'EMB_P', 'EMB_P', 'EMB_P', 'EMB_P', 'EMB_P', 'EMB_P', 'EMB_P', 'EMB_P', 'EMB_P', 'EMB_P', 'EMB_P', 'EMB_P', 'EMB_P', 'EMB_P', 'EMB_P', 'EMB_P', 'EMB_P', 'EMB_P', 'EMB_P', 'EMB_P', 'EMB_P', 'EMB_P', 'EMB_P', 'EMB_P', 'EMB_P', 'EMB_P', 'EMB_P', 'EMB_P', 'EMB_P', 'EMB_P', 'EMB_P', 'EMB_P', 'EMB_P', 'EMB_P', 'EMB_P', 'EMB_P', 'EMB_P', 'EMB_P', 'EMB_P', 'EMB_P', 'EMB_P', 'EMB_P', 'EMB_P', 'EMB_P', 'EMB_P']"
245,factory default driver,unstable,laptop_quad_dev_212,"first , the factory default driver configuration of this thing is unstable , which makes installing a correct configuration more difficult .",2.88,5.75,"['EMB_O', 'EMB_O', 'EMB_O', 'EMB_O', 'ASP_B', 'ASP_I', 'ASP_E', 'EMB_O', 'EMB_O', 'EMB_O', 'EMB_O', 'EMB_O', 'EMB_O', 'EMB_O', 'EMB_O', 'EMB_O', 'EMB_O', 'EMB_O', 'EMB_O', 'EMB_O', 'EMB_O', 'EMB_O', 'EMB_O', 'EMB_O', 'EMB_O', 'EMB_O', 'EMB_P', 'EMB_P', 'EMB_P', 'EMB_P', 'EMB_P', 'EMB_P', 'EMB_P', 'EMB_P', 'EMB_P', 'EMB_P', 'EMB_P', 'EMB_P', 'EMB_P', 'EMB_P', 'EMB_P', 'EMB_P', 'EMB_P', 'EMB_P', 'EMB_P', 'EMB_P', 'EMB_P', 'EMB_P', 'EMB_P', 'EMB_P', 'EMB_P', 'EMB_P', 'EMB_P', 'EMB_P', 'EMB_P', 'EMB_P', 'EMB_P', 'EMB_P', 'EMB_P', 'EMB_P', 'EMB_P', 'EMB_P', 'EMB_P', 'EMB_P', 'EMB_P', 'EMB_P', 'EMB_P', 'EMB_P', 'EMB_P', 'EMB_P', 'EMB_P', 'EMB_P', 'EMB_P', 'EMB_P', 'EMB_P', 'EMB_P', 'EMB_P', 'EMB_P', 'EMB_P', 'EMB_P', 'EMB_P', 'EMB_P', 'EMB_P', 'EMB_P', 'EMB_P', 'EMB_P', 'EMB_P', 'EMB_P', 'EMB_P', 'EMB_P', 'EMB_P', 'EMB_P', 'EMB_P', 'EMB_P', 'EMB_P', 'EMB_P', 'EMB_P', 'EMB_P', 'EMB_P', 'EMB_P', 'EMB_P', 'EMB_P', 'EMB_P', 'EMB_P', 'EMB_P', 'EMB_P', 'EMB_P', 'EMB_P', 'EMB_P', 'EMB_P', 'EMB_P', 'EMB_P', 'EMB_P', 'EMB_P', 'EMB_P', 'EMB_P', 'EMB_P', 'EMB_P', 'EMB_P', 'EMB_P', 'EMB_P', 'EMB_P', 'EMB_P', 'EMB_P', 'EMB_P', 'EMB_P', 'EMB_P', 'EMB_P']","['EMB_O', 'EMB_O', 'EMB_O', 'EMB_O', 'EMB_O', 'EMB_O', 'EMB_O', 'EMB_O', 'EMB_O', 'EMB_O', 'EMB_O', 'EMB_O', 'OPN_B', 'OPN_E', 'EMB_O', 'EMB_O', 'EMB_O', 'EMB_O', 'EMB_O', 'EMB_O', 'EMB_O', 'EMB_O', 'EMB_O', 'EMB_O', 'EMB_O', 'EMB_O', 'EMB_P', 'EMB_P', 'EMB_P', 'EMB_P', 'EMB_P', 'EMB_P', 'EMB_P', 'EMB_P', 'EMB_P', 'EMB_P', 'EMB_P', 'EMB_P', 'EMB_P', 'EMB_P', 'EMB_P', 'EMB_P', 'EMB_P', 'EMB_P', 'EMB_P', 'EMB_P', 'EMB_P', 'EMB_P', 'EMB_P', 'EMB_P', 'EMB_P', 'EMB_P', 'EMB_P', 'EMB_P', 'EMB_P', 'EMB_P', 'EMB_P', 'EMB_P', 'EMB_P', 'EMB_P', 'EMB_P', 'EMB_P', 'EMB_P', 'EMB_P', 'EMB_P', 'EMB_P', 'EMB_P', 'EMB_P', 'EMB_P', 'EMB_P', 'EMB_P', 'EMB_P', 'EMB_P', 'EMB_P', 'EMB_P', 'EMB_P', 'EMB_P', 'EMB_P', 'EMB_P', 'EMB_P', 'EMB_P', 'EMB_P', 'EMB_P', 'EMB_P', 'EMB_P', 'EMB_P', 'EMB_P', 'EMB_P', 'EMB_P', 'EMB_P', 'EMB_P', 'EMB_P', 'EMB_P', 'EMB_P', 'EMB_P', 'EMB_P', 'EMB_P', 'EMB_P', 'EMB_P', 'EMB_P', 'EMB_P', 'EMB_P', 'EMB_P', 'EMB_P', 'EMB_P', 'EMB_P', 'EMB_P', 'EMB_P', 'EMB_P', 'EMB_P', 'EMB_P', 'EMB_P', 'EMB_P', 'EMB_P', 'EMB_P', 'EMB_P', 'EMB_P', 'EMB_P', 'EMB_P', 'EMB_P', 'EMB_P', 'EMB_P', 'EMB_P', 'EMB_P', 'EMB_P', 'EMB_P', 'EMB_P', 'EMB_P']"
246,mouse pad,very touchy,laptop_quad_dev_213,"the mouse pad is very touchy , but i use a separate bluetooth mouse anyways .",4.4,4.1,"['EMB_O', 'EMB_O', 'ASP_B', 'ASP_E', 'EMB_O', 'EMB_O', 'EMB_O', 'EMB_O', 'EMB_O', 'EMB_O', 'EMB_O', 'EMB_O', 'EMB_O', 'EMB_O', 'EMB_O', 'EMB_O', 'EMB_O', 'EMB_O', 'EMB_O', 'EMB_O', 'EMB_O', 'EMB_O', 'EMB_P', 'EMB_P', 'EMB_P', 'EMB_P', 'EMB_P', 'EMB_P', 'EMB_P', 'EMB_P', 'EMB_P', 'EMB_P', 'EMB_P', 'EMB_P', 'EMB_P', 'EMB_P', 'EMB_P', 'EMB_P', 'EMB_P', 'EMB_P', 'EMB_P', 'EMB_P', 'EMB_P', 'EMB_P', 'EMB_P', 'EMB_P', 'EMB_P', 'EMB_P', 'EMB_P', 'EMB_P', 'EMB_P', 'EMB_P', 'EMB_P', 'EMB_P', 'EMB_P', 'EMB_P', 'EMB_P', 'EMB_P', 'EMB_P', 'EMB_P', 'EMB_P', 'EMB_P', 'EMB_P', 'EMB_P', 'EMB_P', 'EMB_P', 'EMB_P', 'EMB_P', 'EMB_P', 'EMB_P', 'EMB_P', 'EMB_P', 'EMB_P', 'EMB_P', 'EMB_P', 'EMB_P', 'EMB_P', 'EMB_P', 'EMB_P', 'EMB_P', 'EMB_P', 'EMB_P', 'EMB_P', 'EMB_P', 'EMB_P', 'EMB_P', 'EMB_P', 'EMB_P', 'EMB_P', 'EMB_P', 'EMB_P', 'EMB_P', 'EMB_P', 'EMB_P', 'EMB_P', 'EMB_P', 'EMB_P', 'EMB_P', 'EMB_P', 'EMB_P', 'EMB_P', 'EMB_P', 'EMB_P', 'EMB_P', 'EMB_P', 'EMB_P', 'EMB_P', 'EMB_P', 'EMB_P', 'EMB_P', 'EMB_P', 'EMB_P', 'EMB_P', 'EMB_P', 'EMB_P', 'EMB_P', 'EMB_P', 'EMB_P', 'EMB_P', 'EMB_P', 'EMB_P', 'EMB_P', 'EMB_P', 'EMB_P', 'EMB_P', 'EMB_P', 'EMB_P', 'EMB_P']","['EMB_O', 'EMB_O', 'EMB_O', 'EMB_O', 'EMB_O', 'OPN_B', 'OPN_I', 'OPN_E', 'EMB_O', 'EMB_O', 'EMB_O', 'EMB_O', 'EMB_O', 'EMB_O', 'EMB_O', 'EMB_O', 'EMB_O', 'EMB_O', 'EMB_O', 'EMB_O', 'EMB_O', 'EMB_O', 'EMB_P', 'EMB_P', 'EMB_P', 'EMB_P', 'EMB_P', 'EMB_P', 'EMB_P', 'EMB_P', 'EMB_P', 'EMB_P', 'EMB_P', 'EMB_P', 'EMB_P', 'EMB_P', 'EMB_P', 'EMB_P', 'EMB_P', 'EMB_P', 'EMB_P', 'EMB_P', 'EMB_P', 'EMB_P', 'EMB_P', 'EMB_P', 'EMB_P', 'EMB_P', 'EMB_P', 'EMB_P', 'EMB_P', 'EMB_P', 'EMB_P', 'EMB_P', 'EMB_P', 'EMB_P', 'EMB_P', 'EMB_P', 'EMB_P', 'EMB_P', 'EMB_P', 'EMB_P', 'EMB_P', 'EMB_P', 'EMB_P', 'EMB_P', 'EMB_P', 'EMB_P', 'EMB_P', 'EMB_P', 'EMB_P', 'EMB_P', 'EMB_P', 'EMB_P', 'EMB_P', 'EMB_P', 'EMB_P', 'EMB_P', 'EMB_P', 'EMB_P', 'EMB_P', 'EMB_P', 'EMB_P', 'EMB_P', 'EMB_P', 'EMB_P', 'EMB_P', 'EMB_P', 'EMB_P', 'EMB_P', 'EMB_P', 'EMB_P', 'EMB_P', 'EMB_P', 'EMB_P', 'EMB_P', 'EMB_P', 'EMB_P', 'EMB_P', 'EMB_P', 'EMB_P', 'EMB_P', 'EMB_P', 'EMB_P', 'EMB_P', 'EMB_P', 'EMB_P', 'EMB_P', 'EMB_P', 'EMB_P', 'EMB_P', 'EMB_P', 'EMB_P', 'EMB_P', 'EMB_P', 'EMB_P', 'EMB_P', 'EMB_P', 'EMB_P', 'EMB_P', 'EMB_P', 'EMB_P', 'EMB_P', 'EMB_P', 'EMB_P', 'EMB_P', 'EMB_P', 'EMB_P']"
247,brand new laptop,headache,laptop_quad_dev_214,i didn ' t even call for tech help because a brand new laptop should not be giving me such a headache .,2.5,7.88,"['EMB_O', 'EMB_O', 'EMB_O', 'EMB_O', 'EMB_O', 'EMB_O', 'EMB_O', 'EMB_O', 'EMB_O', 'EMB_O', 'EMB_O', 'EMB_O', 'ASP_B', 'ASP_I', 'ASP_I', 'ASP_E', 'EMB_O', 'EMB_O', 'EMB_O', 'EMB_O', 'EMB_O', 'EMB_O', 'EMB_O', 'EMB_O', 'EMB_O', 'EMB_O', 'EMB_O', 'EMB_P', 'EMB_P', 'EMB_P', 'EMB_P', 'EMB_P', 'EMB_P', 'EMB_P', 'EMB_P', 'EMB_P', 'EMB_P', 'EMB_P', 'EMB_P', 'EMB_P', 'EMB_P', 'EMB_P', 'EMB_P', 'EMB_P', 'EMB_P', 'EMB_P', 'EMB_P', 'EMB_P', 'EMB_P', 'EMB_P', 'EMB_P', 'EMB_P', 'EMB_P', 'EMB_P', 'EMB_P', 'EMB_P', 'EMB_P', 'EMB_P', 'EMB_P', 'EMB_P', 'EMB_P', 'EMB_P', 'EMB_P', 'EMB_P', 'EMB_P', 'EMB_P', 'EMB_P', 'EMB_P', 'EMB_P', 'EMB_P', 'EMB_P', 'EMB_P', 'EMB_P', 'EMB_P', 'EMB_P', 'EMB_P', 'EMB_P', 'EMB_P', 'EMB_P', 'EMB_P', 'EMB_P', 'EMB_P', 'EMB_P', 'EMB_P', 'EMB_P', 'EMB_P', 'EMB_P', 'EMB_P', 'EMB_P', 'EMB_P', 'EMB_P', 'EMB_P', 'EMB_P', 'EMB_P', 'EMB_P', 'EMB_P', 'EMB_P', 'EMB_P', 'EMB_P', 'EMB_P', 'EMB_P', 'EMB_P', 'EMB_P', 'EMB_P', 'EMB_P', 'EMB_P', 'EMB_P', 'EMB_P', 'EMB_P', 'EMB_P', 'EMB_P', 'EMB_P', 'EMB_P', 'EMB_P', 'EMB_P', 'EMB_P', 'EMB_P', 'EMB_P', 'EMB_P', 'EMB_P', 'EMB_P', 'EMB_P', 'EMB_P', 'EMB_P', 'EMB_P', 'EMB_P', 'EMB_P', 'EMB_P']","['EMB_O', 'EMB_O', 'EMB_O', 'EMB_O', 'EMB_O', 'EMB_O', 'EMB_O', 'EMB_O', 'EMB_O', 'EMB_O', 'EMB_O', 'EMB_O', 'EMB_O', 'EMB_O', 'EMB_O', 'EMB_O', 'EMB_O', 'EMB_O', 'EMB_O', 'EMB_O', 'EMB_O', 'EMB_O', 'EMB_O', 'OPN_B', 'OPN_E', 'EMB_O', 'EMB_O', 'EMB_P', 'EMB_P', 'EMB_P', 'EMB_P', 'EMB_P', 'EMB_P', 'EMB_P', 'EMB_P', 'EMB_P', 'EMB_P', 'EMB_P', 'EMB_P', 'EMB_P', 'EMB_P', 'EMB_P', 'EMB_P', 'EMB_P', 'EMB_P', 'EMB_P', 'EMB_P', 'EMB_P', 'EMB_P', 'EMB_P', 'EMB_P', 'EMB_P', 'EMB_P', 'EMB_P', 'EMB_P', 'EMB_P', 'EMB_P', 'EMB_P', 'EMB_P', 'EMB_P', 'EMB_P', 'EMB_P', 'EMB_P', 'EMB_P', 'EMB_P', 'EMB_P', 'EMB_P', 'EMB_P', 'EMB_P', 'EMB_P', 'EMB_P', 'EMB_P', 'EMB_P', 'EMB_P', 'EMB_P', 'EMB_P', 'EMB_P', 'EMB_P', 'EMB_P', 'EMB_P', 'EMB_P', 'EMB_P', 'EMB_P', 'EMB_P', 'EMB_P', 'EMB_P', 'EMB_P', 'EMB_P', 'EMB_P', 'EMB_P', 'EMB_P', 'EMB_P', 'EMB_P', 'EMB_P', 'EMB_P', 'EMB_P', 'EMB_P', 'EMB_P', 'EMB_P', 'EMB_P', 'EMB_P', 'EMB_P', 'EMB_P', 'EMB_P', 'EMB_P', 'EMB_P', 'EMB_P', 'EMB_P', 'EMB_P', 'EMB_P', 'EMB_P', 'EMB_P', 'EMB_P', 'EMB_P', 'EMB_P', 'EMB_P', 'EMB_P', 'EMB_P', 'EMB_P', 'EMB_P', 'EMB_P', 'EMB_P', 'EMB_P', 'EMB_P', 'EMB_P', 'EMB_P', 'EMB_P', 'EMB_P']"
248,laptop,great,laptop_quad_dev_215,the laptop its - self is great and is made of good build quality .,7.5,7.5,"['EMB_O', 'EMB_O', 'ASP_B', 'ASP_E', 'EMB_O', 'EMB_O', 'EMB_O', 'EMB_O', 'EMB_O', 'EMB_O', 'EMB_O', 'EMB_O', 'EMB_O', 'EMB_O', 'EMB_O', 'EMB_O', 'EMB_O', 'EMB_O', 'EMB_P', 'EMB_P', 'EMB_P', 'EMB_P', 'EMB_P', 'EMB_P', 'EMB_P', 'EMB_P', 'EMB_P', 'EMB_P', 'EMB_P', 'EMB_P', 'EMB_P', 'EMB_P', 'EMB_P', 'EMB_P', 'EMB_P', 'EMB_P', 'EMB_P', 'EMB_P', 'EMB_P', 'EMB_P', 'EMB_P', 'EMB_P', 'EMB_P', 'EMB_P', 'EMB_P', 'EMB_P', 'EMB_P', 'EMB_P', 'EMB_P', 'EMB_P', 'EMB_P', 'EMB_P', 'EMB_P', 'EMB_P', 'EMB_P', 'EMB_P', 'EMB_P', 'EMB_P', 'EMB_P', 'EMB_P', 'EMB_P', 'EMB_P', 'EMB_P', 'EMB_P', 'EMB_P', 'EMB_P', 'EMB_P', 'EMB_P', 'EMB_P', 'EMB_P', 'EMB_P', 'EMB_P', 'EMB_P', 'EMB_P', 'EMB_P', 'EMB_P', 'EMB_P', 'EMB_P', 'EMB_P', 'EMB_P', 'EMB_P', 'EMB_P', 'EMB_P', 'EMB_P', 'EMB_P', 'EMB_P', 'EMB_P', 'EMB_P', 'EMB_P', 'EMB_P', 'EMB_P', 'EMB_P', 'EMB_P', 'EMB_P', 'EMB_P', 'EMB_P', 'EMB_P', 'EMB_P', 'EMB_P', 'EMB_P', 'EMB_P', 'EMB_P', 'EMB_P', 'EMB_P', 'EMB_P', 'EMB_P', 'EMB_P', 'EMB_P', 'EMB_P', 'EMB_P', 'EMB_P', 'EMB_P', 'EMB_P', 'EMB_P', 'EMB_P', 'EMB_P', 'EMB_P', 'EMB_P', 'EMB_P', 'EMB_P', 'EMB_P', 'EMB_P', 'EMB_P', 'EMB_P', 'EMB_P', 'EMB_P', 'EMB_P', 'EMB_P']","['EMB_O', 'EMB_O', 'EMB_O', 'EMB_O', 'EMB_O', 'EMB_O', 'EMB_O', 'EMB_O', 'OPN_S', 'EMB_O', 'EMB_O', 'EMB_O', 'EMB_O', 'EMB_O', 'EMB_O', 'EMB_O', 'EMB_O', 'EMB_O', 'EMB_P', 'EMB_P', 'EMB_P', 'EMB_P', 'EMB_P', 'EMB_P', 'EMB_P', 'EMB_P', 'EMB_P', 'EMB_P', 'EMB_P', 'EMB_P', 'EMB_P', 'EMB_P', 'EMB_P', 'EMB_P', 'EMB_P', 'EMB_P', 'EMB_P', 'EMB_P', 'EMB_P', 'EMB_P', 'EMB_P', 'EMB_P', 'EMB_P', 'EMB_P', 'EMB_P', 'EMB_P', 'EMB_P', 'EMB_P', 'EMB_P', 'EMB_P', 'EMB_P', 'EMB_P', 'EMB_P', 'EMB_P', 'EMB_P', 'EMB_P', 'EMB_P', 'EMB_P', 'EMB_P', 'EMB_P', 'EMB_P', 'EMB_P', 'EMB_P', 'EMB_P', 'EMB_P', 'EMB_P', 'EMB_P', 'EMB_P', 'EMB_P', 'EMB_P', 'EMB_P', 'EMB_P', 'EMB_P', 'EMB_P', 'EMB_P', 'EMB_P', 'EMB_P', 'EMB_P', 'EMB_P', 'EMB_P', 'EMB_P', 'EMB_P', 'EMB_P', 'EMB_P', 'EMB_P', 'EMB_P', 'EMB_P', 'EMB_P', 'EMB_P', 'EMB_P', 'EMB_P', 'EMB_P', 'EMB_P', 'EMB_P', 'EMB_P', 'EMB_P', 'EMB_P', 'EMB_P', 'EMB_P', 'EMB_P', 'EMB_P', 'EMB_P', 'EMB_P', 'EMB_P', 'EMB_P', 'EMB_P', 'EMB_P', 'EMB_P', 'EMB_P', 'EMB_P', 'EMB_P', 'EMB_P', 'EMB_P', 'EMB_P', 'EMB_P', 'EMB_P', 'EMB_P', 'EMB_P', 'EMB_P', 'EMB_P', 'EMB_P', 'EMB_P', 'EMB_P', 'EMB_P', 'EMB_P', 'EMB_P', 'EMB_P', 'EMB_P']"
249,build quality,good,laptop_quad_dev_215,the laptop its - self is great and is made of good build quality .,6.75,6.62,"['EMB_O', 'EMB_O', 'EMB_O', 'EMB_O', 'EMB_O', 'EMB_O', 'EMB_O', 'EMB_O', 'EMB_O', 'EMB_O', 'EMB_O', 'EMB_O', 'EMB_O', 'EMB_O', 'ASP_B', 'ASP_E', 'EMB_O', 'EMB_O', 'EMB_P', 'EMB_P', 'EMB_P', 'EMB_P', 'EMB_P', 'EMB_P', 'EMB_P', 'EMB_P', 'EMB_P', 'EMB_P', 'EMB_P', 'EMB_P', 'EMB_P', 'EMB_P', 'EMB_P', 'EMB_P', 'EMB_P', 'EMB_P', 'EMB_P', 'EMB_P', 'EMB_P', 'EMB_P', 'EMB_P', 'EMB_P', 'EMB_P', 'EMB_P', 'EMB_P', 'EMB_P', 'EMB_P', 'EMB_P', 'EMB_P', 'EMB_P', 'EMB_P', 'EMB_P', 'EMB_P', 'EMB_P', 'EMB_P', 'EMB_P', 'EMB_P', 'EMB_P', 'EMB_P', 'EMB_P', 'EMB_P', 'EMB_P', 'EMB_P', 'EMB_P', 'EMB_P', 'EMB_P', 'EMB_P', 'EMB_P', 'EMB_P', 'EMB_P', 'EMB_P', 'EMB_P', 'EMB_P', 'EMB_P', 'EMB_P', 'EMB_P', 'EMB_P', 'EMB_P', 'EMB_P', 'EMB_P', 'EMB_P', 'EMB_P', 'EMB_P', 'EMB_P', 'EMB_P', 'EMB_P', 'EMB_P', 'EMB_P', 'EMB_P', 'EMB_P', 'EMB_P', 'EMB_P', 'EMB_P', 'EMB_P', 'EMB_P', 'EMB_P', 'EMB_P', 'EMB_P', 'EMB_P', 'EMB_P', 'EMB_P', 'EMB_P', 'EMB_P', 'EMB_P', 'EMB_P', 'EMB_P', 'EMB_P', 'EMB_P', 'EMB_P', 'EMB_P', 'EMB_P', 'EMB_P', 'EMB_P', 'EMB_P', 'EMB_P', 'EMB_P', 'EMB_P', 'EMB_P', 'EMB_P', 'EMB_P', 'EMB_P', 'EMB_P', 'EMB_P', 'EMB_P', 'EMB_P', 'EMB_P', 'EMB_P', 'EMB_P']","['EMB_O', 'EMB_O', 'EMB_O', 'EMB_O', 'EMB_O', 'EMB_O', 'EMB_O', 'EMB_O', 'EMB_O', 'EMB_O', 'EMB_O', 'EMB_O', 'EMB_O', 'OPN_S', 'EMB_O', 'EMB_O', 'EMB_O', 'EMB_O', 'EMB_P', 'EMB_P', 'EMB_P', 'EMB_P', 'EMB_P', 'EMB_P', 'EMB_P', 'EMB_P', 'EMB_P', 'EMB_P', 'EMB_P', 'EMB_P', 'EMB_P', 'EMB_P', 'EMB_P', 'EMB_P', 'EMB_P', 'EMB_P', 'EMB_P', 'EMB_P', 'EMB_P', 'EMB_P', 'EMB_P', 'EMB_P', 'EMB_P', 'EMB_P', 'EMB_P', 'EMB_P', 'EMB_P', 'EMB_P', 'EMB_P', 'EMB_P', 'EMB_P', 'EMB_P', 'EMB_P', 'EMB_P', 'EMB_P', 'EMB_P', 'EMB_P', 'EMB_P', 'EMB_P', 'EMB_P', 'EMB_P', 'EMB_P', 'EMB_P', 'EMB_P', 'EMB_P', 'EMB_P', 'EMB_P', 'EMB_P', 'EMB_P', 'EMB_P', 'EMB_P', 'EMB_P', 'EMB_P', 'EMB_P', 'EMB_P', 'EMB_P', 'EMB_P', 'EMB_P', 'EMB_P', 'EMB_P', 'EMB_P', 'EMB_P', 'EMB_P', 'EMB_P', 'EMB_P', 'EMB_P', 'EMB_P', 'EMB_P', 'EMB_P', 'EMB_P', 'EMB_P', 'EMB_P', 'EMB_P', 'EMB_P', 'EMB_P', 'EMB_P', 'EMB_P', 'EMB_P', 'EMB_P', 'EMB_P', 'EMB_P', 'EMB_P', 'EMB_P', 'EMB_P', 'EMB_P', 'EMB_P', 'EMB_P', 'EMB_P', 'EMB_P', 'EMB_P', 'EMB_P', 'EMB_P', 'EMB_P', 'EMB_P', 'EMB_P', 'EMB_P', 'EMB_P', 'EMB_P', 'EMB_P', 'EMB_P', 'EMB_P', 'EMB_P', 'EMB_P', 'EMB_P', 'EMB_P', 'EMB_P', 'EMB_P', 'EMB_P']"
250,screen,beautiful,laptop_quad_dev_216,beautiful screen .,7.5,7.67,"['EMB_O', 'EMB_O', 'ASP_S', 'EMB_O', 'EMB_O', 'EMB_P', 'EMB_P', 'EMB_P', 'EMB_P', 'EMB_P', 'EMB_P', 'EMB_P', 'EMB_P', 'EMB_P', 'EMB_P', 'EMB_P', 'EMB_P', 'EMB_P', 'EMB_P', 'EMB_P', 'EMB_P', 'EMB_P', 'EMB_P', 'EMB_P', 'EMB_P', 'EMB_P', 'EMB_P', 'EMB_P', 'EMB_P', 'EMB_P', 'EMB_P', 'EMB_P', 'EMB_P', 'EMB_P', 'EMB_P', 'EMB_P', 'EMB_P', 'EMB_P', 'EMB_P', 'EMB_P', 'EMB_P', 'EMB_P', 'EMB_P', 'EMB_P', 'EMB_P', 'EMB_P', 'EMB_P', 'EMB_P', 'EMB_P', 'EMB_P', 'EMB_P', 'EMB_P', 'EMB_P', 'EMB_P', 'EMB_P', 'EMB_P', 'EMB_P', 'EMB_P', 'EMB_P', 'EMB_P', 'EMB_P', 'EMB_P', 'EMB_P', 'EMB_P', 'EMB_P', 'EMB_P', 'EMB_P', 'EMB_P', 'EMB_P', 'EMB_P', 'EMB_P', 'EMB_P', 'EMB_P', 'EMB_P', 'EMB_P', 'EMB_P', 'EMB_P', 'EMB_P', 'EMB_P', 'EMB_P', 'EMB_P', 'EMB_P', 'EMB_P', 'EMB_P', 'EMB_P', 'EMB_P', 'EMB_P', 'EMB_P', 'EMB_P', 'EMB_P', 'EMB_P', 'EMB_P', 'EMB_P', 'EMB_P', 'EMB_P', 'EMB_P', 'EMB_P', 'EMB_P', 'EMB_P', 'EMB_P', 'EMB_P', 'EMB_P', 'EMB_P', 'EMB_P', 'EMB_P', 'EMB_P', 'EMB_P', 'EMB_P', 'EMB_P', 'EMB_P', 'EMB_P', 'EMB_P', 'EMB_P', 'EMB_P', 'EMB_P', 'EMB_P', 'EMB_P', 'EMB_P', 'EMB_P', 'EMB_P', 'EMB_P', 'EMB_P', 'EMB_P', 'EMB_P', 'EMB_P', 'EMB_P', 'EMB_P', 'EMB_P']","['EMB_O', 'OPN_S', 'EMB_O', 'EMB_O', 'EMB_O', 'EMB_P', 'EMB_P', 'EMB_P', 'EMB_P', 'EMB_P', 'EMB_P', 'EMB_P', 'EMB_P', 'EMB_P', 'EMB_P', 'EMB_P', 'EMB_P', 'EMB_P', 'EMB_P', 'EMB_P', 'EMB_P', 'EMB_P', 'EMB_P', 'EMB_P', 'EMB_P', 'EMB_P', 'EMB_P', 'EMB_P', 'EMB_P', 'EMB_P', 'EMB_P', 'EMB_P', 'EMB_P', 'EMB_P', 'EMB_P', 'EMB_P', 'EMB_P', 'EMB_P', 'EMB_P', 'EMB_P', 'EMB_P', 'EMB_P', 'EMB_P', 'EMB_P', 'EMB_P', 'EMB_P', 'EMB_P', 'EMB_P', 'EMB_P', 'EMB_P', 'EMB_P', 'EMB_P', 'EMB_P', 'EMB_P', 'EMB_P', 'EMB_P', 'EMB_P', 'EMB_P', 'EMB_P', 'EMB_P', 'EMB_P', 'EMB_P', 'EMB_P', 'EMB_P', 'EMB_P', 'EMB_P', 'EMB_P', 'EMB_P', 'EMB_P', 'EMB_P', 'EMB_P', 'EMB_P', 'EMB_P', 'EMB_P', 'EMB_P', 'EMB_P', 'EMB_P', 'EMB_P', 'EMB_P', 'EMB_P', 'EMB_P', 'EMB_P', 'EMB_P', 'EMB_P', 'EMB_P', 'EMB_P', 'EMB_P', 'EMB_P', 'EMB_P', 'EMB_P', 'EMB_P', 'EMB_P', 'EMB_P', 'EMB_P', 'EMB_P', 'EMB_P', 'EMB_P', 'EMB_P', 'EMB_P', 'EMB_P', 'EMB_P', 'EMB_P', 'EMB_P', 'EMB_P', 'EMB_P', 'EMB_P', 'EMB_P', 'EMB_P', 'EMB_P', 'EMB_P', 'EMB_P', 'EMB_P', 'EMB_P', 'EMB_P', 'EMB_P', 'EMB_P', 'EMB_P', 'EMB_P', 'EMB_P', 'EMB_P', 'EMB_P', 'EMB_P', 'EMB_P', 'EMB_P', 'EMB_P', 'EMB_P', 'EMB_P', 'EMB_P']"
251,monitor screen,ok,laptop_quad_dev_217,"monitor screen is ok , sometimes the contrast is poor but looks better in games .",5.88,5.75,"['EMB_O', 'ASP_B', 'ASP_E', 'EMB_O', 'EMB_O', 'EMB_O', 'EMB_O', 'EMB_O', 'EMB_O', 'EMB_O', 'EMB_O', 'EMB_O', 'EMB_O', 'EMB_O', 'EMB_O', 'EMB_O', 'EMB_O', 'EMB_O', 'EMB_P', 'EMB_P', 'EMB_P', 'EMB_P', 'EMB_P', 'EMB_P', 'EMB_P', 'EMB_P', 'EMB_P', 'EMB_P', 'EMB_P', 'EMB_P', 'EMB_P', 'EMB_P', 'EMB_P', 'EMB_P', 'EMB_P', 'EMB_P', 'EMB_P', 'EMB_P', 'EMB_P', 'EMB_P', 'EMB_P', 'EMB_P', 'EMB_P', 'EMB_P', 'EMB_P', 'EMB_P', 'EMB_P', 'EMB_P', 'EMB_P', 'EMB_P', 'EMB_P', 'EMB_P', 'EMB_P', 'EMB_P', 'EMB_P', 'EMB_P', 'EMB_P', 'EMB_P', 'EMB_P', 'EMB_P', 'EMB_P', 'EMB_P', 'EMB_P', 'EMB_P', 'EMB_P', 'EMB_P', 'EMB_P', 'EMB_P', 'EMB_P', 'EMB_P', 'EMB_P', 'EMB_P', 'EMB_P', 'EMB_P', 'EMB_P', 'EMB_P', 'EMB_P', 'EMB_P', 'EMB_P', 'EMB_P', 'EMB_P', 'EMB_P', 'EMB_P', 'EMB_P', 'EMB_P', 'EMB_P', 'EMB_P', 'EMB_P', 'EMB_P', 'EMB_P', 'EMB_P', 'EMB_P', 'EMB_P', 'EMB_P', 'EMB_P', 'EMB_P', 'EMB_P', 'EMB_P', 'EMB_P', 'EMB_P', 'EMB_P', 'EMB_P', 'EMB_P', 'EMB_P', 'EMB_P', 'EMB_P', 'EMB_P', 'EMB_P', 'EMB_P', 'EMB_P', 'EMB_P', 'EMB_P', 'EMB_P', 'EMB_P', 'EMB_P', 'EMB_P', 'EMB_P', 'EMB_P', 'EMB_P', 'EMB_P', 'EMB_P', 'EMB_P', 'EMB_P', 'EMB_P', 'EMB_P', 'EMB_P', 'EMB_P', 'EMB_P']","['EMB_O', 'EMB_O', 'EMB_O', 'EMB_O', 'OPN_S', 'EMB_O', 'EMB_O', 'EMB_O', 'EMB_O', 'EMB_O', 'EMB_O', 'EMB_O', 'EMB_O', 'EMB_O', 'EMB_O', 'EMB_O', 'EMB_O', 'EMB_O', 'EMB_P', 'EMB_P', 'EMB_P', 'EMB_P', 'EMB_P', 'EMB_P', 'EMB_P', 'EMB_P', 'EMB_P', 'EMB_P', 'EMB_P', 'EMB_P', 'EMB_P', 'EMB_P', 'EMB_P', 'EMB_P', 'EMB_P', 'EMB_P', 'EMB_P', 'EMB_P', 'EMB_P', 'EMB_P', 'EMB_P', 'EMB_P', 'EMB_P', 'EMB_P', 'EMB_P', 'EMB_P', 'EMB_P', 'EMB_P', 'EMB_P', 'EMB_P', 'EMB_P', 'EMB_P', 'EMB_P', 'EMB_P', 'EMB_P', 'EMB_P', 'EMB_P', 'EMB_P', 'EMB_P', 'EMB_P', 'EMB_P', 'EMB_P', 'EMB_P', 'EMB_P', 'EMB_P', 'EMB_P', 'EMB_P', 'EMB_P', 'EMB_P', 'EMB_P', 'EMB_P', 'EMB_P', 'EMB_P', 'EMB_P', 'EMB_P', 'EMB_P', 'EMB_P', 'EMB_P', 'EMB_P', 'EMB_P', 'EMB_P', 'EMB_P', 'EMB_P', 'EMB_P', 'EMB_P', 'EMB_P', 'EMB_P', 'EMB_P', 'EMB_P', 'EMB_P', 'EMB_P', 'EMB_P', 'EMB_P', 'EMB_P', 'EMB_P', 'EMB_P', 'EMB_P', 'EMB_P', 'EMB_P', 'EMB_P', 'EMB_P', 'EMB_P', 'EMB_P', 'EMB_P', 'EMB_P', 'EMB_P', 'EMB_P', 'EMB_P', 'EMB_P', 'EMB_P', 'EMB_P', 'EMB_P', 'EMB_P', 'EMB_P', 'EMB_P', 'EMB_P', 'EMB_P', 'EMB_P', 'EMB_P', 'EMB_P', 'EMB_P', 'EMB_P', 'EMB_P', 'EMB_P', 'EMB_P', 'EMB_P', 'EMB_P', 'EMB_P']"
252,contrast,poor,laptop_quad_dev_217,"monitor screen is ok , sometimes the contrast is poor but looks better in games .",3.62,4.62,"['EMB_O', 'EMB_O', 'EMB_O', 'EMB_O', 'EMB_O', 'EMB_O', 'EMB_O', 'EMB_O', 'ASP_S', 'EMB_O', 'EMB_O', 'EMB_O', 'EMB_O', 'EMB_O', 'EMB_O', 'EMB_O', 'EMB_O', 'EMB_O', 'EMB_P', 'EMB_P', 'EMB_P', 'EMB_P', 'EMB_P', 'EMB_P', 'EMB_P', 'EMB_P', 'EMB_P', 'EMB_P', 'EMB_P', 'EMB_P', 'EMB_P', 'EMB_P', 'EMB_P', 'EMB_P', 'EMB_P', 'EMB_P', 'EMB_P', 'EMB_P', 'EMB_P', 'EMB_P', 'EMB_P', 'EMB_P', 'EMB_P', 'EMB_P', 'EMB_P', 'EMB_P', 'EMB_P', 'EMB_P', 'EMB_P', 'EMB_P', 'EMB_P', 'EMB_P', 'EMB_P', 'EMB_P', 'EMB_P', 'EMB_P', 'EMB_P', 'EMB_P', 'EMB_P', 'EMB_P', 'EMB_P', 'EMB_P', 'EMB_P', 'EMB_P', 'EMB_P', 'EMB_P', 'EMB_P', 'EMB_P', 'EMB_P', 'EMB_P', 'EMB_P', 'EMB_P', 'EMB_P', 'EMB_P', 'EMB_P', 'EMB_P', 'EMB_P', 'EMB_P', 'EMB_P', 'EMB_P', 'EMB_P', 'EMB_P', 'EMB_P', 'EMB_P', 'EMB_P', 'EMB_P', 'EMB_P', 'EMB_P', 'EMB_P', 'EMB_P', 'EMB_P', 'EMB_P', 'EMB_P', 'EMB_P', 'EMB_P', 'EMB_P', 'EMB_P', 'EMB_P', 'EMB_P', 'EMB_P', 'EMB_P', 'EMB_P', 'EMB_P', 'EMB_P', 'EMB_P', 'EMB_P', 'EMB_P', 'EMB_P', 'EMB_P', 'EMB_P', 'EMB_P', 'EMB_P', 'EMB_P', 'EMB_P', 'EMB_P', 'EMB_P', 'EMB_P', 'EMB_P', 'EMB_P', 'EMB_P', 'EMB_P', 'EMB_P', 'EMB_P', 'EMB_P', 'EMB_P', 'EMB_P', 'EMB_P', 'EMB_P']","['EMB_O', 'EMB_O', 'EMB_O', 'EMB_O', 'EMB_O', 'EMB_O', 'EMB_O', 'EMB_O', 'EMB_O', 'EMB_O', 'OPN_S', 'EMB_O', 'EMB_O', 'EMB_O', 'EMB_O', 'EMB_O', 'EMB_O', 'EMB_O', 'EMB_P', 'EMB_P', 'EMB_P', 'EMB_P', 'EMB_P', 'EMB_P', 'EMB_P', 'EMB_P', 'EMB_P', 'EMB_P', 'EMB_P', 'EMB_P', 'EMB_P', 'EMB_P', 'EMB_P', 'EMB_P', 'EMB_P', 'EMB_P', 'EMB_P', 'EMB_P', 'EMB_P', 'EMB_P', 'EMB_P', 'EMB_P', 'EMB_P', 'EMB_P', 'EMB_P', 'EMB_P', 'EMB_P', 'EMB_P', 'EMB_P', 'EMB_P', 'EMB_P', 'EMB_P', 'EMB_P', 'EMB_P', 'EMB_P', 'EMB_P', 'EMB_P', 'EMB_P', 'EMB_P', 'EMB_P', 'EMB_P', 'EMB_P', 'EMB_P', 'EMB_P', 'EMB_P', 'EMB_P', 'EMB_P', 'EMB_P', 'EMB_P', 'EMB_P', 'EMB_P', 'EMB_P', 'EMB_P', 'EMB_P', 'EMB_P', 'EMB_P', 'EMB_P', 'EMB_P', 'EMB_P', 'EMB_P', 'EMB_P', 'EMB_P', 'EMB_P', 'EMB_P', 'EMB_P', 'EMB_P', 'EMB_P', 'EMB_P', 'EMB_P', 'EMB_P', 'EMB_P', 'EMB_P', 'EMB_P', 'EMB_P', 'EMB_P', 'EMB_P', 'EMB_P', 'EMB_P', 'EMB_P', 'EMB_P', 'EMB_P', 'EMB_P', 'EMB_P', 'EMB_P', 'EMB_P', 'EMB_P', 'EMB_P', 'EMB_P', 'EMB_P', 'EMB_P', 'EMB_P', 'EMB_P', 'EMB_P', 'EMB_P', 'EMB_P', 'EMB_P', 'EMB_P', 'EMB_P', 'EMB_P', 'EMB_P', 'EMB_P', 'EMB_P', 'EMB_P', 'EMB_P', 'EMB_P', 'EMB_P', 'EMB_P', 'EMB_P']"
253,NULL,NULL,laptop_quad_dev_218,the laptop now does n ' t even function without needing a full factory reset every 3 hours .,2.33,7.33,"['EMB_O', 'EMB_O', 'EMB_O', 'EMB_O', 'EMB_O', 'EMB_O', 'EMB_O', 'EMB_O', 'EMB_O', 'EMB_O', 'EMB_O', 'EMB_O', 'EMB_O', 'EMB_O', 'EMB_O', 'EMB_O', 'EMB_O', 'EMB_O', 'EMB_O', 'EMB_O', 'EMB_O', 'EMB_O', 'EMB_O', 'EMB_O', 'EMB_P', 'EMB_P', 'EMB_P', 'EMB_P', 'EMB_P', 'EMB_P', 'EMB_P', 'EMB_P', 'EMB_P', 'EMB_P', 'EMB_P', 'EMB_P', 'EMB_P', 'EMB_P', 'EMB_P', 'EMB_P', 'EMB_P', 'EMB_P', 'EMB_P', 'EMB_P', 'EMB_P', 'EMB_P', 'EMB_P', 'EMB_P', 'EMB_P', 'EMB_P', 'EMB_P', 'EMB_P', 'EMB_P', 'EMB_P', 'EMB_P', 'EMB_P', 'EMB_P', 'EMB_P', 'EMB_P', 'EMB_P', 'EMB_P', 'EMB_P', 'EMB_P', 'EMB_P', 'EMB_P', 'EMB_P', 'EMB_P', 'EMB_P', 'EMB_P', 'EMB_P', 'EMB_P', 'EMB_P', 'EMB_P', 'EMB_P', 'EMB_P', 'EMB_P', 'EMB_P', 'EMB_P', 'EMB_P', 'EMB_P', 'EMB_P', 'EMB_P', 'EMB_P', 'EMB_P', 'EMB_P', 'EMB_P', 'EMB_P', 'EMB_P', 'EMB_P', 'EMB_P', 'EMB_P', 'EMB_P', 'EMB_P', 'EMB_P', 'EMB_P', 'EMB_P', 'EMB_P', 'EMB_P', 'EMB_P', 'EMB_P', 'EMB_P', 'EMB_P', 'EMB_P', 'EMB_P', 'EMB_P', 'EMB_P', 'EMB_P', 'EMB_P', 'EMB_P', 'EMB_P', 'EMB_P', 'EMB_P', 'EMB_P', 'EMB_P', 'EMB_P', 'EMB_P', 'EMB_P', 'EMB_P', 'EMB_P', 'EMB_P', 'EMB_P', 'EMB_P', 'EMB_P', 'EMB_P', 'EMB_P', 'EMB_P', 'EMB_P', 'EMB_P']","['EMB_O', 'EMB_O', 'EMB_O', 'EMB_O', 'EMB_O', 'EMB_O', 'EMB_O', 'EMB_O', 'EMB_O', 'EMB_O', 'EMB_O', 'EMB_O', 'EMB_O', 'EMB_O', 'EMB_O', 'EMB_O', 'EMB_O', 'EMB_O', 'EMB_O', 'EMB_O', 'EMB_O', 'EMB_O', 'EMB_O', 'EMB_O', 'EMB_P', 'EMB_P', 'EMB_P', 'EMB_P', 'EMB_P', 'EMB_P', 'EMB_P', 'EMB_P', 'EMB_P', 'EMB_P', 'EMB_P', 'EMB_P', 'EMB_P', 'EMB_P', 'EMB_P', 'EMB_P', 'EMB_P', 'EMB_P', 'EMB_P', 'EMB_P', 'EMB_P', 'EMB_P', 'EMB_P', 'EMB_P', 'EMB_P', 'EMB_P', 'EMB_P', 'EMB_P', 'EMB_P', 'EMB_P', 'EMB_P', 'EMB_P', 'EMB_P', 'EMB_P', 'EMB_P', 'EMB_P', 'EMB_P', 'EMB_P', 'EMB_P', 'EMB_P', 'EMB_P', 'EMB_P', 'EMB_P', 'EMB_P', 'EMB_P', 'EMB_P', 'EMB_P', 'EMB_P', 'EMB_P', 'EMB_P', 'EMB_P', 'EMB_P', 'EMB_P', 'EMB_P', 'EMB_P', 'EMB_P', 'EMB_P', 'EMB_P', 'EMB_P', 'EMB_P', 'EMB_P', 'EMB_P', 'EMB_P', 'EMB_P', 'EMB_P', 'EMB_P', 'EMB_P', 'EMB_P', 'EMB_P', 'EMB_P', 'EMB_P', 'EMB_P', 'EMB_P', 'EMB_P', 'EMB_P', 'EMB_P', 'EMB_P', 'EMB_P', 'EMB_P', 'EMB_P', 'EMB_P', 'EMB_P', 'EMB_P', 'EMB_P', 'EMB_P', 'EMB_P', 'EMB_P', 'EMB_P', 'EMB_P', 'EMB_P', 'EMB_P', 'EMB_P', 'EMB_P', 'EMB_P', 'EMB_P', 'EMB_P', 'EMB_P', 'EMB_P', 'EMB_P', 'EMB_P', 'EMB_P', 'EMB_P', 'EMB_P', 'EMB_P']"
254,pc,NULL,laptop_quad_dev_219,"if i had it to do over again , i would not buy this pc .",2.83,6.67,"['EMB_O', 'EMB_O', 'EMB_O', 'EMB_O', 'EMB_O', 'EMB_O', 'EMB_O', 'EMB_O', 'EMB_O', 'EMB_O', 'EMB_O', 'EMB_O', 'EMB_O', 'EMB_O', 'EMB_O', 'ASP_B', 'ASP_E', 'EMB_O', 'EMB_O', 'EMB_P', 'EMB_P', 'EMB_P', 'EMB_P', 'EMB_P', 'EMB_P', 'EMB_P', 'EMB_P', 'EMB_P', 'EMB_P', 'EMB_P', 'EMB_P', 'EMB_P', 'EMB_P', 'EMB_P', 'EMB_P', 'EMB_P', 'EMB_P', 'EMB_P', 'EMB_P', 'EMB_P', 'EMB_P', 'EMB_P', 'EMB_P', 'EMB_P', 'EMB_P', 'EMB_P', 'EMB_P', 'EMB_P', 'EMB_P', 'EMB_P', 'EMB_P', 'EMB_P', 'EMB_P', 'EMB_P', 'EMB_P', 'EMB_P', 'EMB_P', 'EMB_P', 'EMB_P', 'EMB_P', 'EMB_P', 'EMB_P', 'EMB_P', 'EMB_P', 'EMB_P', 'EMB_P', 'EMB_P', 'EMB_P', 'EMB_P', 'EMB_P', 'EMB_P', 'EMB_P', 'EMB_P', 'EMB_P', 'EMB_P', 'EMB_P', 'EMB_P', 'EMB_P', 'EMB_P', 'EMB_P', 'EMB_P', 'EMB_P', 'EMB_P', 'EMB_P', 'EMB_P', 'EMB_P', 'EMB_P', 'EMB_P', 'EMB_P', 'EMB_P', 'EMB_P', 'EMB_P', 'EMB_P', 'EMB_P', 'EMB_P', 'EMB_P', 'EMB_P', 'EMB_P', 'EMB_P', 'EMB_P', 'EMB_P', 'EMB_P', 'EMB_P', 'EMB_P', 'EMB_P', 'EMB_P', 'EMB_P', 'EMB_P', 'EMB_P', 'EMB_P', 'EMB_P', 'EMB_P', 'EMB_P', 'EMB_P', 'EMB_P', 'EMB_P', 'EMB_P', 'EMB_P', 'EMB_P', 'EMB_P', 'EMB_P', 'EMB_P', 'EMB_P', 'EMB_P', 'EMB_P', 'EMB_P', 'EMB_P', 'EMB_P']","['EMB_O', 'EMB_O', 'EMB_O', 'EMB_O', 'EMB_O', 'EMB_O', 'EMB_O', 'EMB_O', 'EMB_O', 'EMB_O', 'EMB_O', 'EMB_O', 'EMB_O', 'EMB_O', 'EMB_O', 'EMB_O', 'EMB_O', 'EMB_O', 'EMB_O', 'EMB_P', 'EMB_P', 'EMB_P', 'EMB_P', 'EMB_P', 'EMB_P', 'EMB_P', 'EMB_P', 'EMB_P', 'EMB_P', 'EMB_P', 'EMB_P', 'EMB_P', 'EMB_P', 'EMB_P', 'EMB_P', 'EMB_P', 'EMB_P', 'EMB_P', 'EMB_P', 'EMB_P', 'EMB_P', 'EMB_P', 'EMB_P', 'EMB_P', 'EMB_P', 'EMB_P', 'EMB_P', 'EMB_P', 'EMB_P', 'EMB_P', 'EMB_P', 'EMB_P', 'EMB_P', 'EMB_P', 'EMB_P', 'EMB_P', 'EMB_P', 'EMB_P', 'EMB_P', 'EMB_P', 'EMB_P', 'EMB_P', 'EMB_P', 'EMB_P', 'EMB_P', 'EMB_P', 'EMB_P', 'EMB_P', 'EMB_P', 'EMB_P', 'EMB_P', 'EMB_P', 'EMB_P', 'EMB_P', 'EMB_P', 'EMB_P', 'EMB_P', 'EMB_P', 'EMB_P', 'EMB_P', 'EMB_P', 'EMB_P', 'EMB_P', 'EMB_P', 'EMB_P', 'EMB_P', 'EMB_P', 'EMB_P', 'EMB_P', 'EMB_P', 'EMB_P', 'EMB_P', 'EMB_P', 'EMB_P', 'EMB_P', 'EMB_P', 'EMB_P', 'EMB_P', 'EMB_P', 'EMB_P', 'EMB_P', 'EMB_P', 'EMB_P', 'EMB_P', 'EMB_P', 'EMB_P', 'EMB_P', 'EMB_P', 'EMB_P', 'EMB_P', 'EMB_P', 'EMB_P', 'EMB_P', 'EMB_P', 'EMB_P', 'EMB_P', 'EMB_P', 'EMB_P', 'EMB_P', 'EMB_P', 'EMB_P', 'EMB_P', 'EMB_P', 'EMB_P', 'EMB_P', 'EMB_P', 'EMB_P', 'EMB_P']"
255,laptop,* not * recommend,laptop_quad_dev_220,i would * not * recommend this laptop .,2.38,7.0,"['EMB_O', 'EMB_O', 'EMB_O', 'EMB_O', 'EMB_O', 'EMB_O', 'EMB_O', 'EMB_O', 'EMB_O', 'EMB_O', 'ASP_B', 'ASP_E', 'EMB_O', 'EMB_O', 'EMB_P', 'EMB_P', 'EMB_P', 'EMB_P', 'EMB_P', 'EMB_P', 'EMB_P', 'EMB_P', 'EMB_P', 'EMB_P', 'EMB_P', 'EMB_P', 'EMB_P', 'EMB_P', 'EMB_P', 'EMB_P', 'EMB_P', 'EMB_P', 'EMB_P', 'EMB_P', 'EMB_P', 'EMB_P', 'EMB_P', 'EMB_P', 'EMB_P', 'EMB_P', 'EMB_P', 'EMB_P', 'EMB_P', 'EMB_P', 'EMB_P', 'EMB_P', 'EMB_P', 'EMB_P', 'EMB_P', 'EMB_P', 'EMB_P', 'EMB_P', 'EMB_P', 'EMB_P', 'EMB_P', 'EMB_P', 'EMB_P', 'EMB_P', 'EMB_P', 'EMB_P', 'EMB_P', 'EMB_P', 'EMB_P', 'EMB_P', 'EMB_P', 'EMB_P', 'EMB_P', 'EMB_P', 'EMB_P', 'EMB_P', 'EMB_P', 'EMB_P', 'EMB_P', 'EMB_P', 'EMB_P', 'EMB_P', 'EMB_P', 'EMB_P', 'EMB_P', 'EMB_P', 'EMB_P', 'EMB_P', 'EMB_P', 'EMB_P', 'EMB_P', 'EMB_P', 'EMB_P', 'EMB_P', 'EMB_P', 'EMB_P', 'EMB_P', 'EMB_P', 'EMB_P', 'EMB_P', 'EMB_P', 'EMB_P', 'EMB_P', 'EMB_P', 'EMB_P', 'EMB_P', 'EMB_P', 'EMB_P', 'EMB_P', 'EMB_P', 'EMB_P', 'EMB_P', 'EMB_P', 'EMB_P', 'EMB_P', 'EMB_P', 'EMB_P', 'EMB_P', 'EMB_P', 'EMB_P', 'EMB_P', 'EMB_P', 'EMB_P', 'EMB_P', 'EMB_P', 'EMB_P', 'EMB_P', 'EMB_P', 'EMB_P', 'EMB_P', 'EMB_P', 'EMB_P', 'EMB_P', 'EMB_P']","['EMB_O', 'EMB_O', 'EMB_O', 'OPN_B', 'OPN_I', 'OPN_I', 'OPN_I', 'OPN_I', 'OPN_E', 'EMB_O', 'EMB_O', 'EMB_O', 'EMB_O', 'EMB_O', 'EMB_P', 'EMB_P', 'EMB_P', 'EMB_P', 'EMB_P', 'EMB_P', 'EMB_P', 'EMB_P', 'EMB_P', 'EMB_P', 'EMB_P', 'EMB_P', 'EMB_P', 'EMB_P', 'EMB_P', 'EMB_P', 'EMB_P', 'EMB_P', 'EMB_P', 'EMB_P', 'EMB_P', 'EMB_P', 'EMB_P', 'EMB_P', 'EMB_P', 'EMB_P', 'EMB_P', 'EMB_P', 'EMB_P', 'EMB_P', 'EMB_P', 'EMB_P', 'EMB_P', 'EMB_P', 'EMB_P', 'EMB_P', 'EMB_P', 'EMB_P', 'EMB_P', 'EMB_P', 'EMB_P', 'EMB_P', 'EMB_P', 'EMB_P', 'EMB_P', 'EMB_P', 'EMB_P', 'EMB_P', 'EMB_P', 'EMB_P', 'EMB_P', 'EMB_P', 'EMB_P', 'EMB_P', 'EMB_P', 'EMB_P', 'EMB_P', 'EMB_P', 'EMB_P', 'EMB_P', 'EMB_P', 'EMB_P', 'EMB_P', 'EMB_P', 'EMB_P', 'EMB_P', 'EMB_P', 'EMB_P', 'EMB_P', 'EMB_P', 'EMB_P', 'EMB_P', 'EMB_P', 'EMB_P', 'EMB_P', 'EMB_P', 'EMB_P', 'EMB_P', 'EMB_P', 'EMB_P', 'EMB_P', 'EMB_P', 'EMB_P', 'EMB_P', 'EMB_P', 'EMB_P', 'EMB_P', 'EMB_P', 'EMB_P', 'EMB_P', 'EMB_P', 'EMB_P', 'EMB_P', 'EMB_P', 'EMB_P', 'EMB_P', 'EMB_P', 'EMB_P', 'EMB_P', 'EMB_P', 'EMB_P', 'EMB_P', 'EMB_P', 'EMB_P', 'EMB_P', 'EMB_P', 'EMB_P', 'EMB_P', 'EMB_P', 'EMB_P', 'EMB_P', 'EMB_P', 'EMB_P', 'EMB_P']"
256,laptop,worst,laptop_quad_dev_221,this is the absolute worst laptop i have ever owned .,2.7,4.6,"['EMB_O', 'EMB_O', 'EMB_O', 'EMB_O', 'EMB_O', 'EMB_O', 'ASP_B', 'ASP_E', 'EMB_O', 'EMB_O', 'EMB_O', 'EMB_O', 'EMB_O', 'EMB_O', 'EMB_P', 'EMB_P', 'EMB_P', 'EMB_P', 'EMB_P', 'EMB_P', 'EMB_P', 'EMB_P', 'EMB_P', 'EMB_P', 'EMB_P', 'EMB_P', 'EMB_P', 'EMB_P', 'EMB_P', 'EMB_P', 'EMB_P', 'EMB_P', 'EMB_P', 'EMB_P', 'EMB_P', 'EMB_P', 'EMB_P', 'EMB_P', 'EMB_P', 'EMB_P', 'EMB_P', 'EMB_P', 'EMB_P', 'EMB_P', 'EMB_P', 'EMB_P', 'EMB_P', 'EMB_P', 'EMB_P', 'EMB_P', 'EMB_P', 'EMB_P', 'EMB_P', 'EMB_P', 'EMB_P', 'EMB_P', 'EMB_P', 'EMB_P', 'EMB_P', 'EMB_P', 'EMB_P', 'EMB_P', 'EMB_P', 'EMB_P', 'EMB_P', 'EMB_P', 'EMB_P', 'EMB_P', 'EMB_P', 'EMB_P', 'EMB_P', 'EMB_P', 'EMB_P', 'EMB_P', 'EMB_P', 'EMB_P', 'EMB_P', 'EMB_P', 'EMB_P', 'EMB_P', 'EMB_P', 'EMB_P', 'EMB_P', 'EMB_P', 'EMB_P', 'EMB_P', 'EMB_P', 'EMB_P', 'EMB_P', 'EMB_P', 'EMB_P', 'EMB_P', 'EMB_P', 'EMB_P', 'EMB_P', 'EMB_P', 'EMB_P', 'EMB_P', 'EMB_P', 'EMB_P', 'EMB_P', 'EMB_P', 'EMB_P', 'EMB_P', 'EMB_P', 'EMB_P', 'EMB_P', 'EMB_P', 'EMB_P', 'EMB_P', 'EMB_P', 'EMB_P', 'EMB_P', 'EMB_P', 'EMB_P', 'EMB_P', 'EMB_P', 'EMB_P', 'EMB_P', 'EMB_P', 'EMB_P', 'EMB_P', 'EMB_P', 'EMB_P', 'EMB_P', 'EMB_P', 'EMB_P', 'EMB_P']","['EMB_O', 'EMB_O', 'EMB_O', 'EMB_O', 'EMB_O', 'OPN_S', 'EMB_O', 'EMB_O', 'EMB_O', 'EMB_O', 'EMB_O', 'EMB_O', 'EMB_O', 'EMB_O', 'EMB_P', 'EMB_P', 'EMB_P', 'EMB_P', 'EMB_P', 'EMB_P', 'EMB_P', 'EMB_P', 'EMB_P', 'EMB_P', 'EMB_P', 'EMB_P', 'EMB_P', 'EMB_P', 'EMB_P', 'EMB_P', 'EMB_P', 'EMB_P', 'EMB_P', 'EMB_P', 'EMB_P', 'EMB_P', 'EMB_P', 'EMB_P', 'EMB_P', 'EMB_P', 'EMB_P', 'EMB_P', 'EMB_P', 'EMB_P', 'EMB_P', 'EMB_P', 'EMB_P', 'EMB_P', 'EMB_P', 'EMB_P', 'EMB_P', 'EMB_P', 'EMB_P', 'EMB_P', 'EMB_P', 'EMB_P', 'EMB_P', 'EMB_P', 'EMB_P', 'EMB_P', 'EMB_P', 'EMB_P', 'EMB_P', 'EMB_P', 'EMB_P', 'EMB_P', 'EMB_P', 'EMB_P', 'EMB_P', 'EMB_P', 'EMB_P', 'EMB_P', 'EMB_P', 'EMB_P', 'EMB_P', 'EMB_P', 'EMB_P', 'EMB_P', 'EMB_P', 'EMB_P', 'EMB_P', 'EMB_P', 'EMB_P', 'EMB_P', 'EMB_P', 'EMB_P', 'EMB_P', 'EMB_P', 'EMB_P', 'EMB_P', 'EMB_P', 'EMB_P', 'EMB_P', 'EMB_P', 'EMB_P', 'EMB_P', 'EMB_P', 'EMB_P', 'EMB_P', 'EMB_P', 'EMB_P', 'EMB_P', 'EMB_P', 'EMB_P', 'EMB_P', 'EMB_P', 'EMB_P', 'EMB_P', 'EMB_P', 'EMB_P', 'EMB_P', 'EMB_P', 'EMB_P', 'EMB_P', 'EMB_P', 'EMB_P', 'EMB_P', 'EMB_P', 'EMB_P', 'EMB_P', 'EMB_P', 'EMB_P', 'EMB_P', 'EMB_P', 'EMB_P', 'EMB_P', 'EMB_P', 'EMB_P']"
257,laptop,NULL,laptop_quad_dev_222,"now , i have been stressed with fixing this laptop since every day has been something new that i need to fix with it .",4.12,4.88,"['EMB_O', 'EMB_O', 'EMB_O', 'EMB_O', 'EMB_O', 'EMB_O', 'EMB_O', 'EMB_O', 'EMB_O', 'EMB_O', 'EMB_O', 'EMB_O', 'EMB_O', 'ASP_B', 'ASP_E', 'EMB_O', 'EMB_O', 'EMB_O', 'EMB_O', 'EMB_O', 'EMB_O', 'EMB_O', 'EMB_O', 'EMB_O', 'EMB_O', 'EMB_O', 'EMB_O', 'EMB_O', 'EMB_O', 'EMB_O', 'EMB_O', 'EMB_O', 'EMB_P', 'EMB_P', 'EMB_P', 'EMB_P', 'EMB_P', 'EMB_P', 'EMB_P', 'EMB_P', 'EMB_P', 'EMB_P', 'EMB_P', 'EMB_P', 'EMB_P', 'EMB_P', 'EMB_P', 'EMB_P', 'EMB_P', 'EMB_P', 'EMB_P', 'EMB_P', 'EMB_P', 'EMB_P', 'EMB_P', 'EMB_P', 'EMB_P', 'EMB_P', 'EMB_P', 'EMB_P', 'EMB_P', 'EMB_P', 'EMB_P', 'EMB_P', 'EMB_P', 'EMB_P', 'EMB_P', 'EMB_P', 'EMB_P', 'EMB_P', 'EMB_P', 'EMB_P', 'EMB_P', 'EMB_P', 'EMB_P', 'EMB_P', 'EMB_P', 'EMB_P', 'EMB_P', 'EMB_P', 'EMB_P', 'EMB_P', 'EMB_P', 'EMB_P', 'EMB_P', 'EMB_P', 'EMB_P', 'EMB_P', 'EMB_P', 'EMB_P', 'EMB_P', 'EMB_P', 'EMB_P', 'EMB_P', 'EMB_P', 'EMB_P', 'EMB_P', 'EMB_P', 'EMB_P', 'EMB_P', 'EMB_P', 'EMB_P', 'EMB_P', 'EMB_P', 'EMB_P', 'EMB_P', 'EMB_P', 'EMB_P', 'EMB_P', 'EMB_P', 'EMB_P', 'EMB_P', 'EMB_P', 'EMB_P', 'EMB_P', 'EMB_P', 'EMB_P', 'EMB_P', 'EMB_P', 'EMB_P', 'EMB_P', 'EMB_P', 'EMB_P', 'EMB_P', 'EMB_P', 'EMB_P', 'EMB_P', 'EMB_P']","['EMB_O', 'EMB_O', 'EMB_O', 'EMB_O', 'EMB_O', 'EMB_O', 'EMB_O', 'EMB_O', 'EMB_O', 'EMB_O', 'EMB_O', 'EMB_O', 'EMB_O', 'EMB_O', 'EMB_O', 'EMB_O', 'EMB_O', 'EMB_O', 'EMB_O', 'EMB_O', 'EMB_O', 'EMB_O', 'EMB_O', 'EMB_O', 'EMB_O', 'EMB_O', 'EMB_O', 'EMB_O', 'EMB_O', 'EMB_O', 'EMB_O', 'EMB_O', 'EMB_P', 'EMB_P', 'EMB_P', 'EMB_P', 'EMB_P', 'EMB_P', 'EMB_P', 'EMB_P', 'EMB_P', 'EMB_P', 'EMB_P', 'EMB_P', 'EMB_P', 'EMB_P', 'EMB_P', 'EMB_P', 'EMB_P', 'EMB_P', 'EMB_P', 'EMB_P', 'EMB_P', 'EMB_P', 'EMB_P', 'EMB_P', 'EMB_P', 'EMB_P', 'EMB_P', 'EMB_P', 'EMB_P', 'EMB_P', 'EMB_P', 'EMB_P', 'EMB_P', 'EMB_P', 'EMB_P', 'EMB_P', 'EMB_P', 'EMB_P', 'EMB_P', 'EMB_P', 'EMB_P', 'EMB_P', 'EMB_P', 'EMB_P', 'EMB_P', 'EMB_P', 'EMB_P', 'EMB_P', 'EMB_P', 'EMB_P', 'EMB_P', 'EMB_P', 'EMB_P', 'EMB_P', 'EMB_P', 'EMB_P', 'EMB_P', 'EMB_P', 'EMB_P', 'EMB_P', 'EMB_P', 'EMB_P', 'EMB_P', 'EMB_P', 'EMB_P', 'EMB_P', 'EMB_P', 'EMB_P', 'EMB_P', 'EMB_P', 'EMB_P', 'EMB_P', 'EMB_P', 'EMB_P', 'EMB_P', 'EMB_P', 'EMB_P', 'EMB_P', 'EMB_P', 'EMB_P', 'EMB_P', 'EMB_P', 'EMB_P', 'EMB_P', 'EMB_P', 'EMB_P', 'EMB_P', 'EMB_P', 'EMB_P', 'EMB_P', 'EMB_P', 'EMB_P', 'EMB_P', 'EMB_P', 'EMB_P', 'EMB_P']"
258,overall material the laptop,incredibly cheap,laptop_quad_dev_223,the overall material the laptop is made of feels incredibly cheap .,5.2,5.0,"['EMB_O', 'EMB_O', 'ASP_B', 'ASP_I', 'ASP_I', 'ASP_I', 'ASP_E', 'EMB_O', 'EMB_O', 'EMB_O', 'EMB_O', 'EMB_O', 'EMB_O', 'EMB_O', 'EMB_O', 'EMB_O', 'EMB_O', 'EMB_O', 'EMB_O', 'EMB_P', 'EMB_P', 'EMB_P', 'EMB_P', 'EMB_P', 'EMB_P', 'EMB_P', 'EMB_P', 'EMB_P', 'EMB_P', 'EMB_P', 'EMB_P', 'EMB_P', 'EMB_P', 'EMB_P', 'EMB_P', 'EMB_P', 'EMB_P', 'EMB_P', 'EMB_P', 'EMB_P', 'EMB_P', 'EMB_P', 'EMB_P', 'EMB_P', 'EMB_P', 'EMB_P', 'EMB_P', 'EMB_P', 'EMB_P', 'EMB_P', 'EMB_P', 'EMB_P', 'EMB_P', 'EMB_P', 'EMB_P', 'EMB_P', 'EMB_P', 'EMB_P', 'EMB_P', 'EMB_P', 'EMB_P', 'EMB_P', 'EMB_P', 'EMB_P', 'EMB_P', 'EMB_P', 'EMB_P', 'EMB_P', 'EMB_P', 'EMB_P', 'EMB_P', 'EMB_P', 'EMB_P', 'EMB_P', 'EMB_P', 'EMB_P', 'EMB_P', 'EMB_P', 'EMB_P', 'EMB_P', 'EMB_P', 'EMB_P', 'EMB_P', 'EMB_P', 'EMB_P', 'EMB_P', 'EMB_P', 'EMB_P', 'EMB_P', 'EMB_P', 'EMB_P', 'EMB_P', 'EMB_P', 'EMB_P', 'EMB_P', 'EMB_P', 'EMB_P', 'EMB_P', 'EMB_P', 'EMB_P', 'EMB_P', 'EMB_P', 'EMB_P', 'EMB_P', 'EMB_P', 'EMB_P', 'EMB_P', 'EMB_P', 'EMB_P', 'EMB_P', 'EMB_P', 'EMB_P', 'EMB_P', 'EMB_P', 'EMB_P', 'EMB_P', 'EMB_P', 'EMB_P', 'EMB_P', 'EMB_P', 'EMB_P', 'EMB_P', 'EMB_P', 'EMB_P', 'EMB_P', 'EMB_P', 'EMB_P', 'EMB_P']","['EMB_O', 'EMB_O', 'EMB_O', 'EMB_O', 'EMB_O', 'EMB_O', 'EMB_O', 'EMB_O', 'EMB_O', 'EMB_O', 'EMB_O', 'OPN_B', 'OPN_I', 'OPN_I', 'OPN_I', 'OPN_I', 'OPN_E', 'EMB_O', 'EMB_O', 'EMB_P', 'EMB_P', 'EMB_P', 'EMB_P', 'EMB_P', 'EMB_P', 'EMB_P', 'EMB_P', 'EMB_P', 'EMB_P', 'EMB_P', 'EMB_P', 'EMB_P', 'EMB_P', 'EMB_P', 'EMB_P', 'EMB_P', 'EMB_P', 'EMB_P', 'EMB_P', 'EMB_P', 'EMB_P', 'EMB_P', 'EMB_P', 'EMB_P', 'EMB_P', 'EMB_P', 'EMB_P', 'EMB_P', 'EMB_P', 'EMB_P', 'EMB_P', 'EMB_P', 'EMB_P', 'EMB_P', 'EMB_P', 'EMB_P', 'EMB_P', 'EMB_P', 'EMB_P', 'EMB_P', 'EMB_P', 'EMB_P', 'EMB_P', 'EMB_P', 'EMB_P', 'EMB_P', 'EMB_P', 'EMB_P', 'EMB_P', 'EMB_P', 'EMB_P', 'EMB_P', 'EMB_P', 'EMB_P', 'EMB_P', 'EMB_P', 'EMB_P', 'EMB_P', 'EMB_P', 'EMB_P', 'EMB_P', 'EMB_P', 'EMB_P', 'EMB_P', 'EMB_P', 'EMB_P', 'EMB_P', 'EMB_P', 'EMB_P', 'EMB_P', 'EMB_P', 'EMB_P', 'EMB_P', 'EMB_P', 'EMB_P', 'EMB_P', 'EMB_P', 'EMB_P', 'EMB_P', 'EMB_P', 'EMB_P', 'EMB_P', 'EMB_P', 'EMB_P', 'EMB_P', 'EMB_P', 'EMB_P', 'EMB_P', 'EMB_P', 'EMB_P', 'EMB_P', 'EMB_P', 'EMB_P', 'EMB_P', 'EMB_P', 'EMB_P', 'EMB_P', 'EMB_P', 'EMB_P', 'EMB_P', 'EMB_P', 'EMB_P', 'EMB_P', 'EMB_P', 'EMB_P', 'EMB_P', 'EMB_P', 'EMB_P']"
259,computer,disapoint,laptop_quad_dev_224,"don ' t waste your money on this computer , it will disapoint you in every way possible .",2.38,7.5,"['EMB_O', 'EMB_O', 'EMB_O', 'EMB_O', 'EMB_O', 'EMB_O', 'EMB_O', 'EMB_O', 'EMB_O', 'ASP_S', 'EMB_O', 'EMB_O', 'EMB_O', 'EMB_O', 'EMB_O', 'EMB_O', 'EMB_O', 'EMB_O', 'EMB_O', 'EMB_O', 'EMB_O', 'EMB_O', 'EMB_P', 'EMB_P', 'EMB_P', 'EMB_P', 'EMB_P', 'EMB_P', 'EMB_P', 'EMB_P', 'EMB_P', 'EMB_P', 'EMB_P', 'EMB_P', 'EMB_P', 'EMB_P', 'EMB_P', 'EMB_P', 'EMB_P', 'EMB_P', 'EMB_P', 'EMB_P', 'EMB_P', 'EMB_P', 'EMB_P', 'EMB_P', 'EMB_P', 'EMB_P', 'EMB_P', 'EMB_P', 'EMB_P', 'EMB_P', 'EMB_P', 'EMB_P', 'EMB_P', 'EMB_P', 'EMB_P', 'EMB_P', 'EMB_P', 'EMB_P', 'EMB_P', 'EMB_P', 'EMB_P', 'EMB_P', 'EMB_P', 'EMB_P', 'EMB_P', 'EMB_P', 'EMB_P', 'EMB_P', 'EMB_P', 'EMB_P', 'EMB_P', 'EMB_P', 'EMB_P', 'EMB_P', 'EMB_P', 'EMB_P', 'EMB_P', 'EMB_P', 'EMB_P', 'EMB_P', 'EMB_P', 'EMB_P', 'EMB_P', 'EMB_P', 'EMB_P', 'EMB_P', 'EMB_P', 'EMB_P', 'EMB_P', 'EMB_P', 'EMB_P', 'EMB_P', 'EMB_P', 'EMB_P', 'EMB_P', 'EMB_P', 'EMB_P', 'EMB_P', 'EMB_P', 'EMB_P', 'EMB_P', 'EMB_P', 'EMB_P', 'EMB_P', 'EMB_P', 'EMB_P', 'EMB_P', 'EMB_P', 'EMB_P', 'EMB_P', 'EMB_P', 'EMB_P', 'EMB_P', 'EMB_P', 'EMB_P', 'EMB_P', 'EMB_P', 'EMB_P', 'EMB_P', 'EMB_P', 'EMB_P', 'EMB_P', 'EMB_P', 'EMB_P', 'EMB_P', 'EMB_P']","['EMB_O', 'EMB_O', 'EMB_O', 'EMB_O', 'EMB_O', 'EMB_O', 'EMB_O', 'EMB_O', 'EMB_O', 'EMB_O', 'EMB_O', 'EMB_O', 'EMB_O', 'OPN_B', 'OPN_E', 'EMB_O', 'EMB_O', 'EMB_O', 'EMB_O', 'EMB_O', 'EMB_O', 'EMB_O', 'EMB_P', 'EMB_P', 'EMB_P', 'EMB_P', 'EMB_P', 'EMB_P', 'EMB_P', 'EMB_P', 'EMB_P', 'EMB_P', 'EMB_P', 'EMB_P', 'EMB_P', 'EMB_P', 'EMB_P', 'EMB_P', 'EMB_P', 'EMB_P', 'EMB_P', 'EMB_P', 'EMB_P', 'EMB_P', 'EMB_P', 'EMB_P', 'EMB_P', 'EMB_P', 'EMB_P', 'EMB_P', 'EMB_P', 'EMB_P', 'EMB_P', 'EMB_P', 'EMB_P', 'EMB_P', 'EMB_P', 'EMB_P', 'EMB_P', 'EMB_P', 'EMB_P', 'EMB_P', 'EMB_P', 'EMB_P', 'EMB_P', 'EMB_P', 'EMB_P', 'EMB_P', 'EMB_P', 'EMB_P', 'EMB_P', 'EMB_P', 'EMB_P', 'EMB_P', 'EMB_P', 'EMB_P', 'EMB_P', 'EMB_P', 'EMB_P', 'EMB_P', 'EMB_P', 'EMB_P', 'EMB_P', 'EMB_P', 'EMB_P', 'EMB_P', 'EMB_P', 'EMB_P', 'EMB_P', 'EMB_P', 'EMB_P', 'EMB_P', 'EMB_P', 'EMB_P', 'EMB_P', 'EMB_P', 'EMB_P', 'EMB_P', 'EMB_P', 'EMB_P', 'EMB_P', 'EMB_P', 'EMB_P', 'EMB_P', 'EMB_P', 'EMB_P', 'EMB_P', 'EMB_P', 'EMB_P', 'EMB_P', 'EMB_P', 'EMB_P', 'EMB_P', 'EMB_P', 'EMB_P', 'EMB_P', 'EMB_P', 'EMB_P', 'EMB_P', 'EMB_P', 'EMB_P', 'EMB_P', 'EMB_P', 'EMB_P', 'EMB_P', 'EMB_P', 'EMB_P', 'EMB_P']"
260,laptop,dead,laptop_quad_dev_225,the laptop was dead on arrival .,3.75,6.12,"['EMB_O', 'EMB_O', 'ASP_B', 'ASP_E', 'EMB_O', 'EMB_O', 'EMB_O', 'EMB_O', 'EMB_O', 'EMB_O', 'EMB_P', 'EMB_P', 'EMB_P', 'EMB_P', 'EMB_P', 'EMB_P', 'EMB_P', 'EMB_P', 'EMB_P', 'EMB_P', 'EMB_P', 'EMB_P', 'EMB_P', 'EMB_P', 'EMB_P', 'EMB_P', 'EMB_P', 'EMB_P', 'EMB_P', 'EMB_P', 'EMB_P', 'EMB_P', 'EMB_P', 'EMB_P', 'EMB_P', 'EMB_P', 'EMB_P', 'EMB_P', 'EMB_P', 'EMB_P', 'EMB_P', 'EMB_P', 'EMB_P', 'EMB_P', 'EMB_P', 'EMB_P', 'EMB_P', 'EMB_P', 'EMB_P', 'EMB_P', 'EMB_P', 'EMB_P', 'EMB_P', 'EMB_P', 'EMB_P', 'EMB_P', 'EMB_P', 'EMB_P', 'EMB_P', 'EMB_P', 'EMB_P', 'EMB_P', 'EMB_P', 'EMB_P', 'EMB_P', 'EMB_P', 'EMB_P', 'EMB_P', 'EMB_P', 'EMB_P', 'EMB_P', 'EMB_P', 'EMB_P', 'EMB_P', 'EMB_P', 'EMB_P', 'EMB_P', 'EMB_P', 'EMB_P', 'EMB_P', 'EMB_P', 'EMB_P', 'EMB_P', 'EMB_P', 'EMB_P', 'EMB_P', 'EMB_P', 'EMB_P', 'EMB_P', 'EMB_P', 'EMB_P', 'EMB_P', 'EMB_P', 'EMB_P', 'EMB_P', 'EMB_P', 'EMB_P', 'EMB_P', 'EMB_P', 'EMB_P', 'EMB_P', 'EMB_P', 'EMB_P', 'EMB_P', 'EMB_P', 'EMB_P', 'EMB_P', 'EMB_P', 'EMB_P', 'EMB_P', 'EMB_P', 'EMB_P', 'EMB_P', 'EMB_P', 'EMB_P', 'EMB_P', 'EMB_P', 'EMB_P', 'EMB_P', 'EMB_P', 'EMB_P', 'EMB_P', 'EMB_P', 'EMB_P', 'EMB_P', 'EMB_P', 'EMB_P', 'EMB_P']","['EMB_O', 'EMB_O', 'EMB_O', 'EMB_O', 'EMB_O', 'OPN_S', 'EMB_O', 'EMB_O', 'EMB_O', 'EMB_O', 'EMB_P', 'EMB_P', 'EMB_P', 'EMB_P', 'EMB_P', 'EMB_P', 'EMB_P', 'EMB_P', 'EMB_P', 'EMB_P', 'EMB_P', 'EMB_P', 'EMB_P', 'EMB_P', 'EMB_P', 'EMB_P', 'EMB_P', 'EMB_P', 'EMB_P', 'EMB_P', 'EMB_P', 'EMB_P', 'EMB_P', 'EMB_P', 'EMB_P', 'EMB_P', 'EMB_P', 'EMB_P', 'EMB_P', 'EMB_P', 'EMB_P', 'EMB_P', 'EMB_P', 'EMB_P', 'EMB_P', 'EMB_P', 'EMB_P', 'EMB_P', 'EMB_P', 'EMB_P', 'EMB_P', 'EMB_P', 'EMB_P', 'EMB_P', 'EMB_P', 'EMB_P', 'EMB_P', 'EMB_P', 'EMB_P', 'EMB_P', 'EMB_P', 'EMB_P', 'EMB_P', 'EMB_P', 'EMB_P', 'EMB_P', 'EMB_P', 'EMB_P', 'EMB_P', 'EMB_P', 'EMB_P', 'EMB_P', 'EMB_P', 'EMB_P', 'EMB_P', 'EMB_P', 'EMB_P', 'EMB_P', 'EMB_P', 'EMB_P', 'EMB_P', 'EMB_P', 'EMB_P', 'EMB_P', 'EMB_P', 'EMB_P', 'EMB_P', 'EMB_P', 'EMB_P', 'EMB_P', 'EMB_P', 'EMB_P', 'EMB_P', 'EMB_P', 'EMB_P', 'EMB_P', 'EMB_P', 'EMB_P', 'EMB_P', 'EMB_P', 'EMB_P', 'EMB_P', 'EMB_P', 'EMB_P', 'EMB_P', 'EMB_P', 'EMB_P', 'EMB_P', 'EMB_P', 'EMB_P', 'EMB_P', 'EMB_P', 'EMB_P', 'EMB_P', 'EMB_P', 'EMB_P', 'EMB_P', 'EMB_P', 'EMB_P', 'EMB_P', 'EMB_P', 'EMB_P', 'EMB_P', 'EMB_P', 'EMB_P', 'EMB_P', 'EMB_P', 'EMB_P']"
261,NULL,not a very stable,laptop_quad_dev_226,it is not a very stable build at all .,3.33,7.0,"['EMB_O', 'EMB_O', 'EMB_O', 'EMB_O', 'EMB_O', 'EMB_O', 'EMB_O', 'EMB_O', 'EMB_O', 'EMB_O', 'EMB_O', 'EMB_O', 'EMB_P', 'EMB_P', 'EMB_P', 'EMB_P', 'EMB_P', 'EMB_P', 'EMB_P', 'EMB_P', 'EMB_P', 'EMB_P', 'EMB_P', 'EMB_P', 'EMB_P', 'EMB_P', 'EMB_P', 'EMB_P', 'EMB_P', 'EMB_P', 'EMB_P', 'EMB_P', 'EMB_P', 'EMB_P', 'EMB_P', 'EMB_P', 'EMB_P', 'EMB_P', 'EMB_P', 'EMB_P', 'EMB_P', 'EMB_P', 'EMB_P', 'EMB_P', 'EMB_P', 'EMB_P', 'EMB_P', 'EMB_P', 'EMB_P', 'EMB_P', 'EMB_P', 'EMB_P', 'EMB_P', 'EMB_P', 'EMB_P', 'EMB_P', 'EMB_P', 'EMB_P', 'EMB_P', 'EMB_P', 'EMB_P', 'EMB_P', 'EMB_P', 'EMB_P', 'EMB_P', 'EMB_P', 'EMB_P', 'EMB_P', 'EMB_P', 'EMB_P', 'EMB_P', 'EMB_P', 'EMB_P', 'EMB_P', 'EMB_P', 'EMB_P', 'EMB_P', 'EMB_P', 'EMB_P', 'EMB_P', 'EMB_P', 'EMB_P', 'EMB_P', 'EMB_P', 'EMB_P', 'EMB_P', 'EMB_P', 'EMB_P', 'EMB_P', 'EMB_P', 'EMB_P', 'EMB_P', 'EMB_P', 'EMB_P', 'EMB_P', 'EMB_P', 'EMB_P', 'EMB_P', 'EMB_P', 'EMB_P', 'EMB_P', 'EMB_P', 'EMB_P', 'EMB_P', 'EMB_P', 'EMB_P', 'EMB_P', 'EMB_P', 'EMB_P', 'EMB_P', 'EMB_P', 'EMB_P', 'EMB_P', 'EMB_P', 'EMB_P', 'EMB_P', 'EMB_P', 'EMB_P', 'EMB_P', 'EMB_P', 'EMB_P', 'EMB_P', 'EMB_P', 'EMB_P', 'EMB_P', 'EMB_P', 'EMB_P', 'EMB_P']","['EMB_O', 'EMB_O', 'EMB_O', 'OPN_B', 'OPN_I', 'OPN_I', 'OPN_E', 'EMB_O', 'EMB_O', 'EMB_O', 'EMB_O', 'EMB_O', 'EMB_P', 'EMB_P', 'EMB_P', 'EMB_P', 'EMB_P', 'EMB_P', 'EMB_P', 'EMB_P', 'EMB_P', 'EMB_P', 'EMB_P', 'EMB_P', 'EMB_P', 'EMB_P', 'EMB_P', 'EMB_P', 'EMB_P', 'EMB_P', 'EMB_P', 'EMB_P', 'EMB_P', 'EMB_P', 'EMB_P', 'EMB_P', 'EMB_P', 'EMB_P', 'EMB_P', 'EMB_P', 'EMB_P', 'EMB_P', 'EMB_P', 'EMB_P', 'EMB_P', 'EMB_P', 'EMB_P', 'EMB_P', 'EMB_P', 'EMB_P', 'EMB_P', 'EMB_P', 'EMB_P', 'EMB_P', 'EMB_P', 'EMB_P', 'EMB_P', 'EMB_P', 'EMB_P', 'EMB_P', 'EMB_P', 'EMB_P', 'EMB_P', 'EMB_P', 'EMB_P', 'EMB_P', 'EMB_P', 'EMB_P', 'EMB_P', 'EMB_P', 'EMB_P', 'EMB_P', 'EMB_P', 'EMB_P', 'EMB_P', 'EMB_P', 'EMB_P', 'EMB_P', 'EMB_P', 'EMB_P', 'EMB_P', 'EMB_P', 'EMB_P', 'EMB_P', 'EMB_P', 'EMB_P', 'EMB_P', 'EMB_P', 'EMB_P', 'EMB_P', 'EMB_P', 'EMB_P', 'EMB_P', 'EMB_P', 'EMB_P', 'EMB_P', 'EMB_P', 'EMB_P', 'EMB_P', 'EMB_P', 'EMB_P', 'EMB_P', 'EMB_P', 'EMB_P', 'EMB_P', 'EMB_P', 'EMB_P', 'EMB_P', 'EMB_P', 'EMB_P', 'EMB_P', 'EMB_P', 'EMB_P', 'EMB_P', 'EMB_P', 'EMB_P', 'EMB_P', 'EMB_P', 'EMB_P', 'EMB_P', 'EMB_P', 'EMB_P', 'EMB_P', 'EMB_P', 'EMB_P', 'EMB_P', 'EMB_P', 'EMB_P']"
262,laptop,crashed,laptop_quad_dev_227,i have had this laptop two months now and it has crashed as many times .,2.25,7.75,"['EMB_O', 'EMB_O', 'EMB_O', 'EMB_O', 'EMB_O', 'ASP_B', 'ASP_E', 'EMB_O', 'EMB_O', 'EMB_O', 'EMB_O', 'EMB_O', 'EMB_O', 'EMB_O', 'EMB_O', 'EMB_O', 'EMB_O', 'EMB_O', 'EMB_O', 'EMB_P', 'EMB_P', 'EMB_P', 'EMB_P', 'EMB_P', 'EMB_P', 'EMB_P', 'EMB_P', 'EMB_P', 'EMB_P', 'EMB_P', 'EMB_P', 'EMB_P', 'EMB_P', 'EMB_P', 'EMB_P', 'EMB_P', 'EMB_P', 'EMB_P', 'EMB_P', 'EMB_P', 'EMB_P', 'EMB_P', 'EMB_P', 'EMB_P', 'EMB_P', 'EMB_P', 'EMB_P', 'EMB_P', 'EMB_P', 'EMB_P', 'EMB_P', 'EMB_P', 'EMB_P', 'EMB_P', 'EMB_P', 'EMB_P', 'EMB_P', 'EMB_P', 'EMB_P', 'EMB_P', 'EMB_P', 'EMB_P', 'EMB_P', 'EMB_P', 'EMB_P', 'EMB_P', 'EMB_P', 'EMB_P', 'EMB_P', 'EMB_P', 'EMB_P', 'EMB_P', 'EMB_P', 'EMB_P', 'EMB_P', 'EMB_P', 'EMB_P', 'EMB_P', 'EMB_P', 'EMB_P', 'EMB_P', 'EMB_P', 'EMB_P', 'EMB_P', 'EMB_P', 'EMB_P', 'EMB_P', 'EMB_P', 'EMB_P', 'EMB_P', 'EMB_P', 'EMB_P', 'EMB_P', 'EMB_P', 'EMB_P', 'EMB_P', 'EMB_P', 'EMB_P', 'EMB_P', 'EMB_P', 'EMB_P', 'EMB_P', 'EMB_P', 'EMB_P', 'EMB_P', 'EMB_P', 'EMB_P', 'EMB_P', 'EMB_P', 'EMB_P', 'EMB_P', 'EMB_P', 'EMB_P', 'EMB_P', 'EMB_P', 'EMB_P', 'EMB_P', 'EMB_P', 'EMB_P', 'EMB_P', 'EMB_P', 'EMB_P', 'EMB_P', 'EMB_P', 'EMB_P', 'EMB_P', 'EMB_P', 'EMB_P']","['EMB_O', 'EMB_O', 'EMB_O', 'EMB_O', 'EMB_O', 'EMB_O', 'EMB_O', 'EMB_O', 'EMB_O', 'EMB_O', 'EMB_O', 'EMB_O', 'EMB_O', 'OPN_S', 'EMB_O', 'EMB_O', 'EMB_O', 'EMB_O', 'EMB_O', 'EMB_P', 'EMB_P', 'EMB_P', 'EMB_P', 'EMB_P', 'EMB_P', 'EMB_P', 'EMB_P', 'EMB_P', 'EMB_P', 'EMB_P', 'EMB_P', 'EMB_P', 'EMB_P', 'EMB_P', 'EMB_P', 'EMB_P', 'EMB_P', 'EMB_P', 'EMB_P', 'EMB_P', 'EMB_P', 'EMB_P', 'EMB_P', 'EMB_P', 'EMB_P', 'EMB_P', 'EMB_P', 'EMB_P', 'EMB_P', 'EMB_P', 'EMB_P', 'EMB_P', 'EMB_P', 'EMB_P', 'EMB_P', 'EMB_P', 'EMB_P', 'EMB_P', 'EMB_P', 'EMB_P', 'EMB_P', 'EMB_P', 'EMB_P', 'EMB_P', 'EMB_P', 'EMB_P', 'EMB_P', 'EMB_P', 'EMB_P', 'EMB_P', 'EMB_P', 'EMB_P', 'EMB_P', 'EMB_P', 'EMB_P', 'EMB_P', 'EMB_P', 'EMB_P', 'EMB_P', 'EMB_P', 'EMB_P', 'EMB_P', 'EMB_P', 'EMB_P', 'EMB_P', 'EMB_P', 'EMB_P', 'EMB_P', 'EMB_P', 'EMB_P', 'EMB_P', 'EMB_P', 'EMB_P', 'EMB_P', 'EMB_P', 'EMB_P', 'EMB_P', 'EMB_P', 'EMB_P', 'EMB_P', 'EMB_P', 'EMB_P', 'EMB_P', 'EMB_P', 'EMB_P', 'EMB_P', 'EMB_P', 'EMB_P', 'EMB_P', 'EMB_P', 'EMB_P', 'EMB_P', 'EMB_P', 'EMB_P', 'EMB_P', 'EMB_P', 'EMB_P', 'EMB_P', 'EMB_P', 'EMB_P', 'EMB_P', 'EMB_P', 'EMB_P', 'EMB_P', 'EMB_P', 'EMB_P', 'EMB_P', 'EMB_P']"
263,laptop,worst,laptop_quad_dev_228,this is the worst laptop i have ever bought in my entire life .,2.8,5.6,"['EMB_O', 'EMB_O', 'EMB_O', 'EMB_O', 'EMB_O', 'ASP_B', 'ASP_E', 'EMB_O', 'EMB_O', 'EMB_O', 'EMB_O', 'EMB_O', 'EMB_O', 'EMB_O', 'EMB_O', 'EMB_O', 'EMB_O', 'EMB_P', 'EMB_P', 'EMB_P', 'EMB_P', 'EMB_P', 'EMB_P', 'EMB_P', 'EMB_P', 'EMB_P', 'EMB_P', 'EMB_P', 'EMB_P', 'EMB_P', 'EMB_P', 'EMB_P', 'EMB_P', 'EMB_P', 'EMB_P', 'EMB_P', 'EMB_P', 'EMB_P', 'EMB_P', 'EMB_P', 'EMB_P', 'EMB_P', 'EMB_P', 'EMB_P', 'EMB_P', 'EMB_P', 'EMB_P', 'EMB_P', 'EMB_P', 'EMB_P', 'EMB_P', 'EMB_P', 'EMB_P', 'EMB_P', 'EMB_P', 'EMB_P', 'EMB_P', 'EMB_P', 'EMB_P', 'EMB_P', 'EMB_P', 'EMB_P', 'EMB_P', 'EMB_P', 'EMB_P', 'EMB_P', 'EMB_P', 'EMB_P', 'EMB_P', 'EMB_P', 'EMB_P', 'EMB_P', 'EMB_P', 'EMB_P', 'EMB_P', 'EMB_P', 'EMB_P', 'EMB_P', 'EMB_P', 'EMB_P', 'EMB_P', 'EMB_P', 'EMB_P', 'EMB_P', 'EMB_P', 'EMB_P', 'EMB_P', 'EMB_P', 'EMB_P', 'EMB_P', 'EMB_P', 'EMB_P', 'EMB_P', 'EMB_P', 'EMB_P', 'EMB_P', 'EMB_P', 'EMB_P', 'EMB_P', 'EMB_P', 'EMB_P', 'EMB_P', 'EMB_P', 'EMB_P', 'EMB_P', 'EMB_P', 'EMB_P', 'EMB_P', 'EMB_P', 'EMB_P', 'EMB_P', 'EMB_P', 'EMB_P', 'EMB_P', 'EMB_P', 'EMB_P', 'EMB_P', 'EMB_P', 'EMB_P', 'EMB_P', 'EMB_P', 'EMB_P', 'EMB_P', 'EMB_P', 'EMB_P', 'EMB_P', 'EMB_P', 'EMB_P']","['EMB_O', 'EMB_O', 'EMB_O', 'EMB_O', 'OPN_S', 'EMB_O', 'EMB_O', 'EMB_O', 'EMB_O', 'EMB_O', 'EMB_O', 'EMB_O', 'EMB_O', 'EMB_O', 'EMB_O', 'EMB_O', 'EMB_O', 'EMB_P', 'EMB_P', 'EMB_P', 'EMB_P', 'EMB_P', 'EMB_P', 'EMB_P', 'EMB_P', 'EMB_P', 'EMB_P', 'EMB_P', 'EMB_P', 'EMB_P', 'EMB_P', 'EMB_P', 'EMB_P', 'EMB_P', 'EMB_P', 'EMB_P', 'EMB_P', 'EMB_P', 'EMB_P', 'EMB_P', 'EMB_P', 'EMB_P', 'EMB_P', 'EMB_P', 'EMB_P', 'EMB_P', 'EMB_P', 'EMB_P', 'EMB_P', 'EMB_P', 'EMB_P', 'EMB_P', 'EMB_P', 'EMB_P', 'EMB_P', 'EMB_P', 'EMB_P', 'EMB_P', 'EMB_P', 'EMB_P', 'EMB_P', 'EMB_P', 'EMB_P', 'EMB_P', 'EMB_P', 'EMB_P', 'EMB_P', 'EMB_P', 'EMB_P', 'EMB_P', 'EMB_P', 'EMB_P', 'EMB_P', 'EMB_P', 'EMB_P', 'EMB_P', 'EMB_P', 'EMB_P', 'EMB_P', 'EMB_P', 'EMB_P', 'EMB_P', 'EMB_P', 'EMB_P', 'EMB_P', 'EMB_P', 'EMB_P', 'EMB_P', 'EMB_P', 'EMB_P', 'EMB_P', 'EMB_P', 'EMB_P', 'EMB_P', 'EMB_P', 'EMB_P', 'EMB_P', 'EMB_P', 'EMB_P', 'EMB_P', 'EMB_P', 'EMB_P', 'EMB_P', 'EMB_P', 'EMB_P', 'EMB_P', 'EMB_P', 'EMB_P', 'EMB_P', 'EMB_P', 'EMB_P', 'EMB_P', 'EMB_P', 'EMB_P', 'EMB_P', 'EMB_P', 'EMB_P', 'EMB_P', 'EMB_P', 'EMB_P', 'EMB_P', 'EMB_P', 'EMB_P', 'EMB_P', 'EMB_P', 'EMB_P', 'EMB_P', 'EMB_P']"
264,laptop,small,laptop_quad_dev_229,this laptop is small and thin for a 15 .,4.83,5.17,"['EMB_O', 'EMB_O', 'ASP_B', 'ASP_E', 'EMB_O', 'EMB_O', 'EMB_O', 'EMB_O', 'EMB_O', 'EMB_O', 'EMB_O', 'EMB_O', 'EMB_O', 'EMB_P', 'EMB_P', 'EMB_P', 'EMB_P', 'EMB_P', 'EMB_P', 'EMB_P', 'EMB_P', 'EMB_P', 'EMB_P', 'EMB_P', 'EMB_P', 'EMB_P', 'EMB_P', 'EMB_P', 'EMB_P', 'EMB_P', 'EMB_P', 'EMB_P', 'EMB_P', 'EMB_P', 'EMB_P', 'EMB_P', 'EMB_P', 'EMB_P', 'EMB_P', 'EMB_P', 'EMB_P', 'EMB_P', 'EMB_P', 'EMB_P', 'EMB_P', 'EMB_P', 'EMB_P', 'EMB_P', 'EMB_P', 'EMB_P', 'EMB_P', 'EMB_P', 'EMB_P', 'EMB_P', 'EMB_P', 'EMB_P', 'EMB_P', 'EMB_P', 'EMB_P', 'EMB_P', 'EMB_P', 'EMB_P', 'EMB_P', 'EMB_P', 'EMB_P', 'EMB_P', 'EMB_P', 'EMB_P', 'EMB_P', 'EMB_P', 'EMB_P', 'EMB_P', 'EMB_P', 'EMB_P', 'EMB_P', 'EMB_P', 'EMB_P', 'EMB_P', 'EMB_P', 'EMB_P', 'EMB_P', 'EMB_P', 'EMB_P', 'EMB_P', 'EMB_P', 'EMB_P', 'EMB_P', 'EMB_P', 'EMB_P', 'EMB_P', 'EMB_P', 'EMB_P', 'EMB_P', 'EMB_P', 'EMB_P', 'EMB_P', 'EMB_P', 'EMB_P', 'EMB_P', 'EMB_P', 'EMB_P', 'EMB_P', 'EMB_P', 'EMB_P', 'EMB_P', 'EMB_P', 'EMB_P', 'EMB_P', 'EMB_P', 'EMB_P', 'EMB_P', 'EMB_P', 'EMB_P', 'EMB_P', 'EMB_P', 'EMB_P', 'EMB_P', 'EMB_P', 'EMB_P', 'EMB_P', 'EMB_P', 'EMB_P', 'EMB_P', 'EMB_P', 'EMB_P', 'EMB_P', 'EMB_P', 'EMB_P']","['EMB_O', 'EMB_O', 'EMB_O', 'EMB_O', 'EMB_O', 'OPN_S', 'EMB_O', 'EMB_O', 'EMB_O', 'EMB_O', 'EMB_O', 'EMB_O', 'EMB_O', 'EMB_P', 'EMB_P', 'EMB_P', 'EMB_P', 'EMB_P', 'EMB_P', 'EMB_P', 'EMB_P', 'EMB_P', 'EMB_P', 'EMB_P', 'EMB_P', 'EMB_P', 'EMB_P', 'EMB_P', 'EMB_P', 'EMB_P', 'EMB_P', 'EMB_P', 'EMB_P', 'EMB_P', 'EMB_P', 'EMB_P', 'EMB_P', 'EMB_P', 'EMB_P', 'EMB_P', 'EMB_P', 'EMB_P', 'EMB_P', 'EMB_P', 'EMB_P', 'EMB_P', 'EMB_P', 'EMB_P', 'EMB_P', 'EMB_P', 'EMB_P', 'EMB_P', 'EMB_P', 'EMB_P', 'EMB_P', 'EMB_P', 'EMB_P', 'EMB_P', 'EMB_P', 'EMB_P', 'EMB_P', 'EMB_P', 'EMB_P', 'EMB_P', 'EMB_P', 'EMB_P', 'EMB_P', 'EMB_P', 'EMB_P', 'EMB_P', 'EMB_P', 'EMB_P', 'EMB_P', 'EMB_P', 'EMB_P', 'EMB_P', 'EMB_P', 'EMB_P', 'EMB_P', 'EMB_P', 'EMB_P', 'EMB_P', 'EMB_P', 'EMB_P', 'EMB_P', 'EMB_P', 'EMB_P', 'EMB_P', 'EMB_P', 'EMB_P', 'EMB_P', 'EMB_P', 'EMB_P', 'EMB_P', 'EMB_P', 'EMB_P', 'EMB_P', 'EMB_P', 'EMB_P', 'EMB_P', 'EMB_P', 'EMB_P', 'EMB_P', 'EMB_P', 'EMB_P', 'EMB_P', 'EMB_P', 'EMB_P', 'EMB_P', 'EMB_P', 'EMB_P', 'EMB_P', 'EMB_P', 'EMB_P', 'EMB_P', 'EMB_P', 'EMB_P', 'EMB_P', 'EMB_P', 'EMB_P', 'EMB_P', 'EMB_P', 'EMB_P', 'EMB_P', 'EMB_P', 'EMB_P', 'EMB_P', 'EMB_P']"
265,keyboard,not that good,laptop_quad_dev_230,"- keyboard is not that good , i fell that there is uneven uniformity in the button press and travel , and definitely some flex .",3.67,5.5,"['EMB_O', 'EMB_O', 'ASP_S', 'EMB_O', 'EMB_O', 'EMB_O', 'EMB_O', 'EMB_O', 'EMB_O', 'EMB_O', 'EMB_O', 'EMB_O', 'EMB_O', 'EMB_O', 'EMB_O', 'EMB_O', 'EMB_O', 'EMB_O', 'EMB_O', 'EMB_O', 'EMB_O', 'EMB_O', 'EMB_O', 'EMB_O', 'EMB_O', 'EMB_O', 'EMB_O', 'EMB_O', 'EMB_O', 'EMB_O', 'EMB_O', 'EMB_O', 'EMB_O', 'EMB_O', 'EMB_P', 'EMB_P', 'EMB_P', 'EMB_P', 'EMB_P', 'EMB_P', 'EMB_P', 'EMB_P', 'EMB_P', 'EMB_P', 'EMB_P', 'EMB_P', 'EMB_P', 'EMB_P', 'EMB_P', 'EMB_P', 'EMB_P', 'EMB_P', 'EMB_P', 'EMB_P', 'EMB_P', 'EMB_P', 'EMB_P', 'EMB_P', 'EMB_P', 'EMB_P', 'EMB_P', 'EMB_P', 'EMB_P', 'EMB_P', 'EMB_P', 'EMB_P', 'EMB_P', 'EMB_P', 'EMB_P', 'EMB_P', 'EMB_P', 'EMB_P', 'EMB_P', 'EMB_P', 'EMB_P', 'EMB_P', 'EMB_P', 'EMB_P', 'EMB_P', 'EMB_P', 'EMB_P', 'EMB_P', 'EMB_P', 'EMB_P', 'EMB_P', 'EMB_P', 'EMB_P', 'EMB_P', 'EMB_P', 'EMB_P', 'EMB_P', 'EMB_P', 'EMB_P', 'EMB_P', 'EMB_P', 'EMB_P', 'EMB_P', 'EMB_P', 'EMB_P', 'EMB_P', 'EMB_P', 'EMB_P', 'EMB_P', 'EMB_P', 'EMB_P', 'EMB_P', 'EMB_P', 'EMB_P', 'EMB_P', 'EMB_P', 'EMB_P', 'EMB_P', 'EMB_P', 'EMB_P', 'EMB_P', 'EMB_P', 'EMB_P', 'EMB_P', 'EMB_P', 'EMB_P', 'EMB_P', 'EMB_P', 'EMB_P', 'EMB_P', 'EMB_P', 'EMB_P', 'EMB_P', 'EMB_P']","['EMB_O', 'EMB_O', 'EMB_O', 'EMB_O', 'OPN_B', 'OPN_I', 'OPN_E', 'EMB_O', 'EMB_O', 'EMB_O', 'EMB_O', 'EMB_O', 'EMB_O', 'EMB_O', 'EMB_O', 'EMB_O', 'EMB_O', 'EMB_O', 'EMB_O', 'EMB_O', 'EMB_O', 'EMB_O', 'EMB_O', 'EMB_O', 'EMB_O', 'EMB_O', 'EMB_O', 'EMB_O', 'EMB_O', 'EMB_O', 'EMB_O', 'EMB_O', 'EMB_O', 'EMB_O', 'EMB_P', 'EMB_P', 'EMB_P', 'EMB_P', 'EMB_P', 'EMB_P', 'EMB_P', 'EMB_P', 'EMB_P', 'EMB_P', 'EMB_P', 'EMB_P', 'EMB_P', 'EMB_P', 'EMB_P', 'EMB_P', 'EMB_P', 'EMB_P', 'EMB_P', 'EMB_P', 'EMB_P', 'EMB_P', 'EMB_P', 'EMB_P', 'EMB_P', 'EMB_P', 'EMB_P', 'EMB_P', 'EMB_P', 'EMB_P', 'EMB_P', 'EMB_P', 'EMB_P', 'EMB_P', 'EMB_P', 'EMB_P', 'EMB_P', 'EMB_P', 'EMB_P', 'EMB_P', 'EMB_P', 'EMB_P', 'EMB_P', 'EMB_P', 'EMB_P', 'EMB_P', 'EMB_P', 'EMB_P', 'EMB_P', 'EMB_P', 'EMB_P', 'EMB_P', 'EMB_P', 'EMB_P', 'EMB_P', 'EMB_P', 'EMB_P', 'EMB_P', 'EMB_P', 'EMB_P', 'EMB_P', 'EMB_P', 'EMB_P', 'EMB_P', 'EMB_P', 'EMB_P', 'EMB_P', 'EMB_P', 'EMB_P', 'EMB_P', 'EMB_P', 'EMB_P', 'EMB_P', 'EMB_P', 'EMB_P', 'EMB_P', 'EMB_P', 'EMB_P', 'EMB_P', 'EMB_P', 'EMB_P', 'EMB_P', 'EMB_P', 'EMB_P', 'EMB_P', 'EMB_P', 'EMB_P', 'EMB_P', 'EMB_P', 'EMB_P', 'EMB_P', 'EMB_P', 'EMB_P', 'EMB_P']"
266,battery life,NULL,laptop_quad_dev_231,"battery life doesn ' t seem to be more than 5 hours , but i expected that going in .",5.25,5.62,"['EMB_O', 'ASP_B', 'ASP_E', 'EMB_O', 'EMB_O', 'EMB_O', 'EMB_O', 'EMB_O', 'EMB_O', 'EMB_O', 'EMB_O', 'EMB_O', 'EMB_O', 'EMB_O', 'EMB_O', 'EMB_O', 'EMB_O', 'EMB_O', 'EMB_O', 'EMB_O', 'EMB_O', 'EMB_O', 'EMB_P', 'EMB_P', 'EMB_P', 'EMB_P', 'EMB_P', 'EMB_P', 'EMB_P', 'EMB_P', 'EMB_P', 'EMB_P', 'EMB_P', 'EMB_P', 'EMB_P', 'EMB_P', 'EMB_P', 'EMB_P', 'EMB_P', 'EMB_P', 'EMB_P', 'EMB_P', 'EMB_P', 'EMB_P', 'EMB_P', 'EMB_P', 'EMB_P', 'EMB_P', 'EMB_P', 'EMB_P', 'EMB_P', 'EMB_P', 'EMB_P', 'EMB_P', 'EMB_P', 'EMB_P', 'EMB_P', 'EMB_P', 'EMB_P', 'EMB_P', 'EMB_P', 'EMB_P', 'EMB_P', 'EMB_P', 'EMB_P', 'EMB_P', 'EMB_P', 'EMB_P', 'EMB_P', 'EMB_P', 'EMB_P', 'EMB_P', 'EMB_P', 'EMB_P', 'EMB_P', 'EMB_P', 'EMB_P', 'EMB_P', 'EMB_P', 'EMB_P', 'EMB_P', 'EMB_P', 'EMB_P', 'EMB_P', 'EMB_P', 'EMB_P', 'EMB_P', 'EMB_P', 'EMB_P', 'EMB_P', 'EMB_P', 'EMB_P', 'EMB_P', 'EMB_P', 'EMB_P', 'EMB_P', 'EMB_P', 'EMB_P', 'EMB_P', 'EMB_P', 'EMB_P', 'EMB_P', 'EMB_P', 'EMB_P', 'EMB_P', 'EMB_P', 'EMB_P', 'EMB_P', 'EMB_P', 'EMB_P', 'EMB_P', 'EMB_P', 'EMB_P', 'EMB_P', 'EMB_P', 'EMB_P', 'EMB_P', 'EMB_P', 'EMB_P', 'EMB_P', 'EMB_P', 'EMB_P', 'EMB_P', 'EMB_P', 'EMB_P', 'EMB_P', 'EMB_P', 'EMB_P']","['EMB_O', 'EMB_O', 'EMB_O', 'EMB_O', 'EMB_O', 'EMB_O', 'EMB_O', 'EMB_O', 'EMB_O', 'EMB_O', 'EMB_O', 'EMB_O', 'EMB_O', 'EMB_O', 'EMB_O', 'EMB_O', 'EMB_O', 'EMB_O', 'EMB_O', 'EMB_O', 'EMB_O', 'EMB_O', 'EMB_P', 'EMB_P', 'EMB_P', 'EMB_P', 'EMB_P', 'EMB_P', 'EMB_P', 'EMB_P', 'EMB_P', 'EMB_P', 'EMB_P', 'EMB_P', 'EMB_P', 'EMB_P', 'EMB_P', 'EMB_P', 'EMB_P', 'EMB_P', 'EMB_P', 'EMB_P', 'EMB_P', 'EMB_P', 'EMB_P', 'EMB_P', 'EMB_P', 'EMB_P', 'EMB_P', 'EMB_P', 'EMB_P', 'EMB_P', 'EMB_P', 'EMB_P', 'EMB_P', 'EMB_P', 'EMB_P', 'EMB_P', 'EMB_P', 'EMB_P', 'EMB_P', 'EMB_P', 'EMB_P', 'EMB_P', 'EMB_P', 'EMB_P', 'EMB_P', 'EMB_P', 'EMB_P', 'EMB_P', 'EMB_P', 'EMB_P', 'EMB_P', 'EMB_P', 'EMB_P', 'EMB_P', 'EMB_P', 'EMB_P', 'EMB_P', 'EMB_P', 'EMB_P', 'EMB_P', 'EMB_P', 'EMB_P', 'EMB_P', 'EMB_P', 'EMB_P', 'EMB_P', 'EMB_P', 'EMB_P', 'EMB_P', 'EMB_P', 'EMB_P', 'EMB_P', 'EMB_P', 'EMB_P', 'EMB_P', 'EMB_P', 'EMB_P', 'EMB_P', 'EMB_P', 'EMB_P', 'EMB_P', 'EMB_P', 'EMB_P', 'EMB_P', 'EMB_P', 'EMB_P', 'EMB_P', 'EMB_P', 'EMB_P', 'EMB_P', 'EMB_P', 'EMB_P', 'EMB_P', 'EMB_P', 'EMB_P', 'EMB_P', 'EMB_P', 'EMB_P', 'EMB_P', 'EMB_P', 'EMB_P', 'EMB_P', 'EMB_P', 'EMB_P', 'EMB_P', 'EMB_P']"
267,battery charger,super tiny,laptop_quad_dev_232,"battery charger is super tiny and lightweight , which is an additional advantage vs the 1 lb brick that you have to lug around with the ux501vw .",6.5,6.5,"['EMB_O', 'ASP_B', 'ASP_I', 'ASP_E', 'EMB_O', 'EMB_O', 'EMB_O', 'EMB_O', 'EMB_O', 'EMB_O', 'EMB_O', 'EMB_O', 'EMB_O', 'EMB_O', 'EMB_O', 'EMB_O', 'EMB_O', 'EMB_O', 'EMB_O', 'EMB_O', 'EMB_O', 'EMB_O', 'EMB_O', 'EMB_O', 'EMB_O', 'EMB_O', 'EMB_O', 'EMB_O', 'EMB_O', 'EMB_O', 'EMB_O', 'EMB_O', 'EMB_O', 'EMB_O', 'EMB_O', 'EMB_O', 'EMB_O', 'EMB_O', 'EMB_O', 'EMB_P', 'EMB_P', 'EMB_P', 'EMB_P', 'EMB_P', 'EMB_P', 'EMB_P', 'EMB_P', 'EMB_P', 'EMB_P', 'EMB_P', 'EMB_P', 'EMB_P', 'EMB_P', 'EMB_P', 'EMB_P', 'EMB_P', 'EMB_P', 'EMB_P', 'EMB_P', 'EMB_P', 'EMB_P', 'EMB_P', 'EMB_P', 'EMB_P', 'EMB_P', 'EMB_P', 'EMB_P', 'EMB_P', 'EMB_P', 'EMB_P', 'EMB_P', 'EMB_P', 'EMB_P', 'EMB_P', 'EMB_P', 'EMB_P', 'EMB_P', 'EMB_P', 'EMB_P', 'EMB_P', 'EMB_P', 'EMB_P', 'EMB_P', 'EMB_P', 'EMB_P', 'EMB_P', 'EMB_P', 'EMB_P', 'EMB_P', 'EMB_P', 'EMB_P', 'EMB_P', 'EMB_P', 'EMB_P', 'EMB_P', 'EMB_P', 'EMB_P', 'EMB_P', 'EMB_P', 'EMB_P', 'EMB_P', 'EMB_P', 'EMB_P', 'EMB_P', 'EMB_P', 'EMB_P', 'EMB_P', 'EMB_P', 'EMB_P', 'EMB_P', 'EMB_P', 'EMB_P', 'EMB_P', 'EMB_P', 'EMB_P', 'EMB_P', 'EMB_P', 'EMB_P', 'EMB_P', 'EMB_P', 'EMB_P', 'EMB_P', 'EMB_P', 'EMB_P', 'EMB_P', 'EMB_P', 'EMB_P', 'EMB_P']","['EMB_O', 'EMB_O', 'EMB_O', 'EMB_O', 'EMB_O', 'OPN_B', 'OPN_I', 'OPN_E', 'EMB_O', 'EMB_O', 'EMB_O', 'EMB_O', 'EMB_O', 'EMB_O', 'EMB_O', 'EMB_O', 'EMB_O', 'EMB_O', 'EMB_O', 'EMB_O', 'EMB_O', 'EMB_O', 'EMB_O', 'EMB_O', 'EMB_O', 'EMB_O', 'EMB_O', 'EMB_O', 'EMB_O', 'EMB_O', 'EMB_O', 'EMB_O', 'EMB_O', 'EMB_O', 'EMB_O', 'EMB_O', 'EMB_O', 'EMB_O', 'EMB_O', 'EMB_P', 'EMB_P', 'EMB_P', 'EMB_P', 'EMB_P', 'EMB_P', 'EMB_P', 'EMB_P', 'EMB_P', 'EMB_P', 'EMB_P', 'EMB_P', 'EMB_P', 'EMB_P', 'EMB_P', 'EMB_P', 'EMB_P', 'EMB_P', 'EMB_P', 'EMB_P', 'EMB_P', 'EMB_P', 'EMB_P', 'EMB_P', 'EMB_P', 'EMB_P', 'EMB_P', 'EMB_P', 'EMB_P', 'EMB_P', 'EMB_P', 'EMB_P', 'EMB_P', 'EMB_P', 'EMB_P', 'EMB_P', 'EMB_P', 'EMB_P', 'EMB_P', 'EMB_P', 'EMB_P', 'EMB_P', 'EMB_P', 'EMB_P', 'EMB_P', 'EMB_P', 'EMB_P', 'EMB_P', 'EMB_P', 'EMB_P', 'EMB_P', 'EMB_P', 'EMB_P', 'EMB_P', 'EMB_P', 'EMB_P', 'EMB_P', 'EMB_P', 'EMB_P', 'EMB_P', 'EMB_P', 'EMB_P', 'EMB_P', 'EMB_P', 'EMB_P', 'EMB_P', 'EMB_P', 'EMB_P', 'EMB_P', 'EMB_P', 'EMB_P', 'EMB_P', 'EMB_P', 'EMB_P', 'EMB_P', 'EMB_P', 'EMB_P', 'EMB_P', 'EMB_P', 'EMB_P', 'EMB_P', 'EMB_P', 'EMB_P', 'EMB_P', 'EMB_P', 'EMB_P', 'EMB_P', 'EMB_P', 'EMB_P']"
268,NULL,very attractive,laptop_quad_dev_233,"i just opened it earlier today and my initial impressions is that it is very attractive and very sturdy feeling and i love the screen which non reflective , it ' s very nice not looking into a reflective glossy screen for a change .",6.83,7.17,"['EMB_O', 'EMB_O', 'EMB_O', 'EMB_O', 'EMB_O', 'EMB_O', 'EMB_O', 'EMB_O', 'EMB_O', 'EMB_O', 'EMB_O', 'EMB_O', 'EMB_O', 'EMB_O', 'EMB_O', 'EMB_O', 'EMB_O', 'EMB_O', 'EMB_O', 'EMB_O', 'EMB_O', 'EMB_O', 'EMB_O', 'EMB_O', 'EMB_O', 'EMB_O', 'EMB_O', 'EMB_O', 'EMB_O', 'EMB_O', 'EMB_O', 'EMB_O', 'EMB_O', 'EMB_O', 'EMB_O', 'EMB_O', 'EMB_O', 'EMB_O', 'EMB_O', 'EMB_O', 'EMB_O', 'EMB_O', 'EMB_O', 'EMB_O', 'EMB_O', 'EMB_O', 'EMB_O', 'EMB_O', 'EMB_O', 'EMB_O', 'EMB_O', 'EMB_O', 'EMB_O', 'EMB_O', 'EMB_O', 'EMB_P', 'EMB_P', 'EMB_P', 'EMB_P', 'EMB_P', 'EMB_P', 'EMB_P', 'EMB_P', 'EMB_P', 'EMB_P', 'EMB_P', 'EMB_P', 'EMB_P', 'EMB_P', 'EMB_P', 'EMB_P', 'EMB_P', 'EMB_P', 'EMB_P', 'EMB_P', 'EMB_P', 'EMB_P', 'EMB_P', 'EMB_P', 'EMB_P', 'EMB_P', 'EMB_P', 'EMB_P', 'EMB_P', 'EMB_P', 'EMB_P', 'EMB_P', 'EMB_P', 'EMB_P', 'EMB_P', 'EMB_P', 'EMB_P', 'EMB_P', 'EMB_P', 'EMB_P', 'EMB_P', 'EMB_P', 'EMB_P', 'EMB_P', 'EMB_P', 'EMB_P', 'EMB_P', 'EMB_P', 'EMB_P', 'EMB_P', 'EMB_P', 'EMB_P', 'EMB_P', 'EMB_P', 'EMB_P', 'EMB_P', 'EMB_P', 'EMB_P', 'EMB_P', 'EMB_P', 'EMB_P', 'EMB_P', 'EMB_P', 'EMB_P', 'EMB_P', 'EMB_P', 'EMB_P', 'EMB_P', 'EMB_P', 'EMB_P', 'EMB_P', 'EMB_P', 'EMB_P']","['EMB_O', 'EMB_O', 'EMB_O', 'EMB_O', 'EMB_O', 'EMB_O', 'EMB_O', 'EMB_O', 'EMB_O', 'EMB_O', 'EMB_O', 'EMB_O', 'EMB_O', 'EMB_O', 'EMB_O', 'EMB_O', 'OPN_B', 'OPN_E', 'EMB_O', 'EMB_O', 'EMB_O', 'EMB_O', 'EMB_O', 'EMB_O', 'EMB_O', 'EMB_O', 'EMB_O', 'EMB_O', 'EMB_O', 'EMB_O', 'EMB_O', 'EMB_O', 'EMB_O', 'EMB_O', 'EMB_O', 'EMB_O', 'EMB_O', 'EMB_O', 'EMB_O', 'EMB_O', 'EMB_O', 'EMB_O', 'EMB_O', 'EMB_O', 'EMB_O', 'EMB_O', 'EMB_O', 'EMB_O', 'EMB_O', 'EMB_O', 'EMB_O', 'EMB_O', 'EMB_O', 'EMB_O', 'EMB_O', 'EMB_P', 'EMB_P', 'EMB_P', 'EMB_P', 'EMB_P', 'EMB_P', 'EMB_P', 'EMB_P', 'EMB_P', 'EMB_P', 'EMB_P', 'EMB_P', 'EMB_P', 'EMB_P', 'EMB_P', 'EMB_P', 'EMB_P', 'EMB_P', 'EMB_P', 'EMB_P', 'EMB_P', 'EMB_P', 'EMB_P', 'EMB_P', 'EMB_P', 'EMB_P', 'EMB_P', 'EMB_P', 'EMB_P', 'EMB_P', 'EMB_P', 'EMB_P', 'EMB_P', 'EMB_P', 'EMB_P', 'EMB_P', 'EMB_P', 'EMB_P', 'EMB_P', 'EMB_P', 'EMB_P', 'EMB_P', 'EMB_P', 'EMB_P', 'EMB_P', 'EMB_P', 'EMB_P', 'EMB_P', 'EMB_P', 'EMB_P', 'EMB_P', 'EMB_P', 'EMB_P', 'EMB_P', 'EMB_P', 'EMB_P', 'EMB_P', 'EMB_P', 'EMB_P', 'EMB_P', 'EMB_P', 'EMB_P', 'EMB_P', 'EMB_P', 'EMB_P', 'EMB_P', 'EMB_P', 'EMB_P', 'EMB_P', 'EMB_P', 'EMB_P', 'EMB_P', 'EMB_P']"
269,laptop,actually very good,laptop_quad_dev_234,"most of the laptop is actually very good , but is held back by a 5400 rpm hdd .",7.5,7.75,"['EMB_O', 'EMB_O', 'EMB_O', 'EMB_O', 'ASP_B', 'ASP_E', 'EMB_O', 'EMB_O', 'EMB_O', 'EMB_O', 'EMB_O', 'EMB_O', 'EMB_O', 'EMB_O', 'EMB_O', 'EMB_O', 'EMB_O', 'EMB_O', 'EMB_O', 'EMB_O', 'EMB_O', 'EMB_O', 'EMB_O', 'EMB_O', 'EMB_P', 'EMB_P', 'EMB_P', 'EMB_P', 'EMB_P', 'EMB_P', 'EMB_P', 'EMB_P', 'EMB_P', 'EMB_P', 'EMB_P', 'EMB_P', 'EMB_P', 'EMB_P', 'EMB_P', 'EMB_P', 'EMB_P', 'EMB_P', 'EMB_P', 'EMB_P', 'EMB_P', 'EMB_P', 'EMB_P', 'EMB_P', 'EMB_P', 'EMB_P', 'EMB_P', 'EMB_P', 'EMB_P', 'EMB_P', 'EMB_P', 'EMB_P', 'EMB_P', 'EMB_P', 'EMB_P', 'EMB_P', 'EMB_P', 'EMB_P', 'EMB_P', 'EMB_P', 'EMB_P', 'EMB_P', 'EMB_P', 'EMB_P', 'EMB_P', 'EMB_P', 'EMB_P', 'EMB_P', 'EMB_P', 'EMB_P', 'EMB_P', 'EMB_P', 'EMB_P', 'EMB_P', 'EMB_P', 'EMB_P', 'EMB_P', 'EMB_P', 'EMB_P', 'EMB_P', 'EMB_P', 'EMB_P', 'EMB_P', 'EMB_P', 'EMB_P', 'EMB_P', 'EMB_P', 'EMB_P', 'EMB_P', 'EMB_P', 'EMB_P', 'EMB_P', 'EMB_P', 'EMB_P', 'EMB_P', 'EMB_P', 'EMB_P', 'EMB_P', 'EMB_P', 'EMB_P', 'EMB_P', 'EMB_P', 'EMB_P', 'EMB_P', 'EMB_P', 'EMB_P', 'EMB_P', 'EMB_P', 'EMB_P', 'EMB_P', 'EMB_P', 'EMB_P', 'EMB_P', 'EMB_P', 'EMB_P', 'EMB_P', 'EMB_P', 'EMB_P', 'EMB_P', 'EMB_P', 'EMB_P', 'EMB_P', 'EMB_P', 'EMB_P']","['EMB_O', 'EMB_O', 'EMB_O', 'EMB_O', 'EMB_O', 'EMB_O', 'EMB_O', 'OPN_B', 'OPN_I', 'OPN_E', 'EMB_O', 'EMB_O', 'EMB_O', 'EMB_O', 'EMB_O', 'EMB_O', 'EMB_O', 'EMB_O', 'EMB_O', 'EMB_O', 'EMB_O', 'EMB_O', 'EMB_O', 'EMB_O', 'EMB_P', 'EMB_P', 'EMB_P', 'EMB_P', 'EMB_P', 'EMB_P', 'EMB_P', 'EMB_P', 'EMB_P', 'EMB_P', 'EMB_P', 'EMB_P', 'EMB_P', 'EMB_P', 'EMB_P', 'EMB_P', 'EMB_P', 'EMB_P', 'EMB_P', 'EMB_P', 'EMB_P', 'EMB_P', 'EMB_P', 'EMB_P', 'EMB_P', 'EMB_P', 'EMB_P', 'EMB_P', 'EMB_P', 'EMB_P', 'EMB_P', 'EMB_P', 'EMB_P', 'EMB_P', 'EMB_P', 'EMB_P', 'EMB_P', 'EMB_P', 'EMB_P', 'EMB_P', 'EMB_P', 'EMB_P', 'EMB_P', 'EMB_P', 'EMB_P', 'EMB_P', 'EMB_P', 'EMB_P', 'EMB_P', 'EMB_P', 'EMB_P', 'EMB_P', 'EMB_P', 'EMB_P', 'EMB_P', 'EMB_P', 'EMB_P', 'EMB_P', 'EMB_P', 'EMB_P', 'EMB_P', 'EMB_P', 'EMB_P', 'EMB_P', 'EMB_P', 'EMB_P', 'EMB_P', 'EMB_P', 'EMB_P', 'EMB_P', 'EMB_P', 'EMB_P', 'EMB_P', 'EMB_P', 'EMB_P', 'EMB_P', 'EMB_P', 'EMB_P', 'EMB_P', 'EMB_P', 'EMB_P', 'EMB_P', 'EMB_P', 'EMB_P', 'EMB_P', 'EMB_P', 'EMB_P', 'EMB_P', 'EMB_P', 'EMB_P', 'EMB_P', 'EMB_P', 'EMB_P', 'EMB_P', 'EMB_P', 'EMB_P', 'EMB_P', 'EMB_P', 'EMB_P', 'EMB_P', 'EMB_P', 'EMB_P', 'EMB_P', 'EMB_P']"
270,5400 rpm hdd,NULL,laptop_quad_dev_234,"most of the laptop is actually very good , but is held back by a 5400 rpm hdd .",4.75,5.25,"['EMB_O', 'EMB_O', 'EMB_O', 'EMB_O', 'EMB_O', 'EMB_O', 'EMB_O', 'EMB_O', 'EMB_O', 'EMB_O', 'EMB_O', 'EMB_O', 'EMB_O', 'EMB_O', 'EMB_O', 'EMB_O', 'EMB_O', 'ASP_B', 'ASP_I', 'ASP_I', 'ASP_I', 'ASP_E', 'EMB_O', 'EMB_O', 'EMB_P', 'EMB_P', 'EMB_P', 'EMB_P', 'EMB_P', 'EMB_P', 'EMB_P', 'EMB_P', 'EMB_P', 'EMB_P', 'EMB_P', 'EMB_P', 'EMB_P', 'EMB_P', 'EMB_P', 'EMB_P', 'EMB_P', 'EMB_P', 'EMB_P', 'EMB_P', 'EMB_P', 'EMB_P', 'EMB_P', 'EMB_P', 'EMB_P', 'EMB_P', 'EMB_P', 'EMB_P', 'EMB_P', 'EMB_P', 'EMB_P', 'EMB_P', 'EMB_P', 'EMB_P', 'EMB_P', 'EMB_P', 'EMB_P', 'EMB_P', 'EMB_P', 'EMB_P', 'EMB_P', 'EMB_P', 'EMB_P', 'EMB_P', 'EMB_P', 'EMB_P', 'EMB_P', 'EMB_P', 'EMB_P', 'EMB_P', 'EMB_P', 'EMB_P', 'EMB_P', 'EMB_P', 'EMB_P', 'EMB_P', 'EMB_P', 'EMB_P', 'EMB_P', 'EMB_P', 'EMB_P', 'EMB_P', 'EMB_P', 'EMB_P', 'EMB_P', 'EMB_P', 'EMB_P', 'EMB_P', 'EMB_P', 'EMB_P', 'EMB_P', 'EMB_P', 'EMB_P', 'EMB_P', 'EMB_P', 'EMB_P', 'EMB_P', 'EMB_P', 'EMB_P', 'EMB_P', 'EMB_P', 'EMB_P', 'EMB_P', 'EMB_P', 'EMB_P', 'EMB_P', 'EMB_P', 'EMB_P', 'EMB_P', 'EMB_P', 'EMB_P', 'EMB_P', 'EMB_P', 'EMB_P', 'EMB_P', 'EMB_P', 'EMB_P', 'EMB_P', 'EMB_P', 'EMB_P', 'EMB_P', 'EMB_P', 'EMB_P', 'EMB_P']","['EMB_O', 'EMB_O', 'EMB_O', 'EMB_O', 'EMB_O', 'EMB_O', 'EMB_O', 'EMB_O', 'EMB_O', 'EMB_O', 'EMB_O', 'EMB_O', 'EMB_O', 'EMB_O', 'EMB_O', 'EMB_O', 'EMB_O', 'EMB_O', 'EMB_O', 'EMB_O', 'EMB_O', 'EMB_O', 'EMB_O', 'EMB_O', 'EMB_P', 'EMB_P', 'EMB_P', 'EMB_P', 'EMB_P', 'EMB_P', 'EMB_P', 'EMB_P', 'EMB_P', 'EMB_P', 'EMB_P', 'EMB_P', 'EMB_P', 'EMB_P', 'EMB_P', 'EMB_P', 'EMB_P', 'EMB_P', 'EMB_P', 'EMB_P', 'EMB_P', 'EMB_P', 'EMB_P', 'EMB_P', 'EMB_P', 'EMB_P', 'EMB_P', 'EMB_P', 'EMB_P', 'EMB_P', 'EMB_P', 'EMB_P', 'EMB_P', 'EMB_P', 'EMB_P', 'EMB_P', 'EMB_P', 'EMB_P', 'EMB_P', 'EMB_P', 'EMB_P', 'EMB_P', 'EMB_P', 'EMB_P', 'EMB_P', 'EMB_P', 'EMB_P', 'EMB_P', 'EMB_P', 'EMB_P', 'EMB_P', 'EMB_P', 'EMB_P', 'EMB_P', 'EMB_P', 'EMB_P', 'EMB_P', 'EMB_P', 'EMB_P', 'EMB_P', 'EMB_P', 'EMB_P', 'EMB_P', 'EMB_P', 'EMB_P', 'EMB_P', 'EMB_P', 'EMB_P', 'EMB_P', 'EMB_P', 'EMB_P', 'EMB_P', 'EMB_P', 'EMB_P', 'EMB_P', 'EMB_P', 'EMB_P', 'EMB_P', 'EMB_P', 'EMB_P', 'EMB_P', 'EMB_P', 'EMB_P', 'EMB_P', 'EMB_P', 'EMB_P', 'EMB_P', 'EMB_P', 'EMB_P', 'EMB_P', 'EMB_P', 'EMB_P', 'EMB_P', 'EMB_P', 'EMB_P', 'EMB_P', 'EMB_P', 'EMB_P', 'EMB_P', 'EMB_P', 'EMB_P', 'EMB_P', 'EMB_P', 'EMB_P']"
271,components,actually very good,laptop_quad_dev_235,other than that its components are actually very good .,7.5,7.17,"['EMB_O', 'EMB_O', 'EMB_O', 'EMB_O', 'EMB_O', 'ASP_S', 'EMB_O', 'EMB_O', 'EMB_O', 'EMB_O', 'EMB_O', 'EMB_O', 'EMB_P', 'EMB_P', 'EMB_P', 'EMB_P', 'EMB_P', 'EMB_P', 'EMB_P', 'EMB_P', 'EMB_P', 'EMB_P', 'EMB_P', 'EMB_P', 'EMB_P', 'EMB_P', 'EMB_P', 'EMB_P', 'EMB_P', 'EMB_P', 'EMB_P', 'EMB_P', 'EMB_P', 'EMB_P', 'EMB_P', 'EMB_P', 'EMB_P', 'EMB_P', 'EMB_P', 'EMB_P', 'EMB_P', 'EMB_P', 'EMB_P', 'EMB_P', 'EMB_P', 'EMB_P', 'EMB_P', 'EMB_P', 'EMB_P', 'EMB_P', 'EMB_P', 'EMB_P', 'EMB_P', 'EMB_P', 'EMB_P', 'EMB_P', 'EMB_P', 'EMB_P', 'EMB_P', 'EMB_P', 'EMB_P', 'EMB_P', 'EMB_P', 'EMB_P', 'EMB_P', 'EMB_P', 'EMB_P', 'EMB_P', 'EMB_P', 'EMB_P', 'EMB_P', 'EMB_P', 'EMB_P', 'EMB_P', 'EMB_P', 'EMB_P', 'EMB_P', 'EMB_P', 'EMB_P', 'EMB_P', 'EMB_P', 'EMB_P', 'EMB_P', 'EMB_P', 'EMB_P', 'EMB_P', 'EMB_P', 'EMB_P', 'EMB_P', 'EMB_P', 'EMB_P', 'EMB_P', 'EMB_P', 'EMB_P', 'EMB_P', 'EMB_P', 'EMB_P', 'EMB_P', 'EMB_P', 'EMB_P', 'EMB_P', 'EMB_P', 'EMB_P', 'EMB_P', 'EMB_P', 'EMB_P', 'EMB_P', 'EMB_P', 'EMB_P', 'EMB_P', 'EMB_P', 'EMB_P', 'EMB_P', 'EMB_P', 'EMB_P', 'EMB_P', 'EMB_P', 'EMB_P', 'EMB_P', 'EMB_P', 'EMB_P', 'EMB_P', 'EMB_P', 'EMB_P', 'EMB_P', 'EMB_P', 'EMB_P', 'EMB_P']","['EMB_O', 'EMB_O', 'EMB_O', 'EMB_O', 'EMB_O', 'EMB_O', 'EMB_O', 'OPN_B', 'OPN_I', 'OPN_E', 'EMB_O', 'EMB_O', 'EMB_P', 'EMB_P', 'EMB_P', 'EMB_P', 'EMB_P', 'EMB_P', 'EMB_P', 'EMB_P', 'EMB_P', 'EMB_P', 'EMB_P', 'EMB_P', 'EMB_P', 'EMB_P', 'EMB_P', 'EMB_P', 'EMB_P', 'EMB_P', 'EMB_P', 'EMB_P', 'EMB_P', 'EMB_P', 'EMB_P', 'EMB_P', 'EMB_P', 'EMB_P', 'EMB_P', 'EMB_P', 'EMB_P', 'EMB_P', 'EMB_P', 'EMB_P', 'EMB_P', 'EMB_P', 'EMB_P', 'EMB_P', 'EMB_P', 'EMB_P', 'EMB_P', 'EMB_P', 'EMB_P', 'EMB_P', 'EMB_P', 'EMB_P', 'EMB_P', 'EMB_P', 'EMB_P', 'EMB_P', 'EMB_P', 'EMB_P', 'EMB_P', 'EMB_P', 'EMB_P', 'EMB_P', 'EMB_P', 'EMB_P', 'EMB_P', 'EMB_P', 'EMB_P', 'EMB_P', 'EMB_P', 'EMB_P', 'EMB_P', 'EMB_P', 'EMB_P', 'EMB_P', 'EMB_P', 'EMB_P', 'EMB_P', 'EMB_P', 'EMB_P', 'EMB_P', 'EMB_P', 'EMB_P', 'EMB_P', 'EMB_P', 'EMB_P', 'EMB_P', 'EMB_P', 'EMB_P', 'EMB_P', 'EMB_P', 'EMB_P', 'EMB_P', 'EMB_P', 'EMB_P', 'EMB_P', 'EMB_P', 'EMB_P', 'EMB_P', 'EMB_P', 'EMB_P', 'EMB_P', 'EMB_P', 'EMB_P', 'EMB_P', 'EMB_P', 'EMB_P', 'EMB_P', 'EMB_P', 'EMB_P', 'EMB_P', 'EMB_P', 'EMB_P', 'EMB_P', 'EMB_P', 'EMB_P', 'EMB_P', 'EMB_P', 'EMB_P', 'EMB_P', 'EMB_P', 'EMB_P', 'EMB_P', 'EMB_P', 'EMB_P']"
272,amazon seller,disadvantage,laptop_quad_dev_236,"disadvantage of amazon seller , it was delivered to my usps not my home .",3.5,6.33,"['EMB_O', 'EMB_O', 'EMB_O', 'EMB_O', 'EMB_O', 'EMB_O', 'ASP_B', 'ASP_I', 'ASP_I', 'ASP_E', 'EMB_O', 'EMB_O', 'EMB_O', 'EMB_O', 'EMB_O', 'EMB_O', 'EMB_O', 'EMB_O', 'EMB_O', 'EMB_O', 'EMB_O', 'EMB_O', 'EMB_O', 'EMB_P', 'EMB_P', 'EMB_P', 'EMB_P', 'EMB_P', 'EMB_P', 'EMB_P', 'EMB_P', 'EMB_P', 'EMB_P', 'EMB_P', 'EMB_P', 'EMB_P', 'EMB_P', 'EMB_P', 'EMB_P', 'EMB_P', 'EMB_P', 'EMB_P', 'EMB_P', 'EMB_P', 'EMB_P', 'EMB_P', 'EMB_P', 'EMB_P', 'EMB_P', 'EMB_P', 'EMB_P', 'EMB_P', 'EMB_P', 'EMB_P', 'EMB_P', 'EMB_P', 'EMB_P', 'EMB_P', 'EMB_P', 'EMB_P', 'EMB_P', 'EMB_P', 'EMB_P', 'EMB_P', 'EMB_P', 'EMB_P', 'EMB_P', 'EMB_P', 'EMB_P', 'EMB_P', 'EMB_P', 'EMB_P', 'EMB_P', 'EMB_P', 'EMB_P', 'EMB_P', 'EMB_P', 'EMB_P', 'EMB_P', 'EMB_P', 'EMB_P', 'EMB_P', 'EMB_P', 'EMB_P', 'EMB_P', 'EMB_P', 'EMB_P', 'EMB_P', 'EMB_P', 'EMB_P', 'EMB_P', 'EMB_P', 'EMB_P', 'EMB_P', 'EMB_P', 'EMB_P', 'EMB_P', 'EMB_P', 'EMB_P', 'EMB_P', 'EMB_P', 'EMB_P', 'EMB_P', 'EMB_P', 'EMB_P', 'EMB_P', 'EMB_P', 'EMB_P', 'EMB_P', 'EMB_P', 'EMB_P', 'EMB_P', 'EMB_P', 'EMB_P', 'EMB_P', 'EMB_P', 'EMB_P', 'EMB_P', 'EMB_P', 'EMB_P', 'EMB_P', 'EMB_P', 'EMB_P', 'EMB_P', 'EMB_P', 'EMB_P', 'EMB_P', 'EMB_P']","['EMB_O', 'OPN_B', 'OPN_I', 'OPN_I', 'OPN_E', 'EMB_O', 'EMB_O', 'EMB_O', 'EMB_O', 'EMB_O', 'EMB_O', 'EMB_O', 'EMB_O', 'EMB_O', 'EMB_O', 'EMB_O', 'EMB_O', 'EMB_O', 'EMB_O', 'EMB_O', 'EMB_O', 'EMB_O', 'EMB_O', 'EMB_P', 'EMB_P', 'EMB_P', 'EMB_P', 'EMB_P', 'EMB_P', 'EMB_P', 'EMB_P', 'EMB_P', 'EMB_P', 'EMB_P', 'EMB_P', 'EMB_P', 'EMB_P', 'EMB_P', 'EMB_P', 'EMB_P', 'EMB_P', 'EMB_P', 'EMB_P', 'EMB_P', 'EMB_P', 'EMB_P', 'EMB_P', 'EMB_P', 'EMB_P', 'EMB_P', 'EMB_P', 'EMB_P', 'EMB_P', 'EMB_P', 'EMB_P', 'EMB_P', 'EMB_P', 'EMB_P', 'EMB_P', 'EMB_P', 'EMB_P', 'EMB_P', 'EMB_P', 'EMB_P', 'EMB_P', 'EMB_P', 'EMB_P', 'EMB_P', 'EMB_P', 'EMB_P', 'EMB_P', 'EMB_P', 'EMB_P', 'EMB_P', 'EMB_P', 'EMB_P', 'EMB_P', 'EMB_P', 'EMB_P', 'EMB_P', 'EMB_P', 'EMB_P', 'EMB_P', 'EMB_P', 'EMB_P', 'EMB_P', 'EMB_P', 'EMB_P', 'EMB_P', 'EMB_P', 'EMB_P', 'EMB_P', 'EMB_P', 'EMB_P', 'EMB_P', 'EMB_P', 'EMB_P', 'EMB_P', 'EMB_P', 'EMB_P', 'EMB_P', 'EMB_P', 'EMB_P', 'EMB_P', 'EMB_P', 'EMB_P', 'EMB_P', 'EMB_P', 'EMB_P', 'EMB_P', 'EMB_P', 'EMB_P', 'EMB_P', 'EMB_P', 'EMB_P', 'EMB_P', 'EMB_P', 'EMB_P', 'EMB_P', 'EMB_P', 'EMB_P', 'EMB_P', 'EMB_P', 'EMB_P', 'EMB_P', 'EMB_P', 'EMB_P', 'EMB_P']"
273,screen,amazing,laptop_quad_dev_237,"the screen looks amazing , ips it seems .",8.12,8.12,"['EMB_O', 'EMB_O', 'ASP_S', 'EMB_O', 'EMB_O', 'EMB_O', 'EMB_O', 'EMB_O', 'EMB_O', 'EMB_O', 'EMB_O', 'EMB_O', 'EMB_O', 'EMB_P', 'EMB_P', 'EMB_P', 'EMB_P', 'EMB_P', 'EMB_P', 'EMB_P', 'EMB_P', 'EMB_P', 'EMB_P', 'EMB_P', 'EMB_P', 'EMB_P', 'EMB_P', 'EMB_P', 'EMB_P', 'EMB_P', 'EMB_P', 'EMB_P', 'EMB_P', 'EMB_P', 'EMB_P', 'EMB_P', 'EMB_P', 'EMB_P', 'EMB_P', 'EMB_P', 'EMB_P', 'EMB_P', 'EMB_P', 'EMB_P', 'EMB_P', 'EMB_P', 'EMB_P', 'EMB_P', 'EMB_P', 'EMB_P', 'EMB_P', 'EMB_P', 'EMB_P', 'EMB_P', 'EMB_P', 'EMB_P', 'EMB_P', 'EMB_P', 'EMB_P', 'EMB_P', 'EMB_P', 'EMB_P', 'EMB_P', 'EMB_P', 'EMB_P', 'EMB_P', 'EMB_P', 'EMB_P', 'EMB_P', 'EMB_P', 'EMB_P', 'EMB_P', 'EMB_P', 'EMB_P', 'EMB_P', 'EMB_P', 'EMB_P', 'EMB_P', 'EMB_P', 'EMB_P', 'EMB_P', 'EMB_P', 'EMB_P', 'EMB_P', 'EMB_P', 'EMB_P', 'EMB_P', 'EMB_P', 'EMB_P', 'EMB_P', 'EMB_P', 'EMB_P', 'EMB_P', 'EMB_P', 'EMB_P', 'EMB_P', 'EMB_P', 'EMB_P', 'EMB_P', 'EMB_P', 'EMB_P', 'EMB_P', 'EMB_P', 'EMB_P', 'EMB_P', 'EMB_P', 'EMB_P', 'EMB_P', 'EMB_P', 'EMB_P', 'EMB_P', 'EMB_P', 'EMB_P', 'EMB_P', 'EMB_P', 'EMB_P', 'EMB_P', 'EMB_P', 'EMB_P', 'EMB_P', 'EMB_P', 'EMB_P', 'EMB_P', 'EMB_P', 'EMB_P', 'EMB_P', 'EMB_P', 'EMB_P']","['EMB_O', 'EMB_O', 'EMB_O', 'EMB_O', 'OPN_B', 'OPN_E', 'EMB_O', 'EMB_O', 'EMB_O', 'EMB_O', 'EMB_O', 'EMB_O', 'EMB_O', 'EMB_P', 'EMB_P', 'EMB_P', 'EMB_P', 'EMB_P', 'EMB_P', 'EMB_P', 'EMB_P', 'EMB_P', 'EMB_P', 'EMB_P', 'EMB_P', 'EMB_P', 'EMB_P', 'EMB_P', 'EMB_P', 'EMB_P', 'EMB_P', 'EMB_P', 'EMB_P', 'EMB_P', 'EMB_P', 'EMB_P', 'EMB_P', 'EMB_P', 'EMB_P', 'EMB_P', 'EMB_P', 'EMB_P', 'EMB_P', 'EMB_P', 'EMB_P', 'EMB_P', 'EMB_P', 'EMB_P', 'EMB_P', 'EMB_P', 'EMB_P', 'EMB_P', 'EMB_P', 'EMB_P', 'EMB_P', 'EMB_P', 'EMB_P', 'EMB_P', 'EMB_P', 'EMB_P', 'EMB_P', 'EMB_P', 'EMB_P', 'EMB_P', 'EMB_P', 'EMB_P', 'EMB_P', 'EMB_P', 'EMB_P', 'EMB_P', 'EMB_P', 'EMB_P', 'EMB_P', 'EMB_P', 'EMB_P', 'EMB_P', 'EMB_P', 'EMB_P', 'EMB_P', 'EMB_P', 'EMB_P', 'EMB_P', 'EMB_P', 'EMB_P', 'EMB_P', 'EMB_P', 'EMB_P', 'EMB_P', 'EMB_P', 'EMB_P', 'EMB_P', 'EMB_P', 'EMB_P', 'EMB_P', 'EMB_P', 'EMB_P', 'EMB_P', 'EMB_P', 'EMB_P', 'EMB_P', 'EMB_P', 'EMB_P', 'EMB_P', 'EMB_P', 'EMB_P', 'EMB_P', 'EMB_P', 'EMB_P', 'EMB_P', 'EMB_P', 'EMB_P', 'EMB_P', 'EMB_P', 'EMB_P', 'EMB_P', 'EMB_P', 'EMB_P', 'EMB_P', 'EMB_P', 'EMB_P', 'EMB_P', 'EMB_P', 'EMB_P', 'EMB_P', 'EMB_P', 'EMB_P', 'EMB_P', 'EMB_P']"
274,laptop,loving,laptop_quad_dev_238,loving the laptop .,7.62,7.75,"['EMB_O', 'EMB_O', 'EMB_O', 'EMB_O', 'ASP_B', 'ASP_E', 'EMB_O', 'EMB_O', 'EMB_P', 'EMB_P', 'EMB_P', 'EMB_P', 'EMB_P', 'EMB_P', 'EMB_P', 'EMB_P', 'EMB_P', 'EMB_P', 'EMB_P', 'EMB_P', 'EMB_P', 'EMB_P', 'EMB_P', 'EMB_P', 'EMB_P', 'EMB_P', 'EMB_P', 'EMB_P', 'EMB_P', 'EMB_P', 'EMB_P', 'EMB_P', 'EMB_P', 'EMB_P', 'EMB_P', 'EMB_P', 'EMB_P', 'EMB_P', 'EMB_P', 'EMB_P', 'EMB_P', 'EMB_P', 'EMB_P', 'EMB_P', 'EMB_P', 'EMB_P', 'EMB_P', 'EMB_P', 'EMB_P', 'EMB_P', 'EMB_P', 'EMB_P', 'EMB_P', 'EMB_P', 'EMB_P', 'EMB_P', 'EMB_P', 'EMB_P', 'EMB_P', 'EMB_P', 'EMB_P', 'EMB_P', 'EMB_P', 'EMB_P', 'EMB_P', 'EMB_P', 'EMB_P', 'EMB_P', 'EMB_P', 'EMB_P', 'EMB_P', 'EMB_P', 'EMB_P', 'EMB_P', 'EMB_P', 'EMB_P', 'EMB_P', 'EMB_P', 'EMB_P', 'EMB_P', 'EMB_P', 'EMB_P', 'EMB_P', 'EMB_P', 'EMB_P', 'EMB_P', 'EMB_P', 'EMB_P', 'EMB_P', 'EMB_P', 'EMB_P', 'EMB_P', 'EMB_P', 'EMB_P', 'EMB_P', 'EMB_P', 'EMB_P', 'EMB_P', 'EMB_P', 'EMB_P', 'EMB_P', 'EMB_P', 'EMB_P', 'EMB_P', 'EMB_P', 'EMB_P', 'EMB_P', 'EMB_P', 'EMB_P', 'EMB_P', 'EMB_P', 'EMB_P', 'EMB_P', 'EMB_P', 'EMB_P', 'EMB_P', 'EMB_P', 'EMB_P', 'EMB_P', 'EMB_P', 'EMB_P', 'EMB_P', 'EMB_P', 'EMB_P', 'EMB_P', 'EMB_P', 'EMB_P', 'EMB_P']","['EMB_O', 'OPN_B', 'OPN_E', 'EMB_O', 'EMB_O', 'EMB_O', 'EMB_O', 'EMB_O', 'EMB_P', 'EMB_P', 'EMB_P', 'EMB_P', 'EMB_P', 'EMB_P', 'EMB_P', 'EMB_P', 'EMB_P', 'EMB_P', 'EMB_P', 'EMB_P', 'EMB_P', 'EMB_P', 'EMB_P', 'EMB_P', 'EMB_P', 'EMB_P', 'EMB_P', 'EMB_P', 'EMB_P', 'EMB_P', 'EMB_P', 'EMB_P', 'EMB_P', 'EMB_P', 'EMB_P', 'EMB_P', 'EMB_P', 'EMB_P', 'EMB_P', 'EMB_P', 'EMB_P', 'EMB_P', 'EMB_P', 'EMB_P', 'EMB_P', 'EMB_P', 'EMB_P', 'EMB_P', 'EMB_P', 'EMB_P', 'EMB_P', 'EMB_P', 'EMB_P', 'EMB_P', 'EMB_P', 'EMB_P', 'EMB_P', 'EMB_P', 'EMB_P', 'EMB_P', 'EMB_P', 'EMB_P', 'EMB_P', 'EMB_P', 'EMB_P', 'EMB_P', 'EMB_P', 'EMB_P', 'EMB_P', 'EMB_P', 'EMB_P', 'EMB_P', 'EMB_P', 'EMB_P', 'EMB_P', 'EMB_P', 'EMB_P', 'EMB_P', 'EMB_P', 'EMB_P', 'EMB_P', 'EMB_P', 'EMB_P', 'EMB_P', 'EMB_P', 'EMB_P', 'EMB_P', 'EMB_P', 'EMB_P', 'EMB_P', 'EMB_P', 'EMB_P', 'EMB_P', 'EMB_P', 'EMB_P', 'EMB_P', 'EMB_P', 'EMB_P', 'EMB_P', 'EMB_P', 'EMB_P', 'EMB_P', 'EMB_P', 'EMB_P', 'EMB_P', 'EMB_P', 'EMB_P', 'EMB_P', 'EMB_P', 'EMB_P', 'EMB_P', 'EMB_P', 'EMB_P', 'EMB_P', 'EMB_P', 'EMB_P', 'EMB_P', 'EMB_P', 'EMB_P', 'EMB_P', 'EMB_P', 'EMB_P', 'EMB_P', 'EMB_P', 'EMB_P', 'EMB_P', 'EMB_P', 'EMB_P']"
275,NULL,light,laptop_quad_dev_239,"it ' s light weight , sleek , the screen resolution is great and it runs very well for everyday use .",7.17,7.33,"['EMB_O', 'EMB_O', 'EMB_O', 'EMB_O', 'EMB_O', 'EMB_O', 'EMB_O', 'EMB_O', 'EMB_O', 'EMB_O', 'EMB_O', 'EMB_O', 'EMB_O', 'EMB_O', 'EMB_O', 'EMB_O', 'EMB_O', 'EMB_O', 'EMB_O', 'EMB_O', 'EMB_O', 'EMB_O', 'EMB_O', 'EMB_O', 'EMB_O', 'EMB_O', 'EMB_P', 'EMB_P', 'EMB_P', 'EMB_P', 'EMB_P', 'EMB_P', 'EMB_P', 'EMB_P', 'EMB_P', 'EMB_P', 'EMB_P', 'EMB_P', 'EMB_P', 'EMB_P', 'EMB_P', 'EMB_P', 'EMB_P', 'EMB_P', 'EMB_P', 'EMB_P', 'EMB_P', 'EMB_P', 'EMB_P', 'EMB_P', 'EMB_P', 'EMB_P', 'EMB_P', 'EMB_P', 'EMB_P', 'EMB_P', 'EMB_P', 'EMB_P', 'EMB_P', 'EMB_P', 'EMB_P', 'EMB_P', 'EMB_P', 'EMB_P', 'EMB_P', 'EMB_P', 'EMB_P', 'EMB_P', 'EMB_P', 'EMB_P', 'EMB_P', 'EMB_P', 'EMB_P', 'EMB_P', 'EMB_P', 'EMB_P', 'EMB_P', 'EMB_P', 'EMB_P', 'EMB_P', 'EMB_P', 'EMB_P', 'EMB_P', 'EMB_P', 'EMB_P', 'EMB_P', 'EMB_P', 'EMB_P', 'EMB_P', 'EMB_P', 'EMB_P', 'EMB_P', 'EMB_P', 'EMB_P', 'EMB_P', 'EMB_P', 'EMB_P', 'EMB_P', 'EMB_P', 'EMB_P', 'EMB_P', 'EMB_P', 'EMB_P', 'EMB_P', 'EMB_P', 'EMB_P', 'EMB_P', 'EMB_P', 'EMB_P', 'EMB_P', 'EMB_P', 'EMB_P', 'EMB_P', 'EMB_P', 'EMB_P', 'EMB_P', 'EMB_P', 'EMB_P', 'EMB_P', 'EMB_P', 'EMB_P', 'EMB_P', 'EMB_P', 'EMB_P', 'EMB_P', 'EMB_P', 'EMB_P', 'EMB_P']","['EMB_O', 'EMB_O', 'EMB_O', 'EMB_O', 'OPN_S', 'EMB_O', 'EMB_O', 'EMB_O', 'EMB_O', 'EMB_O', 'EMB_O', 'EMB_O', 'EMB_O', 'EMB_O', 'EMB_O', 'EMB_O', 'EMB_O', 'EMB_O', 'EMB_O', 'EMB_O', 'EMB_O', 'EMB_O', 'EMB_O', 'EMB_O', 'EMB_O', 'EMB_O', 'EMB_P', 'EMB_P', 'EMB_P', 'EMB_P', 'EMB_P', 'EMB_P', 'EMB_P', 'EMB_P', 'EMB_P', 'EMB_P', 'EMB_P', 'EMB_P', 'EMB_P', 'EMB_P', 'EMB_P', 'EMB_P', 'EMB_P', 'EMB_P', 'EMB_P', 'EMB_P', 'EMB_P', 'EMB_P', 'EMB_P', 'EMB_P', 'EMB_P', 'EMB_P', 'EMB_P', 'EMB_P', 'EMB_P', 'EMB_P', 'EMB_P', 'EMB_P', 'EMB_P', 'EMB_P', 'EMB_P', 'EMB_P', 'EMB_P', 'EMB_P', 'EMB_P', 'EMB_P', 'EMB_P', 'EMB_P', 'EMB_P', 'EMB_P', 'EMB_P', 'EMB_P', 'EMB_P', 'EMB_P', 'EMB_P', 'EMB_P', 'EMB_P', 'EMB_P', 'EMB_P', 'EMB_P', 'EMB_P', 'EMB_P', 'EMB_P', 'EMB_P', 'EMB_P', 'EMB_P', 'EMB_P', 'EMB_P', 'EMB_P', 'EMB_P', 'EMB_P', 'EMB_P', 'EMB_P', 'EMB_P', 'EMB_P', 'EMB_P', 'EMB_P', 'EMB_P', 'EMB_P', 'EMB_P', 'EMB_P', 'EMB_P', 'EMB_P', 'EMB_P', 'EMB_P', 'EMB_P', 'EMB_P', 'EMB_P', 'EMB_P', 'EMB_P', 'EMB_P', 'EMB_P', 'EMB_P', 'EMB_P', 'EMB_P', 'EMB_P', 'EMB_P', 'EMB_P', 'EMB_P', 'EMB_P', 'EMB_P', 'EMB_P', 'EMB_P', 'EMB_P', 'EMB_P', 'EMB_P', 'EMB_P', 'EMB_P']"
276,screen resolution,great,laptop_quad_dev_239,"it ' s light weight , sleek , the screen resolution is great and it runs very well for everyday use .",7.67,7.67,"['EMB_O', 'EMB_O', 'EMB_O', 'EMB_O', 'EMB_O', 'EMB_O', 'EMB_O', 'EMB_O', 'EMB_O', 'EMB_O', 'EMB_O', 'ASP_B', 'ASP_E', 'EMB_O', 'EMB_O', 'EMB_O', 'EMB_O', 'EMB_O', 'EMB_O', 'EMB_O', 'EMB_O', 'EMB_O', 'EMB_O', 'EMB_O', 'EMB_O', 'EMB_O', 'EMB_P', 'EMB_P', 'EMB_P', 'EMB_P', 'EMB_P', 'EMB_P', 'EMB_P', 'EMB_P', 'EMB_P', 'EMB_P', 'EMB_P', 'EMB_P', 'EMB_P', 'EMB_P', 'EMB_P', 'EMB_P', 'EMB_P', 'EMB_P', 'EMB_P', 'EMB_P', 'EMB_P', 'EMB_P', 'EMB_P', 'EMB_P', 'EMB_P', 'EMB_P', 'EMB_P', 'EMB_P', 'EMB_P', 'EMB_P', 'EMB_P', 'EMB_P', 'EMB_P', 'EMB_P', 'EMB_P', 'EMB_P', 'EMB_P', 'EMB_P', 'EMB_P', 'EMB_P', 'EMB_P', 'EMB_P', 'EMB_P', 'EMB_P', 'EMB_P', 'EMB_P', 'EMB_P', 'EMB_P', 'EMB_P', 'EMB_P', 'EMB_P', 'EMB_P', 'EMB_P', 'EMB_P', 'EMB_P', 'EMB_P', 'EMB_P', 'EMB_P', 'EMB_P', 'EMB_P', 'EMB_P', 'EMB_P', 'EMB_P', 'EMB_P', 'EMB_P', 'EMB_P', 'EMB_P', 'EMB_P', 'EMB_P', 'EMB_P', 'EMB_P', 'EMB_P', 'EMB_P', 'EMB_P', 'EMB_P', 'EMB_P', 'EMB_P', 'EMB_P', 'EMB_P', 'EMB_P', 'EMB_P', 'EMB_P', 'EMB_P', 'EMB_P', 'EMB_P', 'EMB_P', 'EMB_P', 'EMB_P', 'EMB_P', 'EMB_P', 'EMB_P', 'EMB_P', 'EMB_P', 'EMB_P', 'EMB_P', 'EMB_P', 'EMB_P', 'EMB_P', 'EMB_P', 'EMB_P', 'EMB_P', 'EMB_P']","['EMB_O', 'EMB_O', 'EMB_O', 'EMB_O', 'EMB_O', 'EMB_O', 'EMB_O', 'EMB_O', 'EMB_O', 'EMB_O', 'EMB_O', 'EMB_O', 'EMB_O', 'EMB_O', 'OPN_S', 'EMB_O', 'EMB_O', 'EMB_O', 'EMB_O', 'EMB_O', 'EMB_O', 'EMB_O', 'EMB_O', 'EMB_O', 'EMB_O', 'EMB_O', 'EMB_P', 'EMB_P', 'EMB_P', 'EMB_P', 'EMB_P', 'EMB_P', 'EMB_P', 'EMB_P', 'EMB_P', 'EMB_P', 'EMB_P', 'EMB_P', 'EMB_P', 'EMB_P', 'EMB_P', 'EMB_P', 'EMB_P', 'EMB_P', 'EMB_P', 'EMB_P', 'EMB_P', 'EMB_P', 'EMB_P', 'EMB_P', 'EMB_P', 'EMB_P', 'EMB_P', 'EMB_P', 'EMB_P', 'EMB_P', 'EMB_P', 'EMB_P', 'EMB_P', 'EMB_P', 'EMB_P', 'EMB_P', 'EMB_P', 'EMB_P', 'EMB_P', 'EMB_P', 'EMB_P', 'EMB_P', 'EMB_P', 'EMB_P', 'EMB_P', 'EMB_P', 'EMB_P', 'EMB_P', 'EMB_P', 'EMB_P', 'EMB_P', 'EMB_P', 'EMB_P', 'EMB_P', 'EMB_P', 'EMB_P', 'EMB_P', 'EMB_P', 'EMB_P', 'EMB_P', 'EMB_P', 'EMB_P', 'EMB_P', 'EMB_P', 'EMB_P', 'EMB_P', 'EMB_P', 'EMB_P', 'EMB_P', 'EMB_P', 'EMB_P', 'EMB_P', 'EMB_P', 'EMB_P', 'EMB_P', 'EMB_P', 'EMB_P', 'EMB_P', 'EMB_P', 'EMB_P', 'EMB_P', 'EMB_P', 'EMB_P', 'EMB_P', 'EMB_P', 'EMB_P', 'EMB_P', 'EMB_P', 'EMB_P', 'EMB_P', 'EMB_P', 'EMB_P', 'EMB_P', 'EMB_P', 'EMB_P', 'EMB_P', 'EMB_P', 'EMB_P', 'EMB_P', 'EMB_P', 'EMB_P', 'EMB_P']"
277,NULL,very fast,laptop_quad_dev_240,it charges very fast ; from near dead to full in less than an hour .,7.38,7.38,"['EMB_O', 'EMB_O', 'EMB_O', 'EMB_O', 'EMB_O', 'EMB_O', 'EMB_O', 'EMB_O', 'EMB_O', 'EMB_O', 'EMB_O', 'EMB_O', 'EMB_O', 'EMB_O', 'EMB_O', 'EMB_O', 'EMB_O', 'EMB_O', 'EMB_P', 'EMB_P', 'EMB_P', 'EMB_P', 'EMB_P', 'EMB_P', 'EMB_P', 'EMB_P', 'EMB_P', 'EMB_P', 'EMB_P', 'EMB_P', 'EMB_P', 'EMB_P', 'EMB_P', 'EMB_P', 'EMB_P', 'EMB_P', 'EMB_P', 'EMB_P', 'EMB_P', 'EMB_P', 'EMB_P', 'EMB_P', 'EMB_P', 'EMB_P', 'EMB_P', 'EMB_P', 'EMB_P', 'EMB_P', 'EMB_P', 'EMB_P', 'EMB_P', 'EMB_P', 'EMB_P', 'EMB_P', 'EMB_P', 'EMB_P', 'EMB_P', 'EMB_P', 'EMB_P', 'EMB_P', 'EMB_P', 'EMB_P', 'EMB_P', 'EMB_P', 'EMB_P', 'EMB_P', 'EMB_P', 'EMB_P', 'EMB_P', 'EMB_P', 'EMB_P', 'EMB_P', 'EMB_P', 'EMB_P', 'EMB_P', 'EMB_P', 'EMB_P', 'EMB_P', 'EMB_P', 'EMB_P', 'EMB_P', 'EMB_P', 'EMB_P', 'EMB_P', 'EMB_P', 'EMB_P', 'EMB_P', 'EMB_P', 'EMB_P', 'EMB_P', 'EMB_P', 'EMB_P', 'EMB_P', 'EMB_P', 'EMB_P', 'EMB_P', 'EMB_P', 'EMB_P', 'EMB_P', 'EMB_P', 'EMB_P', 'EMB_P', 'EMB_P', 'EMB_P', 'EMB_P', 'EMB_P', 'EMB_P', 'EMB_P', 'EMB_P', 'EMB_P', 'EMB_P', 'EMB_P', 'EMB_P', 'EMB_P', 'EMB_P', 'EMB_P', 'EMB_P', 'EMB_P', 'EMB_P', 'EMB_P', 'EMB_P', 'EMB_P', 'EMB_P', 'EMB_P', 'EMB_P', 'EMB_P', 'EMB_P', 'EMB_P']","['EMB_O', 'EMB_O', 'EMB_O', 'OPN_B', 'OPN_E', 'EMB_O', 'EMB_O', 'EMB_O', 'EMB_O', 'EMB_O', 'EMB_O', 'EMB_O', 'EMB_O', 'EMB_O', 'EMB_O', 'EMB_O', 'EMB_O', 'EMB_O', 'EMB_P', 'EMB_P', 'EMB_P', 'EMB_P', 'EMB_P', 'EMB_P', 'EMB_P', 'EMB_P', 'EMB_P', 'EMB_P', 'EMB_P', 'EMB_P', 'EMB_P', 'EMB_P', 'EMB_P', 'EMB_P', 'EMB_P', 'EMB_P', 'EMB_P', 'EMB_P', 'EMB_P', 'EMB_P', 'EMB_P', 'EMB_P', 'EMB_P', 'EMB_P', 'EMB_P', 'EMB_P', 'EMB_P', 'EMB_P', 'EMB_P', 'EMB_P', 'EMB_P', 'EMB_P', 'EMB_P', 'EMB_P', 'EMB_P', 'EMB_P', 'EMB_P', 'EMB_P', 'EMB_P', 'EMB_P', 'EMB_P', 'EMB_P', 'EMB_P', 'EMB_P', 'EMB_P', 'EMB_P', 'EMB_P', 'EMB_P', 'EMB_P', 'EMB_P', 'EMB_P', 'EMB_P', 'EMB_P', 'EMB_P', 'EMB_P', 'EMB_P', 'EMB_P', 'EMB_P', 'EMB_P', 'EMB_P', 'EMB_P', 'EMB_P', 'EMB_P', 'EMB_P', 'EMB_P', 'EMB_P', 'EMB_P', 'EMB_P', 'EMB_P', 'EMB_P', 'EMB_P', 'EMB_P', 'EMB_P', 'EMB_P', 'EMB_P', 'EMB_P', 'EMB_P', 'EMB_P', 'EMB_P', 'EMB_P', 'EMB_P', 'EMB_P', 'EMB_P', 'EMB_P', 'EMB_P', 'EMB_P', 'EMB_P', 'EMB_P', 'EMB_P', 'EMB_P', 'EMB_P', 'EMB_P', 'EMB_P', 'EMB_P', 'EMB_P', 'EMB_P', 'EMB_P', 'EMB_P', 'EMB_P', 'EMB_P', 'EMB_P', 'EMB_P', 'EMB_P', 'EMB_P', 'EMB_P', 'EMB_P', 'EMB_P', 'EMB_P']"
278,laptop,simply amazing,laptop_quad_dev_241,i got this laptop for school and it is simply amazing .,8.25,8.0,"['EMB_O', 'EMB_O', 'EMB_O', 'EMB_O', 'ASP_B', 'ASP_E', 'EMB_O', 'EMB_O', 'EMB_O', 'EMB_O', 'EMB_O', 'EMB_O', 'EMB_O', 'EMB_O', 'EMB_O', 'EMB_O', 'EMB_P', 'EMB_P', 'EMB_P', 'EMB_P', 'EMB_P', 'EMB_P', 'EMB_P', 'EMB_P', 'EMB_P', 'EMB_P', 'EMB_P', 'EMB_P', 'EMB_P', 'EMB_P', 'EMB_P', 'EMB_P', 'EMB_P', 'EMB_P', 'EMB_P', 'EMB_P', 'EMB_P', 'EMB_P', 'EMB_P', 'EMB_P', 'EMB_P', 'EMB_P', 'EMB_P', 'EMB_P', 'EMB_P', 'EMB_P', 'EMB_P', 'EMB_P', 'EMB_P', 'EMB_P', 'EMB_P', 'EMB_P', 'EMB_P', 'EMB_P', 'EMB_P', 'EMB_P', 'EMB_P', 'EMB_P', 'EMB_P', 'EMB_P', 'EMB_P', 'EMB_P', 'EMB_P', 'EMB_P', 'EMB_P', 'EMB_P', 'EMB_P', 'EMB_P', 'EMB_P', 'EMB_P', 'EMB_P', 'EMB_P', 'EMB_P', 'EMB_P', 'EMB_P', 'EMB_P', 'EMB_P', 'EMB_P', 'EMB_P', 'EMB_P', 'EMB_P', 'EMB_P', 'EMB_P', 'EMB_P', 'EMB_P', 'EMB_P', 'EMB_P', 'EMB_P', 'EMB_P', 'EMB_P', 'EMB_P', 'EMB_P', 'EMB_P', 'EMB_P', 'EMB_P', 'EMB_P', 'EMB_P', 'EMB_P', 'EMB_P', 'EMB_P', 'EMB_P', 'EMB_P', 'EMB_P', 'EMB_P', 'EMB_P', 'EMB_P', 'EMB_P', 'EMB_P', 'EMB_P', 'EMB_P', 'EMB_P', 'EMB_P', 'EMB_P', 'EMB_P', 'EMB_P', 'EMB_P', 'EMB_P', 'EMB_P', 'EMB_P', 'EMB_P', 'EMB_P', 'EMB_P', 'EMB_P', 'EMB_P', 'EMB_P', 'EMB_P', 'EMB_P', 'EMB_P']","['EMB_O', 'EMB_O', 'EMB_O', 'EMB_O', 'EMB_O', 'EMB_O', 'EMB_O', 'EMB_O', 'EMB_O', 'EMB_O', 'EMB_O', 'OPN_B', 'OPN_I', 'OPN_E', 'EMB_O', 'EMB_O', 'EMB_P', 'EMB_P', 'EMB_P', 'EMB_P', 'EMB_P', 'EMB_P', 'EMB_P', 'EMB_P', 'EMB_P', 'EMB_P', 'EMB_P', 'EMB_P', 'EMB_P', 'EMB_P', 'EMB_P', 'EMB_P', 'EMB_P', 'EMB_P', 'EMB_P', 'EMB_P', 'EMB_P', 'EMB_P', 'EMB_P', 'EMB_P', 'EMB_P', 'EMB_P', 'EMB_P', 'EMB_P', 'EMB_P', 'EMB_P', 'EMB_P', 'EMB_P', 'EMB_P', 'EMB_P', 'EMB_P', 'EMB_P', 'EMB_P', 'EMB_P', 'EMB_P', 'EMB_P', 'EMB_P', 'EMB_P', 'EMB_P', 'EMB_P', 'EMB_P', 'EMB_P', 'EMB_P', 'EMB_P', 'EMB_P', 'EMB_P', 'EMB_P', 'EMB_P', 'EMB_P', 'EMB_P', 'EMB_P', 'EMB_P', 'EMB_P', 'EMB_P', 'EMB_P', 'EMB_P', 'EMB_P', 'EMB_P', 'EMB_P', 'EMB_P', 'EMB_P', 'EMB_P', 'EMB_P', 'EMB_P', 'EMB_P', 'EMB_P', 'EMB_P', 'EMB_P', 'EMB_P', 'EMB_P', 'EMB_P', 'EMB_P', 'EMB_P', 'EMB_P', 'EMB_P', 'EMB_P', 'EMB_P', 'EMB_P', 'EMB_P', 'EMB_P', 'EMB_P', 'EMB_P', 'EMB_P', 'EMB_P', 'EMB_P', 'EMB_P', 'EMB_P', 'EMB_P', 'EMB_P', 'EMB_P', 'EMB_P', 'EMB_P', 'EMB_P', 'EMB_P', 'EMB_P', 'EMB_P', 'EMB_P', 'EMB_P', 'EMB_P', 'EMB_P', 'EMB_P', 'EMB_P', 'EMB_P', 'EMB_P', 'EMB_P', 'EMB_P', 'EMB_P', 'EMB_P']"
279,8th gen i5 cpu,amazing,laptop_quad_dev_242,"moreover , the 8th gen i5 cpu is amazing .",8.0,8.0,"['EMB_O', 'EMB_O', 'EMB_O', 'EMB_O', 'EMB_O', 'ASP_B', 'ASP_I', 'ASP_I', 'ASP_I', 'ASP_I', 'ASP_E', 'EMB_O', 'EMB_O', 'EMB_O', 'EMB_O', 'EMB_O', 'EMB_P', 'EMB_P', 'EMB_P', 'EMB_P', 'EMB_P', 'EMB_P', 'EMB_P', 'EMB_P', 'EMB_P', 'EMB_P', 'EMB_P', 'EMB_P', 'EMB_P', 'EMB_P', 'EMB_P', 'EMB_P', 'EMB_P', 'EMB_P', 'EMB_P', 'EMB_P', 'EMB_P', 'EMB_P', 'EMB_P', 'EMB_P', 'EMB_P', 'EMB_P', 'EMB_P', 'EMB_P', 'EMB_P', 'EMB_P', 'EMB_P', 'EMB_P', 'EMB_P', 'EMB_P', 'EMB_P', 'EMB_P', 'EMB_P', 'EMB_P', 'EMB_P', 'EMB_P', 'EMB_P', 'EMB_P', 'EMB_P', 'EMB_P', 'EMB_P', 'EMB_P', 'EMB_P', 'EMB_P', 'EMB_P', 'EMB_P', 'EMB_P', 'EMB_P', 'EMB_P', 'EMB_P', 'EMB_P', 'EMB_P', 'EMB_P', 'EMB_P', 'EMB_P', 'EMB_P', 'EMB_P', 'EMB_P', 'EMB_P', 'EMB_P', 'EMB_P', 'EMB_P', 'EMB_P', 'EMB_P', 'EMB_P', 'EMB_P', 'EMB_P', 'EMB_P', 'EMB_P', 'EMB_P', 'EMB_P', 'EMB_P', 'EMB_P', 'EMB_P', 'EMB_P', 'EMB_P', 'EMB_P', 'EMB_P', 'EMB_P', 'EMB_P', 'EMB_P', 'EMB_P', 'EMB_P', 'EMB_P', 'EMB_P', 'EMB_P', 'EMB_P', 'EMB_P', 'EMB_P', 'EMB_P', 'EMB_P', 'EMB_P', 'EMB_P', 'EMB_P', 'EMB_P', 'EMB_P', 'EMB_P', 'EMB_P', 'EMB_P', 'EMB_P', 'EMB_P', 'EMB_P', 'EMB_P', 'EMB_P', 'EMB_P', 'EMB_P', 'EMB_P', 'EMB_P']","['EMB_O', 'EMB_O', 'EMB_O', 'EMB_O', 'EMB_O', 'EMB_O', 'EMB_O', 'EMB_O', 'EMB_O', 'EMB_O', 'EMB_O', 'EMB_O', 'OPN_B', 'OPN_E', 'EMB_O', 'EMB_O', 'EMB_P', 'EMB_P', 'EMB_P', 'EMB_P', 'EMB_P', 'EMB_P', 'EMB_P', 'EMB_P', 'EMB_P', 'EMB_P', 'EMB_P', 'EMB_P', 'EMB_P', 'EMB_P', 'EMB_P', 'EMB_P', 'EMB_P', 'EMB_P', 'EMB_P', 'EMB_P', 'EMB_P', 'EMB_P', 'EMB_P', 'EMB_P', 'EMB_P', 'EMB_P', 'EMB_P', 'EMB_P', 'EMB_P', 'EMB_P', 'EMB_P', 'EMB_P', 'EMB_P', 'EMB_P', 'EMB_P', 'EMB_P', 'EMB_P', 'EMB_P', 'EMB_P', 'EMB_P', 'EMB_P', 'EMB_P', 'EMB_P', 'EMB_P', 'EMB_P', 'EMB_P', 'EMB_P', 'EMB_P', 'EMB_P', 'EMB_P', 'EMB_P', 'EMB_P', 'EMB_P', 'EMB_P', 'EMB_P', 'EMB_P', 'EMB_P', 'EMB_P', 'EMB_P', 'EMB_P', 'EMB_P', 'EMB_P', 'EMB_P', 'EMB_P', 'EMB_P', 'EMB_P', 'EMB_P', 'EMB_P', 'EMB_P', 'EMB_P', 'EMB_P', 'EMB_P', 'EMB_P', 'EMB_P', 'EMB_P', 'EMB_P', 'EMB_P', 'EMB_P', 'EMB_P', 'EMB_P', 'EMB_P', 'EMB_P', 'EMB_P', 'EMB_P', 'EMB_P', 'EMB_P', 'EMB_P', 'EMB_P', 'EMB_P', 'EMB_P', 'EMB_P', 'EMB_P', 'EMB_P', 'EMB_P', 'EMB_P', 'EMB_P', 'EMB_P', 'EMB_P', 'EMB_P', 'EMB_P', 'EMB_P', 'EMB_P', 'EMB_P', 'EMB_P', 'EMB_P', 'EMB_P', 'EMB_P', 'EMB_P', 'EMB_P', 'EMB_P', 'EMB_P', 'EMB_P']"
280,laptop,very light,laptop_quad_dev_243,this has been a very light convenient laptop for me .,7.0,7.12,"['EMB_O', 'EMB_O', 'EMB_O', 'EMB_O', 'EMB_O', 'EMB_O', 'EMB_O', 'EMB_O', 'EMB_O', 'EMB_O', 'ASP_B', 'ASP_E', 'EMB_O', 'EMB_O', 'EMB_O', 'EMB_O', 'EMB_P', 'EMB_P', 'EMB_P', 'EMB_P', 'EMB_P', 'EMB_P', 'EMB_P', 'EMB_P', 'EMB_P', 'EMB_P', 'EMB_P', 'EMB_P', 'EMB_P', 'EMB_P', 'EMB_P', 'EMB_P', 'EMB_P', 'EMB_P', 'EMB_P', 'EMB_P', 'EMB_P', 'EMB_P', 'EMB_P', 'EMB_P', 'EMB_P', 'EMB_P', 'EMB_P', 'EMB_P', 'EMB_P', 'EMB_P', 'EMB_P', 'EMB_P', 'EMB_P', 'EMB_P', 'EMB_P', 'EMB_P', 'EMB_P', 'EMB_P', 'EMB_P', 'EMB_P', 'EMB_P', 'EMB_P', 'EMB_P', 'EMB_P', 'EMB_P', 'EMB_P', 'EMB_P', 'EMB_P', 'EMB_P', 'EMB_P', 'EMB_P', 'EMB_P', 'EMB_P', 'EMB_P', 'EMB_P', 'EMB_P', 'EMB_P', 'EMB_P', 'EMB_P', 'EMB_P', 'EMB_P', 'EMB_P', 'EMB_P', 'EMB_P', 'EMB_P', 'EMB_P', 'EMB_P', 'EMB_P', 'EMB_P', 'EMB_P', 'EMB_P', 'EMB_P', 'EMB_P', 'EMB_P', 'EMB_P', 'EMB_P', 'EMB_P', 'EMB_P', 'EMB_P', 'EMB_P', 'EMB_P', 'EMB_P', 'EMB_P', 'EMB_P', 'EMB_P', 'EMB_P', 'EMB_P', 'EMB_P', 'EMB_P', 'EMB_P', 'EMB_P', 'EMB_P', 'EMB_P', 'EMB_P', 'EMB_P', 'EMB_P', 'EMB_P', 'EMB_P', 'EMB_P', 'EMB_P', 'EMB_P', 'EMB_P', 'EMB_P', 'EMB_P', 'EMB_P', 'EMB_P', 'EMB_P', 'EMB_P', 'EMB_P', 'EMB_P', 'EMB_P', 'EMB_P']","['EMB_O', 'EMB_O', 'EMB_O', 'EMB_O', 'EMB_O', 'OPN_B', 'OPN_E', 'EMB_O', 'EMB_O', 'EMB_O', 'EMB_O', 'EMB_O', 'EMB_O', 'EMB_O', 'EMB_O', 'EMB_O', 'EMB_P', 'EMB_P', 'EMB_P', 'EMB_P', 'EMB_P', 'EMB_P', 'EMB_P', 'EMB_P', 'EMB_P', 'EMB_P', 'EMB_P', 'EMB_P', 'EMB_P', 'EMB_P', 'EMB_P', 'EMB_P', 'EMB_P', 'EMB_P', 'EMB_P', 'EMB_P', 'EMB_P', 'EMB_P', 'EMB_P', 'EMB_P', 'EMB_P', 'EMB_P', 'EMB_P', 'EMB_P', 'EMB_P', 'EMB_P', 'EMB_P', 'EMB_P', 'EMB_P', 'EMB_P', 'EMB_P', 'EMB_P', 'EMB_P', 'EMB_P', 'EMB_P', 'EMB_P', 'EMB_P', 'EMB_P', 'EMB_P', 'EMB_P', 'EMB_P', 'EMB_P', 'EMB_P', 'EMB_P', 'EMB_P', 'EMB_P', 'EMB_P', 'EMB_P', 'EMB_P', 'EMB_P', 'EMB_P', 'EMB_P', 'EMB_P', 'EMB_P', 'EMB_P', 'EMB_P', 'EMB_P', 'EMB_P', 'EMB_P', 'EMB_P', 'EMB_P', 'EMB_P', 'EMB_P', 'EMB_P', 'EMB_P', 'EMB_P', 'EMB_P', 'EMB_P', 'EMB_P', 'EMB_P', 'EMB_P', 'EMB_P', 'EMB_P', 'EMB_P', 'EMB_P', 'EMB_P', 'EMB_P', 'EMB_P', 'EMB_P', 'EMB_P', 'EMB_P', 'EMB_P', 'EMB_P', 'EMB_P', 'EMB_P', 'EMB_P', 'EMB_P', 'EMB_P', 'EMB_P', 'EMB_P', 'EMB_P', 'EMB_P', 'EMB_P', 'EMB_P', 'EMB_P', 'EMB_P', 'EMB_P', 'EMB_P', 'EMB_P', 'EMB_P', 'EMB_P', 'EMB_P', 'EMB_P', 'EMB_P', 'EMB_P', 'EMB_P', 'EMB_P', 'EMB_P']"
281,internal hard drive,fast,laptop_quad_dev_244,"i have no issues with using the internal hard drive , it works fast enough for me when loading up my software and music .",7.5,7.17,"['EMB_O', 'EMB_O', 'EMB_O', 'EMB_O', 'EMB_O', 'EMB_O', 'EMB_O', 'EMB_O', 'ASP_B', 'ASP_I', 'ASP_E', 'EMB_O', 'EMB_O', 'EMB_O', 'EMB_O', 'EMB_O', 'EMB_O', 'EMB_O', 'EMB_O', 'EMB_O', 'EMB_O', 'EMB_O', 'EMB_O', 'EMB_O', 'EMB_O', 'EMB_O', 'EMB_O', 'EMB_P', 'EMB_P', 'EMB_P', 'EMB_P', 'EMB_P', 'EMB_P', 'EMB_P', 'EMB_P', 'EMB_P', 'EMB_P', 'EMB_P', 'EMB_P', 'EMB_P', 'EMB_P', 'EMB_P', 'EMB_P', 'EMB_P', 'EMB_P', 'EMB_P', 'EMB_P', 'EMB_P', 'EMB_P', 'EMB_P', 'EMB_P', 'EMB_P', 'EMB_P', 'EMB_P', 'EMB_P', 'EMB_P', 'EMB_P', 'EMB_P', 'EMB_P', 'EMB_P', 'EMB_P', 'EMB_P', 'EMB_P', 'EMB_P', 'EMB_P', 'EMB_P', 'EMB_P', 'EMB_P', 'EMB_P', 'EMB_P', 'EMB_P', 'EMB_P', 'EMB_P', 'EMB_P', 'EMB_P', 'EMB_P', 'EMB_P', 'EMB_P', 'EMB_P', 'EMB_P', 'EMB_P', 'EMB_P', 'EMB_P', 'EMB_P', 'EMB_P', 'EMB_P', 'EMB_P', 'EMB_P', 'EMB_P', 'EMB_P', 'EMB_P', 'EMB_P', 'EMB_P', 'EMB_P', 'EMB_P', 'EMB_P', 'EMB_P', 'EMB_P', 'EMB_P', 'EMB_P', 'EMB_P', 'EMB_P', 'EMB_P', 'EMB_P', 'EMB_P', 'EMB_P', 'EMB_P', 'EMB_P', 'EMB_P', 'EMB_P', 'EMB_P', 'EMB_P', 'EMB_P', 'EMB_P', 'EMB_P', 'EMB_P', 'EMB_P', 'EMB_P', 'EMB_P', 'EMB_P', 'EMB_P', 'EMB_P', 'EMB_P', 'EMB_P', 'EMB_P', 'EMB_P', 'EMB_P', 'EMB_P']","['EMB_O', 'EMB_O', 'EMB_O', 'EMB_O', 'EMB_O', 'EMB_O', 'EMB_O', 'EMB_O', 'EMB_O', 'EMB_O', 'EMB_O', 'EMB_O', 'EMB_O', 'EMB_O', 'OPN_S', 'EMB_O', 'EMB_O', 'EMB_O', 'EMB_O', 'EMB_O', 'EMB_O', 'EMB_O', 'EMB_O', 'EMB_O', 'EMB_O', 'EMB_O', 'EMB_O', 'EMB_P', 'EMB_P', 'EMB_P', 'EMB_P', 'EMB_P', 'EMB_P', 'EMB_P', 'EMB_P', 'EMB_P', 'EMB_P', 'EMB_P', 'EMB_P', 'EMB_P', 'EMB_P', 'EMB_P', 'EMB_P', 'EMB_P', 'EMB_P', 'EMB_P', 'EMB_P', 'EMB_P', 'EMB_P', 'EMB_P', 'EMB_P', 'EMB_P', 'EMB_P', 'EMB_P', 'EMB_P', 'EMB_P', 'EMB_P', 'EMB_P', 'EMB_P', 'EMB_P', 'EMB_P', 'EMB_P', 'EMB_P', 'EMB_P', 'EMB_P', 'EMB_P', 'EMB_P', 'EMB_P', 'EMB_P', 'EMB_P', 'EMB_P', 'EMB_P', 'EMB_P', 'EMB_P', 'EMB_P', 'EMB_P', 'EMB_P', 'EMB_P', 'EMB_P', 'EMB_P', 'EMB_P', 'EMB_P', 'EMB_P', 'EMB_P', 'EMB_P', 'EMB_P', 'EMB_P', 'EMB_P', 'EMB_P', 'EMB_P', 'EMB_P', 'EMB_P', 'EMB_P', 'EMB_P', 'EMB_P', 'EMB_P', 'EMB_P', 'EMB_P', 'EMB_P', 'EMB_P', 'EMB_P', 'EMB_P', 'EMB_P', 'EMB_P', 'EMB_P', 'EMB_P', 'EMB_P', 'EMB_P', 'EMB_P', 'EMB_P', 'EMB_P', 'EMB_P', 'EMB_P', 'EMB_P', 'EMB_P', 'EMB_P', 'EMB_P', 'EMB_P', 'EMB_P', 'EMB_P', 'EMB_P', 'EMB_P', 'EMB_P', 'EMB_P', 'EMB_P', 'EMB_P', 'EMB_P', 'EMB_P']"
282,vivo,NULL,laptop_quad_dev_245,"this little vivo had the speed / storage that we need , the materials feel substantial instead of cheap .",6.38,6.38,"['EMB_O', 'EMB_O', 'EMB_O', 'ASP_S', 'EMB_O', 'EMB_O', 'EMB_O', 'EMB_O', 'EMB_O', 'EMB_O', 'EMB_O', 'EMB_O', 'EMB_O', 'EMB_O', 'EMB_O', 'EMB_O', 'EMB_O', 'EMB_O', 'EMB_O', 'EMB_O', 'EMB_O', 'EMB_O', 'EMB_O', 'EMB_P', 'EMB_P', 'EMB_P', 'EMB_P', 'EMB_P', 'EMB_P', 'EMB_P', 'EMB_P', 'EMB_P', 'EMB_P', 'EMB_P', 'EMB_P', 'EMB_P', 'EMB_P', 'EMB_P', 'EMB_P', 'EMB_P', 'EMB_P', 'EMB_P', 'EMB_P', 'EMB_P', 'EMB_P', 'EMB_P', 'EMB_P', 'EMB_P', 'EMB_P', 'EMB_P', 'EMB_P', 'EMB_P', 'EMB_P', 'EMB_P', 'EMB_P', 'EMB_P', 'EMB_P', 'EMB_P', 'EMB_P', 'EMB_P', 'EMB_P', 'EMB_P', 'EMB_P', 'EMB_P', 'EMB_P', 'EMB_P', 'EMB_P', 'EMB_P', 'EMB_P', 'EMB_P', 'EMB_P', 'EMB_P', 'EMB_P', 'EMB_P', 'EMB_P', 'EMB_P', 'EMB_P', 'EMB_P', 'EMB_P', 'EMB_P', 'EMB_P', 'EMB_P', 'EMB_P', 'EMB_P', 'EMB_P', 'EMB_P', 'EMB_P', 'EMB_P', 'EMB_P', 'EMB_P', 'EMB_P', 'EMB_P', 'EMB_P', 'EMB_P', 'EMB_P', 'EMB_P', 'EMB_P', 'EMB_P', 'EMB_P', 'EMB_P', 'EMB_P', 'EMB_P', 'EMB_P', 'EMB_P', 'EMB_P', 'EMB_P', 'EMB_P', 'EMB_P', 'EMB_P', 'EMB_P', 'EMB_P', 'EMB_P', 'EMB_P', 'EMB_P', 'EMB_P', 'EMB_P', 'EMB_P', 'EMB_P', 'EMB_P', 'EMB_P', 'EMB_P', 'EMB_P', 'EMB_P', 'EMB_P', 'EMB_P', 'EMB_P', 'EMB_P', 'EMB_P']","['EMB_O', 'EMB_O', 'EMB_O', 'EMB_O', 'EMB_O', 'EMB_O', 'EMB_O', 'EMB_O', 'EMB_O', 'EMB_O', 'EMB_O', 'EMB_O', 'EMB_O', 'EMB_O', 'EMB_O', 'EMB_O', 'EMB_O', 'EMB_O', 'EMB_O', 'EMB_O', 'EMB_O', 'EMB_O', 'EMB_O', 'EMB_P', 'EMB_P', 'EMB_P', 'EMB_P', 'EMB_P', 'EMB_P', 'EMB_P', 'EMB_P', 'EMB_P', 'EMB_P', 'EMB_P', 'EMB_P', 'EMB_P', 'EMB_P', 'EMB_P', 'EMB_P', 'EMB_P', 'EMB_P', 'EMB_P', 'EMB_P', 'EMB_P', 'EMB_P', 'EMB_P', 'EMB_P', 'EMB_P', 'EMB_P', 'EMB_P', 'EMB_P', 'EMB_P', 'EMB_P', 'EMB_P', 'EMB_P', 'EMB_P', 'EMB_P', 'EMB_P', 'EMB_P', 'EMB_P', 'EMB_P', 'EMB_P', 'EMB_P', 'EMB_P', 'EMB_P', 'EMB_P', 'EMB_P', 'EMB_P', 'EMB_P', 'EMB_P', 'EMB_P', 'EMB_P', 'EMB_P', 'EMB_P', 'EMB_P', 'EMB_P', 'EMB_P', 'EMB_P', 'EMB_P', 'EMB_P', 'EMB_P', 'EMB_P', 'EMB_P', 'EMB_P', 'EMB_P', 'EMB_P', 'EMB_P', 'EMB_P', 'EMB_P', 'EMB_P', 'EMB_P', 'EMB_P', 'EMB_P', 'EMB_P', 'EMB_P', 'EMB_P', 'EMB_P', 'EMB_P', 'EMB_P', 'EMB_P', 'EMB_P', 'EMB_P', 'EMB_P', 'EMB_P', 'EMB_P', 'EMB_P', 'EMB_P', 'EMB_P', 'EMB_P', 'EMB_P', 'EMB_P', 'EMB_P', 'EMB_P', 'EMB_P', 'EMB_P', 'EMB_P', 'EMB_P', 'EMB_P', 'EMB_P', 'EMB_P', 'EMB_P', 'EMB_P', 'EMB_P', 'EMB_P', 'EMB_P', 'EMB_P', 'EMB_P', 'EMB_P']"
283,materials,substantial,laptop_quad_dev_245,"this little vivo had the speed / storage that we need , the materials feel substantial instead of cheap .",6.88,6.88,"['EMB_O', 'EMB_O', 'EMB_O', 'EMB_O', 'EMB_O', 'EMB_O', 'EMB_O', 'EMB_O', 'EMB_O', 'EMB_O', 'EMB_O', 'EMB_O', 'EMB_O', 'EMB_O', 'ASP_S', 'EMB_O', 'EMB_O', 'EMB_O', 'EMB_O', 'EMB_O', 'EMB_O', 'EMB_O', 'EMB_O', 'EMB_P', 'EMB_P', 'EMB_P', 'EMB_P', 'EMB_P', 'EMB_P', 'EMB_P', 'EMB_P', 'EMB_P', 'EMB_P', 'EMB_P', 'EMB_P', 'EMB_P', 'EMB_P', 'EMB_P', 'EMB_P', 'EMB_P', 'EMB_P', 'EMB_P', 'EMB_P', 'EMB_P', 'EMB_P', 'EMB_P', 'EMB_P', 'EMB_P', 'EMB_P', 'EMB_P', 'EMB_P', 'EMB_P', 'EMB_P', 'EMB_P', 'EMB_P', 'EMB_P', 'EMB_P', 'EMB_P', 'EMB_P', 'EMB_P', 'EMB_P', 'EMB_P', 'EMB_P', 'EMB_P', 'EMB_P', 'EMB_P', 'EMB_P', 'EMB_P', 'EMB_P', 'EMB_P', 'EMB_P', 'EMB_P', 'EMB_P', 'EMB_P', 'EMB_P', 'EMB_P', 'EMB_P', 'EMB_P', 'EMB_P', 'EMB_P', 'EMB_P', 'EMB_P', 'EMB_P', 'EMB_P', 'EMB_P', 'EMB_P', 'EMB_P', 'EMB_P', 'EMB_P', 'EMB_P', 'EMB_P', 'EMB_P', 'EMB_P', 'EMB_P', 'EMB_P', 'EMB_P', 'EMB_P', 'EMB_P', 'EMB_P', 'EMB_P', 'EMB_P', 'EMB_P', 'EMB_P', 'EMB_P', 'EMB_P', 'EMB_P', 'EMB_P', 'EMB_P', 'EMB_P', 'EMB_P', 'EMB_P', 'EMB_P', 'EMB_P', 'EMB_P', 'EMB_P', 'EMB_P', 'EMB_P', 'EMB_P', 'EMB_P', 'EMB_P', 'EMB_P', 'EMB_P', 'EMB_P', 'EMB_P', 'EMB_P', 'EMB_P', 'EMB_P', 'EMB_P']","['EMB_O', 'EMB_O', 'EMB_O', 'EMB_O', 'EMB_O', 'EMB_O', 'EMB_O', 'EMB_O', 'EMB_O', 'EMB_O', 'EMB_O', 'EMB_O', 'EMB_O', 'EMB_O', 'EMB_O', 'EMB_O', 'OPN_S', 'EMB_O', 'EMB_O', 'EMB_O', 'EMB_O', 'EMB_O', 'EMB_O', 'EMB_P', 'EMB_P', 'EMB_P', 'EMB_P', 'EMB_P', 'EMB_P', 'EMB_P', 'EMB_P', 'EMB_P', 'EMB_P', 'EMB_P', 'EMB_P', 'EMB_P', 'EMB_P', 'EMB_P', 'EMB_P', 'EMB_P', 'EMB_P', 'EMB_P', 'EMB_P', 'EMB_P', 'EMB_P', 'EMB_P', 'EMB_P', 'EMB_P', 'EMB_P', 'EMB_P', 'EMB_P', 'EMB_P', 'EMB_P', 'EMB_P', 'EMB_P', 'EMB_P', 'EMB_P', 'EMB_P', 'EMB_P', 'EMB_P', 'EMB_P', 'EMB_P', 'EMB_P', 'EMB_P', 'EMB_P', 'EMB_P', 'EMB_P', 'EMB_P', 'EMB_P', 'EMB_P', 'EMB_P', 'EMB_P', 'EMB_P', 'EMB_P', 'EMB_P', 'EMB_P', 'EMB_P', 'EMB_P', 'EMB_P', 'EMB_P', 'EMB_P', 'EMB_P', 'EMB_P', 'EMB_P', 'EMB_P', 'EMB_P', 'EMB_P', 'EMB_P', 'EMB_P', 'EMB_P', 'EMB_P', 'EMB_P', 'EMB_P', 'EMB_P', 'EMB_P', 'EMB_P', 'EMB_P', 'EMB_P', 'EMB_P', 'EMB_P', 'EMB_P', 'EMB_P', 'EMB_P', 'EMB_P', 'EMB_P', 'EMB_P', 'EMB_P', 'EMB_P', 'EMB_P', 'EMB_P', 'EMB_P', 'EMB_P', 'EMB_P', 'EMB_P', 'EMB_P', 'EMB_P', 'EMB_P', 'EMB_P', 'EMB_P', 'EMB_P', 'EMB_P', 'EMB_P', 'EMB_P', 'EMB_P', 'EMB_P', 'EMB_P', 'EMB_P', 'EMB_P']"
284,this,nice,laptop_quad_dev_246,i ' m not a computer nerd but for a joe punch clock this is nice,6.88,7.0,"['EMB_O', 'EMB_O', 'EMB_O', 'EMB_O', 'EMB_O', 'EMB_O', 'EMB_O', 'EMB_O', 'EMB_O', 'EMB_O', 'EMB_O', 'EMB_O', 'EMB_O', 'EMB_O', 'EMB_O', 'EMB_O', 'EMB_O', 'ASP_S', 'EMB_O', 'EMB_O', 'EMB_O', 'EMB_O', 'EMB_P', 'EMB_P', 'EMB_P', 'EMB_P', 'EMB_P', 'EMB_P', 'EMB_P', 'EMB_P', 'EMB_P', 'EMB_P', 'EMB_P', 'EMB_P', 'EMB_P', 'EMB_P', 'EMB_P', 'EMB_P', 'EMB_P', 'EMB_P', 'EMB_P', 'EMB_P', 'EMB_P', 'EMB_P', 'EMB_P', 'EMB_P', 'EMB_P', 'EMB_P', 'EMB_P', 'EMB_P', 'EMB_P', 'EMB_P', 'EMB_P', 'EMB_P', 'EMB_P', 'EMB_P', 'EMB_P', 'EMB_P', 'EMB_P', 'EMB_P', 'EMB_P', 'EMB_P', 'EMB_P', 'EMB_P', 'EMB_P', 'EMB_P', 'EMB_P', 'EMB_P', 'EMB_P', 'EMB_P', 'EMB_P', 'EMB_P', 'EMB_P', 'EMB_P', 'EMB_P', 'EMB_P', 'EMB_P', 'EMB_P', 'EMB_P', 'EMB_P', 'EMB_P', 'EMB_P', 'EMB_P', 'EMB_P', 'EMB_P', 'EMB_P', 'EMB_P', 'EMB_P', 'EMB_P', 'EMB_P', 'EMB_P', 'EMB_P', 'EMB_P', 'EMB_P', 'EMB_P', 'EMB_P', 'EMB_P', 'EMB_P', 'EMB_P', 'EMB_P', 'EMB_P', 'EMB_P', 'EMB_P', 'EMB_P', 'EMB_P', 'EMB_P', 'EMB_P', 'EMB_P', 'EMB_P', 'EMB_P', 'EMB_P', 'EMB_P', 'EMB_P', 'EMB_P', 'EMB_P', 'EMB_P', 'EMB_P', 'EMB_P', 'EMB_P', 'EMB_P', 'EMB_P', 'EMB_P', 'EMB_P', 'EMB_P', 'EMB_P', 'EMB_P', 'EMB_P', 'EMB_P']","['EMB_O', 'EMB_O', 'EMB_O', 'EMB_O', 'EMB_O', 'EMB_O', 'EMB_O', 'EMB_O', 'EMB_O', 'EMB_O', 'EMB_O', 'EMB_O', 'EMB_O', 'EMB_O', 'EMB_O', 'EMB_O', 'EMB_O', 'EMB_O', 'EMB_O', 'OPN_B', 'OPN_E', 'EMB_O', 'EMB_P', 'EMB_P', 'EMB_P', 'EMB_P', 'EMB_P', 'EMB_P', 'EMB_P', 'EMB_P', 'EMB_P', 'EMB_P', 'EMB_P', 'EMB_P', 'EMB_P', 'EMB_P', 'EMB_P', 'EMB_P', 'EMB_P', 'EMB_P', 'EMB_P', 'EMB_P', 'EMB_P', 'EMB_P', 'EMB_P', 'EMB_P', 'EMB_P', 'EMB_P', 'EMB_P', 'EMB_P', 'EMB_P', 'EMB_P', 'EMB_P', 'EMB_P', 'EMB_P', 'EMB_P', 'EMB_P', 'EMB_P', 'EMB_P', 'EMB_P', 'EMB_P', 'EMB_P', 'EMB_P', 'EMB_P', 'EMB_P', 'EMB_P', 'EMB_P', 'EMB_P', 'EMB_P', 'EMB_P', 'EMB_P', 'EMB_P', 'EMB_P', 'EMB_P', 'EMB_P', 'EMB_P', 'EMB_P', 'EMB_P', 'EMB_P', 'EMB_P', 'EMB_P', 'EMB_P', 'EMB_P', 'EMB_P', 'EMB_P', 'EMB_P', 'EMB_P', 'EMB_P', 'EMB_P', 'EMB_P', 'EMB_P', 'EMB_P', 'EMB_P', 'EMB_P', 'EMB_P', 'EMB_P', 'EMB_P', 'EMB_P', 'EMB_P', 'EMB_P', 'EMB_P', 'EMB_P', 'EMB_P', 'EMB_P', 'EMB_P', 'EMB_P', 'EMB_P', 'EMB_P', 'EMB_P', 'EMB_P', 'EMB_P', 'EMB_P', 'EMB_P', 'EMB_P', 'EMB_P', 'EMB_P', 'EMB_P', 'EMB_P', 'EMB_P', 'EMB_P', 'EMB_P', 'EMB_P', 'EMB_P', 'EMB_P', 'EMB_P', 'EMB_P', 'EMB_P', 'EMB_P']"
285,NULL,great,laptop_quad_dev_247,"on it ' s own , it performance great !",7.33,7.5,"['EMB_O', 'EMB_O', 'EMB_O', 'EMB_O', 'EMB_O', 'EMB_O', 'EMB_O', 'EMB_O', 'EMB_O', 'EMB_O', 'EMB_O', 'EMB_O', 'EMB_P', 'EMB_P', 'EMB_P', 'EMB_P', 'EMB_P', 'EMB_P', 'EMB_P', 'EMB_P', 'EMB_P', 'EMB_P', 'EMB_P', 'EMB_P', 'EMB_P', 'EMB_P', 'EMB_P', 'EMB_P', 'EMB_P', 'EMB_P', 'EMB_P', 'EMB_P', 'EMB_P', 'EMB_P', 'EMB_P', 'EMB_P', 'EMB_P', 'EMB_P', 'EMB_P', 'EMB_P', 'EMB_P', 'EMB_P', 'EMB_P', 'EMB_P', 'EMB_P', 'EMB_P', 'EMB_P', 'EMB_P', 'EMB_P', 'EMB_P', 'EMB_P', 'EMB_P', 'EMB_P', 'EMB_P', 'EMB_P', 'EMB_P', 'EMB_P', 'EMB_P', 'EMB_P', 'EMB_P', 'EMB_P', 'EMB_P', 'EMB_P', 'EMB_P', 'EMB_P', 'EMB_P', 'EMB_P', 'EMB_P', 'EMB_P', 'EMB_P', 'EMB_P', 'EMB_P', 'EMB_P', 'EMB_P', 'EMB_P', 'EMB_P', 'EMB_P', 'EMB_P', 'EMB_P', 'EMB_P', 'EMB_P', 'EMB_P', 'EMB_P', 'EMB_P', 'EMB_P', 'EMB_P', 'EMB_P', 'EMB_P', 'EMB_P', 'EMB_P', 'EMB_P', 'EMB_P', 'EMB_P', 'EMB_P', 'EMB_P', 'EMB_P', 'EMB_P', 'EMB_P', 'EMB_P', 'EMB_P', 'EMB_P', 'EMB_P', 'EMB_P', 'EMB_P', 'EMB_P', 'EMB_P', 'EMB_P', 'EMB_P', 'EMB_P', 'EMB_P', 'EMB_P', 'EMB_P', 'EMB_P', 'EMB_P', 'EMB_P', 'EMB_P', 'EMB_P', 'EMB_P', 'EMB_P', 'EMB_P', 'EMB_P', 'EMB_P', 'EMB_P', 'EMB_P', 'EMB_P', 'EMB_P', 'EMB_P', 'EMB_P']","['EMB_O', 'EMB_O', 'EMB_O', 'EMB_O', 'EMB_O', 'EMB_O', 'EMB_O', 'EMB_O', 'EMB_O', 'OPN_S', 'EMB_O', 'EMB_O', 'EMB_P', 'EMB_P', 'EMB_P', 'EMB_P', 'EMB_P', 'EMB_P', 'EMB_P', 'EMB_P', 'EMB_P', 'EMB_P', 'EMB_P', 'EMB_P', 'EMB_P', 'EMB_P', 'EMB_P', 'EMB_P', 'EMB_P', 'EMB_P', 'EMB_P', 'EMB_P', 'EMB_P', 'EMB_P', 'EMB_P', 'EMB_P', 'EMB_P', 'EMB_P', 'EMB_P', 'EMB_P', 'EMB_P', 'EMB_P', 'EMB_P', 'EMB_P', 'EMB_P', 'EMB_P', 'EMB_P', 'EMB_P', 'EMB_P', 'EMB_P', 'EMB_P', 'EMB_P', 'EMB_P', 'EMB_P', 'EMB_P', 'EMB_P', 'EMB_P', 'EMB_P', 'EMB_P', 'EMB_P', 'EMB_P', 'EMB_P', 'EMB_P', 'EMB_P', 'EMB_P', 'EMB_P', 'EMB_P', 'EMB_P', 'EMB_P', 'EMB_P', 'EMB_P', 'EMB_P', 'EMB_P', 'EMB_P', 'EMB_P', 'EMB_P', 'EMB_P', 'EMB_P', 'EMB_P', 'EMB_P', 'EMB_P', 'EMB_P', 'EMB_P', 'EMB_P', 'EMB_P', 'EMB_P', 'EMB_P', 'EMB_P', 'EMB_P', 'EMB_P', 'EMB_P', 'EMB_P', 'EMB_P', 'EMB_P', 'EMB_P', 'EMB_P', 'EMB_P', 'EMB_P', 'EMB_P', 'EMB_P', 'EMB_P', 'EMB_P', 'EMB_P', 'EMB_P', 'EMB_P', 'EMB_P', 'EMB_P', 'EMB_P', 'EMB_P', 'EMB_P', 'EMB_P', 'EMB_P', 'EMB_P', 'EMB_P', 'EMB_P', 'EMB_P', 'EMB_P', 'EMB_P', 'EMB_P', 'EMB_P', 'EMB_P', 'EMB_P', 'EMB_P', 'EMB_P', 'EMB_P', 'EMB_P', 'EMB_P', 'EMB_P']"
286,my laptop,love,laptop_quad_dev_248,love the form factor and the light weight as i often use my laptop while laying down .,7.33,7.67,"['EMB_O', 'EMB_O', 'EMB_O', 'EMB_O', 'EMB_O', 'EMB_O', 'EMB_O', 'EMB_O', 'EMB_O', 'EMB_O', 'EMB_O', 'EMB_O', 'EMB_O', 'ASP_B', 'ASP_I', 'ASP_E', 'EMB_O', 'EMB_O', 'EMB_O', 'EMB_O', 'EMB_O', 'EMB_O', 'EMB_P', 'EMB_P', 'EMB_P', 'EMB_P', 'EMB_P', 'EMB_P', 'EMB_P', 'EMB_P', 'EMB_P', 'EMB_P', 'EMB_P', 'EMB_P', 'EMB_P', 'EMB_P', 'EMB_P', 'EMB_P', 'EMB_P', 'EMB_P', 'EMB_P', 'EMB_P', 'EMB_P', 'EMB_P', 'EMB_P', 'EMB_P', 'EMB_P', 'EMB_P', 'EMB_P', 'EMB_P', 'EMB_P', 'EMB_P', 'EMB_P', 'EMB_P', 'EMB_P', 'EMB_P', 'EMB_P', 'EMB_P', 'EMB_P', 'EMB_P', 'EMB_P', 'EMB_P', 'EMB_P', 'EMB_P', 'EMB_P', 'EMB_P', 'EMB_P', 'EMB_P', 'EMB_P', 'EMB_P', 'EMB_P', 'EMB_P', 'EMB_P', 'EMB_P', 'EMB_P', 'EMB_P', 'EMB_P', 'EMB_P', 'EMB_P', 'EMB_P', 'EMB_P', 'EMB_P', 'EMB_P', 'EMB_P', 'EMB_P', 'EMB_P', 'EMB_P', 'EMB_P', 'EMB_P', 'EMB_P', 'EMB_P', 'EMB_P', 'EMB_P', 'EMB_P', 'EMB_P', 'EMB_P', 'EMB_P', 'EMB_P', 'EMB_P', 'EMB_P', 'EMB_P', 'EMB_P', 'EMB_P', 'EMB_P', 'EMB_P', 'EMB_P', 'EMB_P', 'EMB_P', 'EMB_P', 'EMB_P', 'EMB_P', 'EMB_P', 'EMB_P', 'EMB_P', 'EMB_P', 'EMB_P', 'EMB_P', 'EMB_P', 'EMB_P', 'EMB_P', 'EMB_P', 'EMB_P', 'EMB_P', 'EMB_P', 'EMB_P', 'EMB_P', 'EMB_P', 'EMB_P']","['EMB_O', 'OPN_S', 'EMB_O', 'EMB_O', 'EMB_O', 'EMB_O', 'EMB_O', 'EMB_O', 'EMB_O', 'EMB_O', 'EMB_O', 'EMB_O', 'EMB_O', 'EMB_O', 'EMB_O', 'EMB_O', 'EMB_O', 'EMB_O', 'EMB_O', 'EMB_O', 'EMB_O', 'EMB_O', 'EMB_P', 'EMB_P', 'EMB_P', 'EMB_P', 'EMB_P', 'EMB_P', 'EMB_P', 'EMB_P', 'EMB_P', 'EMB_P', 'EMB_P', 'EMB_P', 'EMB_P', 'EMB_P', 'EMB_P', 'EMB_P', 'EMB_P', 'EMB_P', 'EMB_P', 'EMB_P', 'EMB_P', 'EMB_P', 'EMB_P', 'EMB_P', 'EMB_P', 'EMB_P', 'EMB_P', 'EMB_P', 'EMB_P', 'EMB_P', 'EMB_P', 'EMB_P', 'EMB_P', 'EMB_P', 'EMB_P', 'EMB_P', 'EMB_P', 'EMB_P', 'EMB_P', 'EMB_P', 'EMB_P', 'EMB_P', 'EMB_P', 'EMB_P', 'EMB_P', 'EMB_P', 'EMB_P', 'EMB_P', 'EMB_P', 'EMB_P', 'EMB_P', 'EMB_P', 'EMB_P', 'EMB_P', 'EMB_P', 'EMB_P', 'EMB_P', 'EMB_P', 'EMB_P', 'EMB_P', 'EMB_P', 'EMB_P', 'EMB_P', 'EMB_P', 'EMB_P', 'EMB_P', 'EMB_P', 'EMB_P', 'EMB_P', 'EMB_P', 'EMB_P', 'EMB_P', 'EMB_P', 'EMB_P', 'EMB_P', 'EMB_P', 'EMB_P', 'EMB_P', 'EMB_P', 'EMB_P', 'EMB_P', 'EMB_P', 'EMB_P', 'EMB_P', 'EMB_P', 'EMB_P', 'EMB_P', 'EMB_P', 'EMB_P', 'EMB_P', 'EMB_P', 'EMB_P', 'EMB_P', 'EMB_P', 'EMB_P', 'EMB_P', 'EMB_P', 'EMB_P', 'EMB_P', 'EMB_P', 'EMB_P', 'EMB_P', 'EMB_P', 'EMB_P', 'EMB_P', 'EMB_P']"
287,NULL,easy,laptop_quad_dev_249,"opening it was a little hard but once opened , it ' s easy to add the ram or ssd .",6.38,6.5,"['EMB_O', 'EMB_O', 'EMB_O', 'EMB_O', 'EMB_O', 'EMB_O', 'EMB_O', 'EMB_O', 'EMB_O', 'EMB_O', 'EMB_O', 'EMB_O', 'EMB_O', 'EMB_O', 'EMB_O', 'EMB_O', 'EMB_O', 'EMB_O', 'EMB_O', 'EMB_O', 'EMB_O', 'EMB_O', 'EMB_O', 'EMB_O', 'EMB_O', 'EMB_P', 'EMB_P', 'EMB_P', 'EMB_P', 'EMB_P', 'EMB_P', 'EMB_P', 'EMB_P', 'EMB_P', 'EMB_P', 'EMB_P', 'EMB_P', 'EMB_P', 'EMB_P', 'EMB_P', 'EMB_P', 'EMB_P', 'EMB_P', 'EMB_P', 'EMB_P', 'EMB_P', 'EMB_P', 'EMB_P', 'EMB_P', 'EMB_P', 'EMB_P', 'EMB_P', 'EMB_P', 'EMB_P', 'EMB_P', 'EMB_P', 'EMB_P', 'EMB_P', 'EMB_P', 'EMB_P', 'EMB_P', 'EMB_P', 'EMB_P', 'EMB_P', 'EMB_P', 'EMB_P', 'EMB_P', 'EMB_P', 'EMB_P', 'EMB_P', 'EMB_P', 'EMB_P', 'EMB_P', 'EMB_P', 'EMB_P', 'EMB_P', 'EMB_P', 'EMB_P', 'EMB_P', 'EMB_P', 'EMB_P', 'EMB_P', 'EMB_P', 'EMB_P', 'EMB_P', 'EMB_P', 'EMB_P', 'EMB_P', 'EMB_P', 'EMB_P', 'EMB_P', 'EMB_P', 'EMB_P', 'EMB_P', 'EMB_P', 'EMB_P', 'EMB_P', 'EMB_P', 'EMB_P', 'EMB_P', 'EMB_P', 'EMB_P', 'EMB_P', 'EMB_P', 'EMB_P', 'EMB_P', 'EMB_P', 'EMB_P', 'EMB_P', 'EMB_P', 'EMB_P', 'EMB_P', 'EMB_P', 'EMB_P', 'EMB_P', 'EMB_P', 'EMB_P', 'EMB_P', 'EMB_P', 'EMB_P', 'EMB_P', 'EMB_P', 'EMB_P', 'EMB_P', 'EMB_P', 'EMB_P', 'EMB_P', 'EMB_P']","['EMB_O', 'EMB_O', 'EMB_O', 'EMB_O', 'EMB_O', 'EMB_O', 'EMB_O', 'EMB_O', 'EMB_O', 'EMB_O', 'EMB_O', 'EMB_O', 'EMB_O', 'EMB_O', 'OPN_S', 'EMB_O', 'EMB_O', 'EMB_O', 'EMB_O', 'EMB_O', 'EMB_O', 'EMB_O', 'EMB_O', 'EMB_O', 'EMB_O', 'EMB_P', 'EMB_P', 'EMB_P', 'EMB_P', 'EMB_P', 'EMB_P', 'EMB_P', 'EMB_P', 'EMB_P', 'EMB_P', 'EMB_P', 'EMB_P', 'EMB_P', 'EMB_P', 'EMB_P', 'EMB_P', 'EMB_P', 'EMB_P', 'EMB_P', 'EMB_P', 'EMB_P', 'EMB_P', 'EMB_P', 'EMB_P', 'EMB_P', 'EMB_P', 'EMB_P', 'EMB_P', 'EMB_P', 'EMB_P', 'EMB_P', 'EMB_P', 'EMB_P', 'EMB_P', 'EMB_P', 'EMB_P', 'EMB_P', 'EMB_P', 'EMB_P', 'EMB_P', 'EMB_P', 'EMB_P', 'EMB_P', 'EMB_P', 'EMB_P', 'EMB_P', 'EMB_P', 'EMB_P', 'EMB_P', 'EMB_P', 'EMB_P', 'EMB_P', 'EMB_P', 'EMB_P', 'EMB_P', 'EMB_P', 'EMB_P', 'EMB_P', 'EMB_P', 'EMB_P', 'EMB_P', 'EMB_P', 'EMB_P', 'EMB_P', 'EMB_P', 'EMB_P', 'EMB_P', 'EMB_P', 'EMB_P', 'EMB_P', 'EMB_P', 'EMB_P', 'EMB_P', 'EMB_P', 'EMB_P', 'EMB_P', 'EMB_P', 'EMB_P', 'EMB_P', 'EMB_P', 'EMB_P', 'EMB_P', 'EMB_P', 'EMB_P', 'EMB_P', 'EMB_P', 'EMB_P', 'EMB_P', 'EMB_P', 'EMB_P', 'EMB_P', 'EMB_P', 'EMB_P', 'EMB_P', 'EMB_P', 'EMB_P', 'EMB_P', 'EMB_P', 'EMB_P', 'EMB_P', 'EMB_P', 'EMB_P', 'EMB_P']"
288,screen,dull,laptop_quad_dev_250,"less than that , for me , the screen looks dull .",3.3,4.9,"['EMB_O', 'EMB_O', 'EMB_O', 'EMB_O', 'EMB_O', 'EMB_O', 'EMB_O', 'EMB_O', 'EMB_O', 'ASP_S', 'EMB_O', 'EMB_O', 'EMB_O', 'EMB_O', 'EMB_O', 'EMB_P', 'EMB_P', 'EMB_P', 'EMB_P', 'EMB_P', 'EMB_P', 'EMB_P', 'EMB_P', 'EMB_P', 'EMB_P', 'EMB_P', 'EMB_P', 'EMB_P', 'EMB_P', 'EMB_P', 'EMB_P', 'EMB_P', 'EMB_P', 'EMB_P', 'EMB_P', 'EMB_P', 'EMB_P', 'EMB_P', 'EMB_P', 'EMB_P', 'EMB_P', 'EMB_P', 'EMB_P', 'EMB_P', 'EMB_P', 'EMB_P', 'EMB_P', 'EMB_P', 'EMB_P', 'EMB_P', 'EMB_P', 'EMB_P', 'EMB_P', 'EMB_P', 'EMB_P', 'EMB_P', 'EMB_P', 'EMB_P', 'EMB_P', 'EMB_P', 'EMB_P', 'EMB_P', 'EMB_P', 'EMB_P', 'EMB_P', 'EMB_P', 'EMB_P', 'EMB_P', 'EMB_P', 'EMB_P', 'EMB_P', 'EMB_P', 'EMB_P', 'EMB_P', 'EMB_P', 'EMB_P', 'EMB_P', 'EMB_P', 'EMB_P', 'EMB_P', 'EMB_P', 'EMB_P', 'EMB_P', 'EMB_P', 'EMB_P', 'EMB_P', 'EMB_P', 'EMB_P', 'EMB_P', 'EMB_P', 'EMB_P', 'EMB_P', 'EMB_P', 'EMB_P', 'EMB_P', 'EMB_P', 'EMB_P', 'EMB_P', 'EMB_P', 'EMB_P', 'EMB_P', 'EMB_P', 'EMB_P', 'EMB_P', 'EMB_P', 'EMB_P', 'EMB_P', 'EMB_P', 'EMB_P', 'EMB_P', 'EMB_P', 'EMB_P', 'EMB_P', 'EMB_P', 'EMB_P', 'EMB_P', 'EMB_P', 'EMB_P', 'EMB_P', 'EMB_P', 'EMB_P', 'EMB_P', 'EMB_P', 'EMB_P', 'EMB_P', 'EMB_P', 'EMB_P', 'EMB_P']","['EMB_O', 'EMB_O', 'EMB_O', 'EMB_O', 'EMB_O', 'EMB_O', 'EMB_O', 'EMB_O', 'EMB_O', 'EMB_O', 'EMB_O', 'OPN_B', 'OPN_E', 'EMB_O', 'EMB_O', 'EMB_P', 'EMB_P', 'EMB_P', 'EMB_P', 'EMB_P', 'EMB_P', 'EMB_P', 'EMB_P', 'EMB_P', 'EMB_P', 'EMB_P', 'EMB_P', 'EMB_P', 'EMB_P', 'EMB_P', 'EMB_P', 'EMB_P', 'EMB_P', 'EMB_P', 'EMB_P', 'EMB_P', 'EMB_P', 'EMB_P', 'EMB_P', 'EMB_P', 'EMB_P', 'EMB_P', 'EMB_P', 'EMB_P', 'EMB_P', 'EMB_P', 'EMB_P', 'EMB_P', 'EMB_P', 'EMB_P', 'EMB_P', 'EMB_P', 'EMB_P', 'EMB_P', 'EMB_P', 'EMB_P', 'EMB_P', 'EMB_P', 'EMB_P', 'EMB_P', 'EMB_P', 'EMB_P', 'EMB_P', 'EMB_P', 'EMB_P', 'EMB_P', 'EMB_P', 'EMB_P', 'EMB_P', 'EMB_P', 'EMB_P', 'EMB_P', 'EMB_P', 'EMB_P', 'EMB_P', 'EMB_P', 'EMB_P', 'EMB_P', 'EMB_P', 'EMB_P', 'EMB_P', 'EMB_P', 'EMB_P', 'EMB_P', 'EMB_P', 'EMB_P', 'EMB_P', 'EMB_P', 'EMB_P', 'EMB_P', 'EMB_P', 'EMB_P', 'EMB_P', 'EMB_P', 'EMB_P', 'EMB_P', 'EMB_P', 'EMB_P', 'EMB_P', 'EMB_P', 'EMB_P', 'EMB_P', 'EMB_P', 'EMB_P', 'EMB_P', 'EMB_P', 'EMB_P', 'EMB_P', 'EMB_P', 'EMB_P', 'EMB_P', 'EMB_P', 'EMB_P', 'EMB_P', 'EMB_P', 'EMB_P', 'EMB_P', 'EMB_P', 'EMB_P', 'EMB_P', 'EMB_P', 'EMB_P', 'EMB_P', 'EMB_P', 'EMB_P', 'EMB_P', 'EMB_P', 'EMB_P']"
289,chromebook,well,laptop_quad_dev_251,"if you ' re mainly on youtube or reading stuff online , this chromebook functions well for that purpose .",7.38,7.12,"['EMB_O', 'EMB_O', 'EMB_O', 'EMB_O', 'EMB_O', 'EMB_O', 'EMB_O', 'EMB_O', 'EMB_O', 'EMB_O', 'EMB_O', 'EMB_O', 'EMB_O', 'EMB_O', 'EMB_O', 'ASP_B', 'ASP_I', 'ASP_E', 'EMB_O', 'EMB_O', 'EMB_O', 'EMB_O', 'EMB_O', 'EMB_O', 'EMB_O', 'EMB_P', 'EMB_P', 'EMB_P', 'EMB_P', 'EMB_P', 'EMB_P', 'EMB_P', 'EMB_P', 'EMB_P', 'EMB_P', 'EMB_P', 'EMB_P', 'EMB_P', 'EMB_P', 'EMB_P', 'EMB_P', 'EMB_P', 'EMB_P', 'EMB_P', 'EMB_P', 'EMB_P', 'EMB_P', 'EMB_P', 'EMB_P', 'EMB_P', 'EMB_P', 'EMB_P', 'EMB_P', 'EMB_P', 'EMB_P', 'EMB_P', 'EMB_P', 'EMB_P', 'EMB_P', 'EMB_P', 'EMB_P', 'EMB_P', 'EMB_P', 'EMB_P', 'EMB_P', 'EMB_P', 'EMB_P', 'EMB_P', 'EMB_P', 'EMB_P', 'EMB_P', 'EMB_P', 'EMB_P', 'EMB_P', 'EMB_P', 'EMB_P', 'EMB_P', 'EMB_P', 'EMB_P', 'EMB_P', 'EMB_P', 'EMB_P', 'EMB_P', 'EMB_P', 'EMB_P', 'EMB_P', 'EMB_P', 'EMB_P', 'EMB_P', 'EMB_P', 'EMB_P', 'EMB_P', 'EMB_P', 'EMB_P', 'EMB_P', 'EMB_P', 'EMB_P', 'EMB_P', 'EMB_P', 'EMB_P', 'EMB_P', 'EMB_P', 'EMB_P', 'EMB_P', 'EMB_P', 'EMB_P', 'EMB_P', 'EMB_P', 'EMB_P', 'EMB_P', 'EMB_P', 'EMB_P', 'EMB_P', 'EMB_P', 'EMB_P', 'EMB_P', 'EMB_P', 'EMB_P', 'EMB_P', 'EMB_P', 'EMB_P', 'EMB_P', 'EMB_P', 'EMB_P', 'EMB_P', 'EMB_P', 'EMB_P', 'EMB_P']","['EMB_O', 'EMB_O', 'EMB_O', 'EMB_O', 'EMB_O', 'EMB_O', 'EMB_O', 'EMB_O', 'EMB_O', 'EMB_O', 'EMB_O', 'EMB_O', 'EMB_O', 'EMB_O', 'EMB_O', 'EMB_O', 'EMB_O', 'EMB_O', 'EMB_O', 'OPN_S', 'EMB_O', 'EMB_O', 'EMB_O', 'EMB_O', 'EMB_O', 'EMB_P', 'EMB_P', 'EMB_P', 'EMB_P', 'EMB_P', 'EMB_P', 'EMB_P', 'EMB_P', 'EMB_P', 'EMB_P', 'EMB_P', 'EMB_P', 'EMB_P', 'EMB_P', 'EMB_P', 'EMB_P', 'EMB_P', 'EMB_P', 'EMB_P', 'EMB_P', 'EMB_P', 'EMB_P', 'EMB_P', 'EMB_P', 'EMB_P', 'EMB_P', 'EMB_P', 'EMB_P', 'EMB_P', 'EMB_P', 'EMB_P', 'EMB_P', 'EMB_P', 'EMB_P', 'EMB_P', 'EMB_P', 'EMB_P', 'EMB_P', 'EMB_P', 'EMB_P', 'EMB_P', 'EMB_P', 'EMB_P', 'EMB_P', 'EMB_P', 'EMB_P', 'EMB_P', 'EMB_P', 'EMB_P', 'EMB_P', 'EMB_P', 'EMB_P', 'EMB_P', 'EMB_P', 'EMB_P', 'EMB_P', 'EMB_P', 'EMB_P', 'EMB_P', 'EMB_P', 'EMB_P', 'EMB_P', 'EMB_P', 'EMB_P', 'EMB_P', 'EMB_P', 'EMB_P', 'EMB_P', 'EMB_P', 'EMB_P', 'EMB_P', 'EMB_P', 'EMB_P', 'EMB_P', 'EMB_P', 'EMB_P', 'EMB_P', 'EMB_P', 'EMB_P', 'EMB_P', 'EMB_P', 'EMB_P', 'EMB_P', 'EMB_P', 'EMB_P', 'EMB_P', 'EMB_P', 'EMB_P', 'EMB_P', 'EMB_P', 'EMB_P', 'EMB_P', 'EMB_P', 'EMB_P', 'EMB_P', 'EMB_P', 'EMB_P', 'EMB_P', 'EMB_P', 'EMB_P', 'EMB_P', 'EMB_P', 'EMB_P']"
290,laptop,NULL,laptop_quad_dev_252,"the laptop was shipped in what looked like a new case but upon opening it , it appeared used and repackaged .",4.0,5.38,"['EMB_O', 'EMB_O', 'ASP_B', 'ASP_E', 'EMB_O', 'EMB_O', 'EMB_O', 'EMB_O', 'EMB_O', 'EMB_O', 'EMB_O', 'EMB_O', 'EMB_O', 'EMB_O', 'EMB_O', 'EMB_O', 'EMB_O', 'EMB_O', 'EMB_O', 'EMB_O', 'EMB_O', 'EMB_O', 'EMB_O', 'EMB_O', 'EMB_O', 'EMB_O', 'EMB_O', 'EMB_O', 'EMB_O', 'EMB_P', 'EMB_P', 'EMB_P', 'EMB_P', 'EMB_P', 'EMB_P', 'EMB_P', 'EMB_P', 'EMB_P', 'EMB_P', 'EMB_P', 'EMB_P', 'EMB_P', 'EMB_P', 'EMB_P', 'EMB_P', 'EMB_P', 'EMB_P', 'EMB_P', 'EMB_P', 'EMB_P', 'EMB_P', 'EMB_P', 'EMB_P', 'EMB_P', 'EMB_P', 'EMB_P', 'EMB_P', 'EMB_P', 'EMB_P', 'EMB_P', 'EMB_P', 'EMB_P', 'EMB_P', 'EMB_P', 'EMB_P', 'EMB_P', 'EMB_P', 'EMB_P', 'EMB_P', 'EMB_P', 'EMB_P', 'EMB_P', 'EMB_P', 'EMB_P', 'EMB_P', 'EMB_P', 'EMB_P', 'EMB_P', 'EMB_P', 'EMB_P', 'EMB_P', 'EMB_P', 'EMB_P', 'EMB_P', 'EMB_P', 'EMB_P', 'EMB_P', 'EMB_P', 'EMB_P', 'EMB_P', 'EMB_P', 'EMB_P', 'EMB_P', 'EMB_P', 'EMB_P', 'EMB_P', 'EMB_P', 'EMB_P', 'EMB_P', 'EMB_P', 'EMB_P', 'EMB_P', 'EMB_P', 'EMB_P', 'EMB_P', 'EMB_P', 'EMB_P', 'EMB_P', 'EMB_P', 'EMB_P', 'EMB_P', 'EMB_P', 'EMB_P', 'EMB_P', 'EMB_P', 'EMB_P', 'EMB_P', 'EMB_P', 'EMB_P', 'EMB_P', 'EMB_P', 'EMB_P', 'EMB_P', 'EMB_P', 'EMB_P', 'EMB_P', 'EMB_P', 'EMB_P']","['EMB_O', 'EMB_O', 'EMB_O', 'EMB_O', 'EMB_O', 'EMB_O', 'EMB_O', 'EMB_O', 'EMB_O', 'EMB_O', 'EMB_O', 'EMB_O', 'EMB_O', 'EMB_O', 'EMB_O', 'EMB_O', 'EMB_O', 'EMB_O', 'EMB_O', 'EMB_O', 'EMB_O', 'EMB_O', 'EMB_O', 'EMB_O', 'EMB_O', 'EMB_O', 'EMB_O', 'EMB_O', 'EMB_O', 'EMB_P', 'EMB_P', 'EMB_P', 'EMB_P', 'EMB_P', 'EMB_P', 'EMB_P', 'EMB_P', 'EMB_P', 'EMB_P', 'EMB_P', 'EMB_P', 'EMB_P', 'EMB_P', 'EMB_P', 'EMB_P', 'EMB_P', 'EMB_P', 'EMB_P', 'EMB_P', 'EMB_P', 'EMB_P', 'EMB_P', 'EMB_P', 'EMB_P', 'EMB_P', 'EMB_P', 'EMB_P', 'EMB_P', 'EMB_P', 'EMB_P', 'EMB_P', 'EMB_P', 'EMB_P', 'EMB_P', 'EMB_P', 'EMB_P', 'EMB_P', 'EMB_P', 'EMB_P', 'EMB_P', 'EMB_P', 'EMB_P', 'EMB_P', 'EMB_P', 'EMB_P', 'EMB_P', 'EMB_P', 'EMB_P', 'EMB_P', 'EMB_P', 'EMB_P', 'EMB_P', 'EMB_P', 'EMB_P', 'EMB_P', 'EMB_P', 'EMB_P', 'EMB_P', 'EMB_P', 'EMB_P', 'EMB_P', 'EMB_P', 'EMB_P', 'EMB_P', 'EMB_P', 'EMB_P', 'EMB_P', 'EMB_P', 'EMB_P', 'EMB_P', 'EMB_P', 'EMB_P', 'EMB_P', 'EMB_P', 'EMB_P', 'EMB_P', 'EMB_P', 'EMB_P', 'EMB_P', 'EMB_P', 'EMB_P', 'EMB_P', 'EMB_P', 'EMB_P', 'EMB_P', 'EMB_P', 'EMB_P', 'EMB_P', 'EMB_P', 'EMB_P', 'EMB_P', 'EMB_P', 'EMB_P', 'EMB_P', 'EMB_P', 'EMB_P', 'EMB_P', 'EMB_P']"
291,NULL,NULL,laptop_quad_dev_253,"freezes with red lines across it , froze five times the first afternoon .",2.0,7.67,"['EMB_O', 'EMB_O', 'EMB_O', 'EMB_O', 'EMB_O', 'EMB_O', 'EMB_O', 'EMB_O', 'EMB_O', 'EMB_O', 'EMB_O', 'EMB_O', 'EMB_O', 'EMB_O', 'EMB_O', 'EMB_O', 'EMB_O', 'EMB_O', 'EMB_P', 'EMB_P', 'EMB_P', 'EMB_P', 'EMB_P', 'EMB_P', 'EMB_P', 'EMB_P', 'EMB_P', 'EMB_P', 'EMB_P', 'EMB_P', 'EMB_P', 'EMB_P', 'EMB_P', 'EMB_P', 'EMB_P', 'EMB_P', 'EMB_P', 'EMB_P', 'EMB_P', 'EMB_P', 'EMB_P', 'EMB_P', 'EMB_P', 'EMB_P', 'EMB_P', 'EMB_P', 'EMB_P', 'EMB_P', 'EMB_P', 'EMB_P', 'EMB_P', 'EMB_P', 'EMB_P', 'EMB_P', 'EMB_P', 'EMB_P', 'EMB_P', 'EMB_P', 'EMB_P', 'EMB_P', 'EMB_P', 'EMB_P', 'EMB_P', 'EMB_P', 'EMB_P', 'EMB_P', 'EMB_P', 'EMB_P', 'EMB_P', 'EMB_P', 'EMB_P', 'EMB_P', 'EMB_P', 'EMB_P', 'EMB_P', 'EMB_P', 'EMB_P', 'EMB_P', 'EMB_P', 'EMB_P', 'EMB_P', 'EMB_P', 'EMB_P', 'EMB_P', 'EMB_P', 'EMB_P', 'EMB_P', 'EMB_P', 'EMB_P', 'EMB_P', 'EMB_P', 'EMB_P', 'EMB_P', 'EMB_P', 'EMB_P', 'EMB_P', 'EMB_P', 'EMB_P', 'EMB_P', 'EMB_P', 'EMB_P', 'EMB_P', 'EMB_P', 'EMB_P', 'EMB_P', 'EMB_P', 'EMB_P', 'EMB_P', 'EMB_P', 'EMB_P', 'EMB_P', 'EMB_P', 'EMB_P', 'EMB_P', 'EMB_P', 'EMB_P', 'EMB_P', 'EMB_P', 'EMB_P', 'EMB_P', 'EMB_P', 'EMB_P', 'EMB_P', 'EMB_P', 'EMB_P', 'EMB_P', 'EMB_P', 'EMB_P']","['EMB_O', 'EMB_O', 'EMB_O', 'EMB_O', 'EMB_O', 'EMB_O', 'EMB_O', 'EMB_O', 'EMB_O', 'EMB_O', 'EMB_O', 'EMB_O', 'EMB_O', 'EMB_O', 'EMB_O', 'EMB_O', 'EMB_O', 'EMB_O', 'EMB_P', 'EMB_P', 'EMB_P', 'EMB_P', 'EMB_P', 'EMB_P', 'EMB_P', 'EMB_P', 'EMB_P', 'EMB_P', 'EMB_P', 'EMB_P', 'EMB_P', 'EMB_P', 'EMB_P', 'EMB_P', 'EMB_P', 'EMB_P', 'EMB_P', 'EMB_P', 'EMB_P', 'EMB_P', 'EMB_P', 'EMB_P', 'EMB_P', 'EMB_P', 'EMB_P', 'EMB_P', 'EMB_P', 'EMB_P', 'EMB_P', 'EMB_P', 'EMB_P', 'EMB_P', 'EMB_P', 'EMB_P', 'EMB_P', 'EMB_P', 'EMB_P', 'EMB_P', 'EMB_P', 'EMB_P', 'EMB_P', 'EMB_P', 'EMB_P', 'EMB_P', 'EMB_P', 'EMB_P', 'EMB_P', 'EMB_P', 'EMB_P', 'EMB_P', 'EMB_P', 'EMB_P', 'EMB_P', 'EMB_P', 'EMB_P', 'EMB_P', 'EMB_P', 'EMB_P', 'EMB_P', 'EMB_P', 'EMB_P', 'EMB_P', 'EMB_P', 'EMB_P', 'EMB_P', 'EMB_P', 'EMB_P', 'EMB_P', 'EMB_P', 'EMB_P', 'EMB_P', 'EMB_P', 'EMB_P', 'EMB_P', 'EMB_P', 'EMB_P', 'EMB_P', 'EMB_P', 'EMB_P', 'EMB_P', 'EMB_P', 'EMB_P', 'EMB_P', 'EMB_P', 'EMB_P', 'EMB_P', 'EMB_P', 'EMB_P', 'EMB_P', 'EMB_P', 'EMB_P', 'EMB_P', 'EMB_P', 'EMB_P', 'EMB_P', 'EMB_P', 'EMB_P', 'EMB_P', 'EMB_P', 'EMB_P', 'EMB_P', 'EMB_P', 'EMB_P', 'EMB_P', 'EMB_P', 'EMB_P', 'EMB_P', 'EMB_P']"
292,acer chromebook,NULL,laptop_quad_dev_254,had problems with my acer chromebook from the very start .,3.1,6.9,"['EMB_O', 'EMB_O', 'EMB_O', 'EMB_O', 'EMB_O', 'ASP_B', 'ASP_I', 'ASP_I', 'ASP_I', 'ASP_E', 'EMB_O', 'EMB_O', 'EMB_O', 'EMB_O', 'EMB_O', 'EMB_O', 'EMB_P', 'EMB_P', 'EMB_P', 'EMB_P', 'EMB_P', 'EMB_P', 'EMB_P', 'EMB_P', 'EMB_P', 'EMB_P', 'EMB_P', 'EMB_P', 'EMB_P', 'EMB_P', 'EMB_P', 'EMB_P', 'EMB_P', 'EMB_P', 'EMB_P', 'EMB_P', 'EMB_P', 'EMB_P', 'EMB_P', 'EMB_P', 'EMB_P', 'EMB_P', 'EMB_P', 'EMB_P', 'EMB_P', 'EMB_P', 'EMB_P', 'EMB_P', 'EMB_P', 'EMB_P', 'EMB_P', 'EMB_P', 'EMB_P', 'EMB_P', 'EMB_P', 'EMB_P', 'EMB_P', 'EMB_P', 'EMB_P', 'EMB_P', 'EMB_P', 'EMB_P', 'EMB_P', 'EMB_P', 'EMB_P', 'EMB_P', 'EMB_P', 'EMB_P', 'EMB_P', 'EMB_P', 'EMB_P', 'EMB_P', 'EMB_P', 'EMB_P', 'EMB_P', 'EMB_P', 'EMB_P', 'EMB_P', 'EMB_P', 'EMB_P', 'EMB_P', 'EMB_P', 'EMB_P', 'EMB_P', 'EMB_P', 'EMB_P', 'EMB_P', 'EMB_P', 'EMB_P', 'EMB_P', 'EMB_P', 'EMB_P', 'EMB_P', 'EMB_P', 'EMB_P', 'EMB_P', 'EMB_P', 'EMB_P', 'EMB_P', 'EMB_P', 'EMB_P', 'EMB_P', 'EMB_P', 'EMB_P', 'EMB_P', 'EMB_P', 'EMB_P', 'EMB_P', 'EMB_P', 'EMB_P', 'EMB_P', 'EMB_P', 'EMB_P', 'EMB_P', 'EMB_P', 'EMB_P', 'EMB_P', 'EMB_P', 'EMB_P', 'EMB_P', 'EMB_P', 'EMB_P', 'EMB_P', 'EMB_P', 'EMB_P', 'EMB_P', 'EMB_P', 'EMB_P']","['EMB_O', 'EMB_O', 'EMB_O', 'EMB_O', 'EMB_O', 'EMB_O', 'EMB_O', 'EMB_O', 'EMB_O', 'EMB_O', 'EMB_O', 'EMB_O', 'EMB_O', 'EMB_O', 'EMB_O', 'EMB_O', 'EMB_P', 'EMB_P', 'EMB_P', 'EMB_P', 'EMB_P', 'EMB_P', 'EMB_P', 'EMB_P', 'EMB_P', 'EMB_P', 'EMB_P', 'EMB_P', 'EMB_P', 'EMB_P', 'EMB_P', 'EMB_P', 'EMB_P', 'EMB_P', 'EMB_P', 'EMB_P', 'EMB_P', 'EMB_P', 'EMB_P', 'EMB_P', 'EMB_P', 'EMB_P', 'EMB_P', 'EMB_P', 'EMB_P', 'EMB_P', 'EMB_P', 'EMB_P', 'EMB_P', 'EMB_P', 'EMB_P', 'EMB_P', 'EMB_P', 'EMB_P', 'EMB_P', 'EMB_P', 'EMB_P', 'EMB_P', 'EMB_P', 'EMB_P', 'EMB_P', 'EMB_P', 'EMB_P', 'EMB_P', 'EMB_P', 'EMB_P', 'EMB_P', 'EMB_P', 'EMB_P', 'EMB_P', 'EMB_P', 'EMB_P', 'EMB_P', 'EMB_P', 'EMB_P', 'EMB_P', 'EMB_P', 'EMB_P', 'EMB_P', 'EMB_P', 'EMB_P', 'EMB_P', 'EMB_P', 'EMB_P', 'EMB_P', 'EMB_P', 'EMB_P', 'EMB_P', 'EMB_P', 'EMB_P', 'EMB_P', 'EMB_P', 'EMB_P', 'EMB_P', 'EMB_P', 'EMB_P', 'EMB_P', 'EMB_P', 'EMB_P', 'EMB_P', 'EMB_P', 'EMB_P', 'EMB_P', 'EMB_P', 'EMB_P', 'EMB_P', 'EMB_P', 'EMB_P', 'EMB_P', 'EMB_P', 'EMB_P', 'EMB_P', 'EMB_P', 'EMB_P', 'EMB_P', 'EMB_P', 'EMB_P', 'EMB_P', 'EMB_P', 'EMB_P', 'EMB_P', 'EMB_P', 'EMB_P', 'EMB_P', 'EMB_P', 'EMB_P', 'EMB_P', 'EMB_P']"
293,system,NULL,laptop_quad_dev_255,every few weeks the system locks up and freezes .,4.12,4.75,"['EMB_O', 'EMB_O', 'EMB_O', 'EMB_O', 'EMB_O', 'ASP_S', 'EMB_O', 'EMB_O', 'EMB_O', 'EMB_O', 'EMB_O', 'EMB_O', 'EMB_O', 'EMB_O', 'EMB_P', 'EMB_P', 'EMB_P', 'EMB_P', 'EMB_P', 'EMB_P', 'EMB_P', 'EMB_P', 'EMB_P', 'EMB_P', 'EMB_P', 'EMB_P', 'EMB_P', 'EMB_P', 'EMB_P', 'EMB_P', 'EMB_P', 'EMB_P', 'EMB_P', 'EMB_P', 'EMB_P', 'EMB_P', 'EMB_P', 'EMB_P', 'EMB_P', 'EMB_P', 'EMB_P', 'EMB_P', 'EMB_P', 'EMB_P', 'EMB_P', 'EMB_P', 'EMB_P', 'EMB_P', 'EMB_P', 'EMB_P', 'EMB_P', 'EMB_P', 'EMB_P', 'EMB_P', 'EMB_P', 'EMB_P', 'EMB_P', 'EMB_P', 'EMB_P', 'EMB_P', 'EMB_P', 'EMB_P', 'EMB_P', 'EMB_P', 'EMB_P', 'EMB_P', 'EMB_P', 'EMB_P', 'EMB_P', 'EMB_P', 'EMB_P', 'EMB_P', 'EMB_P', 'EMB_P', 'EMB_P', 'EMB_P', 'EMB_P', 'EMB_P', 'EMB_P', 'EMB_P', 'EMB_P', 'EMB_P', 'EMB_P', 'EMB_P', 'EMB_P', 'EMB_P', 'EMB_P', 'EMB_P', 'EMB_P', 'EMB_P', 'EMB_P', 'EMB_P', 'EMB_P', 'EMB_P', 'EMB_P', 'EMB_P', 'EMB_P', 'EMB_P', 'EMB_P', 'EMB_P', 'EMB_P', 'EMB_P', 'EMB_P', 'EMB_P', 'EMB_P', 'EMB_P', 'EMB_P', 'EMB_P', 'EMB_P', 'EMB_P', 'EMB_P', 'EMB_P', 'EMB_P', 'EMB_P', 'EMB_P', 'EMB_P', 'EMB_P', 'EMB_P', 'EMB_P', 'EMB_P', 'EMB_P', 'EMB_P', 'EMB_P', 'EMB_P', 'EMB_P', 'EMB_P', 'EMB_P', 'EMB_P']","['EMB_O', 'EMB_O', 'EMB_O', 'EMB_O', 'EMB_O', 'EMB_O', 'EMB_O', 'EMB_O', 'EMB_O', 'EMB_O', 'EMB_O', 'EMB_O', 'EMB_O', 'EMB_O', 'EMB_P', 'EMB_P', 'EMB_P', 'EMB_P', 'EMB_P', 'EMB_P', 'EMB_P', 'EMB_P', 'EMB_P', 'EMB_P', 'EMB_P', 'EMB_P', 'EMB_P', 'EMB_P', 'EMB_P', 'EMB_P', 'EMB_P', 'EMB_P', 'EMB_P', 'EMB_P', 'EMB_P', 'EMB_P', 'EMB_P', 'EMB_P', 'EMB_P', 'EMB_P', 'EMB_P', 'EMB_P', 'EMB_P', 'EMB_P', 'EMB_P', 'EMB_P', 'EMB_P', 'EMB_P', 'EMB_P', 'EMB_P', 'EMB_P', 'EMB_P', 'EMB_P', 'EMB_P', 'EMB_P', 'EMB_P', 'EMB_P', 'EMB_P', 'EMB_P', 'EMB_P', 'EMB_P', 'EMB_P', 'EMB_P', 'EMB_P', 'EMB_P', 'EMB_P', 'EMB_P', 'EMB_P', 'EMB_P', 'EMB_P', 'EMB_P', 'EMB_P', 'EMB_P', 'EMB_P', 'EMB_P', 'EMB_P', 'EMB_P', 'EMB_P', 'EMB_P', 'EMB_P', 'EMB_P', 'EMB_P', 'EMB_P', 'EMB_P', 'EMB_P', 'EMB_P', 'EMB_P', 'EMB_P', 'EMB_P', 'EMB_P', 'EMB_P', 'EMB_P', 'EMB_P', 'EMB_P', 'EMB_P', 'EMB_P', 'EMB_P', 'EMB_P', 'EMB_P', 'EMB_P', 'EMB_P', 'EMB_P', 'EMB_P', 'EMB_P', 'EMB_P', 'EMB_P', 'EMB_P', 'EMB_P', 'EMB_P', 'EMB_P', 'EMB_P', 'EMB_P', 'EMB_P', 'EMB_P', 'EMB_P', 'EMB_P', 'EMB_P', 'EMB_P', 'EMB_P', 'EMB_P', 'EMB_P', 'EMB_P', 'EMB_P', 'EMB_P', 'EMB_P', 'EMB_P', 'EMB_P', 'EMB_P']"
294,hdmi port,defective,laptop_quad_dev_256,looks like the hdmi port may be defective or something - - another reviewer had a similar problem .,3.62,5.38,"['EMB_O', 'EMB_O', 'EMB_O', 'EMB_O', 'ASP_B', 'ASP_I', 'ASP_I', 'ASP_E', 'EMB_O', 'EMB_O', 'EMB_O', 'EMB_O', 'EMB_O', 'EMB_O', 'EMB_O', 'EMB_O', 'EMB_O', 'EMB_O', 'EMB_O', 'EMB_O', 'EMB_O', 'EMB_O', 'EMB_O', 'EMB_O', 'EMB_O', 'EMB_O', 'EMB_P', 'EMB_P', 'EMB_P', 'EMB_P', 'EMB_P', 'EMB_P', 'EMB_P', 'EMB_P', 'EMB_P', 'EMB_P', 'EMB_P', 'EMB_P', 'EMB_P', 'EMB_P', 'EMB_P', 'EMB_P', 'EMB_P', 'EMB_P', 'EMB_P', 'EMB_P', 'EMB_P', 'EMB_P', 'EMB_P', 'EMB_P', 'EMB_P', 'EMB_P', 'EMB_P', 'EMB_P', 'EMB_P', 'EMB_P', 'EMB_P', 'EMB_P', 'EMB_P', 'EMB_P', 'EMB_P', 'EMB_P', 'EMB_P', 'EMB_P', 'EMB_P', 'EMB_P', 'EMB_P', 'EMB_P', 'EMB_P', 'EMB_P', 'EMB_P', 'EMB_P', 'EMB_P', 'EMB_P', 'EMB_P', 'EMB_P', 'EMB_P', 'EMB_P', 'EMB_P', 'EMB_P', 'EMB_P', 'EMB_P', 'EMB_P', 'EMB_P', 'EMB_P', 'EMB_P', 'EMB_P', 'EMB_P', 'EMB_P', 'EMB_P', 'EMB_P', 'EMB_P', 'EMB_P', 'EMB_P', 'EMB_P', 'EMB_P', 'EMB_P', 'EMB_P', 'EMB_P', 'EMB_P', 'EMB_P', 'EMB_P', 'EMB_P', 'EMB_P', 'EMB_P', 'EMB_P', 'EMB_P', 'EMB_P', 'EMB_P', 'EMB_P', 'EMB_P', 'EMB_P', 'EMB_P', 'EMB_P', 'EMB_P', 'EMB_P', 'EMB_P', 'EMB_P', 'EMB_P', 'EMB_P', 'EMB_P', 'EMB_P', 'EMB_P', 'EMB_P', 'EMB_P', 'EMB_P', 'EMB_P', 'EMB_P']","['EMB_O', 'EMB_O', 'EMB_O', 'EMB_O', 'EMB_O', 'EMB_O', 'EMB_O', 'EMB_O', 'EMB_O', 'EMB_O', 'OPN_B', 'OPN_I', 'OPN_E', 'EMB_O', 'EMB_O', 'EMB_O', 'EMB_O', 'EMB_O', 'EMB_O', 'EMB_O', 'EMB_O', 'EMB_O', 'EMB_O', 'EMB_O', 'EMB_O', 'EMB_O', 'EMB_P', 'EMB_P', 'EMB_P', 'EMB_P', 'EMB_P', 'EMB_P', 'EMB_P', 'EMB_P', 'EMB_P', 'EMB_P', 'EMB_P', 'EMB_P', 'EMB_P', 'EMB_P', 'EMB_P', 'EMB_P', 'EMB_P', 'EMB_P', 'EMB_P', 'EMB_P', 'EMB_P', 'EMB_P', 'EMB_P', 'EMB_P', 'EMB_P', 'EMB_P', 'EMB_P', 'EMB_P', 'EMB_P', 'EMB_P', 'EMB_P', 'EMB_P', 'EMB_P', 'EMB_P', 'EMB_P', 'EMB_P', 'EMB_P', 'EMB_P', 'EMB_P', 'EMB_P', 'EMB_P', 'EMB_P', 'EMB_P', 'EMB_P', 'EMB_P', 'EMB_P', 'EMB_P', 'EMB_P', 'EMB_P', 'EMB_P', 'EMB_P', 'EMB_P', 'EMB_P', 'EMB_P', 'EMB_P', 'EMB_P', 'EMB_P', 'EMB_P', 'EMB_P', 'EMB_P', 'EMB_P', 'EMB_P', 'EMB_P', 'EMB_P', 'EMB_P', 'EMB_P', 'EMB_P', 'EMB_P', 'EMB_P', 'EMB_P', 'EMB_P', 'EMB_P', 'EMB_P', 'EMB_P', 'EMB_P', 'EMB_P', 'EMB_P', 'EMB_P', 'EMB_P', 'EMB_P', 'EMB_P', 'EMB_P', 'EMB_P', 'EMB_P', 'EMB_P', 'EMB_P', 'EMB_P', 'EMB_P', 'EMB_P', 'EMB_P', 'EMB_P', 'EMB_P', 'EMB_P', 'EMB_P', 'EMB_P', 'EMB_P', 'EMB_P', 'EMB_P', 'EMB_P', 'EMB_P', 'EMB_P', 'EMB_P']"
295,package,nice,laptop_quad_dev_257,before the review this package has nice presentation and solid build .,7.33,7.33,"['EMB_O', 'EMB_O', 'EMB_O', 'EMB_O', 'EMB_O', 'ASP_S', 'EMB_O', 'EMB_O', 'EMB_O', 'EMB_O', 'EMB_O', 'EMB_O', 'EMB_O', 'EMB_O', 'EMB_O', 'EMB_P', 'EMB_P', 'EMB_P', 'EMB_P', 'EMB_P', 'EMB_P', 'EMB_P', 'EMB_P', 'EMB_P', 'EMB_P', 'EMB_P', 'EMB_P', 'EMB_P', 'EMB_P', 'EMB_P', 'EMB_P', 'EMB_P', 'EMB_P', 'EMB_P', 'EMB_P', 'EMB_P', 'EMB_P', 'EMB_P', 'EMB_P', 'EMB_P', 'EMB_P', 'EMB_P', 'EMB_P', 'EMB_P', 'EMB_P', 'EMB_P', 'EMB_P', 'EMB_P', 'EMB_P', 'EMB_P', 'EMB_P', 'EMB_P', 'EMB_P', 'EMB_P', 'EMB_P', 'EMB_P', 'EMB_P', 'EMB_P', 'EMB_P', 'EMB_P', 'EMB_P', 'EMB_P', 'EMB_P', 'EMB_P', 'EMB_P', 'EMB_P', 'EMB_P', 'EMB_P', 'EMB_P', 'EMB_P', 'EMB_P', 'EMB_P', 'EMB_P', 'EMB_P', 'EMB_P', 'EMB_P', 'EMB_P', 'EMB_P', 'EMB_P', 'EMB_P', 'EMB_P', 'EMB_P', 'EMB_P', 'EMB_P', 'EMB_P', 'EMB_P', 'EMB_P', 'EMB_P', 'EMB_P', 'EMB_P', 'EMB_P', 'EMB_P', 'EMB_P', 'EMB_P', 'EMB_P', 'EMB_P', 'EMB_P', 'EMB_P', 'EMB_P', 'EMB_P', 'EMB_P', 'EMB_P', 'EMB_P', 'EMB_P', 'EMB_P', 'EMB_P', 'EMB_P', 'EMB_P', 'EMB_P', 'EMB_P', 'EMB_P', 'EMB_P', 'EMB_P', 'EMB_P', 'EMB_P', 'EMB_P', 'EMB_P', 'EMB_P', 'EMB_P', 'EMB_P', 'EMB_P', 'EMB_P', 'EMB_P', 'EMB_P', 'EMB_P', 'EMB_P', 'EMB_P', 'EMB_P']","['EMB_O', 'EMB_O', 'EMB_O', 'EMB_O', 'EMB_O', 'EMB_O', 'EMB_O', 'OPN_B', 'OPN_E', 'EMB_O', 'EMB_O', 'EMB_O', 'EMB_O', 'EMB_O', 'EMB_O', 'EMB_P', 'EMB_P', 'EMB_P', 'EMB_P', 'EMB_P', 'EMB_P', 'EMB_P', 'EMB_P', 'EMB_P', 'EMB_P', 'EMB_P', 'EMB_P', 'EMB_P', 'EMB_P', 'EMB_P', 'EMB_P', 'EMB_P', 'EMB_P', 'EMB_P', 'EMB_P', 'EMB_P', 'EMB_P', 'EMB_P', 'EMB_P', 'EMB_P', 'EMB_P', 'EMB_P', 'EMB_P', 'EMB_P', 'EMB_P', 'EMB_P', 'EMB_P', 'EMB_P', 'EMB_P', 'EMB_P', 'EMB_P', 'EMB_P', 'EMB_P', 'EMB_P', 'EMB_P', 'EMB_P', 'EMB_P', 'EMB_P', 'EMB_P', 'EMB_P', 'EMB_P', 'EMB_P', 'EMB_P', 'EMB_P', 'EMB_P', 'EMB_P', 'EMB_P', 'EMB_P', 'EMB_P', 'EMB_P', 'EMB_P', 'EMB_P', 'EMB_P', 'EMB_P', 'EMB_P', 'EMB_P', 'EMB_P', 'EMB_P', 'EMB_P', 'EMB_P', 'EMB_P', 'EMB_P', 'EMB_P', 'EMB_P', 'EMB_P', 'EMB_P', 'EMB_P', 'EMB_P', 'EMB_P', 'EMB_P', 'EMB_P', 'EMB_P', 'EMB_P', 'EMB_P', 'EMB_P', 'EMB_P', 'EMB_P', 'EMB_P', 'EMB_P', 'EMB_P', 'EMB_P', 'EMB_P', 'EMB_P', 'EMB_P', 'EMB_P', 'EMB_P', 'EMB_P', 'EMB_P', 'EMB_P', 'EMB_P', 'EMB_P', 'EMB_P', 'EMB_P', 'EMB_P', 'EMB_P', 'EMB_P', 'EMB_P', 'EMB_P', 'EMB_P', 'EMB_P', 'EMB_P', 'EMB_P', 'EMB_P', 'EMB_P', 'EMB_P', 'EMB_P', 'EMB_P', 'EMB_P']"
296,build,solid,laptop_quad_dev_257,before the review this package has nice presentation and solid build .,7.0,7.17,"['EMB_O', 'EMB_O', 'EMB_O', 'EMB_O', 'EMB_O', 'EMB_O', 'EMB_O', 'EMB_O', 'EMB_O', 'EMB_O', 'EMB_O', 'EMB_O', 'ASP_S', 'EMB_O', 'EMB_O', 'EMB_P', 'EMB_P', 'EMB_P', 'EMB_P', 'EMB_P', 'EMB_P', 'EMB_P', 'EMB_P', 'EMB_P', 'EMB_P', 'EMB_P', 'EMB_P', 'EMB_P', 'EMB_P', 'EMB_P', 'EMB_P', 'EMB_P', 'EMB_P', 'EMB_P', 'EMB_P', 'EMB_P', 'EMB_P', 'EMB_P', 'EMB_P', 'EMB_P', 'EMB_P', 'EMB_P', 'EMB_P', 'EMB_P', 'EMB_P', 'EMB_P', 'EMB_P', 'EMB_P', 'EMB_P', 'EMB_P', 'EMB_P', 'EMB_P', 'EMB_P', 'EMB_P', 'EMB_P', 'EMB_P', 'EMB_P', 'EMB_P', 'EMB_P', 'EMB_P', 'EMB_P', 'EMB_P', 'EMB_P', 'EMB_P', 'EMB_P', 'EMB_P', 'EMB_P', 'EMB_P', 'EMB_P', 'EMB_P', 'EMB_P', 'EMB_P', 'EMB_P', 'EMB_P', 'EMB_P', 'EMB_P', 'EMB_P', 'EMB_P', 'EMB_P', 'EMB_P', 'EMB_P', 'EMB_P', 'EMB_P', 'EMB_P', 'EMB_P', 'EMB_P', 'EMB_P', 'EMB_P', 'EMB_P', 'EMB_P', 'EMB_P', 'EMB_P', 'EMB_P', 'EMB_P', 'EMB_P', 'EMB_P', 'EMB_P', 'EMB_P', 'EMB_P', 'EMB_P', 'EMB_P', 'EMB_P', 'EMB_P', 'EMB_P', 'EMB_P', 'EMB_P', 'EMB_P', 'EMB_P', 'EMB_P', 'EMB_P', 'EMB_P', 'EMB_P', 'EMB_P', 'EMB_P', 'EMB_P', 'EMB_P', 'EMB_P', 'EMB_P', 'EMB_P', 'EMB_P', 'EMB_P', 'EMB_P', 'EMB_P', 'EMB_P', 'EMB_P', 'EMB_P', 'EMB_P', 'EMB_P']","['EMB_O', 'EMB_O', 'EMB_O', 'EMB_O', 'EMB_O', 'EMB_O', 'EMB_O', 'EMB_O', 'EMB_O', 'EMB_O', 'EMB_O', 'OPN_S', 'EMB_O', 'EMB_O', 'EMB_O', 'EMB_P', 'EMB_P', 'EMB_P', 'EMB_P', 'EMB_P', 'EMB_P', 'EMB_P', 'EMB_P', 'EMB_P', 'EMB_P', 'EMB_P', 'EMB_P', 'EMB_P', 'EMB_P', 'EMB_P', 'EMB_P', 'EMB_P', 'EMB_P', 'EMB_P', 'EMB_P', 'EMB_P', 'EMB_P', 'EMB_P', 'EMB_P', 'EMB_P', 'EMB_P', 'EMB_P', 'EMB_P', 'EMB_P', 'EMB_P', 'EMB_P', 'EMB_P', 'EMB_P', 'EMB_P', 'EMB_P', 'EMB_P', 'EMB_P', 'EMB_P', 'EMB_P', 'EMB_P', 'EMB_P', 'EMB_P', 'EMB_P', 'EMB_P', 'EMB_P', 'EMB_P', 'EMB_P', 'EMB_P', 'EMB_P', 'EMB_P', 'EMB_P', 'EMB_P', 'EMB_P', 'EMB_P', 'EMB_P', 'EMB_P', 'EMB_P', 'EMB_P', 'EMB_P', 'EMB_P', 'EMB_P', 'EMB_P', 'EMB_P', 'EMB_P', 'EMB_P', 'EMB_P', 'EMB_P', 'EMB_P', 'EMB_P', 'EMB_P', 'EMB_P', 'EMB_P', 'EMB_P', 'EMB_P', 'EMB_P', 'EMB_P', 'EMB_P', 'EMB_P', 'EMB_P', 'EMB_P', 'EMB_P', 'EMB_P', 'EMB_P', 'EMB_P', 'EMB_P', 'EMB_P', 'EMB_P', 'EMB_P', 'EMB_P', 'EMB_P', 'EMB_P', 'EMB_P', 'EMB_P', 'EMB_P', 'EMB_P', 'EMB_P', 'EMB_P', 'EMB_P', 'EMB_P', 'EMB_P', 'EMB_P', 'EMB_P', 'EMB_P', 'EMB_P', 'EMB_P', 'EMB_P', 'EMB_P', 'EMB_P', 'EMB_P', 'EMB_P', 'EMB_P', 'EMB_P', 'EMB_P']"
297,laptop,good,laptop_quad_dev_258,"( good ) as for the laptop ( when it worked , and i mean for the whole 30 minutes ) it was extremely fast .",6.83,7.0,"['EMB_O', 'EMB_O', 'EMB_O', 'EMB_O', 'EMB_O', 'EMB_O', 'EMB_O', 'ASP_B', 'ASP_E', 'EMB_O', 'EMB_O', 'EMB_O', 'EMB_O', 'EMB_O', 'EMB_O', 'EMB_O', 'EMB_O', 'EMB_O', 'EMB_O', 'EMB_O', 'EMB_O', 'EMB_O', 'EMB_O', 'EMB_O', 'EMB_O', 'EMB_O', 'EMB_O', 'EMB_O', 'EMB_O', 'EMB_P', 'EMB_P', 'EMB_P', 'EMB_P', 'EMB_P', 'EMB_P', 'EMB_P', 'EMB_P', 'EMB_P', 'EMB_P', 'EMB_P', 'EMB_P', 'EMB_P', 'EMB_P', 'EMB_P', 'EMB_P', 'EMB_P', 'EMB_P', 'EMB_P', 'EMB_P', 'EMB_P', 'EMB_P', 'EMB_P', 'EMB_P', 'EMB_P', 'EMB_P', 'EMB_P', 'EMB_P', 'EMB_P', 'EMB_P', 'EMB_P', 'EMB_P', 'EMB_P', 'EMB_P', 'EMB_P', 'EMB_P', 'EMB_P', 'EMB_P', 'EMB_P', 'EMB_P', 'EMB_P', 'EMB_P', 'EMB_P', 'EMB_P', 'EMB_P', 'EMB_P', 'EMB_P', 'EMB_P', 'EMB_P', 'EMB_P', 'EMB_P', 'EMB_P', 'EMB_P', 'EMB_P', 'EMB_P', 'EMB_P', 'EMB_P', 'EMB_P', 'EMB_P', 'EMB_P', 'EMB_P', 'EMB_P', 'EMB_P', 'EMB_P', 'EMB_P', 'EMB_P', 'EMB_P', 'EMB_P', 'EMB_P', 'EMB_P', 'EMB_P', 'EMB_P', 'EMB_P', 'EMB_P', 'EMB_P', 'EMB_P', 'EMB_P', 'EMB_P', 'EMB_P', 'EMB_P', 'EMB_P', 'EMB_P', 'EMB_P', 'EMB_P', 'EMB_P', 'EMB_P', 'EMB_P', 'EMB_P', 'EMB_P', 'EMB_P', 'EMB_P', 'EMB_P', 'EMB_P', 'EMB_P', 'EMB_P', 'EMB_P', 'EMB_P', 'EMB_P', 'EMB_P']","['EMB_O', 'EMB_O', 'OPN_S', 'EMB_O', 'EMB_O', 'EMB_O', 'EMB_O', 'EMB_O', 'EMB_O', 'EMB_O', 'EMB_O', 'EMB_O', 'EMB_O', 'EMB_O', 'EMB_O', 'EMB_O', 'EMB_O', 'EMB_O', 'EMB_O', 'EMB_O', 'EMB_O', 'EMB_O', 'EMB_O', 'EMB_O', 'EMB_O', 'EMB_O', 'EMB_O', 'EMB_O', 'EMB_O', 'EMB_P', 'EMB_P', 'EMB_P', 'EMB_P', 'EMB_P', 'EMB_P', 'EMB_P', 'EMB_P', 'EMB_P', 'EMB_P', 'EMB_P', 'EMB_P', 'EMB_P', 'EMB_P', 'EMB_P', 'EMB_P', 'EMB_P', 'EMB_P', 'EMB_P', 'EMB_P', 'EMB_P', 'EMB_P', 'EMB_P', 'EMB_P', 'EMB_P', 'EMB_P', 'EMB_P', 'EMB_P', 'EMB_P', 'EMB_P', 'EMB_P', 'EMB_P', 'EMB_P', 'EMB_P', 'EMB_P', 'EMB_P', 'EMB_P', 'EMB_P', 'EMB_P', 'EMB_P', 'EMB_P', 'EMB_P', 'EMB_P', 'EMB_P', 'EMB_P', 'EMB_P', 'EMB_P', 'EMB_P', 'EMB_P', 'EMB_P', 'EMB_P', 'EMB_P', 'EMB_P', 'EMB_P', 'EMB_P', 'EMB_P', 'EMB_P', 'EMB_P', 'EMB_P', 'EMB_P', 'EMB_P', 'EMB_P', 'EMB_P', 'EMB_P', 'EMB_P', 'EMB_P', 'EMB_P', 'EMB_P', 'EMB_P', 'EMB_P', 'EMB_P', 'EMB_P', 'EMB_P', 'EMB_P', 'EMB_P', 'EMB_P', 'EMB_P', 'EMB_P', 'EMB_P', 'EMB_P', 'EMB_P', 'EMB_P', 'EMB_P', 'EMB_P', 'EMB_P', 'EMB_P', 'EMB_P', 'EMB_P', 'EMB_P', 'EMB_P', 'EMB_P', 'EMB_P', 'EMB_P', 'EMB_P', 'EMB_P', 'EMB_P', 'EMB_P', 'EMB_P', 'EMB_P']"
298,screen,adequate,laptop_quad_dev_259,adequate screen .,7.0,7.17,"['EMB_O', 'EMB_O', 'EMB_O', 'EMB_O', 'ASP_S', 'EMB_O', 'EMB_O', 'EMB_P', 'EMB_P', 'EMB_P', 'EMB_P', 'EMB_P', 'EMB_P', 'EMB_P', 'EMB_P', 'EMB_P', 'EMB_P', 'EMB_P', 'EMB_P', 'EMB_P', 'EMB_P', 'EMB_P', 'EMB_P', 'EMB_P', 'EMB_P', 'EMB_P', 'EMB_P', 'EMB_P', 'EMB_P', 'EMB_P', 'EMB_P', 'EMB_P', 'EMB_P', 'EMB_P', 'EMB_P', 'EMB_P', 'EMB_P', 'EMB_P', 'EMB_P', 'EMB_P', 'EMB_P', 'EMB_P', 'EMB_P', 'EMB_P', 'EMB_P', 'EMB_P', 'EMB_P', 'EMB_P', 'EMB_P', 'EMB_P', 'EMB_P', 'EMB_P', 'EMB_P', 'EMB_P', 'EMB_P', 'EMB_P', 'EMB_P', 'EMB_P', 'EMB_P', 'EMB_P', 'EMB_P', 'EMB_P', 'EMB_P', 'EMB_P', 'EMB_P', 'EMB_P', 'EMB_P', 'EMB_P', 'EMB_P', 'EMB_P', 'EMB_P', 'EMB_P', 'EMB_P', 'EMB_P', 'EMB_P', 'EMB_P', 'EMB_P', 'EMB_P', 'EMB_P', 'EMB_P', 'EMB_P', 'EMB_P', 'EMB_P', 'EMB_P', 'EMB_P', 'EMB_P', 'EMB_P', 'EMB_P', 'EMB_P', 'EMB_P', 'EMB_P', 'EMB_P', 'EMB_P', 'EMB_P', 'EMB_P', 'EMB_P', 'EMB_P', 'EMB_P', 'EMB_P', 'EMB_P', 'EMB_P', 'EMB_P', 'EMB_P', 'EMB_P', 'EMB_P', 'EMB_P', 'EMB_P', 'EMB_P', 'EMB_P', 'EMB_P', 'EMB_P', 'EMB_P', 'EMB_P', 'EMB_P', 'EMB_P', 'EMB_P', 'EMB_P', 'EMB_P', 'EMB_P', 'EMB_P', 'EMB_P', 'EMB_P', 'EMB_P', 'EMB_P', 'EMB_P', 'EMB_P', 'EMB_P', 'EMB_P']","['EMB_O', 'OPN_B', 'OPN_I', 'OPN_E', 'EMB_O', 'EMB_O', 'EMB_O', 'EMB_P', 'EMB_P', 'EMB_P', 'EMB_P', 'EMB_P', 'EMB_P', 'EMB_P', 'EMB_P', 'EMB_P', 'EMB_P', 'EMB_P', 'EMB_P', 'EMB_P', 'EMB_P', 'EMB_P', 'EMB_P', 'EMB_P', 'EMB_P', 'EMB_P', 'EMB_P', 'EMB_P', 'EMB_P', 'EMB_P', 'EMB_P', 'EMB_P', 'EMB_P', 'EMB_P', 'EMB_P', 'EMB_P', 'EMB_P', 'EMB_P', 'EMB_P', 'EMB_P', 'EMB_P', 'EMB_P', 'EMB_P', 'EMB_P', 'EMB_P', 'EMB_P', 'EMB_P', 'EMB_P', 'EMB_P', 'EMB_P', 'EMB_P', 'EMB_P', 'EMB_P', 'EMB_P', 'EMB_P', 'EMB_P', 'EMB_P', 'EMB_P', 'EMB_P', 'EMB_P', 'EMB_P', 'EMB_P', 'EMB_P', 'EMB_P', 'EMB_P', 'EMB_P', 'EMB_P', 'EMB_P', 'EMB_P', 'EMB_P', 'EMB_P', 'EMB_P', 'EMB_P', 'EMB_P', 'EMB_P', 'EMB_P', 'EMB_P', 'EMB_P', 'EMB_P', 'EMB_P', 'EMB_P', 'EMB_P', 'EMB_P', 'EMB_P', 'EMB_P', 'EMB_P', 'EMB_P', 'EMB_P', 'EMB_P', 'EMB_P', 'EMB_P', 'EMB_P', 'EMB_P', 'EMB_P', 'EMB_P', 'EMB_P', 'EMB_P', 'EMB_P', 'EMB_P', 'EMB_P', 'EMB_P', 'EMB_P', 'EMB_P', 'EMB_P', 'EMB_P', 'EMB_P', 'EMB_P', 'EMB_P', 'EMB_P', 'EMB_P', 'EMB_P', 'EMB_P', 'EMB_P', 'EMB_P', 'EMB_P', 'EMB_P', 'EMB_P', 'EMB_P', 'EMB_P', 'EMB_P', 'EMB_P', 'EMB_P', 'EMB_P', 'EMB_P', 'EMB_P', 'EMB_P', 'EMB_P', 'EMB_P']"
299,NULL,solid,laptop_quad_dev_260,it ` ` feels ` ` solid .,6.62,6.88,"['EMB_O', 'EMB_O', 'EMB_O', 'EMB_O', 'EMB_O', 'EMB_O', 'EMB_O', 'EMB_O', 'EMB_O', 'EMB_O', 'EMB_P', 'EMB_P', 'EMB_P', 'EMB_P', 'EMB_P', 'EMB_P', 'EMB_P', 'EMB_P', 'EMB_P', 'EMB_P', 'EMB_P', 'EMB_P', 'EMB_P', 'EMB_P', 'EMB_P', 'EMB_P', 'EMB_P', 'EMB_P', 'EMB_P', 'EMB_P', 'EMB_P', 'EMB_P', 'EMB_P', 'EMB_P', 'EMB_P', 'EMB_P', 'EMB_P', 'EMB_P', 'EMB_P', 'EMB_P', 'EMB_P', 'EMB_P', 'EMB_P', 'EMB_P', 'EMB_P', 'EMB_P', 'EMB_P', 'EMB_P', 'EMB_P', 'EMB_P', 'EMB_P', 'EMB_P', 'EMB_P', 'EMB_P', 'EMB_P', 'EMB_P', 'EMB_P', 'EMB_P', 'EMB_P', 'EMB_P', 'EMB_P', 'EMB_P', 'EMB_P', 'EMB_P', 'EMB_P', 'EMB_P', 'EMB_P', 'EMB_P', 'EMB_P', 'EMB_P', 'EMB_P', 'EMB_P', 'EMB_P', 'EMB_P', 'EMB_P', 'EMB_P', 'EMB_P', 'EMB_P', 'EMB_P', 'EMB_P', 'EMB_P', 'EMB_P', 'EMB_P', 'EMB_P', 'EMB_P', 'EMB_P', 'EMB_P', 'EMB_P', 'EMB_P', 'EMB_P', 'EMB_P', 'EMB_P', 'EMB_P', 'EMB_P', 'EMB_P', 'EMB_P', 'EMB_P', 'EMB_P', 'EMB_P', 'EMB_P', 'EMB_P', 'EMB_P', 'EMB_P', 'EMB_P', 'EMB_P', 'EMB_P', 'EMB_P', 'EMB_P', 'EMB_P', 'EMB_P', 'EMB_P', 'EMB_P', 'EMB_P', 'EMB_P', 'EMB_P', 'EMB_P', 'EMB_P', 'EMB_P', 'EMB_P', 'EMB_P', 'EMB_P', 'EMB_P', 'EMB_P', 'EMB_P', 'EMB_P', 'EMB_P', 'EMB_P', 'EMB_P']","['EMB_O', 'EMB_O', 'EMB_O', 'EMB_O', 'EMB_O', 'EMB_O', 'EMB_O', 'OPN_S', 'EMB_O', 'EMB_O', 'EMB_P', 'EMB_P', 'EMB_P', 'EMB_P', 'EMB_P', 'EMB_P', 'EMB_P', 'EMB_P', 'EMB_P', 'EMB_P', 'EMB_P', 'EMB_P', 'EMB_P', 'EMB_P', 'EMB_P', 'EMB_P', 'EMB_P', 'EMB_P', 'EMB_P', 'EMB_P', 'EMB_P', 'EMB_P', 'EMB_P', 'EMB_P', 'EMB_P', 'EMB_P', 'EMB_P', 'EMB_P', 'EMB_P', 'EMB_P', 'EMB_P', 'EMB_P', 'EMB_P', 'EMB_P', 'EMB_P', 'EMB_P', 'EMB_P', 'EMB_P', 'EMB_P', 'EMB_P', 'EMB_P', 'EMB_P', 'EMB_P', 'EMB_P', 'EMB_P', 'EMB_P', 'EMB_P', 'EMB_P', 'EMB_P', 'EMB_P', 'EMB_P', 'EMB_P', 'EMB_P', 'EMB_P', 'EMB_P', 'EMB_P', 'EMB_P', 'EMB_P', 'EMB_P', 'EMB_P', 'EMB_P', 'EMB_P', 'EMB_P', 'EMB_P', 'EMB_P', 'EMB_P', 'EMB_P', 'EMB_P', 'EMB_P', 'EMB_P', 'EMB_P', 'EMB_P', 'EMB_P', 'EMB_P', 'EMB_P', 'EMB_P', 'EMB_P', 'EMB_P', 'EMB_P', 'EMB_P', 'EMB_P', 'EMB_P', 'EMB_P', 'EMB_P', 'EMB_P', 'EMB_P', 'EMB_P', 'EMB_P', 'EMB_P', 'EMB_P', 'EMB_P', 'EMB_P', 'EMB_P', 'EMB_P', 'EMB_P', 'EMB_P', 'EMB_P', 'EMB_P', 'EMB_P', 'EMB_P', 'EMB_P', 'EMB_P', 'EMB_P', 'EMB_P', 'EMB_P', 'EMB_P', 'EMB_P', 'EMB_P', 'EMB_P', 'EMB_P', 'EMB_P', 'EMB_P', 'EMB_P', 'EMB_P', 'EMB_P', 'EMB_P', 'EMB_P', 'EMB_P']"
300,product,reasonable,laptop_quad_dev_261,the product looks reasonable at this price range .,7.17,7.33,"['EMB_O', 'EMB_O', 'ASP_S', 'EMB_O', 'EMB_O', 'EMB_O', 'EMB_O', 'EMB_O', 'EMB_O', 'EMB_O', 'EMB_O', 'EMB_O', 'EMB_P', 'EMB_P', 'EMB_P', 'EMB_P', 'EMB_P', 'EMB_P', 'EMB_P', 'EMB_P', 'EMB_P', 'EMB_P', 'EMB_P', 'EMB_P', 'EMB_P', 'EMB_P', 'EMB_P', 'EMB_P', 'EMB_P', 'EMB_P', 'EMB_P', 'EMB_P', 'EMB_P', 'EMB_P', 'EMB_P', 'EMB_P', 'EMB_P', 'EMB_P', 'EMB_P', 'EMB_P', 'EMB_P', 'EMB_P', 'EMB_P', 'EMB_P', 'EMB_P', 'EMB_P', 'EMB_P', 'EMB_P', 'EMB_P', 'EMB_P', 'EMB_P', 'EMB_P', 'EMB_P', 'EMB_P', 'EMB_P', 'EMB_P', 'EMB_P', 'EMB_P', 'EMB_P', 'EMB_P', 'EMB_P', 'EMB_P', 'EMB_P', 'EMB_P', 'EMB_P', 'EMB_P', 'EMB_P', 'EMB_P', 'EMB_P', 'EMB_P', 'EMB_P', 'EMB_P', 'EMB_P', 'EMB_P', 'EMB_P', 'EMB_P', 'EMB_P', 'EMB_P', 'EMB_P', 'EMB_P', 'EMB_P', 'EMB_P', 'EMB_P', 'EMB_P', 'EMB_P', 'EMB_P', 'EMB_P', 'EMB_P', 'EMB_P', 'EMB_P', 'EMB_P', 'EMB_P', 'EMB_P', 'EMB_P', 'EMB_P', 'EMB_P', 'EMB_P', 'EMB_P', 'EMB_P', 'EMB_P', 'EMB_P', 'EMB_P', 'EMB_P', 'EMB_P', 'EMB_P', 'EMB_P', 'EMB_P', 'EMB_P', 'EMB_P', 'EMB_P', 'EMB_P', 'EMB_P', 'EMB_P', 'EMB_P', 'EMB_P', 'EMB_P', 'EMB_P', 'EMB_P', 'EMB_P', 'EMB_P', 'EMB_P', 'EMB_P', 'EMB_P', 'EMB_P', 'EMB_P', 'EMB_P', 'EMB_P', 'EMB_P']","['EMB_O', 'EMB_O', 'EMB_O', 'EMB_O', 'OPN_B', 'OPN_E', 'EMB_O', 'EMB_O', 'EMB_O', 'EMB_O', 'EMB_O', 'EMB_O', 'EMB_P', 'EMB_P', 'EMB_P', 'EMB_P', 'EMB_P', 'EMB_P', 'EMB_P', 'EMB_P', 'EMB_P', 'EMB_P', 'EMB_P', 'EMB_P', 'EMB_P', 'EMB_P', 'EMB_P', 'EMB_P', 'EMB_P', 'EMB_P', 'EMB_P', 'EMB_P', 'EMB_P', 'EMB_P', 'EMB_P', 'EMB_P', 'EMB_P', 'EMB_P', 'EMB_P', 'EMB_P', 'EMB_P', 'EMB_P', 'EMB_P', 'EMB_P', 'EMB_P', 'EMB_P', 'EMB_P', 'EMB_P', 'EMB_P', 'EMB_P', 'EMB_P', 'EMB_P', 'EMB_P', 'EMB_P', 'EMB_P', 'EMB_P', 'EMB_P', 'EMB_P', 'EMB_P', 'EMB_P', 'EMB_P', 'EMB_P', 'EMB_P', 'EMB_P', 'EMB_P', 'EMB_P', 'EMB_P', 'EMB_P', 'EMB_P', 'EMB_P', 'EMB_P', 'EMB_P', 'EMB_P', 'EMB_P', 'EMB_P', 'EMB_P', 'EMB_P', 'EMB_P', 'EMB_P', 'EMB_P', 'EMB_P', 'EMB_P', 'EMB_P', 'EMB_P', 'EMB_P', 'EMB_P', 'EMB_P', 'EMB_P', 'EMB_P', 'EMB_P', 'EMB_P', 'EMB_P', 'EMB_P', 'EMB_P', 'EMB_P', 'EMB_P', 'EMB_P', 'EMB_P', 'EMB_P', 'EMB_P', 'EMB_P', 'EMB_P', 'EMB_P', 'EMB_P', 'EMB_P', 'EMB_P', 'EMB_P', 'EMB_P', 'EMB_P', 'EMB_P', 'EMB_P', 'EMB_P', 'EMB_P', 'EMB_P', 'EMB_P', 'EMB_P', 'EMB_P', 'EMB_P', 'EMB_P', 'EMB_P', 'EMB_P', 'EMB_P', 'EMB_P', 'EMB_P', 'EMB_P', 'EMB_P', 'EMB_P', 'EMB_P']"
301,computer,annoying,laptop_quad_dev_262,"i ' ve only had the computer for a little over a month , that is annoying on many levels .",2.88,7.75,"['EMB_O', 'EMB_O', 'EMB_O', 'EMB_O', 'EMB_O', 'EMB_O', 'EMB_O', 'ASP_S', 'EMB_O', 'EMB_O', 'EMB_O', 'EMB_O', 'EMB_O', 'EMB_O', 'EMB_O', 'EMB_O', 'EMB_O', 'EMB_O', 'EMB_O', 'EMB_O', 'EMB_O', 'EMB_O', 'EMB_O', 'EMB_O', 'EMB_P', 'EMB_P', 'EMB_P', 'EMB_P', 'EMB_P', 'EMB_P', 'EMB_P', 'EMB_P', 'EMB_P', 'EMB_P', 'EMB_P', 'EMB_P', 'EMB_P', 'EMB_P', 'EMB_P', 'EMB_P', 'EMB_P', 'EMB_P', 'EMB_P', 'EMB_P', 'EMB_P', 'EMB_P', 'EMB_P', 'EMB_P', 'EMB_P', 'EMB_P', 'EMB_P', 'EMB_P', 'EMB_P', 'EMB_P', 'EMB_P', 'EMB_P', 'EMB_P', 'EMB_P', 'EMB_P', 'EMB_P', 'EMB_P', 'EMB_P', 'EMB_P', 'EMB_P', 'EMB_P', 'EMB_P', 'EMB_P', 'EMB_P', 'EMB_P', 'EMB_P', 'EMB_P', 'EMB_P', 'EMB_P', 'EMB_P', 'EMB_P', 'EMB_P', 'EMB_P', 'EMB_P', 'EMB_P', 'EMB_P', 'EMB_P', 'EMB_P', 'EMB_P', 'EMB_P', 'EMB_P', 'EMB_P', 'EMB_P', 'EMB_P', 'EMB_P', 'EMB_P', 'EMB_P', 'EMB_P', 'EMB_P', 'EMB_P', 'EMB_P', 'EMB_P', 'EMB_P', 'EMB_P', 'EMB_P', 'EMB_P', 'EMB_P', 'EMB_P', 'EMB_P', 'EMB_P', 'EMB_P', 'EMB_P', 'EMB_P', 'EMB_P', 'EMB_P', 'EMB_P', 'EMB_P', 'EMB_P', 'EMB_P', 'EMB_P', 'EMB_P', 'EMB_P', 'EMB_P', 'EMB_P', 'EMB_P', 'EMB_P', 'EMB_P', 'EMB_P', 'EMB_P', 'EMB_P', 'EMB_P', 'EMB_P', 'EMB_P', 'EMB_P']","['EMB_O', 'EMB_O', 'EMB_O', 'EMB_O', 'EMB_O', 'EMB_O', 'EMB_O', 'EMB_O', 'EMB_O', 'EMB_O', 'EMB_O', 'EMB_O', 'EMB_O', 'EMB_O', 'EMB_O', 'EMB_O', 'EMB_O', 'OPN_B', 'OPN_E', 'EMB_O', 'EMB_O', 'EMB_O', 'EMB_O', 'EMB_O', 'EMB_P', 'EMB_P', 'EMB_P', 'EMB_P', 'EMB_P', 'EMB_P', 'EMB_P', 'EMB_P', 'EMB_P', 'EMB_P', 'EMB_P', 'EMB_P', 'EMB_P', 'EMB_P', 'EMB_P', 'EMB_P', 'EMB_P', 'EMB_P', 'EMB_P', 'EMB_P', 'EMB_P', 'EMB_P', 'EMB_P', 'EMB_P', 'EMB_P', 'EMB_P', 'EMB_P', 'EMB_P', 'EMB_P', 'EMB_P', 'EMB_P', 'EMB_P', 'EMB_P', 'EMB_P', 'EMB_P', 'EMB_P', 'EMB_P', 'EMB_P', 'EMB_P', 'EMB_P', 'EMB_P', 'EMB_P', 'EMB_P', 'EMB_P', 'EMB_P', 'EMB_P', 'EMB_P', 'EMB_P', 'EMB_P', 'EMB_P', 'EMB_P', 'EMB_P', 'EMB_P', 'EMB_P', 'EMB_P', 'EMB_P', 'EMB_P', 'EMB_P', 'EMB_P', 'EMB_P', 'EMB_P', 'EMB_P', 'EMB_P', 'EMB_P', 'EMB_P', 'EMB_P', 'EMB_P', 'EMB_P', 'EMB_P', 'EMB_P', 'EMB_P', 'EMB_P', 'EMB_P', 'EMB_P', 'EMB_P', 'EMB_P', 'EMB_P', 'EMB_P', 'EMB_P', 'EMB_P', 'EMB_P', 'EMB_P', 'EMB_P', 'EMB_P', 'EMB_P', 'EMB_P', 'EMB_P', 'EMB_P', 'EMB_P', 'EMB_P', 'EMB_P', 'EMB_P', 'EMB_P', 'EMB_P', 'EMB_P', 'EMB_P', 'EMB_P', 'EMB_P', 'EMB_P', 'EMB_P', 'EMB_P', 'EMB_P', 'EMB_P', 'EMB_P']"
302,manufacturer,not helpful,laptop_quad_dev_263,the manufacturer was not helpful in trying to resolve this issue .,2.9,7.3,"['EMB_O', 'EMB_O', 'ASP_S', 'EMB_O', 'EMB_O', 'EMB_O', 'EMB_O', 'EMB_O', 'EMB_O', 'EMB_O', 'EMB_O', 'EMB_O', 'EMB_O', 'EMB_O', 'EMB_O', 'EMB_P', 'EMB_P', 'EMB_P', 'EMB_P', 'EMB_P', 'EMB_P', 'EMB_P', 'EMB_P', 'EMB_P', 'EMB_P', 'EMB_P', 'EMB_P', 'EMB_P', 'EMB_P', 'EMB_P', 'EMB_P', 'EMB_P', 'EMB_P', 'EMB_P', 'EMB_P', 'EMB_P', 'EMB_P', 'EMB_P', 'EMB_P', 'EMB_P', 'EMB_P', 'EMB_P', 'EMB_P', 'EMB_P', 'EMB_P', 'EMB_P', 'EMB_P', 'EMB_P', 'EMB_P', 'EMB_P', 'EMB_P', 'EMB_P', 'EMB_P', 'EMB_P', 'EMB_P', 'EMB_P', 'EMB_P', 'EMB_P', 'EMB_P', 'EMB_P', 'EMB_P', 'EMB_P', 'EMB_P', 'EMB_P', 'EMB_P', 'EMB_P', 'EMB_P', 'EMB_P', 'EMB_P', 'EMB_P', 'EMB_P', 'EMB_P', 'EMB_P', 'EMB_P', 'EMB_P', 'EMB_P', 'EMB_P', 'EMB_P', 'EMB_P', 'EMB_P', 'EMB_P', 'EMB_P', 'EMB_P', 'EMB_P', 'EMB_P', 'EMB_P', 'EMB_P', 'EMB_P', 'EMB_P', 'EMB_P', 'EMB_P', 'EMB_P', 'EMB_P', 'EMB_P', 'EMB_P', 'EMB_P', 'EMB_P', 'EMB_P', 'EMB_P', 'EMB_P', 'EMB_P', 'EMB_P', 'EMB_P', 'EMB_P', 'EMB_P', 'EMB_P', 'EMB_P', 'EMB_P', 'EMB_P', 'EMB_P', 'EMB_P', 'EMB_P', 'EMB_P', 'EMB_P', 'EMB_P', 'EMB_P', 'EMB_P', 'EMB_P', 'EMB_P', 'EMB_P', 'EMB_P', 'EMB_P', 'EMB_P', 'EMB_P', 'EMB_P', 'EMB_P', 'EMB_P', 'EMB_P']","['EMB_O', 'EMB_O', 'EMB_O', 'EMB_O', 'OPN_B', 'OPN_I', 'OPN_E', 'EMB_O', 'EMB_O', 'EMB_O', 'EMB_O', 'EMB_O', 'EMB_O', 'EMB_O', 'EMB_O', 'EMB_P', 'EMB_P', 'EMB_P', 'EMB_P', 'EMB_P', 'EMB_P', 'EMB_P', 'EMB_P', 'EMB_P', 'EMB_P', 'EMB_P', 'EMB_P', 'EMB_P', 'EMB_P', 'EMB_P', 'EMB_P', 'EMB_P', 'EMB_P', 'EMB_P', 'EMB_P', 'EMB_P', 'EMB_P', 'EMB_P', 'EMB_P', 'EMB_P', 'EMB_P', 'EMB_P', 'EMB_P', 'EMB_P', 'EMB_P', 'EMB_P', 'EMB_P', 'EMB_P', 'EMB_P', 'EMB_P', 'EMB_P', 'EMB_P', 'EMB_P', 'EMB_P', 'EMB_P', 'EMB_P', 'EMB_P', 'EMB_P', 'EMB_P', 'EMB_P', 'EMB_P', 'EMB_P', 'EMB_P', 'EMB_P', 'EMB_P', 'EMB_P', 'EMB_P', 'EMB_P', 'EMB_P', 'EMB_P', 'EMB_P', 'EMB_P', 'EMB_P', 'EMB_P', 'EMB_P', 'EMB_P', 'EMB_P', 'EMB_P', 'EMB_P', 'EMB_P', 'EMB_P', 'EMB_P', 'EMB_P', 'EMB_P', 'EMB_P', 'EMB_P', 'EMB_P', 'EMB_P', 'EMB_P', 'EMB_P', 'EMB_P', 'EMB_P', 'EMB_P', 'EMB_P', 'EMB_P', 'EMB_P', 'EMB_P', 'EMB_P', 'EMB_P', 'EMB_P', 'EMB_P', 'EMB_P', 'EMB_P', 'EMB_P', 'EMB_P', 'EMB_P', 'EMB_P', 'EMB_P', 'EMB_P', 'EMB_P', 'EMB_P', 'EMB_P', 'EMB_P', 'EMB_P', 'EMB_P', 'EMB_P', 'EMB_P', 'EMB_P', 'EMB_P', 'EMB_P', 'EMB_P', 'EMB_P', 'EMB_P', 'EMB_P', 'EMB_P', 'EMB_P', 'EMB_P', 'EMB_P']"
303,ram,NULL,laptop_quad_dev_264,having ram problems after 1 .,2.88,7.0,"['EMB_O', 'EMB_O', 'ASP_B', 'ASP_E', 'EMB_O', 'EMB_O', 'EMB_O', 'EMB_O', 'EMB_O', 'EMB_P', 'EMB_P', 'EMB_P', 'EMB_P', 'EMB_P', 'EMB_P', 'EMB_P', 'EMB_P', 'EMB_P', 'EMB_P', 'EMB_P', 'EMB_P', 'EMB_P', 'EMB_P', 'EMB_P', 'EMB_P', 'EMB_P', 'EMB_P', 'EMB_P', 'EMB_P', 'EMB_P', 'EMB_P', 'EMB_P', 'EMB_P', 'EMB_P', 'EMB_P', 'EMB_P', 'EMB_P', 'EMB_P', 'EMB_P', 'EMB_P', 'EMB_P', 'EMB_P', 'EMB_P', 'EMB_P', 'EMB_P', 'EMB_P', 'EMB_P', 'EMB_P', 'EMB_P', 'EMB_P', 'EMB_P', 'EMB_P', 'EMB_P', 'EMB_P', 'EMB_P', 'EMB_P', 'EMB_P', 'EMB_P', 'EMB_P', 'EMB_P', 'EMB_P', 'EMB_P', 'EMB_P', 'EMB_P', 'EMB_P', 'EMB_P', 'EMB_P', 'EMB_P', 'EMB_P', 'EMB_P', 'EMB_P', 'EMB_P', 'EMB_P', 'EMB_P', 'EMB_P', 'EMB_P', 'EMB_P', 'EMB_P', 'EMB_P', 'EMB_P', 'EMB_P', 'EMB_P', 'EMB_P', 'EMB_P', 'EMB_P', 'EMB_P', 'EMB_P', 'EMB_P', 'EMB_P', 'EMB_P', 'EMB_P', 'EMB_P', 'EMB_P', 'EMB_P', 'EMB_P', 'EMB_P', 'EMB_P', 'EMB_P', 'EMB_P', 'EMB_P', 'EMB_P', 'EMB_P', 'EMB_P', 'EMB_P', 'EMB_P', 'EMB_P', 'EMB_P', 'EMB_P', 'EMB_P', 'EMB_P', 'EMB_P', 'EMB_P', 'EMB_P', 'EMB_P', 'EMB_P', 'EMB_P', 'EMB_P', 'EMB_P', 'EMB_P', 'EMB_P', 'EMB_P', 'EMB_P', 'EMB_P', 'EMB_P', 'EMB_P', 'EMB_P', 'EMB_P', 'EMB_P']","['EMB_O', 'EMB_O', 'EMB_O', 'EMB_O', 'EMB_O', 'EMB_O', 'EMB_O', 'EMB_O', 'EMB_O', 'EMB_P', 'EMB_P', 'EMB_P', 'EMB_P', 'EMB_P', 'EMB_P', 'EMB_P', 'EMB_P', 'EMB_P', 'EMB_P', 'EMB_P', 'EMB_P', 'EMB_P', 'EMB_P', 'EMB_P', 'EMB_P', 'EMB_P', 'EMB_P', 'EMB_P', 'EMB_P', 'EMB_P', 'EMB_P', 'EMB_P', 'EMB_P', 'EMB_P', 'EMB_P', 'EMB_P', 'EMB_P', 'EMB_P', 'EMB_P', 'EMB_P', 'EMB_P', 'EMB_P', 'EMB_P', 'EMB_P', 'EMB_P', 'EMB_P', 'EMB_P', 'EMB_P', 'EMB_P', 'EMB_P', 'EMB_P', 'EMB_P', 'EMB_P', 'EMB_P', 'EMB_P', 'EMB_P', 'EMB_P', 'EMB_P', 'EMB_P', 'EMB_P', 'EMB_P', 'EMB_P', 'EMB_P', 'EMB_P', 'EMB_P', 'EMB_P', 'EMB_P', 'EMB_P', 'EMB_P', 'EMB_P', 'EMB_P', 'EMB_P', 'EMB_P', 'EMB_P', 'EMB_P', 'EMB_P', 'EMB_P', 'EMB_P', 'EMB_P', 'EMB_P', 'EMB_P', 'EMB_P', 'EMB_P', 'EMB_P', 'EMB_P', 'EMB_P', 'EMB_P', 'EMB_P', 'EMB_P', 'EMB_P', 'EMB_P', 'EMB_P', 'EMB_P', 'EMB_P', 'EMB_P', 'EMB_P', 'EMB_P', 'EMB_P', 'EMB_P', 'EMB_P', 'EMB_P', 'EMB_P', 'EMB_P', 'EMB_P', 'EMB_P', 'EMB_P', 'EMB_P', 'EMB_P', 'EMB_P', 'EMB_P', 'EMB_P', 'EMB_P', 'EMB_P', 'EMB_P', 'EMB_P', 'EMB_P', 'EMB_P', 'EMB_P', 'EMB_P', 'EMB_P', 'EMB_P', 'EMB_P', 'EMB_P', 'EMB_P', 'EMB_P', 'EMB_P', 'EMB_P', 'EMB_P']"
304,laptop,NULL,laptop_quad_dev_265,"i ' ve been able to play fortnite on this laptop , medium settings , with no issues or lag / stutter .",6.88,6.75,"['EMB_O', 'EMB_O', 'EMB_O', 'EMB_O', 'EMB_O', 'EMB_O', 'EMB_O', 'EMB_O', 'EMB_O', 'EMB_O', 'EMB_O', 'EMB_O', 'ASP_B', 'ASP_E', 'EMB_O', 'EMB_O', 'EMB_O', 'EMB_O', 'EMB_O', 'EMB_O', 'EMB_O', 'EMB_O', 'EMB_O', 'EMB_O', 'EMB_O', 'EMB_O', 'EMB_O', 'EMB_O', 'EMB_O', 'EMB_P', 'EMB_P', 'EMB_P', 'EMB_P', 'EMB_P', 'EMB_P', 'EMB_P', 'EMB_P', 'EMB_P', 'EMB_P', 'EMB_P', 'EMB_P', 'EMB_P', 'EMB_P', 'EMB_P', 'EMB_P', 'EMB_P', 'EMB_P', 'EMB_P', 'EMB_P', 'EMB_P', 'EMB_P', 'EMB_P', 'EMB_P', 'EMB_P', 'EMB_P', 'EMB_P', 'EMB_P', 'EMB_P', 'EMB_P', 'EMB_P', 'EMB_P', 'EMB_P', 'EMB_P', 'EMB_P', 'EMB_P', 'EMB_P', 'EMB_P', 'EMB_P', 'EMB_P', 'EMB_P', 'EMB_P', 'EMB_P', 'EMB_P', 'EMB_P', 'EMB_P', 'EMB_P', 'EMB_P', 'EMB_P', 'EMB_P', 'EMB_P', 'EMB_P', 'EMB_P', 'EMB_P', 'EMB_P', 'EMB_P', 'EMB_P', 'EMB_P', 'EMB_P', 'EMB_P', 'EMB_P', 'EMB_P', 'EMB_P', 'EMB_P', 'EMB_P', 'EMB_P', 'EMB_P', 'EMB_P', 'EMB_P', 'EMB_P', 'EMB_P', 'EMB_P', 'EMB_P', 'EMB_P', 'EMB_P', 'EMB_P', 'EMB_P', 'EMB_P', 'EMB_P', 'EMB_P', 'EMB_P', 'EMB_P', 'EMB_P', 'EMB_P', 'EMB_P', 'EMB_P', 'EMB_P', 'EMB_P', 'EMB_P', 'EMB_P', 'EMB_P', 'EMB_P', 'EMB_P', 'EMB_P', 'EMB_P', 'EMB_P', 'EMB_P', 'EMB_P', 'EMB_P']","['EMB_O', 'EMB_O', 'EMB_O', 'EMB_O', 'EMB_O', 'EMB_O', 'EMB_O', 'EMB_O', 'EMB_O', 'EMB_O', 'EMB_O', 'EMB_O', 'EMB_O', 'EMB_O', 'EMB_O', 'EMB_O', 'EMB_O', 'EMB_O', 'EMB_O', 'EMB_O', 'EMB_O', 'EMB_O', 'EMB_O', 'EMB_O', 'EMB_O', 'EMB_O', 'EMB_O', 'EMB_O', 'EMB_O', 'EMB_P', 'EMB_P', 'EMB_P', 'EMB_P', 'EMB_P', 'EMB_P', 'EMB_P', 'EMB_P', 'EMB_P', 'EMB_P', 'EMB_P', 'EMB_P', 'EMB_P', 'EMB_P', 'EMB_P', 'EMB_P', 'EMB_P', 'EMB_P', 'EMB_P', 'EMB_P', 'EMB_P', 'EMB_P', 'EMB_P', 'EMB_P', 'EMB_P', 'EMB_P', 'EMB_P', 'EMB_P', 'EMB_P', 'EMB_P', 'EMB_P', 'EMB_P', 'EMB_P', 'EMB_P', 'EMB_P', 'EMB_P', 'EMB_P', 'EMB_P', 'EMB_P', 'EMB_P', 'EMB_P', 'EMB_P', 'EMB_P', 'EMB_P', 'EMB_P', 'EMB_P', 'EMB_P', 'EMB_P', 'EMB_P', 'EMB_P', 'EMB_P', 'EMB_P', 'EMB_P', 'EMB_P', 'EMB_P', 'EMB_P', 'EMB_P', 'EMB_P', 'EMB_P', 'EMB_P', 'EMB_P', 'EMB_P', 'EMB_P', 'EMB_P', 'EMB_P', 'EMB_P', 'EMB_P', 'EMB_P', 'EMB_P', 'EMB_P', 'EMB_P', 'EMB_P', 'EMB_P', 'EMB_P', 'EMB_P', 'EMB_P', 'EMB_P', 'EMB_P', 'EMB_P', 'EMB_P', 'EMB_P', 'EMB_P', 'EMB_P', 'EMB_P', 'EMB_P', 'EMB_P', 'EMB_P', 'EMB_P', 'EMB_P', 'EMB_P', 'EMB_P', 'EMB_P', 'EMB_P', 'EMB_P', 'EMB_P', 'EMB_P', 'EMB_P', 'EMB_P', 'EMB_P']"
305,laptop,NULL,laptop_quad_dev_266,"unfortunately i was never able to complete this task , because after booting the laptop it suddenly shut - off on me and wouldn ' t turn back on again .",4.12,5.5,"['EMB_O', 'EMB_O', 'EMB_O', 'EMB_O', 'EMB_O', 'EMB_O', 'EMB_O', 'EMB_O', 'EMB_O', 'EMB_O', 'EMB_O', 'EMB_O', 'EMB_O', 'EMB_O', 'EMB_O', 'EMB_O', 'EMB_O', 'EMB_O', 'EMB_O', 'ASP_B', 'ASP_E', 'EMB_O', 'EMB_O', 'EMB_O', 'EMB_O', 'EMB_O', 'EMB_O', 'EMB_O', 'EMB_O', 'EMB_O', 'EMB_O', 'EMB_O', 'EMB_O', 'EMB_O', 'EMB_O', 'EMB_O', 'EMB_O', 'EMB_O', 'EMB_O', 'EMB_P', 'EMB_P', 'EMB_P', 'EMB_P', 'EMB_P', 'EMB_P', 'EMB_P', 'EMB_P', 'EMB_P', 'EMB_P', 'EMB_P', 'EMB_P', 'EMB_P', 'EMB_P', 'EMB_P', 'EMB_P', 'EMB_P', 'EMB_P', 'EMB_P', 'EMB_P', 'EMB_P', 'EMB_P', 'EMB_P', 'EMB_P', 'EMB_P', 'EMB_P', 'EMB_P', 'EMB_P', 'EMB_P', 'EMB_P', 'EMB_P', 'EMB_P', 'EMB_P', 'EMB_P', 'EMB_P', 'EMB_P', 'EMB_P', 'EMB_P', 'EMB_P', 'EMB_P', 'EMB_P', 'EMB_P', 'EMB_P', 'EMB_P', 'EMB_P', 'EMB_P', 'EMB_P', 'EMB_P', 'EMB_P', 'EMB_P', 'EMB_P', 'EMB_P', 'EMB_P', 'EMB_P', 'EMB_P', 'EMB_P', 'EMB_P', 'EMB_P', 'EMB_P', 'EMB_P', 'EMB_P', 'EMB_P', 'EMB_P', 'EMB_P', 'EMB_P', 'EMB_P', 'EMB_P', 'EMB_P', 'EMB_P', 'EMB_P', 'EMB_P', 'EMB_P', 'EMB_P', 'EMB_P', 'EMB_P', 'EMB_P', 'EMB_P', 'EMB_P', 'EMB_P', 'EMB_P', 'EMB_P', 'EMB_P', 'EMB_P', 'EMB_P', 'EMB_P', 'EMB_P', 'EMB_P', 'EMB_P', 'EMB_P']","['EMB_O', 'EMB_O', 'EMB_O', 'EMB_O', 'EMB_O', 'EMB_O', 'EMB_O', 'EMB_O', 'EMB_O', 'EMB_O', 'EMB_O', 'EMB_O', 'EMB_O', 'EMB_O', 'EMB_O', 'EMB_O', 'EMB_O', 'EMB_O', 'EMB_O', 'EMB_O', 'EMB_O', 'EMB_O', 'EMB_O', 'EMB_O', 'EMB_O', 'EMB_O', 'EMB_O', 'EMB_O', 'EMB_O', 'EMB_O', 'EMB_O', 'EMB_O', 'EMB_O', 'EMB_O', 'EMB_O', 'EMB_O', 'EMB_O', 'EMB_O', 'EMB_O', 'EMB_P', 'EMB_P', 'EMB_P', 'EMB_P', 'EMB_P', 'EMB_P', 'EMB_P', 'EMB_P', 'EMB_P', 'EMB_P', 'EMB_P', 'EMB_P', 'EMB_P', 'EMB_P', 'EMB_P', 'EMB_P', 'EMB_P', 'EMB_P', 'EMB_P', 'EMB_P', 'EMB_P', 'EMB_P', 'EMB_P', 'EMB_P', 'EMB_P', 'EMB_P', 'EMB_P', 'EMB_P', 'EMB_P', 'EMB_P', 'EMB_P', 'EMB_P', 'EMB_P', 'EMB_P', 'EMB_P', 'EMB_P', 'EMB_P', 'EMB_P', 'EMB_P', 'EMB_P', 'EMB_P', 'EMB_P', 'EMB_P', 'EMB_P', 'EMB_P', 'EMB_P', 'EMB_P', 'EMB_P', 'EMB_P', 'EMB_P', 'EMB_P', 'EMB_P', 'EMB_P', 'EMB_P', 'EMB_P', 'EMB_P', 'EMB_P', 'EMB_P', 'EMB_P', 'EMB_P', 'EMB_P', 'EMB_P', 'EMB_P', 'EMB_P', 'EMB_P', 'EMB_P', 'EMB_P', 'EMB_P', 'EMB_P', 'EMB_P', 'EMB_P', 'EMB_P', 'EMB_P', 'EMB_P', 'EMB_P', 'EMB_P', 'EMB_P', 'EMB_P', 'EMB_P', 'EMB_P', 'EMB_P', 'EMB_P', 'EMB_P', 'EMB_P', 'EMB_P', 'EMB_P', 'EMB_P', 'EMB_P', 'EMB_P']"
306,wall power adapter charger,NULL,laptop_quad_dev_267,the wall power adapter charger is not working and then later caught fire .,4.5,5.25,"['EMB_O', 'EMB_O', 'ASP_B', 'ASP_I', 'ASP_I', 'ASP_I', 'ASP_I', 'ASP_E', 'EMB_O', 'EMB_O', 'EMB_O', 'EMB_O', 'EMB_O', 'EMB_O', 'EMB_O', 'EMB_O', 'EMB_O', 'EMB_O', 'EMB_P', 'EMB_P', 'EMB_P', 'EMB_P', 'EMB_P', 'EMB_P', 'EMB_P', 'EMB_P', 'EMB_P', 'EMB_P', 'EMB_P', 'EMB_P', 'EMB_P', 'EMB_P', 'EMB_P', 'EMB_P', 'EMB_P', 'EMB_P', 'EMB_P', 'EMB_P', 'EMB_P', 'EMB_P', 'EMB_P', 'EMB_P', 'EMB_P', 'EMB_P', 'EMB_P', 'EMB_P', 'EMB_P', 'EMB_P', 'EMB_P', 'EMB_P', 'EMB_P', 'EMB_P', 'EMB_P', 'EMB_P', 'EMB_P', 'EMB_P', 'EMB_P', 'EMB_P', 'EMB_P', 'EMB_P', 'EMB_P', 'EMB_P', 'EMB_P', 'EMB_P', 'EMB_P', 'EMB_P', 'EMB_P', 'EMB_P', 'EMB_P', 'EMB_P', 'EMB_P', 'EMB_P', 'EMB_P', 'EMB_P', 'EMB_P', 'EMB_P', 'EMB_P', 'EMB_P', 'EMB_P', 'EMB_P', 'EMB_P', 'EMB_P', 'EMB_P', 'EMB_P', 'EMB_P', 'EMB_P', 'EMB_P', 'EMB_P', 'EMB_P', 'EMB_P', 'EMB_P', 'EMB_P', 'EMB_P', 'EMB_P', 'EMB_P', 'EMB_P', 'EMB_P', 'EMB_P', 'EMB_P', 'EMB_P', 'EMB_P', 'EMB_P', 'EMB_P', 'EMB_P', 'EMB_P', 'EMB_P', 'EMB_P', 'EMB_P', 'EMB_P', 'EMB_P', 'EMB_P', 'EMB_P', 'EMB_P', 'EMB_P', 'EMB_P', 'EMB_P', 'EMB_P', 'EMB_P', 'EMB_P', 'EMB_P', 'EMB_P', 'EMB_P', 'EMB_P', 'EMB_P', 'EMB_P', 'EMB_P', 'EMB_P', 'EMB_P']","['EMB_O', 'EMB_O', 'EMB_O', 'EMB_O', 'EMB_O', 'EMB_O', 'EMB_O', 'EMB_O', 'EMB_O', 'EMB_O', 'EMB_O', 'EMB_O', 'EMB_O', 'EMB_O', 'EMB_O', 'EMB_O', 'EMB_O', 'EMB_O', 'EMB_P', 'EMB_P', 'EMB_P', 'EMB_P', 'EMB_P', 'EMB_P', 'EMB_P', 'EMB_P', 'EMB_P', 'EMB_P', 'EMB_P', 'EMB_P', 'EMB_P', 'EMB_P', 'EMB_P', 'EMB_P', 'EMB_P', 'EMB_P', 'EMB_P', 'EMB_P', 'EMB_P', 'EMB_P', 'EMB_P', 'EMB_P', 'EMB_P', 'EMB_P', 'EMB_P', 'EMB_P', 'EMB_P', 'EMB_P', 'EMB_P', 'EMB_P', 'EMB_P', 'EMB_P', 'EMB_P', 'EMB_P', 'EMB_P', 'EMB_P', 'EMB_P', 'EMB_P', 'EMB_P', 'EMB_P', 'EMB_P', 'EMB_P', 'EMB_P', 'EMB_P', 'EMB_P', 'EMB_P', 'EMB_P', 'EMB_P', 'EMB_P', 'EMB_P', 'EMB_P', 'EMB_P', 'EMB_P', 'EMB_P', 'EMB_P', 'EMB_P', 'EMB_P', 'EMB_P', 'EMB_P', 'EMB_P', 'EMB_P', 'EMB_P', 'EMB_P', 'EMB_P', 'EMB_P', 'EMB_P', 'EMB_P', 'EMB_P', 'EMB_P', 'EMB_P', 'EMB_P', 'EMB_P', 'EMB_P', 'EMB_P', 'EMB_P', 'EMB_P', 'EMB_P', 'EMB_P', 'EMB_P', 'EMB_P', 'EMB_P', 'EMB_P', 'EMB_P', 'EMB_P', 'EMB_P', 'EMB_P', 'EMB_P', 'EMB_P', 'EMB_P', 'EMB_P', 'EMB_P', 'EMB_P', 'EMB_P', 'EMB_P', 'EMB_P', 'EMB_P', 'EMB_P', 'EMB_P', 'EMB_P', 'EMB_P', 'EMB_P', 'EMB_P', 'EMB_P', 'EMB_P', 'EMB_P', 'EMB_P', 'EMB_P', 'EMB_P']"
307,laptop,extremely disappointed,laptop_quad_dev_268,i ' m extremely disappointed with the performance of this laptop .,1.83,7.83,"['EMB_O', 'EMB_O', 'EMB_O', 'EMB_O', 'EMB_O', 'EMB_O', 'EMB_O', 'EMB_O', 'EMB_O', 'EMB_O', 'EMB_O', 'EMB_O', 'EMB_O', 'ASP_B', 'ASP_E', 'EMB_O', 'EMB_O', 'EMB_P', 'EMB_P', 'EMB_P', 'EMB_P', 'EMB_P', 'EMB_P', 'EMB_P', 'EMB_P', 'EMB_P', 'EMB_P', 'EMB_P', 'EMB_P', 'EMB_P', 'EMB_P', 'EMB_P', 'EMB_P', 'EMB_P', 'EMB_P', 'EMB_P', 'EMB_P', 'EMB_P', 'EMB_P', 'EMB_P', 'EMB_P', 'EMB_P', 'EMB_P', 'EMB_P', 'EMB_P', 'EMB_P', 'EMB_P', 'EMB_P', 'EMB_P', 'EMB_P', 'EMB_P', 'EMB_P', 'EMB_P', 'EMB_P', 'EMB_P', 'EMB_P', 'EMB_P', 'EMB_P', 'EMB_P', 'EMB_P', 'EMB_P', 'EMB_P', 'EMB_P', 'EMB_P', 'EMB_P', 'EMB_P', 'EMB_P', 'EMB_P', 'EMB_P', 'EMB_P', 'EMB_P', 'EMB_P', 'EMB_P', 'EMB_P', 'EMB_P', 'EMB_P', 'EMB_P', 'EMB_P', 'EMB_P', 'EMB_P', 'EMB_P', 'EMB_P', 'EMB_P', 'EMB_P', 'EMB_P', 'EMB_P', 'EMB_P', 'EMB_P', 'EMB_P', 'EMB_P', 'EMB_P', 'EMB_P', 'EMB_P', 'EMB_P', 'EMB_P', 'EMB_P', 'EMB_P', 'EMB_P', 'EMB_P', 'EMB_P', 'EMB_P', 'EMB_P', 'EMB_P', 'EMB_P', 'EMB_P', 'EMB_P', 'EMB_P', 'EMB_P', 'EMB_P', 'EMB_P', 'EMB_P', 'EMB_P', 'EMB_P', 'EMB_P', 'EMB_P', 'EMB_P', 'EMB_P', 'EMB_P', 'EMB_P', 'EMB_P', 'EMB_P', 'EMB_P', 'EMB_P', 'EMB_P', 'EMB_P', 'EMB_P', 'EMB_P', 'EMB_P']","['EMB_O', 'EMB_O', 'EMB_O', 'EMB_O', 'OPN_B', 'OPN_I', 'OPN_I', 'OPN_E', 'EMB_O', 'EMB_O', 'EMB_O', 'EMB_O', 'EMB_O', 'EMB_O', 'EMB_O', 'EMB_O', 'EMB_O', 'EMB_P', 'EMB_P', 'EMB_P', 'EMB_P', 'EMB_P', 'EMB_P', 'EMB_P', 'EMB_P', 'EMB_P', 'EMB_P', 'EMB_P', 'EMB_P', 'EMB_P', 'EMB_P', 'EMB_P', 'EMB_P', 'EMB_P', 'EMB_P', 'EMB_P', 'EMB_P', 'EMB_P', 'EMB_P', 'EMB_P', 'EMB_P', 'EMB_P', 'EMB_P', 'EMB_P', 'EMB_P', 'EMB_P', 'EMB_P', 'EMB_P', 'EMB_P', 'EMB_P', 'EMB_P', 'EMB_P', 'EMB_P', 'EMB_P', 'EMB_P', 'EMB_P', 'EMB_P', 'EMB_P', 'EMB_P', 'EMB_P', 'EMB_P', 'EMB_P', 'EMB_P', 'EMB_P', 'EMB_P', 'EMB_P', 'EMB_P', 'EMB_P', 'EMB_P', 'EMB_P', 'EMB_P', 'EMB_P', 'EMB_P', 'EMB_P', 'EMB_P', 'EMB_P', 'EMB_P', 'EMB_P', 'EMB_P', 'EMB_P', 'EMB_P', 'EMB_P', 'EMB_P', 'EMB_P', 'EMB_P', 'EMB_P', 'EMB_P', 'EMB_P', 'EMB_P', 'EMB_P', 'EMB_P', 'EMB_P', 'EMB_P', 'EMB_P', 'EMB_P', 'EMB_P', 'EMB_P', 'EMB_P', 'EMB_P', 'EMB_P', 'EMB_P', 'EMB_P', 'EMB_P', 'EMB_P', 'EMB_P', 'EMB_P', 'EMB_P', 'EMB_P', 'EMB_P', 'EMB_P', 'EMB_P', 'EMB_P', 'EMB_P', 'EMB_P', 'EMB_P', 'EMB_P', 'EMB_P', 'EMB_P', 'EMB_P', 'EMB_P', 'EMB_P', 'EMB_P', 'EMB_P', 'EMB_P', 'EMB_P', 'EMB_P', 'EMB_P', 'EMB_P']"
308,laptop,NULL,laptop_quad_dev_269,there are several traps inside and outside of laptop .,5.0,5.0,"['EMB_O', 'EMB_O', 'EMB_O', 'EMB_O', 'EMB_O', 'EMB_O', 'EMB_O', 'EMB_O', 'EMB_O', 'EMB_O', 'ASP_B', 'ASP_E', 'EMB_O', 'EMB_O', 'EMB_P', 'EMB_P', 'EMB_P', 'EMB_P', 'EMB_P', 'EMB_P', 'EMB_P', 'EMB_P', 'EMB_P', 'EMB_P', 'EMB_P', 'EMB_P', 'EMB_P', 'EMB_P', 'EMB_P', 'EMB_P', 'EMB_P', 'EMB_P', 'EMB_P', 'EMB_P', 'EMB_P', 'EMB_P', 'EMB_P', 'EMB_P', 'EMB_P', 'EMB_P', 'EMB_P', 'EMB_P', 'EMB_P', 'EMB_P', 'EMB_P', 'EMB_P', 'EMB_P', 'EMB_P', 'EMB_P', 'EMB_P', 'EMB_P', 'EMB_P', 'EMB_P', 'EMB_P', 'EMB_P', 'EMB_P', 'EMB_P', 'EMB_P', 'EMB_P', 'EMB_P', 'EMB_P', 'EMB_P', 'EMB_P', 'EMB_P', 'EMB_P', 'EMB_P', 'EMB_P', 'EMB_P', 'EMB_P', 'EMB_P', 'EMB_P', 'EMB_P', 'EMB_P', 'EMB_P', 'EMB_P', 'EMB_P', 'EMB_P', 'EMB_P', 'EMB_P', 'EMB_P', 'EMB_P', 'EMB_P', 'EMB_P', 'EMB_P', 'EMB_P', 'EMB_P', 'EMB_P', 'EMB_P', 'EMB_P', 'EMB_P', 'EMB_P', 'EMB_P', 'EMB_P', 'EMB_P', 'EMB_P', 'EMB_P', 'EMB_P', 'EMB_P', 'EMB_P', 'EMB_P', 'EMB_P', 'EMB_P', 'EMB_P', 'EMB_P', 'EMB_P', 'EMB_P', 'EMB_P', 'EMB_P', 'EMB_P', 'EMB_P', 'EMB_P', 'EMB_P', 'EMB_P', 'EMB_P', 'EMB_P', 'EMB_P', 'EMB_P', 'EMB_P', 'EMB_P', 'EMB_P', 'EMB_P', 'EMB_P', 'EMB_P', 'EMB_P', 'EMB_P', 'EMB_P', 'EMB_P', 'EMB_P']","['EMB_O', 'EMB_O', 'EMB_O', 'EMB_O', 'EMB_O', 'EMB_O', 'EMB_O', 'EMB_O', 'EMB_O', 'EMB_O', 'EMB_O', 'EMB_O', 'EMB_O', 'EMB_O', 'EMB_P', 'EMB_P', 'EMB_P', 'EMB_P', 'EMB_P', 'EMB_P', 'EMB_P', 'EMB_P', 'EMB_P', 'EMB_P', 'EMB_P', 'EMB_P', 'EMB_P', 'EMB_P', 'EMB_P', 'EMB_P', 'EMB_P', 'EMB_P', 'EMB_P', 'EMB_P', 'EMB_P', 'EMB_P', 'EMB_P', 'EMB_P', 'EMB_P', 'EMB_P', 'EMB_P', 'EMB_P', 'EMB_P', 'EMB_P', 'EMB_P', 'EMB_P', 'EMB_P', 'EMB_P', 'EMB_P', 'EMB_P', 'EMB_P', 'EMB_P', 'EMB_P', 'EMB_P', 'EMB_P', 'EMB_P', 'EMB_P', 'EMB_P', 'EMB_P', 'EMB_P', 'EMB_P', 'EMB_P', 'EMB_P', 'EMB_P', 'EMB_P', 'EMB_P', 'EMB_P', 'EMB_P', 'EMB_P', 'EMB_P', 'EMB_P', 'EMB_P', 'EMB_P', 'EMB_P', 'EMB_P', 'EMB_P', 'EMB_P', 'EMB_P', 'EMB_P', 'EMB_P', 'EMB_P', 'EMB_P', 'EMB_P', 'EMB_P', 'EMB_P', 'EMB_P', 'EMB_P', 'EMB_P', 'EMB_P', 'EMB_P', 'EMB_P', 'EMB_P', 'EMB_P', 'EMB_P', 'EMB_P', 'EMB_P', 'EMB_P', 'EMB_P', 'EMB_P', 'EMB_P', 'EMB_P', 'EMB_P', 'EMB_P', 'EMB_P', 'EMB_P', 'EMB_P', 'EMB_P', 'EMB_P', 'EMB_P', 'EMB_P', 'EMB_P', 'EMB_P', 'EMB_P', 'EMB_P', 'EMB_P', 'EMB_P', 'EMB_P', 'EMB_P', 'EMB_P', 'EMB_P', 'EMB_P', 'EMB_P', 'EMB_P', 'EMB_P', 'EMB_P', 'EMB_P', 'EMB_P', 'EMB_P']"
309,keyboard,not good,laptop_quad_dev_270,keyboard is not good .,3.5,6.38,"['EMB_O', 'ASP_S', 'EMB_O', 'EMB_O', 'EMB_O', 'EMB_O', 'EMB_O', 'EMB_P', 'EMB_P', 'EMB_P', 'EMB_P', 'EMB_P', 'EMB_P', 'EMB_P', 'EMB_P', 'EMB_P', 'EMB_P', 'EMB_P', 'EMB_P', 'EMB_P', 'EMB_P', 'EMB_P', 'EMB_P', 'EMB_P', 'EMB_P', 'EMB_P', 'EMB_P', 'EMB_P', 'EMB_P', 'EMB_P', 'EMB_P', 'EMB_P', 'EMB_P', 'EMB_P', 'EMB_P', 'EMB_P', 'EMB_P', 'EMB_P', 'EMB_P', 'EMB_P', 'EMB_P', 'EMB_P', 'EMB_P', 'EMB_P', 'EMB_P', 'EMB_P', 'EMB_P', 'EMB_P', 'EMB_P', 'EMB_P', 'EMB_P', 'EMB_P', 'EMB_P', 'EMB_P', 'EMB_P', 'EMB_P', 'EMB_P', 'EMB_P', 'EMB_P', 'EMB_P', 'EMB_P', 'EMB_P', 'EMB_P', 'EMB_P', 'EMB_P', 'EMB_P', 'EMB_P', 'EMB_P', 'EMB_P', 'EMB_P', 'EMB_P', 'EMB_P', 'EMB_P', 'EMB_P', 'EMB_P', 'EMB_P', 'EMB_P', 'EMB_P', 'EMB_P', 'EMB_P', 'EMB_P', 'EMB_P', 'EMB_P', 'EMB_P', 'EMB_P', 'EMB_P', 'EMB_P', 'EMB_P', 'EMB_P', 'EMB_P', 'EMB_P', 'EMB_P', 'EMB_P', 'EMB_P', 'EMB_P', 'EMB_P', 'EMB_P', 'EMB_P', 'EMB_P', 'EMB_P', 'EMB_P', 'EMB_P', 'EMB_P', 'EMB_P', 'EMB_P', 'EMB_P', 'EMB_P', 'EMB_P', 'EMB_P', 'EMB_P', 'EMB_P', 'EMB_P', 'EMB_P', 'EMB_P', 'EMB_P', 'EMB_P', 'EMB_P', 'EMB_P', 'EMB_P', 'EMB_P', 'EMB_P', 'EMB_P', 'EMB_P', 'EMB_P', 'EMB_P', 'EMB_P', 'EMB_P', 'EMB_P']","['EMB_O', 'EMB_O', 'EMB_O', 'OPN_B', 'OPN_E', 'EMB_O', 'EMB_O', 'EMB_P', 'EMB_P', 'EMB_P', 'EMB_P', 'EMB_P', 'EMB_P', 'EMB_P', 'EMB_P', 'EMB_P', 'EMB_P', 'EMB_P', 'EMB_P', 'EMB_P', 'EMB_P', 'EMB_P', 'EMB_P', 'EMB_P', 'EMB_P', 'EMB_P', 'EMB_P', 'EMB_P', 'EMB_P', 'EMB_P', 'EMB_P', 'EMB_P', 'EMB_P', 'EMB_P', 'EMB_P', 'EMB_P', 'EMB_P', 'EMB_P', 'EMB_P', 'EMB_P', 'EMB_P', 'EMB_P', 'EMB_P', 'EMB_P', 'EMB_P', 'EMB_P', 'EMB_P', 'EMB_P', 'EMB_P', 'EMB_P', 'EMB_P', 'EMB_P', 'EMB_P', 'EMB_P', 'EMB_P', 'EMB_P', 'EMB_P', 'EMB_P', 'EMB_P', 'EMB_P', 'EMB_P', 'EMB_P', 'EMB_P', 'EMB_P', 'EMB_P', 'EMB_P', 'EMB_P', 'EMB_P', 'EMB_P', 'EMB_P', 'EMB_P', 'EMB_P', 'EMB_P', 'EMB_P', 'EMB_P', 'EMB_P', 'EMB_P', 'EMB_P', 'EMB_P', 'EMB_P', 'EMB_P', 'EMB_P', 'EMB_P', 'EMB_P', 'EMB_P', 'EMB_P', 'EMB_P', 'EMB_P', 'EMB_P', 'EMB_P', 'EMB_P', 'EMB_P', 'EMB_P', 'EMB_P', 'EMB_P', 'EMB_P', 'EMB_P', 'EMB_P', 'EMB_P', 'EMB_P', 'EMB_P', 'EMB_P', 'EMB_P', 'EMB_P', 'EMB_P', 'EMB_P', 'EMB_P', 'EMB_P', 'EMB_P', 'EMB_P', 'EMB_P', 'EMB_P', 'EMB_P', 'EMB_P', 'EMB_P', 'EMB_P', 'EMB_P', 'EMB_P', 'EMB_P', 'EMB_P', 'EMB_P', 'EMB_P', 'EMB_P', 'EMB_P', 'EMB_P', 'EMB_P', 'EMB_P', 'EMB_P']"
310,lid,sleek,laptop_quad_dev_271,- sleek and nice texture on lid,7.0,7.25,"['EMB_O', 'EMB_O', 'EMB_O', 'EMB_O', 'EMB_O', 'EMB_O', 'EMB_O', 'EMB_O', 'EMB_O', 'EMB_O', 'ASP_S', 'EMB_O', 'EMB_P', 'EMB_P', 'EMB_P', 'EMB_P', 'EMB_P', 'EMB_P', 'EMB_P', 'EMB_P', 'EMB_P', 'EMB_P', 'EMB_P', 'EMB_P', 'EMB_P', 'EMB_P', 'EMB_P', 'EMB_P', 'EMB_P', 'EMB_P', 'EMB_P', 'EMB_P', 'EMB_P', 'EMB_P', 'EMB_P', 'EMB_P', 'EMB_P', 'EMB_P', 'EMB_P', 'EMB_P', 'EMB_P', 'EMB_P', 'EMB_P', 'EMB_P', 'EMB_P', 'EMB_P', 'EMB_P', 'EMB_P', 'EMB_P', 'EMB_P', 'EMB_P', 'EMB_P', 'EMB_P', 'EMB_P', 'EMB_P', 'EMB_P', 'EMB_P', 'EMB_P', 'EMB_P', 'EMB_P', 'EMB_P', 'EMB_P', 'EMB_P', 'EMB_P', 'EMB_P', 'EMB_P', 'EMB_P', 'EMB_P', 'EMB_P', 'EMB_P', 'EMB_P', 'EMB_P', 'EMB_P', 'EMB_P', 'EMB_P', 'EMB_P', 'EMB_P', 'EMB_P', 'EMB_P', 'EMB_P', 'EMB_P', 'EMB_P', 'EMB_P', 'EMB_P', 'EMB_P', 'EMB_P', 'EMB_P', 'EMB_P', 'EMB_P', 'EMB_P', 'EMB_P', 'EMB_P', 'EMB_P', 'EMB_P', 'EMB_P', 'EMB_P', 'EMB_P', 'EMB_P', 'EMB_P', 'EMB_P', 'EMB_P', 'EMB_P', 'EMB_P', 'EMB_P', 'EMB_P', 'EMB_P', 'EMB_P', 'EMB_P', 'EMB_P', 'EMB_P', 'EMB_P', 'EMB_P', 'EMB_P', 'EMB_P', 'EMB_P', 'EMB_P', 'EMB_P', 'EMB_P', 'EMB_P', 'EMB_P', 'EMB_P', 'EMB_P', 'EMB_P', 'EMB_P', 'EMB_P', 'EMB_P', 'EMB_P', 'EMB_P']","['EMB_O', 'EMB_O', 'OPN_B', 'OPN_E', 'EMB_O', 'EMB_O', 'EMB_O', 'EMB_O', 'EMB_O', 'EMB_O', 'EMB_O', 'EMB_O', 'EMB_P', 'EMB_P', 'EMB_P', 'EMB_P', 'EMB_P', 'EMB_P', 'EMB_P', 'EMB_P', 'EMB_P', 'EMB_P', 'EMB_P', 'EMB_P', 'EMB_P', 'EMB_P', 'EMB_P', 'EMB_P', 'EMB_P', 'EMB_P', 'EMB_P', 'EMB_P', 'EMB_P', 'EMB_P', 'EMB_P', 'EMB_P', 'EMB_P', 'EMB_P', 'EMB_P', 'EMB_P', 'EMB_P', 'EMB_P', 'EMB_P', 'EMB_P', 'EMB_P', 'EMB_P', 'EMB_P', 'EMB_P', 'EMB_P', 'EMB_P', 'EMB_P', 'EMB_P', 'EMB_P', 'EMB_P', 'EMB_P', 'EMB_P', 'EMB_P', 'EMB_P', 'EMB_P', 'EMB_P', 'EMB_P', 'EMB_P', 'EMB_P', 'EMB_P', 'EMB_P', 'EMB_P', 'EMB_P', 'EMB_P', 'EMB_P', 'EMB_P', 'EMB_P', 'EMB_P', 'EMB_P', 'EMB_P', 'EMB_P', 'EMB_P', 'EMB_P', 'EMB_P', 'EMB_P', 'EMB_P', 'EMB_P', 'EMB_P', 'EMB_P', 'EMB_P', 'EMB_P', 'EMB_P', 'EMB_P', 'EMB_P', 'EMB_P', 'EMB_P', 'EMB_P', 'EMB_P', 'EMB_P', 'EMB_P', 'EMB_P', 'EMB_P', 'EMB_P', 'EMB_P', 'EMB_P', 'EMB_P', 'EMB_P', 'EMB_P', 'EMB_P', 'EMB_P', 'EMB_P', 'EMB_P', 'EMB_P', 'EMB_P', 'EMB_P', 'EMB_P', 'EMB_P', 'EMB_P', 'EMB_P', 'EMB_P', 'EMB_P', 'EMB_P', 'EMB_P', 'EMB_P', 'EMB_P', 'EMB_P', 'EMB_P', 'EMB_P', 'EMB_P', 'EMB_P', 'EMB_P', 'EMB_P', 'EMB_P', 'EMB_P']"
311,one of the keys,especially flimsy,laptop_quad_dev_272,one of the keys is especially flimsy and feels like it could break at any moment .,2.75,7.62,"['EMB_O', 'ASP_B', 'ASP_I', 'ASP_I', 'ASP_E', 'EMB_O', 'EMB_O', 'EMB_O', 'EMB_O', 'EMB_O', 'EMB_O', 'EMB_O', 'EMB_O', 'EMB_O', 'EMB_O', 'EMB_O', 'EMB_O', 'EMB_O', 'EMB_O', 'EMB_O', 'EMB_O', 'EMB_P', 'EMB_P', 'EMB_P', 'EMB_P', 'EMB_P', 'EMB_P', 'EMB_P', 'EMB_P', 'EMB_P', 'EMB_P', 'EMB_P', 'EMB_P', 'EMB_P', 'EMB_P', 'EMB_P', 'EMB_P', 'EMB_P', 'EMB_P', 'EMB_P', 'EMB_P', 'EMB_P', 'EMB_P', 'EMB_P', 'EMB_P', 'EMB_P', 'EMB_P', 'EMB_P', 'EMB_P', 'EMB_P', 'EMB_P', 'EMB_P', 'EMB_P', 'EMB_P', 'EMB_P', 'EMB_P', 'EMB_P', 'EMB_P', 'EMB_P', 'EMB_P', 'EMB_P', 'EMB_P', 'EMB_P', 'EMB_P', 'EMB_P', 'EMB_P', 'EMB_P', 'EMB_P', 'EMB_P', 'EMB_P', 'EMB_P', 'EMB_P', 'EMB_P', 'EMB_P', 'EMB_P', 'EMB_P', 'EMB_P', 'EMB_P', 'EMB_P', 'EMB_P', 'EMB_P', 'EMB_P', 'EMB_P', 'EMB_P', 'EMB_P', 'EMB_P', 'EMB_P', 'EMB_P', 'EMB_P', 'EMB_P', 'EMB_P', 'EMB_P', 'EMB_P', 'EMB_P', 'EMB_P', 'EMB_P', 'EMB_P', 'EMB_P', 'EMB_P', 'EMB_P', 'EMB_P', 'EMB_P', 'EMB_P', 'EMB_P', 'EMB_P', 'EMB_P', 'EMB_P', 'EMB_P', 'EMB_P', 'EMB_P', 'EMB_P', 'EMB_P', 'EMB_P', 'EMB_P', 'EMB_P', 'EMB_P', 'EMB_P', 'EMB_P', 'EMB_P', 'EMB_P', 'EMB_P', 'EMB_P', 'EMB_P', 'EMB_P', 'EMB_P', 'EMB_P', 'EMB_P', 'EMB_P']","['EMB_O', 'EMB_O', 'EMB_O', 'EMB_O', 'EMB_O', 'EMB_O', 'OPN_B', 'OPN_I', 'OPN_I', 'OPN_E', 'EMB_O', 'EMB_O', 'EMB_O', 'EMB_O', 'EMB_O', 'EMB_O', 'EMB_O', 'EMB_O', 'EMB_O', 'EMB_O', 'EMB_O', 'EMB_P', 'EMB_P', 'EMB_P', 'EMB_P', 'EMB_P', 'EMB_P', 'EMB_P', 'EMB_P', 'EMB_P', 'EMB_P', 'EMB_P', 'EMB_P', 'EMB_P', 'EMB_P', 'EMB_P', 'EMB_P', 'EMB_P', 'EMB_P', 'EMB_P', 'EMB_P', 'EMB_P', 'EMB_P', 'EMB_P', 'EMB_P', 'EMB_P', 'EMB_P', 'EMB_P', 'EMB_P', 'EMB_P', 'EMB_P', 'EMB_P', 'EMB_P', 'EMB_P', 'EMB_P', 'EMB_P', 'EMB_P', 'EMB_P', 'EMB_P', 'EMB_P', 'EMB_P', 'EMB_P', 'EMB_P', 'EMB_P', 'EMB_P', 'EMB_P', 'EMB_P', 'EMB_P', 'EMB_P', 'EMB_P', 'EMB_P', 'EMB_P', 'EMB_P', 'EMB_P', 'EMB_P', 'EMB_P', 'EMB_P', 'EMB_P', 'EMB_P', 'EMB_P', 'EMB_P', 'EMB_P', 'EMB_P', 'EMB_P', 'EMB_P', 'EMB_P', 'EMB_P', 'EMB_P', 'EMB_P', 'EMB_P', 'EMB_P', 'EMB_P', 'EMB_P', 'EMB_P', 'EMB_P', 'EMB_P', 'EMB_P', 'EMB_P', 'EMB_P', 'EMB_P', 'EMB_P', 'EMB_P', 'EMB_P', 'EMB_P', 'EMB_P', 'EMB_P', 'EMB_P', 'EMB_P', 'EMB_P', 'EMB_P', 'EMB_P', 'EMB_P', 'EMB_P', 'EMB_P', 'EMB_P', 'EMB_P', 'EMB_P', 'EMB_P', 'EMB_P', 'EMB_P', 'EMB_P', 'EMB_P', 'EMB_P', 'EMB_P', 'EMB_P', 'EMB_P', 'EMB_P', 'EMB_P']"
312,NULL,NULL,laptop_quad_dev_273,it gets what you need done .,6.0,6.1,"['EMB_O', 'EMB_O', 'EMB_O', 'EMB_O', 'EMB_O', 'EMB_O', 'EMB_O', 'EMB_O', 'EMB_O', 'EMB_P', 'EMB_P', 'EMB_P', 'EMB_P', 'EMB_P', 'EMB_P', 'EMB_P', 'EMB_P', 'EMB_P', 'EMB_P', 'EMB_P', 'EMB_P', 'EMB_P', 'EMB_P', 'EMB_P', 'EMB_P', 'EMB_P', 'EMB_P', 'EMB_P', 'EMB_P', 'EMB_P', 'EMB_P', 'EMB_P', 'EMB_P', 'EMB_P', 'EMB_P', 'EMB_P', 'EMB_P', 'EMB_P', 'EMB_P', 'EMB_P', 'EMB_P', 'EMB_P', 'EMB_P', 'EMB_P', 'EMB_P', 'EMB_P', 'EMB_P', 'EMB_P', 'EMB_P', 'EMB_P', 'EMB_P', 'EMB_P', 'EMB_P', 'EMB_P', 'EMB_P', 'EMB_P', 'EMB_P', 'EMB_P', 'EMB_P', 'EMB_P', 'EMB_P', 'EMB_P', 'EMB_P', 'EMB_P', 'EMB_P', 'EMB_P', 'EMB_P', 'EMB_P', 'EMB_P', 'EMB_P', 'EMB_P', 'EMB_P', 'EMB_P', 'EMB_P', 'EMB_P', 'EMB_P', 'EMB_P', 'EMB_P', 'EMB_P', 'EMB_P', 'EMB_P', 'EMB_P', 'EMB_P', 'EMB_P', 'EMB_P', 'EMB_P', 'EMB_P', 'EMB_P', 'EMB_P', 'EMB_P', 'EMB_P', 'EMB_P', 'EMB_P', 'EMB_P', 'EMB_P', 'EMB_P', 'EMB_P', 'EMB_P', 'EMB_P', 'EMB_P', 'EMB_P', 'EMB_P', 'EMB_P', 'EMB_P', 'EMB_P', 'EMB_P', 'EMB_P', 'EMB_P', 'EMB_P', 'EMB_P', 'EMB_P', 'EMB_P', 'EMB_P', 'EMB_P', 'EMB_P', 'EMB_P', 'EMB_P', 'EMB_P', 'EMB_P', 'EMB_P', 'EMB_P', 'EMB_P', 'EMB_P', 'EMB_P', 'EMB_P', 'EMB_P', 'EMB_P', 'EMB_P']","['EMB_O', 'EMB_O', 'EMB_O', 'EMB_O', 'EMB_O', 'EMB_O', 'EMB_O', 'EMB_O', 'EMB_O', 'EMB_P', 'EMB_P', 'EMB_P', 'EMB_P', 'EMB_P', 'EMB_P', 'EMB_P', 'EMB_P', 'EMB_P', 'EMB_P', 'EMB_P', 'EMB_P', 'EMB_P', 'EMB_P', 'EMB_P', 'EMB_P', 'EMB_P', 'EMB_P', 'EMB_P', 'EMB_P', 'EMB_P', 'EMB_P', 'EMB_P', 'EMB_P', 'EMB_P', 'EMB_P', 'EMB_P', 'EMB_P', 'EMB_P', 'EMB_P', 'EMB_P', 'EMB_P', 'EMB_P', 'EMB_P', 'EMB_P', 'EMB_P', 'EMB_P', 'EMB_P', 'EMB_P', 'EMB_P', 'EMB_P', 'EMB_P', 'EMB_P', 'EMB_P', 'EMB_P', 'EMB_P', 'EMB_P', 'EMB_P', 'EMB_P', 'EMB_P', 'EMB_P', 'EMB_P', 'EMB_P', 'EMB_P', 'EMB_P', 'EMB_P', 'EMB_P', 'EMB_P', 'EMB_P', 'EMB_P', 'EMB_P', 'EMB_P', 'EMB_P', 'EMB_P', 'EMB_P', 'EMB_P', 'EMB_P', 'EMB_P', 'EMB_P', 'EMB_P', 'EMB_P', 'EMB_P', 'EMB_P', 'EMB_P', 'EMB_P', 'EMB_P', 'EMB_P', 'EMB_P', 'EMB_P', 'EMB_P', 'EMB_P', 'EMB_P', 'EMB_P', 'EMB_P', 'EMB_P', 'EMB_P', 'EMB_P', 'EMB_P', 'EMB_P', 'EMB_P', 'EMB_P', 'EMB_P', 'EMB_P', 'EMB_P', 'EMB_P', 'EMB_P', 'EMB_P', 'EMB_P', 'EMB_P', 'EMB_P', 'EMB_P', 'EMB_P', 'EMB_P', 'EMB_P', 'EMB_P', 'EMB_P', 'EMB_P', 'EMB_P', 'EMB_P', 'EMB_P', 'EMB_P', 'EMB_P', 'EMB_P', 'EMB_P', 'EMB_P', 'EMB_P', 'EMB_P', 'EMB_P', 'EMB_P']"
313,NULL,NULL,laptop_quad_dev_274,if you plan on buying this beware that your patience may run thin .,2.38,7.5,"['EMB_O', 'EMB_O', 'EMB_O', 'EMB_O', 'EMB_O', 'EMB_O', 'EMB_O', 'EMB_O', 'EMB_O', 'EMB_O', 'EMB_O', 'EMB_O', 'EMB_O', 'EMB_O', 'EMB_O', 'EMB_O', 'EMB_O', 'EMB_O', 'EMB_O', 'EMB_P', 'EMB_P', 'EMB_P', 'EMB_P', 'EMB_P', 'EMB_P', 'EMB_P', 'EMB_P', 'EMB_P', 'EMB_P', 'EMB_P', 'EMB_P', 'EMB_P', 'EMB_P', 'EMB_P', 'EMB_P', 'EMB_P', 'EMB_P', 'EMB_P', 'EMB_P', 'EMB_P', 'EMB_P', 'EMB_P', 'EMB_P', 'EMB_P', 'EMB_P', 'EMB_P', 'EMB_P', 'EMB_P', 'EMB_P', 'EMB_P', 'EMB_P', 'EMB_P', 'EMB_P', 'EMB_P', 'EMB_P', 'EMB_P', 'EMB_P', 'EMB_P', 'EMB_P', 'EMB_P', 'EMB_P', 'EMB_P', 'EMB_P', 'EMB_P', 'EMB_P', 'EMB_P', 'EMB_P', 'EMB_P', 'EMB_P', 'EMB_P', 'EMB_P', 'EMB_P', 'EMB_P', 'EMB_P', 'EMB_P', 'EMB_P', 'EMB_P', 'EMB_P', 'EMB_P', 'EMB_P', 'EMB_P', 'EMB_P', 'EMB_P', 'EMB_P', 'EMB_P', 'EMB_P', 'EMB_P', 'EMB_P', 'EMB_P', 'EMB_P', 'EMB_P', 'EMB_P', 'EMB_P', 'EMB_P', 'EMB_P', 'EMB_P', 'EMB_P', 'EMB_P', 'EMB_P', 'EMB_P', 'EMB_P', 'EMB_P', 'EMB_P', 'EMB_P', 'EMB_P', 'EMB_P', 'EMB_P', 'EMB_P', 'EMB_P', 'EMB_P', 'EMB_P', 'EMB_P', 'EMB_P', 'EMB_P', 'EMB_P', 'EMB_P', 'EMB_P', 'EMB_P', 'EMB_P', 'EMB_P', 'EMB_P', 'EMB_P', 'EMB_P', 'EMB_P', 'EMB_P', 'EMB_P', 'EMB_P', 'EMB_P']","['EMB_O', 'EMB_O', 'EMB_O', 'EMB_O', 'EMB_O', 'EMB_O', 'EMB_O', 'EMB_O', 'EMB_O', 'EMB_O', 'EMB_O', 'EMB_O', 'EMB_O', 'EMB_O', 'EMB_O', 'EMB_O', 'EMB_O', 'EMB_O', 'EMB_O', 'EMB_P', 'EMB_P', 'EMB_P', 'EMB_P', 'EMB_P', 'EMB_P', 'EMB_P', 'EMB_P', 'EMB_P', 'EMB_P', 'EMB_P', 'EMB_P', 'EMB_P', 'EMB_P', 'EMB_P', 'EMB_P', 'EMB_P', 'EMB_P', 'EMB_P', 'EMB_P', 'EMB_P', 'EMB_P', 'EMB_P', 'EMB_P', 'EMB_P', 'EMB_P', 'EMB_P', 'EMB_P', 'EMB_P', 'EMB_P', 'EMB_P', 'EMB_P', 'EMB_P', 'EMB_P', 'EMB_P', 'EMB_P', 'EMB_P', 'EMB_P', 'EMB_P', 'EMB_P', 'EMB_P', 'EMB_P', 'EMB_P', 'EMB_P', 'EMB_P', 'EMB_P', 'EMB_P', 'EMB_P', 'EMB_P', 'EMB_P', 'EMB_P', 'EMB_P', 'EMB_P', 'EMB_P', 'EMB_P', 'EMB_P', 'EMB_P', 'EMB_P', 'EMB_P', 'EMB_P', 'EMB_P', 'EMB_P', 'EMB_P', 'EMB_P', 'EMB_P', 'EMB_P', 'EMB_P', 'EMB_P', 'EMB_P', 'EMB_P', 'EMB_P', 'EMB_P', 'EMB_P', 'EMB_P', 'EMB_P', 'EMB_P', 'EMB_P', 'EMB_P', 'EMB_P', 'EMB_P', 'EMB_P', 'EMB_P', 'EMB_P', 'EMB_P', 'EMB_P', 'EMB_P', 'EMB_P', 'EMB_P', 'EMB_P', 'EMB_P', 'EMB_P', 'EMB_P', 'EMB_P', 'EMB_P', 'EMB_P', 'EMB_P', 'EMB_P', 'EMB_P', 'EMB_P', 'EMB_P', 'EMB_P', 'EMB_P', 'EMB_P', 'EMB_P', 'EMB_P', 'EMB_P', 'EMB_P', 'EMB_P', 'EMB_P']"
314,machine,totally unusable,laptop_quad_dev_275,machine is totally unusable during the update .,2.33,7.67,"['EMB_O', 'ASP_S', 'EMB_O', 'EMB_O', 'EMB_O', 'EMB_O', 'EMB_O', 'EMB_O', 'EMB_O', 'EMB_O', 'EMB_O', 'EMB_O', 'EMB_P', 'EMB_P', 'EMB_P', 'EMB_P', 'EMB_P', 'EMB_P', 'EMB_P', 'EMB_P', 'EMB_P', 'EMB_P', 'EMB_P', 'EMB_P', 'EMB_P', 'EMB_P', 'EMB_P', 'EMB_P', 'EMB_P', 'EMB_P', 'EMB_P', 'EMB_P', 'EMB_P', 'EMB_P', 'EMB_P', 'EMB_P', 'EMB_P', 'EMB_P', 'EMB_P', 'EMB_P', 'EMB_P', 'EMB_P', 'EMB_P', 'EMB_P', 'EMB_P', 'EMB_P', 'EMB_P', 'EMB_P', 'EMB_P', 'EMB_P', 'EMB_P', 'EMB_P', 'EMB_P', 'EMB_P', 'EMB_P', 'EMB_P', 'EMB_P', 'EMB_P', 'EMB_P', 'EMB_P', 'EMB_P', 'EMB_P', 'EMB_P', 'EMB_P', 'EMB_P', 'EMB_P', 'EMB_P', 'EMB_P', 'EMB_P', 'EMB_P', 'EMB_P', 'EMB_P', 'EMB_P', 'EMB_P', 'EMB_P', 'EMB_P', 'EMB_P', 'EMB_P', 'EMB_P', 'EMB_P', 'EMB_P', 'EMB_P', 'EMB_P', 'EMB_P', 'EMB_P', 'EMB_P', 'EMB_P', 'EMB_P', 'EMB_P', 'EMB_P', 'EMB_P', 'EMB_P', 'EMB_P', 'EMB_P', 'EMB_P', 'EMB_P', 'EMB_P', 'EMB_P', 'EMB_P', 'EMB_P', 'EMB_P', 'EMB_P', 'EMB_P', 'EMB_P', 'EMB_P', 'EMB_P', 'EMB_P', 'EMB_P', 'EMB_P', 'EMB_P', 'EMB_P', 'EMB_P', 'EMB_P', 'EMB_P', 'EMB_P', 'EMB_P', 'EMB_P', 'EMB_P', 'EMB_P', 'EMB_P', 'EMB_P', 'EMB_P', 'EMB_P', 'EMB_P', 'EMB_P', 'EMB_P', 'EMB_P', 'EMB_P']","['EMB_O', 'EMB_O', 'EMB_O', 'OPN_B', 'OPN_I', 'OPN_I', 'OPN_E', 'EMB_O', 'EMB_O', 'EMB_O', 'EMB_O', 'EMB_O', 'EMB_P', 'EMB_P', 'EMB_P', 'EMB_P', 'EMB_P', 'EMB_P', 'EMB_P', 'EMB_P', 'EMB_P', 'EMB_P', 'EMB_P', 'EMB_P', 'EMB_P', 'EMB_P', 'EMB_P', 'EMB_P', 'EMB_P', 'EMB_P', 'EMB_P', 'EMB_P', 'EMB_P', 'EMB_P', 'EMB_P', 'EMB_P', 'EMB_P', 'EMB_P', 'EMB_P', 'EMB_P', 'EMB_P', 'EMB_P', 'EMB_P', 'EMB_P', 'EMB_P', 'EMB_P', 'EMB_P', 'EMB_P', 'EMB_P', 'EMB_P', 'EMB_P', 'EMB_P', 'EMB_P', 'EMB_P', 'EMB_P', 'EMB_P', 'EMB_P', 'EMB_P', 'EMB_P', 'EMB_P', 'EMB_P', 'EMB_P', 'EMB_P', 'EMB_P', 'EMB_P', 'EMB_P', 'EMB_P', 'EMB_P', 'EMB_P', 'EMB_P', 'EMB_P', 'EMB_P', 'EMB_P', 'EMB_P', 'EMB_P', 'EMB_P', 'EMB_P', 'EMB_P', 'EMB_P', 'EMB_P', 'EMB_P', 'EMB_P', 'EMB_P', 'EMB_P', 'EMB_P', 'EMB_P', 'EMB_P', 'EMB_P', 'EMB_P', 'EMB_P', 'EMB_P', 'EMB_P', 'EMB_P', 'EMB_P', 'EMB_P', 'EMB_P', 'EMB_P', 'EMB_P', 'EMB_P', 'EMB_P', 'EMB_P', 'EMB_P', 'EMB_P', 'EMB_P', 'EMB_P', 'EMB_P', 'EMB_P', 'EMB_P', 'EMB_P', 'EMB_P', 'EMB_P', 'EMB_P', 'EMB_P', 'EMB_P', 'EMB_P', 'EMB_P', 'EMB_P', 'EMB_P', 'EMB_P', 'EMB_P', 'EMB_P', 'EMB_P', 'EMB_P', 'EMB_P', 'EMB_P', 'EMB_P', 'EMB_P', 'EMB_P']"
315,item,NULL,laptop_quad_dev_276,i received the item after 18 days of ordering .,5.0,5.0,"['EMB_O', 'EMB_O', 'EMB_O', 'EMB_O', 'ASP_S', 'EMB_O', 'EMB_O', 'EMB_O', 'EMB_O', 'EMB_O', 'EMB_O', 'EMB_O', 'EMB_O', 'EMB_P', 'EMB_P', 'EMB_P', 'EMB_P', 'EMB_P', 'EMB_P', 'EMB_P', 'EMB_P', 'EMB_P', 'EMB_P', 'EMB_P', 'EMB_P', 'EMB_P', 'EMB_P', 'EMB_P', 'EMB_P', 'EMB_P', 'EMB_P', 'EMB_P', 'EMB_P', 'EMB_P', 'EMB_P', 'EMB_P', 'EMB_P', 'EMB_P', 'EMB_P', 'EMB_P', 'EMB_P', 'EMB_P', 'EMB_P', 'EMB_P', 'EMB_P', 'EMB_P', 'EMB_P', 'EMB_P', 'EMB_P', 'EMB_P', 'EMB_P', 'EMB_P', 'EMB_P', 'EMB_P', 'EMB_P', 'EMB_P', 'EMB_P', 'EMB_P', 'EMB_P', 'EMB_P', 'EMB_P', 'EMB_P', 'EMB_P', 'EMB_P', 'EMB_P', 'EMB_P', 'EMB_P', 'EMB_P', 'EMB_P', 'EMB_P', 'EMB_P', 'EMB_P', 'EMB_P', 'EMB_P', 'EMB_P', 'EMB_P', 'EMB_P', 'EMB_P', 'EMB_P', 'EMB_P', 'EMB_P', 'EMB_P', 'EMB_P', 'EMB_P', 'EMB_P', 'EMB_P', 'EMB_P', 'EMB_P', 'EMB_P', 'EMB_P', 'EMB_P', 'EMB_P', 'EMB_P', 'EMB_P', 'EMB_P', 'EMB_P', 'EMB_P', 'EMB_P', 'EMB_P', 'EMB_P', 'EMB_P', 'EMB_P', 'EMB_P', 'EMB_P', 'EMB_P', 'EMB_P', 'EMB_P', 'EMB_P', 'EMB_P', 'EMB_P', 'EMB_P', 'EMB_P', 'EMB_P', 'EMB_P', 'EMB_P', 'EMB_P', 'EMB_P', 'EMB_P', 'EMB_P', 'EMB_P', 'EMB_P', 'EMB_P', 'EMB_P', 'EMB_P', 'EMB_P', 'EMB_P', 'EMB_P', 'EMB_P']","['EMB_O', 'EMB_O', 'EMB_O', 'EMB_O', 'EMB_O', 'EMB_O', 'EMB_O', 'EMB_O', 'EMB_O', 'EMB_O', 'EMB_O', 'EMB_O', 'EMB_O', 'EMB_P', 'EMB_P', 'EMB_P', 'EMB_P', 'EMB_P', 'EMB_P', 'EMB_P', 'EMB_P', 'EMB_P', 'EMB_P', 'EMB_P', 'EMB_P', 'EMB_P', 'EMB_P', 'EMB_P', 'EMB_P', 'EMB_P', 'EMB_P', 'EMB_P', 'EMB_P', 'EMB_P', 'EMB_P', 'EMB_P', 'EMB_P', 'EMB_P', 'EMB_P', 'EMB_P', 'EMB_P', 'EMB_P', 'EMB_P', 'EMB_P', 'EMB_P', 'EMB_P', 'EMB_P', 'EMB_P', 'EMB_P', 'EMB_P', 'EMB_P', 'EMB_P', 'EMB_P', 'EMB_P', 'EMB_P', 'EMB_P', 'EMB_P', 'EMB_P', 'EMB_P', 'EMB_P', 'EMB_P', 'EMB_P', 'EMB_P', 'EMB_P', 'EMB_P', 'EMB_P', 'EMB_P', 'EMB_P', 'EMB_P', 'EMB_P', 'EMB_P', 'EMB_P', 'EMB_P', 'EMB_P', 'EMB_P', 'EMB_P', 'EMB_P', 'EMB_P', 'EMB_P', 'EMB_P', 'EMB_P', 'EMB_P', 'EMB_P', 'EMB_P', 'EMB_P', 'EMB_P', 'EMB_P', 'EMB_P', 'EMB_P', 'EMB_P', 'EMB_P', 'EMB_P', 'EMB_P', 'EMB_P', 'EMB_P', 'EMB_P', 'EMB_P', 'EMB_P', 'EMB_P', 'EMB_P', 'EMB_P', 'EMB_P', 'EMB_P', 'EMB_P', 'EMB_P', 'EMB_P', 'EMB_P', 'EMB_P', 'EMB_P', 'EMB_P', 'EMB_P', 'EMB_P', 'EMB_P', 'EMB_P', 'EMB_P', 'EMB_P', 'EMB_P', 'EMB_P', 'EMB_P', 'EMB_P', 'EMB_P', 'EMB_P', 'EMB_P', 'EMB_P', 'EMB_P', 'EMB_P', 'EMB_P', 'EMB_P']"
316,intel i5,fancy,laptop_quad_dev_277,"gamers , do not fool yourself with the fancy ` ` intel i5 , 8th generation ` ` , nothing can fix an incompetent hard drive , that 8gb ram is worth nothing .",5.83,6.33,"['EMB_O', 'EMB_O', 'EMB_O', 'EMB_O', 'EMB_O', 'EMB_O', 'EMB_O', 'EMB_O', 'EMB_O', 'EMB_O', 'EMB_O', 'EMB_O', 'EMB_O', 'EMB_O', 'EMB_O', 'EMB_O', 'ASP_B', 'ASP_I', 'ASP_E', 'EMB_O', 'EMB_O', 'EMB_O', 'EMB_O', 'EMB_O', 'EMB_O', 'EMB_O', 'EMB_O', 'EMB_O', 'EMB_O', 'EMB_O', 'EMB_O', 'EMB_O', 'EMB_O', 'EMB_O', 'EMB_O', 'EMB_O', 'EMB_O', 'EMB_O', 'EMB_O', 'EMB_O', 'EMB_O', 'EMB_O', 'EMB_O', 'EMB_O', 'EMB_O', 'EMB_O', 'EMB_O', 'EMB_O', 'EMB_P', 'EMB_P', 'EMB_P', 'EMB_P', 'EMB_P', 'EMB_P', 'EMB_P', 'EMB_P', 'EMB_P', 'EMB_P', 'EMB_P', 'EMB_P', 'EMB_P', 'EMB_P', 'EMB_P', 'EMB_P', 'EMB_P', 'EMB_P', 'EMB_P', 'EMB_P', 'EMB_P', 'EMB_P', 'EMB_P', 'EMB_P', 'EMB_P', 'EMB_P', 'EMB_P', 'EMB_P', 'EMB_P', 'EMB_P', 'EMB_P', 'EMB_P', 'EMB_P', 'EMB_P', 'EMB_P', 'EMB_P', 'EMB_P', 'EMB_P', 'EMB_P', 'EMB_P', 'EMB_P', 'EMB_P', 'EMB_P', 'EMB_P', 'EMB_P', 'EMB_P', 'EMB_P', 'EMB_P', 'EMB_P', 'EMB_P', 'EMB_P', 'EMB_P', 'EMB_P', 'EMB_P', 'EMB_P', 'EMB_P', 'EMB_P', 'EMB_P', 'EMB_P', 'EMB_P', 'EMB_P', 'EMB_P', 'EMB_P', 'EMB_P', 'EMB_P', 'EMB_P', 'EMB_P', 'EMB_P', 'EMB_P', 'EMB_P', 'EMB_P', 'EMB_P', 'EMB_P', 'EMB_P', 'EMB_P', 'EMB_P', 'EMB_P', 'EMB_P', 'EMB_P', 'EMB_P']","['EMB_O', 'EMB_O', 'EMB_O', 'EMB_O', 'EMB_O', 'EMB_O', 'EMB_O', 'EMB_O', 'EMB_O', 'EMB_O', 'EMB_O', 'EMB_O', 'OPN_B', 'OPN_E', 'EMB_O', 'EMB_O', 'EMB_O', 'EMB_O', 'EMB_O', 'EMB_O', 'EMB_O', 'EMB_O', 'EMB_O', 'EMB_O', 'EMB_O', 'EMB_O', 'EMB_O', 'EMB_O', 'EMB_O', 'EMB_O', 'EMB_O', 'EMB_O', 'EMB_O', 'EMB_O', 'EMB_O', 'EMB_O', 'EMB_O', 'EMB_O', 'EMB_O', 'EMB_O', 'EMB_O', 'EMB_O', 'EMB_O', 'EMB_O', 'EMB_O', 'EMB_O', 'EMB_O', 'EMB_O', 'EMB_P', 'EMB_P', 'EMB_P', 'EMB_P', 'EMB_P', 'EMB_P', 'EMB_P', 'EMB_P', 'EMB_P', 'EMB_P', 'EMB_P', 'EMB_P', 'EMB_P', 'EMB_P', 'EMB_P', 'EMB_P', 'EMB_P', 'EMB_P', 'EMB_P', 'EMB_P', 'EMB_P', 'EMB_P', 'EMB_P', 'EMB_P', 'EMB_P', 'EMB_P', 'EMB_P', 'EMB_P', 'EMB_P', 'EMB_P', 'EMB_P', 'EMB_P', 'EMB_P', 'EMB_P', 'EMB_P', 'EMB_P', 'EMB_P', 'EMB_P', 'EMB_P', 'EMB_P', 'EMB_P', 'EMB_P', 'EMB_P', 'EMB_P', 'EMB_P', 'EMB_P', 'EMB_P', 'EMB_P', 'EMB_P', 'EMB_P', 'EMB_P', 'EMB_P', 'EMB_P', 'EMB_P', 'EMB_P', 'EMB_P', 'EMB_P', 'EMB_P', 'EMB_P', 'EMB_P', 'EMB_P', 'EMB_P', 'EMB_P', 'EMB_P', 'EMB_P', 'EMB_P', 'EMB_P', 'EMB_P', 'EMB_P', 'EMB_P', 'EMB_P', 'EMB_P', 'EMB_P', 'EMB_P', 'EMB_P', 'EMB_P', 'EMB_P', 'EMB_P', 'EMB_P', 'EMB_P']"
317,hard drive,incompetent,laptop_quad_dev_277,"gamers , do not fool yourself with the fancy ` ` intel i5 , 8th generation ` ` , nothing can fix an incompetent hard drive , that 8gb ram is worth nothing .",1.5,8.5,"['EMB_O', 'EMB_O', 'EMB_O', 'EMB_O', 'EMB_O', 'EMB_O', 'EMB_O', 'EMB_O', 'EMB_O', 'EMB_O', 'EMB_O', 'EMB_O', 'EMB_O', 'EMB_O', 'EMB_O', 'EMB_O', 'EMB_O', 'EMB_O', 'EMB_O', 'EMB_O', 'EMB_O', 'EMB_O', 'EMB_O', 'EMB_O', 'EMB_O', 'EMB_O', 'EMB_O', 'EMB_O', 'EMB_O', 'EMB_O', 'EMB_O', 'EMB_O', 'EMB_O', 'EMB_O', 'ASP_B', 'ASP_E', 'EMB_O', 'EMB_O', 'EMB_O', 'EMB_O', 'EMB_O', 'EMB_O', 'EMB_O', 'EMB_O', 'EMB_O', 'EMB_O', 'EMB_O', 'EMB_O', 'EMB_P', 'EMB_P', 'EMB_P', 'EMB_P', 'EMB_P', 'EMB_P', 'EMB_P', 'EMB_P', 'EMB_P', 'EMB_P', 'EMB_P', 'EMB_P', 'EMB_P', 'EMB_P', 'EMB_P', 'EMB_P', 'EMB_P', 'EMB_P', 'EMB_P', 'EMB_P', 'EMB_P', 'EMB_P', 'EMB_P', 'EMB_P', 'EMB_P', 'EMB_P', 'EMB_P', 'EMB_P', 'EMB_P', 'EMB_P', 'EMB_P', 'EMB_P', 'EMB_P', 'EMB_P', 'EMB_P', 'EMB_P', 'EMB_P', 'EMB_P', 'EMB_P', 'EMB_P', 'EMB_P', 'EMB_P', 'EMB_P', 'EMB_P', 'EMB_P', 'EMB_P', 'EMB_P', 'EMB_P', 'EMB_P', 'EMB_P', 'EMB_P', 'EMB_P', 'EMB_P', 'EMB_P', 'EMB_P', 'EMB_P', 'EMB_P', 'EMB_P', 'EMB_P', 'EMB_P', 'EMB_P', 'EMB_P', 'EMB_P', 'EMB_P', 'EMB_P', 'EMB_P', 'EMB_P', 'EMB_P', 'EMB_P', 'EMB_P', 'EMB_P', 'EMB_P', 'EMB_P', 'EMB_P', 'EMB_P', 'EMB_P', 'EMB_P', 'EMB_P', 'EMB_P', 'EMB_P']","['EMB_O', 'EMB_O', 'EMB_O', 'EMB_O', 'EMB_O', 'EMB_O', 'EMB_O', 'EMB_O', 'EMB_O', 'EMB_O', 'EMB_O', 'EMB_O', 'EMB_O', 'EMB_O', 'EMB_O', 'EMB_O', 'EMB_O', 'EMB_O', 'EMB_O', 'EMB_O', 'EMB_O', 'EMB_O', 'EMB_O', 'EMB_O', 'EMB_O', 'EMB_O', 'EMB_O', 'EMB_O', 'EMB_O', 'EMB_O', 'OPN_B', 'OPN_I', 'OPN_I', 'OPN_E', 'EMB_O', 'EMB_O', 'EMB_O', 'EMB_O', 'EMB_O', 'EMB_O', 'EMB_O', 'EMB_O', 'EMB_O', 'EMB_O', 'EMB_O', 'EMB_O', 'EMB_O', 'EMB_O', 'EMB_P', 'EMB_P', 'EMB_P', 'EMB_P', 'EMB_P', 'EMB_P', 'EMB_P', 'EMB_P', 'EMB_P', 'EMB_P', 'EMB_P', 'EMB_P', 'EMB_P', 'EMB_P', 'EMB_P', 'EMB_P', 'EMB_P', 'EMB_P', 'EMB_P', 'EMB_P', 'EMB_P', 'EMB_P', 'EMB_P', 'EMB_P', 'EMB_P', 'EMB_P', 'EMB_P', 'EMB_P', 'EMB_P', 'EMB_P', 'EMB_P', 'EMB_P', 'EMB_P', 'EMB_P', 'EMB_P', 'EMB_P', 'EMB_P', 'EMB_P', 'EMB_P', 'EMB_P', 'EMB_P', 'EMB_P', 'EMB_P', 'EMB_P', 'EMB_P', 'EMB_P', 'EMB_P', 'EMB_P', 'EMB_P', 'EMB_P', 'EMB_P', 'EMB_P', 'EMB_P', 'EMB_P', 'EMB_P', 'EMB_P', 'EMB_P', 'EMB_P', 'EMB_P', 'EMB_P', 'EMB_P', 'EMB_P', 'EMB_P', 'EMB_P', 'EMB_P', 'EMB_P', 'EMB_P', 'EMB_P', 'EMB_P', 'EMB_P', 'EMB_P', 'EMB_P', 'EMB_P', 'EMB_P', 'EMB_P', 'EMB_P', 'EMB_P', 'EMB_P', 'EMB_P', 'EMB_P']"
318,ram,worth nothing,laptop_quad_dev_277,"gamers , do not fool yourself with the fancy ` ` intel i5 , 8th generation ` ` , nothing can fix an incompetent hard drive , that 8gb ram is worth nothing .",1.5,8.5,"['EMB_O', 'EMB_O', 'EMB_O', 'EMB_O', 'EMB_O', 'EMB_O', 'EMB_O', 'EMB_O', 'EMB_O', 'EMB_O', 'EMB_O', 'EMB_O', 'EMB_O', 'EMB_O', 'EMB_O', 'EMB_O', 'EMB_O', 'EMB_O', 'EMB_O', 'EMB_O', 'EMB_O', 'EMB_O', 'EMB_O', 'EMB_O', 'EMB_O', 'EMB_O', 'EMB_O', 'EMB_O', 'EMB_O', 'EMB_O', 'EMB_O', 'EMB_O', 'EMB_O', 'EMB_O', 'EMB_O', 'EMB_O', 'EMB_O', 'EMB_O', 'EMB_O', 'EMB_O', 'EMB_O', 'ASP_B', 'ASP_E', 'EMB_O', 'EMB_O', 'EMB_O', 'EMB_O', 'EMB_O', 'EMB_P', 'EMB_P', 'EMB_P', 'EMB_P', 'EMB_P', 'EMB_P', 'EMB_P', 'EMB_P', 'EMB_P', 'EMB_P', 'EMB_P', 'EMB_P', 'EMB_P', 'EMB_P', 'EMB_P', 'EMB_P', 'EMB_P', 'EMB_P', 'EMB_P', 'EMB_P', 'EMB_P', 'EMB_P', 'EMB_P', 'EMB_P', 'EMB_P', 'EMB_P', 'EMB_P', 'EMB_P', 'EMB_P', 'EMB_P', 'EMB_P', 'EMB_P', 'EMB_P', 'EMB_P', 'EMB_P', 'EMB_P', 'EMB_P', 'EMB_P', 'EMB_P', 'EMB_P', 'EMB_P', 'EMB_P', 'EMB_P', 'EMB_P', 'EMB_P', 'EMB_P', 'EMB_P', 'EMB_P', 'EMB_P', 'EMB_P', 'EMB_P', 'EMB_P', 'EMB_P', 'EMB_P', 'EMB_P', 'EMB_P', 'EMB_P', 'EMB_P', 'EMB_P', 'EMB_P', 'EMB_P', 'EMB_P', 'EMB_P', 'EMB_P', 'EMB_P', 'EMB_P', 'EMB_P', 'EMB_P', 'EMB_P', 'EMB_P', 'EMB_P', 'EMB_P', 'EMB_P', 'EMB_P', 'EMB_P', 'EMB_P', 'EMB_P', 'EMB_P', 'EMB_P', 'EMB_P']","['EMB_O', 'EMB_O', 'EMB_O', 'EMB_O', 'EMB_O', 'EMB_O', 'EMB_O', 'EMB_O', 'EMB_O', 'EMB_O', 'EMB_O', 'EMB_O', 'EMB_O', 'EMB_O', 'EMB_O', 'EMB_O', 'EMB_O', 'EMB_O', 'EMB_O', 'EMB_O', 'EMB_O', 'EMB_O', 'EMB_O', 'EMB_O', 'EMB_O', 'EMB_O', 'EMB_O', 'EMB_O', 'EMB_O', 'EMB_O', 'EMB_O', 'EMB_O', 'EMB_O', 'EMB_O', 'EMB_O', 'EMB_O', 'EMB_O', 'EMB_O', 'EMB_O', 'EMB_O', 'EMB_O', 'EMB_O', 'EMB_O', 'EMB_O', 'OPN_B', 'OPN_E', 'EMB_O', 'EMB_O', 'EMB_P', 'EMB_P', 'EMB_P', 'EMB_P', 'EMB_P', 'EMB_P', 'EMB_P', 'EMB_P', 'EMB_P', 'EMB_P', 'EMB_P', 'EMB_P', 'EMB_P', 'EMB_P', 'EMB_P', 'EMB_P', 'EMB_P', 'EMB_P', 'EMB_P', 'EMB_P', 'EMB_P', 'EMB_P', 'EMB_P', 'EMB_P', 'EMB_P', 'EMB_P', 'EMB_P', 'EMB_P', 'EMB_P', 'EMB_P', 'EMB_P', 'EMB_P', 'EMB_P', 'EMB_P', 'EMB_P', 'EMB_P', 'EMB_P', 'EMB_P', 'EMB_P', 'EMB_P', 'EMB_P', 'EMB_P', 'EMB_P', 'EMB_P', 'EMB_P', 'EMB_P', 'EMB_P', 'EMB_P', 'EMB_P', 'EMB_P', 'EMB_P', 'EMB_P', 'EMB_P', 'EMB_P', 'EMB_P', 'EMB_P', 'EMB_P', 'EMB_P', 'EMB_P', 'EMB_P', 'EMB_P', 'EMB_P', 'EMB_P', 'EMB_P', 'EMB_P', 'EMB_P', 'EMB_P', 'EMB_P', 'EMB_P', 'EMB_P', 'EMB_P', 'EMB_P', 'EMB_P', 'EMB_P', 'EMB_P', 'EMB_P', 'EMB_P', 'EMB_P', 'EMB_P', 'EMB_P']"
319,asus,NULL,laptop_quad_dev_278,asus has really set a new standard with the c302ca ' s internals and physical design .,6.8,6.6,"['EMB_O', 'ASP_S', 'EMB_O', 'EMB_O', 'EMB_O', 'EMB_O', 'EMB_O', 'EMB_O', 'EMB_O', 'EMB_O', 'EMB_O', 'EMB_O', 'EMB_O', 'EMB_O', 'EMB_O', 'EMB_O', 'EMB_O', 'EMB_O', 'EMB_O', 'EMB_O', 'EMB_O', 'EMB_O', 'EMB_O', 'EMB_P', 'EMB_P', 'EMB_P', 'EMB_P', 'EMB_P', 'EMB_P', 'EMB_P', 'EMB_P', 'EMB_P', 'EMB_P', 'EMB_P', 'EMB_P', 'EMB_P', 'EMB_P', 'EMB_P', 'EMB_P', 'EMB_P', 'EMB_P', 'EMB_P', 'EMB_P', 'EMB_P', 'EMB_P', 'EMB_P', 'EMB_P', 'EMB_P', 'EMB_P', 'EMB_P', 'EMB_P', 'EMB_P', 'EMB_P', 'EMB_P', 'EMB_P', 'EMB_P', 'EMB_P', 'EMB_P', 'EMB_P', 'EMB_P', 'EMB_P', 'EMB_P', 'EMB_P', 'EMB_P', 'EMB_P', 'EMB_P', 'EMB_P', 'EMB_P', 'EMB_P', 'EMB_P', 'EMB_P', 'EMB_P', 'EMB_P', 'EMB_P', 'EMB_P', 'EMB_P', 'EMB_P', 'EMB_P', 'EMB_P', 'EMB_P', 'EMB_P', 'EMB_P', 'EMB_P', 'EMB_P', 'EMB_P', 'EMB_P', 'EMB_P', 'EMB_P', 'EMB_P', 'EMB_P', 'EMB_P', 'EMB_P', 'EMB_P', 'EMB_P', 'EMB_P', 'EMB_P', 'EMB_P', 'EMB_P', 'EMB_P', 'EMB_P', 'EMB_P', 'EMB_P', 'EMB_P', 'EMB_P', 'EMB_P', 'EMB_P', 'EMB_P', 'EMB_P', 'EMB_P', 'EMB_P', 'EMB_P', 'EMB_P', 'EMB_P', 'EMB_P', 'EMB_P', 'EMB_P', 'EMB_P', 'EMB_P', 'EMB_P', 'EMB_P', 'EMB_P', 'EMB_P', 'EMB_P', 'EMB_P', 'EMB_P', 'EMB_P', 'EMB_P', 'EMB_P']","['EMB_O', 'EMB_O', 'EMB_O', 'EMB_O', 'EMB_O', 'EMB_O', 'EMB_O', 'EMB_O', 'EMB_O', 'EMB_O', 'EMB_O', 'EMB_O', 'EMB_O', 'EMB_O', 'EMB_O', 'EMB_O', 'EMB_O', 'EMB_O', 'EMB_O', 'EMB_O', 'EMB_O', 'EMB_O', 'EMB_O', 'EMB_P', 'EMB_P', 'EMB_P', 'EMB_P', 'EMB_P', 'EMB_P', 'EMB_P', 'EMB_P', 'EMB_P', 'EMB_P', 'EMB_P', 'EMB_P', 'EMB_P', 'EMB_P', 'EMB_P', 'EMB_P', 'EMB_P', 'EMB_P', 'EMB_P', 'EMB_P', 'EMB_P', 'EMB_P', 'EMB_P', 'EMB_P', 'EMB_P', 'EMB_P', 'EMB_P', 'EMB_P', 'EMB_P', 'EMB_P', 'EMB_P', 'EMB_P', 'EMB_P', 'EMB_P', 'EMB_P', 'EMB_P', 'EMB_P', 'EMB_P', 'EMB_P', 'EMB_P', 'EMB_P', 'EMB_P', 'EMB_P', 'EMB_P', 'EMB_P', 'EMB_P', 'EMB_P', 'EMB_P', 'EMB_P', 'EMB_P', 'EMB_P', 'EMB_P', 'EMB_P', 'EMB_P', 'EMB_P', 'EMB_P', 'EMB_P', 'EMB_P', 'EMB_P', 'EMB_P', 'EMB_P', 'EMB_P', 'EMB_P', 'EMB_P', 'EMB_P', 'EMB_P', 'EMB_P', 'EMB_P', 'EMB_P', 'EMB_P', 'EMB_P', 'EMB_P', 'EMB_P', 'EMB_P', 'EMB_P', 'EMB_P', 'EMB_P', 'EMB_P', 'EMB_P', 'EMB_P', 'EMB_P', 'EMB_P', 'EMB_P', 'EMB_P', 'EMB_P', 'EMB_P', 'EMB_P', 'EMB_P', 'EMB_P', 'EMB_P', 'EMB_P', 'EMB_P', 'EMB_P', 'EMB_P', 'EMB_P', 'EMB_P', 'EMB_P', 'EMB_P', 'EMB_P', 'EMB_P', 'EMB_P', 'EMB_P', 'EMB_P', 'EMB_P', 'EMB_P']"
320,c302ca ' s internals,NULL,laptop_quad_dev_278,asus has really set a new standard with the c302ca ' s internals and physical design .,6.8,6.6,"['EMB_O', 'EMB_O', 'EMB_O', 'EMB_O', 'EMB_O', 'EMB_O', 'EMB_O', 'EMB_O', 'EMB_O', 'EMB_O', 'ASP_B', 'ASP_I', 'ASP_I', 'ASP_I', 'ASP_I', 'ASP_I', 'ASP_I', 'ASP_E', 'EMB_O', 'EMB_O', 'EMB_O', 'EMB_O', 'EMB_O', 'EMB_P', 'EMB_P', 'EMB_P', 'EMB_P', 'EMB_P', 'EMB_P', 'EMB_P', 'EMB_P', 'EMB_P', 'EMB_P', 'EMB_P', 'EMB_P', 'EMB_P', 'EMB_P', 'EMB_P', 'EMB_P', 'EMB_P', 'EMB_P', 'EMB_P', 'EMB_P', 'EMB_P', 'EMB_P', 'EMB_P', 'EMB_P', 'EMB_P', 'EMB_P', 'EMB_P', 'EMB_P', 'EMB_P', 'EMB_P', 'EMB_P', 'EMB_P', 'EMB_P', 'EMB_P', 'EMB_P', 'EMB_P', 'EMB_P', 'EMB_P', 'EMB_P', 'EMB_P', 'EMB_P', 'EMB_P', 'EMB_P', 'EMB_P', 'EMB_P', 'EMB_P', 'EMB_P', 'EMB_P', 'EMB_P', 'EMB_P', 'EMB_P', 'EMB_P', 'EMB_P', 'EMB_P', 'EMB_P', 'EMB_P', 'EMB_P', 'EMB_P', 'EMB_P', 'EMB_P', 'EMB_P', 'EMB_P', 'EMB_P', 'EMB_P', 'EMB_P', 'EMB_P', 'EMB_P', 'EMB_P', 'EMB_P', 'EMB_P', 'EMB_P', 'EMB_P', 'EMB_P', 'EMB_P', 'EMB_P', 'EMB_P', 'EMB_P', 'EMB_P', 'EMB_P', 'EMB_P', 'EMB_P', 'EMB_P', 'EMB_P', 'EMB_P', 'EMB_P', 'EMB_P', 'EMB_P', 'EMB_P', 'EMB_P', 'EMB_P', 'EMB_P', 'EMB_P', 'EMB_P', 'EMB_P', 'EMB_P', 'EMB_P', 'EMB_P', 'EMB_P', 'EMB_P', 'EMB_P', 'EMB_P', 'EMB_P', 'EMB_P', 'EMB_P', 'EMB_P']","['EMB_O', 'EMB_O', 'EMB_O', 'EMB_O', 'EMB_O', 'EMB_O', 'EMB_O', 'EMB_O', 'EMB_O', 'EMB_O', 'EMB_O', 'EMB_O', 'EMB_O', 'EMB_O', 'EMB_O', 'EMB_O', 'EMB_O', 'EMB_O', 'EMB_O', 'EMB_O', 'EMB_O', 'EMB_O', 'EMB_O', 'EMB_P', 'EMB_P', 'EMB_P', 'EMB_P', 'EMB_P', 'EMB_P', 'EMB_P', 'EMB_P', 'EMB_P', 'EMB_P', 'EMB_P', 'EMB_P', 'EMB_P', 'EMB_P', 'EMB_P', 'EMB_P', 'EMB_P', 'EMB_P', 'EMB_P', 'EMB_P', 'EMB_P', 'EMB_P', 'EMB_P', 'EMB_P', 'EMB_P', 'EMB_P', 'EMB_P', 'EMB_P', 'EMB_P', 'EMB_P', 'EMB_P', 'EMB_P', 'EMB_P', 'EMB_P', 'EMB_P', 'EMB_P', 'EMB_P', 'EMB_P', 'EMB_P', 'EMB_P', 'EMB_P', 'EMB_P', 'EMB_P', 'EMB_P', 'EMB_P', 'EMB_P', 'EMB_P', 'EMB_P', 'EMB_P', 'EMB_P', 'EMB_P', 'EMB_P', 'EMB_P', 'EMB_P', 'EMB_P', 'EMB_P', 'EMB_P', 'EMB_P', 'EMB_P', 'EMB_P', 'EMB_P', 'EMB_P', 'EMB_P', 'EMB_P', 'EMB_P', 'EMB_P', 'EMB_P', 'EMB_P', 'EMB_P', 'EMB_P', 'EMB_P', 'EMB_P', 'EMB_P', 'EMB_P', 'EMB_P', 'EMB_P', 'EMB_P', 'EMB_P', 'EMB_P', 'EMB_P', 'EMB_P', 'EMB_P', 'EMB_P', 'EMB_P', 'EMB_P', 'EMB_P', 'EMB_P', 'EMB_P', 'EMB_P', 'EMB_P', 'EMB_P', 'EMB_P', 'EMB_P', 'EMB_P', 'EMB_P', 'EMB_P', 'EMB_P', 'EMB_P', 'EMB_P', 'EMB_P', 'EMB_P', 'EMB_P', 'EMB_P', 'EMB_P', 'EMB_P']"
321,physical design,NULL,laptop_quad_dev_278,asus has really set a new standard with the c302ca ' s internals and physical design .,6.8,6.6,"['EMB_O', 'EMB_O', 'EMB_O', 'EMB_O', 'EMB_O', 'EMB_O', 'EMB_O', 'EMB_O', 'EMB_O', 'EMB_O', 'EMB_O', 'EMB_O', 'EMB_O', 'EMB_O', 'EMB_O', 'EMB_O', 'EMB_O', 'EMB_O', 'EMB_O', 'ASP_B', 'ASP_E', 'EMB_O', 'EMB_O', 'EMB_P', 'EMB_P', 'EMB_P', 'EMB_P', 'EMB_P', 'EMB_P', 'EMB_P', 'EMB_P', 'EMB_P', 'EMB_P', 'EMB_P', 'EMB_P', 'EMB_P', 'EMB_P', 'EMB_P', 'EMB_P', 'EMB_P', 'EMB_P', 'EMB_P', 'EMB_P', 'EMB_P', 'EMB_P', 'EMB_P', 'EMB_P', 'EMB_P', 'EMB_P', 'EMB_P', 'EMB_P', 'EMB_P', 'EMB_P', 'EMB_P', 'EMB_P', 'EMB_P', 'EMB_P', 'EMB_P', 'EMB_P', 'EMB_P', 'EMB_P', 'EMB_P', 'EMB_P', 'EMB_P', 'EMB_P', 'EMB_P', 'EMB_P', 'EMB_P', 'EMB_P', 'EMB_P', 'EMB_P', 'EMB_P', 'EMB_P', 'EMB_P', 'EMB_P', 'EMB_P', 'EMB_P', 'EMB_P', 'EMB_P', 'EMB_P', 'EMB_P', 'EMB_P', 'EMB_P', 'EMB_P', 'EMB_P', 'EMB_P', 'EMB_P', 'EMB_P', 'EMB_P', 'EMB_P', 'EMB_P', 'EMB_P', 'EMB_P', 'EMB_P', 'EMB_P', 'EMB_P', 'EMB_P', 'EMB_P', 'EMB_P', 'EMB_P', 'EMB_P', 'EMB_P', 'EMB_P', 'EMB_P', 'EMB_P', 'EMB_P', 'EMB_P', 'EMB_P', 'EMB_P', 'EMB_P', 'EMB_P', 'EMB_P', 'EMB_P', 'EMB_P', 'EMB_P', 'EMB_P', 'EMB_P', 'EMB_P', 'EMB_P', 'EMB_P', 'EMB_P', 'EMB_P', 'EMB_P', 'EMB_P', 'EMB_P', 'EMB_P', 'EMB_P', 'EMB_P']","['EMB_O', 'EMB_O', 'EMB_O', 'EMB_O', 'EMB_O', 'EMB_O', 'EMB_O', 'EMB_O', 'EMB_O', 'EMB_O', 'EMB_O', 'EMB_O', 'EMB_O', 'EMB_O', 'EMB_O', 'EMB_O', 'EMB_O', 'EMB_O', 'EMB_O', 'EMB_O', 'EMB_O', 'EMB_O', 'EMB_O', 'EMB_P', 'EMB_P', 'EMB_P', 'EMB_P', 'EMB_P', 'EMB_P', 'EMB_P', 'EMB_P', 'EMB_P', 'EMB_P', 'EMB_P', 'EMB_P', 'EMB_P', 'EMB_P', 'EMB_P', 'EMB_P', 'EMB_P', 'EMB_P', 'EMB_P', 'EMB_P', 'EMB_P', 'EMB_P', 'EMB_P', 'EMB_P', 'EMB_P', 'EMB_P', 'EMB_P', 'EMB_P', 'EMB_P', 'EMB_P', 'EMB_P', 'EMB_P', 'EMB_P', 'EMB_P', 'EMB_P', 'EMB_P', 'EMB_P', 'EMB_P', 'EMB_P', 'EMB_P', 'EMB_P', 'EMB_P', 'EMB_P', 'EMB_P', 'EMB_P', 'EMB_P', 'EMB_P', 'EMB_P', 'EMB_P', 'EMB_P', 'EMB_P', 'EMB_P', 'EMB_P', 'EMB_P', 'EMB_P', 'EMB_P', 'EMB_P', 'EMB_P', 'EMB_P', 'EMB_P', 'EMB_P', 'EMB_P', 'EMB_P', 'EMB_P', 'EMB_P', 'EMB_P', 'EMB_P', 'EMB_P', 'EMB_P', 'EMB_P', 'EMB_P', 'EMB_P', 'EMB_P', 'EMB_P', 'EMB_P', 'EMB_P', 'EMB_P', 'EMB_P', 'EMB_P', 'EMB_P', 'EMB_P', 'EMB_P', 'EMB_P', 'EMB_P', 'EMB_P', 'EMB_P', 'EMB_P', 'EMB_P', 'EMB_P', 'EMB_P', 'EMB_P', 'EMB_P', 'EMB_P', 'EMB_P', 'EMB_P', 'EMB_P', 'EMB_P', 'EMB_P', 'EMB_P', 'EMB_P', 'EMB_P', 'EMB_P', 'EMB_P', 'EMB_P', 'EMB_P']"
322,task tray area,NULL,laptop_quad_dev_279,similarly the task tray area of the main task bar is on the small side and lends itself to fat - fingering .,4.62,5.12,"['EMB_O', 'EMB_O', 'EMB_O', 'ASP_B', 'ASP_I', 'ASP_I', 'ASP_E', 'EMB_O', 'EMB_O', 'EMB_O', 'EMB_O', 'EMB_O', 'EMB_O', 'EMB_O', 'EMB_O', 'EMB_O', 'EMB_O', 'EMB_O', 'EMB_O', 'EMB_O', 'EMB_O', 'EMB_O', 'EMB_O', 'EMB_O', 'EMB_O', 'EMB_O', 'EMB_O', 'EMB_O', 'EMB_P', 'EMB_P', 'EMB_P', 'EMB_P', 'EMB_P', 'EMB_P', 'EMB_P', 'EMB_P', 'EMB_P', 'EMB_P', 'EMB_P', 'EMB_P', 'EMB_P', 'EMB_P', 'EMB_P', 'EMB_P', 'EMB_P', 'EMB_P', 'EMB_P', 'EMB_P', 'EMB_P', 'EMB_P', 'EMB_P', 'EMB_P', 'EMB_P', 'EMB_P', 'EMB_P', 'EMB_P', 'EMB_P', 'EMB_P', 'EMB_P', 'EMB_P', 'EMB_P', 'EMB_P', 'EMB_P', 'EMB_P', 'EMB_P', 'EMB_P', 'EMB_P', 'EMB_P', 'EMB_P', 'EMB_P', 'EMB_P', 'EMB_P', 'EMB_P', 'EMB_P', 'EMB_P', 'EMB_P', 'EMB_P', 'EMB_P', 'EMB_P', 'EMB_P', 'EMB_P', 'EMB_P', 'EMB_P', 'EMB_P', 'EMB_P', 'EMB_P', 'EMB_P', 'EMB_P', 'EMB_P', 'EMB_P', 'EMB_P', 'EMB_P', 'EMB_P', 'EMB_P', 'EMB_P', 'EMB_P', 'EMB_P', 'EMB_P', 'EMB_P', 'EMB_P', 'EMB_P', 'EMB_P', 'EMB_P', 'EMB_P', 'EMB_P', 'EMB_P', 'EMB_P', 'EMB_P', 'EMB_P', 'EMB_P', 'EMB_P', 'EMB_P', 'EMB_P', 'EMB_P', 'EMB_P', 'EMB_P', 'EMB_P', 'EMB_P', 'EMB_P', 'EMB_P', 'EMB_P', 'EMB_P', 'EMB_P', 'EMB_P', 'EMB_P', 'EMB_P', 'EMB_P', 'EMB_P']","['EMB_O', 'EMB_O', 'EMB_O', 'EMB_O', 'EMB_O', 'EMB_O', 'EMB_O', 'EMB_O', 'EMB_O', 'EMB_O', 'EMB_O', 'EMB_O', 'EMB_O', 'EMB_O', 'EMB_O', 'EMB_O', 'EMB_O', 'EMB_O', 'EMB_O', 'EMB_O', 'EMB_O', 'EMB_O', 'EMB_O', 'EMB_O', 'EMB_O', 'EMB_O', 'EMB_O', 'EMB_O', 'EMB_P', 'EMB_P', 'EMB_P', 'EMB_P', 'EMB_P', 'EMB_P', 'EMB_P', 'EMB_P', 'EMB_P', 'EMB_P', 'EMB_P', 'EMB_P', 'EMB_P', 'EMB_P', 'EMB_P', 'EMB_P', 'EMB_P', 'EMB_P', 'EMB_P', 'EMB_P', 'EMB_P', 'EMB_P', 'EMB_P', 'EMB_P', 'EMB_P', 'EMB_P', 'EMB_P', 'EMB_P', 'EMB_P', 'EMB_P', 'EMB_P', 'EMB_P', 'EMB_P', 'EMB_P', 'EMB_P', 'EMB_P', 'EMB_P', 'EMB_P', 'EMB_P', 'EMB_P', 'EMB_P', 'EMB_P', 'EMB_P', 'EMB_P', 'EMB_P', 'EMB_P', 'EMB_P', 'EMB_P', 'EMB_P', 'EMB_P', 'EMB_P', 'EMB_P', 'EMB_P', 'EMB_P', 'EMB_P', 'EMB_P', 'EMB_P', 'EMB_P', 'EMB_P', 'EMB_P', 'EMB_P', 'EMB_P', 'EMB_P', 'EMB_P', 'EMB_P', 'EMB_P', 'EMB_P', 'EMB_P', 'EMB_P', 'EMB_P', 'EMB_P', 'EMB_P', 'EMB_P', 'EMB_P', 'EMB_P', 'EMB_P', 'EMB_P', 'EMB_P', 'EMB_P', 'EMB_P', 'EMB_P', 'EMB_P', 'EMB_P', 'EMB_P', 'EMB_P', 'EMB_P', 'EMB_P', 'EMB_P', 'EMB_P', 'EMB_P', 'EMB_P', 'EMB_P', 'EMB_P', 'EMB_P', 'EMB_P', 'EMB_P', 'EMB_P', 'EMB_P', 'EMB_P', 'EMB_P']"
323,chromeos,very convenient,laptop_quad_dev_280,one of the features of chromeos that i find very convenient is the way in which all of your configuration settings are stored in the cloud with your gmail account .,7.5,7.33,"['EMB_O', 'EMB_O', 'EMB_O', 'EMB_O', 'EMB_O', 'EMB_O', 'ASP_B', 'ASP_I', 'ASP_E', 'EMB_O', 'EMB_O', 'EMB_O', 'EMB_O', 'EMB_O', 'EMB_O', 'EMB_O', 'EMB_O', 'EMB_O', 'EMB_O', 'EMB_O', 'EMB_O', 'EMB_O', 'EMB_O', 'EMB_O', 'EMB_O', 'EMB_O', 'EMB_O', 'EMB_O', 'EMB_O', 'EMB_O', 'EMB_O', 'EMB_O', 'EMB_O', 'EMB_O', 'EMB_O', 'EMB_O', 'EMB_O', 'EMB_O', 'EMB_P', 'EMB_P', 'EMB_P', 'EMB_P', 'EMB_P', 'EMB_P', 'EMB_P', 'EMB_P', 'EMB_P', 'EMB_P', 'EMB_P', 'EMB_P', 'EMB_P', 'EMB_P', 'EMB_P', 'EMB_P', 'EMB_P', 'EMB_P', 'EMB_P', 'EMB_P', 'EMB_P', 'EMB_P', 'EMB_P', 'EMB_P', 'EMB_P', 'EMB_P', 'EMB_P', 'EMB_P', 'EMB_P', 'EMB_P', 'EMB_P', 'EMB_P', 'EMB_P', 'EMB_P', 'EMB_P', 'EMB_P', 'EMB_P', 'EMB_P', 'EMB_P', 'EMB_P', 'EMB_P', 'EMB_P', 'EMB_P', 'EMB_P', 'EMB_P', 'EMB_P', 'EMB_P', 'EMB_P', 'EMB_P', 'EMB_P', 'EMB_P', 'EMB_P', 'EMB_P', 'EMB_P', 'EMB_P', 'EMB_P', 'EMB_P', 'EMB_P', 'EMB_P', 'EMB_P', 'EMB_P', 'EMB_P', 'EMB_P', 'EMB_P', 'EMB_P', 'EMB_P', 'EMB_P', 'EMB_P', 'EMB_P', 'EMB_P', 'EMB_P', 'EMB_P', 'EMB_P', 'EMB_P', 'EMB_P', 'EMB_P', 'EMB_P', 'EMB_P', 'EMB_P', 'EMB_P', 'EMB_P', 'EMB_P', 'EMB_P', 'EMB_P', 'EMB_P', 'EMB_P', 'EMB_P', 'EMB_P', 'EMB_P', 'EMB_P']","['EMB_O', 'EMB_O', 'EMB_O', 'EMB_O', 'EMB_O', 'EMB_O', 'EMB_O', 'EMB_O', 'EMB_O', 'EMB_O', 'EMB_O', 'EMB_O', 'OPN_B', 'OPN_I', 'OPN_I', 'OPN_E', 'EMB_O', 'EMB_O', 'EMB_O', 'EMB_O', 'EMB_O', 'EMB_O', 'EMB_O', 'EMB_O', 'EMB_O', 'EMB_O', 'EMB_O', 'EMB_O', 'EMB_O', 'EMB_O', 'EMB_O', 'EMB_O', 'EMB_O', 'EMB_O', 'EMB_O', 'EMB_O', 'EMB_O', 'EMB_O', 'EMB_P', 'EMB_P', 'EMB_P', 'EMB_P', 'EMB_P', 'EMB_P', 'EMB_P', 'EMB_P', 'EMB_P', 'EMB_P', 'EMB_P', 'EMB_P', 'EMB_P', 'EMB_P', 'EMB_P', 'EMB_P', 'EMB_P', 'EMB_P', 'EMB_P', 'EMB_P', 'EMB_P', 'EMB_P', 'EMB_P', 'EMB_P', 'EMB_P', 'EMB_P', 'EMB_P', 'EMB_P', 'EMB_P', 'EMB_P', 'EMB_P', 'EMB_P', 'EMB_P', 'EMB_P', 'EMB_P', 'EMB_P', 'EMB_P', 'EMB_P', 'EMB_P', 'EMB_P', 'EMB_P', 'EMB_P', 'EMB_P', 'EMB_P', 'EMB_P', 'EMB_P', 'EMB_P', 'EMB_P', 'EMB_P', 'EMB_P', 'EMB_P', 'EMB_P', 'EMB_P', 'EMB_P', 'EMB_P', 'EMB_P', 'EMB_P', 'EMB_P', 'EMB_P', 'EMB_P', 'EMB_P', 'EMB_P', 'EMB_P', 'EMB_P', 'EMB_P', 'EMB_P', 'EMB_P', 'EMB_P', 'EMB_P', 'EMB_P', 'EMB_P', 'EMB_P', 'EMB_P', 'EMB_P', 'EMB_P', 'EMB_P', 'EMB_P', 'EMB_P', 'EMB_P', 'EMB_P', 'EMB_P', 'EMB_P', 'EMB_P', 'EMB_P', 'EMB_P', 'EMB_P', 'EMB_P', 'EMB_P', 'EMB_P', 'EMB_P']"
324,device,gorgeous,laptop_quad_dev_281,a big part of this device is its gorgeous aesthetic .,8.0,8.17,"['EMB_O', 'EMB_O', 'EMB_O', 'EMB_O', 'EMB_O', 'EMB_O', 'ASP_S', 'EMB_O', 'EMB_O', 'EMB_O', 'EMB_O', 'EMB_O', 'EMB_O', 'EMB_O', 'EMB_O', 'EMB_O', 'EMB_P', 'EMB_P', 'EMB_P', 'EMB_P', 'EMB_P', 'EMB_P', 'EMB_P', 'EMB_P', 'EMB_P', 'EMB_P', 'EMB_P', 'EMB_P', 'EMB_P', 'EMB_P', 'EMB_P', 'EMB_P', 'EMB_P', 'EMB_P', 'EMB_P', 'EMB_P', 'EMB_P', 'EMB_P', 'EMB_P', 'EMB_P', 'EMB_P', 'EMB_P', 'EMB_P', 'EMB_P', 'EMB_P', 'EMB_P', 'EMB_P', 'EMB_P', 'EMB_P', 'EMB_P', 'EMB_P', 'EMB_P', 'EMB_P', 'EMB_P', 'EMB_P', 'EMB_P', 'EMB_P', 'EMB_P', 'EMB_P', 'EMB_P', 'EMB_P', 'EMB_P', 'EMB_P', 'EMB_P', 'EMB_P', 'EMB_P', 'EMB_P', 'EMB_P', 'EMB_P', 'EMB_P', 'EMB_P', 'EMB_P', 'EMB_P', 'EMB_P', 'EMB_P', 'EMB_P', 'EMB_P', 'EMB_P', 'EMB_P', 'EMB_P', 'EMB_P', 'EMB_P', 'EMB_P', 'EMB_P', 'EMB_P', 'EMB_P', 'EMB_P', 'EMB_P', 'EMB_P', 'EMB_P', 'EMB_P', 'EMB_P', 'EMB_P', 'EMB_P', 'EMB_P', 'EMB_P', 'EMB_P', 'EMB_P', 'EMB_P', 'EMB_P', 'EMB_P', 'EMB_P', 'EMB_P', 'EMB_P', 'EMB_P', 'EMB_P', 'EMB_P', 'EMB_P', 'EMB_P', 'EMB_P', 'EMB_P', 'EMB_P', 'EMB_P', 'EMB_P', 'EMB_P', 'EMB_P', 'EMB_P', 'EMB_P', 'EMB_P', 'EMB_P', 'EMB_P', 'EMB_P', 'EMB_P', 'EMB_P', 'EMB_P', 'EMB_P', 'EMB_P', 'EMB_P']","['EMB_O', 'EMB_O', 'EMB_O', 'EMB_O', 'EMB_O', 'EMB_O', 'EMB_O', 'EMB_O', 'EMB_O', 'OPN_B', 'OPN_I', 'OPN_E', 'EMB_O', 'EMB_O', 'EMB_O', 'EMB_O', 'EMB_P', 'EMB_P', 'EMB_P', 'EMB_P', 'EMB_P', 'EMB_P', 'EMB_P', 'EMB_P', 'EMB_P', 'EMB_P', 'EMB_P', 'EMB_P', 'EMB_P', 'EMB_P', 'EMB_P', 'EMB_P', 'EMB_P', 'EMB_P', 'EMB_P', 'EMB_P', 'EMB_P', 'EMB_P', 'EMB_P', 'EMB_P', 'EMB_P', 'EMB_P', 'EMB_P', 'EMB_P', 'EMB_P', 'EMB_P', 'EMB_P', 'EMB_P', 'EMB_P', 'EMB_P', 'EMB_P', 'EMB_P', 'EMB_P', 'EMB_P', 'EMB_P', 'EMB_P', 'EMB_P', 'EMB_P', 'EMB_P', 'EMB_P', 'EMB_P', 'EMB_P', 'EMB_P', 'EMB_P', 'EMB_P', 'EMB_P', 'EMB_P', 'EMB_P', 'EMB_P', 'EMB_P', 'EMB_P', 'EMB_P', 'EMB_P', 'EMB_P', 'EMB_P', 'EMB_P', 'EMB_P', 'EMB_P', 'EMB_P', 'EMB_P', 'EMB_P', 'EMB_P', 'EMB_P', 'EMB_P', 'EMB_P', 'EMB_P', 'EMB_P', 'EMB_P', 'EMB_P', 'EMB_P', 'EMB_P', 'EMB_P', 'EMB_P', 'EMB_P', 'EMB_P', 'EMB_P', 'EMB_P', 'EMB_P', 'EMB_P', 'EMB_P', 'EMB_P', 'EMB_P', 'EMB_P', 'EMB_P', 'EMB_P', 'EMB_P', 'EMB_P', 'EMB_P', 'EMB_P', 'EMB_P', 'EMB_P', 'EMB_P', 'EMB_P', 'EMB_P', 'EMB_P', 'EMB_P', 'EMB_P', 'EMB_P', 'EMB_P', 'EMB_P', 'EMB_P', 'EMB_P', 'EMB_P', 'EMB_P', 'EMB_P', 'EMB_P', 'EMB_P', 'EMB_P']"
325,device,great,laptop_quad_dev_282,this is a great device and the $ 450 asking price seems fair .,7.33,7.17,"['EMB_O', 'EMB_O', 'EMB_O', 'EMB_O', 'EMB_O', 'ASP_S', 'EMB_O', 'EMB_O', 'EMB_O', 'EMB_O', 'EMB_O', 'EMB_O', 'EMB_O', 'EMB_O', 'EMB_O', 'EMB_O', 'EMB_P', 'EMB_P', 'EMB_P', 'EMB_P', 'EMB_P', 'EMB_P', 'EMB_P', 'EMB_P', 'EMB_P', 'EMB_P', 'EMB_P', 'EMB_P', 'EMB_P', 'EMB_P', 'EMB_P', 'EMB_P', 'EMB_P', 'EMB_P', 'EMB_P', 'EMB_P', 'EMB_P', 'EMB_P', 'EMB_P', 'EMB_P', 'EMB_P', 'EMB_P', 'EMB_P', 'EMB_P', 'EMB_P', 'EMB_P', 'EMB_P', 'EMB_P', 'EMB_P', 'EMB_P', 'EMB_P', 'EMB_P', 'EMB_P', 'EMB_P', 'EMB_P', 'EMB_P', 'EMB_P', 'EMB_P', 'EMB_P', 'EMB_P', 'EMB_P', 'EMB_P', 'EMB_P', 'EMB_P', 'EMB_P', 'EMB_P', 'EMB_P', 'EMB_P', 'EMB_P', 'EMB_P', 'EMB_P', 'EMB_P', 'EMB_P', 'EMB_P', 'EMB_P', 'EMB_P', 'EMB_P', 'EMB_P', 'EMB_P', 'EMB_P', 'EMB_P', 'EMB_P', 'EMB_P', 'EMB_P', 'EMB_P', 'EMB_P', 'EMB_P', 'EMB_P', 'EMB_P', 'EMB_P', 'EMB_P', 'EMB_P', 'EMB_P', 'EMB_P', 'EMB_P', 'EMB_P', 'EMB_P', 'EMB_P', 'EMB_P', 'EMB_P', 'EMB_P', 'EMB_P', 'EMB_P', 'EMB_P', 'EMB_P', 'EMB_P', 'EMB_P', 'EMB_P', 'EMB_P', 'EMB_P', 'EMB_P', 'EMB_P', 'EMB_P', 'EMB_P', 'EMB_P', 'EMB_P', 'EMB_P', 'EMB_P', 'EMB_P', 'EMB_P', 'EMB_P', 'EMB_P', 'EMB_P', 'EMB_P', 'EMB_P', 'EMB_P', 'EMB_P', 'EMB_P']","['EMB_O', 'EMB_O', 'EMB_O', 'EMB_O', 'OPN_S', 'EMB_O', 'EMB_O', 'EMB_O', 'EMB_O', 'EMB_O', 'EMB_O', 'EMB_O', 'EMB_O', 'EMB_O', 'EMB_O', 'EMB_O', 'EMB_P', 'EMB_P', 'EMB_P', 'EMB_P', 'EMB_P', 'EMB_P', 'EMB_P', 'EMB_P', 'EMB_P', 'EMB_P', 'EMB_P', 'EMB_P', 'EMB_P', 'EMB_P', 'EMB_P', 'EMB_P', 'EMB_P', 'EMB_P', 'EMB_P', 'EMB_P', 'EMB_P', 'EMB_P', 'EMB_P', 'EMB_P', 'EMB_P', 'EMB_P', 'EMB_P', 'EMB_P', 'EMB_P', 'EMB_P', 'EMB_P', 'EMB_P', 'EMB_P', 'EMB_P', 'EMB_P', 'EMB_P', 'EMB_P', 'EMB_P', 'EMB_P', 'EMB_P', 'EMB_P', 'EMB_P', 'EMB_P', 'EMB_P', 'EMB_P', 'EMB_P', 'EMB_P', 'EMB_P', 'EMB_P', 'EMB_P', 'EMB_P', 'EMB_P', 'EMB_P', 'EMB_P', 'EMB_P', 'EMB_P', 'EMB_P', 'EMB_P', 'EMB_P', 'EMB_P', 'EMB_P', 'EMB_P', 'EMB_P', 'EMB_P', 'EMB_P', 'EMB_P', 'EMB_P', 'EMB_P', 'EMB_P', 'EMB_P', 'EMB_P', 'EMB_P', 'EMB_P', 'EMB_P', 'EMB_P', 'EMB_P', 'EMB_P', 'EMB_P', 'EMB_P', 'EMB_P', 'EMB_P', 'EMB_P', 'EMB_P', 'EMB_P', 'EMB_P', 'EMB_P', 'EMB_P', 'EMB_P', 'EMB_P', 'EMB_P', 'EMB_P', 'EMB_P', 'EMB_P', 'EMB_P', 'EMB_P', 'EMB_P', 'EMB_P', 'EMB_P', 'EMB_P', 'EMB_P', 'EMB_P', 'EMB_P', 'EMB_P', 'EMB_P', 'EMB_P', 'EMB_P', 'EMB_P', 'EMB_P', 'EMB_P', 'EMB_P', 'EMB_P', 'EMB_P']"
326,computer,NULL,laptop_quad_dev_283,this computer was 10 fold what i had expected .,5.62,5.62,"['EMB_O', 'EMB_O', 'ASP_S', 'EMB_O', 'EMB_O', 'EMB_O', 'EMB_O', 'EMB_O', 'EMB_O', 'EMB_O', 'EMB_O', 'EMB_O', 'EMB_O', 'EMB_P', 'EMB_P', 'EMB_P', 'EMB_P', 'EMB_P', 'EMB_P', 'EMB_P', 'EMB_P', 'EMB_P', 'EMB_P', 'EMB_P', 'EMB_P', 'EMB_P', 'EMB_P', 'EMB_P', 'EMB_P', 'EMB_P', 'EMB_P', 'EMB_P', 'EMB_P', 'EMB_P', 'EMB_P', 'EMB_P', 'EMB_P', 'EMB_P', 'EMB_P', 'EMB_P', 'EMB_P', 'EMB_P', 'EMB_P', 'EMB_P', 'EMB_P', 'EMB_P', 'EMB_P', 'EMB_P', 'EMB_P', 'EMB_P', 'EMB_P', 'EMB_P', 'EMB_P', 'EMB_P', 'EMB_P', 'EMB_P', 'EMB_P', 'EMB_P', 'EMB_P', 'EMB_P', 'EMB_P', 'EMB_P', 'EMB_P', 'EMB_P', 'EMB_P', 'EMB_P', 'EMB_P', 'EMB_P', 'EMB_P', 'EMB_P', 'EMB_P', 'EMB_P', 'EMB_P', 'EMB_P', 'EMB_P', 'EMB_P', 'EMB_P', 'EMB_P', 'EMB_P', 'EMB_P', 'EMB_P', 'EMB_P', 'EMB_P', 'EMB_P', 'EMB_P', 'EMB_P', 'EMB_P', 'EMB_P', 'EMB_P', 'EMB_P', 'EMB_P', 'EMB_P', 'EMB_P', 'EMB_P', 'EMB_P', 'EMB_P', 'EMB_P', 'EMB_P', 'EMB_P', 'EMB_P', 'EMB_P', 'EMB_P', 'EMB_P', 'EMB_P', 'EMB_P', 'EMB_P', 'EMB_P', 'EMB_P', 'EMB_P', 'EMB_P', 'EMB_P', 'EMB_P', 'EMB_P', 'EMB_P', 'EMB_P', 'EMB_P', 'EMB_P', 'EMB_P', 'EMB_P', 'EMB_P', 'EMB_P', 'EMB_P', 'EMB_P', 'EMB_P', 'EMB_P', 'EMB_P', 'EMB_P', 'EMB_P']","['EMB_O', 'EMB_O', 'EMB_O', 'EMB_O', 'EMB_O', 'EMB_O', 'EMB_O', 'EMB_O', 'EMB_O', 'EMB_O', 'EMB_O', 'EMB_O', 'EMB_O', 'EMB_P', 'EMB_P', 'EMB_P', 'EMB_P', 'EMB_P', 'EMB_P', 'EMB_P', 'EMB_P', 'EMB_P', 'EMB_P', 'EMB_P', 'EMB_P', 'EMB_P', 'EMB_P', 'EMB_P', 'EMB_P', 'EMB_P', 'EMB_P', 'EMB_P', 'EMB_P', 'EMB_P', 'EMB_P', 'EMB_P', 'EMB_P', 'EMB_P', 'EMB_P', 'EMB_P', 'EMB_P', 'EMB_P', 'EMB_P', 'EMB_P', 'EMB_P', 'EMB_P', 'EMB_P', 'EMB_P', 'EMB_P', 'EMB_P', 'EMB_P', 'EMB_P', 'EMB_P', 'EMB_P', 'EMB_P', 'EMB_P', 'EMB_P', 'EMB_P', 'EMB_P', 'EMB_P', 'EMB_P', 'EMB_P', 'EMB_P', 'EMB_P', 'EMB_P', 'EMB_P', 'EMB_P', 'EMB_P', 'EMB_P', 'EMB_P', 'EMB_P', 'EMB_P', 'EMB_P', 'EMB_P', 'EMB_P', 'EMB_P', 'EMB_P', 'EMB_P', 'EMB_P', 'EMB_P', 'EMB_P', 'EMB_P', 'EMB_P', 'EMB_P', 'EMB_P', 'EMB_P', 'EMB_P', 'EMB_P', 'EMB_P', 'EMB_P', 'EMB_P', 'EMB_P', 'EMB_P', 'EMB_P', 'EMB_P', 'EMB_P', 'EMB_P', 'EMB_P', 'EMB_P', 'EMB_P', 'EMB_P', 'EMB_P', 'EMB_P', 'EMB_P', 'EMB_P', 'EMB_P', 'EMB_P', 'EMB_P', 'EMB_P', 'EMB_P', 'EMB_P', 'EMB_P', 'EMB_P', 'EMB_P', 'EMB_P', 'EMB_P', 'EMB_P', 'EMB_P', 'EMB_P', 'EMB_P', 'EMB_P', 'EMB_P', 'EMB_P', 'EMB_P', 'EMB_P', 'EMB_P', 'EMB_P', 'EMB_P']"
327,ram,good,laptop_quad_dev_284,i ' m usually peaked with ram ( ~ 95 % ) which is good because it ' s better used than not used .,6.75,7.25,"['EMB_O', 'EMB_O', 'EMB_O', 'EMB_O', 'EMB_O', 'EMB_O', 'EMB_O', 'ASP_B', 'ASP_E', 'EMB_O', 'EMB_O', 'EMB_O', 'EMB_O', 'EMB_O', 'EMB_O', 'EMB_O', 'EMB_O', 'EMB_O', 'EMB_O', 'EMB_O', 'EMB_O', 'EMB_O', 'EMB_O', 'EMB_O', 'EMB_O', 'EMB_O', 'EMB_O', 'EMB_O', 'EMB_P', 'EMB_P', 'EMB_P', 'EMB_P', 'EMB_P', 'EMB_P', 'EMB_P', 'EMB_P', 'EMB_P', 'EMB_P', 'EMB_P', 'EMB_P', 'EMB_P', 'EMB_P', 'EMB_P', 'EMB_P', 'EMB_P', 'EMB_P', 'EMB_P', 'EMB_P', 'EMB_P', 'EMB_P', 'EMB_P', 'EMB_P', 'EMB_P', 'EMB_P', 'EMB_P', 'EMB_P', 'EMB_P', 'EMB_P', 'EMB_P', 'EMB_P', 'EMB_P', 'EMB_P', 'EMB_P', 'EMB_P', 'EMB_P', 'EMB_P', 'EMB_P', 'EMB_P', 'EMB_P', 'EMB_P', 'EMB_P', 'EMB_P', 'EMB_P', 'EMB_P', 'EMB_P', 'EMB_P', 'EMB_P', 'EMB_P', 'EMB_P', 'EMB_P', 'EMB_P', 'EMB_P', 'EMB_P', 'EMB_P', 'EMB_P', 'EMB_P', 'EMB_P', 'EMB_P', 'EMB_P', 'EMB_P', 'EMB_P', 'EMB_P', 'EMB_P', 'EMB_P', 'EMB_P', 'EMB_P', 'EMB_P', 'EMB_P', 'EMB_P', 'EMB_P', 'EMB_P', 'EMB_P', 'EMB_P', 'EMB_P', 'EMB_P', 'EMB_P', 'EMB_P', 'EMB_P', 'EMB_P', 'EMB_P', 'EMB_P', 'EMB_P', 'EMB_P', 'EMB_P', 'EMB_P', 'EMB_P', 'EMB_P', 'EMB_P', 'EMB_P', 'EMB_P', 'EMB_P', 'EMB_P', 'EMB_P', 'EMB_P', 'EMB_P', 'EMB_P', 'EMB_P', 'EMB_P']","['EMB_O', 'EMB_O', 'EMB_O', 'EMB_O', 'EMB_O', 'EMB_O', 'EMB_O', 'EMB_O', 'EMB_O', 'EMB_O', 'EMB_O', 'EMB_O', 'EMB_O', 'EMB_O', 'EMB_O', 'EMB_O', 'OPN_S', 'EMB_O', 'EMB_O', 'EMB_O', 'EMB_O', 'EMB_O', 'EMB_O', 'EMB_O', 'EMB_O', 'EMB_O', 'EMB_O', 'EMB_O', 'EMB_P', 'EMB_P', 'EMB_P', 'EMB_P', 'EMB_P', 'EMB_P', 'EMB_P', 'EMB_P', 'EMB_P', 'EMB_P', 'EMB_P', 'EMB_P', 'EMB_P', 'EMB_P', 'EMB_P', 'EMB_P', 'EMB_P', 'EMB_P', 'EMB_P', 'EMB_P', 'EMB_P', 'EMB_P', 'EMB_P', 'EMB_P', 'EMB_P', 'EMB_P', 'EMB_P', 'EMB_P', 'EMB_P', 'EMB_P', 'EMB_P', 'EMB_P', 'EMB_P', 'EMB_P', 'EMB_P', 'EMB_P', 'EMB_P', 'EMB_P', 'EMB_P', 'EMB_P', 'EMB_P', 'EMB_P', 'EMB_P', 'EMB_P', 'EMB_P', 'EMB_P', 'EMB_P', 'EMB_P', 'EMB_P', 'EMB_P', 'EMB_P', 'EMB_P', 'EMB_P', 'EMB_P', 'EMB_P', 'EMB_P', 'EMB_P', 'EMB_P', 'EMB_P', 'EMB_P', 'EMB_P', 'EMB_P', 'EMB_P', 'EMB_P', 'EMB_P', 'EMB_P', 'EMB_P', 'EMB_P', 'EMB_P', 'EMB_P', 'EMB_P', 'EMB_P', 'EMB_P', 'EMB_P', 'EMB_P', 'EMB_P', 'EMB_P', 'EMB_P', 'EMB_P', 'EMB_P', 'EMB_P', 'EMB_P', 'EMB_P', 'EMB_P', 'EMB_P', 'EMB_P', 'EMB_P', 'EMB_P', 'EMB_P', 'EMB_P', 'EMB_P', 'EMB_P', 'EMB_P', 'EMB_P', 'EMB_P', 'EMB_P', 'EMB_P', 'EMB_P', 'EMB_P', 'EMB_P']"
328,NULL,a bit big,laptop_quad_dev_285,but it is a bit big and heavy .,4.12,5.25,"['EMB_O', 'EMB_O', 'EMB_O', 'EMB_O', 'EMB_O', 'EMB_O', 'EMB_O', 'EMB_O', 'EMB_O', 'EMB_O', 'EMB_O', 'EMB_P', 'EMB_P', 'EMB_P', 'EMB_P', 'EMB_P', 'EMB_P', 'EMB_P', 'EMB_P', 'EMB_P', 'EMB_P', 'EMB_P', 'EMB_P', 'EMB_P', 'EMB_P', 'EMB_P', 'EMB_P', 'EMB_P', 'EMB_P', 'EMB_P', 'EMB_P', 'EMB_P', 'EMB_P', 'EMB_P', 'EMB_P', 'EMB_P', 'EMB_P', 'EMB_P', 'EMB_P', 'EMB_P', 'EMB_P', 'EMB_P', 'EMB_P', 'EMB_P', 'EMB_P', 'EMB_P', 'EMB_P', 'EMB_P', 'EMB_P', 'EMB_P', 'EMB_P', 'EMB_P', 'EMB_P', 'EMB_P', 'EMB_P', 'EMB_P', 'EMB_P', 'EMB_P', 'EMB_P', 'EMB_P', 'EMB_P', 'EMB_P', 'EMB_P', 'EMB_P', 'EMB_P', 'EMB_P', 'EMB_P', 'EMB_P', 'EMB_P', 'EMB_P', 'EMB_P', 'EMB_P', 'EMB_P', 'EMB_P', 'EMB_P', 'EMB_P', 'EMB_P', 'EMB_P', 'EMB_P', 'EMB_P', 'EMB_P', 'EMB_P', 'EMB_P', 'EMB_P', 'EMB_P', 'EMB_P', 'EMB_P', 'EMB_P', 'EMB_P', 'EMB_P', 'EMB_P', 'EMB_P', 'EMB_P', 'EMB_P', 'EMB_P', 'EMB_P', 'EMB_P', 'EMB_P', 'EMB_P', 'EMB_P', 'EMB_P', 'EMB_P', 'EMB_P', 'EMB_P', 'EMB_P', 'EMB_P', 'EMB_P', 'EMB_P', 'EMB_P', 'EMB_P', 'EMB_P', 'EMB_P', 'EMB_P', 'EMB_P', 'EMB_P', 'EMB_P', 'EMB_P', 'EMB_P', 'EMB_P', 'EMB_P', 'EMB_P', 'EMB_P', 'EMB_P', 'EMB_P', 'EMB_P', 'EMB_P', 'EMB_P', 'EMB_P']","['EMB_O', 'EMB_O', 'EMB_O', 'EMB_O', 'OPN_B', 'OPN_I', 'OPN_E', 'EMB_O', 'EMB_O', 'EMB_O', 'EMB_O', 'EMB_P', 'EMB_P', 'EMB_P', 'EMB_P', 'EMB_P', 'EMB_P', 'EMB_P', 'EMB_P', 'EMB_P', 'EMB_P', 'EMB_P', 'EMB_P', 'EMB_P', 'EMB_P', 'EMB_P', 'EMB_P', 'EMB_P', 'EMB_P', 'EMB_P', 'EMB_P', 'EMB_P', 'EMB_P', 'EMB_P', 'EMB_P', 'EMB_P', 'EMB_P', 'EMB_P', 'EMB_P', 'EMB_P', 'EMB_P', 'EMB_P', 'EMB_P', 'EMB_P', 'EMB_P', 'EMB_P', 'EMB_P', 'EMB_P', 'EMB_P', 'EMB_P', 'EMB_P', 'EMB_P', 'EMB_P', 'EMB_P', 'EMB_P', 'EMB_P', 'EMB_P', 'EMB_P', 'EMB_P', 'EMB_P', 'EMB_P', 'EMB_P', 'EMB_P', 'EMB_P', 'EMB_P', 'EMB_P', 'EMB_P', 'EMB_P', 'EMB_P', 'EMB_P', 'EMB_P', 'EMB_P', 'EMB_P', 'EMB_P', 'EMB_P', 'EMB_P', 'EMB_P', 'EMB_P', 'EMB_P', 'EMB_P', 'EMB_P', 'EMB_P', 'EMB_P', 'EMB_P', 'EMB_P', 'EMB_P', 'EMB_P', 'EMB_P', 'EMB_P', 'EMB_P', 'EMB_P', 'EMB_P', 'EMB_P', 'EMB_P', 'EMB_P', 'EMB_P', 'EMB_P', 'EMB_P', 'EMB_P', 'EMB_P', 'EMB_P', 'EMB_P', 'EMB_P', 'EMB_P', 'EMB_P', 'EMB_P', 'EMB_P', 'EMB_P', 'EMB_P', 'EMB_P', 'EMB_P', 'EMB_P', 'EMB_P', 'EMB_P', 'EMB_P', 'EMB_P', 'EMB_P', 'EMB_P', 'EMB_P', 'EMB_P', 'EMB_P', 'EMB_P', 'EMB_P', 'EMB_P', 'EMB_P', 'EMB_P', 'EMB_P', 'EMB_P']"
329,quality,excellent,laptop_quad_dev_286,"quality is excellent so far , and the software / hardware combination works like they were made for each other ( which is what you want : ) )",7.83,7.83,"['EMB_O', 'ASP_S', 'EMB_O', 'EMB_O', 'EMB_O', 'EMB_O', 'EMB_O', 'EMB_O', 'EMB_O', 'EMB_O', 'EMB_O', 'EMB_O', 'EMB_O', 'EMB_O', 'EMB_O', 'EMB_O', 'EMB_O', 'EMB_O', 'EMB_O', 'EMB_O', 'EMB_O', 'EMB_O', 'EMB_O', 'EMB_O', 'EMB_O', 'EMB_O', 'EMB_O', 'EMB_O', 'EMB_O', 'EMB_O', 'EMB_O', 'EMB_P', 'EMB_P', 'EMB_P', 'EMB_P', 'EMB_P', 'EMB_P', 'EMB_P', 'EMB_P', 'EMB_P', 'EMB_P', 'EMB_P', 'EMB_P', 'EMB_P', 'EMB_P', 'EMB_P', 'EMB_P', 'EMB_P', 'EMB_P', 'EMB_P', 'EMB_P', 'EMB_P', 'EMB_P', 'EMB_P', 'EMB_P', 'EMB_P', 'EMB_P', 'EMB_P', 'EMB_P', 'EMB_P', 'EMB_P', 'EMB_P', 'EMB_P', 'EMB_P', 'EMB_P', 'EMB_P', 'EMB_P', 'EMB_P', 'EMB_P', 'EMB_P', 'EMB_P', 'EMB_P', 'EMB_P', 'EMB_P', 'EMB_P', 'EMB_P', 'EMB_P', 'EMB_P', 'EMB_P', 'EMB_P', 'EMB_P', 'EMB_P', 'EMB_P', 'EMB_P', 'EMB_P', 'EMB_P', 'EMB_P', 'EMB_P', 'EMB_P', 'EMB_P', 'EMB_P', 'EMB_P', 'EMB_P', 'EMB_P', 'EMB_P', 'EMB_P', 'EMB_P', 'EMB_P', 'EMB_P', 'EMB_P', 'EMB_P', 'EMB_P', 'EMB_P', 'EMB_P', 'EMB_P', 'EMB_P', 'EMB_P', 'EMB_P', 'EMB_P', 'EMB_P', 'EMB_P', 'EMB_P', 'EMB_P', 'EMB_P', 'EMB_P', 'EMB_P', 'EMB_P', 'EMB_P', 'EMB_P', 'EMB_P', 'EMB_P', 'EMB_P', 'EMB_P', 'EMB_P', 'EMB_P', 'EMB_P', 'EMB_P', 'EMB_P']","['EMB_O', 'EMB_O', 'EMB_O', 'OPN_S', 'EMB_O', 'EMB_O', 'EMB_O', 'EMB_O', 'EMB_O', 'EMB_O', 'EMB_O', 'EMB_O', 'EMB_O', 'EMB_O', 'EMB_O', 'EMB_O', 'EMB_O', 'EMB_O', 'EMB_O', 'EMB_O', 'EMB_O', 'EMB_O', 'EMB_O', 'EMB_O', 'EMB_O', 'EMB_O', 'EMB_O', 'EMB_O', 'EMB_O', 'EMB_O', 'EMB_O', 'EMB_P', 'EMB_P', 'EMB_P', 'EMB_P', 'EMB_P', 'EMB_P', 'EMB_P', 'EMB_P', 'EMB_P', 'EMB_P', 'EMB_P', 'EMB_P', 'EMB_P', 'EMB_P', 'EMB_P', 'EMB_P', 'EMB_P', 'EMB_P', 'EMB_P', 'EMB_P', 'EMB_P', 'EMB_P', 'EMB_P', 'EMB_P', 'EMB_P', 'EMB_P', 'EMB_P', 'EMB_P', 'EMB_P', 'EMB_P', 'EMB_P', 'EMB_P', 'EMB_P', 'EMB_P', 'EMB_P', 'EMB_P', 'EMB_P', 'EMB_P', 'EMB_P', 'EMB_P', 'EMB_P', 'EMB_P', 'EMB_P', 'EMB_P', 'EMB_P', 'EMB_P', 'EMB_P', 'EMB_P', 'EMB_P', 'EMB_P', 'EMB_P', 'EMB_P', 'EMB_P', 'EMB_P', 'EMB_P', 'EMB_P', 'EMB_P', 'EMB_P', 'EMB_P', 'EMB_P', 'EMB_P', 'EMB_P', 'EMB_P', 'EMB_P', 'EMB_P', 'EMB_P', 'EMB_P', 'EMB_P', 'EMB_P', 'EMB_P', 'EMB_P', 'EMB_P', 'EMB_P', 'EMB_P', 'EMB_P', 'EMB_P', 'EMB_P', 'EMB_P', 'EMB_P', 'EMB_P', 'EMB_P', 'EMB_P', 'EMB_P', 'EMB_P', 'EMB_P', 'EMB_P', 'EMB_P', 'EMB_P', 'EMB_P', 'EMB_P', 'EMB_P', 'EMB_P', 'EMB_P', 'EMB_P', 'EMB_P', 'EMB_P', 'EMB_P']"
330,software,NULL,laptop_quad_dev_286,"quality is excellent so far , and the software / hardware combination works like they were made for each other ( which is what you want : ) )",6.67,7.0,"['EMB_O', 'EMB_O', 'EMB_O', 'EMB_O', 'EMB_O', 'EMB_O', 'EMB_O', 'EMB_O', 'EMB_O', 'ASP_S', 'EMB_O', 'EMB_O', 'EMB_O', 'EMB_O', 'EMB_O', 'EMB_O', 'EMB_O', 'EMB_O', 'EMB_O', 'EMB_O', 'EMB_O', 'EMB_O', 'EMB_O', 'EMB_O', 'EMB_O', 'EMB_O', 'EMB_O', 'EMB_O', 'EMB_O', 'EMB_O', 'EMB_O', 'EMB_P', 'EMB_P', 'EMB_P', 'EMB_P', 'EMB_P', 'EMB_P', 'EMB_P', 'EMB_P', 'EMB_P', 'EMB_P', 'EMB_P', 'EMB_P', 'EMB_P', 'EMB_P', 'EMB_P', 'EMB_P', 'EMB_P', 'EMB_P', 'EMB_P', 'EMB_P', 'EMB_P', 'EMB_P', 'EMB_P', 'EMB_P', 'EMB_P', 'EMB_P', 'EMB_P', 'EMB_P', 'EMB_P', 'EMB_P', 'EMB_P', 'EMB_P', 'EMB_P', 'EMB_P', 'EMB_P', 'EMB_P', 'EMB_P', 'EMB_P', 'EMB_P', 'EMB_P', 'EMB_P', 'EMB_P', 'EMB_P', 'EMB_P', 'EMB_P', 'EMB_P', 'EMB_P', 'EMB_P', 'EMB_P', 'EMB_P', 'EMB_P', 'EMB_P', 'EMB_P', 'EMB_P', 'EMB_P', 'EMB_P', 'EMB_P', 'EMB_P', 'EMB_P', 'EMB_P', 'EMB_P', 'EMB_P', 'EMB_P', 'EMB_P', 'EMB_P', 'EMB_P', 'EMB_P', 'EMB_P', 'EMB_P', 'EMB_P', 'EMB_P', 'EMB_P', 'EMB_P', 'EMB_P', 'EMB_P', 'EMB_P', 'EMB_P', 'EMB_P', 'EMB_P', 'EMB_P', 'EMB_P', 'EMB_P', 'EMB_P', 'EMB_P', 'EMB_P', 'EMB_P', 'EMB_P', 'EMB_P', 'EMB_P', 'EMB_P', 'EMB_P', 'EMB_P', 'EMB_P', 'EMB_P', 'EMB_P', 'EMB_P', 'EMB_P']","['EMB_O', 'EMB_O', 'EMB_O', 'EMB_O', 'EMB_O', 'EMB_O', 'EMB_O', 'EMB_O', 'EMB_O', 'EMB_O', 'EMB_O', 'EMB_O', 'EMB_O', 'EMB_O', 'EMB_O', 'EMB_O', 'EMB_O', 'EMB_O', 'EMB_O', 'EMB_O', 'EMB_O', 'EMB_O', 'EMB_O', 'EMB_O', 'EMB_O', 'EMB_O', 'EMB_O', 'EMB_O', 'EMB_O', 'EMB_O', 'EMB_O', 'EMB_P', 'EMB_P', 'EMB_P', 'EMB_P', 'EMB_P', 'EMB_P', 'EMB_P', 'EMB_P', 'EMB_P', 'EMB_P', 'EMB_P', 'EMB_P', 'EMB_P', 'EMB_P', 'EMB_P', 'EMB_P', 'EMB_P', 'EMB_P', 'EMB_P', 'EMB_P', 'EMB_P', 'EMB_P', 'EMB_P', 'EMB_P', 'EMB_P', 'EMB_P', 'EMB_P', 'EMB_P', 'EMB_P', 'EMB_P', 'EMB_P', 'EMB_P', 'EMB_P', 'EMB_P', 'EMB_P', 'EMB_P', 'EMB_P', 'EMB_P', 'EMB_P', 'EMB_P', 'EMB_P', 'EMB_P', 'EMB_P', 'EMB_P', 'EMB_P', 'EMB_P', 'EMB_P', 'EMB_P', 'EMB_P', 'EMB_P', 'EMB_P', 'EMB_P', 'EMB_P', 'EMB_P', 'EMB_P', 'EMB_P', 'EMB_P', 'EMB_P', 'EMB_P', 'EMB_P', 'EMB_P', 'EMB_P', 'EMB_P', 'EMB_P', 'EMB_P', 'EMB_P', 'EMB_P', 'EMB_P', 'EMB_P', 'EMB_P', 'EMB_P', 'EMB_P', 'EMB_P', 'EMB_P', 'EMB_P', 'EMB_P', 'EMB_P', 'EMB_P', 'EMB_P', 'EMB_P', 'EMB_P', 'EMB_P', 'EMB_P', 'EMB_P', 'EMB_P', 'EMB_P', 'EMB_P', 'EMB_P', 'EMB_P', 'EMB_P', 'EMB_P', 'EMB_P', 'EMB_P', 'EMB_P', 'EMB_P', 'EMB_P', 'EMB_P']"
331,hardware,NULL,laptop_quad_dev_286,"quality is excellent so far , and the software / hardware combination works like they were made for each other ( which is what you want : ) )",6.83,7.0,"['EMB_O', 'EMB_O', 'EMB_O', 'EMB_O', 'EMB_O', 'EMB_O', 'EMB_O', 'EMB_O', 'EMB_O', 'EMB_O', 'EMB_O', 'ASP_S', 'EMB_O', 'EMB_O', 'EMB_O', 'EMB_O', 'EMB_O', 'EMB_O', 'EMB_O', 'EMB_O', 'EMB_O', 'EMB_O', 'EMB_O', 'EMB_O', 'EMB_O', 'EMB_O', 'EMB_O', 'EMB_O', 'EMB_O', 'EMB_O', 'EMB_O', 'EMB_P', 'EMB_P', 'EMB_P', 'EMB_P', 'EMB_P', 'EMB_P', 'EMB_P', 'EMB_P', 'EMB_P', 'EMB_P', 'EMB_P', 'EMB_P', 'EMB_P', 'EMB_P', 'EMB_P', 'EMB_P', 'EMB_P', 'EMB_P', 'EMB_P', 'EMB_P', 'EMB_P', 'EMB_P', 'EMB_P', 'EMB_P', 'EMB_P', 'EMB_P', 'EMB_P', 'EMB_P', 'EMB_P', 'EMB_P', 'EMB_P', 'EMB_P', 'EMB_P', 'EMB_P', 'EMB_P', 'EMB_P', 'EMB_P', 'EMB_P', 'EMB_P', 'EMB_P', 'EMB_P', 'EMB_P', 'EMB_P', 'EMB_P', 'EMB_P', 'EMB_P', 'EMB_P', 'EMB_P', 'EMB_P', 'EMB_P', 'EMB_P', 'EMB_P', 'EMB_P', 'EMB_P', 'EMB_P', 'EMB_P', 'EMB_P', 'EMB_P', 'EMB_P', 'EMB_P', 'EMB_P', 'EMB_P', 'EMB_P', 'EMB_P', 'EMB_P', 'EMB_P', 'EMB_P', 'EMB_P', 'EMB_P', 'EMB_P', 'EMB_P', 'EMB_P', 'EMB_P', 'EMB_P', 'EMB_P', 'EMB_P', 'EMB_P', 'EMB_P', 'EMB_P', 'EMB_P', 'EMB_P', 'EMB_P', 'EMB_P', 'EMB_P', 'EMB_P', 'EMB_P', 'EMB_P', 'EMB_P', 'EMB_P', 'EMB_P', 'EMB_P', 'EMB_P', 'EMB_P', 'EMB_P', 'EMB_P', 'EMB_P', 'EMB_P']","['EMB_O', 'EMB_O', 'EMB_O', 'EMB_O', 'EMB_O', 'EMB_O', 'EMB_O', 'EMB_O', 'EMB_O', 'EMB_O', 'EMB_O', 'EMB_O', 'EMB_O', 'EMB_O', 'EMB_O', 'EMB_O', 'EMB_O', 'EMB_O', 'EMB_O', 'EMB_O', 'EMB_O', 'EMB_O', 'EMB_O', 'EMB_O', 'EMB_O', 'EMB_O', 'EMB_O', 'EMB_O', 'EMB_O', 'EMB_O', 'EMB_O', 'EMB_P', 'EMB_P', 'EMB_P', 'EMB_P', 'EMB_P', 'EMB_P', 'EMB_P', 'EMB_P', 'EMB_P', 'EMB_P', 'EMB_P', 'EMB_P', 'EMB_P', 'EMB_P', 'EMB_P', 'EMB_P', 'EMB_P', 'EMB_P', 'EMB_P', 'EMB_P', 'EMB_P', 'EMB_P', 'EMB_P', 'EMB_P', 'EMB_P', 'EMB_P', 'EMB_P', 'EMB_P', 'EMB_P', 'EMB_P', 'EMB_P', 'EMB_P', 'EMB_P', 'EMB_P', 'EMB_P', 'EMB_P', 'EMB_P', 'EMB_P', 'EMB_P', 'EMB_P', 'EMB_P', 'EMB_P', 'EMB_P', 'EMB_P', 'EMB_P', 'EMB_P', 'EMB_P', 'EMB_P', 'EMB_P', 'EMB_P', 'EMB_P', 'EMB_P', 'EMB_P', 'EMB_P', 'EMB_P', 'EMB_P', 'EMB_P', 'EMB_P', 'EMB_P', 'EMB_P', 'EMB_P', 'EMB_P', 'EMB_P', 'EMB_P', 'EMB_P', 'EMB_P', 'EMB_P', 'EMB_P', 'EMB_P', 'EMB_P', 'EMB_P', 'EMB_P', 'EMB_P', 'EMB_P', 'EMB_P', 'EMB_P', 'EMB_P', 'EMB_P', 'EMB_P', 'EMB_P', 'EMB_P', 'EMB_P', 'EMB_P', 'EMB_P', 'EMB_P', 'EMB_P', 'EMB_P', 'EMB_P', 'EMB_P', 'EMB_P', 'EMB_P', 'EMB_P', 'EMB_P', 'EMB_P', 'EMB_P', 'EMB_P', 'EMB_P']"
332,chromebook,impressive,laptop_quad_dev_287,"after a week of use , i can safely say it is the most impressive chromebook i have used to - date .",7.17,7.0,"['EMB_O', 'EMB_O', 'EMB_O', 'EMB_O', 'EMB_O', 'EMB_O', 'EMB_O', 'EMB_O', 'EMB_O', 'EMB_O', 'EMB_O', 'EMB_O', 'EMB_O', 'EMB_O', 'EMB_O', 'EMB_O', 'EMB_O', 'ASP_B', 'ASP_I', 'ASP_E', 'EMB_O', 'EMB_O', 'EMB_O', 'EMB_O', 'EMB_O', 'EMB_O', 'EMB_O', 'EMB_O', 'EMB_P', 'EMB_P', 'EMB_P', 'EMB_P', 'EMB_P', 'EMB_P', 'EMB_P', 'EMB_P', 'EMB_P', 'EMB_P', 'EMB_P', 'EMB_P', 'EMB_P', 'EMB_P', 'EMB_P', 'EMB_P', 'EMB_P', 'EMB_P', 'EMB_P', 'EMB_P', 'EMB_P', 'EMB_P', 'EMB_P', 'EMB_P', 'EMB_P', 'EMB_P', 'EMB_P', 'EMB_P', 'EMB_P', 'EMB_P', 'EMB_P', 'EMB_P', 'EMB_P', 'EMB_P', 'EMB_P', 'EMB_P', 'EMB_P', 'EMB_P', 'EMB_P', 'EMB_P', 'EMB_P', 'EMB_P', 'EMB_P', 'EMB_P', 'EMB_P', 'EMB_P', 'EMB_P', 'EMB_P', 'EMB_P', 'EMB_P', 'EMB_P', 'EMB_P', 'EMB_P', 'EMB_P', 'EMB_P', 'EMB_P', 'EMB_P', 'EMB_P', 'EMB_P', 'EMB_P', 'EMB_P', 'EMB_P', 'EMB_P', 'EMB_P', 'EMB_P', 'EMB_P', 'EMB_P', 'EMB_P', 'EMB_P', 'EMB_P', 'EMB_P', 'EMB_P', 'EMB_P', 'EMB_P', 'EMB_P', 'EMB_P', 'EMB_P', 'EMB_P', 'EMB_P', 'EMB_P', 'EMB_P', 'EMB_P', 'EMB_P', 'EMB_P', 'EMB_P', 'EMB_P', 'EMB_P', 'EMB_P', 'EMB_P', 'EMB_P', 'EMB_P', 'EMB_P', 'EMB_P', 'EMB_P', 'EMB_P', 'EMB_P', 'EMB_P', 'EMB_P', 'EMB_P', 'EMB_P']","['EMB_O', 'EMB_O', 'EMB_O', 'EMB_O', 'EMB_O', 'EMB_O', 'EMB_O', 'EMB_O', 'EMB_O', 'EMB_O', 'EMB_O', 'EMB_O', 'EMB_O', 'EMB_O', 'EMB_O', 'EMB_O', 'OPN_S', 'EMB_O', 'EMB_O', 'EMB_O', 'EMB_O', 'EMB_O', 'EMB_O', 'EMB_O', 'EMB_O', 'EMB_O', 'EMB_O', 'EMB_O', 'EMB_P', 'EMB_P', 'EMB_P', 'EMB_P', 'EMB_P', 'EMB_P', 'EMB_P', 'EMB_P', 'EMB_P', 'EMB_P', 'EMB_P', 'EMB_P', 'EMB_P', 'EMB_P', 'EMB_P', 'EMB_P', 'EMB_P', 'EMB_P', 'EMB_P', 'EMB_P', 'EMB_P', 'EMB_P', 'EMB_P', 'EMB_P', 'EMB_P', 'EMB_P', 'EMB_P', 'EMB_P', 'EMB_P', 'EMB_P', 'EMB_P', 'EMB_P', 'EMB_P', 'EMB_P', 'EMB_P', 'EMB_P', 'EMB_P', 'EMB_P', 'EMB_P', 'EMB_P', 'EMB_P', 'EMB_P', 'EMB_P', 'EMB_P', 'EMB_P', 'EMB_P', 'EMB_P', 'EMB_P', 'EMB_P', 'EMB_P', 'EMB_P', 'EMB_P', 'EMB_P', 'EMB_P', 'EMB_P', 'EMB_P', 'EMB_P', 'EMB_P', 'EMB_P', 'EMB_P', 'EMB_P', 'EMB_P', 'EMB_P', 'EMB_P', 'EMB_P', 'EMB_P', 'EMB_P', 'EMB_P', 'EMB_P', 'EMB_P', 'EMB_P', 'EMB_P', 'EMB_P', 'EMB_P', 'EMB_P', 'EMB_P', 'EMB_P', 'EMB_P', 'EMB_P', 'EMB_P', 'EMB_P', 'EMB_P', 'EMB_P', 'EMB_P', 'EMB_P', 'EMB_P', 'EMB_P', 'EMB_P', 'EMB_P', 'EMB_P', 'EMB_P', 'EMB_P', 'EMB_P', 'EMB_P', 'EMB_P', 'EMB_P', 'EMB_P', 'EMB_P', 'EMB_P', 'EMB_P']"
333,NULL,NULL,laptop_quad_dev_288,"at the moment , it is everything it was advertised to be .",6.4,6.3,"['EMB_O', 'EMB_O', 'EMB_O', 'EMB_O', 'EMB_O', 'EMB_O', 'EMB_O', 'EMB_O', 'EMB_O', 'EMB_O', 'EMB_O', 'EMB_O', 'EMB_O', 'EMB_O', 'EMB_O', 'EMB_O', 'EMB_O', 'EMB_P', 'EMB_P', 'EMB_P', 'EMB_P', 'EMB_P', 'EMB_P', 'EMB_P', 'EMB_P', 'EMB_P', 'EMB_P', 'EMB_P', 'EMB_P', 'EMB_P', 'EMB_P', 'EMB_P', 'EMB_P', 'EMB_P', 'EMB_P', 'EMB_P', 'EMB_P', 'EMB_P', 'EMB_P', 'EMB_P', 'EMB_P', 'EMB_P', 'EMB_P', 'EMB_P', 'EMB_P', 'EMB_P', 'EMB_P', 'EMB_P', 'EMB_P', 'EMB_P', 'EMB_P', 'EMB_P', 'EMB_P', 'EMB_P', 'EMB_P', 'EMB_P', 'EMB_P', 'EMB_P', 'EMB_P', 'EMB_P', 'EMB_P', 'EMB_P', 'EMB_P', 'EMB_P', 'EMB_P', 'EMB_P', 'EMB_P', 'EMB_P', 'EMB_P', 'EMB_P', 'EMB_P', 'EMB_P', 'EMB_P', 'EMB_P', 'EMB_P', 'EMB_P', 'EMB_P', 'EMB_P', 'EMB_P', 'EMB_P', 'EMB_P', 'EMB_P', 'EMB_P', 'EMB_P', 'EMB_P', 'EMB_P', 'EMB_P', 'EMB_P', 'EMB_P', 'EMB_P', 'EMB_P', 'EMB_P', 'EMB_P', 'EMB_P', 'EMB_P', 'EMB_P', 'EMB_P', 'EMB_P', 'EMB_P', 'EMB_P', 'EMB_P', 'EMB_P', 'EMB_P', 'EMB_P', 'EMB_P', 'EMB_P', 'EMB_P', 'EMB_P', 'EMB_P', 'EMB_P', 'EMB_P', 'EMB_P', 'EMB_P', 'EMB_P', 'EMB_P', 'EMB_P', 'EMB_P', 'EMB_P', 'EMB_P', 'EMB_P', 'EMB_P', 'EMB_P', 'EMB_P', 'EMB_P', 'EMB_P', 'EMB_P', 'EMB_P', 'EMB_P']","['EMB_O', 'EMB_O', 'EMB_O', 'EMB_O', 'EMB_O', 'EMB_O', 'EMB_O', 'EMB_O', 'EMB_O', 'EMB_O', 'EMB_O', 'EMB_O', 'EMB_O', 'EMB_O', 'EMB_O', 'EMB_O', 'EMB_O', 'EMB_P', 'EMB_P', 'EMB_P', 'EMB_P', 'EMB_P', 'EMB_P', 'EMB_P', 'EMB_P', 'EMB_P', 'EMB_P', 'EMB_P', 'EMB_P', 'EMB_P', 'EMB_P', 'EMB_P', 'EMB_P', 'EMB_P', 'EMB_P', 'EMB_P', 'EMB_P', 'EMB_P', 'EMB_P', 'EMB_P', 'EMB_P', 'EMB_P', 'EMB_P', 'EMB_P', 'EMB_P', 'EMB_P', 'EMB_P', 'EMB_P', 'EMB_P', 'EMB_P', 'EMB_P', 'EMB_P', 'EMB_P', 'EMB_P', 'EMB_P', 'EMB_P', 'EMB_P', 'EMB_P', 'EMB_P', 'EMB_P', 'EMB_P', 'EMB_P', 'EMB_P', 'EMB_P', 'EMB_P', 'EMB_P', 'EMB_P', 'EMB_P', 'EMB_P', 'EMB_P', 'EMB_P', 'EMB_P', 'EMB_P', 'EMB_P', 'EMB_P', 'EMB_P', 'EMB_P', 'EMB_P', 'EMB_P', 'EMB_P', 'EMB_P', 'EMB_P', 'EMB_P', 'EMB_P', 'EMB_P', 'EMB_P', 'EMB_P', 'EMB_P', 'EMB_P', 'EMB_P', 'EMB_P', 'EMB_P', 'EMB_P', 'EMB_P', 'EMB_P', 'EMB_P', 'EMB_P', 'EMB_P', 'EMB_P', 'EMB_P', 'EMB_P', 'EMB_P', 'EMB_P', 'EMB_P', 'EMB_P', 'EMB_P', 'EMB_P', 'EMB_P', 'EMB_P', 'EMB_P', 'EMB_P', 'EMB_P', 'EMB_P', 'EMB_P', 'EMB_P', 'EMB_P', 'EMB_P', 'EMB_P', 'EMB_P', 'EMB_P', 'EMB_P', 'EMB_P', 'EMB_P', 'EMB_P', 'EMB_P', 'EMB_P', 'EMB_P', 'EMB_P']"
334,screen,really amazing,laptop_quad_dev_289,the screen is really amazing and you can easily change it to 1080p with no issues ( it ' s set lower out of the box ) .,7.88,7.88,"['EMB_O', 'EMB_O', 'ASP_S', 'EMB_O', 'EMB_O', 'EMB_O', 'EMB_O', 'EMB_O', 'EMB_O', 'EMB_O', 'EMB_O', 'EMB_O', 'EMB_O', 'EMB_O', 'EMB_O', 'EMB_O', 'EMB_O', 'EMB_O', 'EMB_O', 'EMB_O', 'EMB_O', 'EMB_O', 'EMB_O', 'EMB_O', 'EMB_O', 'EMB_O', 'EMB_O', 'EMB_O', 'EMB_O', 'EMB_O', 'EMB_O', 'EMB_O', 'EMB_P', 'EMB_P', 'EMB_P', 'EMB_P', 'EMB_P', 'EMB_P', 'EMB_P', 'EMB_P', 'EMB_P', 'EMB_P', 'EMB_P', 'EMB_P', 'EMB_P', 'EMB_P', 'EMB_P', 'EMB_P', 'EMB_P', 'EMB_P', 'EMB_P', 'EMB_P', 'EMB_P', 'EMB_P', 'EMB_P', 'EMB_P', 'EMB_P', 'EMB_P', 'EMB_P', 'EMB_P', 'EMB_P', 'EMB_P', 'EMB_P', 'EMB_P', 'EMB_P', 'EMB_P', 'EMB_P', 'EMB_P', 'EMB_P', 'EMB_P', 'EMB_P', 'EMB_P', 'EMB_P', 'EMB_P', 'EMB_P', 'EMB_P', 'EMB_P', 'EMB_P', 'EMB_P', 'EMB_P', 'EMB_P', 'EMB_P', 'EMB_P', 'EMB_P', 'EMB_P', 'EMB_P', 'EMB_P', 'EMB_P', 'EMB_P', 'EMB_P', 'EMB_P', 'EMB_P', 'EMB_P', 'EMB_P', 'EMB_P', 'EMB_P', 'EMB_P', 'EMB_P', 'EMB_P', 'EMB_P', 'EMB_P', 'EMB_P', 'EMB_P', 'EMB_P', 'EMB_P', 'EMB_P', 'EMB_P', 'EMB_P', 'EMB_P', 'EMB_P', 'EMB_P', 'EMB_P', 'EMB_P', 'EMB_P', 'EMB_P', 'EMB_P', 'EMB_P', 'EMB_P', 'EMB_P', 'EMB_P', 'EMB_P', 'EMB_P', 'EMB_P', 'EMB_P', 'EMB_P', 'EMB_P', 'EMB_P', 'EMB_P']","['EMB_O', 'EMB_O', 'EMB_O', 'EMB_O', 'OPN_B', 'OPN_I', 'OPN_E', 'EMB_O', 'EMB_O', 'EMB_O', 'EMB_O', 'EMB_O', 'EMB_O', 'EMB_O', 'EMB_O', 'EMB_O', 'EMB_O', 'EMB_O', 'EMB_O', 'EMB_O', 'EMB_O', 'EMB_O', 'EMB_O', 'EMB_O', 'EMB_O', 'EMB_O', 'EMB_O', 'EMB_O', 'EMB_O', 'EMB_O', 'EMB_O', 'EMB_O', 'EMB_P', 'EMB_P', 'EMB_P', 'EMB_P', 'EMB_P', 'EMB_P', 'EMB_P', 'EMB_P', 'EMB_P', 'EMB_P', 'EMB_P', 'EMB_P', 'EMB_P', 'EMB_P', 'EMB_P', 'EMB_P', 'EMB_P', 'EMB_P', 'EMB_P', 'EMB_P', 'EMB_P', 'EMB_P', 'EMB_P', 'EMB_P', 'EMB_P', 'EMB_P', 'EMB_P', 'EMB_P', 'EMB_P', 'EMB_P', 'EMB_P', 'EMB_P', 'EMB_P', 'EMB_P', 'EMB_P', 'EMB_P', 'EMB_P', 'EMB_P', 'EMB_P', 'EMB_P', 'EMB_P', 'EMB_P', 'EMB_P', 'EMB_P', 'EMB_P', 'EMB_P', 'EMB_P', 'EMB_P', 'EMB_P', 'EMB_P', 'EMB_P', 'EMB_P', 'EMB_P', 'EMB_P', 'EMB_P', 'EMB_P', 'EMB_P', 'EMB_P', 'EMB_P', 'EMB_P', 'EMB_P', 'EMB_P', 'EMB_P', 'EMB_P', 'EMB_P', 'EMB_P', 'EMB_P', 'EMB_P', 'EMB_P', 'EMB_P', 'EMB_P', 'EMB_P', 'EMB_P', 'EMB_P', 'EMB_P', 'EMB_P', 'EMB_P', 'EMB_P', 'EMB_P', 'EMB_P', 'EMB_P', 'EMB_P', 'EMB_P', 'EMB_P', 'EMB_P', 'EMB_P', 'EMB_P', 'EMB_P', 'EMB_P', 'EMB_P', 'EMB_P', 'EMB_P', 'EMB_P', 'EMB_P', 'EMB_P', 'EMB_P']"
335,NULL,sturdy,laptop_quad_dev_290,"it ' s sturdy , and looks and feels great .",7.33,7.67,"['EMB_O', 'EMB_O', 'EMB_O', 'EMB_O', 'EMB_O', 'EMB_O', 'EMB_O', 'EMB_O', 'EMB_O', 'EMB_O', 'EMB_O', 'EMB_O', 'EMB_O', 'EMB_O', 'EMB_O', 'EMB_P', 'EMB_P', 'EMB_P', 'EMB_P', 'EMB_P', 'EMB_P', 'EMB_P', 'EMB_P', 'EMB_P', 'EMB_P', 'EMB_P', 'EMB_P', 'EMB_P', 'EMB_P', 'EMB_P', 'EMB_P', 'EMB_P', 'EMB_P', 'EMB_P', 'EMB_P', 'EMB_P', 'EMB_P', 'EMB_P', 'EMB_P', 'EMB_P', 'EMB_P', 'EMB_P', 'EMB_P', 'EMB_P', 'EMB_P', 'EMB_P', 'EMB_P', 'EMB_P', 'EMB_P', 'EMB_P', 'EMB_P', 'EMB_P', 'EMB_P', 'EMB_P', 'EMB_P', 'EMB_P', 'EMB_P', 'EMB_P', 'EMB_P', 'EMB_P', 'EMB_P', 'EMB_P', 'EMB_P', 'EMB_P', 'EMB_P', 'EMB_P', 'EMB_P', 'EMB_P', 'EMB_P', 'EMB_P', 'EMB_P', 'EMB_P', 'EMB_P', 'EMB_P', 'EMB_P', 'EMB_P', 'EMB_P', 'EMB_P', 'EMB_P', 'EMB_P', 'EMB_P', 'EMB_P', 'EMB_P', 'EMB_P', 'EMB_P', 'EMB_P', 'EMB_P', 'EMB_P', 'EMB_P', 'EMB_P', 'EMB_P', 'EMB_P', 'EMB_P', 'EMB_P', 'EMB_P', 'EMB_P', 'EMB_P', 'EMB_P', 'EMB_P', 'EMB_P', 'EMB_P', 'EMB_P', 'EMB_P', 'EMB_P', 'EMB_P', 'EMB_P', 'EMB_P', 'EMB_P', 'EMB_P', 'EMB_P', 'EMB_P', 'EMB_P', 'EMB_P', 'EMB_P', 'EMB_P', 'EMB_P', 'EMB_P', 'EMB_P', 'EMB_P', 'EMB_P', 'EMB_P', 'EMB_P', 'EMB_P', 'EMB_P', 'EMB_P', 'EMB_P', 'EMB_P', 'EMB_P']","['EMB_O', 'EMB_O', 'EMB_O', 'EMB_O', 'OPN_B', 'OPN_I', 'OPN_E', 'EMB_O', 'EMB_O', 'EMB_O', 'EMB_O', 'EMB_O', 'EMB_O', 'EMB_O', 'EMB_O', 'EMB_P', 'EMB_P', 'EMB_P', 'EMB_P', 'EMB_P', 'EMB_P', 'EMB_P', 'EMB_P', 'EMB_P', 'EMB_P', 'EMB_P', 'EMB_P', 'EMB_P', 'EMB_P', 'EMB_P', 'EMB_P', 'EMB_P', 'EMB_P', 'EMB_P', 'EMB_P', 'EMB_P', 'EMB_P', 'EMB_P', 'EMB_P', 'EMB_P', 'EMB_P', 'EMB_P', 'EMB_P', 'EMB_P', 'EMB_P', 'EMB_P', 'EMB_P', 'EMB_P', 'EMB_P', 'EMB_P', 'EMB_P', 'EMB_P', 'EMB_P', 'EMB_P', 'EMB_P', 'EMB_P', 'EMB_P', 'EMB_P', 'EMB_P', 'EMB_P', 'EMB_P', 'EMB_P', 'EMB_P', 'EMB_P', 'EMB_P', 'EMB_P', 'EMB_P', 'EMB_P', 'EMB_P', 'EMB_P', 'EMB_P', 'EMB_P', 'EMB_P', 'EMB_P', 'EMB_P', 'EMB_P', 'EMB_P', 'EMB_P', 'EMB_P', 'EMB_P', 'EMB_P', 'EMB_P', 'EMB_P', 'EMB_P', 'EMB_P', 'EMB_P', 'EMB_P', 'EMB_P', 'EMB_P', 'EMB_P', 'EMB_P', 'EMB_P', 'EMB_P', 'EMB_P', 'EMB_P', 'EMB_P', 'EMB_P', 'EMB_P', 'EMB_P', 'EMB_P', 'EMB_P', 'EMB_P', 'EMB_P', 'EMB_P', 'EMB_P', 'EMB_P', 'EMB_P', 'EMB_P', 'EMB_P', 'EMB_P', 'EMB_P', 'EMB_P', 'EMB_P', 'EMB_P', 'EMB_P', 'EMB_P', 'EMB_P', 'EMB_P', 'EMB_P', 'EMB_P', 'EMB_P', 'EMB_P', 'EMB_P', 'EMB_P', 'EMB_P', 'EMB_P', 'EMB_P', 'EMB_P']"
336,c302,NULL,laptop_quad_dev_291,update : the c302 now supports google play store services on the stable channel .,5.25,5.12,"['EMB_O', 'EMB_O', 'EMB_O', 'EMB_O', 'ASP_B', 'ASP_I', 'ASP_E', 'EMB_O', 'EMB_O', 'EMB_O', 'EMB_O', 'EMB_O', 'EMB_O', 'EMB_O', 'EMB_O', 'EMB_O', 'EMB_O', 'EMB_O', 'EMB_O', 'EMB_P', 'EMB_P', 'EMB_P', 'EMB_P', 'EMB_P', 'EMB_P', 'EMB_P', 'EMB_P', 'EMB_P', 'EMB_P', 'EMB_P', 'EMB_P', 'EMB_P', 'EMB_P', 'EMB_P', 'EMB_P', 'EMB_P', 'EMB_P', 'EMB_P', 'EMB_P', 'EMB_P', 'EMB_P', 'EMB_P', 'EMB_P', 'EMB_P', 'EMB_P', 'EMB_P', 'EMB_P', 'EMB_P', 'EMB_P', 'EMB_P', 'EMB_P', 'EMB_P', 'EMB_P', 'EMB_P', 'EMB_P', 'EMB_P', 'EMB_P', 'EMB_P', 'EMB_P', 'EMB_P', 'EMB_P', 'EMB_P', 'EMB_P', 'EMB_P', 'EMB_P', 'EMB_P', 'EMB_P', 'EMB_P', 'EMB_P', 'EMB_P', 'EMB_P', 'EMB_P', 'EMB_P', 'EMB_P', 'EMB_P', 'EMB_P', 'EMB_P', 'EMB_P', 'EMB_P', 'EMB_P', 'EMB_P', 'EMB_P', 'EMB_P', 'EMB_P', 'EMB_P', 'EMB_P', 'EMB_P', 'EMB_P', 'EMB_P', 'EMB_P', 'EMB_P', 'EMB_P', 'EMB_P', 'EMB_P', 'EMB_P', 'EMB_P', 'EMB_P', 'EMB_P', 'EMB_P', 'EMB_P', 'EMB_P', 'EMB_P', 'EMB_P', 'EMB_P', 'EMB_P', 'EMB_P', 'EMB_P', 'EMB_P', 'EMB_P', 'EMB_P', 'EMB_P', 'EMB_P', 'EMB_P', 'EMB_P', 'EMB_P', 'EMB_P', 'EMB_P', 'EMB_P', 'EMB_P', 'EMB_P', 'EMB_P', 'EMB_P', 'EMB_P', 'EMB_P', 'EMB_P', 'EMB_P', 'EMB_P', 'EMB_P']","['EMB_O', 'EMB_O', 'EMB_O', 'EMB_O', 'EMB_O', 'EMB_O', 'EMB_O', 'EMB_O', 'EMB_O', 'EMB_O', 'EMB_O', 'EMB_O', 'EMB_O', 'EMB_O', 'EMB_O', 'EMB_O', 'EMB_O', 'EMB_O', 'EMB_O', 'EMB_P', 'EMB_P', 'EMB_P', 'EMB_P', 'EMB_P', 'EMB_P', 'EMB_P', 'EMB_P', 'EMB_P', 'EMB_P', 'EMB_P', 'EMB_P', 'EMB_P', 'EMB_P', 'EMB_P', 'EMB_P', 'EMB_P', 'EMB_P', 'EMB_P', 'EMB_P', 'EMB_P', 'EMB_P', 'EMB_P', 'EMB_P', 'EMB_P', 'EMB_P', 'EMB_P', 'EMB_P', 'EMB_P', 'EMB_P', 'EMB_P', 'EMB_P', 'EMB_P', 'EMB_P', 'EMB_P', 'EMB_P', 'EMB_P', 'EMB_P', 'EMB_P', 'EMB_P', 'EMB_P', 'EMB_P', 'EMB_P', 'EMB_P', 'EMB_P', 'EMB_P', 'EMB_P', 'EMB_P', 'EMB_P', 'EMB_P', 'EMB_P', 'EMB_P', 'EMB_P', 'EMB_P', 'EMB_P', 'EMB_P', 'EMB_P', 'EMB_P', 'EMB_P', 'EMB_P', 'EMB_P', 'EMB_P', 'EMB_P', 'EMB_P', 'EMB_P', 'EMB_P', 'EMB_P', 'EMB_P', 'EMB_P', 'EMB_P', 'EMB_P', 'EMB_P', 'EMB_P', 'EMB_P', 'EMB_P', 'EMB_P', 'EMB_P', 'EMB_P', 'EMB_P', 'EMB_P', 'EMB_P', 'EMB_P', 'EMB_P', 'EMB_P', 'EMB_P', 'EMB_P', 'EMB_P', 'EMB_P', 'EMB_P', 'EMB_P', 'EMB_P', 'EMB_P', 'EMB_P', 'EMB_P', 'EMB_P', 'EMB_P', 'EMB_P', 'EMB_P', 'EMB_P', 'EMB_P', 'EMB_P', 'EMB_P', 'EMB_P', 'EMB_P', 'EMB_P', 'EMB_P', 'EMB_P', 'EMB_P', 'EMB_P']"
337,chromebook,love,laptop_quad_dev_292,love this chromebook !,7.62,7.38,"['EMB_O', 'EMB_O', 'EMB_O', 'ASP_B', 'ASP_I', 'ASP_E', 'EMB_O', 'EMB_O', 'EMB_P', 'EMB_P', 'EMB_P', 'EMB_P', 'EMB_P', 'EMB_P', 'EMB_P', 'EMB_P', 'EMB_P', 'EMB_P', 'EMB_P', 'EMB_P', 'EMB_P', 'EMB_P', 'EMB_P', 'EMB_P', 'EMB_P', 'EMB_P', 'EMB_P', 'EMB_P', 'EMB_P', 'EMB_P', 'EMB_P', 'EMB_P', 'EMB_P', 'EMB_P', 'EMB_P', 'EMB_P', 'EMB_P', 'EMB_P', 'EMB_P', 'EMB_P', 'EMB_P', 'EMB_P', 'EMB_P', 'EMB_P', 'EMB_P', 'EMB_P', 'EMB_P', 'EMB_P', 'EMB_P', 'EMB_P', 'EMB_P', 'EMB_P', 'EMB_P', 'EMB_P', 'EMB_P', 'EMB_P', 'EMB_P', 'EMB_P', 'EMB_P', 'EMB_P', 'EMB_P', 'EMB_P', 'EMB_P', 'EMB_P', 'EMB_P', 'EMB_P', 'EMB_P', 'EMB_P', 'EMB_P', 'EMB_P', 'EMB_P', 'EMB_P', 'EMB_P', 'EMB_P', 'EMB_P', 'EMB_P', 'EMB_P', 'EMB_P', 'EMB_P', 'EMB_P', 'EMB_P', 'EMB_P', 'EMB_P', 'EMB_P', 'EMB_P', 'EMB_P', 'EMB_P', 'EMB_P', 'EMB_P', 'EMB_P', 'EMB_P', 'EMB_P', 'EMB_P', 'EMB_P', 'EMB_P', 'EMB_P', 'EMB_P', 'EMB_P', 'EMB_P', 'EMB_P', 'EMB_P', 'EMB_P', 'EMB_P', 'EMB_P', 'EMB_P', 'EMB_P', 'EMB_P', 'EMB_P', 'EMB_P', 'EMB_P', 'EMB_P', 'EMB_P', 'EMB_P', 'EMB_P', 'EMB_P', 'EMB_P', 'EMB_P', 'EMB_P', 'EMB_P', 'EMB_P', 'EMB_P', 'EMB_P', 'EMB_P', 'EMB_P', 'EMB_P', 'EMB_P', 'EMB_P', 'EMB_P']","['EMB_O', 'OPN_S', 'EMB_O', 'EMB_O', 'EMB_O', 'EMB_O', 'EMB_O', 'EMB_O', 'EMB_P', 'EMB_P', 'EMB_P', 'EMB_P', 'EMB_P', 'EMB_P', 'EMB_P', 'EMB_P', 'EMB_P', 'EMB_P', 'EMB_P', 'EMB_P', 'EMB_P', 'EMB_P', 'EMB_P', 'EMB_P', 'EMB_P', 'EMB_P', 'EMB_P', 'EMB_P', 'EMB_P', 'EMB_P', 'EMB_P', 'EMB_P', 'EMB_P', 'EMB_P', 'EMB_P', 'EMB_P', 'EMB_P', 'EMB_P', 'EMB_P', 'EMB_P', 'EMB_P', 'EMB_P', 'EMB_P', 'EMB_P', 'EMB_P', 'EMB_P', 'EMB_P', 'EMB_P', 'EMB_P', 'EMB_P', 'EMB_P', 'EMB_P', 'EMB_P', 'EMB_P', 'EMB_P', 'EMB_P', 'EMB_P', 'EMB_P', 'EMB_P', 'EMB_P', 'EMB_P', 'EMB_P', 'EMB_P', 'EMB_P', 'EMB_P', 'EMB_P', 'EMB_P', 'EMB_P', 'EMB_P', 'EMB_P', 'EMB_P', 'EMB_P', 'EMB_P', 'EMB_P', 'EMB_P', 'EMB_P', 'EMB_P', 'EMB_P', 'EMB_P', 'EMB_P', 'EMB_P', 'EMB_P', 'EMB_P', 'EMB_P', 'EMB_P', 'EMB_P', 'EMB_P', 'EMB_P', 'EMB_P', 'EMB_P', 'EMB_P', 'EMB_P', 'EMB_P', 'EMB_P', 'EMB_P', 'EMB_P', 'EMB_P', 'EMB_P', 'EMB_P', 'EMB_P', 'EMB_P', 'EMB_P', 'EMB_P', 'EMB_P', 'EMB_P', 'EMB_P', 'EMB_P', 'EMB_P', 'EMB_P', 'EMB_P', 'EMB_P', 'EMB_P', 'EMB_P', 'EMB_P', 'EMB_P', 'EMB_P', 'EMB_P', 'EMB_P', 'EMB_P', 'EMB_P', 'EMB_P', 'EMB_P', 'EMB_P', 'EMB_P', 'EMB_P', 'EMB_P', 'EMB_P', 'EMB_P']"
338,sound,fine,laptop_quad_dev_293,"the screen is plenty bright , and the sound from the speakers is fine for a laptop ( you won ' t be filling a room with sound ) .",7.0,7.12,"['EMB_O', 'EMB_O', 'EMB_O', 'EMB_O', 'EMB_O', 'EMB_O', 'EMB_O', 'EMB_O', 'EMB_O', 'EMB_O', 'ASP_S', 'EMB_O', 'EMB_O', 'EMB_O', 'EMB_O', 'EMB_O', 'EMB_O', 'EMB_O', 'EMB_O', 'EMB_O', 'EMB_O', 'EMB_O', 'EMB_O', 'EMB_O', 'EMB_O', 'EMB_O', 'EMB_O', 'EMB_O', 'EMB_O', 'EMB_O', 'EMB_O', 'EMB_O', 'EMB_O', 'EMB_O', 'EMB_O', 'EMB_P', 'EMB_P', 'EMB_P', 'EMB_P', 'EMB_P', 'EMB_P', 'EMB_P', 'EMB_P', 'EMB_P', 'EMB_P', 'EMB_P', 'EMB_P', 'EMB_P', 'EMB_P', 'EMB_P', 'EMB_P', 'EMB_P', 'EMB_P', 'EMB_P', 'EMB_P', 'EMB_P', 'EMB_P', 'EMB_P', 'EMB_P', 'EMB_P', 'EMB_P', 'EMB_P', 'EMB_P', 'EMB_P', 'EMB_P', 'EMB_P', 'EMB_P', 'EMB_P', 'EMB_P', 'EMB_P', 'EMB_P', 'EMB_P', 'EMB_P', 'EMB_P', 'EMB_P', 'EMB_P', 'EMB_P', 'EMB_P', 'EMB_P', 'EMB_P', 'EMB_P', 'EMB_P', 'EMB_P', 'EMB_P', 'EMB_P', 'EMB_P', 'EMB_P', 'EMB_P', 'EMB_P', 'EMB_P', 'EMB_P', 'EMB_P', 'EMB_P', 'EMB_P', 'EMB_P', 'EMB_P', 'EMB_P', 'EMB_P', 'EMB_P', 'EMB_P', 'EMB_P', 'EMB_P', 'EMB_P', 'EMB_P', 'EMB_P', 'EMB_P', 'EMB_P', 'EMB_P', 'EMB_P', 'EMB_P', 'EMB_P', 'EMB_P', 'EMB_P', 'EMB_P', 'EMB_P', 'EMB_P', 'EMB_P', 'EMB_P', 'EMB_P', 'EMB_P', 'EMB_P', 'EMB_P', 'EMB_P', 'EMB_P', 'EMB_P', 'EMB_P', 'EMB_P', 'EMB_P']","['EMB_O', 'EMB_O', 'EMB_O', 'EMB_O', 'EMB_O', 'EMB_O', 'EMB_O', 'EMB_O', 'EMB_O', 'EMB_O', 'EMB_O', 'EMB_O', 'EMB_O', 'EMB_O', 'EMB_O', 'OPN_S', 'EMB_O', 'EMB_O', 'EMB_O', 'EMB_O', 'EMB_O', 'EMB_O', 'EMB_O', 'EMB_O', 'EMB_O', 'EMB_O', 'EMB_O', 'EMB_O', 'EMB_O', 'EMB_O', 'EMB_O', 'EMB_O', 'EMB_O', 'EMB_O', 'EMB_O', 'EMB_P', 'EMB_P', 'EMB_P', 'EMB_P', 'EMB_P', 'EMB_P', 'EMB_P', 'EMB_P', 'EMB_P', 'EMB_P', 'EMB_P', 'EMB_P', 'EMB_P', 'EMB_P', 'EMB_P', 'EMB_P', 'EMB_P', 'EMB_P', 'EMB_P', 'EMB_P', 'EMB_P', 'EMB_P', 'EMB_P', 'EMB_P', 'EMB_P', 'EMB_P', 'EMB_P', 'EMB_P', 'EMB_P', 'EMB_P', 'EMB_P', 'EMB_P', 'EMB_P', 'EMB_P', 'EMB_P', 'EMB_P', 'EMB_P', 'EMB_P', 'EMB_P', 'EMB_P', 'EMB_P', 'EMB_P', 'EMB_P', 'EMB_P', 'EMB_P', 'EMB_P', 'EMB_P', 'EMB_P', 'EMB_P', 'EMB_P', 'EMB_P', 'EMB_P', 'EMB_P', 'EMB_P', 'EMB_P', 'EMB_P', 'EMB_P', 'EMB_P', 'EMB_P', 'EMB_P', 'EMB_P', 'EMB_P', 'EMB_P', 'EMB_P', 'EMB_P', 'EMB_P', 'EMB_P', 'EMB_P', 'EMB_P', 'EMB_P', 'EMB_P', 'EMB_P', 'EMB_P', 'EMB_P', 'EMB_P', 'EMB_P', 'EMB_P', 'EMB_P', 'EMB_P', 'EMB_P', 'EMB_P', 'EMB_P', 'EMB_P', 'EMB_P', 'EMB_P', 'EMB_P', 'EMB_P', 'EMB_P', 'EMB_P', 'EMB_P', 'EMB_P', 'EMB_P', 'EMB_P']"
339,speakers,fine,laptop_quad_dev_293,"the screen is plenty bright , and the sound from the speakers is fine for a laptop ( you won ' t be filling a room with sound ) .",7.12,7.25,"['EMB_O', 'EMB_O', 'EMB_O', 'EMB_O', 'EMB_O', 'EMB_O', 'EMB_O', 'EMB_O', 'EMB_O', 'EMB_O', 'EMB_O', 'EMB_O', 'EMB_O', 'ASP_S', 'EMB_O', 'EMB_O', 'EMB_O', 'EMB_O', 'EMB_O', 'EMB_O', 'EMB_O', 'EMB_O', 'EMB_O', 'EMB_O', 'EMB_O', 'EMB_O', 'EMB_O', 'EMB_O', 'EMB_O', 'EMB_O', 'EMB_O', 'EMB_O', 'EMB_O', 'EMB_O', 'EMB_O', 'EMB_P', 'EMB_P', 'EMB_P', 'EMB_P', 'EMB_P', 'EMB_P', 'EMB_P', 'EMB_P', 'EMB_P', 'EMB_P', 'EMB_P', 'EMB_P', 'EMB_P', 'EMB_P', 'EMB_P', 'EMB_P', 'EMB_P', 'EMB_P', 'EMB_P', 'EMB_P', 'EMB_P', 'EMB_P', 'EMB_P', 'EMB_P', 'EMB_P', 'EMB_P', 'EMB_P', 'EMB_P', 'EMB_P', 'EMB_P', 'EMB_P', 'EMB_P', 'EMB_P', 'EMB_P', 'EMB_P', 'EMB_P', 'EMB_P', 'EMB_P', 'EMB_P', 'EMB_P', 'EMB_P', 'EMB_P', 'EMB_P', 'EMB_P', 'EMB_P', 'EMB_P', 'EMB_P', 'EMB_P', 'EMB_P', 'EMB_P', 'EMB_P', 'EMB_P', 'EMB_P', 'EMB_P', 'EMB_P', 'EMB_P', 'EMB_P', 'EMB_P', 'EMB_P', 'EMB_P', 'EMB_P', 'EMB_P', 'EMB_P', 'EMB_P', 'EMB_P', 'EMB_P', 'EMB_P', 'EMB_P', 'EMB_P', 'EMB_P', 'EMB_P', 'EMB_P', 'EMB_P', 'EMB_P', 'EMB_P', 'EMB_P', 'EMB_P', 'EMB_P', 'EMB_P', 'EMB_P', 'EMB_P', 'EMB_P', 'EMB_P', 'EMB_P', 'EMB_P', 'EMB_P', 'EMB_P', 'EMB_P', 'EMB_P', 'EMB_P', 'EMB_P', 'EMB_P', 'EMB_P']","['EMB_O', 'EMB_O', 'EMB_O', 'EMB_O', 'EMB_O', 'EMB_O', 'EMB_O', 'EMB_O', 'EMB_O', 'EMB_O', 'EMB_O', 'EMB_O', 'EMB_O', 'EMB_O', 'EMB_O', 'OPN_S', 'EMB_O', 'EMB_O', 'EMB_O', 'EMB_O', 'EMB_O', 'EMB_O', 'EMB_O', 'EMB_O', 'EMB_O', 'EMB_O', 'EMB_O', 'EMB_O', 'EMB_O', 'EMB_O', 'EMB_O', 'EMB_O', 'EMB_O', 'EMB_O', 'EMB_O', 'EMB_P', 'EMB_P', 'EMB_P', 'EMB_P', 'EMB_P', 'EMB_P', 'EMB_P', 'EMB_P', 'EMB_P', 'EMB_P', 'EMB_P', 'EMB_P', 'EMB_P', 'EMB_P', 'EMB_P', 'EMB_P', 'EMB_P', 'EMB_P', 'EMB_P', 'EMB_P', 'EMB_P', 'EMB_P', 'EMB_P', 'EMB_P', 'EMB_P', 'EMB_P', 'EMB_P', 'EMB_P', 'EMB_P', 'EMB_P', 'EMB_P', 'EMB_P', 'EMB_P', 'EMB_P', 'EMB_P', 'EMB_P', 'EMB_P', 'EMB_P', 'EMB_P', 'EMB_P', 'EMB_P', 'EMB_P', 'EMB_P', 'EMB_P', 'EMB_P', 'EMB_P', 'EMB_P', 'EMB_P', 'EMB_P', 'EMB_P', 'EMB_P', 'EMB_P', 'EMB_P', 'EMB_P', 'EMB_P', 'EMB_P', 'EMB_P', 'EMB_P', 'EMB_P', 'EMB_P', 'EMB_P', 'EMB_P', 'EMB_P', 'EMB_P', 'EMB_P', 'EMB_P', 'EMB_P', 'EMB_P', 'EMB_P', 'EMB_P', 'EMB_P', 'EMB_P', 'EMB_P', 'EMB_P', 'EMB_P', 'EMB_P', 'EMB_P', 'EMB_P', 'EMB_P', 'EMB_P', 'EMB_P', 'EMB_P', 'EMB_P', 'EMB_P', 'EMB_P', 'EMB_P', 'EMB_P', 'EMB_P', 'EMB_P', 'EMB_P', 'EMB_P', 'EMB_P', 'EMB_P']"
340,backlit keyboard,love,laptop_quad_dev_294,love the backlit keyboard .,6.75,6.75,"['EMB_O', 'EMB_O', 'EMB_O', 'ASP_B', 'ASP_I', 'ASP_E', 'EMB_O', 'EMB_O', 'EMB_P', 'EMB_P', 'EMB_P', 'EMB_P', 'EMB_P', 'EMB_P', 'EMB_P', 'EMB_P', 'EMB_P', 'EMB_P', 'EMB_P', 'EMB_P', 'EMB_P', 'EMB_P', 'EMB_P', 'EMB_P', 'EMB_P', 'EMB_P', 'EMB_P', 'EMB_P', 'EMB_P', 'EMB_P', 'EMB_P', 'EMB_P', 'EMB_P', 'EMB_P', 'EMB_P', 'EMB_P', 'EMB_P', 'EMB_P', 'EMB_P', 'EMB_P', 'EMB_P', 'EMB_P', 'EMB_P', 'EMB_P', 'EMB_P', 'EMB_P', 'EMB_P', 'EMB_P', 'EMB_P', 'EMB_P', 'EMB_P', 'EMB_P', 'EMB_P', 'EMB_P', 'EMB_P', 'EMB_P', 'EMB_P', 'EMB_P', 'EMB_P', 'EMB_P', 'EMB_P', 'EMB_P', 'EMB_P', 'EMB_P', 'EMB_P', 'EMB_P', 'EMB_P', 'EMB_P', 'EMB_P', 'EMB_P', 'EMB_P', 'EMB_P', 'EMB_P', 'EMB_P', 'EMB_P', 'EMB_P', 'EMB_P', 'EMB_P', 'EMB_P', 'EMB_P', 'EMB_P', 'EMB_P', 'EMB_P', 'EMB_P', 'EMB_P', 'EMB_P', 'EMB_P', 'EMB_P', 'EMB_P', 'EMB_P', 'EMB_P', 'EMB_P', 'EMB_P', 'EMB_P', 'EMB_P', 'EMB_P', 'EMB_P', 'EMB_P', 'EMB_P', 'EMB_P', 'EMB_P', 'EMB_P', 'EMB_P', 'EMB_P', 'EMB_P', 'EMB_P', 'EMB_P', 'EMB_P', 'EMB_P', 'EMB_P', 'EMB_P', 'EMB_P', 'EMB_P', 'EMB_P', 'EMB_P', 'EMB_P', 'EMB_P', 'EMB_P', 'EMB_P', 'EMB_P', 'EMB_P', 'EMB_P', 'EMB_P', 'EMB_P', 'EMB_P', 'EMB_P', 'EMB_P', 'EMB_P']","['EMB_O', 'OPN_S', 'EMB_O', 'EMB_O', 'EMB_O', 'EMB_O', 'EMB_O', 'EMB_O', 'EMB_P', 'EMB_P', 'EMB_P', 'EMB_P', 'EMB_P', 'EMB_P', 'EMB_P', 'EMB_P', 'EMB_P', 'EMB_P', 'EMB_P', 'EMB_P', 'EMB_P', 'EMB_P', 'EMB_P', 'EMB_P', 'EMB_P', 'EMB_P', 'EMB_P', 'EMB_P', 'EMB_P', 'EMB_P', 'EMB_P', 'EMB_P', 'EMB_P', 'EMB_P', 'EMB_P', 'EMB_P', 'EMB_P', 'EMB_P', 'EMB_P', 'EMB_P', 'EMB_P', 'EMB_P', 'EMB_P', 'EMB_P', 'EMB_P', 'EMB_P', 'EMB_P', 'EMB_P', 'EMB_P', 'EMB_P', 'EMB_P', 'EMB_P', 'EMB_P', 'EMB_P', 'EMB_P', 'EMB_P', 'EMB_P', 'EMB_P', 'EMB_P', 'EMB_P', 'EMB_P', 'EMB_P', 'EMB_P', 'EMB_P', 'EMB_P', 'EMB_P', 'EMB_P', 'EMB_P', 'EMB_P', 'EMB_P', 'EMB_P', 'EMB_P', 'EMB_P', 'EMB_P', 'EMB_P', 'EMB_P', 'EMB_P', 'EMB_P', 'EMB_P', 'EMB_P', 'EMB_P', 'EMB_P', 'EMB_P', 'EMB_P', 'EMB_P', 'EMB_P', 'EMB_P', 'EMB_P', 'EMB_P', 'EMB_P', 'EMB_P', 'EMB_P', 'EMB_P', 'EMB_P', 'EMB_P', 'EMB_P', 'EMB_P', 'EMB_P', 'EMB_P', 'EMB_P', 'EMB_P', 'EMB_P', 'EMB_P', 'EMB_P', 'EMB_P', 'EMB_P', 'EMB_P', 'EMB_P', 'EMB_P', 'EMB_P', 'EMB_P', 'EMB_P', 'EMB_P', 'EMB_P', 'EMB_P', 'EMB_P', 'EMB_P', 'EMB_P', 'EMB_P', 'EMB_P', 'EMB_P', 'EMB_P', 'EMB_P', 'EMB_P', 'EMB_P', 'EMB_P', 'EMB_P', 'EMB_P']"
341,android app,pretty warm,laptop_quad_dev_295,can get pretty warm running an intensive android app for a while .,4.38,5.0,"['EMB_O', 'EMB_O', 'EMB_O', 'EMB_O', 'EMB_O', 'EMB_O', 'EMB_O', 'EMB_O', 'ASP_B', 'ASP_I', 'ASP_E', 'EMB_O', 'EMB_O', 'EMB_O', 'EMB_O', 'EMB_O', 'EMB_P', 'EMB_P', 'EMB_P', 'EMB_P', 'EMB_P', 'EMB_P', 'EMB_P', 'EMB_P', 'EMB_P', 'EMB_P', 'EMB_P', 'EMB_P', 'EMB_P', 'EMB_P', 'EMB_P', 'EMB_P', 'EMB_P', 'EMB_P', 'EMB_P', 'EMB_P', 'EMB_P', 'EMB_P', 'EMB_P', 'EMB_P', 'EMB_P', 'EMB_P', 'EMB_P', 'EMB_P', 'EMB_P', 'EMB_P', 'EMB_P', 'EMB_P', 'EMB_P', 'EMB_P', 'EMB_P', 'EMB_P', 'EMB_P', 'EMB_P', 'EMB_P', 'EMB_P', 'EMB_P', 'EMB_P', 'EMB_P', 'EMB_P', 'EMB_P', 'EMB_P', 'EMB_P', 'EMB_P', 'EMB_P', 'EMB_P', 'EMB_P', 'EMB_P', 'EMB_P', 'EMB_P', 'EMB_P', 'EMB_P', 'EMB_P', 'EMB_P', 'EMB_P', 'EMB_P', 'EMB_P', 'EMB_P', 'EMB_P', 'EMB_P', 'EMB_P', 'EMB_P', 'EMB_P', 'EMB_P', 'EMB_P', 'EMB_P', 'EMB_P', 'EMB_P', 'EMB_P', 'EMB_P', 'EMB_P', 'EMB_P', 'EMB_P', 'EMB_P', 'EMB_P', 'EMB_P', 'EMB_P', 'EMB_P', 'EMB_P', 'EMB_P', 'EMB_P', 'EMB_P', 'EMB_P', 'EMB_P', 'EMB_P', 'EMB_P', 'EMB_P', 'EMB_P', 'EMB_P', 'EMB_P', 'EMB_P', 'EMB_P', 'EMB_P', 'EMB_P', 'EMB_P', 'EMB_P', 'EMB_P', 'EMB_P', 'EMB_P', 'EMB_P', 'EMB_P', 'EMB_P', 'EMB_P', 'EMB_P', 'EMB_P', 'EMB_P', 'EMB_P', 'EMB_P']","['EMB_O', 'EMB_O', 'EMB_O', 'OPN_B', 'OPN_E', 'EMB_O', 'EMB_O', 'EMB_O', 'EMB_O', 'EMB_O', 'EMB_O', 'EMB_O', 'EMB_O', 'EMB_O', 'EMB_O', 'EMB_O', 'EMB_P', 'EMB_P', 'EMB_P', 'EMB_P', 'EMB_P', 'EMB_P', 'EMB_P', 'EMB_P', 'EMB_P', 'EMB_P', 'EMB_P', 'EMB_P', 'EMB_P', 'EMB_P', 'EMB_P', 'EMB_P', 'EMB_P', 'EMB_P', 'EMB_P', 'EMB_P', 'EMB_P', 'EMB_P', 'EMB_P', 'EMB_P', 'EMB_P', 'EMB_P', 'EMB_P', 'EMB_P', 'EMB_P', 'EMB_P', 'EMB_P', 'EMB_P', 'EMB_P', 'EMB_P', 'EMB_P', 'EMB_P', 'EMB_P', 'EMB_P', 'EMB_P', 'EMB_P', 'EMB_P', 'EMB_P', 'EMB_P', 'EMB_P', 'EMB_P', 'EMB_P', 'EMB_P', 'EMB_P', 'EMB_P', 'EMB_P', 'EMB_P', 'EMB_P', 'EMB_P', 'EMB_P', 'EMB_P', 'EMB_P', 'EMB_P', 'EMB_P', 'EMB_P', 'EMB_P', 'EMB_P', 'EMB_P', 'EMB_P', 'EMB_P', 'EMB_P', 'EMB_P', 'EMB_P', 'EMB_P', 'EMB_P', 'EMB_P', 'EMB_P', 'EMB_P', 'EMB_P', 'EMB_P', 'EMB_P', 'EMB_P', 'EMB_P', 'EMB_P', 'EMB_P', 'EMB_P', 'EMB_P', 'EMB_P', 'EMB_P', 'EMB_P', 'EMB_P', 'EMB_P', 'EMB_P', 'EMB_P', 'EMB_P', 'EMB_P', 'EMB_P', 'EMB_P', 'EMB_P', 'EMB_P', 'EMB_P', 'EMB_P', 'EMB_P', 'EMB_P', 'EMB_P', 'EMB_P', 'EMB_P', 'EMB_P', 'EMB_P', 'EMB_P', 'EMB_P', 'EMB_P', 'EMB_P', 'EMB_P', 'EMB_P', 'EMB_P', 'EMB_P', 'EMB_P']"
342,volume through bluetooth,tolerable,laptop_quad_dev_296,at least the volume through bluetooth was tolerable .,5.25,5.62,"['EMB_O', 'EMB_O', 'EMB_O', 'EMB_O', 'ASP_B', 'ASP_I', 'ASP_I', 'ASP_I', 'ASP_E', 'EMB_O', 'EMB_O', 'EMB_O', 'EMB_O', 'EMB_O', 'EMB_O', 'EMB_P', 'EMB_P', 'EMB_P', 'EMB_P', 'EMB_P', 'EMB_P', 'EMB_P', 'EMB_P', 'EMB_P', 'EMB_P', 'EMB_P', 'EMB_P', 'EMB_P', 'EMB_P', 'EMB_P', 'EMB_P', 'EMB_P', 'EMB_P', 'EMB_P', 'EMB_P', 'EMB_P', 'EMB_P', 'EMB_P', 'EMB_P', 'EMB_P', 'EMB_P', 'EMB_P', 'EMB_P', 'EMB_P', 'EMB_P', 'EMB_P', 'EMB_P', 'EMB_P', 'EMB_P', 'EMB_P', 'EMB_P', 'EMB_P', 'EMB_P', 'EMB_P', 'EMB_P', 'EMB_P', 'EMB_P', 'EMB_P', 'EMB_P', 'EMB_P', 'EMB_P', 'EMB_P', 'EMB_P', 'EMB_P', 'EMB_P', 'EMB_P', 'EMB_P', 'EMB_P', 'EMB_P', 'EMB_P', 'EMB_P', 'EMB_P', 'EMB_P', 'EMB_P', 'EMB_P', 'EMB_P', 'EMB_P', 'EMB_P', 'EMB_P', 'EMB_P', 'EMB_P', 'EMB_P', 'EMB_P', 'EMB_P', 'EMB_P', 'EMB_P', 'EMB_P', 'EMB_P', 'EMB_P', 'EMB_P', 'EMB_P', 'EMB_P', 'EMB_P', 'EMB_P', 'EMB_P', 'EMB_P', 'EMB_P', 'EMB_P', 'EMB_P', 'EMB_P', 'EMB_P', 'EMB_P', 'EMB_P', 'EMB_P', 'EMB_P', 'EMB_P', 'EMB_P', 'EMB_P', 'EMB_P', 'EMB_P', 'EMB_P', 'EMB_P', 'EMB_P', 'EMB_P', 'EMB_P', 'EMB_P', 'EMB_P', 'EMB_P', 'EMB_P', 'EMB_P', 'EMB_P', 'EMB_P', 'EMB_P', 'EMB_P', 'EMB_P', 'EMB_P', 'EMB_P', 'EMB_P']","['EMB_O', 'EMB_O', 'EMB_O', 'EMB_O', 'EMB_O', 'EMB_O', 'EMB_O', 'EMB_O', 'EMB_O', 'EMB_O', 'OPN_B', 'OPN_I', 'OPN_E', 'EMB_O', 'EMB_O', 'EMB_P', 'EMB_P', 'EMB_P', 'EMB_P', 'EMB_P', 'EMB_P', 'EMB_P', 'EMB_P', 'EMB_P', 'EMB_P', 'EMB_P', 'EMB_P', 'EMB_P', 'EMB_P', 'EMB_P', 'EMB_P', 'EMB_P', 'EMB_P', 'EMB_P', 'EMB_P', 'EMB_P', 'EMB_P', 'EMB_P', 'EMB_P', 'EMB_P', 'EMB_P', 'EMB_P', 'EMB_P', 'EMB_P', 'EMB_P', 'EMB_P', 'EMB_P', 'EMB_P', 'EMB_P', 'EMB_P', 'EMB_P', 'EMB_P', 'EMB_P', 'EMB_P', 'EMB_P', 'EMB_P', 'EMB_P', 'EMB_P', 'EMB_P', 'EMB_P', 'EMB_P', 'EMB_P', 'EMB_P', 'EMB_P', 'EMB_P', 'EMB_P', 'EMB_P', 'EMB_P', 'EMB_P', 'EMB_P', 'EMB_P', 'EMB_P', 'EMB_P', 'EMB_P', 'EMB_P', 'EMB_P', 'EMB_P', 'EMB_P', 'EMB_P', 'EMB_P', 'EMB_P', 'EMB_P', 'EMB_P', 'EMB_P', 'EMB_P', 'EMB_P', 'EMB_P', 'EMB_P', 'EMB_P', 'EMB_P', 'EMB_P', 'EMB_P', 'EMB_P', 'EMB_P', 'EMB_P', 'EMB_P', 'EMB_P', 'EMB_P', 'EMB_P', 'EMB_P', 'EMB_P', 'EMB_P', 'EMB_P', 'EMB_P', 'EMB_P', 'EMB_P', 'EMB_P', 'EMB_P', 'EMB_P', 'EMB_P', 'EMB_P', 'EMB_P', 'EMB_P', 'EMB_P', 'EMB_P', 'EMB_P', 'EMB_P', 'EMB_P', 'EMB_P', 'EMB_P', 'EMB_P', 'EMB_P', 'EMB_P', 'EMB_P', 'EMB_P', 'EMB_P', 'EMB_P', 'EMB_P']"
343,NULL,great,laptop_quad_dev_297,this works great .,7.5,7.67,"['EMB_O', 'EMB_O', 'EMB_O', 'EMB_O', 'EMB_O', 'EMB_O', 'EMB_P', 'EMB_P', 'EMB_P', 'EMB_P', 'EMB_P', 'EMB_P', 'EMB_P', 'EMB_P', 'EMB_P', 'EMB_P', 'EMB_P', 'EMB_P', 'EMB_P', 'EMB_P', 'EMB_P', 'EMB_P', 'EMB_P', 'EMB_P', 'EMB_P', 'EMB_P', 'EMB_P', 'EMB_P', 'EMB_P', 'EMB_P', 'EMB_P', 'EMB_P', 'EMB_P', 'EMB_P', 'EMB_P', 'EMB_P', 'EMB_P', 'EMB_P', 'EMB_P', 'EMB_P', 'EMB_P', 'EMB_P', 'EMB_P', 'EMB_P', 'EMB_P', 'EMB_P', 'EMB_P', 'EMB_P', 'EMB_P', 'EMB_P', 'EMB_P', 'EMB_P', 'EMB_P', 'EMB_P', 'EMB_P', 'EMB_P', 'EMB_P', 'EMB_P', 'EMB_P', 'EMB_P', 'EMB_P', 'EMB_P', 'EMB_P', 'EMB_P', 'EMB_P', 'EMB_P', 'EMB_P', 'EMB_P', 'EMB_P', 'EMB_P', 'EMB_P', 'EMB_P', 'EMB_P', 'EMB_P', 'EMB_P', 'EMB_P', 'EMB_P', 'EMB_P', 'EMB_P', 'EMB_P', 'EMB_P', 'EMB_P', 'EMB_P', 'EMB_P', 'EMB_P', 'EMB_P', 'EMB_P', 'EMB_P', 'EMB_P', 'EMB_P', 'EMB_P', 'EMB_P', 'EMB_P', 'EMB_P', 'EMB_P', 'EMB_P', 'EMB_P', 'EMB_P', 'EMB_P', 'EMB_P', 'EMB_P', 'EMB_P', 'EMB_P', 'EMB_P', 'EMB_P', 'EMB_P', 'EMB_P', 'EMB_P', 'EMB_P', 'EMB_P', 'EMB_P', 'EMB_P', 'EMB_P', 'EMB_P', 'EMB_P', 'EMB_P', 'EMB_P', 'EMB_P', 'EMB_P', 'EMB_P', 'EMB_P', 'EMB_P', 'EMB_P', 'EMB_P', 'EMB_P', 'EMB_P', 'EMB_P', 'EMB_P']","['EMB_O', 'EMB_O', 'EMB_O', 'OPN_S', 'EMB_O', 'EMB_O', 'EMB_P', 'EMB_P', 'EMB_P', 'EMB_P', 'EMB_P', 'EMB_P', 'EMB_P', 'EMB_P', 'EMB_P', 'EMB_P', 'EMB_P', 'EMB_P', 'EMB_P', 'EMB_P', 'EMB_P', 'EMB_P', 'EMB_P', 'EMB_P', 'EMB_P', 'EMB_P', 'EMB_P', 'EMB_P', 'EMB_P', 'EMB_P', 'EMB_P', 'EMB_P', 'EMB_P', 'EMB_P', 'EMB_P', 'EMB_P', 'EMB_P', 'EMB_P', 'EMB_P', 'EMB_P', 'EMB_P', 'EMB_P', 'EMB_P', 'EMB_P', 'EMB_P', 'EMB_P', 'EMB_P', 'EMB_P', 'EMB_P', 'EMB_P', 'EMB_P', 'EMB_P', 'EMB_P', 'EMB_P', 'EMB_P', 'EMB_P', 'EMB_P', 'EMB_P', 'EMB_P', 'EMB_P', 'EMB_P', 'EMB_P', 'EMB_P', 'EMB_P', 'EMB_P', 'EMB_P', 'EMB_P', 'EMB_P', 'EMB_P', 'EMB_P', 'EMB_P', 'EMB_P', 'EMB_P', 'EMB_P', 'EMB_P', 'EMB_P', 'EMB_P', 'EMB_P', 'EMB_P', 'EMB_P', 'EMB_P', 'EMB_P', 'EMB_P', 'EMB_P', 'EMB_P', 'EMB_P', 'EMB_P', 'EMB_P', 'EMB_P', 'EMB_P', 'EMB_P', 'EMB_P', 'EMB_P', 'EMB_P', 'EMB_P', 'EMB_P', 'EMB_P', 'EMB_P', 'EMB_P', 'EMB_P', 'EMB_P', 'EMB_P', 'EMB_P', 'EMB_P', 'EMB_P', 'EMB_P', 'EMB_P', 'EMB_P', 'EMB_P', 'EMB_P', 'EMB_P', 'EMB_P', 'EMB_P', 'EMB_P', 'EMB_P', 'EMB_P', 'EMB_P', 'EMB_P', 'EMB_P', 'EMB_P', 'EMB_P', 'EMB_P', 'EMB_P', 'EMB_P', 'EMB_P', 'EMB_P', 'EMB_P', 'EMB_P']"
344,machine,worst,laptop_quad_dev_298,"after two years , or almost , the worst thing about this machine is lack of printer support .",2.33,7.5,"['EMB_O', 'EMB_O', 'EMB_O', 'EMB_O', 'EMB_O', 'EMB_O', 'EMB_O', 'EMB_O', 'EMB_O', 'EMB_O', 'EMB_O', 'EMB_O', 'EMB_O', 'ASP_S', 'EMB_O', 'EMB_O', 'EMB_O', 'EMB_O', 'EMB_O', 'EMB_O', 'EMB_O', 'EMB_O', 'EMB_P', 'EMB_P', 'EMB_P', 'EMB_P', 'EMB_P', 'EMB_P', 'EMB_P', 'EMB_P', 'EMB_P', 'EMB_P', 'EMB_P', 'EMB_P', 'EMB_P', 'EMB_P', 'EMB_P', 'EMB_P', 'EMB_P', 'EMB_P', 'EMB_P', 'EMB_P', 'EMB_P', 'EMB_P', 'EMB_P', 'EMB_P', 'EMB_P', 'EMB_P', 'EMB_P', 'EMB_P', 'EMB_P', 'EMB_P', 'EMB_P', 'EMB_P', 'EMB_P', 'EMB_P', 'EMB_P', 'EMB_P', 'EMB_P', 'EMB_P', 'EMB_P', 'EMB_P', 'EMB_P', 'EMB_P', 'EMB_P', 'EMB_P', 'EMB_P', 'EMB_P', 'EMB_P', 'EMB_P', 'EMB_P', 'EMB_P', 'EMB_P', 'EMB_P', 'EMB_P', 'EMB_P', 'EMB_P', 'EMB_P', 'EMB_P', 'EMB_P', 'EMB_P', 'EMB_P', 'EMB_P', 'EMB_P', 'EMB_P', 'EMB_P', 'EMB_P', 'EMB_P', 'EMB_P', 'EMB_P', 'EMB_P', 'EMB_P', 'EMB_P', 'EMB_P', 'EMB_P', 'EMB_P', 'EMB_P', 'EMB_P', 'EMB_P', 'EMB_P', 'EMB_P', 'EMB_P', 'EMB_P', 'EMB_P', 'EMB_P', 'EMB_P', 'EMB_P', 'EMB_P', 'EMB_P', 'EMB_P', 'EMB_P', 'EMB_P', 'EMB_P', 'EMB_P', 'EMB_P', 'EMB_P', 'EMB_P', 'EMB_P', 'EMB_P', 'EMB_P', 'EMB_P', 'EMB_P', 'EMB_P', 'EMB_P', 'EMB_P', 'EMB_P', 'EMB_P', 'EMB_P']","['EMB_O', 'EMB_O', 'EMB_O', 'EMB_O', 'EMB_O', 'EMB_O', 'EMB_O', 'EMB_O', 'EMB_O', 'OPN_S', 'EMB_O', 'EMB_O', 'EMB_O', 'EMB_O', 'EMB_O', 'EMB_O', 'EMB_O', 'EMB_O', 'EMB_O', 'EMB_O', 'EMB_O', 'EMB_O', 'EMB_P', 'EMB_P', 'EMB_P', 'EMB_P', 'EMB_P', 'EMB_P', 'EMB_P', 'EMB_P', 'EMB_P', 'EMB_P', 'EMB_P', 'EMB_P', 'EMB_P', 'EMB_P', 'EMB_P', 'EMB_P', 'EMB_P', 'EMB_P', 'EMB_P', 'EMB_P', 'EMB_P', 'EMB_P', 'EMB_P', 'EMB_P', 'EMB_P', 'EMB_P', 'EMB_P', 'EMB_P', 'EMB_P', 'EMB_P', 'EMB_P', 'EMB_P', 'EMB_P', 'EMB_P', 'EMB_P', 'EMB_P', 'EMB_P', 'EMB_P', 'EMB_P', 'EMB_P', 'EMB_P', 'EMB_P', 'EMB_P', 'EMB_P', 'EMB_P', 'EMB_P', 'EMB_P', 'EMB_P', 'EMB_P', 'EMB_P', 'EMB_P', 'EMB_P', 'EMB_P', 'EMB_P', 'EMB_P', 'EMB_P', 'EMB_P', 'EMB_P', 'EMB_P', 'EMB_P', 'EMB_P', 'EMB_P', 'EMB_P', 'EMB_P', 'EMB_P', 'EMB_P', 'EMB_P', 'EMB_P', 'EMB_P', 'EMB_P', 'EMB_P', 'EMB_P', 'EMB_P', 'EMB_P', 'EMB_P', 'EMB_P', 'EMB_P', 'EMB_P', 'EMB_P', 'EMB_P', 'EMB_P', 'EMB_P', 'EMB_P', 'EMB_P', 'EMB_P', 'EMB_P', 'EMB_P', 'EMB_P', 'EMB_P', 'EMB_P', 'EMB_P', 'EMB_P', 'EMB_P', 'EMB_P', 'EMB_P', 'EMB_P', 'EMB_P', 'EMB_P', 'EMB_P', 'EMB_P', 'EMB_P', 'EMB_P', 'EMB_P', 'EMB_P', 'EMB_P', 'EMB_P']"
345,setup,fast,laptop_quad_dev_299,"setup was fast and easy , but then again i ' ve been a gmail / gcal / gdocs purist for a while now .",7.5,7.75,"['EMB_O', 'ASP_B', 'ASP_E', 'EMB_O', 'EMB_O', 'EMB_O', 'EMB_O', 'EMB_O', 'EMB_O', 'EMB_O', 'EMB_O', 'EMB_O', 'EMB_O', 'EMB_O', 'EMB_O', 'EMB_O', 'EMB_O', 'EMB_O', 'EMB_O', 'EMB_O', 'EMB_O', 'EMB_O', 'EMB_O', 'EMB_O', 'EMB_O', 'EMB_O', 'EMB_O', 'EMB_O', 'EMB_O', 'EMB_O', 'EMB_O', 'EMB_O', 'EMB_O', 'EMB_P', 'EMB_P', 'EMB_P', 'EMB_P', 'EMB_P', 'EMB_P', 'EMB_P', 'EMB_P', 'EMB_P', 'EMB_P', 'EMB_P', 'EMB_P', 'EMB_P', 'EMB_P', 'EMB_P', 'EMB_P', 'EMB_P', 'EMB_P', 'EMB_P', 'EMB_P', 'EMB_P', 'EMB_P', 'EMB_P', 'EMB_P', 'EMB_P', 'EMB_P', 'EMB_P', 'EMB_P', 'EMB_P', 'EMB_P', 'EMB_P', 'EMB_P', 'EMB_P', 'EMB_P', 'EMB_P', 'EMB_P', 'EMB_P', 'EMB_P', 'EMB_P', 'EMB_P', 'EMB_P', 'EMB_P', 'EMB_P', 'EMB_P', 'EMB_P', 'EMB_P', 'EMB_P', 'EMB_P', 'EMB_P', 'EMB_P', 'EMB_P', 'EMB_P', 'EMB_P', 'EMB_P', 'EMB_P', 'EMB_P', 'EMB_P', 'EMB_P', 'EMB_P', 'EMB_P', 'EMB_P', 'EMB_P', 'EMB_P', 'EMB_P', 'EMB_P', 'EMB_P', 'EMB_P', 'EMB_P', 'EMB_P', 'EMB_P', 'EMB_P', 'EMB_P', 'EMB_P', 'EMB_P', 'EMB_P', 'EMB_P', 'EMB_P', 'EMB_P', 'EMB_P', 'EMB_P', 'EMB_P', 'EMB_P', 'EMB_P', 'EMB_P', 'EMB_P', 'EMB_P', 'EMB_P', 'EMB_P', 'EMB_P', 'EMB_P', 'EMB_P', 'EMB_P', 'EMB_P', 'EMB_P', 'EMB_P']","['EMB_O', 'EMB_O', 'EMB_O', 'EMB_O', 'OPN_S', 'EMB_O', 'EMB_O', 'EMB_O', 'EMB_O', 'EMB_O', 'EMB_O', 'EMB_O', 'EMB_O', 'EMB_O', 'EMB_O', 'EMB_O', 'EMB_O', 'EMB_O', 'EMB_O', 'EMB_O', 'EMB_O', 'EMB_O', 'EMB_O', 'EMB_O', 'EMB_O', 'EMB_O', 'EMB_O', 'EMB_O', 'EMB_O', 'EMB_O', 'EMB_O', 'EMB_O', 'EMB_O', 'EMB_P', 'EMB_P', 'EMB_P', 'EMB_P', 'EMB_P', 'EMB_P', 'EMB_P', 'EMB_P', 'EMB_P', 'EMB_P', 'EMB_P', 'EMB_P', 'EMB_P', 'EMB_P', 'EMB_P', 'EMB_P', 'EMB_P', 'EMB_P', 'EMB_P', 'EMB_P', 'EMB_P', 'EMB_P', 'EMB_P', 'EMB_P', 'EMB_P', 'EMB_P', 'EMB_P', 'EMB_P', 'EMB_P', 'EMB_P', 'EMB_P', 'EMB_P', 'EMB_P', 'EMB_P', 'EMB_P', 'EMB_P', 'EMB_P', 'EMB_P', 'EMB_P', 'EMB_P', 'EMB_P', 'EMB_P', 'EMB_P', 'EMB_P', 'EMB_P', 'EMB_P', 'EMB_P', 'EMB_P', 'EMB_P', 'EMB_P', 'EMB_P', 'EMB_P', 'EMB_P', 'EMB_P', 'EMB_P', 'EMB_P', 'EMB_P', 'EMB_P', 'EMB_P', 'EMB_P', 'EMB_P', 'EMB_P', 'EMB_P', 'EMB_P', 'EMB_P', 'EMB_P', 'EMB_P', 'EMB_P', 'EMB_P', 'EMB_P', 'EMB_P', 'EMB_P', 'EMB_P', 'EMB_P', 'EMB_P', 'EMB_P', 'EMB_P', 'EMB_P', 'EMB_P', 'EMB_P', 'EMB_P', 'EMB_P', 'EMB_P', 'EMB_P', 'EMB_P', 'EMB_P', 'EMB_P', 'EMB_P', 'EMB_P', 'EMB_P', 'EMB_P', 'EMB_P', 'EMB_P', 'EMB_P', 'EMB_P']"
346,NULL,NULL,laptop_quad_dev_300,"it has exceeded my expectations for performance , functionality and utility .",8.25,8.12,"['EMB_O', 'EMB_O', 'EMB_O', 'EMB_O', 'EMB_O', 'EMB_O', 'EMB_O', 'EMB_O', 'EMB_O', 'EMB_O', 'EMB_O', 'EMB_O', 'EMB_O', 'EMB_O', 'EMB_O', 'EMB_O', 'EMB_O', 'EMB_O', 'EMB_P', 'EMB_P', 'EMB_P', 'EMB_P', 'EMB_P', 'EMB_P', 'EMB_P', 'EMB_P', 'EMB_P', 'EMB_P', 'EMB_P', 'EMB_P', 'EMB_P', 'EMB_P', 'EMB_P', 'EMB_P', 'EMB_P', 'EMB_P', 'EMB_P', 'EMB_P', 'EMB_P', 'EMB_P', 'EMB_P', 'EMB_P', 'EMB_P', 'EMB_P', 'EMB_P', 'EMB_P', 'EMB_P', 'EMB_P', 'EMB_P', 'EMB_P', 'EMB_P', 'EMB_P', 'EMB_P', 'EMB_P', 'EMB_P', 'EMB_P', 'EMB_P', 'EMB_P', 'EMB_P', 'EMB_P', 'EMB_P', 'EMB_P', 'EMB_P', 'EMB_P', 'EMB_P', 'EMB_P', 'EMB_P', 'EMB_P', 'EMB_P', 'EMB_P', 'EMB_P', 'EMB_P', 'EMB_P', 'EMB_P', 'EMB_P', 'EMB_P', 'EMB_P', 'EMB_P', 'EMB_P', 'EMB_P', 'EMB_P', 'EMB_P', 'EMB_P', 'EMB_P', 'EMB_P', 'EMB_P', 'EMB_P', 'EMB_P', 'EMB_P', 'EMB_P', 'EMB_P', 'EMB_P', 'EMB_P', 'EMB_P', 'EMB_P', 'EMB_P', 'EMB_P', 'EMB_P', 'EMB_P', 'EMB_P', 'EMB_P', 'EMB_P', 'EMB_P', 'EMB_P', 'EMB_P', 'EMB_P', 'EMB_P', 'EMB_P', 'EMB_P', 'EMB_P', 'EMB_P', 'EMB_P', 'EMB_P', 'EMB_P', 'EMB_P', 'EMB_P', 'EMB_P', 'EMB_P', 'EMB_P', 'EMB_P', 'EMB_P', 'EMB_P', 'EMB_P', 'EMB_P', 'EMB_P', 'EMB_P', 'EMB_P', 'EMB_P']","['EMB_O', 'EMB_O', 'EMB_O', 'EMB_O', 'EMB_O', 'EMB_O', 'EMB_O', 'EMB_O', 'EMB_O', 'EMB_O', 'EMB_O', 'EMB_O', 'EMB_O', 'EMB_O', 'EMB_O', 'EMB_O', 'EMB_O', 'EMB_O', 'EMB_P', 'EMB_P', 'EMB_P', 'EMB_P', 'EMB_P', 'EMB_P', 'EMB_P', 'EMB_P', 'EMB_P', 'EMB_P', 'EMB_P', 'EMB_P', 'EMB_P', 'EMB_P', 'EMB_P', 'EMB_P', 'EMB_P', 'EMB_P', 'EMB_P', 'EMB_P', 'EMB_P', 'EMB_P', 'EMB_P', 'EMB_P', 'EMB_P', 'EMB_P', 'EMB_P', 'EMB_P', 'EMB_P', 'EMB_P', 'EMB_P', 'EMB_P', 'EMB_P', 'EMB_P', 'EMB_P', 'EMB_P', 'EMB_P', 'EMB_P', 'EMB_P', 'EMB_P', 'EMB_P', 'EMB_P', 'EMB_P', 'EMB_P', 'EMB_P', 'EMB_P', 'EMB_P', 'EMB_P', 'EMB_P', 'EMB_P', 'EMB_P', 'EMB_P', 'EMB_P', 'EMB_P', 'EMB_P', 'EMB_P', 'EMB_P', 'EMB_P', 'EMB_P', 'EMB_P', 'EMB_P', 'EMB_P', 'EMB_P', 'EMB_P', 'EMB_P', 'EMB_P', 'EMB_P', 'EMB_P', 'EMB_P', 'EMB_P', 'EMB_P', 'EMB_P', 'EMB_P', 'EMB_P', 'EMB_P', 'EMB_P', 'EMB_P', 'EMB_P', 'EMB_P', 'EMB_P', 'EMB_P', 'EMB_P', 'EMB_P', 'EMB_P', 'EMB_P', 'EMB_P', 'EMB_P', 'EMB_P', 'EMB_P', 'EMB_P', 'EMB_P', 'EMB_P', 'EMB_P', 'EMB_P', 'EMB_P', 'EMB_P', 'EMB_P', 'EMB_P', 'EMB_P', 'EMB_P', 'EMB_P', 'EMB_P', 'EMB_P', 'EMB_P', 'EMB_P', 'EMB_P', 'EMB_P', 'EMB_P', 'EMB_P', 'EMB_P']"
347,laptop,premium,laptop_quad_dev_301,"in general , it has the look and feel of a premium laptop that is at home in any situation such as sitting down with a client .",7.67,7.83,"['EMB_O', 'EMB_O', 'EMB_O', 'EMB_O', 'EMB_O', 'EMB_O', 'EMB_O', 'EMB_O', 'EMB_O', 'EMB_O', 'EMB_O', 'EMB_O', 'EMB_O', 'EMB_O', 'ASP_B', 'ASP_E', 'EMB_O', 'EMB_O', 'EMB_O', 'EMB_O', 'EMB_O', 'EMB_O', 'EMB_O', 'EMB_O', 'EMB_O', 'EMB_O', 'EMB_O', 'EMB_O', 'EMB_O', 'EMB_O', 'EMB_O', 'EMB_O', 'EMB_P', 'EMB_P', 'EMB_P', 'EMB_P', 'EMB_P', 'EMB_P', 'EMB_P', 'EMB_P', 'EMB_P', 'EMB_P', 'EMB_P', 'EMB_P', 'EMB_P', 'EMB_P', 'EMB_P', 'EMB_P', 'EMB_P', 'EMB_P', 'EMB_P', 'EMB_P', 'EMB_P', 'EMB_P', 'EMB_P', 'EMB_P', 'EMB_P', 'EMB_P', 'EMB_P', 'EMB_P', 'EMB_P', 'EMB_P', 'EMB_P', 'EMB_P', 'EMB_P', 'EMB_P', 'EMB_P', 'EMB_P', 'EMB_P', 'EMB_P', 'EMB_P', 'EMB_P', 'EMB_P', 'EMB_P', 'EMB_P', 'EMB_P', 'EMB_P', 'EMB_P', 'EMB_P', 'EMB_P', 'EMB_P', 'EMB_P', 'EMB_P', 'EMB_P', 'EMB_P', 'EMB_P', 'EMB_P', 'EMB_P', 'EMB_P', 'EMB_P', 'EMB_P', 'EMB_P', 'EMB_P', 'EMB_P', 'EMB_P', 'EMB_P', 'EMB_P', 'EMB_P', 'EMB_P', 'EMB_P', 'EMB_P', 'EMB_P', 'EMB_P', 'EMB_P', 'EMB_P', 'EMB_P', 'EMB_P', 'EMB_P', 'EMB_P', 'EMB_P', 'EMB_P', 'EMB_P', 'EMB_P', 'EMB_P', 'EMB_P', 'EMB_P', 'EMB_P', 'EMB_P', 'EMB_P', 'EMB_P', 'EMB_P', 'EMB_P', 'EMB_P', 'EMB_P', 'EMB_P', 'EMB_P', 'EMB_P', 'EMB_P']","['EMB_O', 'EMB_O', 'EMB_O', 'EMB_O', 'EMB_O', 'EMB_O', 'EMB_O', 'EMB_O', 'EMB_O', 'EMB_O', 'EMB_O', 'EMB_O', 'OPN_B', 'OPN_E', 'EMB_O', 'EMB_O', 'EMB_O', 'EMB_O', 'EMB_O', 'EMB_O', 'EMB_O', 'EMB_O', 'EMB_O', 'EMB_O', 'EMB_O', 'EMB_O', 'EMB_O', 'EMB_O', 'EMB_O', 'EMB_O', 'EMB_O', 'EMB_O', 'EMB_P', 'EMB_P', 'EMB_P', 'EMB_P', 'EMB_P', 'EMB_P', 'EMB_P', 'EMB_P', 'EMB_P', 'EMB_P', 'EMB_P', 'EMB_P', 'EMB_P', 'EMB_P', 'EMB_P', 'EMB_P', 'EMB_P', 'EMB_P', 'EMB_P', 'EMB_P', 'EMB_P', 'EMB_P', 'EMB_P', 'EMB_P', 'EMB_P', 'EMB_P', 'EMB_P', 'EMB_P', 'EMB_P', 'EMB_P', 'EMB_P', 'EMB_P', 'EMB_P', 'EMB_P', 'EMB_P', 'EMB_P', 'EMB_P', 'EMB_P', 'EMB_P', 'EMB_P', 'EMB_P', 'EMB_P', 'EMB_P', 'EMB_P', 'EMB_P', 'EMB_P', 'EMB_P', 'EMB_P', 'EMB_P', 'EMB_P', 'EMB_P', 'EMB_P', 'EMB_P', 'EMB_P', 'EMB_P', 'EMB_P', 'EMB_P', 'EMB_P', 'EMB_P', 'EMB_P', 'EMB_P', 'EMB_P', 'EMB_P', 'EMB_P', 'EMB_P', 'EMB_P', 'EMB_P', 'EMB_P', 'EMB_P', 'EMB_P', 'EMB_P', 'EMB_P', 'EMB_P', 'EMB_P', 'EMB_P', 'EMB_P', 'EMB_P', 'EMB_P', 'EMB_P', 'EMB_P', 'EMB_P', 'EMB_P', 'EMB_P', 'EMB_P', 'EMB_P', 'EMB_P', 'EMB_P', 'EMB_P', 'EMB_P', 'EMB_P', 'EMB_P', 'EMB_P', 'EMB_P', 'EMB_P', 'EMB_P', 'EMB_P']"
348,battery life,outstanding,laptop_quad_dev_302,battery life is outstanding .,8.0,8.0,"['EMB_O', 'ASP_B', 'ASP_E', 'EMB_O', 'EMB_O', 'EMB_O', 'EMB_O', 'EMB_P', 'EMB_P', 'EMB_P', 'EMB_P', 'EMB_P', 'EMB_P', 'EMB_P', 'EMB_P', 'EMB_P', 'EMB_P', 'EMB_P', 'EMB_P', 'EMB_P', 'EMB_P', 'EMB_P', 'EMB_P', 'EMB_P', 'EMB_P', 'EMB_P', 'EMB_P', 'EMB_P', 'EMB_P', 'EMB_P', 'EMB_P', 'EMB_P', 'EMB_P', 'EMB_P', 'EMB_P', 'EMB_P', 'EMB_P', 'EMB_P', 'EMB_P', 'EMB_P', 'EMB_P', 'EMB_P', 'EMB_P', 'EMB_P', 'EMB_P', 'EMB_P', 'EMB_P', 'EMB_P', 'EMB_P', 'EMB_P', 'EMB_P', 'EMB_P', 'EMB_P', 'EMB_P', 'EMB_P', 'EMB_P', 'EMB_P', 'EMB_P', 'EMB_P', 'EMB_P', 'EMB_P', 'EMB_P', 'EMB_P', 'EMB_P', 'EMB_P', 'EMB_P', 'EMB_P', 'EMB_P', 'EMB_P', 'EMB_P', 'EMB_P', 'EMB_P', 'EMB_P', 'EMB_P', 'EMB_P', 'EMB_P', 'EMB_P', 'EMB_P', 'EMB_P', 'EMB_P', 'EMB_P', 'EMB_P', 'EMB_P', 'EMB_P', 'EMB_P', 'EMB_P', 'EMB_P', 'EMB_P', 'EMB_P', 'EMB_P', 'EMB_P', 'EMB_P', 'EMB_P', 'EMB_P', 'EMB_P', 'EMB_P', 'EMB_P', 'EMB_P', 'EMB_P', 'EMB_P', 'EMB_P', 'EMB_P', 'EMB_P', 'EMB_P', 'EMB_P', 'EMB_P', 'EMB_P', 'EMB_P', 'EMB_P', 'EMB_P', 'EMB_P', 'EMB_P', 'EMB_P', 'EMB_P', 'EMB_P', 'EMB_P', 'EMB_P', 'EMB_P', 'EMB_P', 'EMB_P', 'EMB_P', 'EMB_P', 'EMB_P', 'EMB_P', 'EMB_P', 'EMB_P', 'EMB_P', 'EMB_P']","['EMB_O', 'EMB_O', 'EMB_O', 'EMB_O', 'OPN_S', 'EMB_O', 'EMB_O', 'EMB_P', 'EMB_P', 'EMB_P', 'EMB_P', 'EMB_P', 'EMB_P', 'EMB_P', 'EMB_P', 'EMB_P', 'EMB_P', 'EMB_P', 'EMB_P', 'EMB_P', 'EMB_P', 'EMB_P', 'EMB_P', 'EMB_P', 'EMB_P', 'EMB_P', 'EMB_P', 'EMB_P', 'EMB_P', 'EMB_P', 'EMB_P', 'EMB_P', 'EMB_P', 'EMB_P', 'EMB_P', 'EMB_P', 'EMB_P', 'EMB_P', 'EMB_P', 'EMB_P', 'EMB_P', 'EMB_P', 'EMB_P', 'EMB_P', 'EMB_P', 'EMB_P', 'EMB_P', 'EMB_P', 'EMB_P', 'EMB_P', 'EMB_P', 'EMB_P', 'EMB_P', 'EMB_P', 'EMB_P', 'EMB_P', 'EMB_P', 'EMB_P', 'EMB_P', 'EMB_P', 'EMB_P', 'EMB_P', 'EMB_P', 'EMB_P', 'EMB_P', 'EMB_P', 'EMB_P', 'EMB_P', 'EMB_P', 'EMB_P', 'EMB_P', 'EMB_P', 'EMB_P', 'EMB_P', 'EMB_P', 'EMB_P', 'EMB_P', 'EMB_P', 'EMB_P', 'EMB_P', 'EMB_P', 'EMB_P', 'EMB_P', 'EMB_P', 'EMB_P', 'EMB_P', 'EMB_P', 'EMB_P', 'EMB_P', 'EMB_P', 'EMB_P', 'EMB_P', 'EMB_P', 'EMB_P', 'EMB_P', 'EMB_P', 'EMB_P', 'EMB_P', 'EMB_P', 'EMB_P', 'EMB_P', 'EMB_P', 'EMB_P', 'EMB_P', 'EMB_P', 'EMB_P', 'EMB_P', 'EMB_P', 'EMB_P', 'EMB_P', 'EMB_P', 'EMB_P', 'EMB_P', 'EMB_P', 'EMB_P', 'EMB_P', 'EMB_P', 'EMB_P', 'EMB_P', 'EMB_P', 'EMB_P', 'EMB_P', 'EMB_P', 'EMB_P', 'EMB_P', 'EMB_P', 'EMB_P', 'EMB_P']"
349,chromebook,easily the best,laptop_quad_dev_303,this is my third chromebook and easily the best i ' ve encountered .,8.0,7.75,"['EMB_O', 'EMB_O', 'EMB_O', 'EMB_O', 'EMB_O', 'ASP_B', 'ASP_I', 'ASP_E', 'EMB_O', 'EMB_O', 'EMB_O', 'EMB_O', 'EMB_O', 'EMB_O', 'EMB_O', 'EMB_O', 'EMB_O', 'EMB_O', 'EMB_P', 'EMB_P', 'EMB_P', 'EMB_P', 'EMB_P', 'EMB_P', 'EMB_P', 'EMB_P', 'EMB_P', 'EMB_P', 'EMB_P', 'EMB_P', 'EMB_P', 'EMB_P', 'EMB_P', 'EMB_P', 'EMB_P', 'EMB_P', 'EMB_P', 'EMB_P', 'EMB_P', 'EMB_P', 'EMB_P', 'EMB_P', 'EMB_P', 'EMB_P', 'EMB_P', 'EMB_P', 'EMB_P', 'EMB_P', 'EMB_P', 'EMB_P', 'EMB_P', 'EMB_P', 'EMB_P', 'EMB_P', 'EMB_P', 'EMB_P', 'EMB_P', 'EMB_P', 'EMB_P', 'EMB_P', 'EMB_P', 'EMB_P', 'EMB_P', 'EMB_P', 'EMB_P', 'EMB_P', 'EMB_P', 'EMB_P', 'EMB_P', 'EMB_P', 'EMB_P', 'EMB_P', 'EMB_P', 'EMB_P', 'EMB_P', 'EMB_P', 'EMB_P', 'EMB_P', 'EMB_P', 'EMB_P', 'EMB_P', 'EMB_P', 'EMB_P', 'EMB_P', 'EMB_P', 'EMB_P', 'EMB_P', 'EMB_P', 'EMB_P', 'EMB_P', 'EMB_P', 'EMB_P', 'EMB_P', 'EMB_P', 'EMB_P', 'EMB_P', 'EMB_P', 'EMB_P', 'EMB_P', 'EMB_P', 'EMB_P', 'EMB_P', 'EMB_P', 'EMB_P', 'EMB_P', 'EMB_P', 'EMB_P', 'EMB_P', 'EMB_P', 'EMB_P', 'EMB_P', 'EMB_P', 'EMB_P', 'EMB_P', 'EMB_P', 'EMB_P', 'EMB_P', 'EMB_P', 'EMB_P', 'EMB_P', 'EMB_P', 'EMB_P', 'EMB_P', 'EMB_P', 'EMB_P', 'EMB_P', 'EMB_P', 'EMB_P']","['EMB_O', 'EMB_O', 'EMB_O', 'EMB_O', 'EMB_O', 'EMB_O', 'EMB_O', 'EMB_O', 'EMB_O', 'OPN_B', 'OPN_I', 'OPN_E', 'EMB_O', 'EMB_O', 'EMB_O', 'EMB_O', 'EMB_O', 'EMB_O', 'EMB_P', 'EMB_P', 'EMB_P', 'EMB_P', 'EMB_P', 'EMB_P', 'EMB_P', 'EMB_P', 'EMB_P', 'EMB_P', 'EMB_P', 'EMB_P', 'EMB_P', 'EMB_P', 'EMB_P', 'EMB_P', 'EMB_P', 'EMB_P', 'EMB_P', 'EMB_P', 'EMB_P', 'EMB_P', 'EMB_P', 'EMB_P', 'EMB_P', 'EMB_P', 'EMB_P', 'EMB_P', 'EMB_P', 'EMB_P', 'EMB_P', 'EMB_P', 'EMB_P', 'EMB_P', 'EMB_P', 'EMB_P', 'EMB_P', 'EMB_P', 'EMB_P', 'EMB_P', 'EMB_P', 'EMB_P', 'EMB_P', 'EMB_P', 'EMB_P', 'EMB_P', 'EMB_P', 'EMB_P', 'EMB_P', 'EMB_P', 'EMB_P', 'EMB_P', 'EMB_P', 'EMB_P', 'EMB_P', 'EMB_P', 'EMB_P', 'EMB_P', 'EMB_P', 'EMB_P', 'EMB_P', 'EMB_P', 'EMB_P', 'EMB_P', 'EMB_P', 'EMB_P', 'EMB_P', 'EMB_P', 'EMB_P', 'EMB_P', 'EMB_P', 'EMB_P', 'EMB_P', 'EMB_P', 'EMB_P', 'EMB_P', 'EMB_P', 'EMB_P', 'EMB_P', 'EMB_P', 'EMB_P', 'EMB_P', 'EMB_P', 'EMB_P', 'EMB_P', 'EMB_P', 'EMB_P', 'EMB_P', 'EMB_P', 'EMB_P', 'EMB_P', 'EMB_P', 'EMB_P', 'EMB_P', 'EMB_P', 'EMB_P', 'EMB_P', 'EMB_P', 'EMB_P', 'EMB_P', 'EMB_P', 'EMB_P', 'EMB_P', 'EMB_P', 'EMB_P', 'EMB_P', 'EMB_P', 'EMB_P', 'EMB_P', 'EMB_P']"
350,NULL,very expensive,laptop_quad_dev_304,very expensive for what you get .,4.0,5.5,"['EMB_O', 'EMB_O', 'EMB_O', 'EMB_O', 'EMB_O', 'EMB_O', 'EMB_O', 'EMB_O', 'EMB_O', 'EMB_P', 'EMB_P', 'EMB_P', 'EMB_P', 'EMB_P', 'EMB_P', 'EMB_P', 'EMB_P', 'EMB_P', 'EMB_P', 'EMB_P', 'EMB_P', 'EMB_P', 'EMB_P', 'EMB_P', 'EMB_P', 'EMB_P', 'EMB_P', 'EMB_P', 'EMB_P', 'EMB_P', 'EMB_P', 'EMB_P', 'EMB_P', 'EMB_P', 'EMB_P', 'EMB_P', 'EMB_P', 'EMB_P', 'EMB_P', 'EMB_P', 'EMB_P', 'EMB_P', 'EMB_P', 'EMB_P', 'EMB_P', 'EMB_P', 'EMB_P', 'EMB_P', 'EMB_P', 'EMB_P', 'EMB_P', 'EMB_P', 'EMB_P', 'EMB_P', 'EMB_P', 'EMB_P', 'EMB_P', 'EMB_P', 'EMB_P', 'EMB_P', 'EMB_P', 'EMB_P', 'EMB_P', 'EMB_P', 'EMB_P', 'EMB_P', 'EMB_P', 'EMB_P', 'EMB_P', 'EMB_P', 'EMB_P', 'EMB_P', 'EMB_P', 'EMB_P', 'EMB_P', 'EMB_P', 'EMB_P', 'EMB_P', 'EMB_P', 'EMB_P', 'EMB_P', 'EMB_P', 'EMB_P', 'EMB_P', 'EMB_P', 'EMB_P', 'EMB_P', 'EMB_P', 'EMB_P', 'EMB_P', 'EMB_P', 'EMB_P', 'EMB_P', 'EMB_P', 'EMB_P', 'EMB_P', 'EMB_P', 'EMB_P', 'EMB_P', 'EMB_P', 'EMB_P', 'EMB_P', 'EMB_P', 'EMB_P', 'EMB_P', 'EMB_P', 'EMB_P', 'EMB_P', 'EMB_P', 'EMB_P', 'EMB_P', 'EMB_P', 'EMB_P', 'EMB_P', 'EMB_P', 'EMB_P', 'EMB_P', 'EMB_P', 'EMB_P', 'EMB_P', 'EMB_P', 'EMB_P', 'EMB_P', 'EMB_P', 'EMB_P', 'EMB_P', 'EMB_P', 'EMB_P']","['EMB_O', 'OPN_B', 'OPN_E', 'EMB_O', 'EMB_O', 'EMB_O', 'EMB_O', 'EMB_O', 'EMB_O', 'EMB_P', 'EMB_P', 'EMB_P', 'EMB_P', 'EMB_P', 'EMB_P', 'EMB_P', 'EMB_P', 'EMB_P', 'EMB_P', 'EMB_P', 'EMB_P', 'EMB_P', 'EMB_P', 'EMB_P', 'EMB_P', 'EMB_P', 'EMB_P', 'EMB_P', 'EMB_P', 'EMB_P', 'EMB_P', 'EMB_P', 'EMB_P', 'EMB_P', 'EMB_P', 'EMB_P', 'EMB_P', 'EMB_P', 'EMB_P', 'EMB_P', 'EMB_P', 'EMB_P', 'EMB_P', 'EMB_P', 'EMB_P', 'EMB_P', 'EMB_P', 'EMB_P', 'EMB_P', 'EMB_P', 'EMB_P', 'EMB_P', 'EMB_P', 'EMB_P', 'EMB_P', 'EMB_P', 'EMB_P', 'EMB_P', 'EMB_P', 'EMB_P', 'EMB_P', 'EMB_P', 'EMB_P', 'EMB_P', 'EMB_P', 'EMB_P', 'EMB_P', 'EMB_P', 'EMB_P', 'EMB_P', 'EMB_P', 'EMB_P', 'EMB_P', 'EMB_P', 'EMB_P', 'EMB_P', 'EMB_P', 'EMB_P', 'EMB_P', 'EMB_P', 'EMB_P', 'EMB_P', 'EMB_P', 'EMB_P', 'EMB_P', 'EMB_P', 'EMB_P', 'EMB_P', 'EMB_P', 'EMB_P', 'EMB_P', 'EMB_P', 'EMB_P', 'EMB_P', 'EMB_P', 'EMB_P', 'EMB_P', 'EMB_P', 'EMB_P', 'EMB_P', 'EMB_P', 'EMB_P', 'EMB_P', 'EMB_P', 'EMB_P', 'EMB_P', 'EMB_P', 'EMB_P', 'EMB_P', 'EMB_P', 'EMB_P', 'EMB_P', 'EMB_P', 'EMB_P', 'EMB_P', 'EMB_P', 'EMB_P', 'EMB_P', 'EMB_P', 'EMB_P', 'EMB_P', 'EMB_P', 'EMB_P', 'EMB_P', 'EMB_P', 'EMB_P', 'EMB_P', 'EMB_P']"
351,NULL,lighter,laptop_quad_dev_305,"it ' s lighter , good construction , chromebook works perfectly and downloaded 10 different apps i normally use for free .",6.5,6.33,"['EMB_O', 'EMB_O', 'EMB_O', 'EMB_O', 'EMB_O', 'EMB_O', 'EMB_O', 'EMB_O', 'EMB_O', 'EMB_O', 'EMB_O', 'EMB_O', 'EMB_O', 'EMB_O', 'EMB_O', 'EMB_O', 'EMB_O', 'EMB_O', 'EMB_O', 'EMB_O', 'EMB_O', 'EMB_O', 'EMB_O', 'EMB_O', 'EMB_O', 'EMB_O', 'EMB_O', 'EMB_O', 'EMB_O', 'EMB_O', 'EMB_P', 'EMB_P', 'EMB_P', 'EMB_P', 'EMB_P', 'EMB_P', 'EMB_P', 'EMB_P', 'EMB_P', 'EMB_P', 'EMB_P', 'EMB_P', 'EMB_P', 'EMB_P', 'EMB_P', 'EMB_P', 'EMB_P', 'EMB_P', 'EMB_P', 'EMB_P', 'EMB_P', 'EMB_P', 'EMB_P', 'EMB_P', 'EMB_P', 'EMB_P', 'EMB_P', 'EMB_P', 'EMB_P', 'EMB_P', 'EMB_P', 'EMB_P', 'EMB_P', 'EMB_P', 'EMB_P', 'EMB_P', 'EMB_P', 'EMB_P', 'EMB_P', 'EMB_P', 'EMB_P', 'EMB_P', 'EMB_P', 'EMB_P', 'EMB_P', 'EMB_P', 'EMB_P', 'EMB_P', 'EMB_P', 'EMB_P', 'EMB_P', 'EMB_P', 'EMB_P', 'EMB_P', 'EMB_P', 'EMB_P', 'EMB_P', 'EMB_P', 'EMB_P', 'EMB_P', 'EMB_P', 'EMB_P', 'EMB_P', 'EMB_P', 'EMB_P', 'EMB_P', 'EMB_P', 'EMB_P', 'EMB_P', 'EMB_P', 'EMB_P', 'EMB_P', 'EMB_P', 'EMB_P', 'EMB_P', 'EMB_P', 'EMB_P', 'EMB_P', 'EMB_P', 'EMB_P', 'EMB_P', 'EMB_P', 'EMB_P', 'EMB_P', 'EMB_P', 'EMB_P', 'EMB_P', 'EMB_P', 'EMB_P', 'EMB_P', 'EMB_P', 'EMB_P', 'EMB_P', 'EMB_P', 'EMB_P', 'EMB_P', 'EMB_P', 'EMB_P']","['EMB_O', 'EMB_O', 'EMB_O', 'EMB_O', 'OPN_B', 'OPN_E', 'EMB_O', 'EMB_O', 'EMB_O', 'EMB_O', 'EMB_O', 'EMB_O', 'EMB_O', 'EMB_O', 'EMB_O', 'EMB_O', 'EMB_O', 'EMB_O', 'EMB_O', 'EMB_O', 'EMB_O', 'EMB_O', 'EMB_O', 'EMB_O', 'EMB_O', 'EMB_O', 'EMB_O', 'EMB_O', 'EMB_O', 'EMB_O', 'EMB_P', 'EMB_P', 'EMB_P', 'EMB_P', 'EMB_P', 'EMB_P', 'EMB_P', 'EMB_P', 'EMB_P', 'EMB_P', 'EMB_P', 'EMB_P', 'EMB_P', 'EMB_P', 'EMB_P', 'EMB_P', 'EMB_P', 'EMB_P', 'EMB_P', 'EMB_P', 'EMB_P', 'EMB_P', 'EMB_P', 'EMB_P', 'EMB_P', 'EMB_P', 'EMB_P', 'EMB_P', 'EMB_P', 'EMB_P', 'EMB_P', 'EMB_P', 'EMB_P', 'EMB_P', 'EMB_P', 'EMB_P', 'EMB_P', 'EMB_P', 'EMB_P', 'EMB_P', 'EMB_P', 'EMB_P', 'EMB_P', 'EMB_P', 'EMB_P', 'EMB_P', 'EMB_P', 'EMB_P', 'EMB_P', 'EMB_P', 'EMB_P', 'EMB_P', 'EMB_P', 'EMB_P', 'EMB_P', 'EMB_P', 'EMB_P', 'EMB_P', 'EMB_P', 'EMB_P', 'EMB_P', 'EMB_P', 'EMB_P', 'EMB_P', 'EMB_P', 'EMB_P', 'EMB_P', 'EMB_P', 'EMB_P', 'EMB_P', 'EMB_P', 'EMB_P', 'EMB_P', 'EMB_P', 'EMB_P', 'EMB_P', 'EMB_P', 'EMB_P', 'EMB_P', 'EMB_P', 'EMB_P', 'EMB_P', 'EMB_P', 'EMB_P', 'EMB_P', 'EMB_P', 'EMB_P', 'EMB_P', 'EMB_P', 'EMB_P', 'EMB_P', 'EMB_P', 'EMB_P', 'EMB_P', 'EMB_P', 'EMB_P', 'EMB_P', 'EMB_P']"
352,construction,good,laptop_quad_dev_305,"it ' s lighter , good construction , chromebook works perfectly and downloaded 10 different apps i normally use for free .",6.5,6.5,"['EMB_O', 'EMB_O', 'EMB_O', 'EMB_O', 'EMB_O', 'EMB_O', 'EMB_O', 'EMB_O', 'ASP_S', 'EMB_O', 'EMB_O', 'EMB_O', 'EMB_O', 'EMB_O', 'EMB_O', 'EMB_O', 'EMB_O', 'EMB_O', 'EMB_O', 'EMB_O', 'EMB_O', 'EMB_O', 'EMB_O', 'EMB_O', 'EMB_O', 'EMB_O', 'EMB_O', 'EMB_O', 'EMB_O', 'EMB_O', 'EMB_P', 'EMB_P', 'EMB_P', 'EMB_P', 'EMB_P', 'EMB_P', 'EMB_P', 'EMB_P', 'EMB_P', 'EMB_P', 'EMB_P', 'EMB_P', 'EMB_P', 'EMB_P', 'EMB_P', 'EMB_P', 'EMB_P', 'EMB_P', 'EMB_P', 'EMB_P', 'EMB_P', 'EMB_P', 'EMB_P', 'EMB_P', 'EMB_P', 'EMB_P', 'EMB_P', 'EMB_P', 'EMB_P', 'EMB_P', 'EMB_P', 'EMB_P', 'EMB_P', 'EMB_P', 'EMB_P', 'EMB_P', 'EMB_P', 'EMB_P', 'EMB_P', 'EMB_P', 'EMB_P', 'EMB_P', 'EMB_P', 'EMB_P', 'EMB_P', 'EMB_P', 'EMB_P', 'EMB_P', 'EMB_P', 'EMB_P', 'EMB_P', 'EMB_P', 'EMB_P', 'EMB_P', 'EMB_P', 'EMB_P', 'EMB_P', 'EMB_P', 'EMB_P', 'EMB_P', 'EMB_P', 'EMB_P', 'EMB_P', 'EMB_P', 'EMB_P', 'EMB_P', 'EMB_P', 'EMB_P', 'EMB_P', 'EMB_P', 'EMB_P', 'EMB_P', 'EMB_P', 'EMB_P', 'EMB_P', 'EMB_P', 'EMB_P', 'EMB_P', 'EMB_P', 'EMB_P', 'EMB_P', 'EMB_P', 'EMB_P', 'EMB_P', 'EMB_P', 'EMB_P', 'EMB_P', 'EMB_P', 'EMB_P', 'EMB_P', 'EMB_P', 'EMB_P', 'EMB_P', 'EMB_P', 'EMB_P', 'EMB_P', 'EMB_P', 'EMB_P']","['EMB_O', 'EMB_O', 'EMB_O', 'EMB_O', 'EMB_O', 'EMB_O', 'EMB_O', 'OPN_S', 'EMB_O', 'EMB_O', 'EMB_O', 'EMB_O', 'EMB_O', 'EMB_O', 'EMB_O', 'EMB_O', 'EMB_O', 'EMB_O', 'EMB_O', 'EMB_O', 'EMB_O', 'EMB_O', 'EMB_O', 'EMB_O', 'EMB_O', 'EMB_O', 'EMB_O', 'EMB_O', 'EMB_O', 'EMB_O', 'EMB_P', 'EMB_P', 'EMB_P', 'EMB_P', 'EMB_P', 'EMB_P', 'EMB_P', 'EMB_P', 'EMB_P', 'EMB_P', 'EMB_P', 'EMB_P', 'EMB_P', 'EMB_P', 'EMB_P', 'EMB_P', 'EMB_P', 'EMB_P', 'EMB_P', 'EMB_P', 'EMB_P', 'EMB_P', 'EMB_P', 'EMB_P', 'EMB_P', 'EMB_P', 'EMB_P', 'EMB_P', 'EMB_P', 'EMB_P', 'EMB_P', 'EMB_P', 'EMB_P', 'EMB_P', 'EMB_P', 'EMB_P', 'EMB_P', 'EMB_P', 'EMB_P', 'EMB_P', 'EMB_P', 'EMB_P', 'EMB_P', 'EMB_P', 'EMB_P', 'EMB_P', 'EMB_P', 'EMB_P', 'EMB_P', 'EMB_P', 'EMB_P', 'EMB_P', 'EMB_P', 'EMB_P', 'EMB_P', 'EMB_P', 'EMB_P', 'EMB_P', 'EMB_P', 'EMB_P', 'EMB_P', 'EMB_P', 'EMB_P', 'EMB_P', 'EMB_P', 'EMB_P', 'EMB_P', 'EMB_P', 'EMB_P', 'EMB_P', 'EMB_P', 'EMB_P', 'EMB_P', 'EMB_P', 'EMB_P', 'EMB_P', 'EMB_P', 'EMB_P', 'EMB_P', 'EMB_P', 'EMB_P', 'EMB_P', 'EMB_P', 'EMB_P', 'EMB_P', 'EMB_P', 'EMB_P', 'EMB_P', 'EMB_P', 'EMB_P', 'EMB_P', 'EMB_P', 'EMB_P', 'EMB_P', 'EMB_P', 'EMB_P', 'EMB_P', 'EMB_P']"
353,chromebook,perfectly,laptop_quad_dev_305,"it ' s lighter , good construction , chromebook works perfectly and downloaded 10 different apps i normally use for free .",7.33,7.33,"['EMB_O', 'EMB_O', 'EMB_O', 'EMB_O', 'EMB_O', 'EMB_O', 'EMB_O', 'EMB_O', 'EMB_O', 'EMB_O', 'ASP_B', 'ASP_I', 'ASP_E', 'EMB_O', 'EMB_O', 'EMB_O', 'EMB_O', 'EMB_O', 'EMB_O', 'EMB_O', 'EMB_O', 'EMB_O', 'EMB_O', 'EMB_O', 'EMB_O', 'EMB_O', 'EMB_O', 'EMB_O', 'EMB_O', 'EMB_O', 'EMB_P', 'EMB_P', 'EMB_P', 'EMB_P', 'EMB_P', 'EMB_P', 'EMB_P', 'EMB_P', 'EMB_P', 'EMB_P', 'EMB_P', 'EMB_P', 'EMB_P', 'EMB_P', 'EMB_P', 'EMB_P', 'EMB_P', 'EMB_P', 'EMB_P', 'EMB_P', 'EMB_P', 'EMB_P', 'EMB_P', 'EMB_P', 'EMB_P', 'EMB_P', 'EMB_P', 'EMB_P', 'EMB_P', 'EMB_P', 'EMB_P', 'EMB_P', 'EMB_P', 'EMB_P', 'EMB_P', 'EMB_P', 'EMB_P', 'EMB_P', 'EMB_P', 'EMB_P', 'EMB_P', 'EMB_P', 'EMB_P', 'EMB_P', 'EMB_P', 'EMB_P', 'EMB_P', 'EMB_P', 'EMB_P', 'EMB_P', 'EMB_P', 'EMB_P', 'EMB_P', 'EMB_P', 'EMB_P', 'EMB_P', 'EMB_P', 'EMB_P', 'EMB_P', 'EMB_P', 'EMB_P', 'EMB_P', 'EMB_P', 'EMB_P', 'EMB_P', 'EMB_P', 'EMB_P', 'EMB_P', 'EMB_P', 'EMB_P', 'EMB_P', 'EMB_P', 'EMB_P', 'EMB_P', 'EMB_P', 'EMB_P', 'EMB_P', 'EMB_P', 'EMB_P', 'EMB_P', 'EMB_P', 'EMB_P', 'EMB_P', 'EMB_P', 'EMB_P', 'EMB_P', 'EMB_P', 'EMB_P', 'EMB_P', 'EMB_P', 'EMB_P', 'EMB_P', 'EMB_P', 'EMB_P', 'EMB_P', 'EMB_P', 'EMB_P', 'EMB_P']","['EMB_O', 'EMB_O', 'EMB_O', 'EMB_O', 'EMB_O', 'EMB_O', 'EMB_O', 'EMB_O', 'EMB_O', 'EMB_O', 'EMB_O', 'EMB_O', 'EMB_O', 'EMB_O', 'OPN_B', 'OPN_E', 'EMB_O', 'EMB_O', 'EMB_O', 'EMB_O', 'EMB_O', 'EMB_O', 'EMB_O', 'EMB_O', 'EMB_O', 'EMB_O', 'EMB_O', 'EMB_O', 'EMB_O', 'EMB_O', 'EMB_P', 'EMB_P', 'EMB_P', 'EMB_P', 'EMB_P', 'EMB_P', 'EMB_P', 'EMB_P', 'EMB_P', 'EMB_P', 'EMB_P', 'EMB_P', 'EMB_P', 'EMB_P', 'EMB_P', 'EMB_P', 'EMB_P', 'EMB_P', 'EMB_P', 'EMB_P', 'EMB_P', 'EMB_P', 'EMB_P', 'EMB_P', 'EMB_P', 'EMB_P', 'EMB_P', 'EMB_P', 'EMB_P', 'EMB_P', 'EMB_P', 'EMB_P', 'EMB_P', 'EMB_P', 'EMB_P', 'EMB_P', 'EMB_P', 'EMB_P', 'EMB_P', 'EMB_P', 'EMB_P', 'EMB_P', 'EMB_P', 'EMB_P', 'EMB_P', 'EMB_P', 'EMB_P', 'EMB_P', 'EMB_P', 'EMB_P', 'EMB_P', 'EMB_P', 'EMB_P', 'EMB_P', 'EMB_P', 'EMB_P', 'EMB_P', 'EMB_P', 'EMB_P', 'EMB_P', 'EMB_P', 'EMB_P', 'EMB_P', 'EMB_P', 'EMB_P', 'EMB_P', 'EMB_P', 'EMB_P', 'EMB_P', 'EMB_P', 'EMB_P', 'EMB_P', 'EMB_P', 'EMB_P', 'EMB_P', 'EMB_P', 'EMB_P', 'EMB_P', 'EMB_P', 'EMB_P', 'EMB_P', 'EMB_P', 'EMB_P', 'EMB_P', 'EMB_P', 'EMB_P', 'EMB_P', 'EMB_P', 'EMB_P', 'EMB_P', 'EMB_P', 'EMB_P', 'EMB_P', 'EMB_P', 'EMB_P', 'EMB_P', 'EMB_P', 'EMB_P']"
354,battery life,solid,laptop_quad_dev_306,battery life is also solid .,7.17,6.83,"['EMB_O', 'ASP_B', 'ASP_E', 'EMB_O', 'EMB_O', 'EMB_O', 'EMB_O', 'EMB_O', 'EMB_P', 'EMB_P', 'EMB_P', 'EMB_P', 'EMB_P', 'EMB_P', 'EMB_P', 'EMB_P', 'EMB_P', 'EMB_P', 'EMB_P', 'EMB_P', 'EMB_P', 'EMB_P', 'EMB_P', 'EMB_P', 'EMB_P', 'EMB_P', 'EMB_P', 'EMB_P', 'EMB_P', 'EMB_P', 'EMB_P', 'EMB_P', 'EMB_P', 'EMB_P', 'EMB_P', 'EMB_P', 'EMB_P', 'EMB_P', 'EMB_P', 'EMB_P', 'EMB_P', 'EMB_P', 'EMB_P', 'EMB_P', 'EMB_P', 'EMB_P', 'EMB_P', 'EMB_P', 'EMB_P', 'EMB_P', 'EMB_P', 'EMB_P', 'EMB_P', 'EMB_P', 'EMB_P', 'EMB_P', 'EMB_P', 'EMB_P', 'EMB_P', 'EMB_P', 'EMB_P', 'EMB_P', 'EMB_P', 'EMB_P', 'EMB_P', 'EMB_P', 'EMB_P', 'EMB_P', 'EMB_P', 'EMB_P', 'EMB_P', 'EMB_P', 'EMB_P', 'EMB_P', 'EMB_P', 'EMB_P', 'EMB_P', 'EMB_P', 'EMB_P', 'EMB_P', 'EMB_P', 'EMB_P', 'EMB_P', 'EMB_P', 'EMB_P', 'EMB_P', 'EMB_P', 'EMB_P', 'EMB_P', 'EMB_P', 'EMB_P', 'EMB_P', 'EMB_P', 'EMB_P', 'EMB_P', 'EMB_P', 'EMB_P', 'EMB_P', 'EMB_P', 'EMB_P', 'EMB_P', 'EMB_P', 'EMB_P', 'EMB_P', 'EMB_P', 'EMB_P', 'EMB_P', 'EMB_P', 'EMB_P', 'EMB_P', 'EMB_P', 'EMB_P', 'EMB_P', 'EMB_P', 'EMB_P', 'EMB_P', 'EMB_P', 'EMB_P', 'EMB_P', 'EMB_P', 'EMB_P', 'EMB_P', 'EMB_P', 'EMB_P', 'EMB_P', 'EMB_P', 'EMB_P', 'EMB_P']","['EMB_O', 'EMB_O', 'EMB_O', 'EMB_O', 'EMB_O', 'OPN_S', 'EMB_O', 'EMB_O', 'EMB_P', 'EMB_P', 'EMB_P', 'EMB_P', 'EMB_P', 'EMB_P', 'EMB_P', 'EMB_P', 'EMB_P', 'EMB_P', 'EMB_P', 'EMB_P', 'EMB_P', 'EMB_P', 'EMB_P', 'EMB_P', 'EMB_P', 'EMB_P', 'EMB_P', 'EMB_P', 'EMB_P', 'EMB_P', 'EMB_P', 'EMB_P', 'EMB_P', 'EMB_P', 'EMB_P', 'EMB_P', 'EMB_P', 'EMB_P', 'EMB_P', 'EMB_P', 'EMB_P', 'EMB_P', 'EMB_P', 'EMB_P', 'EMB_P', 'EMB_P', 'EMB_P', 'EMB_P', 'EMB_P', 'EMB_P', 'EMB_P', 'EMB_P', 'EMB_P', 'EMB_P', 'EMB_P', 'EMB_P', 'EMB_P', 'EMB_P', 'EMB_P', 'EMB_P', 'EMB_P', 'EMB_P', 'EMB_P', 'EMB_P', 'EMB_P', 'EMB_P', 'EMB_P', 'EMB_P', 'EMB_P', 'EMB_P', 'EMB_P', 'EMB_P', 'EMB_P', 'EMB_P', 'EMB_P', 'EMB_P', 'EMB_P', 'EMB_P', 'EMB_P', 'EMB_P', 'EMB_P', 'EMB_P', 'EMB_P', 'EMB_P', 'EMB_P', 'EMB_P', 'EMB_P', 'EMB_P', 'EMB_P', 'EMB_P', 'EMB_P', 'EMB_P', 'EMB_P', 'EMB_P', 'EMB_P', 'EMB_P', 'EMB_P', 'EMB_P', 'EMB_P', 'EMB_P', 'EMB_P', 'EMB_P', 'EMB_P', 'EMB_P', 'EMB_P', 'EMB_P', 'EMB_P', 'EMB_P', 'EMB_P', 'EMB_P', 'EMB_P', 'EMB_P', 'EMB_P', 'EMB_P', 'EMB_P', 'EMB_P', 'EMB_P', 'EMB_P', 'EMB_P', 'EMB_P', 'EMB_P', 'EMB_P', 'EMB_P', 'EMB_P', 'EMB_P', 'EMB_P', 'EMB_P', 'EMB_P']"
355,construction,great,laptop_quad_dev_307,construction looks and feels great .,7.33,7.17,"['EMB_O', 'ASP_S', 'EMB_O', 'EMB_O', 'EMB_O', 'EMB_O', 'EMB_O', 'EMB_O', 'EMB_P', 'EMB_P', 'EMB_P', 'EMB_P', 'EMB_P', 'EMB_P', 'EMB_P', 'EMB_P', 'EMB_P', 'EMB_P', 'EMB_P', 'EMB_P', 'EMB_P', 'EMB_P', 'EMB_P', 'EMB_P', 'EMB_P', 'EMB_P', 'EMB_P', 'EMB_P', 'EMB_P', 'EMB_P', 'EMB_P', 'EMB_P', 'EMB_P', 'EMB_P', 'EMB_P', 'EMB_P', 'EMB_P', 'EMB_P', 'EMB_P', 'EMB_P', 'EMB_P', 'EMB_P', 'EMB_P', 'EMB_P', 'EMB_P', 'EMB_P', 'EMB_P', 'EMB_P', 'EMB_P', 'EMB_P', 'EMB_P', 'EMB_P', 'EMB_P', 'EMB_P', 'EMB_P', 'EMB_P', 'EMB_P', 'EMB_P', 'EMB_P', 'EMB_P', 'EMB_P', 'EMB_P', 'EMB_P', 'EMB_P', 'EMB_P', 'EMB_P', 'EMB_P', 'EMB_P', 'EMB_P', 'EMB_P', 'EMB_P', 'EMB_P', 'EMB_P', 'EMB_P', 'EMB_P', 'EMB_P', 'EMB_P', 'EMB_P', 'EMB_P', 'EMB_P', 'EMB_P', 'EMB_P', 'EMB_P', 'EMB_P', 'EMB_P', 'EMB_P', 'EMB_P', 'EMB_P', 'EMB_P', 'EMB_P', 'EMB_P', 'EMB_P', 'EMB_P', 'EMB_P', 'EMB_P', 'EMB_P', 'EMB_P', 'EMB_P', 'EMB_P', 'EMB_P', 'EMB_P', 'EMB_P', 'EMB_P', 'EMB_P', 'EMB_P', 'EMB_P', 'EMB_P', 'EMB_P', 'EMB_P', 'EMB_P', 'EMB_P', 'EMB_P', 'EMB_P', 'EMB_P', 'EMB_P', 'EMB_P', 'EMB_P', 'EMB_P', 'EMB_P', 'EMB_P', 'EMB_P', 'EMB_P', 'EMB_P', 'EMB_P', 'EMB_P', 'EMB_P', 'EMB_P', 'EMB_P']","['EMB_O', 'EMB_O', 'EMB_O', 'EMB_O', 'EMB_O', 'OPN_S', 'EMB_O', 'EMB_O', 'EMB_P', 'EMB_P', 'EMB_P', 'EMB_P', 'EMB_P', 'EMB_P', 'EMB_P', 'EMB_P', 'EMB_P', 'EMB_P', 'EMB_P', 'EMB_P', 'EMB_P', 'EMB_P', 'EMB_P', 'EMB_P', 'EMB_P', 'EMB_P', 'EMB_P', 'EMB_P', 'EMB_P', 'EMB_P', 'EMB_P', 'EMB_P', 'EMB_P', 'EMB_P', 'EMB_P', 'EMB_P', 'EMB_P', 'EMB_P', 'EMB_P', 'EMB_P', 'EMB_P', 'EMB_P', 'EMB_P', 'EMB_P', 'EMB_P', 'EMB_P', 'EMB_P', 'EMB_P', 'EMB_P', 'EMB_P', 'EMB_P', 'EMB_P', 'EMB_P', 'EMB_P', 'EMB_P', 'EMB_P', 'EMB_P', 'EMB_P', 'EMB_P', 'EMB_P', 'EMB_P', 'EMB_P', 'EMB_P', 'EMB_P', 'EMB_P', 'EMB_P', 'EMB_P', 'EMB_P', 'EMB_P', 'EMB_P', 'EMB_P', 'EMB_P', 'EMB_P', 'EMB_P', 'EMB_P', 'EMB_P', 'EMB_P', 'EMB_P', 'EMB_P', 'EMB_P', 'EMB_P', 'EMB_P', 'EMB_P', 'EMB_P', 'EMB_P', 'EMB_P', 'EMB_P', 'EMB_P', 'EMB_P', 'EMB_P', 'EMB_P', 'EMB_P', 'EMB_P', 'EMB_P', 'EMB_P', 'EMB_P', 'EMB_P', 'EMB_P', 'EMB_P', 'EMB_P', 'EMB_P', 'EMB_P', 'EMB_P', 'EMB_P', 'EMB_P', 'EMB_P', 'EMB_P', 'EMB_P', 'EMB_P', 'EMB_P', 'EMB_P', 'EMB_P', 'EMB_P', 'EMB_P', 'EMB_P', 'EMB_P', 'EMB_P', 'EMB_P', 'EMB_P', 'EMB_P', 'EMB_P', 'EMB_P', 'EMB_P', 'EMB_P', 'EMB_P', 'EMB_P', 'EMB_P', 'EMB_P']"
356,track pad,least favorite,laptop_quad_dev_308,on the other hand my least favorite feature is the track pad .,3.5,5.33,"['EMB_O', 'EMB_O', 'EMB_O', 'EMB_O', 'EMB_O', 'EMB_O', 'EMB_O', 'EMB_O', 'EMB_O', 'EMB_O', 'EMB_O', 'ASP_B', 'ASP_E', 'EMB_O', 'EMB_O', 'EMB_P', 'EMB_P', 'EMB_P', 'EMB_P', 'EMB_P', 'EMB_P', 'EMB_P', 'EMB_P', 'EMB_P', 'EMB_P', 'EMB_P', 'EMB_P', 'EMB_P', 'EMB_P', 'EMB_P', 'EMB_P', 'EMB_P', 'EMB_P', 'EMB_P', 'EMB_P', 'EMB_P', 'EMB_P', 'EMB_P', 'EMB_P', 'EMB_P', 'EMB_P', 'EMB_P', 'EMB_P', 'EMB_P', 'EMB_P', 'EMB_P', 'EMB_P', 'EMB_P', 'EMB_P', 'EMB_P', 'EMB_P', 'EMB_P', 'EMB_P', 'EMB_P', 'EMB_P', 'EMB_P', 'EMB_P', 'EMB_P', 'EMB_P', 'EMB_P', 'EMB_P', 'EMB_P', 'EMB_P', 'EMB_P', 'EMB_P', 'EMB_P', 'EMB_P', 'EMB_P', 'EMB_P', 'EMB_P', 'EMB_P', 'EMB_P', 'EMB_P', 'EMB_P', 'EMB_P', 'EMB_P', 'EMB_P', 'EMB_P', 'EMB_P', 'EMB_P', 'EMB_P', 'EMB_P', 'EMB_P', 'EMB_P', 'EMB_P', 'EMB_P', 'EMB_P', 'EMB_P', 'EMB_P', 'EMB_P', 'EMB_P', 'EMB_P', 'EMB_P', 'EMB_P', 'EMB_P', 'EMB_P', 'EMB_P', 'EMB_P', 'EMB_P', 'EMB_P', 'EMB_P', 'EMB_P', 'EMB_P', 'EMB_P', 'EMB_P', 'EMB_P', 'EMB_P', 'EMB_P', 'EMB_P', 'EMB_P', 'EMB_P', 'EMB_P', 'EMB_P', 'EMB_P', 'EMB_P', 'EMB_P', 'EMB_P', 'EMB_P', 'EMB_P', 'EMB_P', 'EMB_P', 'EMB_P', 'EMB_P', 'EMB_P', 'EMB_P', 'EMB_P', 'EMB_P', 'EMB_P']","['EMB_O', 'EMB_O', 'EMB_O', 'EMB_O', 'EMB_O', 'EMB_O', 'OPN_B', 'OPN_E', 'EMB_O', 'EMB_O', 'EMB_O', 'EMB_O', 'EMB_O', 'EMB_O', 'EMB_O', 'EMB_P', 'EMB_P', 'EMB_P', 'EMB_P', 'EMB_P', 'EMB_P', 'EMB_P', 'EMB_P', 'EMB_P', 'EMB_P', 'EMB_P', 'EMB_P', 'EMB_P', 'EMB_P', 'EMB_P', 'EMB_P', 'EMB_P', 'EMB_P', 'EMB_P', 'EMB_P', 'EMB_P', 'EMB_P', 'EMB_P', 'EMB_P', 'EMB_P', 'EMB_P', 'EMB_P', 'EMB_P', 'EMB_P', 'EMB_P', 'EMB_P', 'EMB_P', 'EMB_P', 'EMB_P', 'EMB_P', 'EMB_P', 'EMB_P', 'EMB_P', 'EMB_P', 'EMB_P', 'EMB_P', 'EMB_P', 'EMB_P', 'EMB_P', 'EMB_P', 'EMB_P', 'EMB_P', 'EMB_P', 'EMB_P', 'EMB_P', 'EMB_P', 'EMB_P', 'EMB_P', 'EMB_P', 'EMB_P', 'EMB_P', 'EMB_P', 'EMB_P', 'EMB_P', 'EMB_P', 'EMB_P', 'EMB_P', 'EMB_P', 'EMB_P', 'EMB_P', 'EMB_P', 'EMB_P', 'EMB_P', 'EMB_P', 'EMB_P', 'EMB_P', 'EMB_P', 'EMB_P', 'EMB_P', 'EMB_P', 'EMB_P', 'EMB_P', 'EMB_P', 'EMB_P', 'EMB_P', 'EMB_P', 'EMB_P', 'EMB_P', 'EMB_P', 'EMB_P', 'EMB_P', 'EMB_P', 'EMB_P', 'EMB_P', 'EMB_P', 'EMB_P', 'EMB_P', 'EMB_P', 'EMB_P', 'EMB_P', 'EMB_P', 'EMB_P', 'EMB_P', 'EMB_P', 'EMB_P', 'EMB_P', 'EMB_P', 'EMB_P', 'EMB_P', 'EMB_P', 'EMB_P', 'EMB_P', 'EMB_P', 'EMB_P', 'EMB_P', 'EMB_P', 'EMB_P', 'EMB_P']"
357,screen,nice,laptop_quad_dev_309,nice screen .,6.7,6.8,"['EMB_O', 'EMB_O', 'EMB_O', 'ASP_S', 'EMB_O', 'EMB_O', 'EMB_P', 'EMB_P', 'EMB_P', 'EMB_P', 'EMB_P', 'EMB_P', 'EMB_P', 'EMB_P', 'EMB_P', 'EMB_P', 'EMB_P', 'EMB_P', 'EMB_P', 'EMB_P', 'EMB_P', 'EMB_P', 'EMB_P', 'EMB_P', 'EMB_P', 'EMB_P', 'EMB_P', 'EMB_P', 'EMB_P', 'EMB_P', 'EMB_P', 'EMB_P', 'EMB_P', 'EMB_P', 'EMB_P', 'EMB_P', 'EMB_P', 'EMB_P', 'EMB_P', 'EMB_P', 'EMB_P', 'EMB_P', 'EMB_P', 'EMB_P', 'EMB_P', 'EMB_P', 'EMB_P', 'EMB_P', 'EMB_P', 'EMB_P', 'EMB_P', 'EMB_P', 'EMB_P', 'EMB_P', 'EMB_P', 'EMB_P', 'EMB_P', 'EMB_P', 'EMB_P', 'EMB_P', 'EMB_P', 'EMB_P', 'EMB_P', 'EMB_P', 'EMB_P', 'EMB_P', 'EMB_P', 'EMB_P', 'EMB_P', 'EMB_P', 'EMB_P', 'EMB_P', 'EMB_P', 'EMB_P', 'EMB_P', 'EMB_P', 'EMB_P', 'EMB_P', 'EMB_P', 'EMB_P', 'EMB_P', 'EMB_P', 'EMB_P', 'EMB_P', 'EMB_P', 'EMB_P', 'EMB_P', 'EMB_P', 'EMB_P', 'EMB_P', 'EMB_P', 'EMB_P', 'EMB_P', 'EMB_P', 'EMB_P', 'EMB_P', 'EMB_P', 'EMB_P', 'EMB_P', 'EMB_P', 'EMB_P', 'EMB_P', 'EMB_P', 'EMB_P', 'EMB_P', 'EMB_P', 'EMB_P', 'EMB_P', 'EMB_P', 'EMB_P', 'EMB_P', 'EMB_P', 'EMB_P', 'EMB_P', 'EMB_P', 'EMB_P', 'EMB_P', 'EMB_P', 'EMB_P', 'EMB_P', 'EMB_P', 'EMB_P', 'EMB_P', 'EMB_P', 'EMB_P', 'EMB_P', 'EMB_P', 'EMB_P']","['EMB_O', 'OPN_B', 'OPN_E', 'EMB_O', 'EMB_O', 'EMB_O', 'EMB_P', 'EMB_P', 'EMB_P', 'EMB_P', 'EMB_P', 'EMB_P', 'EMB_P', 'EMB_P', 'EMB_P', 'EMB_P', 'EMB_P', 'EMB_P', 'EMB_P', 'EMB_P', 'EMB_P', 'EMB_P', 'EMB_P', 'EMB_P', 'EMB_P', 'EMB_P', 'EMB_P', 'EMB_P', 'EMB_P', 'EMB_P', 'EMB_P', 'EMB_P', 'EMB_P', 'EMB_P', 'EMB_P', 'EMB_P', 'EMB_P', 'EMB_P', 'EMB_P', 'EMB_P', 'EMB_P', 'EMB_P', 'EMB_P', 'EMB_P', 'EMB_P', 'EMB_P', 'EMB_P', 'EMB_P', 'EMB_P', 'EMB_P', 'EMB_P', 'EMB_P', 'EMB_P', 'EMB_P', 'EMB_P', 'EMB_P', 'EMB_P', 'EMB_P', 'EMB_P', 'EMB_P', 'EMB_P', 'EMB_P', 'EMB_P', 'EMB_P', 'EMB_P', 'EMB_P', 'EMB_P', 'EMB_P', 'EMB_P', 'EMB_P', 'EMB_P', 'EMB_P', 'EMB_P', 'EMB_P', 'EMB_P', 'EMB_P', 'EMB_P', 'EMB_P', 'EMB_P', 'EMB_P', 'EMB_P', 'EMB_P', 'EMB_P', 'EMB_P', 'EMB_P', 'EMB_P', 'EMB_P', 'EMB_P', 'EMB_P', 'EMB_P', 'EMB_P', 'EMB_P', 'EMB_P', 'EMB_P', 'EMB_P', 'EMB_P', 'EMB_P', 'EMB_P', 'EMB_P', 'EMB_P', 'EMB_P', 'EMB_P', 'EMB_P', 'EMB_P', 'EMB_P', 'EMB_P', 'EMB_P', 'EMB_P', 'EMB_P', 'EMB_P', 'EMB_P', 'EMB_P', 'EMB_P', 'EMB_P', 'EMB_P', 'EMB_P', 'EMB_P', 'EMB_P', 'EMB_P', 'EMB_P', 'EMB_P', 'EMB_P', 'EMB_P', 'EMB_P', 'EMB_P', 'EMB_P', 'EMB_P', 'EMB_P']"
358,chromebook,love,laptop_quad_dev_310,"i am a mac person in every other way , but i love this chromebook !",7.88,8.12,"['EMB_O', 'EMB_O', 'EMB_O', 'EMB_O', 'EMB_O', 'EMB_O', 'EMB_O', 'EMB_O', 'EMB_O', 'EMB_O', 'EMB_O', 'EMB_O', 'EMB_O', 'EMB_O', 'EMB_O', 'ASP_B', 'ASP_I', 'ASP_E', 'EMB_O', 'EMB_O', 'EMB_P', 'EMB_P', 'EMB_P', 'EMB_P', 'EMB_P', 'EMB_P', 'EMB_P', 'EMB_P', 'EMB_P', 'EMB_P', 'EMB_P', 'EMB_P', 'EMB_P', 'EMB_P', 'EMB_P', 'EMB_P', 'EMB_P', 'EMB_P', 'EMB_P', 'EMB_P', 'EMB_P', 'EMB_P', 'EMB_P', 'EMB_P', 'EMB_P', 'EMB_P', 'EMB_P', 'EMB_P', 'EMB_P', 'EMB_P', 'EMB_P', 'EMB_P', 'EMB_P', 'EMB_P', 'EMB_P', 'EMB_P', 'EMB_P', 'EMB_P', 'EMB_P', 'EMB_P', 'EMB_P', 'EMB_P', 'EMB_P', 'EMB_P', 'EMB_P', 'EMB_P', 'EMB_P', 'EMB_P', 'EMB_P', 'EMB_P', 'EMB_P', 'EMB_P', 'EMB_P', 'EMB_P', 'EMB_P', 'EMB_P', 'EMB_P', 'EMB_P', 'EMB_P', 'EMB_P', 'EMB_P', 'EMB_P', 'EMB_P', 'EMB_P', 'EMB_P', 'EMB_P', 'EMB_P', 'EMB_P', 'EMB_P', 'EMB_P', 'EMB_P', 'EMB_P', 'EMB_P', 'EMB_P', 'EMB_P', 'EMB_P', 'EMB_P', 'EMB_P', 'EMB_P', 'EMB_P', 'EMB_P', 'EMB_P', 'EMB_P', 'EMB_P', 'EMB_P', 'EMB_P', 'EMB_P', 'EMB_P', 'EMB_P', 'EMB_P', 'EMB_P', 'EMB_P', 'EMB_P', 'EMB_P', 'EMB_P', 'EMB_P', 'EMB_P', 'EMB_P', 'EMB_P', 'EMB_P', 'EMB_P', 'EMB_P', 'EMB_P', 'EMB_P', 'EMB_P', 'EMB_P', 'EMB_P', 'EMB_P']","['EMB_O', 'EMB_O', 'EMB_O', 'EMB_O', 'EMB_O', 'EMB_O', 'EMB_O', 'EMB_O', 'EMB_O', 'EMB_O', 'EMB_O', 'EMB_O', 'EMB_O', 'OPN_S', 'EMB_O', 'EMB_O', 'EMB_O', 'EMB_O', 'EMB_O', 'EMB_O', 'EMB_P', 'EMB_P', 'EMB_P', 'EMB_P', 'EMB_P', 'EMB_P', 'EMB_P', 'EMB_P', 'EMB_P', 'EMB_P', 'EMB_P', 'EMB_P', 'EMB_P', 'EMB_P', 'EMB_P', 'EMB_P', 'EMB_P', 'EMB_P', 'EMB_P', 'EMB_P', 'EMB_P', 'EMB_P', 'EMB_P', 'EMB_P', 'EMB_P', 'EMB_P', 'EMB_P', 'EMB_P', 'EMB_P', 'EMB_P', 'EMB_P', 'EMB_P', 'EMB_P', 'EMB_P', 'EMB_P', 'EMB_P', 'EMB_P', 'EMB_P', 'EMB_P', 'EMB_P', 'EMB_P', 'EMB_P', 'EMB_P', 'EMB_P', 'EMB_P', 'EMB_P', 'EMB_P', 'EMB_P', 'EMB_P', 'EMB_P', 'EMB_P', 'EMB_P', 'EMB_P', 'EMB_P', 'EMB_P', 'EMB_P', 'EMB_P', 'EMB_P', 'EMB_P', 'EMB_P', 'EMB_P', 'EMB_P', 'EMB_P', 'EMB_P', 'EMB_P', 'EMB_P', 'EMB_P', 'EMB_P', 'EMB_P', 'EMB_P', 'EMB_P', 'EMB_P', 'EMB_P', 'EMB_P', 'EMB_P', 'EMB_P', 'EMB_P', 'EMB_P', 'EMB_P', 'EMB_P', 'EMB_P', 'EMB_P', 'EMB_P', 'EMB_P', 'EMB_P', 'EMB_P', 'EMB_P', 'EMB_P', 'EMB_P', 'EMB_P', 'EMB_P', 'EMB_P', 'EMB_P', 'EMB_P', 'EMB_P', 'EMB_P', 'EMB_P', 'EMB_P', 'EMB_P', 'EMB_P', 'EMB_P', 'EMB_P', 'EMB_P', 'EMB_P', 'EMB_P', 'EMB_P', 'EMB_P', 'EMB_P']"
359,set up,easy,laptop_quad_dev_311,"easy set up , nice picture , responsive mouse pad , very lightweight , etc .",6.62,6.5,"['EMB_O', 'EMB_O', 'ASP_B', 'ASP_E', 'EMB_O', 'EMB_O', 'EMB_O', 'EMB_O', 'EMB_O', 'EMB_O', 'EMB_O', 'EMB_O', 'EMB_O', 'EMB_O', 'EMB_O', 'EMB_O', 'EMB_O', 'EMB_O', 'EMB_O', 'EMB_O', 'EMB_O', 'EMB_O', 'EMB_P', 'EMB_P', 'EMB_P', 'EMB_P', 'EMB_P', 'EMB_P', 'EMB_P', 'EMB_P', 'EMB_P', 'EMB_P', 'EMB_P', 'EMB_P', 'EMB_P', 'EMB_P', 'EMB_P', 'EMB_P', 'EMB_P', 'EMB_P', 'EMB_P', 'EMB_P', 'EMB_P', 'EMB_P', 'EMB_P', 'EMB_P', 'EMB_P', 'EMB_P', 'EMB_P', 'EMB_P', 'EMB_P', 'EMB_P', 'EMB_P', 'EMB_P', 'EMB_P', 'EMB_P', 'EMB_P', 'EMB_P', 'EMB_P', 'EMB_P', 'EMB_P', 'EMB_P', 'EMB_P', 'EMB_P', 'EMB_P', 'EMB_P', 'EMB_P', 'EMB_P', 'EMB_P', 'EMB_P', 'EMB_P', 'EMB_P', 'EMB_P', 'EMB_P', 'EMB_P', 'EMB_P', 'EMB_P', 'EMB_P', 'EMB_P', 'EMB_P', 'EMB_P', 'EMB_P', 'EMB_P', 'EMB_P', 'EMB_P', 'EMB_P', 'EMB_P', 'EMB_P', 'EMB_P', 'EMB_P', 'EMB_P', 'EMB_P', 'EMB_P', 'EMB_P', 'EMB_P', 'EMB_P', 'EMB_P', 'EMB_P', 'EMB_P', 'EMB_P', 'EMB_P', 'EMB_P', 'EMB_P', 'EMB_P', 'EMB_P', 'EMB_P', 'EMB_P', 'EMB_P', 'EMB_P', 'EMB_P', 'EMB_P', 'EMB_P', 'EMB_P', 'EMB_P', 'EMB_P', 'EMB_P', 'EMB_P', 'EMB_P', 'EMB_P', 'EMB_P', 'EMB_P', 'EMB_P', 'EMB_P', 'EMB_P', 'EMB_P', 'EMB_P', 'EMB_P', 'EMB_P']","['EMB_O', 'OPN_S', 'EMB_O', 'EMB_O', 'EMB_O', 'EMB_O', 'EMB_O', 'EMB_O', 'EMB_O', 'EMB_O', 'EMB_O', 'EMB_O', 'EMB_O', 'EMB_O', 'EMB_O', 'EMB_O', 'EMB_O', 'EMB_O', 'EMB_O', 'EMB_O', 'EMB_O', 'EMB_O', 'EMB_P', 'EMB_P', 'EMB_P', 'EMB_P', 'EMB_P', 'EMB_P', 'EMB_P', 'EMB_P', 'EMB_P', 'EMB_P', 'EMB_P', 'EMB_P', 'EMB_P', 'EMB_P', 'EMB_P', 'EMB_P', 'EMB_P', 'EMB_P', 'EMB_P', 'EMB_P', 'EMB_P', 'EMB_P', 'EMB_P', 'EMB_P', 'EMB_P', 'EMB_P', 'EMB_P', 'EMB_P', 'EMB_P', 'EMB_P', 'EMB_P', 'EMB_P', 'EMB_P', 'EMB_P', 'EMB_P', 'EMB_P', 'EMB_P', 'EMB_P', 'EMB_P', 'EMB_P', 'EMB_P', 'EMB_P', 'EMB_P', 'EMB_P', 'EMB_P', 'EMB_P', 'EMB_P', 'EMB_P', 'EMB_P', 'EMB_P', 'EMB_P', 'EMB_P', 'EMB_P', 'EMB_P', 'EMB_P', 'EMB_P', 'EMB_P', 'EMB_P', 'EMB_P', 'EMB_P', 'EMB_P', 'EMB_P', 'EMB_P', 'EMB_P', 'EMB_P', 'EMB_P', 'EMB_P', 'EMB_P', 'EMB_P', 'EMB_P', 'EMB_P', 'EMB_P', 'EMB_P', 'EMB_P', 'EMB_P', 'EMB_P', 'EMB_P', 'EMB_P', 'EMB_P', 'EMB_P', 'EMB_P', 'EMB_P', 'EMB_P', 'EMB_P', 'EMB_P', 'EMB_P', 'EMB_P', 'EMB_P', 'EMB_P', 'EMB_P', 'EMB_P', 'EMB_P', 'EMB_P', 'EMB_P', 'EMB_P', 'EMB_P', 'EMB_P', 'EMB_P', 'EMB_P', 'EMB_P', 'EMB_P', 'EMB_P', 'EMB_P', 'EMB_P', 'EMB_P', 'EMB_P']"
360,mouse pad,responsive,laptop_quad_dev_311,"easy set up , nice picture , responsive mouse pad , very lightweight , etc .",7.12,7.0,"['EMB_O', 'EMB_O', 'EMB_O', 'EMB_O', 'EMB_O', 'EMB_O', 'EMB_O', 'EMB_O', 'EMB_O', 'EMB_O', 'EMB_O', 'EMB_O', 'ASP_B', 'ASP_E', 'EMB_O', 'EMB_O', 'EMB_O', 'EMB_O', 'EMB_O', 'EMB_O', 'EMB_O', 'EMB_O', 'EMB_P', 'EMB_P', 'EMB_P', 'EMB_P', 'EMB_P', 'EMB_P', 'EMB_P', 'EMB_P', 'EMB_P', 'EMB_P', 'EMB_P', 'EMB_P', 'EMB_P', 'EMB_P', 'EMB_P', 'EMB_P', 'EMB_P', 'EMB_P', 'EMB_P', 'EMB_P', 'EMB_P', 'EMB_P', 'EMB_P', 'EMB_P', 'EMB_P', 'EMB_P', 'EMB_P', 'EMB_P', 'EMB_P', 'EMB_P', 'EMB_P', 'EMB_P', 'EMB_P', 'EMB_P', 'EMB_P', 'EMB_P', 'EMB_P', 'EMB_P', 'EMB_P', 'EMB_P', 'EMB_P', 'EMB_P', 'EMB_P', 'EMB_P', 'EMB_P', 'EMB_P', 'EMB_P', 'EMB_P', 'EMB_P', 'EMB_P', 'EMB_P', 'EMB_P', 'EMB_P', 'EMB_P', 'EMB_P', 'EMB_P', 'EMB_P', 'EMB_P', 'EMB_P', 'EMB_P', 'EMB_P', 'EMB_P', 'EMB_P', 'EMB_P', 'EMB_P', 'EMB_P', 'EMB_P', 'EMB_P', 'EMB_P', 'EMB_P', 'EMB_P', 'EMB_P', 'EMB_P', 'EMB_P', 'EMB_P', 'EMB_P', 'EMB_P', 'EMB_P', 'EMB_P', 'EMB_P', 'EMB_P', 'EMB_P', 'EMB_P', 'EMB_P', 'EMB_P', 'EMB_P', 'EMB_P', 'EMB_P', 'EMB_P', 'EMB_P', 'EMB_P', 'EMB_P', 'EMB_P', 'EMB_P', 'EMB_P', 'EMB_P', 'EMB_P', 'EMB_P', 'EMB_P', 'EMB_P', 'EMB_P', 'EMB_P', 'EMB_P', 'EMB_P', 'EMB_P', 'EMB_P']","['EMB_O', 'EMB_O', 'EMB_O', 'EMB_O', 'EMB_O', 'EMB_O', 'EMB_O', 'EMB_O', 'EMB_O', 'OPN_B', 'OPN_I', 'OPN_E', 'EMB_O', 'EMB_O', 'EMB_O', 'EMB_O', 'EMB_O', 'EMB_O', 'EMB_O', 'EMB_O', 'EMB_O', 'EMB_O', 'EMB_P', 'EMB_P', 'EMB_P', 'EMB_P', 'EMB_P', 'EMB_P', 'EMB_P', 'EMB_P', 'EMB_P', 'EMB_P', 'EMB_P', 'EMB_P', 'EMB_P', 'EMB_P', 'EMB_P', 'EMB_P', 'EMB_P', 'EMB_P', 'EMB_P', 'EMB_P', 'EMB_P', 'EMB_P', 'EMB_P', 'EMB_P', 'EMB_P', 'EMB_P', 'EMB_P', 'EMB_P', 'EMB_P', 'EMB_P', 'EMB_P', 'EMB_P', 'EMB_P', 'EMB_P', 'EMB_P', 'EMB_P', 'EMB_P', 'EMB_P', 'EMB_P', 'EMB_P', 'EMB_P', 'EMB_P', 'EMB_P', 'EMB_P', 'EMB_P', 'EMB_P', 'EMB_P', 'EMB_P', 'EMB_P', 'EMB_P', 'EMB_P', 'EMB_P', 'EMB_P', 'EMB_P', 'EMB_P', 'EMB_P', 'EMB_P', 'EMB_P', 'EMB_P', 'EMB_P', 'EMB_P', 'EMB_P', 'EMB_P', 'EMB_P', 'EMB_P', 'EMB_P', 'EMB_P', 'EMB_P', 'EMB_P', 'EMB_P', 'EMB_P', 'EMB_P', 'EMB_P', 'EMB_P', 'EMB_P', 'EMB_P', 'EMB_P', 'EMB_P', 'EMB_P', 'EMB_P', 'EMB_P', 'EMB_P', 'EMB_P', 'EMB_P', 'EMB_P', 'EMB_P', 'EMB_P', 'EMB_P', 'EMB_P', 'EMB_P', 'EMB_P', 'EMB_P', 'EMB_P', 'EMB_P', 'EMB_P', 'EMB_P', 'EMB_P', 'EMB_P', 'EMB_P', 'EMB_P', 'EMB_P', 'EMB_P', 'EMB_P', 'EMB_P', 'EMB_P', 'EMB_P']"
361,NULL,very lightweight,laptop_quad_dev_311,"easy set up , nice picture , responsive mouse pad , very lightweight , etc .",6.88,6.75,"['EMB_O', 'EMB_O', 'EMB_O', 'EMB_O', 'EMB_O', 'EMB_O', 'EMB_O', 'EMB_O', 'EMB_O', 'EMB_O', 'EMB_O', 'EMB_O', 'EMB_O', 'EMB_O', 'EMB_O', 'EMB_O', 'EMB_O', 'EMB_O', 'EMB_O', 'EMB_O', 'EMB_O', 'EMB_O', 'EMB_P', 'EMB_P', 'EMB_P', 'EMB_P', 'EMB_P', 'EMB_P', 'EMB_P', 'EMB_P', 'EMB_P', 'EMB_P', 'EMB_P', 'EMB_P', 'EMB_P', 'EMB_P', 'EMB_P', 'EMB_P', 'EMB_P', 'EMB_P', 'EMB_P', 'EMB_P', 'EMB_P', 'EMB_P', 'EMB_P', 'EMB_P', 'EMB_P', 'EMB_P', 'EMB_P', 'EMB_P', 'EMB_P', 'EMB_P', 'EMB_P', 'EMB_P', 'EMB_P', 'EMB_P', 'EMB_P', 'EMB_P', 'EMB_P', 'EMB_P', 'EMB_P', 'EMB_P', 'EMB_P', 'EMB_P', 'EMB_P', 'EMB_P', 'EMB_P', 'EMB_P', 'EMB_P', 'EMB_P', 'EMB_P', 'EMB_P', 'EMB_P', 'EMB_P', 'EMB_P', 'EMB_P', 'EMB_P', 'EMB_P', 'EMB_P', 'EMB_P', 'EMB_P', 'EMB_P', 'EMB_P', 'EMB_P', 'EMB_P', 'EMB_P', 'EMB_P', 'EMB_P', 'EMB_P', 'EMB_P', 'EMB_P', 'EMB_P', 'EMB_P', 'EMB_P', 'EMB_P', 'EMB_P', 'EMB_P', 'EMB_P', 'EMB_P', 'EMB_P', 'EMB_P', 'EMB_P', 'EMB_P', 'EMB_P', 'EMB_P', 'EMB_P', 'EMB_P', 'EMB_P', 'EMB_P', 'EMB_P', 'EMB_P', 'EMB_P', 'EMB_P', 'EMB_P', 'EMB_P', 'EMB_P', 'EMB_P', 'EMB_P', 'EMB_P', 'EMB_P', 'EMB_P', 'EMB_P', 'EMB_P', 'EMB_P', 'EMB_P', 'EMB_P', 'EMB_P', 'EMB_P']","['EMB_O', 'EMB_O', 'EMB_O', 'EMB_O', 'EMB_O', 'EMB_O', 'EMB_O', 'EMB_O', 'EMB_O', 'EMB_O', 'EMB_O', 'EMB_O', 'EMB_O', 'EMB_O', 'EMB_O', 'OPN_B', 'OPN_I', 'OPN_E', 'EMB_O', 'EMB_O', 'EMB_O', 'EMB_O', 'EMB_P', 'EMB_P', 'EMB_P', 'EMB_P', 'EMB_P', 'EMB_P', 'EMB_P', 'EMB_P', 'EMB_P', 'EMB_P', 'EMB_P', 'EMB_P', 'EMB_P', 'EMB_P', 'EMB_P', 'EMB_P', 'EMB_P', 'EMB_P', 'EMB_P', 'EMB_P', 'EMB_P', 'EMB_P', 'EMB_P', 'EMB_P', 'EMB_P', 'EMB_P', 'EMB_P', 'EMB_P', 'EMB_P', 'EMB_P', 'EMB_P', 'EMB_P', 'EMB_P', 'EMB_P', 'EMB_P', 'EMB_P', 'EMB_P', 'EMB_P', 'EMB_P', 'EMB_P', 'EMB_P', 'EMB_P', 'EMB_P', 'EMB_P', 'EMB_P', 'EMB_P', 'EMB_P', 'EMB_P', 'EMB_P', 'EMB_P', 'EMB_P', 'EMB_P', 'EMB_P', 'EMB_P', 'EMB_P', 'EMB_P', 'EMB_P', 'EMB_P', 'EMB_P', 'EMB_P', 'EMB_P', 'EMB_P', 'EMB_P', 'EMB_P', 'EMB_P', 'EMB_P', 'EMB_P', 'EMB_P', 'EMB_P', 'EMB_P', 'EMB_P', 'EMB_P', 'EMB_P', 'EMB_P', 'EMB_P', 'EMB_P', 'EMB_P', 'EMB_P', 'EMB_P', 'EMB_P', 'EMB_P', 'EMB_P', 'EMB_P', 'EMB_P', 'EMB_P', 'EMB_P', 'EMB_P', 'EMB_P', 'EMB_P', 'EMB_P', 'EMB_P', 'EMB_P', 'EMB_P', 'EMB_P', 'EMB_P', 'EMB_P', 'EMB_P', 'EMB_P', 'EMB_P', 'EMB_P', 'EMB_P', 'EMB_P', 'EMB_P', 'EMB_P', 'EMB_P', 'EMB_P']"
362,keyboard,love,laptop_quad_dev_312,"i love the keyboard , trackpad and screen .",7.5,7.62,"['EMB_O', 'EMB_O', 'EMB_O', 'EMB_O', 'ASP_S', 'EMB_O', 'EMB_O', 'EMB_O', 'EMB_O', 'EMB_O', 'EMB_O', 'EMB_O', 'EMB_P', 'EMB_P', 'EMB_P', 'EMB_P', 'EMB_P', 'EMB_P', 'EMB_P', 'EMB_P', 'EMB_P', 'EMB_P', 'EMB_P', 'EMB_P', 'EMB_P', 'EMB_P', 'EMB_P', 'EMB_P', 'EMB_P', 'EMB_P', 'EMB_P', 'EMB_P', 'EMB_P', 'EMB_P', 'EMB_P', 'EMB_P', 'EMB_P', 'EMB_P', 'EMB_P', 'EMB_P', 'EMB_P', 'EMB_P', 'EMB_P', 'EMB_P', 'EMB_P', 'EMB_P', 'EMB_P', 'EMB_P', 'EMB_P', 'EMB_P', 'EMB_P', 'EMB_P', 'EMB_P', 'EMB_P', 'EMB_P', 'EMB_P', 'EMB_P', 'EMB_P', 'EMB_P', 'EMB_P', 'EMB_P', 'EMB_P', 'EMB_P', 'EMB_P', 'EMB_P', 'EMB_P', 'EMB_P', 'EMB_P', 'EMB_P', 'EMB_P', 'EMB_P', 'EMB_P', 'EMB_P', 'EMB_P', 'EMB_P', 'EMB_P', 'EMB_P', 'EMB_P', 'EMB_P', 'EMB_P', 'EMB_P', 'EMB_P', 'EMB_P', 'EMB_P', 'EMB_P', 'EMB_P', 'EMB_P', 'EMB_P', 'EMB_P', 'EMB_P', 'EMB_P', 'EMB_P', 'EMB_P', 'EMB_P', 'EMB_P', 'EMB_P', 'EMB_P', 'EMB_P', 'EMB_P', 'EMB_P', 'EMB_P', 'EMB_P', 'EMB_P', 'EMB_P', 'EMB_P', 'EMB_P', 'EMB_P', 'EMB_P', 'EMB_P', 'EMB_P', 'EMB_P', 'EMB_P', 'EMB_P', 'EMB_P', 'EMB_P', 'EMB_P', 'EMB_P', 'EMB_P', 'EMB_P', 'EMB_P', 'EMB_P', 'EMB_P', 'EMB_P', 'EMB_P', 'EMB_P', 'EMB_P', 'EMB_P', 'EMB_P']","['EMB_O', 'EMB_O', 'OPN_S', 'EMB_O', 'EMB_O', 'EMB_O', 'EMB_O', 'EMB_O', 'EMB_O', 'EMB_O', 'EMB_O', 'EMB_O', 'EMB_P', 'EMB_P', 'EMB_P', 'EMB_P', 'EMB_P', 'EMB_P', 'EMB_P', 'EMB_P', 'EMB_P', 'EMB_P', 'EMB_P', 'EMB_P', 'EMB_P', 'EMB_P', 'EMB_P', 'EMB_P', 'EMB_P', 'EMB_P', 'EMB_P', 'EMB_P', 'EMB_P', 'EMB_P', 'EMB_P', 'EMB_P', 'EMB_P', 'EMB_P', 'EMB_P', 'EMB_P', 'EMB_P', 'EMB_P', 'EMB_P', 'EMB_P', 'EMB_P', 'EMB_P', 'EMB_P', 'EMB_P', 'EMB_P', 'EMB_P', 'EMB_P', 'EMB_P', 'EMB_P', 'EMB_P', 'EMB_P', 'EMB_P', 'EMB_P', 'EMB_P', 'EMB_P', 'EMB_P', 'EMB_P', 'EMB_P', 'EMB_P', 'EMB_P', 'EMB_P', 'EMB_P', 'EMB_P', 'EMB_P', 'EMB_P', 'EMB_P', 'EMB_P', 'EMB_P', 'EMB_P', 'EMB_P', 'EMB_P', 'EMB_P', 'EMB_P', 'EMB_P', 'EMB_P', 'EMB_P', 'EMB_P', 'EMB_P', 'EMB_P', 'EMB_P', 'EMB_P', 'EMB_P', 'EMB_P', 'EMB_P', 'EMB_P', 'EMB_P', 'EMB_P', 'EMB_P', 'EMB_P', 'EMB_P', 'EMB_P', 'EMB_P', 'EMB_P', 'EMB_P', 'EMB_P', 'EMB_P', 'EMB_P', 'EMB_P', 'EMB_P', 'EMB_P', 'EMB_P', 'EMB_P', 'EMB_P', 'EMB_P', 'EMB_P', 'EMB_P', 'EMB_P', 'EMB_P', 'EMB_P', 'EMB_P', 'EMB_P', 'EMB_P', 'EMB_P', 'EMB_P', 'EMB_P', 'EMB_P', 'EMB_P', 'EMB_P', 'EMB_P', 'EMB_P', 'EMB_P', 'EMB_P', 'EMB_P', 'EMB_P']"
363,trackpad,love,laptop_quad_dev_312,"i love the keyboard , trackpad and screen .",7.62,7.75,"['EMB_O', 'EMB_O', 'EMB_O', 'EMB_O', 'EMB_O', 'EMB_O', 'ASP_B', 'ASP_E', 'EMB_O', 'EMB_O', 'EMB_O', 'EMB_O', 'EMB_P', 'EMB_P', 'EMB_P', 'EMB_P', 'EMB_P', 'EMB_P', 'EMB_P', 'EMB_P', 'EMB_P', 'EMB_P', 'EMB_P', 'EMB_P', 'EMB_P', 'EMB_P', 'EMB_P', 'EMB_P', 'EMB_P', 'EMB_P', 'EMB_P', 'EMB_P', 'EMB_P', 'EMB_P', 'EMB_P', 'EMB_P', 'EMB_P', 'EMB_P', 'EMB_P', 'EMB_P', 'EMB_P', 'EMB_P', 'EMB_P', 'EMB_P', 'EMB_P', 'EMB_P', 'EMB_P', 'EMB_P', 'EMB_P', 'EMB_P', 'EMB_P', 'EMB_P', 'EMB_P', 'EMB_P', 'EMB_P', 'EMB_P', 'EMB_P', 'EMB_P', 'EMB_P', 'EMB_P', 'EMB_P', 'EMB_P', 'EMB_P', 'EMB_P', 'EMB_P', 'EMB_P', 'EMB_P', 'EMB_P', 'EMB_P', 'EMB_P', 'EMB_P', 'EMB_P', 'EMB_P', 'EMB_P', 'EMB_P', 'EMB_P', 'EMB_P', 'EMB_P', 'EMB_P', 'EMB_P', 'EMB_P', 'EMB_P', 'EMB_P', 'EMB_P', 'EMB_P', 'EMB_P', 'EMB_P', 'EMB_P', 'EMB_P', 'EMB_P', 'EMB_P', 'EMB_P', 'EMB_P', 'EMB_P', 'EMB_P', 'EMB_P', 'EMB_P', 'EMB_P', 'EMB_P', 'EMB_P', 'EMB_P', 'EMB_P', 'EMB_P', 'EMB_P', 'EMB_P', 'EMB_P', 'EMB_P', 'EMB_P', 'EMB_P', 'EMB_P', 'EMB_P', 'EMB_P', 'EMB_P', 'EMB_P', 'EMB_P', 'EMB_P', 'EMB_P', 'EMB_P', 'EMB_P', 'EMB_P', 'EMB_P', 'EMB_P', 'EMB_P', 'EMB_P', 'EMB_P', 'EMB_P', 'EMB_P', 'EMB_P']","['EMB_O', 'EMB_O', 'OPN_S', 'EMB_O', 'EMB_O', 'EMB_O', 'EMB_O', 'EMB_O', 'EMB_O', 'EMB_O', 'EMB_O', 'EMB_O', 'EMB_P', 'EMB_P', 'EMB_P', 'EMB_P', 'EMB_P', 'EMB_P', 'EMB_P', 'EMB_P', 'EMB_P', 'EMB_P', 'EMB_P', 'EMB_P', 'EMB_P', 'EMB_P', 'EMB_P', 'EMB_P', 'EMB_P', 'EMB_P', 'EMB_P', 'EMB_P', 'EMB_P', 'EMB_P', 'EMB_P', 'EMB_P', 'EMB_P', 'EMB_P', 'EMB_P', 'EMB_P', 'EMB_P', 'EMB_P', 'EMB_P', 'EMB_P', 'EMB_P', 'EMB_P', 'EMB_P', 'EMB_P', 'EMB_P', 'EMB_P', 'EMB_P', 'EMB_P', 'EMB_P', 'EMB_P', 'EMB_P', 'EMB_P', 'EMB_P', 'EMB_P', 'EMB_P', 'EMB_P', 'EMB_P', 'EMB_P', 'EMB_P', 'EMB_P', 'EMB_P', 'EMB_P', 'EMB_P', 'EMB_P', 'EMB_P', 'EMB_P', 'EMB_P', 'EMB_P', 'EMB_P', 'EMB_P', 'EMB_P', 'EMB_P', 'EMB_P', 'EMB_P', 'EMB_P', 'EMB_P', 'EMB_P', 'EMB_P', 'EMB_P', 'EMB_P', 'EMB_P', 'EMB_P', 'EMB_P', 'EMB_P', 'EMB_P', 'EMB_P', 'EMB_P', 'EMB_P', 'EMB_P', 'EMB_P', 'EMB_P', 'EMB_P', 'EMB_P', 'EMB_P', 'EMB_P', 'EMB_P', 'EMB_P', 'EMB_P', 'EMB_P', 'EMB_P', 'EMB_P', 'EMB_P', 'EMB_P', 'EMB_P', 'EMB_P', 'EMB_P', 'EMB_P', 'EMB_P', 'EMB_P', 'EMB_P', 'EMB_P', 'EMB_P', 'EMB_P', 'EMB_P', 'EMB_P', 'EMB_P', 'EMB_P', 'EMB_P', 'EMB_P', 'EMB_P', 'EMB_P', 'EMB_P', 'EMB_P', 'EMB_P']"
364,screen,love,laptop_quad_dev_312,"i love the keyboard , trackpad and screen .",7.75,8.0,"['EMB_O', 'EMB_O', 'EMB_O', 'EMB_O', 'EMB_O', 'EMB_O', 'EMB_O', 'EMB_O', 'EMB_O', 'ASP_S', 'EMB_O', 'EMB_O', 'EMB_P', 'EMB_P', 'EMB_P', 'EMB_P', 'EMB_P', 'EMB_P', 'EMB_P', 'EMB_P', 'EMB_P', 'EMB_P', 'EMB_P', 'EMB_P', 'EMB_P', 'EMB_P', 'EMB_P', 'EMB_P', 'EMB_P', 'EMB_P', 'EMB_P', 'EMB_P', 'EMB_P', 'EMB_P', 'EMB_P', 'EMB_P', 'EMB_P', 'EMB_P', 'EMB_P', 'EMB_P', 'EMB_P', 'EMB_P', 'EMB_P', 'EMB_P', 'EMB_P', 'EMB_P', 'EMB_P', 'EMB_P', 'EMB_P', 'EMB_P', 'EMB_P', 'EMB_P', 'EMB_P', 'EMB_P', 'EMB_P', 'EMB_P', 'EMB_P', 'EMB_P', 'EMB_P', 'EMB_P', 'EMB_P', 'EMB_P', 'EMB_P', 'EMB_P', 'EMB_P', 'EMB_P', 'EMB_P', 'EMB_P', 'EMB_P', 'EMB_P', 'EMB_P', 'EMB_P', 'EMB_P', 'EMB_P', 'EMB_P', 'EMB_P', 'EMB_P', 'EMB_P', 'EMB_P', 'EMB_P', 'EMB_P', 'EMB_P', 'EMB_P', 'EMB_P', 'EMB_P', 'EMB_P', 'EMB_P', 'EMB_P', 'EMB_P', 'EMB_P', 'EMB_P', 'EMB_P', 'EMB_P', 'EMB_P', 'EMB_P', 'EMB_P', 'EMB_P', 'EMB_P', 'EMB_P', 'EMB_P', 'EMB_P', 'EMB_P', 'EMB_P', 'EMB_P', 'EMB_P', 'EMB_P', 'EMB_P', 'EMB_P', 'EMB_P', 'EMB_P', 'EMB_P', 'EMB_P', 'EMB_P', 'EMB_P', 'EMB_P', 'EMB_P', 'EMB_P', 'EMB_P', 'EMB_P', 'EMB_P', 'EMB_P', 'EMB_P', 'EMB_P', 'EMB_P', 'EMB_P', 'EMB_P', 'EMB_P', 'EMB_P']","['EMB_O', 'EMB_O', 'OPN_S', 'EMB_O', 'EMB_O', 'EMB_O', 'EMB_O', 'EMB_O', 'EMB_O', 'EMB_O', 'EMB_O', 'EMB_O', 'EMB_P', 'EMB_P', 'EMB_P', 'EMB_P', 'EMB_P', 'EMB_P', 'EMB_P', 'EMB_P', 'EMB_P', 'EMB_P', 'EMB_P', 'EMB_P', 'EMB_P', 'EMB_P', 'EMB_P', 'EMB_P', 'EMB_P', 'EMB_P', 'EMB_P', 'EMB_P', 'EMB_P', 'EMB_P', 'EMB_P', 'EMB_P', 'EMB_P', 'EMB_P', 'EMB_P', 'EMB_P', 'EMB_P', 'EMB_P', 'EMB_P', 'EMB_P', 'EMB_P', 'EMB_P', 'EMB_P', 'EMB_P', 'EMB_P', 'EMB_P', 'EMB_P', 'EMB_P', 'EMB_P', 'EMB_P', 'EMB_P', 'EMB_P', 'EMB_P', 'EMB_P', 'EMB_P', 'EMB_P', 'EMB_P', 'EMB_P', 'EMB_P', 'EMB_P', 'EMB_P', 'EMB_P', 'EMB_P', 'EMB_P', 'EMB_P', 'EMB_P', 'EMB_P', 'EMB_P', 'EMB_P', 'EMB_P', 'EMB_P', 'EMB_P', 'EMB_P', 'EMB_P', 'EMB_P', 'EMB_P', 'EMB_P', 'EMB_P', 'EMB_P', 'EMB_P', 'EMB_P', 'EMB_P', 'EMB_P', 'EMB_P', 'EMB_P', 'EMB_P', 'EMB_P', 'EMB_P', 'EMB_P', 'EMB_P', 'EMB_P', 'EMB_P', 'EMB_P', 'EMB_P', 'EMB_P', 'EMB_P', 'EMB_P', 'EMB_P', 'EMB_P', 'EMB_P', 'EMB_P', 'EMB_P', 'EMB_P', 'EMB_P', 'EMB_P', 'EMB_P', 'EMB_P', 'EMB_P', 'EMB_P', 'EMB_P', 'EMB_P', 'EMB_P', 'EMB_P', 'EMB_P', 'EMB_P', 'EMB_P', 'EMB_P', 'EMB_P', 'EMB_P', 'EMB_P', 'EMB_P', 'EMB_P', 'EMB_P', 'EMB_P']"
365,speakers,super clear,laptop_quad_dev_313,"the speakers are super clear and get loud enough , but obviously lack bass .",7.5,7.62,"['EMB_O', 'EMB_O', 'ASP_S', 'EMB_O', 'EMB_O', 'EMB_O', 'EMB_O', 'EMB_O', 'EMB_O', 'EMB_O', 'EMB_O', 'EMB_O', 'EMB_O', 'EMB_O', 'EMB_O', 'EMB_O', 'EMB_O', 'EMB_O', 'EMB_O', 'EMB_P', 'EMB_P', 'EMB_P', 'EMB_P', 'EMB_P', 'EMB_P', 'EMB_P', 'EMB_P', 'EMB_P', 'EMB_P', 'EMB_P', 'EMB_P', 'EMB_P', 'EMB_P', 'EMB_P', 'EMB_P', 'EMB_P', 'EMB_P', 'EMB_P', 'EMB_P', 'EMB_P', 'EMB_P', 'EMB_P', 'EMB_P', 'EMB_P', 'EMB_P', 'EMB_P', 'EMB_P', 'EMB_P', 'EMB_P', 'EMB_P', 'EMB_P', 'EMB_P', 'EMB_P', 'EMB_P', 'EMB_P', 'EMB_P', 'EMB_P', 'EMB_P', 'EMB_P', 'EMB_P', 'EMB_P', 'EMB_P', 'EMB_P', 'EMB_P', 'EMB_P', 'EMB_P', 'EMB_P', 'EMB_P', 'EMB_P', 'EMB_P', 'EMB_P', 'EMB_P', 'EMB_P', 'EMB_P', 'EMB_P', 'EMB_P', 'EMB_P', 'EMB_P', 'EMB_P', 'EMB_P', 'EMB_P', 'EMB_P', 'EMB_P', 'EMB_P', 'EMB_P', 'EMB_P', 'EMB_P', 'EMB_P', 'EMB_P', 'EMB_P', 'EMB_P', 'EMB_P', 'EMB_P', 'EMB_P', 'EMB_P', 'EMB_P', 'EMB_P', 'EMB_P', 'EMB_P', 'EMB_P', 'EMB_P', 'EMB_P', 'EMB_P', 'EMB_P', 'EMB_P', 'EMB_P', 'EMB_P', 'EMB_P', 'EMB_P', 'EMB_P', 'EMB_P', 'EMB_P', 'EMB_P', 'EMB_P', 'EMB_P', 'EMB_P', 'EMB_P', 'EMB_P', 'EMB_P', 'EMB_P', 'EMB_P', 'EMB_P', 'EMB_P', 'EMB_P', 'EMB_P', 'EMB_P', 'EMB_P', 'EMB_P']","['EMB_O', 'EMB_O', 'EMB_O', 'EMB_O', 'OPN_B', 'OPN_E', 'EMB_O', 'EMB_O', 'EMB_O', 'EMB_O', 'EMB_O', 'EMB_O', 'EMB_O', 'EMB_O', 'EMB_O', 'EMB_O', 'EMB_O', 'EMB_O', 'EMB_O', 'EMB_P', 'EMB_P', 'EMB_P', 'EMB_P', 'EMB_P', 'EMB_P', 'EMB_P', 'EMB_P', 'EMB_P', 'EMB_P', 'EMB_P', 'EMB_P', 'EMB_P', 'EMB_P', 'EMB_P', 'EMB_P', 'EMB_P', 'EMB_P', 'EMB_P', 'EMB_P', 'EMB_P', 'EMB_P', 'EMB_P', 'EMB_P', 'EMB_P', 'EMB_P', 'EMB_P', 'EMB_P', 'EMB_P', 'EMB_P', 'EMB_P', 'EMB_P', 'EMB_P', 'EMB_P', 'EMB_P', 'EMB_P', 'EMB_P', 'EMB_P', 'EMB_P', 'EMB_P', 'EMB_P', 'EMB_P', 'EMB_P', 'EMB_P', 'EMB_P', 'EMB_P', 'EMB_P', 'EMB_P', 'EMB_P', 'EMB_P', 'EMB_P', 'EMB_P', 'EMB_P', 'EMB_P', 'EMB_P', 'EMB_P', 'EMB_P', 'EMB_P', 'EMB_P', 'EMB_P', 'EMB_P', 'EMB_P', 'EMB_P', 'EMB_P', 'EMB_P', 'EMB_P', 'EMB_P', 'EMB_P', 'EMB_P', 'EMB_P', 'EMB_P', 'EMB_P', 'EMB_P', 'EMB_P', 'EMB_P', 'EMB_P', 'EMB_P', 'EMB_P', 'EMB_P', 'EMB_P', 'EMB_P', 'EMB_P', 'EMB_P', 'EMB_P', 'EMB_P', 'EMB_P', 'EMB_P', 'EMB_P', 'EMB_P', 'EMB_P', 'EMB_P', 'EMB_P', 'EMB_P', 'EMB_P', 'EMB_P', 'EMB_P', 'EMB_P', 'EMB_P', 'EMB_P', 'EMB_P', 'EMB_P', 'EMB_P', 'EMB_P', 'EMB_P', 'EMB_P', 'EMB_P', 'EMB_P', 'EMB_P', 'EMB_P']"
366,build quality,very good,laptop_quad_dev_314,the build quality seems very good .,7.25,7.12,"['EMB_O', 'EMB_O', 'ASP_B', 'ASP_E', 'EMB_O', 'EMB_O', 'EMB_O', 'EMB_O', 'EMB_O', 'EMB_P', 'EMB_P', 'EMB_P', 'EMB_P', 'EMB_P', 'EMB_P', 'EMB_P', 'EMB_P', 'EMB_P', 'EMB_P', 'EMB_P', 'EMB_P', 'EMB_P', 'EMB_P', 'EMB_P', 'EMB_P', 'EMB_P', 'EMB_P', 'EMB_P', 'EMB_P', 'EMB_P', 'EMB_P', 'EMB_P', 'EMB_P', 'EMB_P', 'EMB_P', 'EMB_P', 'EMB_P', 'EMB_P', 'EMB_P', 'EMB_P', 'EMB_P', 'EMB_P', 'EMB_P', 'EMB_P', 'EMB_P', 'EMB_P', 'EMB_P', 'EMB_P', 'EMB_P', 'EMB_P', 'EMB_P', 'EMB_P', 'EMB_P', 'EMB_P', 'EMB_P', 'EMB_P', 'EMB_P', 'EMB_P', 'EMB_P', 'EMB_P', 'EMB_P', 'EMB_P', 'EMB_P', 'EMB_P', 'EMB_P', 'EMB_P', 'EMB_P', 'EMB_P', 'EMB_P', 'EMB_P', 'EMB_P', 'EMB_P', 'EMB_P', 'EMB_P', 'EMB_P', 'EMB_P', 'EMB_P', 'EMB_P', 'EMB_P', 'EMB_P', 'EMB_P', 'EMB_P', 'EMB_P', 'EMB_P', 'EMB_P', 'EMB_P', 'EMB_P', 'EMB_P', 'EMB_P', 'EMB_P', 'EMB_P', 'EMB_P', 'EMB_P', 'EMB_P', 'EMB_P', 'EMB_P', 'EMB_P', 'EMB_P', 'EMB_P', 'EMB_P', 'EMB_P', 'EMB_P', 'EMB_P', 'EMB_P', 'EMB_P', 'EMB_P', 'EMB_P', 'EMB_P', 'EMB_P', 'EMB_P', 'EMB_P', 'EMB_P', 'EMB_P', 'EMB_P', 'EMB_P', 'EMB_P', 'EMB_P', 'EMB_P', 'EMB_P', 'EMB_P', 'EMB_P', 'EMB_P', 'EMB_P', 'EMB_P', 'EMB_P', 'EMB_P', 'EMB_P', 'EMB_P']","['EMB_O', 'EMB_O', 'EMB_O', 'EMB_O', 'EMB_O', 'OPN_B', 'OPN_E', 'EMB_O', 'EMB_O', 'EMB_P', 'EMB_P', 'EMB_P', 'EMB_P', 'EMB_P', 'EMB_P', 'EMB_P', 'EMB_P', 'EMB_P', 'EMB_P', 'EMB_P', 'EMB_P', 'EMB_P', 'EMB_P', 'EMB_P', 'EMB_P', 'EMB_P', 'EMB_P', 'EMB_P', 'EMB_P', 'EMB_P', 'EMB_P', 'EMB_P', 'EMB_P', 'EMB_P', 'EMB_P', 'EMB_P', 'EMB_P', 'EMB_P', 'EMB_P', 'EMB_P', 'EMB_P', 'EMB_P', 'EMB_P', 'EMB_P', 'EMB_P', 'EMB_P', 'EMB_P', 'EMB_P', 'EMB_P', 'EMB_P', 'EMB_P', 'EMB_P', 'EMB_P', 'EMB_P', 'EMB_P', 'EMB_P', 'EMB_P', 'EMB_P', 'EMB_P', 'EMB_P', 'EMB_P', 'EMB_P', 'EMB_P', 'EMB_P', 'EMB_P', 'EMB_P', 'EMB_P', 'EMB_P', 'EMB_P', 'EMB_P', 'EMB_P', 'EMB_P', 'EMB_P', 'EMB_P', 'EMB_P', 'EMB_P', 'EMB_P', 'EMB_P', 'EMB_P', 'EMB_P', 'EMB_P', 'EMB_P', 'EMB_P', 'EMB_P', 'EMB_P', 'EMB_P', 'EMB_P', 'EMB_P', 'EMB_P', 'EMB_P', 'EMB_P', 'EMB_P', 'EMB_P', 'EMB_P', 'EMB_P', 'EMB_P', 'EMB_P', 'EMB_P', 'EMB_P', 'EMB_P', 'EMB_P', 'EMB_P', 'EMB_P', 'EMB_P', 'EMB_P', 'EMB_P', 'EMB_P', 'EMB_P', 'EMB_P', 'EMB_P', 'EMB_P', 'EMB_P', 'EMB_P', 'EMB_P', 'EMB_P', 'EMB_P', 'EMB_P', 'EMB_P', 'EMB_P', 'EMB_P', 'EMB_P', 'EMB_P', 'EMB_P', 'EMB_P', 'EMB_P', 'EMB_P', 'EMB_P', 'EMB_P']"
367,product,happy,laptop_quad_dev_315,"for ~ $ 400 , i ' m happy with this product after a couple months .",6.8,6.8,"['EMB_O', 'EMB_O', 'EMB_O', 'EMB_O', 'EMB_O', 'EMB_O', 'EMB_O', 'EMB_O', 'EMB_O', 'EMB_O', 'EMB_O', 'EMB_O', 'ASP_S', 'EMB_O', 'EMB_O', 'EMB_O', 'EMB_O', 'EMB_O', 'EMB_O', 'EMB_P', 'EMB_P', 'EMB_P', 'EMB_P', 'EMB_P', 'EMB_P', 'EMB_P', 'EMB_P', 'EMB_P', 'EMB_P', 'EMB_P', 'EMB_P', 'EMB_P', 'EMB_P', 'EMB_P', 'EMB_P', 'EMB_P', 'EMB_P', 'EMB_P', 'EMB_P', 'EMB_P', 'EMB_P', 'EMB_P', 'EMB_P', 'EMB_P', 'EMB_P', 'EMB_P', 'EMB_P', 'EMB_P', 'EMB_P', 'EMB_P', 'EMB_P', 'EMB_P', 'EMB_P', 'EMB_P', 'EMB_P', 'EMB_P', 'EMB_P', 'EMB_P', 'EMB_P', 'EMB_P', 'EMB_P', 'EMB_P', 'EMB_P', 'EMB_P', 'EMB_P', 'EMB_P', 'EMB_P', 'EMB_P', 'EMB_P', 'EMB_P', 'EMB_P', 'EMB_P', 'EMB_P', 'EMB_P', 'EMB_P', 'EMB_P', 'EMB_P', 'EMB_P', 'EMB_P', 'EMB_P', 'EMB_P', 'EMB_P', 'EMB_P', 'EMB_P', 'EMB_P', 'EMB_P', 'EMB_P', 'EMB_P', 'EMB_P', 'EMB_P', 'EMB_P', 'EMB_P', 'EMB_P', 'EMB_P', 'EMB_P', 'EMB_P', 'EMB_P', 'EMB_P', 'EMB_P', 'EMB_P', 'EMB_P', 'EMB_P', 'EMB_P', 'EMB_P', 'EMB_P', 'EMB_P', 'EMB_P', 'EMB_P', 'EMB_P', 'EMB_P', 'EMB_P', 'EMB_P', 'EMB_P', 'EMB_P', 'EMB_P', 'EMB_P', 'EMB_P', 'EMB_P', 'EMB_P', 'EMB_P', 'EMB_P', 'EMB_P', 'EMB_P', 'EMB_P', 'EMB_P', 'EMB_P', 'EMB_P', 'EMB_P']","['EMB_O', 'EMB_O', 'EMB_O', 'EMB_O', 'EMB_O', 'EMB_O', 'EMB_O', 'EMB_O', 'EMB_O', 'OPN_S', 'EMB_O', 'EMB_O', 'EMB_O', 'EMB_O', 'EMB_O', 'EMB_O', 'EMB_O', 'EMB_O', 'EMB_O', 'EMB_P', 'EMB_P', 'EMB_P', 'EMB_P', 'EMB_P', 'EMB_P', 'EMB_P', 'EMB_P', 'EMB_P', 'EMB_P', 'EMB_P', 'EMB_P', 'EMB_P', 'EMB_P', 'EMB_P', 'EMB_P', 'EMB_P', 'EMB_P', 'EMB_P', 'EMB_P', 'EMB_P', 'EMB_P', 'EMB_P', 'EMB_P', 'EMB_P', 'EMB_P', 'EMB_P', 'EMB_P', 'EMB_P', 'EMB_P', 'EMB_P', 'EMB_P', 'EMB_P', 'EMB_P', 'EMB_P', 'EMB_P', 'EMB_P', 'EMB_P', 'EMB_P', 'EMB_P', 'EMB_P', 'EMB_P', 'EMB_P', 'EMB_P', 'EMB_P', 'EMB_P', 'EMB_P', 'EMB_P', 'EMB_P', 'EMB_P', 'EMB_P', 'EMB_P', 'EMB_P', 'EMB_P', 'EMB_P', 'EMB_P', 'EMB_P', 'EMB_P', 'EMB_P', 'EMB_P', 'EMB_P', 'EMB_P', 'EMB_P', 'EMB_P', 'EMB_P', 'EMB_P', 'EMB_P', 'EMB_P', 'EMB_P', 'EMB_P', 'EMB_P', 'EMB_P', 'EMB_P', 'EMB_P', 'EMB_P', 'EMB_P', 'EMB_P', 'EMB_P', 'EMB_P', 'EMB_P', 'EMB_P', 'EMB_P', 'EMB_P', 'EMB_P', 'EMB_P', 'EMB_P', 'EMB_P', 'EMB_P', 'EMB_P', 'EMB_P', 'EMB_P', 'EMB_P', 'EMB_P', 'EMB_P', 'EMB_P', 'EMB_P', 'EMB_P', 'EMB_P', 'EMB_P', 'EMB_P', 'EMB_P', 'EMB_P', 'EMB_P', 'EMB_P', 'EMB_P', 'EMB_P', 'EMB_P', 'EMB_P', 'EMB_P']"
368,NULL,fast,laptop_quad_dev_316,it ' s fast and the screen is nice .,7.38,7.12,"['EMB_O', 'EMB_O', 'EMB_O', 'EMB_O', 'EMB_O', 'EMB_O', 'EMB_O', 'EMB_O', 'EMB_O', 'EMB_O', 'EMB_O', 'EMB_O', 'EMB_O', 'EMB_P', 'EMB_P', 'EMB_P', 'EMB_P', 'EMB_P', 'EMB_P', 'EMB_P', 'EMB_P', 'EMB_P', 'EMB_P', 'EMB_P', 'EMB_P', 'EMB_P', 'EMB_P', 'EMB_P', 'EMB_P', 'EMB_P', 'EMB_P', 'EMB_P', 'EMB_P', 'EMB_P', 'EMB_P', 'EMB_P', 'EMB_P', 'EMB_P', 'EMB_P', 'EMB_P', 'EMB_P', 'EMB_P', 'EMB_P', 'EMB_P', 'EMB_P', 'EMB_P', 'EMB_P', 'EMB_P', 'EMB_P', 'EMB_P', 'EMB_P', 'EMB_P', 'EMB_P', 'EMB_P', 'EMB_P', 'EMB_P', 'EMB_P', 'EMB_P', 'EMB_P', 'EMB_P', 'EMB_P', 'EMB_P', 'EMB_P', 'EMB_P', 'EMB_P', 'EMB_P', 'EMB_P', 'EMB_P', 'EMB_P', 'EMB_P', 'EMB_P', 'EMB_P', 'EMB_P', 'EMB_P', 'EMB_P', 'EMB_P', 'EMB_P', 'EMB_P', 'EMB_P', 'EMB_P', 'EMB_P', 'EMB_P', 'EMB_P', 'EMB_P', 'EMB_P', 'EMB_P', 'EMB_P', 'EMB_P', 'EMB_P', 'EMB_P', 'EMB_P', 'EMB_P', 'EMB_P', 'EMB_P', 'EMB_P', 'EMB_P', 'EMB_P', 'EMB_P', 'EMB_P', 'EMB_P', 'EMB_P', 'EMB_P', 'EMB_P', 'EMB_P', 'EMB_P', 'EMB_P', 'EMB_P', 'EMB_P', 'EMB_P', 'EMB_P', 'EMB_P', 'EMB_P', 'EMB_P', 'EMB_P', 'EMB_P', 'EMB_P', 'EMB_P', 'EMB_P', 'EMB_P', 'EMB_P', 'EMB_P', 'EMB_P', 'EMB_P', 'EMB_P', 'EMB_P', 'EMB_P', 'EMB_P', 'EMB_P']","['EMB_O', 'EMB_O', 'EMB_O', 'EMB_O', 'OPN_S', 'EMB_O', 'EMB_O', 'EMB_O', 'EMB_O', 'EMB_O', 'EMB_O', 'EMB_O', 'EMB_O', 'EMB_P', 'EMB_P', 'EMB_P', 'EMB_P', 'EMB_P', 'EMB_P', 'EMB_P', 'EMB_P', 'EMB_P', 'EMB_P', 'EMB_P', 'EMB_P', 'EMB_P', 'EMB_P', 'EMB_P', 'EMB_P', 'EMB_P', 'EMB_P', 'EMB_P', 'EMB_P', 'EMB_P', 'EMB_P', 'EMB_P', 'EMB_P', 'EMB_P', 'EMB_P', 'EMB_P', 'EMB_P', 'EMB_P', 'EMB_P', 'EMB_P', 'EMB_P', 'EMB_P', 'EMB_P', 'EMB_P', 'EMB_P', 'EMB_P', 'EMB_P', 'EMB_P', 'EMB_P', 'EMB_P', 'EMB_P', 'EMB_P', 'EMB_P', 'EMB_P', 'EMB_P', 'EMB_P', 'EMB_P', 'EMB_P', 'EMB_P', 'EMB_P', 'EMB_P', 'EMB_P', 'EMB_P', 'EMB_P', 'EMB_P', 'EMB_P', 'EMB_P', 'EMB_P', 'EMB_P', 'EMB_P', 'EMB_P', 'EMB_P', 'EMB_P', 'EMB_P', 'EMB_P', 'EMB_P', 'EMB_P', 'EMB_P', 'EMB_P', 'EMB_P', 'EMB_P', 'EMB_P', 'EMB_P', 'EMB_P', 'EMB_P', 'EMB_P', 'EMB_P', 'EMB_P', 'EMB_P', 'EMB_P', 'EMB_P', 'EMB_P', 'EMB_P', 'EMB_P', 'EMB_P', 'EMB_P', 'EMB_P', 'EMB_P', 'EMB_P', 'EMB_P', 'EMB_P', 'EMB_P', 'EMB_P', 'EMB_P', 'EMB_P', 'EMB_P', 'EMB_P', 'EMB_P', 'EMB_P', 'EMB_P', 'EMB_P', 'EMB_P', 'EMB_P', 'EMB_P', 'EMB_P', 'EMB_P', 'EMB_P', 'EMB_P', 'EMB_P', 'EMB_P', 'EMB_P', 'EMB_P', 'EMB_P', 'EMB_P']"
369,screen,nice,laptop_quad_dev_316,it ' s fast and the screen is nice .,7.0,7.12,"['EMB_O', 'EMB_O', 'EMB_O', 'EMB_O', 'EMB_O', 'EMB_O', 'EMB_O', 'ASP_S', 'EMB_O', 'EMB_O', 'EMB_O', 'EMB_O', 'EMB_O', 'EMB_P', 'EMB_P', 'EMB_P', 'EMB_P', 'EMB_P', 'EMB_P', 'EMB_P', 'EMB_P', 'EMB_P', 'EMB_P', 'EMB_P', 'EMB_P', 'EMB_P', 'EMB_P', 'EMB_P', 'EMB_P', 'EMB_P', 'EMB_P', 'EMB_P', 'EMB_P', 'EMB_P', 'EMB_P', 'EMB_P', 'EMB_P', 'EMB_P', 'EMB_P', 'EMB_P', 'EMB_P', 'EMB_P', 'EMB_P', 'EMB_P', 'EMB_P', 'EMB_P', 'EMB_P', 'EMB_P', 'EMB_P', 'EMB_P', 'EMB_P', 'EMB_P', 'EMB_P', 'EMB_P', 'EMB_P', 'EMB_P', 'EMB_P', 'EMB_P', 'EMB_P', 'EMB_P', 'EMB_P', 'EMB_P', 'EMB_P', 'EMB_P', 'EMB_P', 'EMB_P', 'EMB_P', 'EMB_P', 'EMB_P', 'EMB_P', 'EMB_P', 'EMB_P', 'EMB_P', 'EMB_P', 'EMB_P', 'EMB_P', 'EMB_P', 'EMB_P', 'EMB_P', 'EMB_P', 'EMB_P', 'EMB_P', 'EMB_P', 'EMB_P', 'EMB_P', 'EMB_P', 'EMB_P', 'EMB_P', 'EMB_P', 'EMB_P', 'EMB_P', 'EMB_P', 'EMB_P', 'EMB_P', 'EMB_P', 'EMB_P', 'EMB_P', 'EMB_P', 'EMB_P', 'EMB_P', 'EMB_P', 'EMB_P', 'EMB_P', 'EMB_P', 'EMB_P', 'EMB_P', 'EMB_P', 'EMB_P', 'EMB_P', 'EMB_P', 'EMB_P', 'EMB_P', 'EMB_P', 'EMB_P', 'EMB_P', 'EMB_P', 'EMB_P', 'EMB_P', 'EMB_P', 'EMB_P', 'EMB_P', 'EMB_P', 'EMB_P', 'EMB_P', 'EMB_P', 'EMB_P', 'EMB_P', 'EMB_P']","['EMB_O', 'EMB_O', 'EMB_O', 'EMB_O', 'EMB_O', 'EMB_O', 'EMB_O', 'EMB_O', 'EMB_O', 'OPN_B', 'OPN_E', 'EMB_O', 'EMB_O', 'EMB_P', 'EMB_P', 'EMB_P', 'EMB_P', 'EMB_P', 'EMB_P', 'EMB_P', 'EMB_P', 'EMB_P', 'EMB_P', 'EMB_P', 'EMB_P', 'EMB_P', 'EMB_P', 'EMB_P', 'EMB_P', 'EMB_P', 'EMB_P', 'EMB_P', 'EMB_P', 'EMB_P', 'EMB_P', 'EMB_P', 'EMB_P', 'EMB_P', 'EMB_P', 'EMB_P', 'EMB_P', 'EMB_P', 'EMB_P', 'EMB_P', 'EMB_P', 'EMB_P', 'EMB_P', 'EMB_P', 'EMB_P', 'EMB_P', 'EMB_P', 'EMB_P', 'EMB_P', 'EMB_P', 'EMB_P', 'EMB_P', 'EMB_P', 'EMB_P', 'EMB_P', 'EMB_P', 'EMB_P', 'EMB_P', 'EMB_P', 'EMB_P', 'EMB_P', 'EMB_P', 'EMB_P', 'EMB_P', 'EMB_P', 'EMB_P', 'EMB_P', 'EMB_P', 'EMB_P', 'EMB_P', 'EMB_P', 'EMB_P', 'EMB_P', 'EMB_P', 'EMB_P', 'EMB_P', 'EMB_P', 'EMB_P', 'EMB_P', 'EMB_P', 'EMB_P', 'EMB_P', 'EMB_P', 'EMB_P', 'EMB_P', 'EMB_P', 'EMB_P', 'EMB_P', 'EMB_P', 'EMB_P', 'EMB_P', 'EMB_P', 'EMB_P', 'EMB_P', 'EMB_P', 'EMB_P', 'EMB_P', 'EMB_P', 'EMB_P', 'EMB_P', 'EMB_P', 'EMB_P', 'EMB_P', 'EMB_P', 'EMB_P', 'EMB_P', 'EMB_P', 'EMB_P', 'EMB_P', 'EMB_P', 'EMB_P', 'EMB_P', 'EMB_P', 'EMB_P', 'EMB_P', 'EMB_P', 'EMB_P', 'EMB_P', 'EMB_P', 'EMB_P', 'EMB_P', 'EMB_P', 'EMB_P', 'EMB_P']"
370,design,like,laptop_quad_dev_317,overall i like its slim design and feather light - weight alone with well equipped spec that can meet my daily work environment .,6.88,6.88,"['EMB_O', 'EMB_O', 'EMB_O', 'EMB_O', 'EMB_O', 'EMB_O', 'EMB_O', 'ASP_S', 'EMB_O', 'EMB_O', 'EMB_O', 'EMB_O', 'EMB_O', 'EMB_O', 'EMB_O', 'EMB_O', 'EMB_O', 'EMB_O', 'EMB_O', 'EMB_O', 'EMB_O', 'EMB_O', 'EMB_O', 'EMB_O', 'EMB_O', 'EMB_O', 'EMB_O', 'EMB_O', 'EMB_O', 'EMB_P', 'EMB_P', 'EMB_P', 'EMB_P', 'EMB_P', 'EMB_P', 'EMB_P', 'EMB_P', 'EMB_P', 'EMB_P', 'EMB_P', 'EMB_P', 'EMB_P', 'EMB_P', 'EMB_P', 'EMB_P', 'EMB_P', 'EMB_P', 'EMB_P', 'EMB_P', 'EMB_P', 'EMB_P', 'EMB_P', 'EMB_P', 'EMB_P', 'EMB_P', 'EMB_P', 'EMB_P', 'EMB_P', 'EMB_P', 'EMB_P', 'EMB_P', 'EMB_P', 'EMB_P', 'EMB_P', 'EMB_P', 'EMB_P', 'EMB_P', 'EMB_P', 'EMB_P', 'EMB_P', 'EMB_P', 'EMB_P', 'EMB_P', 'EMB_P', 'EMB_P', 'EMB_P', 'EMB_P', 'EMB_P', 'EMB_P', 'EMB_P', 'EMB_P', 'EMB_P', 'EMB_P', 'EMB_P', 'EMB_P', 'EMB_P', 'EMB_P', 'EMB_P', 'EMB_P', 'EMB_P', 'EMB_P', 'EMB_P', 'EMB_P', 'EMB_P', 'EMB_P', 'EMB_P', 'EMB_P', 'EMB_P', 'EMB_P', 'EMB_P', 'EMB_P', 'EMB_P', 'EMB_P', 'EMB_P', 'EMB_P', 'EMB_P', 'EMB_P', 'EMB_P', 'EMB_P', 'EMB_P', 'EMB_P', 'EMB_P', 'EMB_P', 'EMB_P', 'EMB_P', 'EMB_P', 'EMB_P', 'EMB_P', 'EMB_P', 'EMB_P', 'EMB_P', 'EMB_P', 'EMB_P', 'EMB_P', 'EMB_P', 'EMB_P', 'EMB_P', 'EMB_P']","['EMB_O', 'EMB_O', 'EMB_O', 'OPN_S', 'EMB_O', 'EMB_O', 'EMB_O', 'EMB_O', 'EMB_O', 'EMB_O', 'EMB_O', 'EMB_O', 'EMB_O', 'EMB_O', 'EMB_O', 'EMB_O', 'EMB_O', 'EMB_O', 'EMB_O', 'EMB_O', 'EMB_O', 'EMB_O', 'EMB_O', 'EMB_O', 'EMB_O', 'EMB_O', 'EMB_O', 'EMB_O', 'EMB_O', 'EMB_P', 'EMB_P', 'EMB_P', 'EMB_P', 'EMB_P', 'EMB_P', 'EMB_P', 'EMB_P', 'EMB_P', 'EMB_P', 'EMB_P', 'EMB_P', 'EMB_P', 'EMB_P', 'EMB_P', 'EMB_P', 'EMB_P', 'EMB_P', 'EMB_P', 'EMB_P', 'EMB_P', 'EMB_P', 'EMB_P', 'EMB_P', 'EMB_P', 'EMB_P', 'EMB_P', 'EMB_P', 'EMB_P', 'EMB_P', 'EMB_P', 'EMB_P', 'EMB_P', 'EMB_P', 'EMB_P', 'EMB_P', 'EMB_P', 'EMB_P', 'EMB_P', 'EMB_P', 'EMB_P', 'EMB_P', 'EMB_P', 'EMB_P', 'EMB_P', 'EMB_P', 'EMB_P', 'EMB_P', 'EMB_P', 'EMB_P', 'EMB_P', 'EMB_P', 'EMB_P', 'EMB_P', 'EMB_P', 'EMB_P', 'EMB_P', 'EMB_P', 'EMB_P', 'EMB_P', 'EMB_P', 'EMB_P', 'EMB_P', 'EMB_P', 'EMB_P', 'EMB_P', 'EMB_P', 'EMB_P', 'EMB_P', 'EMB_P', 'EMB_P', 'EMB_P', 'EMB_P', 'EMB_P', 'EMB_P', 'EMB_P', 'EMB_P', 'EMB_P', 'EMB_P', 'EMB_P', 'EMB_P', 'EMB_P', 'EMB_P', 'EMB_P', 'EMB_P', 'EMB_P', 'EMB_P', 'EMB_P', 'EMB_P', 'EMB_P', 'EMB_P', 'EMB_P', 'EMB_P', 'EMB_P', 'EMB_P', 'EMB_P', 'EMB_P', 'EMB_P', 'EMB_P']"
371,spec,well,laptop_quad_dev_317,overall i like its slim design and feather light - weight alone with well equipped spec that can meet my daily work environment .,7.12,7.25,"['EMB_O', 'EMB_O', 'EMB_O', 'EMB_O', 'EMB_O', 'EMB_O', 'EMB_O', 'EMB_O', 'EMB_O', 'EMB_O', 'EMB_O', 'EMB_O', 'EMB_O', 'EMB_O', 'EMB_O', 'EMB_O', 'EMB_O', 'EMB_O', 'ASP_B', 'ASP_E', 'EMB_O', 'EMB_O', 'EMB_O', 'EMB_O', 'EMB_O', 'EMB_O', 'EMB_O', 'EMB_O', 'EMB_O', 'EMB_P', 'EMB_P', 'EMB_P', 'EMB_P', 'EMB_P', 'EMB_P', 'EMB_P', 'EMB_P', 'EMB_P', 'EMB_P', 'EMB_P', 'EMB_P', 'EMB_P', 'EMB_P', 'EMB_P', 'EMB_P', 'EMB_P', 'EMB_P', 'EMB_P', 'EMB_P', 'EMB_P', 'EMB_P', 'EMB_P', 'EMB_P', 'EMB_P', 'EMB_P', 'EMB_P', 'EMB_P', 'EMB_P', 'EMB_P', 'EMB_P', 'EMB_P', 'EMB_P', 'EMB_P', 'EMB_P', 'EMB_P', 'EMB_P', 'EMB_P', 'EMB_P', 'EMB_P', 'EMB_P', 'EMB_P', 'EMB_P', 'EMB_P', 'EMB_P', 'EMB_P', 'EMB_P', 'EMB_P', 'EMB_P', 'EMB_P', 'EMB_P', 'EMB_P', 'EMB_P', 'EMB_P', 'EMB_P', 'EMB_P', 'EMB_P', 'EMB_P', 'EMB_P', 'EMB_P', 'EMB_P', 'EMB_P', 'EMB_P', 'EMB_P', 'EMB_P', 'EMB_P', 'EMB_P', 'EMB_P', 'EMB_P', 'EMB_P', 'EMB_P', 'EMB_P', 'EMB_P', 'EMB_P', 'EMB_P', 'EMB_P', 'EMB_P', 'EMB_P', 'EMB_P', 'EMB_P', 'EMB_P', 'EMB_P', 'EMB_P', 'EMB_P', 'EMB_P', 'EMB_P', 'EMB_P', 'EMB_P', 'EMB_P', 'EMB_P', 'EMB_P', 'EMB_P', 'EMB_P', 'EMB_P', 'EMB_P', 'EMB_P', 'EMB_P', 'EMB_P', 'EMB_P']","['EMB_O', 'EMB_O', 'EMB_O', 'EMB_O', 'EMB_O', 'EMB_O', 'EMB_O', 'EMB_O', 'EMB_O', 'EMB_O', 'EMB_O', 'EMB_O', 'EMB_O', 'EMB_O', 'EMB_O', 'EMB_O', 'OPN_S', 'EMB_O', 'EMB_O', 'EMB_O', 'EMB_O', 'EMB_O', 'EMB_O', 'EMB_O', 'EMB_O', 'EMB_O', 'EMB_O', 'EMB_O', 'EMB_O', 'EMB_P', 'EMB_P', 'EMB_P', 'EMB_P', 'EMB_P', 'EMB_P', 'EMB_P', 'EMB_P', 'EMB_P', 'EMB_P', 'EMB_P', 'EMB_P', 'EMB_P', 'EMB_P', 'EMB_P', 'EMB_P', 'EMB_P', 'EMB_P', 'EMB_P', 'EMB_P', 'EMB_P', 'EMB_P', 'EMB_P', 'EMB_P', 'EMB_P', 'EMB_P', 'EMB_P', 'EMB_P', 'EMB_P', 'EMB_P', 'EMB_P', 'EMB_P', 'EMB_P', 'EMB_P', 'EMB_P', 'EMB_P', 'EMB_P', 'EMB_P', 'EMB_P', 'EMB_P', 'EMB_P', 'EMB_P', 'EMB_P', 'EMB_P', 'EMB_P', 'EMB_P', 'EMB_P', 'EMB_P', 'EMB_P', 'EMB_P', 'EMB_P', 'EMB_P', 'EMB_P', 'EMB_P', 'EMB_P', 'EMB_P', 'EMB_P', 'EMB_P', 'EMB_P', 'EMB_P', 'EMB_P', 'EMB_P', 'EMB_P', 'EMB_P', 'EMB_P', 'EMB_P', 'EMB_P', 'EMB_P', 'EMB_P', 'EMB_P', 'EMB_P', 'EMB_P', 'EMB_P', 'EMB_P', 'EMB_P', 'EMB_P', 'EMB_P', 'EMB_P', 'EMB_P', 'EMB_P', 'EMB_P', 'EMB_P', 'EMB_P', 'EMB_P', 'EMB_P', 'EMB_P', 'EMB_P', 'EMB_P', 'EMB_P', 'EMB_P', 'EMB_P', 'EMB_P', 'EMB_P', 'EMB_P', 'EMB_P', 'EMB_P', 'EMB_P', 'EMB_P', 'EMB_P']"
372,machine,lean,laptop_quad_dev_318,"i ' m four months into owning this lean , mean , little machine .",7.5,7.83,"['EMB_O', 'EMB_O', 'EMB_O', 'EMB_O', 'EMB_O', 'EMB_O', 'EMB_O', 'EMB_O', 'EMB_O', 'EMB_O', 'EMB_O', 'EMB_O', 'EMB_O', 'EMB_O', 'EMB_O', 'EMB_O', 'ASP_S', 'EMB_O', 'EMB_O', 'EMB_P', 'EMB_P', 'EMB_P', 'EMB_P', 'EMB_P', 'EMB_P', 'EMB_P', 'EMB_P', 'EMB_P', 'EMB_P', 'EMB_P', 'EMB_P', 'EMB_P', 'EMB_P', 'EMB_P', 'EMB_P', 'EMB_P', 'EMB_P', 'EMB_P', 'EMB_P', 'EMB_P', 'EMB_P', 'EMB_P', 'EMB_P', 'EMB_P', 'EMB_P', 'EMB_P', 'EMB_P', 'EMB_P', 'EMB_P', 'EMB_P', 'EMB_P', 'EMB_P', 'EMB_P', 'EMB_P', 'EMB_P', 'EMB_P', 'EMB_P', 'EMB_P', 'EMB_P', 'EMB_P', 'EMB_P', 'EMB_P', 'EMB_P', 'EMB_P', 'EMB_P', 'EMB_P', 'EMB_P', 'EMB_P', 'EMB_P', 'EMB_P', 'EMB_P', 'EMB_P', 'EMB_P', 'EMB_P', 'EMB_P', 'EMB_P', 'EMB_P', 'EMB_P', 'EMB_P', 'EMB_P', 'EMB_P', 'EMB_P', 'EMB_P', 'EMB_P', 'EMB_P', 'EMB_P', 'EMB_P', 'EMB_P', 'EMB_P', 'EMB_P', 'EMB_P', 'EMB_P', 'EMB_P', 'EMB_P', 'EMB_P', 'EMB_P', 'EMB_P', 'EMB_P', 'EMB_P', 'EMB_P', 'EMB_P', 'EMB_P', 'EMB_P', 'EMB_P', 'EMB_P', 'EMB_P', 'EMB_P', 'EMB_P', 'EMB_P', 'EMB_P', 'EMB_P', 'EMB_P', 'EMB_P', 'EMB_P', 'EMB_P', 'EMB_P', 'EMB_P', 'EMB_P', 'EMB_P', 'EMB_P', 'EMB_P', 'EMB_P', 'EMB_P', 'EMB_P', 'EMB_P', 'EMB_P', 'EMB_P', 'EMB_P']","['EMB_O', 'EMB_O', 'EMB_O', 'EMB_O', 'EMB_O', 'EMB_O', 'EMB_O', 'EMB_O', 'EMB_O', 'EMB_O', 'OPN_B', 'OPN_E', 'EMB_O', 'EMB_O', 'EMB_O', 'EMB_O', 'EMB_O', 'EMB_O', 'EMB_O', 'EMB_P', 'EMB_P', 'EMB_P', 'EMB_P', 'EMB_P', 'EMB_P', 'EMB_P', 'EMB_P', 'EMB_P', 'EMB_P', 'EMB_P', 'EMB_P', 'EMB_P', 'EMB_P', 'EMB_P', 'EMB_P', 'EMB_P', 'EMB_P', 'EMB_P', 'EMB_P', 'EMB_P', 'EMB_P', 'EMB_P', 'EMB_P', 'EMB_P', 'EMB_P', 'EMB_P', 'EMB_P', 'EMB_P', 'EMB_P', 'EMB_P', 'EMB_P', 'EMB_P', 'EMB_P', 'EMB_P', 'EMB_P', 'EMB_P', 'EMB_P', 'EMB_P', 'EMB_P', 'EMB_P', 'EMB_P', 'EMB_P', 'EMB_P', 'EMB_P', 'EMB_P', 'EMB_P', 'EMB_P', 'EMB_P', 'EMB_P', 'EMB_P', 'EMB_P', 'EMB_P', 'EMB_P', 'EMB_P', 'EMB_P', 'EMB_P', 'EMB_P', 'EMB_P', 'EMB_P', 'EMB_P', 'EMB_P', 'EMB_P', 'EMB_P', 'EMB_P', 'EMB_P', 'EMB_P', 'EMB_P', 'EMB_P', 'EMB_P', 'EMB_P', 'EMB_P', 'EMB_P', 'EMB_P', 'EMB_P', 'EMB_P', 'EMB_P', 'EMB_P', 'EMB_P', 'EMB_P', 'EMB_P', 'EMB_P', 'EMB_P', 'EMB_P', 'EMB_P', 'EMB_P', 'EMB_P', 'EMB_P', 'EMB_P', 'EMB_P', 'EMB_P', 'EMB_P', 'EMB_P', 'EMB_P', 'EMB_P', 'EMB_P', 'EMB_P', 'EMB_P', 'EMB_P', 'EMB_P', 'EMB_P', 'EMB_P', 'EMB_P', 'EMB_P', 'EMB_P', 'EMB_P', 'EMB_P', 'EMB_P', 'EMB_P']"
373,NULL,recommended,laptop_quad_dev_319,i ' ve already recommended or bought this for 4 others .,7.88,7.75,"['EMB_O', 'EMB_O', 'EMB_O', 'EMB_O', 'EMB_O', 'EMB_O', 'EMB_O', 'EMB_O', 'EMB_O', 'EMB_O', 'EMB_O', 'EMB_O', 'EMB_O', 'EMB_O', 'EMB_P', 'EMB_P', 'EMB_P', 'EMB_P', 'EMB_P', 'EMB_P', 'EMB_P', 'EMB_P', 'EMB_P', 'EMB_P', 'EMB_P', 'EMB_P', 'EMB_P', 'EMB_P', 'EMB_P', 'EMB_P', 'EMB_P', 'EMB_P', 'EMB_P', 'EMB_P', 'EMB_P', 'EMB_P', 'EMB_P', 'EMB_P', 'EMB_P', 'EMB_P', 'EMB_P', 'EMB_P', 'EMB_P', 'EMB_P', 'EMB_P', 'EMB_P', 'EMB_P', 'EMB_P', 'EMB_P', 'EMB_P', 'EMB_P', 'EMB_P', 'EMB_P', 'EMB_P', 'EMB_P', 'EMB_P', 'EMB_P', 'EMB_P', 'EMB_P', 'EMB_P', 'EMB_P', 'EMB_P', 'EMB_P', 'EMB_P', 'EMB_P', 'EMB_P', 'EMB_P', 'EMB_P', 'EMB_P', 'EMB_P', 'EMB_P', 'EMB_P', 'EMB_P', 'EMB_P', 'EMB_P', 'EMB_P', 'EMB_P', 'EMB_P', 'EMB_P', 'EMB_P', 'EMB_P', 'EMB_P', 'EMB_P', 'EMB_P', 'EMB_P', 'EMB_P', 'EMB_P', 'EMB_P', 'EMB_P', 'EMB_P', 'EMB_P', 'EMB_P', 'EMB_P', 'EMB_P', 'EMB_P', 'EMB_P', 'EMB_P', 'EMB_P', 'EMB_P', 'EMB_P', 'EMB_P', 'EMB_P', 'EMB_P', 'EMB_P', 'EMB_P', 'EMB_P', 'EMB_P', 'EMB_P', 'EMB_P', 'EMB_P', 'EMB_P', 'EMB_P', 'EMB_P', 'EMB_P', 'EMB_P', 'EMB_P', 'EMB_P', 'EMB_P', 'EMB_P', 'EMB_P', 'EMB_P', 'EMB_P', 'EMB_P', 'EMB_P', 'EMB_P', 'EMB_P', 'EMB_P', 'EMB_P']","['EMB_O', 'EMB_O', 'EMB_O', 'EMB_O', 'EMB_O', 'OPN_S', 'EMB_O', 'EMB_O', 'EMB_O', 'EMB_O', 'EMB_O', 'EMB_O', 'EMB_O', 'EMB_O', 'EMB_P', 'EMB_P', 'EMB_P', 'EMB_P', 'EMB_P', 'EMB_P', 'EMB_P', 'EMB_P', 'EMB_P', 'EMB_P', 'EMB_P', 'EMB_P', 'EMB_P', 'EMB_P', 'EMB_P', 'EMB_P', 'EMB_P', 'EMB_P', 'EMB_P', 'EMB_P', 'EMB_P', 'EMB_P', 'EMB_P', 'EMB_P', 'EMB_P', 'EMB_P', 'EMB_P', 'EMB_P', 'EMB_P', 'EMB_P', 'EMB_P', 'EMB_P', 'EMB_P', 'EMB_P', 'EMB_P', 'EMB_P', 'EMB_P', 'EMB_P', 'EMB_P', 'EMB_P', 'EMB_P', 'EMB_P', 'EMB_P', 'EMB_P', 'EMB_P', 'EMB_P', 'EMB_P', 'EMB_P', 'EMB_P', 'EMB_P', 'EMB_P', 'EMB_P', 'EMB_P', 'EMB_P', 'EMB_P', 'EMB_P', 'EMB_P', 'EMB_P', 'EMB_P', 'EMB_P', 'EMB_P', 'EMB_P', 'EMB_P', 'EMB_P', 'EMB_P', 'EMB_P', 'EMB_P', 'EMB_P', 'EMB_P', 'EMB_P', 'EMB_P', 'EMB_P', 'EMB_P', 'EMB_P', 'EMB_P', 'EMB_P', 'EMB_P', 'EMB_P', 'EMB_P', 'EMB_P', 'EMB_P', 'EMB_P', 'EMB_P', 'EMB_P', 'EMB_P', 'EMB_P', 'EMB_P', 'EMB_P', 'EMB_P', 'EMB_P', 'EMB_P', 'EMB_P', 'EMB_P', 'EMB_P', 'EMB_P', 'EMB_P', 'EMB_P', 'EMB_P', 'EMB_P', 'EMB_P', 'EMB_P', 'EMB_P', 'EMB_P', 'EMB_P', 'EMB_P', 'EMB_P', 'EMB_P', 'EMB_P', 'EMB_P', 'EMB_P', 'EMB_P', 'EMB_P', 'EMB_P', 'EMB_P']"
374,laptop,best,laptop_quad_dev_320,the best laptop i have ever owned .,7.5,7.67,"['EMB_O', 'EMB_O', 'EMB_O', 'ASP_B', 'ASP_E', 'EMB_O', 'EMB_O', 'EMB_O', 'EMB_O', 'EMB_O', 'EMB_O', 'EMB_P', 'EMB_P', 'EMB_P', 'EMB_P', 'EMB_P', 'EMB_P', 'EMB_P', 'EMB_P', 'EMB_P', 'EMB_P', 'EMB_P', 'EMB_P', 'EMB_P', 'EMB_P', 'EMB_P', 'EMB_P', 'EMB_P', 'EMB_P', 'EMB_P', 'EMB_P', 'EMB_P', 'EMB_P', 'EMB_P', 'EMB_P', 'EMB_P', 'EMB_P', 'EMB_P', 'EMB_P', 'EMB_P', 'EMB_P', 'EMB_P', 'EMB_P', 'EMB_P', 'EMB_P', 'EMB_P', 'EMB_P', 'EMB_P', 'EMB_P', 'EMB_P', 'EMB_P', 'EMB_P', 'EMB_P', 'EMB_P', 'EMB_P', 'EMB_P', 'EMB_P', 'EMB_P', 'EMB_P', 'EMB_P', 'EMB_P', 'EMB_P', 'EMB_P', 'EMB_P', 'EMB_P', 'EMB_P', 'EMB_P', 'EMB_P', 'EMB_P', 'EMB_P', 'EMB_P', 'EMB_P', 'EMB_P', 'EMB_P', 'EMB_P', 'EMB_P', 'EMB_P', 'EMB_P', 'EMB_P', 'EMB_P', 'EMB_P', 'EMB_P', 'EMB_P', 'EMB_P', 'EMB_P', 'EMB_P', 'EMB_P', 'EMB_P', 'EMB_P', 'EMB_P', 'EMB_P', 'EMB_P', 'EMB_P', 'EMB_P', 'EMB_P', 'EMB_P', 'EMB_P', 'EMB_P', 'EMB_P', 'EMB_P', 'EMB_P', 'EMB_P', 'EMB_P', 'EMB_P', 'EMB_P', 'EMB_P', 'EMB_P', 'EMB_P', 'EMB_P', 'EMB_P', 'EMB_P', 'EMB_P', 'EMB_P', 'EMB_P', 'EMB_P', 'EMB_P', 'EMB_P', 'EMB_P', 'EMB_P', 'EMB_P', 'EMB_P', 'EMB_P', 'EMB_P', 'EMB_P', 'EMB_P', 'EMB_P', 'EMB_P', 'EMB_P']","['EMB_O', 'EMB_O', 'OPN_S', 'EMB_O', 'EMB_O', 'EMB_O', 'EMB_O', 'EMB_O', 'EMB_O', 'EMB_O', 'EMB_O', 'EMB_P', 'EMB_P', 'EMB_P', 'EMB_P', 'EMB_P', 'EMB_P', 'EMB_P', 'EMB_P', 'EMB_P', 'EMB_P', 'EMB_P', 'EMB_P', 'EMB_P', 'EMB_P', 'EMB_P', 'EMB_P', 'EMB_P', 'EMB_P', 'EMB_P', 'EMB_P', 'EMB_P', 'EMB_P', 'EMB_P', 'EMB_P', 'EMB_P', 'EMB_P', 'EMB_P', 'EMB_P', 'EMB_P', 'EMB_P', 'EMB_P', 'EMB_P', 'EMB_P', 'EMB_P', 'EMB_P', 'EMB_P', 'EMB_P', 'EMB_P', 'EMB_P', 'EMB_P', 'EMB_P', 'EMB_P', 'EMB_P', 'EMB_P', 'EMB_P', 'EMB_P', 'EMB_P', 'EMB_P', 'EMB_P', 'EMB_P', 'EMB_P', 'EMB_P', 'EMB_P', 'EMB_P', 'EMB_P', 'EMB_P', 'EMB_P', 'EMB_P', 'EMB_P', 'EMB_P', 'EMB_P', 'EMB_P', 'EMB_P', 'EMB_P', 'EMB_P', 'EMB_P', 'EMB_P', 'EMB_P', 'EMB_P', 'EMB_P', 'EMB_P', 'EMB_P', 'EMB_P', 'EMB_P', 'EMB_P', 'EMB_P', 'EMB_P', 'EMB_P', 'EMB_P', 'EMB_P', 'EMB_P', 'EMB_P', 'EMB_P', 'EMB_P', 'EMB_P', 'EMB_P', 'EMB_P', 'EMB_P', 'EMB_P', 'EMB_P', 'EMB_P', 'EMB_P', 'EMB_P', 'EMB_P', 'EMB_P', 'EMB_P', 'EMB_P', 'EMB_P', 'EMB_P', 'EMB_P', 'EMB_P', 'EMB_P', 'EMB_P', 'EMB_P', 'EMB_P', 'EMB_P', 'EMB_P', 'EMB_P', 'EMB_P', 'EMB_P', 'EMB_P', 'EMB_P', 'EMB_P', 'EMB_P', 'EMB_P', 'EMB_P', 'EMB_P']"
375,chromebook,great,laptop_quad_dev_321,"this chromebook looks and feels great , performs even better and will soon support google play apps .",7.62,7.62,"['EMB_O', 'EMB_O', 'ASP_B', 'ASP_I', 'ASP_E', 'EMB_O', 'EMB_O', 'EMB_O', 'EMB_O', 'EMB_O', 'EMB_O', 'EMB_O', 'EMB_O', 'EMB_O', 'EMB_O', 'EMB_O', 'EMB_O', 'EMB_O', 'EMB_O', 'EMB_O', 'EMB_O', 'EMB_O', 'EMB_O', 'EMB_P', 'EMB_P', 'EMB_P', 'EMB_P', 'EMB_P', 'EMB_P', 'EMB_P', 'EMB_P', 'EMB_P', 'EMB_P', 'EMB_P', 'EMB_P', 'EMB_P', 'EMB_P', 'EMB_P', 'EMB_P', 'EMB_P', 'EMB_P', 'EMB_P', 'EMB_P', 'EMB_P', 'EMB_P', 'EMB_P', 'EMB_P', 'EMB_P', 'EMB_P', 'EMB_P', 'EMB_P', 'EMB_P', 'EMB_P', 'EMB_P', 'EMB_P', 'EMB_P', 'EMB_P', 'EMB_P', 'EMB_P', 'EMB_P', 'EMB_P', 'EMB_P', 'EMB_P', 'EMB_P', 'EMB_P', 'EMB_P', 'EMB_P', 'EMB_P', 'EMB_P', 'EMB_P', 'EMB_P', 'EMB_P', 'EMB_P', 'EMB_P', 'EMB_P', 'EMB_P', 'EMB_P', 'EMB_P', 'EMB_P', 'EMB_P', 'EMB_P', 'EMB_P', 'EMB_P', 'EMB_P', 'EMB_P', 'EMB_P', 'EMB_P', 'EMB_P', 'EMB_P', 'EMB_P', 'EMB_P', 'EMB_P', 'EMB_P', 'EMB_P', 'EMB_P', 'EMB_P', 'EMB_P', 'EMB_P', 'EMB_P', 'EMB_P', 'EMB_P', 'EMB_P', 'EMB_P', 'EMB_P', 'EMB_P', 'EMB_P', 'EMB_P', 'EMB_P', 'EMB_P', 'EMB_P', 'EMB_P', 'EMB_P', 'EMB_P', 'EMB_P', 'EMB_P', 'EMB_P', 'EMB_P', 'EMB_P', 'EMB_P', 'EMB_P', 'EMB_P', 'EMB_P', 'EMB_P', 'EMB_P', 'EMB_P', 'EMB_P', 'EMB_P', 'EMB_P']","['EMB_O', 'EMB_O', 'EMB_O', 'EMB_O', 'EMB_O', 'EMB_O', 'EMB_O', 'EMB_O', 'OPN_S', 'EMB_O', 'EMB_O', 'EMB_O', 'EMB_O', 'EMB_O', 'EMB_O', 'EMB_O', 'EMB_O', 'EMB_O', 'EMB_O', 'EMB_O', 'EMB_O', 'EMB_O', 'EMB_O', 'EMB_P', 'EMB_P', 'EMB_P', 'EMB_P', 'EMB_P', 'EMB_P', 'EMB_P', 'EMB_P', 'EMB_P', 'EMB_P', 'EMB_P', 'EMB_P', 'EMB_P', 'EMB_P', 'EMB_P', 'EMB_P', 'EMB_P', 'EMB_P', 'EMB_P', 'EMB_P', 'EMB_P', 'EMB_P', 'EMB_P', 'EMB_P', 'EMB_P', 'EMB_P', 'EMB_P', 'EMB_P', 'EMB_P', 'EMB_P', 'EMB_P', 'EMB_P', 'EMB_P', 'EMB_P', 'EMB_P', 'EMB_P', 'EMB_P', 'EMB_P', 'EMB_P', 'EMB_P', 'EMB_P', 'EMB_P', 'EMB_P', 'EMB_P', 'EMB_P', 'EMB_P', 'EMB_P', 'EMB_P', 'EMB_P', 'EMB_P', 'EMB_P', 'EMB_P', 'EMB_P', 'EMB_P', 'EMB_P', 'EMB_P', 'EMB_P', 'EMB_P', 'EMB_P', 'EMB_P', 'EMB_P', 'EMB_P', 'EMB_P', 'EMB_P', 'EMB_P', 'EMB_P', 'EMB_P', 'EMB_P', 'EMB_P', 'EMB_P', 'EMB_P', 'EMB_P', 'EMB_P', 'EMB_P', 'EMB_P', 'EMB_P', 'EMB_P', 'EMB_P', 'EMB_P', 'EMB_P', 'EMB_P', 'EMB_P', 'EMB_P', 'EMB_P', 'EMB_P', 'EMB_P', 'EMB_P', 'EMB_P', 'EMB_P', 'EMB_P', 'EMB_P', 'EMB_P', 'EMB_P', 'EMB_P', 'EMB_P', 'EMB_P', 'EMB_P', 'EMB_P', 'EMB_P', 'EMB_P', 'EMB_P', 'EMB_P', 'EMB_P', 'EMB_P', 'EMB_P']"
376,NULL,perfectly,laptop_quad_dev_322,it works perfectly and feels very tight but it is something i noticed .,7.83,8.0,"['EMB_O', 'EMB_O', 'EMB_O', 'EMB_O', 'EMB_O', 'EMB_O', 'EMB_O', 'EMB_O', 'EMB_O', 'EMB_O', 'EMB_O', 'EMB_O', 'EMB_O', 'EMB_O', 'EMB_O', 'EMB_O', 'EMB_O', 'EMB_O', 'EMB_P', 'EMB_P', 'EMB_P', 'EMB_P', 'EMB_P', 'EMB_P', 'EMB_P', 'EMB_P', 'EMB_P', 'EMB_P', 'EMB_P', 'EMB_P', 'EMB_P', 'EMB_P', 'EMB_P', 'EMB_P', 'EMB_P', 'EMB_P', 'EMB_P', 'EMB_P', 'EMB_P', 'EMB_P', 'EMB_P', 'EMB_P', 'EMB_P', 'EMB_P', 'EMB_P', 'EMB_P', 'EMB_P', 'EMB_P', 'EMB_P', 'EMB_P', 'EMB_P', 'EMB_P', 'EMB_P', 'EMB_P', 'EMB_P', 'EMB_P', 'EMB_P', 'EMB_P', 'EMB_P', 'EMB_P', 'EMB_P', 'EMB_P', 'EMB_P', 'EMB_P', 'EMB_P', 'EMB_P', 'EMB_P', 'EMB_P', 'EMB_P', 'EMB_P', 'EMB_P', 'EMB_P', 'EMB_P', 'EMB_P', 'EMB_P', 'EMB_P', 'EMB_P', 'EMB_P', 'EMB_P', 'EMB_P', 'EMB_P', 'EMB_P', 'EMB_P', 'EMB_P', 'EMB_P', 'EMB_P', 'EMB_P', 'EMB_P', 'EMB_P', 'EMB_P', 'EMB_P', 'EMB_P', 'EMB_P', 'EMB_P', 'EMB_P', 'EMB_P', 'EMB_P', 'EMB_P', 'EMB_P', 'EMB_P', 'EMB_P', 'EMB_P', 'EMB_P', 'EMB_P', 'EMB_P', 'EMB_P', 'EMB_P', 'EMB_P', 'EMB_P', 'EMB_P', 'EMB_P', 'EMB_P', 'EMB_P', 'EMB_P', 'EMB_P', 'EMB_P', 'EMB_P', 'EMB_P', 'EMB_P', 'EMB_P', 'EMB_P', 'EMB_P', 'EMB_P', 'EMB_P', 'EMB_P', 'EMB_P', 'EMB_P', 'EMB_P']","['EMB_O', 'EMB_O', 'EMB_O', 'OPN_B', 'OPN_E', 'EMB_O', 'EMB_O', 'EMB_O', 'EMB_O', 'EMB_O', 'EMB_O', 'EMB_O', 'EMB_O', 'EMB_O', 'EMB_O', 'EMB_O', 'EMB_O', 'EMB_O', 'EMB_P', 'EMB_P', 'EMB_P', 'EMB_P', 'EMB_P', 'EMB_P', 'EMB_P', 'EMB_P', 'EMB_P', 'EMB_P', 'EMB_P', 'EMB_P', 'EMB_P', 'EMB_P', 'EMB_P', 'EMB_P', 'EMB_P', 'EMB_P', 'EMB_P', 'EMB_P', 'EMB_P', 'EMB_P', 'EMB_P', 'EMB_P', 'EMB_P', 'EMB_P', 'EMB_P', 'EMB_P', 'EMB_P', 'EMB_P', 'EMB_P', 'EMB_P', 'EMB_P', 'EMB_P', 'EMB_P', 'EMB_P', 'EMB_P', 'EMB_P', 'EMB_P', 'EMB_P', 'EMB_P', 'EMB_P', 'EMB_P', 'EMB_P', 'EMB_P', 'EMB_P', 'EMB_P', 'EMB_P', 'EMB_P', 'EMB_P', 'EMB_P', 'EMB_P', 'EMB_P', 'EMB_P', 'EMB_P', 'EMB_P', 'EMB_P', 'EMB_P', 'EMB_P', 'EMB_P', 'EMB_P', 'EMB_P', 'EMB_P', 'EMB_P', 'EMB_P', 'EMB_P', 'EMB_P', 'EMB_P', 'EMB_P', 'EMB_P', 'EMB_P', 'EMB_P', 'EMB_P', 'EMB_P', 'EMB_P', 'EMB_P', 'EMB_P', 'EMB_P', 'EMB_P', 'EMB_P', 'EMB_P', 'EMB_P', 'EMB_P', 'EMB_P', 'EMB_P', 'EMB_P', 'EMB_P', 'EMB_P', 'EMB_P', 'EMB_P', 'EMB_P', 'EMB_P', 'EMB_P', 'EMB_P', 'EMB_P', 'EMB_P', 'EMB_P', 'EMB_P', 'EMB_P', 'EMB_P', 'EMB_P', 'EMB_P', 'EMB_P', 'EMB_P', 'EMB_P', 'EMB_P', 'EMB_P', 'EMB_P', 'EMB_P', 'EMB_P']"
377,chromebook,very nice,laptop_quad_dev_323,this is a very nice chromebook .,7.12,7.25,"['EMB_O', 'EMB_O', 'EMB_O', 'EMB_O', 'EMB_O', 'EMB_O', 'EMB_O', 'ASP_B', 'ASP_I', 'ASP_E', 'EMB_O', 'EMB_O', 'EMB_P', 'EMB_P', 'EMB_P', 'EMB_P', 'EMB_P', 'EMB_P', 'EMB_P', 'EMB_P', 'EMB_P', 'EMB_P', 'EMB_P', 'EMB_P', 'EMB_P', 'EMB_P', 'EMB_P', 'EMB_P', 'EMB_P', 'EMB_P', 'EMB_P', 'EMB_P', 'EMB_P', 'EMB_P', 'EMB_P', 'EMB_P', 'EMB_P', 'EMB_P', 'EMB_P', 'EMB_P', 'EMB_P', 'EMB_P', 'EMB_P', 'EMB_P', 'EMB_P', 'EMB_P', 'EMB_P', 'EMB_P', 'EMB_P', 'EMB_P', 'EMB_P', 'EMB_P', 'EMB_P', 'EMB_P', 'EMB_P', 'EMB_P', 'EMB_P', 'EMB_P', 'EMB_P', 'EMB_P', 'EMB_P', 'EMB_P', 'EMB_P', 'EMB_P', 'EMB_P', 'EMB_P', 'EMB_P', 'EMB_P', 'EMB_P', 'EMB_P', 'EMB_P', 'EMB_P', 'EMB_P', 'EMB_P', 'EMB_P', 'EMB_P', 'EMB_P', 'EMB_P', 'EMB_P', 'EMB_P', 'EMB_P', 'EMB_P', 'EMB_P', 'EMB_P', 'EMB_P', 'EMB_P', 'EMB_P', 'EMB_P', 'EMB_P', 'EMB_P', 'EMB_P', 'EMB_P', 'EMB_P', 'EMB_P', 'EMB_P', 'EMB_P', 'EMB_P', 'EMB_P', 'EMB_P', 'EMB_P', 'EMB_P', 'EMB_P', 'EMB_P', 'EMB_P', 'EMB_P', 'EMB_P', 'EMB_P', 'EMB_P', 'EMB_P', 'EMB_P', 'EMB_P', 'EMB_P', 'EMB_P', 'EMB_P', 'EMB_P', 'EMB_P', 'EMB_P', 'EMB_P', 'EMB_P', 'EMB_P', 'EMB_P', 'EMB_P', 'EMB_P', 'EMB_P', 'EMB_P', 'EMB_P', 'EMB_P', 'EMB_P']","['EMB_O', 'EMB_O', 'EMB_O', 'EMB_O', 'OPN_B', 'OPN_I', 'OPN_E', 'EMB_O', 'EMB_O', 'EMB_O', 'EMB_O', 'EMB_O', 'EMB_P', 'EMB_P', 'EMB_P', 'EMB_P', 'EMB_P', 'EMB_P', 'EMB_P', 'EMB_P', 'EMB_P', 'EMB_P', 'EMB_P', 'EMB_P', 'EMB_P', 'EMB_P', 'EMB_P', 'EMB_P', 'EMB_P', 'EMB_P', 'EMB_P', 'EMB_P', 'EMB_P', 'EMB_P', 'EMB_P', 'EMB_P', 'EMB_P', 'EMB_P', 'EMB_P', 'EMB_P', 'EMB_P', 'EMB_P', 'EMB_P', 'EMB_P', 'EMB_P', 'EMB_P', 'EMB_P', 'EMB_P', 'EMB_P', 'EMB_P', 'EMB_P', 'EMB_P', 'EMB_P', 'EMB_P', 'EMB_P', 'EMB_P', 'EMB_P', 'EMB_P', 'EMB_P', 'EMB_P', 'EMB_P', 'EMB_P', 'EMB_P', 'EMB_P', 'EMB_P', 'EMB_P', 'EMB_P', 'EMB_P', 'EMB_P', 'EMB_P', 'EMB_P', 'EMB_P', 'EMB_P', 'EMB_P', 'EMB_P', 'EMB_P', 'EMB_P', 'EMB_P', 'EMB_P', 'EMB_P', 'EMB_P', 'EMB_P', 'EMB_P', 'EMB_P', 'EMB_P', 'EMB_P', 'EMB_P', 'EMB_P', 'EMB_P', 'EMB_P', 'EMB_P', 'EMB_P', 'EMB_P', 'EMB_P', 'EMB_P', 'EMB_P', 'EMB_P', 'EMB_P', 'EMB_P', 'EMB_P', 'EMB_P', 'EMB_P', 'EMB_P', 'EMB_P', 'EMB_P', 'EMB_P', 'EMB_P', 'EMB_P', 'EMB_P', 'EMB_P', 'EMB_P', 'EMB_P', 'EMB_P', 'EMB_P', 'EMB_P', 'EMB_P', 'EMB_P', 'EMB_P', 'EMB_P', 'EMB_P', 'EMB_P', 'EMB_P', 'EMB_P', 'EMB_P', 'EMB_P', 'EMB_P', 'EMB_P', 'EMB_P']"
378,asus product,very happy,laptop_quad_dev_324,"this is my second asus product , and i have been very happy with both .",7.62,7.62,"['EMB_O', 'EMB_O', 'EMB_O', 'EMB_O', 'EMB_O', 'ASP_B', 'ASP_E', 'EMB_O', 'EMB_O', 'EMB_O', 'EMB_O', 'EMB_O', 'EMB_O', 'EMB_O', 'EMB_O', 'EMB_O', 'EMB_O', 'EMB_O', 'EMB_P', 'EMB_P', 'EMB_P', 'EMB_P', 'EMB_P', 'EMB_P', 'EMB_P', 'EMB_P', 'EMB_P', 'EMB_P', 'EMB_P', 'EMB_P', 'EMB_P', 'EMB_P', 'EMB_P', 'EMB_P', 'EMB_P', 'EMB_P', 'EMB_P', 'EMB_P', 'EMB_P', 'EMB_P', 'EMB_P', 'EMB_P', 'EMB_P', 'EMB_P', 'EMB_P', 'EMB_P', 'EMB_P', 'EMB_P', 'EMB_P', 'EMB_P', 'EMB_P', 'EMB_P', 'EMB_P', 'EMB_P', 'EMB_P', 'EMB_P', 'EMB_P', 'EMB_P', 'EMB_P', 'EMB_P', 'EMB_P', 'EMB_P', 'EMB_P', 'EMB_P', 'EMB_P', 'EMB_P', 'EMB_P', 'EMB_P', 'EMB_P', 'EMB_P', 'EMB_P', 'EMB_P', 'EMB_P', 'EMB_P', 'EMB_P', 'EMB_P', 'EMB_P', 'EMB_P', 'EMB_P', 'EMB_P', 'EMB_P', 'EMB_P', 'EMB_P', 'EMB_P', 'EMB_P', 'EMB_P', 'EMB_P', 'EMB_P', 'EMB_P', 'EMB_P', 'EMB_P', 'EMB_P', 'EMB_P', 'EMB_P', 'EMB_P', 'EMB_P', 'EMB_P', 'EMB_P', 'EMB_P', 'EMB_P', 'EMB_P', 'EMB_P', 'EMB_P', 'EMB_P', 'EMB_P', 'EMB_P', 'EMB_P', 'EMB_P', 'EMB_P', 'EMB_P', 'EMB_P', 'EMB_P', 'EMB_P', 'EMB_P', 'EMB_P', 'EMB_P', 'EMB_P', 'EMB_P', 'EMB_P', 'EMB_P', 'EMB_P', 'EMB_P', 'EMB_P', 'EMB_P', 'EMB_P', 'EMB_P', 'EMB_P', 'EMB_P']","['EMB_O', 'EMB_O', 'EMB_O', 'EMB_O', 'EMB_O', 'EMB_O', 'EMB_O', 'EMB_O', 'EMB_O', 'EMB_O', 'EMB_O', 'EMB_O', 'OPN_B', 'OPN_E', 'EMB_O', 'EMB_O', 'EMB_O', 'EMB_O', 'EMB_P', 'EMB_P', 'EMB_P', 'EMB_P', 'EMB_P', 'EMB_P', 'EMB_P', 'EMB_P', 'EMB_P', 'EMB_P', 'EMB_P', 'EMB_P', 'EMB_P', 'EMB_P', 'EMB_P', 'EMB_P', 'EMB_P', 'EMB_P', 'EMB_P', 'EMB_P', 'EMB_P', 'EMB_P', 'EMB_P', 'EMB_P', 'EMB_P', 'EMB_P', 'EMB_P', 'EMB_P', 'EMB_P', 'EMB_P', 'EMB_P', 'EMB_P', 'EMB_P', 'EMB_P', 'EMB_P', 'EMB_P', 'EMB_P', 'EMB_P', 'EMB_P', 'EMB_P', 'EMB_P', 'EMB_P', 'EMB_P', 'EMB_P', 'EMB_P', 'EMB_P', 'EMB_P', 'EMB_P', 'EMB_P', 'EMB_P', 'EMB_P', 'EMB_P', 'EMB_P', 'EMB_P', 'EMB_P', 'EMB_P', 'EMB_P', 'EMB_P', 'EMB_P', 'EMB_P', 'EMB_P', 'EMB_P', 'EMB_P', 'EMB_P', 'EMB_P', 'EMB_P', 'EMB_P', 'EMB_P', 'EMB_P', 'EMB_P', 'EMB_P', 'EMB_P', 'EMB_P', 'EMB_P', 'EMB_P', 'EMB_P', 'EMB_P', 'EMB_P', 'EMB_P', 'EMB_P', 'EMB_P', 'EMB_P', 'EMB_P', 'EMB_P', 'EMB_P', 'EMB_P', 'EMB_P', 'EMB_P', 'EMB_P', 'EMB_P', 'EMB_P', 'EMB_P', 'EMB_P', 'EMB_P', 'EMB_P', 'EMB_P', 'EMB_P', 'EMB_P', 'EMB_P', 'EMB_P', 'EMB_P', 'EMB_P', 'EMB_P', 'EMB_P', 'EMB_P', 'EMB_P', 'EMB_P', 'EMB_P', 'EMB_P', 'EMB_P']"
379,tablet transition,loved,laptop_quad_dev_325,i loved the tablet transition to it .,6.88,6.62,"['EMB_O', 'EMB_O', 'EMB_O', 'EMB_O', 'ASP_B', 'ASP_I', 'ASP_E', 'EMB_O', 'EMB_O', 'EMB_O', 'EMB_O', 'EMB_P', 'EMB_P', 'EMB_P', 'EMB_P', 'EMB_P', 'EMB_P', 'EMB_P', 'EMB_P', 'EMB_P', 'EMB_P', 'EMB_P', 'EMB_P', 'EMB_P', 'EMB_P', 'EMB_P', 'EMB_P', 'EMB_P', 'EMB_P', 'EMB_P', 'EMB_P', 'EMB_P', 'EMB_P', 'EMB_P', 'EMB_P', 'EMB_P', 'EMB_P', 'EMB_P', 'EMB_P', 'EMB_P', 'EMB_P', 'EMB_P', 'EMB_P', 'EMB_P', 'EMB_P', 'EMB_P', 'EMB_P', 'EMB_P', 'EMB_P', 'EMB_P', 'EMB_P', 'EMB_P', 'EMB_P', 'EMB_P', 'EMB_P', 'EMB_P', 'EMB_P', 'EMB_P', 'EMB_P', 'EMB_P', 'EMB_P', 'EMB_P', 'EMB_P', 'EMB_P', 'EMB_P', 'EMB_P', 'EMB_P', 'EMB_P', 'EMB_P', 'EMB_P', 'EMB_P', 'EMB_P', 'EMB_P', 'EMB_P', 'EMB_P', 'EMB_P', 'EMB_P', 'EMB_P', 'EMB_P', 'EMB_P', 'EMB_P', 'EMB_P', 'EMB_P', 'EMB_P', 'EMB_P', 'EMB_P', 'EMB_P', 'EMB_P', 'EMB_P', 'EMB_P', 'EMB_P', 'EMB_P', 'EMB_P', 'EMB_P', 'EMB_P', 'EMB_P', 'EMB_P', 'EMB_P', 'EMB_P', 'EMB_P', 'EMB_P', 'EMB_P', 'EMB_P', 'EMB_P', 'EMB_P', 'EMB_P', 'EMB_P', 'EMB_P', 'EMB_P', 'EMB_P', 'EMB_P', 'EMB_P', 'EMB_P', 'EMB_P', 'EMB_P', 'EMB_P', 'EMB_P', 'EMB_P', 'EMB_P', 'EMB_P', 'EMB_P', 'EMB_P', 'EMB_P', 'EMB_P', 'EMB_P', 'EMB_P', 'EMB_P', 'EMB_P']","['EMB_O', 'EMB_O', 'OPN_S', 'EMB_O', 'EMB_O', 'EMB_O', 'EMB_O', 'EMB_O', 'EMB_O', 'EMB_O', 'EMB_O', 'EMB_P', 'EMB_P', 'EMB_P', 'EMB_P', 'EMB_P', 'EMB_P', 'EMB_P', 'EMB_P', 'EMB_P', 'EMB_P', 'EMB_P', 'EMB_P', 'EMB_P', 'EMB_P', 'EMB_P', 'EMB_P', 'EMB_P', 'EMB_P', 'EMB_P', 'EMB_P', 'EMB_P', 'EMB_P', 'EMB_P', 'EMB_P', 'EMB_P', 'EMB_P', 'EMB_P', 'EMB_P', 'EMB_P', 'EMB_P', 'EMB_P', 'EMB_P', 'EMB_P', 'EMB_P', 'EMB_P', 'EMB_P', 'EMB_P', 'EMB_P', 'EMB_P', 'EMB_P', 'EMB_P', 'EMB_P', 'EMB_P', 'EMB_P', 'EMB_P', 'EMB_P', 'EMB_P', 'EMB_P', 'EMB_P', 'EMB_P', 'EMB_P', 'EMB_P', 'EMB_P', 'EMB_P', 'EMB_P', 'EMB_P', 'EMB_P', 'EMB_P', 'EMB_P', 'EMB_P', 'EMB_P', 'EMB_P', 'EMB_P', 'EMB_P', 'EMB_P', 'EMB_P', 'EMB_P', 'EMB_P', 'EMB_P', 'EMB_P', 'EMB_P', 'EMB_P', 'EMB_P', 'EMB_P', 'EMB_P', 'EMB_P', 'EMB_P', 'EMB_P', 'EMB_P', 'EMB_P', 'EMB_P', 'EMB_P', 'EMB_P', 'EMB_P', 'EMB_P', 'EMB_P', 'EMB_P', 'EMB_P', 'EMB_P', 'EMB_P', 'EMB_P', 'EMB_P', 'EMB_P', 'EMB_P', 'EMB_P', 'EMB_P', 'EMB_P', 'EMB_P', 'EMB_P', 'EMB_P', 'EMB_P', 'EMB_P', 'EMB_P', 'EMB_P', 'EMB_P', 'EMB_P', 'EMB_P', 'EMB_P', 'EMB_P', 'EMB_P', 'EMB_P', 'EMB_P', 'EMB_P', 'EMB_P', 'EMB_P', 'EMB_P', 'EMB_P']"
380,usb ports,cons,laptop_quad_dev_326,cons : no usb ports .,3.67,6.17,"['EMB_O', 'EMB_O', 'EMB_O', 'EMB_O', 'EMB_O', 'ASP_B', 'ASP_I', 'ASP_E', 'EMB_O', 'EMB_O', 'EMB_P', 'EMB_P', 'EMB_P', 'EMB_P', 'EMB_P', 'EMB_P', 'EMB_P', 'EMB_P', 'EMB_P', 'EMB_P', 'EMB_P', 'EMB_P', 'EMB_P', 'EMB_P', 'EMB_P', 'EMB_P', 'EMB_P', 'EMB_P', 'EMB_P', 'EMB_P', 'EMB_P', 'EMB_P', 'EMB_P', 'EMB_P', 'EMB_P', 'EMB_P', 'EMB_P', 'EMB_P', 'EMB_P', 'EMB_P', 'EMB_P', 'EMB_P', 'EMB_P', 'EMB_P', 'EMB_P', 'EMB_P', 'EMB_P', 'EMB_P', 'EMB_P', 'EMB_P', 'EMB_P', 'EMB_P', 'EMB_P', 'EMB_P', 'EMB_P', 'EMB_P', 'EMB_P', 'EMB_P', 'EMB_P', 'EMB_P', 'EMB_P', 'EMB_P', 'EMB_P', 'EMB_P', 'EMB_P', 'EMB_P', 'EMB_P', 'EMB_P', 'EMB_P', 'EMB_P', 'EMB_P', 'EMB_P', 'EMB_P', 'EMB_P', 'EMB_P', 'EMB_P', 'EMB_P', 'EMB_P', 'EMB_P', 'EMB_P', 'EMB_P', 'EMB_P', 'EMB_P', 'EMB_P', 'EMB_P', 'EMB_P', 'EMB_P', 'EMB_P', 'EMB_P', 'EMB_P', 'EMB_P', 'EMB_P', 'EMB_P', 'EMB_P', 'EMB_P', 'EMB_P', 'EMB_P', 'EMB_P', 'EMB_P', 'EMB_P', 'EMB_P', 'EMB_P', 'EMB_P', 'EMB_P', 'EMB_P', 'EMB_P', 'EMB_P', 'EMB_P', 'EMB_P', 'EMB_P', 'EMB_P', 'EMB_P', 'EMB_P', 'EMB_P', 'EMB_P', 'EMB_P', 'EMB_P', 'EMB_P', 'EMB_P', 'EMB_P', 'EMB_P', 'EMB_P', 'EMB_P', 'EMB_P', 'EMB_P', 'EMB_P', 'EMB_P', 'EMB_P']","['EMB_O', 'OPN_B', 'OPN_E', 'EMB_O', 'EMB_O', 'EMB_O', 'EMB_O', 'EMB_O', 'EMB_O', 'EMB_O', 'EMB_P', 'EMB_P', 'EMB_P', 'EMB_P', 'EMB_P', 'EMB_P', 'EMB_P', 'EMB_P', 'EMB_P', 'EMB_P', 'EMB_P', 'EMB_P', 'EMB_P', 'EMB_P', 'EMB_P', 'EMB_P', 'EMB_P', 'EMB_P', 'EMB_P', 'EMB_P', 'EMB_P', 'EMB_P', 'EMB_P', 'EMB_P', 'EMB_P', 'EMB_P', 'EMB_P', 'EMB_P', 'EMB_P', 'EMB_P', 'EMB_P', 'EMB_P', 'EMB_P', 'EMB_P', 'EMB_P', 'EMB_P', 'EMB_P', 'EMB_P', 'EMB_P', 'EMB_P', 'EMB_P', 'EMB_P', 'EMB_P', 'EMB_P', 'EMB_P', 'EMB_P', 'EMB_P', 'EMB_P', 'EMB_P', 'EMB_P', 'EMB_P', 'EMB_P', 'EMB_P', 'EMB_P', 'EMB_P', 'EMB_P', 'EMB_P', 'EMB_P', 'EMB_P', 'EMB_P', 'EMB_P', 'EMB_P', 'EMB_P', 'EMB_P', 'EMB_P', 'EMB_P', 'EMB_P', 'EMB_P', 'EMB_P', 'EMB_P', 'EMB_P', 'EMB_P', 'EMB_P', 'EMB_P', 'EMB_P', 'EMB_P', 'EMB_P', 'EMB_P', 'EMB_P', 'EMB_P', 'EMB_P', 'EMB_P', 'EMB_P', 'EMB_P', 'EMB_P', 'EMB_P', 'EMB_P', 'EMB_P', 'EMB_P', 'EMB_P', 'EMB_P', 'EMB_P', 'EMB_P', 'EMB_P', 'EMB_P', 'EMB_P', 'EMB_P', 'EMB_P', 'EMB_P', 'EMB_P', 'EMB_P', 'EMB_P', 'EMB_P', 'EMB_P', 'EMB_P', 'EMB_P', 'EMB_P', 'EMB_P', 'EMB_P', 'EMB_P', 'EMB_P', 'EMB_P', 'EMB_P', 'EMB_P', 'EMB_P', 'EMB_P', 'EMB_P', 'EMB_P']"
