,Aspect,Opinion,ID,Text,Valence,Arousal,BIOES_asp,BIOES_opn
0,закусок,невелика,24713:4_999,"Коли прийшли, мене здивувала невелика кількість закусок.",3.33,5.67,"['EMB_O', 'EMB_O', 'EMB_O', 'EMB_O', 'EMB_O', 'EMB_O', 'EMB_O', 'EMB_O', 'EMB_O', 'EMB_O', 'EMB_O', 'EMB_O', 'EMB_O', 'EMB_O', 'EMB_O', 'ASP_B', 'ASP_I', 'ASP_E', 'EMB_O', 'EMB_O', 'EMB_P', 'EMB_P', 'EMB_P', 'EMB_P', 'EMB_P', 'EMB_P', 'EMB_P', 'EMB_P', 'EMB_P', 'EMB_P', 'EMB_P', 'EMB_P', 'EMB_P', 'EMB_P', 'EMB_P', 'EMB_P', 'EMB_P', 'EMB_P', 'EMB_P', 'EMB_P', 'EMB_P', 'EMB_P', 'EMB_P', 'EMB_P', 'EMB_P', 'EMB_P', 'EMB_P', 'EMB_P', 'EMB_P', 'EMB_P', 'EMB_P', 'EMB_P', 'EMB_P', 'EMB_P', 'EMB_P', 'EMB_P', 'EMB_P', 'EMB_P', 'EMB_P', 'EMB_P', 'EMB_P', 'EMB_P', 'EMB_P', 'EMB_P', 'EMB_P', 'EMB_P', 'EMB_P', 'EMB_P', 'EMB_P', 'EMB_P', 'EMB_P', 'EMB_P', 'EMB_P', 'EMB_P', 'EMB_P', 'EMB_P', 'EMB_P', 'EMB_P', 'EMB_P', 'EMB_P', 'EMB_P', 'EMB_P', 'EMB_P', 'EMB_P', 'EMB_P', 'EMB_P', 'EMB_P', 'EMB_P', 'EMB_P', 'EMB_P', 'EMB_P', 'EMB_P', 'EMB_P', 'EMB_P', 'EMB_P', 'EMB_P', 'EMB_P', 'EMB_P', 'EMB_P', 'EMB_P', 'EMB_P', 'EMB_P', 'EMB_P', 'EMB_P', 'EMB_P', 'EMB_P', 'EMB_P', 'EMB_P', 'EMB_P', 'EMB_P', 'EMB_P', 'EMB_P', 'EMB_P', 'EMB_P', 'EMB_P', 'EMB_P', 'EMB_P', 'EMB_P', 'EMB_P', 'EMB_P', 'EMB_P', 'EMB_P', 'EMB_P', 'EMB_P', 'EMB_P', 'EMB_P', 'EMB_P', 'EMB_P']","['EMB_O', 'EMB_O', 'EMB_O', 'EMB_O', 'EMB_O', 'EMB_O', 'EMB_O', 'EMB_O', 'EMB_O', 'EMB_O', 'EMB_O', 'OPN_B', 'OPN_I', 'OPN_E', 'EMB_O', 'EMB_O', 'EMB_O', 'EMB_O', 'EMB_O', 'EMB_O', 'EMB_P', 'EMB_P', 'EMB_P', 'EMB_P', 'EMB_P', 'EMB_P', 'EMB_P', 'EMB_P', 'EMB_P', 'EMB_P', 'EMB_P', 'EMB_P', 'EMB_P', 'EMB_P', 'EMB_P', 'EMB_P', 'EMB_P', 'EMB_P', 'EMB_P', 'EMB_P', 'EMB_P', 'EMB_P', 'EMB_P', 'EMB_P', 'EMB_P', 'EMB_P', 'EMB_P', 'EMB_P', 'EMB_P', 'EMB_P', 'EMB_P', 'EMB_P', 'EMB_P', 'EMB_P', 'EMB_P', 'EMB_P', 'EMB_P', 'EMB_P', 'EMB_P', 'EMB_P', 'EMB_P', 'EMB_P', 'EMB_P', 'EMB_P', 'EMB_P', 'EMB_P', 'EMB_P', 'EMB_P', 'EMB_P', 'EMB_P', 'EMB_P', 'EMB_P', 'EMB_P', 'EMB_P', 'EMB_P', 'EMB_P', 'EMB_P', 'EMB_P', 'EMB_P', 'EMB_P', 'EMB_P', 'EMB_P', 'EMB_P', 'EMB_P', 'EMB_P', 'EMB_P', 'EMB_P', 'EMB_P', 'EMB_P', 'EMB_P', 'EMB_P', 'EMB_P', 'EMB_P', 'EMB_P', 'EMB_P', 'EMB_P', 'EMB_P', 'EMB_P', 'EMB_P', 'EMB_P', 'EMB_P', 'EMB_P', 'EMB_P', 'EMB_P', 'EMB_P', 'EMB_P', 'EMB_P', 'EMB_P', 'EMB_P', 'EMB_P', 'EMB_P', 'EMB_P', 'EMB_P', 'EMB_P', 'EMB_P', 'EMB_P', 'EMB_P', 'EMB_P', 'EMB_P', 'EMB_P', 'EMB_P', 'EMB_P', 'EMB_P', 'EMB_P', 'EMB_P', 'EMB_P', 'EMB_P', 'EMB_P']"
1,Сирна тарілка,вразила засохлим сиром,24713:6_1000,Сирна тарілка вразила засохлим сиром.,1.67,7.67,"['EMB_O', 'ASP_B', 'ASP_I', 'ASP_I', 'ASP_I', 'ASP_I', 'ASP_E', 'EMB_O', 'EMB_O', 'EMB_O', 'EMB_O', 'EMB_O', 'EMB_O', 'EMB_O', 'EMB_O', 'EMB_O', 'EMB_O', 'EMB_O', 'EMB_P', 'EMB_P', 'EMB_P', 'EMB_P', 'EMB_P', 'EMB_P', 'EMB_P', 'EMB_P', 'EMB_P', 'EMB_P', 'EMB_P', 'EMB_P', 'EMB_P', 'EMB_P', 'EMB_P', 'EMB_P', 'EMB_P', 'EMB_P', 'EMB_P', 'EMB_P', 'EMB_P', 'EMB_P', 'EMB_P', 'EMB_P', 'EMB_P', 'EMB_P', 'EMB_P', 'EMB_P', 'EMB_P', 'EMB_P', 'EMB_P', 'EMB_P', 'EMB_P', 'EMB_P', 'EMB_P', 'EMB_P', 'EMB_P', 'EMB_P', 'EMB_P', 'EMB_P', 'EMB_P', 'EMB_P', 'EMB_P', 'EMB_P', 'EMB_P', 'EMB_P', 'EMB_P', 'EMB_P', 'EMB_P', 'EMB_P', 'EMB_P', 'EMB_P', 'EMB_P', 'EMB_P', 'EMB_P', 'EMB_P', 'EMB_P', 'EMB_P', 'EMB_P', 'EMB_P', 'EMB_P', 'EMB_P', 'EMB_P', 'EMB_P', 'EMB_P', 'EMB_P', 'EMB_P', 'EMB_P', 'EMB_P', 'EMB_P', 'EMB_P', 'EMB_P', 'EMB_P', 'EMB_P', 'EMB_P', 'EMB_P', 'EMB_P', 'EMB_P', 'EMB_P', 'EMB_P', 'EMB_P', 'EMB_P', 'EMB_P', 'EMB_P', 'EMB_P', 'EMB_P', 'EMB_P', 'EMB_P', 'EMB_P', 'EMB_P', 'EMB_P', 'EMB_P', 'EMB_P', 'EMB_P', 'EMB_P', 'EMB_P', 'EMB_P', 'EMB_P', 'EMB_P', 'EMB_P', 'EMB_P', 'EMB_P', 'EMB_P', 'EMB_P', 'EMB_P', 'EMB_P', 'EMB_P', 'EMB_P', 'EMB_P', 'EMB_P']","['EMB_O', 'EMB_O', 'EMB_O', 'EMB_O', 'EMB_O', 'EMB_O', 'EMB_O', 'OPN_B', 'OPN_I', 'OPN_I', 'OPN_I', 'OPN_I', 'OPN_I', 'OPN_I', 'OPN_I', 'OPN_E', 'EMB_O', 'EMB_O', 'EMB_P', 'EMB_P', 'EMB_P', 'EMB_P', 'EMB_P', 'EMB_P', 'EMB_P', 'EMB_P', 'EMB_P', 'EMB_P', 'EMB_P', 'EMB_P', 'EMB_P', 'EMB_P', 'EMB_P', 'EMB_P', 'EMB_P', 'EMB_P', 'EMB_P', 'EMB_P', 'EMB_P', 'EMB_P', 'EMB_P', 'EMB_P', 'EMB_P', 'EMB_P', 'EMB_P', 'EMB_P', 'EMB_P', 'EMB_P', 'EMB_P', 'EMB_P', 'EMB_P', 'EMB_P', 'EMB_P', 'EMB_P', 'EMB_P', 'EMB_P', 'EMB_P', 'EMB_P', 'EMB_P', 'EMB_P', 'EMB_P', 'EMB_P', 'EMB_P', 'EMB_P', 'EMB_P', 'EMB_P', 'EMB_P', 'EMB_P', 'EMB_P', 'EMB_P', 'EMB_P', 'EMB_P', 'EMB_P', 'EMB_P', 'EMB_P', 'EMB_P', 'EMB_P', 'EMB_P', 'EMB_P', 'EMB_P', 'EMB_P', 'EMB_P', 'EMB_P', 'EMB_P', 'EMB_P', 'EMB_P', 'EMB_P', 'EMB_P', 'EMB_P', 'EMB_P', 'EMB_P', 'EMB_P', 'EMB_P', 'EMB_P', 'EMB_P', 'EMB_P', 'EMB_P', 'EMB_P', 'EMB_P', 'EMB_P', 'EMB_P', 'EMB_P', 'EMB_P', 'EMB_P', 'EMB_P', 'EMB_P', 'EMB_P', 'EMB_P', 'EMB_P', 'EMB_P', 'EMB_P', 'EMB_P', 'EMB_P', 'EMB_P', 'EMB_P', 'EMB_P', 'EMB_P', 'EMB_P', 'EMB_P', 'EMB_P', 'EMB_P', 'EMB_P', 'EMB_P', 'EMB_P', 'EMB_P', 'EMB_P', 'EMB_P', 'EMB_P']"
2,сиром,засохлим,24713:6_1000,Сирна тарілка вразила засохлим сиром.,2.0,7.5,"['EMB_O', 'EMB_O', 'EMB_O', 'EMB_O', 'EMB_O', 'EMB_O', 'EMB_O', 'EMB_O', 'EMB_O', 'EMB_O', 'EMB_O', 'EMB_O', 'EMB_O', 'EMB_O', 'ASP_B', 'ASP_E', 'EMB_O', 'EMB_O', 'EMB_P', 'EMB_P', 'EMB_P', 'EMB_P', 'EMB_P', 'EMB_P', 'EMB_P', 'EMB_P', 'EMB_P', 'EMB_P', 'EMB_P', 'EMB_P', 'EMB_P', 'EMB_P', 'EMB_P', 'EMB_P', 'EMB_P', 'EMB_P', 'EMB_P', 'EMB_P', 'EMB_P', 'EMB_P', 'EMB_P', 'EMB_P', 'EMB_P', 'EMB_P', 'EMB_P', 'EMB_P', 'EMB_P', 'EMB_P', 'EMB_P', 'EMB_P', 'EMB_P', 'EMB_P', 'EMB_P', 'EMB_P', 'EMB_P', 'EMB_P', 'EMB_P', 'EMB_P', 'EMB_P', 'EMB_P', 'EMB_P', 'EMB_P', 'EMB_P', 'EMB_P', 'EMB_P', 'EMB_P', 'EMB_P', 'EMB_P', 'EMB_P', 'EMB_P', 'EMB_P', 'EMB_P', 'EMB_P', 'EMB_P', 'EMB_P', 'EMB_P', 'EMB_P', 'EMB_P', 'EMB_P', 'EMB_P', 'EMB_P', 'EMB_P', 'EMB_P', 'EMB_P', 'EMB_P', 'EMB_P', 'EMB_P', 'EMB_P', 'EMB_P', 'EMB_P', 'EMB_P', 'EMB_P', 'EMB_P', 'EMB_P', 'EMB_P', 'EMB_P', 'EMB_P', 'EMB_P', 'EMB_P', 'EMB_P', 'EMB_P', 'EMB_P', 'EMB_P', 'EMB_P', 'EMB_P', 'EMB_P', 'EMB_P', 'EMB_P', 'EMB_P', 'EMB_P', 'EMB_P', 'EMB_P', 'EMB_P', 'EMB_P', 'EMB_P', 'EMB_P', 'EMB_P', 'EMB_P', 'EMB_P', 'EMB_P', 'EMB_P', 'EMB_P', 'EMB_P', 'EMB_P', 'EMB_P', 'EMB_P', 'EMB_P', 'EMB_P']","['EMB_O', 'EMB_O', 'EMB_O', 'EMB_O', 'EMB_O', 'EMB_O', 'EMB_O', 'EMB_O', 'EMB_O', 'EMB_O', 'OPN_B', 'OPN_I', 'OPN_I', 'OPN_E', 'EMB_O', 'EMB_O', 'EMB_O', 'EMB_O', 'EMB_P', 'EMB_P', 'EMB_P', 'EMB_P', 'EMB_P', 'EMB_P', 'EMB_P', 'EMB_P', 'EMB_P', 'EMB_P', 'EMB_P', 'EMB_P', 'EMB_P', 'EMB_P', 'EMB_P', 'EMB_P', 'EMB_P', 'EMB_P', 'EMB_P', 'EMB_P', 'EMB_P', 'EMB_P', 'EMB_P', 'EMB_P', 'EMB_P', 'EMB_P', 'EMB_P', 'EMB_P', 'EMB_P', 'EMB_P', 'EMB_P', 'EMB_P', 'EMB_P', 'EMB_P', 'EMB_P', 'EMB_P', 'EMB_P', 'EMB_P', 'EMB_P', 'EMB_P', 'EMB_P', 'EMB_P', 'EMB_P', 'EMB_P', 'EMB_P', 'EMB_P', 'EMB_P', 'EMB_P', 'EMB_P', 'EMB_P', 'EMB_P', 'EMB_P', 'EMB_P', 'EMB_P', 'EMB_P', 'EMB_P', 'EMB_P', 'EMB_P', 'EMB_P', 'EMB_P', 'EMB_P', 'EMB_P', 'EMB_P', 'EMB_P', 'EMB_P', 'EMB_P', 'EMB_P', 'EMB_P', 'EMB_P', 'EMB_P', 'EMB_P', 'EMB_P', 'EMB_P', 'EMB_P', 'EMB_P', 'EMB_P', 'EMB_P', 'EMB_P', 'EMB_P', 'EMB_P', 'EMB_P', 'EMB_P', 'EMB_P', 'EMB_P', 'EMB_P', 'EMB_P', 'EMB_P', 'EMB_P', 'EMB_P', 'EMB_P', 'EMB_P', 'EMB_P', 'EMB_P', 'EMB_P', 'EMB_P', 'EMB_P', 'EMB_P', 'EMB_P', 'EMB_P', 'EMB_P', 'EMB_P', 'EMB_P', 'EMB_P', 'EMB_P', 'EMB_P', 'EMB_P', 'EMB_P', 'EMB_P', 'EMB_P', 'EMB_P']"
3,Фрукти,на останньому подиху,24713:7_1001,Фрукти були на останньому подиху.,1.5,7.75,"['EMB_O', 'ASP_B', 'ASP_I', 'ASP_E', 'EMB_O', 'EMB_O', 'EMB_O', 'EMB_O', 'EMB_O', 'EMB_O', 'EMB_O', 'EMB_O', 'EMB_O', 'EMB_O', 'EMB_P', 'EMB_P', 'EMB_P', 'EMB_P', 'EMB_P', 'EMB_P', 'EMB_P', 'EMB_P', 'EMB_P', 'EMB_P', 'EMB_P', 'EMB_P', 'EMB_P', 'EMB_P', 'EMB_P', 'EMB_P', 'EMB_P', 'EMB_P', 'EMB_P', 'EMB_P', 'EMB_P', 'EMB_P', 'EMB_P', 'EMB_P', 'EMB_P', 'EMB_P', 'EMB_P', 'EMB_P', 'EMB_P', 'EMB_P', 'EMB_P', 'EMB_P', 'EMB_P', 'EMB_P', 'EMB_P', 'EMB_P', 'EMB_P', 'EMB_P', 'EMB_P', 'EMB_P', 'EMB_P', 'EMB_P', 'EMB_P', 'EMB_P', 'EMB_P', 'EMB_P', 'EMB_P', 'EMB_P', 'EMB_P', 'EMB_P', 'EMB_P', 'EMB_P', 'EMB_P', 'EMB_P', 'EMB_P', 'EMB_P', 'EMB_P', 'EMB_P', 'EMB_P', 'EMB_P', 'EMB_P', 'EMB_P', 'EMB_P', 'EMB_P', 'EMB_P', 'EMB_P', 'EMB_P', 'EMB_P', 'EMB_P', 'EMB_P', 'EMB_P', 'EMB_P', 'EMB_P', 'EMB_P', 'EMB_P', 'EMB_P', 'EMB_P', 'EMB_P', 'EMB_P', 'EMB_P', 'EMB_P', 'EMB_P', 'EMB_P', 'EMB_P', 'EMB_P', 'EMB_P', 'EMB_P', 'EMB_P', 'EMB_P', 'EMB_P', 'EMB_P', 'EMB_P', 'EMB_P', 'EMB_P', 'EMB_P', 'EMB_P', 'EMB_P', 'EMB_P', 'EMB_P', 'EMB_P', 'EMB_P', 'EMB_P', 'EMB_P', 'EMB_P', 'EMB_P', 'EMB_P', 'EMB_P', 'EMB_P', 'EMB_P', 'EMB_P', 'EMB_P', 'EMB_P', 'EMB_P', 'EMB_P']","['EMB_O', 'EMB_O', 'EMB_O', 'EMB_O', 'EMB_O', 'OPN_B', 'OPN_I', 'OPN_I', 'OPN_I', 'OPN_I', 'OPN_I', 'OPN_E', 'EMB_O', 'EMB_O', 'EMB_P', 'EMB_P', 'EMB_P', 'EMB_P', 'EMB_P', 'EMB_P', 'EMB_P', 'EMB_P', 'EMB_P', 'EMB_P', 'EMB_P', 'EMB_P', 'EMB_P', 'EMB_P', 'EMB_P', 'EMB_P', 'EMB_P', 'EMB_P', 'EMB_P', 'EMB_P', 'EMB_P', 'EMB_P', 'EMB_P', 'EMB_P', 'EMB_P', 'EMB_P', 'EMB_P', 'EMB_P', 'EMB_P', 'EMB_P', 'EMB_P', 'EMB_P', 'EMB_P', 'EMB_P', 'EMB_P', 'EMB_P', 'EMB_P', 'EMB_P', 'EMB_P', 'EMB_P', 'EMB_P', 'EMB_P', 'EMB_P', 'EMB_P', 'EMB_P', 'EMB_P', 'EMB_P', 'EMB_P', 'EMB_P', 'EMB_P', 'EMB_P', 'EMB_P', 'EMB_P', 'EMB_P', 'EMB_P', 'EMB_P', 'EMB_P', 'EMB_P', 'EMB_P', 'EMB_P', 'EMB_P', 'EMB_P', 'EMB_P', 'EMB_P', 'EMB_P', 'EMB_P', 'EMB_P', 'EMB_P', 'EMB_P', 'EMB_P', 'EMB_P', 'EMB_P', 'EMB_P', 'EMB_P', 'EMB_P', 'EMB_P', 'EMB_P', 'EMB_P', 'EMB_P', 'EMB_P', 'EMB_P', 'EMB_P', 'EMB_P', 'EMB_P', 'EMB_P', 'EMB_P', 'EMB_P', 'EMB_P', 'EMB_P', 'EMB_P', 'EMB_P', 'EMB_P', 'EMB_P', 'EMB_P', 'EMB_P', 'EMB_P', 'EMB_P', 'EMB_P', 'EMB_P', 'EMB_P', 'EMB_P', 'EMB_P', 'EMB_P', 'EMB_P', 'EMB_P', 'EMB_P', 'EMB_P', 'EMB_P', 'EMB_P', 'EMB_P', 'EMB_P', 'EMB_P', 'EMB_P', 'EMB_P']"
4,салати,жах,24713:8_1002,Коли спробувала салати — прийшла в жах.,1.33,8.33,"['EMB_O', 'EMB_O', 'EMB_O', 'EMB_O', 'EMB_O', 'EMB_O', 'ASP_B', 'ASP_E', 'EMB_O', 'EMB_O', 'EMB_O', 'EMB_O', 'EMB_O', 'EMB_O', 'EMB_O', 'EMB_O', 'EMB_P', 'EMB_P', 'EMB_P', 'EMB_P', 'EMB_P', 'EMB_P', 'EMB_P', 'EMB_P', 'EMB_P', 'EMB_P', 'EMB_P', 'EMB_P', 'EMB_P', 'EMB_P', 'EMB_P', 'EMB_P', 'EMB_P', 'EMB_P', 'EMB_P', 'EMB_P', 'EMB_P', 'EMB_P', 'EMB_P', 'EMB_P', 'EMB_P', 'EMB_P', 'EMB_P', 'EMB_P', 'EMB_P', 'EMB_P', 'EMB_P', 'EMB_P', 'EMB_P', 'EMB_P', 'EMB_P', 'EMB_P', 'EMB_P', 'EMB_P', 'EMB_P', 'EMB_P', 'EMB_P', 'EMB_P', 'EMB_P', 'EMB_P', 'EMB_P', 'EMB_P', 'EMB_P', 'EMB_P', 'EMB_P', 'EMB_P', 'EMB_P', 'EMB_P', 'EMB_P', 'EMB_P', 'EMB_P', 'EMB_P', 'EMB_P', 'EMB_P', 'EMB_P', 'EMB_P', 'EMB_P', 'EMB_P', 'EMB_P', 'EMB_P', 'EMB_P', 'EMB_P', 'EMB_P', 'EMB_P', 'EMB_P', 'EMB_P', 'EMB_P', 'EMB_P', 'EMB_P', 'EMB_P', 'EMB_P', 'EMB_P', 'EMB_P', 'EMB_P', 'EMB_P', 'EMB_P', 'EMB_P', 'EMB_P', 'EMB_P', 'EMB_P', 'EMB_P', 'EMB_P', 'EMB_P', 'EMB_P', 'EMB_P', 'EMB_P', 'EMB_P', 'EMB_P', 'EMB_P', 'EMB_P', 'EMB_P', 'EMB_P', 'EMB_P', 'EMB_P', 'EMB_P', 'EMB_P', 'EMB_P', 'EMB_P', 'EMB_P', 'EMB_P', 'EMB_P', 'EMB_P', 'EMB_P', 'EMB_P', 'EMB_P', 'EMB_P', 'EMB_P', 'EMB_P']","['EMB_O', 'EMB_O', 'EMB_O', 'EMB_O', 'EMB_O', 'EMB_O', 'EMB_O', 'EMB_O', 'EMB_O', 'EMB_O', 'EMB_O', 'EMB_O', 'OPN_B', 'OPN_E', 'EMB_O', 'EMB_O', 'EMB_P', 'EMB_P', 'EMB_P', 'EMB_P', 'EMB_P', 'EMB_P', 'EMB_P', 'EMB_P', 'EMB_P', 'EMB_P', 'EMB_P', 'EMB_P', 'EMB_P', 'EMB_P', 'EMB_P', 'EMB_P', 'EMB_P', 'EMB_P', 'EMB_P', 'EMB_P', 'EMB_P', 'EMB_P', 'EMB_P', 'EMB_P', 'EMB_P', 'EMB_P', 'EMB_P', 'EMB_P', 'EMB_P', 'EMB_P', 'EMB_P', 'EMB_P', 'EMB_P', 'EMB_P', 'EMB_P', 'EMB_P', 'EMB_P', 'EMB_P', 'EMB_P', 'EMB_P', 'EMB_P', 'EMB_P', 'EMB_P', 'EMB_P', 'EMB_P', 'EMB_P', 'EMB_P', 'EMB_P', 'EMB_P', 'EMB_P', 'EMB_P', 'EMB_P', 'EMB_P', 'EMB_P', 'EMB_P', 'EMB_P', 'EMB_P', 'EMB_P', 'EMB_P', 'EMB_P', 'EMB_P', 'EMB_P', 'EMB_P', 'EMB_P', 'EMB_P', 'EMB_P', 'EMB_P', 'EMB_P', 'EMB_P', 'EMB_P', 'EMB_P', 'EMB_P', 'EMB_P', 'EMB_P', 'EMB_P', 'EMB_P', 'EMB_P', 'EMB_P', 'EMB_P', 'EMB_P', 'EMB_P', 'EMB_P', 'EMB_P', 'EMB_P', 'EMB_P', 'EMB_P', 'EMB_P', 'EMB_P', 'EMB_P', 'EMB_P', 'EMB_P', 'EMB_P', 'EMB_P', 'EMB_P', 'EMB_P', 'EMB_P', 'EMB_P', 'EMB_P', 'EMB_P', 'EMB_P', 'EMB_P', 'EMB_P', 'EMB_P', 'EMB_P', 'EMB_P', 'EMB_P', 'EMB_P', 'EMB_P', 'EMB_P', 'EMB_P', 'EMB_P', 'EMB_P']"
5,Їжа,сподобалася,24713:11_1003,Їжа сподобалася.,6.9,6.3,"['EMB_O', 'ASP_B', 'ASP_E', 'EMB_O', 'EMB_O', 'EMB_O', 'EMB_O', 'EMB_O', 'EMB_O', 'EMB_O', 'EMB_P', 'EMB_P', 'EMB_P', 'EMB_P', 'EMB_P', 'EMB_P', 'EMB_P', 'EMB_P', 'EMB_P', 'EMB_P', 'EMB_P', 'EMB_P', 'EMB_P', 'EMB_P', 'EMB_P', 'EMB_P', 'EMB_P', 'EMB_P', 'EMB_P', 'EMB_P', 'EMB_P', 'EMB_P', 'EMB_P', 'EMB_P', 'EMB_P', 'EMB_P', 'EMB_P', 'EMB_P', 'EMB_P', 'EMB_P', 'EMB_P', 'EMB_P', 'EMB_P', 'EMB_P', 'EMB_P', 'EMB_P', 'EMB_P', 'EMB_P', 'EMB_P', 'EMB_P', 'EMB_P', 'EMB_P', 'EMB_P', 'EMB_P', 'EMB_P', 'EMB_P', 'EMB_P', 'EMB_P', 'EMB_P', 'EMB_P', 'EMB_P', 'EMB_P', 'EMB_P', 'EMB_P', 'EMB_P', 'EMB_P', 'EMB_P', 'EMB_P', 'EMB_P', 'EMB_P', 'EMB_P', 'EMB_P', 'EMB_P', 'EMB_P', 'EMB_P', 'EMB_P', 'EMB_P', 'EMB_P', 'EMB_P', 'EMB_P', 'EMB_P', 'EMB_P', 'EMB_P', 'EMB_P', 'EMB_P', 'EMB_P', 'EMB_P', 'EMB_P', 'EMB_P', 'EMB_P', 'EMB_P', 'EMB_P', 'EMB_P', 'EMB_P', 'EMB_P', 'EMB_P', 'EMB_P', 'EMB_P', 'EMB_P', 'EMB_P', 'EMB_P', 'EMB_P', 'EMB_P', 'EMB_P', 'EMB_P', 'EMB_P', 'EMB_P', 'EMB_P', 'EMB_P', 'EMB_P', 'EMB_P', 'EMB_P', 'EMB_P', 'EMB_P', 'EMB_P', 'EMB_P', 'EMB_P', 'EMB_P', 'EMB_P', 'EMB_P', 'EMB_P', 'EMB_P', 'EMB_P', 'EMB_P', 'EMB_P', 'EMB_P', 'EMB_P', 'EMB_P']","['EMB_O', 'EMB_O', 'EMB_O', 'OPN_B', 'OPN_I', 'OPN_I', 'OPN_I', 'OPN_E', 'EMB_O', 'EMB_O', 'EMB_P', 'EMB_P', 'EMB_P', 'EMB_P', 'EMB_P', 'EMB_P', 'EMB_P', 'EMB_P', 'EMB_P', 'EMB_P', 'EMB_P', 'EMB_P', 'EMB_P', 'EMB_P', 'EMB_P', 'EMB_P', 'EMB_P', 'EMB_P', 'EMB_P', 'EMB_P', 'EMB_P', 'EMB_P', 'EMB_P', 'EMB_P', 'EMB_P', 'EMB_P', 'EMB_P', 'EMB_P', 'EMB_P', 'EMB_P', 'EMB_P', 'EMB_P', 'EMB_P', 'EMB_P', 'EMB_P', 'EMB_P', 'EMB_P', 'EMB_P', 'EMB_P', 'EMB_P', 'EMB_P', 'EMB_P', 'EMB_P', 'EMB_P', 'EMB_P', 'EMB_P', 'EMB_P', 'EMB_P', 'EMB_P', 'EMB_P', 'EMB_P', 'EMB_P', 'EMB_P', 'EMB_P', 'EMB_P', 'EMB_P', 'EMB_P', 'EMB_P', 'EMB_P', 'EMB_P', 'EMB_P', 'EMB_P', 'EMB_P', 'EMB_P', 'EMB_P', 'EMB_P', 'EMB_P', 'EMB_P', 'EMB_P', 'EMB_P', 'EMB_P', 'EMB_P', 'EMB_P', 'EMB_P', 'EMB_P', 'EMB_P', 'EMB_P', 'EMB_P', 'EMB_P', 'EMB_P', 'EMB_P', 'EMB_P', 'EMB_P', 'EMB_P', 'EMB_P', 'EMB_P', 'EMB_P', 'EMB_P', 'EMB_P', 'EMB_P', 'EMB_P', 'EMB_P', 'EMB_P', 'EMB_P', 'EMB_P', 'EMB_P', 'EMB_P', 'EMB_P', 'EMB_P', 'EMB_P', 'EMB_P', 'EMB_P', 'EMB_P', 'EMB_P', 'EMB_P', 'EMB_P', 'EMB_P', 'EMB_P', 'EMB_P', 'EMB_P', 'EMB_P', 'EMB_P', 'EMB_P', 'EMB_P', 'EMB_P', 'EMB_P', 'EMB_P', 'EMB_P']"
6,Гаряче,не сподобалося,24713:13_1004,Гаряче теж не сподобалося.,2.9,6.4,"['EMB_O', 'ASP_B', 'ASP_I', 'ASP_E', 'EMB_O', 'EMB_O', 'EMB_O', 'EMB_O', 'EMB_O', 'EMB_O', 'EMB_O', 'EMB_O', 'EMB_O', 'EMB_P', 'EMB_P', 'EMB_P', 'EMB_P', 'EMB_P', 'EMB_P', 'EMB_P', 'EMB_P', 'EMB_P', 'EMB_P', 'EMB_P', 'EMB_P', 'EMB_P', 'EMB_P', 'EMB_P', 'EMB_P', 'EMB_P', 'EMB_P', 'EMB_P', 'EMB_P', 'EMB_P', 'EMB_P', 'EMB_P', 'EMB_P', 'EMB_P', 'EMB_P', 'EMB_P', 'EMB_P', 'EMB_P', 'EMB_P', 'EMB_P', 'EMB_P', 'EMB_P', 'EMB_P', 'EMB_P', 'EMB_P', 'EMB_P', 'EMB_P', 'EMB_P', 'EMB_P', 'EMB_P', 'EMB_P', 'EMB_P', 'EMB_P', 'EMB_P', 'EMB_P', 'EMB_P', 'EMB_P', 'EMB_P', 'EMB_P', 'EMB_P', 'EMB_P', 'EMB_P', 'EMB_P', 'EMB_P', 'EMB_P', 'EMB_P', 'EMB_P', 'EMB_P', 'EMB_P', 'EMB_P', 'EMB_P', 'EMB_P', 'EMB_P', 'EMB_P', 'EMB_P', 'EMB_P', 'EMB_P', 'EMB_P', 'EMB_P', 'EMB_P', 'EMB_P', 'EMB_P', 'EMB_P', 'EMB_P', 'EMB_P', 'EMB_P', 'EMB_P', 'EMB_P', 'EMB_P', 'EMB_P', 'EMB_P', 'EMB_P', 'EMB_P', 'EMB_P', 'EMB_P', 'EMB_P', 'EMB_P', 'EMB_P', 'EMB_P', 'EMB_P', 'EMB_P', 'EMB_P', 'EMB_P', 'EMB_P', 'EMB_P', 'EMB_P', 'EMB_P', 'EMB_P', 'EMB_P', 'EMB_P', 'EMB_P', 'EMB_P', 'EMB_P', 'EMB_P', 'EMB_P', 'EMB_P', 'EMB_P', 'EMB_P', 'EMB_P', 'EMB_P', 'EMB_P', 'EMB_P', 'EMB_P', 'EMB_P']","['EMB_O', 'EMB_O', 'EMB_O', 'EMB_O', 'EMB_O', 'OPN_B', 'OPN_I', 'OPN_I', 'OPN_I', 'OPN_I', 'OPN_E', 'EMB_O', 'EMB_O', 'EMB_P', 'EMB_P', 'EMB_P', 'EMB_P', 'EMB_P', 'EMB_P', 'EMB_P', 'EMB_P', 'EMB_P', 'EMB_P', 'EMB_P', 'EMB_P', 'EMB_P', 'EMB_P', 'EMB_P', 'EMB_P', 'EMB_P', 'EMB_P', 'EMB_P', 'EMB_P', 'EMB_P', 'EMB_P', 'EMB_P', 'EMB_P', 'EMB_P', 'EMB_P', 'EMB_P', 'EMB_P', 'EMB_P', 'EMB_P', 'EMB_P', 'EMB_P', 'EMB_P', 'EMB_P', 'EMB_P', 'EMB_P', 'EMB_P', 'EMB_P', 'EMB_P', 'EMB_P', 'EMB_P', 'EMB_P', 'EMB_P', 'EMB_P', 'EMB_P', 'EMB_P', 'EMB_P', 'EMB_P', 'EMB_P', 'EMB_P', 'EMB_P', 'EMB_P', 'EMB_P', 'EMB_P', 'EMB_P', 'EMB_P', 'EMB_P', 'EMB_P', 'EMB_P', 'EMB_P', 'EMB_P', 'EMB_P', 'EMB_P', 'EMB_P', 'EMB_P', 'EMB_P', 'EMB_P', 'EMB_P', 'EMB_P', 'EMB_P', 'EMB_P', 'EMB_P', 'EMB_P', 'EMB_P', 'EMB_P', 'EMB_P', 'EMB_P', 'EMB_P', 'EMB_P', 'EMB_P', 'EMB_P', 'EMB_P', 'EMB_P', 'EMB_P', 'EMB_P', 'EMB_P', 'EMB_P', 'EMB_P', 'EMB_P', 'EMB_P', 'EMB_P', 'EMB_P', 'EMB_P', 'EMB_P', 'EMB_P', 'EMB_P', 'EMB_P', 'EMB_P', 'EMB_P', 'EMB_P', 'EMB_P', 'EMB_P', 'EMB_P', 'EMB_P', 'EMB_P', 'EMB_P', 'EMB_P', 'EMB_P', 'EMB_P', 'EMB_P', 'EMB_P', 'EMB_P', 'EMB_P', 'EMB_P', 'EMB_P']"
7,їжі,не прикрасила,24713:15_1005,"Весілля, звичайно, пройшло весело, але якість їжі його не прикрасила.",3.12,6.38,"['EMB_O', 'EMB_O', 'EMB_O', 'EMB_O', 'EMB_O', 'EMB_O', 'EMB_O', 'EMB_O', 'EMB_O', 'EMB_O', 'EMB_O', 'EMB_O', 'EMB_O', 'EMB_O', 'EMB_O', 'EMB_O', 'EMB_O', 'EMB_O', 'ASP_B', 'ASP_E', 'EMB_O', 'EMB_O', 'EMB_O', 'EMB_O', 'EMB_O', 'EMB_O', 'EMB_O', 'EMB_O', 'EMB_P', 'EMB_P', 'EMB_P', 'EMB_P', 'EMB_P', 'EMB_P', 'EMB_P', 'EMB_P', 'EMB_P', 'EMB_P', 'EMB_P', 'EMB_P', 'EMB_P', 'EMB_P', 'EMB_P', 'EMB_P', 'EMB_P', 'EMB_P', 'EMB_P', 'EMB_P', 'EMB_P', 'EMB_P', 'EMB_P', 'EMB_P', 'EMB_P', 'EMB_P', 'EMB_P', 'EMB_P', 'EMB_P', 'EMB_P', 'EMB_P', 'EMB_P', 'EMB_P', 'EMB_P', 'EMB_P', 'EMB_P', 'EMB_P', 'EMB_P', 'EMB_P', 'EMB_P', 'EMB_P', 'EMB_P', 'EMB_P', 'EMB_P', 'EMB_P', 'EMB_P', 'EMB_P', 'EMB_P', 'EMB_P', 'EMB_P', 'EMB_P', 'EMB_P', 'EMB_P', 'EMB_P', 'EMB_P', 'EMB_P', 'EMB_P', 'EMB_P', 'EMB_P', 'EMB_P', 'EMB_P', 'EMB_P', 'EMB_P', 'EMB_P', 'EMB_P', 'EMB_P', 'EMB_P', 'EMB_P', 'EMB_P', 'EMB_P', 'EMB_P', 'EMB_P', 'EMB_P', 'EMB_P', 'EMB_P', 'EMB_P', 'EMB_P', 'EMB_P', 'EMB_P', 'EMB_P', 'EMB_P', 'EMB_P', 'EMB_P', 'EMB_P', 'EMB_P', 'EMB_P', 'EMB_P', 'EMB_P', 'EMB_P', 'EMB_P', 'EMB_P', 'EMB_P', 'EMB_P', 'EMB_P', 'EMB_P', 'EMB_P', 'EMB_P', 'EMB_P', 'EMB_P', 'EMB_P']","['EMB_O', 'EMB_O', 'EMB_O', 'EMB_O', 'EMB_O', 'EMB_O', 'EMB_O', 'EMB_O', 'EMB_O', 'EMB_O', 'EMB_O', 'EMB_O', 'EMB_O', 'EMB_O', 'EMB_O', 'EMB_O', 'EMB_O', 'EMB_O', 'EMB_O', 'EMB_O', 'EMB_O', 'OPN_B', 'OPN_I', 'OPN_I', 'OPN_I', 'OPN_E', 'EMB_O', 'EMB_O', 'EMB_P', 'EMB_P', 'EMB_P', 'EMB_P', 'EMB_P', 'EMB_P', 'EMB_P', 'EMB_P', 'EMB_P', 'EMB_P', 'EMB_P', 'EMB_P', 'EMB_P', 'EMB_P', 'EMB_P', 'EMB_P', 'EMB_P', 'EMB_P', 'EMB_P', 'EMB_P', 'EMB_P', 'EMB_P', 'EMB_P', 'EMB_P', 'EMB_P', 'EMB_P', 'EMB_P', 'EMB_P', 'EMB_P', 'EMB_P', 'EMB_P', 'EMB_P', 'EMB_P', 'EMB_P', 'EMB_P', 'EMB_P', 'EMB_P', 'EMB_P', 'EMB_P', 'EMB_P', 'EMB_P', 'EMB_P', 'EMB_P', 'EMB_P', 'EMB_P', 'EMB_P', 'EMB_P', 'EMB_P', 'EMB_P', 'EMB_P', 'EMB_P', 'EMB_P', 'EMB_P', 'EMB_P', 'EMB_P', 'EMB_P', 'EMB_P', 'EMB_P', 'EMB_P', 'EMB_P', 'EMB_P', 'EMB_P', 'EMB_P', 'EMB_P', 'EMB_P', 'EMB_P', 'EMB_P', 'EMB_P', 'EMB_P', 'EMB_P', 'EMB_P', 'EMB_P', 'EMB_P', 'EMB_P', 'EMB_P', 'EMB_P', 'EMB_P', 'EMB_P', 'EMB_P', 'EMB_P', 'EMB_P', 'EMB_P', 'EMB_P', 'EMB_P', 'EMB_P', 'EMB_P', 'EMB_P', 'EMB_P', 'EMB_P', 'EMB_P', 'EMB_P', 'EMB_P', 'EMB_P', 'EMB_P', 'EMB_P', 'EMB_P', 'EMB_P', 'EMB_P', 'EMB_P', 'EMB_P']"
8,офіціанти,можу сама все зібрати зі столів,24713:18_1006,"На мій подив, офіціанти мені сказали, що я можу сама все зібрати зі столів, вони за окрему плату дадуть мені контейнери.",2.38,7.12,"['EMB_O', 'EMB_O', 'EMB_O', 'EMB_O', 'EMB_O', 'EMB_O', 'EMB_O', 'ASP_B', 'ASP_I', 'ASP_I', 'ASP_I', 'ASP_E', 'EMB_O', 'EMB_O', 'EMB_O', 'EMB_O', 'EMB_O', 'EMB_O', 'EMB_O', 'EMB_O', 'EMB_O', 'EMB_O', 'EMB_O', 'EMB_O', 'EMB_O', 'EMB_O', 'EMB_O', 'EMB_O', 'EMB_O', 'EMB_O', 'EMB_O', 'EMB_O', 'EMB_O', 'EMB_O', 'EMB_O', 'EMB_O', 'EMB_O', 'EMB_O', 'EMB_O', 'EMB_O', 'EMB_O', 'EMB_O', 'EMB_O', 'EMB_O', 'EMB_O', 'EMB_O', 'EMB_O', 'EMB_O', 'EMB_O', 'EMB_P', 'EMB_P', 'EMB_P', 'EMB_P', 'EMB_P', 'EMB_P', 'EMB_P', 'EMB_P', 'EMB_P', 'EMB_P', 'EMB_P', 'EMB_P', 'EMB_P', 'EMB_P', 'EMB_P', 'EMB_P', 'EMB_P', 'EMB_P', 'EMB_P', 'EMB_P', 'EMB_P', 'EMB_P', 'EMB_P', 'EMB_P', 'EMB_P', 'EMB_P', 'EMB_P', 'EMB_P', 'EMB_P', 'EMB_P', 'EMB_P', 'EMB_P', 'EMB_P', 'EMB_P', 'EMB_P', 'EMB_P', 'EMB_P', 'EMB_P', 'EMB_P', 'EMB_P', 'EMB_P', 'EMB_P', 'EMB_P', 'EMB_P', 'EMB_P', 'EMB_P', 'EMB_P', 'EMB_P', 'EMB_P', 'EMB_P', 'EMB_P', 'EMB_P', 'EMB_P', 'EMB_P', 'EMB_P', 'EMB_P', 'EMB_P', 'EMB_P', 'EMB_P', 'EMB_P', 'EMB_P', 'EMB_P', 'EMB_P', 'EMB_P', 'EMB_P', 'EMB_P', 'EMB_P', 'EMB_P', 'EMB_P', 'EMB_P', 'EMB_P', 'EMB_P', 'EMB_P', 'EMB_P', 'EMB_P', 'EMB_P', 'EMB_P', 'EMB_P', 'EMB_P']","['EMB_O', 'EMB_O', 'EMB_O', 'EMB_O', 'EMB_O', 'EMB_O', 'EMB_O', 'EMB_O', 'EMB_O', 'EMB_O', 'EMB_O', 'EMB_O', 'EMB_O', 'EMB_O', 'EMB_O', 'EMB_O', 'EMB_O', 'EMB_O', 'EMB_O', 'OPN_B', 'OPN_I', 'OPN_I', 'OPN_I', 'OPN_I', 'OPN_I', 'OPN_I', 'OPN_I', 'OPN_I', 'OPN_I', 'OPN_E', 'EMB_O', 'EMB_O', 'EMB_O', 'EMB_O', 'EMB_O', 'EMB_O', 'EMB_O', 'EMB_O', 'EMB_O', 'EMB_O', 'EMB_O', 'EMB_O', 'EMB_O', 'EMB_O', 'EMB_O', 'EMB_O', 'EMB_O', 'EMB_O', 'EMB_O', 'EMB_P', 'EMB_P', 'EMB_P', 'EMB_P', 'EMB_P', 'EMB_P', 'EMB_P', 'EMB_P', 'EMB_P', 'EMB_P', 'EMB_P', 'EMB_P', 'EMB_P', 'EMB_P', 'EMB_P', 'EMB_P', 'EMB_P', 'EMB_P', 'EMB_P', 'EMB_P', 'EMB_P', 'EMB_P', 'EMB_P', 'EMB_P', 'EMB_P', 'EMB_P', 'EMB_P', 'EMB_P', 'EMB_P', 'EMB_P', 'EMB_P', 'EMB_P', 'EMB_P', 'EMB_P', 'EMB_P', 'EMB_P', 'EMB_P', 'EMB_P', 'EMB_P', 'EMB_P', 'EMB_P', 'EMB_P', 'EMB_P', 'EMB_P', 'EMB_P', 'EMB_P', 'EMB_P', 'EMB_P', 'EMB_P', 'EMB_P', 'EMB_P', 'EMB_P', 'EMB_P', 'EMB_P', 'EMB_P', 'EMB_P', 'EMB_P', 'EMB_P', 'EMB_P', 'EMB_P', 'EMB_P', 'EMB_P', 'EMB_P', 'EMB_P', 'EMB_P', 'EMB_P', 'EMB_P', 'EMB_P', 'EMB_P', 'EMB_P', 'EMB_P', 'EMB_P', 'EMB_P', 'EMB_P', 'EMB_P', 'EMB_P', 'EMB_P', 'EMB_P', 'EMB_P']"
9,Інтер'єр,сподобався,24916:1_1007,"Інтер'єр-сподобався, кухня-теж.",6.9,6.3,"['EMB_O', 'ASP_B', 'ASP_I', 'ASP_I', 'ASP_I', 'ASP_E', 'EMB_O', 'EMB_O', 'EMB_O', 'EMB_O', 'EMB_O', 'EMB_O', 'EMB_O', 'EMB_O', 'EMB_O', 'EMB_O', 'EMB_O', 'EMB_O', 'EMB_O', 'EMB_O', 'EMB_P', 'EMB_P', 'EMB_P', 'EMB_P', 'EMB_P', 'EMB_P', 'EMB_P', 'EMB_P', 'EMB_P', 'EMB_P', 'EMB_P', 'EMB_P', 'EMB_P', 'EMB_P', 'EMB_P', 'EMB_P', 'EMB_P', 'EMB_P', 'EMB_P', 'EMB_P', 'EMB_P', 'EMB_P', 'EMB_P', 'EMB_P', 'EMB_P', 'EMB_P', 'EMB_P', 'EMB_P', 'EMB_P', 'EMB_P', 'EMB_P', 'EMB_P', 'EMB_P', 'EMB_P', 'EMB_P', 'EMB_P', 'EMB_P', 'EMB_P', 'EMB_P', 'EMB_P', 'EMB_P', 'EMB_P', 'EMB_P', 'EMB_P', 'EMB_P', 'EMB_P', 'EMB_P', 'EMB_P', 'EMB_P', 'EMB_P', 'EMB_P', 'EMB_P', 'EMB_P', 'EMB_P', 'EMB_P', 'EMB_P', 'EMB_P', 'EMB_P', 'EMB_P', 'EMB_P', 'EMB_P', 'EMB_P', 'EMB_P', 'EMB_P', 'EMB_P', 'EMB_P', 'EMB_P', 'EMB_P', 'EMB_P', 'EMB_P', 'EMB_P', 'EMB_P', 'EMB_P', 'EMB_P', 'EMB_P', 'EMB_P', 'EMB_P', 'EMB_P', 'EMB_P', 'EMB_P', 'EMB_P', 'EMB_P', 'EMB_P', 'EMB_P', 'EMB_P', 'EMB_P', 'EMB_P', 'EMB_P', 'EMB_P', 'EMB_P', 'EMB_P', 'EMB_P', 'EMB_P', 'EMB_P', 'EMB_P', 'EMB_P', 'EMB_P', 'EMB_P', 'EMB_P', 'EMB_P', 'EMB_P', 'EMB_P', 'EMB_P', 'EMB_P', 'EMB_P', 'EMB_P', 'EMB_P', 'EMB_P']","['EMB_O', 'EMB_O', 'EMB_O', 'EMB_O', 'EMB_O', 'EMB_O', 'EMB_O', 'OPN_B', 'OPN_I', 'OPN_I', 'OPN_I', 'OPN_E', 'EMB_O', 'EMB_O', 'EMB_O', 'EMB_O', 'EMB_O', 'EMB_O', 'EMB_O', 'EMB_O', 'EMB_P', 'EMB_P', 'EMB_P', 'EMB_P', 'EMB_P', 'EMB_P', 'EMB_P', 'EMB_P', 'EMB_P', 'EMB_P', 'EMB_P', 'EMB_P', 'EMB_P', 'EMB_P', 'EMB_P', 'EMB_P', 'EMB_P', 'EMB_P', 'EMB_P', 'EMB_P', 'EMB_P', 'EMB_P', 'EMB_P', 'EMB_P', 'EMB_P', 'EMB_P', 'EMB_P', 'EMB_P', 'EMB_P', 'EMB_P', 'EMB_P', 'EMB_P', 'EMB_P', 'EMB_P', 'EMB_P', 'EMB_P', 'EMB_P', 'EMB_P', 'EMB_P', 'EMB_P', 'EMB_P', 'EMB_P', 'EMB_P', 'EMB_P', 'EMB_P', 'EMB_P', 'EMB_P', 'EMB_P', 'EMB_P', 'EMB_P', 'EMB_P', 'EMB_P', 'EMB_P', 'EMB_P', 'EMB_P', 'EMB_P', 'EMB_P', 'EMB_P', 'EMB_P', 'EMB_P', 'EMB_P', 'EMB_P', 'EMB_P', 'EMB_P', 'EMB_P', 'EMB_P', 'EMB_P', 'EMB_P', 'EMB_P', 'EMB_P', 'EMB_P', 'EMB_P', 'EMB_P', 'EMB_P', 'EMB_P', 'EMB_P', 'EMB_P', 'EMB_P', 'EMB_P', 'EMB_P', 'EMB_P', 'EMB_P', 'EMB_P', 'EMB_P', 'EMB_P', 'EMB_P', 'EMB_P', 'EMB_P', 'EMB_P', 'EMB_P', 'EMB_P', 'EMB_P', 'EMB_P', 'EMB_P', 'EMB_P', 'EMB_P', 'EMB_P', 'EMB_P', 'EMB_P', 'EMB_P', 'EMB_P', 'EMB_P', 'EMB_P', 'EMB_P', 'EMB_P', 'EMB_P', 'EMB_P', 'EMB_P']"
10,кухня,сподобався,24916:1_1007,"Інтер'єр-сподобався, кухня-теж.",6.9,6.3,"['EMB_O', 'EMB_O', 'EMB_O', 'EMB_O', 'EMB_O', 'EMB_O', 'EMB_O', 'EMB_O', 'EMB_O', 'EMB_O', 'EMB_O', 'EMB_O', 'EMB_O', 'ASP_B', 'ASP_I', 'ASP_E', 'EMB_O', 'EMB_O', 'EMB_O', 'EMB_O', 'EMB_P', 'EMB_P', 'EMB_P', 'EMB_P', 'EMB_P', 'EMB_P', 'EMB_P', 'EMB_P', 'EMB_P', 'EMB_P', 'EMB_P', 'EMB_P', 'EMB_P', 'EMB_P', 'EMB_P', 'EMB_P', 'EMB_P', 'EMB_P', 'EMB_P', 'EMB_P', 'EMB_P', 'EMB_P', 'EMB_P', 'EMB_P', 'EMB_P', 'EMB_P', 'EMB_P', 'EMB_P', 'EMB_P', 'EMB_P', 'EMB_P', 'EMB_P', 'EMB_P', 'EMB_P', 'EMB_P', 'EMB_P', 'EMB_P', 'EMB_P', 'EMB_P', 'EMB_P', 'EMB_P', 'EMB_P', 'EMB_P', 'EMB_P', 'EMB_P', 'EMB_P', 'EMB_P', 'EMB_P', 'EMB_P', 'EMB_P', 'EMB_P', 'EMB_P', 'EMB_P', 'EMB_P', 'EMB_P', 'EMB_P', 'EMB_P', 'EMB_P', 'EMB_P', 'EMB_P', 'EMB_P', 'EMB_P', 'EMB_P', 'EMB_P', 'EMB_P', 'EMB_P', 'EMB_P', 'EMB_P', 'EMB_P', 'EMB_P', 'EMB_P', 'EMB_P', 'EMB_P', 'EMB_P', 'EMB_P', 'EMB_P', 'EMB_P', 'EMB_P', 'EMB_P', 'EMB_P', 'EMB_P', 'EMB_P', 'EMB_P', 'EMB_P', 'EMB_P', 'EMB_P', 'EMB_P', 'EMB_P', 'EMB_P', 'EMB_P', 'EMB_P', 'EMB_P', 'EMB_P', 'EMB_P', 'EMB_P', 'EMB_P', 'EMB_P', 'EMB_P', 'EMB_P', 'EMB_P', 'EMB_P', 'EMB_P', 'EMB_P', 'EMB_P', 'EMB_P', 'EMB_P', 'EMB_P', 'EMB_P']","['EMB_O', 'EMB_O', 'EMB_O', 'EMB_O', 'EMB_O', 'EMB_O', 'EMB_O', 'OPN_B', 'OPN_I', 'OPN_I', 'OPN_I', 'OPN_E', 'EMB_O', 'EMB_O', 'EMB_O', 'EMB_O', 'EMB_O', 'EMB_O', 'EMB_O', 'EMB_O', 'EMB_P', 'EMB_P', 'EMB_P', 'EMB_P', 'EMB_P', 'EMB_P', 'EMB_P', 'EMB_P', 'EMB_P', 'EMB_P', 'EMB_P', 'EMB_P', 'EMB_P', 'EMB_P', 'EMB_P', 'EMB_P', 'EMB_P', 'EMB_P', 'EMB_P', 'EMB_P', 'EMB_P', 'EMB_P', 'EMB_P', 'EMB_P', 'EMB_P', 'EMB_P', 'EMB_P', 'EMB_P', 'EMB_P', 'EMB_P', 'EMB_P', 'EMB_P', 'EMB_P', 'EMB_P', 'EMB_P', 'EMB_P', 'EMB_P', 'EMB_P', 'EMB_P', 'EMB_P', 'EMB_P', 'EMB_P', 'EMB_P', 'EMB_P', 'EMB_P', 'EMB_P', 'EMB_P', 'EMB_P', 'EMB_P', 'EMB_P', 'EMB_P', 'EMB_P', 'EMB_P', 'EMB_P', 'EMB_P', 'EMB_P', 'EMB_P', 'EMB_P', 'EMB_P', 'EMB_P', 'EMB_P', 'EMB_P', 'EMB_P', 'EMB_P', 'EMB_P', 'EMB_P', 'EMB_P', 'EMB_P', 'EMB_P', 'EMB_P', 'EMB_P', 'EMB_P', 'EMB_P', 'EMB_P', 'EMB_P', 'EMB_P', 'EMB_P', 'EMB_P', 'EMB_P', 'EMB_P', 'EMB_P', 'EMB_P', 'EMB_P', 'EMB_P', 'EMB_P', 'EMB_P', 'EMB_P', 'EMB_P', 'EMB_P', 'EMB_P', 'EMB_P', 'EMB_P', 'EMB_P', 'EMB_P', 'EMB_P', 'EMB_P', 'EMB_P', 'EMB_P', 'EMB_P', 'EMB_P', 'EMB_P', 'EMB_P', 'EMB_P', 'EMB_P', 'EMB_P', 'EMB_P', 'EMB_P', 'EMB_P']"
11,обслуга,прагнула почати відзначати 8-е березня швидше,24916:2_1008,"А ось обслуговування.... чи то обслуга прагнула почати відзначати 8-е березня швидше (ми приїхали туди близько 21.30,дівчина при вході сказала, що ресторан працює до 23.00, хоча заздалегідь, коли робилася бронь столика, нас ніхто не попередив, що РЕСТОРАН буде працювати до 23.00)",2.38,6.75,"['EMB_O', 'EMB_O', 'EMB_O', 'EMB_O', 'EMB_O', 'EMB_O', 'EMB_O', 'EMB_O', 'EMB_O', 'EMB_O', 'EMB_O', 'EMB_O', 'EMB_O', 'EMB_O', 'ASP_B', 'ASP_I', 'ASP_E', 'EMB_O', 'EMB_O', 'EMB_O', 'EMB_O', 'EMB_O', 'EMB_O', 'EMB_O', 'EMB_O', 'EMB_O', 'EMB_O', 'EMB_O', 'EMB_O', 'EMB_O', 'EMB_O', 'EMB_O', 'EMB_O', 'EMB_O', 'EMB_O', 'EMB_O', 'EMB_O', 'EMB_O', 'EMB_O', 'EMB_O', 'EMB_O', 'EMB_O', 'EMB_O', 'EMB_O', 'EMB_O', 'EMB_O', 'EMB_O', 'EMB_O', 'EMB_O', 'EMB_O', 'EMB_O', 'EMB_O', 'EMB_O', 'EMB_O', 'EMB_O', 'EMB_O', 'EMB_O', 'EMB_O', 'EMB_O', 'EMB_O', 'EMB_O', 'EMB_O', 'EMB_O', 'EMB_O', 'EMB_O', 'EMB_O', 'EMB_O', 'EMB_O', 'EMB_O', 'EMB_O', 'EMB_O', 'EMB_O', 'EMB_O', 'EMB_O', 'EMB_O', 'EMB_O', 'EMB_O', 'EMB_O', 'EMB_O', 'EMB_O', 'EMB_O', 'EMB_O', 'EMB_O', 'EMB_O', 'EMB_O', 'EMB_O', 'EMB_O', 'EMB_O', 'EMB_O', 'EMB_O', 'EMB_O', 'EMB_O', 'EMB_O', 'EMB_O', 'EMB_O', 'EMB_O', 'EMB_O', 'EMB_O', 'EMB_O', 'EMB_O', 'EMB_O', 'EMB_O', 'EMB_O', 'EMB_O', 'EMB_O', 'EMB_O', 'EMB_O', 'EMB_P', 'EMB_P', 'EMB_P', 'EMB_P', 'EMB_P', 'EMB_P', 'EMB_P', 'EMB_P', 'EMB_P', 'EMB_P', 'EMB_P', 'EMB_P', 'EMB_P', 'EMB_P', 'EMB_P', 'EMB_P', 'EMB_P', 'EMB_P', 'EMB_P', 'EMB_P', 'EMB_P']","['EMB_O', 'EMB_O', 'EMB_O', 'EMB_O', 'EMB_O', 'EMB_O', 'EMB_O', 'EMB_O', 'EMB_O', 'EMB_O', 'EMB_O', 'EMB_O', 'EMB_O', 'EMB_O', 'EMB_O', 'EMB_O', 'EMB_O', 'OPN_B', 'OPN_I', 'OPN_I', 'OPN_I', 'OPN_I', 'OPN_I', 'OPN_I', 'OPN_I', 'OPN_I', 'OPN_I', 'OPN_I', 'OPN_I', 'OPN_I', 'OPN_I', 'OPN_E', 'EMB_O', 'EMB_O', 'EMB_O', 'EMB_O', 'EMB_O', 'EMB_O', 'EMB_O', 'EMB_O', 'EMB_O', 'EMB_O', 'EMB_O', 'EMB_O', 'EMB_O', 'EMB_O', 'EMB_O', 'EMB_O', 'EMB_O', 'EMB_O', 'EMB_O', 'EMB_O', 'EMB_O', 'EMB_O', 'EMB_O', 'EMB_O', 'EMB_O', 'EMB_O', 'EMB_O', 'EMB_O', 'EMB_O', 'EMB_O', 'EMB_O', 'EMB_O', 'EMB_O', 'EMB_O', 'EMB_O', 'EMB_O', 'EMB_O', 'EMB_O', 'EMB_O', 'EMB_O', 'EMB_O', 'EMB_O', 'EMB_O', 'EMB_O', 'EMB_O', 'EMB_O', 'EMB_O', 'EMB_O', 'EMB_O', 'EMB_O', 'EMB_O', 'EMB_O', 'EMB_O', 'EMB_O', 'EMB_O', 'EMB_O', 'EMB_O', 'EMB_O', 'EMB_O', 'EMB_O', 'EMB_O', 'EMB_O', 'EMB_O', 'EMB_O', 'EMB_O', 'EMB_O', 'EMB_O', 'EMB_O', 'EMB_O', 'EMB_O', 'EMB_O', 'EMB_O', 'EMB_O', 'EMB_O', 'EMB_O', 'EMB_P', 'EMB_P', 'EMB_P', 'EMB_P', 'EMB_P', 'EMB_P', 'EMB_P', 'EMB_P', 'EMB_P', 'EMB_P', 'EMB_P', 'EMB_P', 'EMB_P', 'EMB_P', 'EMB_P', 'EMB_P', 'EMB_P', 'EMB_P', 'EMB_P', 'EMB_P', 'EMB_P']"
12,дівчина,хамськи,24916:3_1009,"Замовлення принесли досить швидко, але як тільки ми приступили до їжі, дівчина хамськи попросила нас пересісти за інший столик.",1.5,8.25,"['EMB_O', 'EMB_O', 'EMB_O', 'EMB_O', 'EMB_O', 'EMB_O', 'EMB_O', 'EMB_O', 'EMB_O', 'EMB_O', 'EMB_O', 'EMB_O', 'EMB_O', 'EMB_O', 'EMB_O', 'EMB_O', 'EMB_O', 'EMB_O', 'EMB_O', 'EMB_O', 'ASP_B', 'ASP_I', 'ASP_E', 'EMB_O', 'EMB_O', 'EMB_O', 'EMB_O', 'EMB_O', 'EMB_O', 'EMB_O', 'EMB_O', 'EMB_O', 'EMB_O', 'EMB_O', 'EMB_O', 'EMB_O', 'EMB_O', 'EMB_O', 'EMB_O', 'EMB_O', 'EMB_O', 'EMB_P', 'EMB_P', 'EMB_P', 'EMB_P', 'EMB_P', 'EMB_P', 'EMB_P', 'EMB_P', 'EMB_P', 'EMB_P', 'EMB_P', 'EMB_P', 'EMB_P', 'EMB_P', 'EMB_P', 'EMB_P', 'EMB_P', 'EMB_P', 'EMB_P', 'EMB_P', 'EMB_P', 'EMB_P', 'EMB_P', 'EMB_P', 'EMB_P', 'EMB_P', 'EMB_P', 'EMB_P', 'EMB_P', 'EMB_P', 'EMB_P', 'EMB_P', 'EMB_P', 'EMB_P', 'EMB_P', 'EMB_P', 'EMB_P', 'EMB_P', 'EMB_P', 'EMB_P', 'EMB_P', 'EMB_P', 'EMB_P', 'EMB_P', 'EMB_P', 'EMB_P', 'EMB_P', 'EMB_P', 'EMB_P', 'EMB_P', 'EMB_P', 'EMB_P', 'EMB_P', 'EMB_P', 'EMB_P', 'EMB_P', 'EMB_P', 'EMB_P', 'EMB_P', 'EMB_P', 'EMB_P', 'EMB_P', 'EMB_P', 'EMB_P', 'EMB_P', 'EMB_P', 'EMB_P', 'EMB_P', 'EMB_P', 'EMB_P', 'EMB_P', 'EMB_P', 'EMB_P', 'EMB_P', 'EMB_P', 'EMB_P', 'EMB_P', 'EMB_P', 'EMB_P', 'EMB_P', 'EMB_P', 'EMB_P', 'EMB_P', 'EMB_P', 'EMB_P', 'EMB_P', 'EMB_P']","['EMB_O', 'EMB_O', 'EMB_O', 'EMB_O', 'EMB_O', 'EMB_O', 'EMB_O', 'EMB_O', 'EMB_O', 'EMB_O', 'EMB_O', 'EMB_O', 'EMB_O', 'EMB_O', 'EMB_O', 'EMB_O', 'EMB_O', 'EMB_O', 'EMB_O', 'EMB_O', 'EMB_O', 'EMB_O', 'EMB_O', 'OPN_B', 'OPN_I', 'OPN_I', 'OPN_E', 'EMB_O', 'EMB_O', 'EMB_O', 'EMB_O', 'EMB_O', 'EMB_O', 'EMB_O', 'EMB_O', 'EMB_O', 'EMB_O', 'EMB_O', 'EMB_O', 'EMB_O', 'EMB_O', 'EMB_P', 'EMB_P', 'EMB_P', 'EMB_P', 'EMB_P', 'EMB_P', 'EMB_P', 'EMB_P', 'EMB_P', 'EMB_P', 'EMB_P', 'EMB_P', 'EMB_P', 'EMB_P', 'EMB_P', 'EMB_P', 'EMB_P', 'EMB_P', 'EMB_P', 'EMB_P', 'EMB_P', 'EMB_P', 'EMB_P', 'EMB_P', 'EMB_P', 'EMB_P', 'EMB_P', 'EMB_P', 'EMB_P', 'EMB_P', 'EMB_P', 'EMB_P', 'EMB_P', 'EMB_P', 'EMB_P', 'EMB_P', 'EMB_P', 'EMB_P', 'EMB_P', 'EMB_P', 'EMB_P', 'EMB_P', 'EMB_P', 'EMB_P', 'EMB_P', 'EMB_P', 'EMB_P', 'EMB_P', 'EMB_P', 'EMB_P', 'EMB_P', 'EMB_P', 'EMB_P', 'EMB_P', 'EMB_P', 'EMB_P', 'EMB_P', 'EMB_P', 'EMB_P', 'EMB_P', 'EMB_P', 'EMB_P', 'EMB_P', 'EMB_P', 'EMB_P', 'EMB_P', 'EMB_P', 'EMB_P', 'EMB_P', 'EMB_P', 'EMB_P', 'EMB_P', 'EMB_P', 'EMB_P', 'EMB_P', 'EMB_P', 'EMB_P', 'EMB_P', 'EMB_P', 'EMB_P', 'EMB_P', 'EMB_P', 'EMB_P', 'EMB_P', 'EMB_P', 'EMB_P', 'EMB_P']"
13,чайових,не залишили,24916:5_1010,"Настрій зіпсовано не було (просто було неприємно), але чайових ми не залишили.",3.0,6.12,"['EMB_O', 'EMB_O', 'EMB_O', 'EMB_O', 'EMB_O', 'EMB_O', 'EMB_O', 'EMB_O', 'EMB_O', 'EMB_O', 'EMB_O', 'EMB_O', 'EMB_O', 'EMB_O', 'EMB_O', 'EMB_O', 'EMB_O', 'EMB_O', 'EMB_O', 'EMB_O', 'EMB_O', 'ASP_B', 'ASP_I', 'ASP_E', 'EMB_O', 'EMB_O', 'EMB_O', 'EMB_O', 'EMB_O', 'EMB_O', 'EMB_O', 'EMB_P', 'EMB_P', 'EMB_P', 'EMB_P', 'EMB_P', 'EMB_P', 'EMB_P', 'EMB_P', 'EMB_P', 'EMB_P', 'EMB_P', 'EMB_P', 'EMB_P', 'EMB_P', 'EMB_P', 'EMB_P', 'EMB_P', 'EMB_P', 'EMB_P', 'EMB_P', 'EMB_P', 'EMB_P', 'EMB_P', 'EMB_P', 'EMB_P', 'EMB_P', 'EMB_P', 'EMB_P', 'EMB_P', 'EMB_P', 'EMB_P', 'EMB_P', 'EMB_P', 'EMB_P', 'EMB_P', 'EMB_P', 'EMB_P', 'EMB_P', 'EMB_P', 'EMB_P', 'EMB_P', 'EMB_P', 'EMB_P', 'EMB_P', 'EMB_P', 'EMB_P', 'EMB_P', 'EMB_P', 'EMB_P', 'EMB_P', 'EMB_P', 'EMB_P', 'EMB_P', 'EMB_P', 'EMB_P', 'EMB_P', 'EMB_P', 'EMB_P', 'EMB_P', 'EMB_P', 'EMB_P', 'EMB_P', 'EMB_P', 'EMB_P', 'EMB_P', 'EMB_P', 'EMB_P', 'EMB_P', 'EMB_P', 'EMB_P', 'EMB_P', 'EMB_P', 'EMB_P', 'EMB_P', 'EMB_P', 'EMB_P', 'EMB_P', 'EMB_P', 'EMB_P', 'EMB_P', 'EMB_P', 'EMB_P', 'EMB_P', 'EMB_P', 'EMB_P', 'EMB_P', 'EMB_P', 'EMB_P', 'EMB_P', 'EMB_P', 'EMB_P', 'EMB_P', 'EMB_P', 'EMB_P', 'EMB_P', 'EMB_P', 'EMB_P']","['EMB_O', 'EMB_O', 'EMB_O', 'EMB_O', 'EMB_O', 'EMB_O', 'EMB_O', 'EMB_O', 'EMB_O', 'EMB_O', 'EMB_O', 'EMB_O', 'EMB_O', 'EMB_O', 'EMB_O', 'EMB_O', 'EMB_O', 'EMB_O', 'EMB_O', 'EMB_O', 'EMB_O', 'EMB_O', 'EMB_O', 'EMB_O', 'EMB_O', 'OPN_B', 'OPN_I', 'OPN_I', 'OPN_E', 'EMB_O', 'EMB_O', 'EMB_P', 'EMB_P', 'EMB_P', 'EMB_P', 'EMB_P', 'EMB_P', 'EMB_P', 'EMB_P', 'EMB_P', 'EMB_P', 'EMB_P', 'EMB_P', 'EMB_P', 'EMB_P', 'EMB_P', 'EMB_P', 'EMB_P', 'EMB_P', 'EMB_P', 'EMB_P', 'EMB_P', 'EMB_P', 'EMB_P', 'EMB_P', 'EMB_P', 'EMB_P', 'EMB_P', 'EMB_P', 'EMB_P', 'EMB_P', 'EMB_P', 'EMB_P', 'EMB_P', 'EMB_P', 'EMB_P', 'EMB_P', 'EMB_P', 'EMB_P', 'EMB_P', 'EMB_P', 'EMB_P', 'EMB_P', 'EMB_P', 'EMB_P', 'EMB_P', 'EMB_P', 'EMB_P', 'EMB_P', 'EMB_P', 'EMB_P', 'EMB_P', 'EMB_P', 'EMB_P', 'EMB_P', 'EMB_P', 'EMB_P', 'EMB_P', 'EMB_P', 'EMB_P', 'EMB_P', 'EMB_P', 'EMB_P', 'EMB_P', 'EMB_P', 'EMB_P', 'EMB_P', 'EMB_P', 'EMB_P', 'EMB_P', 'EMB_P', 'EMB_P', 'EMB_P', 'EMB_P', 'EMB_P', 'EMB_P', 'EMB_P', 'EMB_P', 'EMB_P', 'EMB_P', 'EMB_P', 'EMB_P', 'EMB_P', 'EMB_P', 'EMB_P', 'EMB_P', 'EMB_P', 'EMB_P', 'EMB_P', 'EMB_P', 'EMB_P', 'EMB_P', 'EMB_P', 'EMB_P', 'EMB_P', 'EMB_P', 'EMB_P', 'EMB_P']"
14,другий поверх,шокована,25507:2_1011,"Я спочатку подумала, що це і є таке кафе, але піднявшись на другий поверх була шокована кількістю людей!!",2.67,7.83,"['EMB_O', 'EMB_O', 'EMB_O', 'EMB_O', 'EMB_O', 'EMB_O', 'EMB_O', 'EMB_O', 'EMB_O', 'EMB_O', 'EMB_O', 'EMB_O', 'EMB_O', 'EMB_O', 'EMB_O', 'EMB_O', 'EMB_O', 'EMB_O', 'EMB_O', 'EMB_O', 'ASP_B', 'ASP_I', 'ASP_E', 'EMB_O', 'EMB_O', 'EMB_O', 'EMB_O', 'EMB_O', 'EMB_O', 'EMB_O', 'EMB_O', 'EMB_O', 'EMB_O', 'EMB_O', 'EMB_P', 'EMB_P', 'EMB_P', 'EMB_P', 'EMB_P', 'EMB_P', 'EMB_P', 'EMB_P', 'EMB_P', 'EMB_P', 'EMB_P', 'EMB_P', 'EMB_P', 'EMB_P', 'EMB_P', 'EMB_P', 'EMB_P', 'EMB_P', 'EMB_P', 'EMB_P', 'EMB_P', 'EMB_P', 'EMB_P', 'EMB_P', 'EMB_P', 'EMB_P', 'EMB_P', 'EMB_P', 'EMB_P', 'EMB_P', 'EMB_P', 'EMB_P', 'EMB_P', 'EMB_P', 'EMB_P', 'EMB_P', 'EMB_P', 'EMB_P', 'EMB_P', 'EMB_P', 'EMB_P', 'EMB_P', 'EMB_P', 'EMB_P', 'EMB_P', 'EMB_P', 'EMB_P', 'EMB_P', 'EMB_P', 'EMB_P', 'EMB_P', 'EMB_P', 'EMB_P', 'EMB_P', 'EMB_P', 'EMB_P', 'EMB_P', 'EMB_P', 'EMB_P', 'EMB_P', 'EMB_P', 'EMB_P', 'EMB_P', 'EMB_P', 'EMB_P', 'EMB_P', 'EMB_P', 'EMB_P', 'EMB_P', 'EMB_P', 'EMB_P', 'EMB_P', 'EMB_P', 'EMB_P', 'EMB_P', 'EMB_P', 'EMB_P', 'EMB_P', 'EMB_P', 'EMB_P', 'EMB_P', 'EMB_P', 'EMB_P', 'EMB_P', 'EMB_P', 'EMB_P', 'EMB_P', 'EMB_P', 'EMB_P', 'EMB_P', 'EMB_P', 'EMB_P', 'EMB_P', 'EMB_P']","['EMB_O', 'EMB_O', 'EMB_O', 'EMB_O', 'EMB_O', 'EMB_O', 'EMB_O', 'EMB_O', 'EMB_O', 'EMB_O', 'EMB_O', 'EMB_O', 'EMB_O', 'EMB_O', 'EMB_O', 'EMB_O', 'EMB_O', 'EMB_O', 'EMB_O', 'EMB_O', 'EMB_O', 'EMB_O', 'EMB_O', 'EMB_O', 'OPN_B', 'OPN_I', 'OPN_E', 'EMB_O', 'EMB_O', 'EMB_O', 'EMB_O', 'EMB_O', 'EMB_O', 'EMB_O', 'EMB_P', 'EMB_P', 'EMB_P', 'EMB_P', 'EMB_P', 'EMB_P', 'EMB_P', 'EMB_P', 'EMB_P', 'EMB_P', 'EMB_P', 'EMB_P', 'EMB_P', 'EMB_P', 'EMB_P', 'EMB_P', 'EMB_P', 'EMB_P', 'EMB_P', 'EMB_P', 'EMB_P', 'EMB_P', 'EMB_P', 'EMB_P', 'EMB_P', 'EMB_P', 'EMB_P', 'EMB_P', 'EMB_P', 'EMB_P', 'EMB_P', 'EMB_P', 'EMB_P', 'EMB_P', 'EMB_P', 'EMB_P', 'EMB_P', 'EMB_P', 'EMB_P', 'EMB_P', 'EMB_P', 'EMB_P', 'EMB_P', 'EMB_P', 'EMB_P', 'EMB_P', 'EMB_P', 'EMB_P', 'EMB_P', 'EMB_P', 'EMB_P', 'EMB_P', 'EMB_P', 'EMB_P', 'EMB_P', 'EMB_P', 'EMB_P', 'EMB_P', 'EMB_P', 'EMB_P', 'EMB_P', 'EMB_P', 'EMB_P', 'EMB_P', 'EMB_P', 'EMB_P', 'EMB_P', 'EMB_P', 'EMB_P', 'EMB_P', 'EMB_P', 'EMB_P', 'EMB_P', 'EMB_P', 'EMB_P', 'EMB_P', 'EMB_P', 'EMB_P', 'EMB_P', 'EMB_P', 'EMB_P', 'EMB_P', 'EMB_P', 'EMB_P', 'EMB_P', 'EMB_P', 'EMB_P', 'EMB_P', 'EMB_P', 'EMB_P', 'EMB_P', 'EMB_P', 'EMB_P', 'EMB_P']"
15,Офіціантку,довелося довго чекати,25507:4_1012,"Офіціантку довелося довго чекати - за умови того, що покликали її самі, та й не один раз!!",2.6,6.8,"['EMB_O', 'ASP_B', 'ASP_I', 'ASP_I', 'ASP_I', 'ASP_E', 'EMB_O', 'EMB_O', 'EMB_O', 'EMB_O', 'EMB_O', 'EMB_O', 'EMB_O', 'EMB_O', 'EMB_O', 'EMB_O', 'EMB_O', 'EMB_O', 'EMB_O', 'EMB_O', 'EMB_O', 'EMB_O', 'EMB_O', 'EMB_O', 'EMB_O', 'EMB_O', 'EMB_O', 'EMB_O', 'EMB_O', 'EMB_O', 'EMB_O', 'EMB_O', 'EMB_O', 'EMB_O', 'EMB_O', 'EMB_P', 'EMB_P', 'EMB_P', 'EMB_P', 'EMB_P', 'EMB_P', 'EMB_P', 'EMB_P', 'EMB_P', 'EMB_P', 'EMB_P', 'EMB_P', 'EMB_P', 'EMB_P', 'EMB_P', 'EMB_P', 'EMB_P', 'EMB_P', 'EMB_P', 'EMB_P', 'EMB_P', 'EMB_P', 'EMB_P', 'EMB_P', 'EMB_P', 'EMB_P', 'EMB_P', 'EMB_P', 'EMB_P', 'EMB_P', 'EMB_P', 'EMB_P', 'EMB_P', 'EMB_P', 'EMB_P', 'EMB_P', 'EMB_P', 'EMB_P', 'EMB_P', 'EMB_P', 'EMB_P', 'EMB_P', 'EMB_P', 'EMB_P', 'EMB_P', 'EMB_P', 'EMB_P', 'EMB_P', 'EMB_P', 'EMB_P', 'EMB_P', 'EMB_P', 'EMB_P', 'EMB_P', 'EMB_P', 'EMB_P', 'EMB_P', 'EMB_P', 'EMB_P', 'EMB_P', 'EMB_P', 'EMB_P', 'EMB_P', 'EMB_P', 'EMB_P', 'EMB_P', 'EMB_P', 'EMB_P', 'EMB_P', 'EMB_P', 'EMB_P', 'EMB_P', 'EMB_P', 'EMB_P', 'EMB_P', 'EMB_P', 'EMB_P', 'EMB_P', 'EMB_P', 'EMB_P', 'EMB_P', 'EMB_P', 'EMB_P', 'EMB_P', 'EMB_P', 'EMB_P', 'EMB_P', 'EMB_P', 'EMB_P', 'EMB_P', 'EMB_P', 'EMB_P', 'EMB_P']","['EMB_O', 'EMB_O', 'EMB_O', 'EMB_O', 'EMB_O', 'EMB_O', 'OPN_B', 'OPN_I', 'OPN_I', 'OPN_I', 'OPN_I', 'OPN_I', 'OPN_I', 'OPN_E', 'EMB_O', 'EMB_O', 'EMB_O', 'EMB_O', 'EMB_O', 'EMB_O', 'EMB_O', 'EMB_O', 'EMB_O', 'EMB_O', 'EMB_O', 'EMB_O', 'EMB_O', 'EMB_O', 'EMB_O', 'EMB_O', 'EMB_O', 'EMB_O', 'EMB_O', 'EMB_O', 'EMB_O', 'EMB_P', 'EMB_P', 'EMB_P', 'EMB_P', 'EMB_P', 'EMB_P', 'EMB_P', 'EMB_P', 'EMB_P', 'EMB_P', 'EMB_P', 'EMB_P', 'EMB_P', 'EMB_P', 'EMB_P', 'EMB_P', 'EMB_P', 'EMB_P', 'EMB_P', 'EMB_P', 'EMB_P', 'EMB_P', 'EMB_P', 'EMB_P', 'EMB_P', 'EMB_P', 'EMB_P', 'EMB_P', 'EMB_P', 'EMB_P', 'EMB_P', 'EMB_P', 'EMB_P', 'EMB_P', 'EMB_P', 'EMB_P', 'EMB_P', 'EMB_P', 'EMB_P', 'EMB_P', 'EMB_P', 'EMB_P', 'EMB_P', 'EMB_P', 'EMB_P', 'EMB_P', 'EMB_P', 'EMB_P', 'EMB_P', 'EMB_P', 'EMB_P', 'EMB_P', 'EMB_P', 'EMB_P', 'EMB_P', 'EMB_P', 'EMB_P', 'EMB_P', 'EMB_P', 'EMB_P', 'EMB_P', 'EMB_P', 'EMB_P', 'EMB_P', 'EMB_P', 'EMB_P', 'EMB_P', 'EMB_P', 'EMB_P', 'EMB_P', 'EMB_P', 'EMB_P', 'EMB_P', 'EMB_P', 'EMB_P', 'EMB_P', 'EMB_P', 'EMB_P', 'EMB_P', 'EMB_P', 'EMB_P', 'EMB_P', 'EMB_P', 'EMB_P', 'EMB_P', 'EMB_P', 'EMB_P', 'EMB_P', 'EMB_P', 'EMB_P', 'EMB_P', 'EMB_P', 'EMB_P']"
16,Салат,дуже сподобався,25507:8_1013,Салат принесли швидко - дуже сподобався!!,7.8,7.1,"['EMB_O', 'ASP_B', 'ASP_E', 'EMB_O', 'EMB_O', 'EMB_O', 'EMB_O', 'EMB_O', 'EMB_O', 'EMB_O', 'EMB_O', 'EMB_O', 'EMB_O', 'EMB_O', 'EMB_O', 'EMB_O', 'EMB_P', 'EMB_P', 'EMB_P', 'EMB_P', 'EMB_P', 'EMB_P', 'EMB_P', 'EMB_P', 'EMB_P', 'EMB_P', 'EMB_P', 'EMB_P', 'EMB_P', 'EMB_P', 'EMB_P', 'EMB_P', 'EMB_P', 'EMB_P', 'EMB_P', 'EMB_P', 'EMB_P', 'EMB_P', 'EMB_P', 'EMB_P', 'EMB_P', 'EMB_P', 'EMB_P', 'EMB_P', 'EMB_P', 'EMB_P', 'EMB_P', 'EMB_P', 'EMB_P', 'EMB_P', 'EMB_P', 'EMB_P', 'EMB_P', 'EMB_P', 'EMB_P', 'EMB_P', 'EMB_P', 'EMB_P', 'EMB_P', 'EMB_P', 'EMB_P', 'EMB_P', 'EMB_P', 'EMB_P', 'EMB_P', 'EMB_P', 'EMB_P', 'EMB_P', 'EMB_P', 'EMB_P', 'EMB_P', 'EMB_P', 'EMB_P', 'EMB_P', 'EMB_P', 'EMB_P', 'EMB_P', 'EMB_P', 'EMB_P', 'EMB_P', 'EMB_P', 'EMB_P', 'EMB_P', 'EMB_P', 'EMB_P', 'EMB_P', 'EMB_P', 'EMB_P', 'EMB_P', 'EMB_P', 'EMB_P', 'EMB_P', 'EMB_P', 'EMB_P', 'EMB_P', 'EMB_P', 'EMB_P', 'EMB_P', 'EMB_P', 'EMB_P', 'EMB_P', 'EMB_P', 'EMB_P', 'EMB_P', 'EMB_P', 'EMB_P', 'EMB_P', 'EMB_P', 'EMB_P', 'EMB_P', 'EMB_P', 'EMB_P', 'EMB_P', 'EMB_P', 'EMB_P', 'EMB_P', 'EMB_P', 'EMB_P', 'EMB_P', 'EMB_P', 'EMB_P', 'EMB_P', 'EMB_P', 'EMB_P', 'EMB_P', 'EMB_P', 'EMB_P', 'EMB_P']","['EMB_O', 'EMB_O', 'EMB_O', 'EMB_O', 'EMB_O', 'EMB_O', 'EMB_O', 'OPN_B', 'OPN_I', 'OPN_I', 'OPN_I', 'OPN_I', 'OPN_E', 'EMB_O', 'EMB_O', 'EMB_O', 'EMB_P', 'EMB_P', 'EMB_P', 'EMB_P', 'EMB_P', 'EMB_P', 'EMB_P', 'EMB_P', 'EMB_P', 'EMB_P', 'EMB_P', 'EMB_P', 'EMB_P', 'EMB_P', 'EMB_P', 'EMB_P', 'EMB_P', 'EMB_P', 'EMB_P', 'EMB_P', 'EMB_P', 'EMB_P', 'EMB_P', 'EMB_P', 'EMB_P', 'EMB_P', 'EMB_P', 'EMB_P', 'EMB_P', 'EMB_P', 'EMB_P', 'EMB_P', 'EMB_P', 'EMB_P', 'EMB_P', 'EMB_P', 'EMB_P', 'EMB_P', 'EMB_P', 'EMB_P', 'EMB_P', 'EMB_P', 'EMB_P', 'EMB_P', 'EMB_P', 'EMB_P', 'EMB_P', 'EMB_P', 'EMB_P', 'EMB_P', 'EMB_P', 'EMB_P', 'EMB_P', 'EMB_P', 'EMB_P', 'EMB_P', 'EMB_P', 'EMB_P', 'EMB_P', 'EMB_P', 'EMB_P', 'EMB_P', 'EMB_P', 'EMB_P', 'EMB_P', 'EMB_P', 'EMB_P', 'EMB_P', 'EMB_P', 'EMB_P', 'EMB_P', 'EMB_P', 'EMB_P', 'EMB_P', 'EMB_P', 'EMB_P', 'EMB_P', 'EMB_P', 'EMB_P', 'EMB_P', 'EMB_P', 'EMB_P', 'EMB_P', 'EMB_P', 'EMB_P', 'EMB_P', 'EMB_P', 'EMB_P', 'EMB_P', 'EMB_P', 'EMB_P', 'EMB_P', 'EMB_P', 'EMB_P', 'EMB_P', 'EMB_P', 'EMB_P', 'EMB_P', 'EMB_P', 'EMB_P', 'EMB_P', 'EMB_P', 'EMB_P', 'EMB_P', 'EMB_P', 'EMB_P', 'EMB_P', 'EMB_P', 'EMB_P', 'EMB_P', 'EMB_P', 'EMB_P']"
17,Овочі,свіжі,25507:10_1014,Овочі свіжі курчати довго чекали..напевно з півгодини.,6.7,6.1,"['EMB_O', 'ASP_B', 'ASP_E', 'EMB_O', 'EMB_O', 'EMB_O', 'EMB_O', 'EMB_O', 'EMB_O', 'EMB_O', 'EMB_O', 'EMB_O', 'EMB_O', 'EMB_O', 'EMB_O', 'EMB_O', 'EMB_O', 'EMB_O', 'EMB_O', 'EMB_O', 'EMB_O', 'EMB_O', 'EMB_O', 'EMB_O', 'EMB_O', 'EMB_O', 'EMB_P', 'EMB_P', 'EMB_P', 'EMB_P', 'EMB_P', 'EMB_P', 'EMB_P', 'EMB_P', 'EMB_P', 'EMB_P', 'EMB_P', 'EMB_P', 'EMB_P', 'EMB_P', 'EMB_P', 'EMB_P', 'EMB_P', 'EMB_P', 'EMB_P', 'EMB_P', 'EMB_P', 'EMB_P', 'EMB_P', 'EMB_P', 'EMB_P', 'EMB_P', 'EMB_P', 'EMB_P', 'EMB_P', 'EMB_P', 'EMB_P', 'EMB_P', 'EMB_P', 'EMB_P', 'EMB_P', 'EMB_P', 'EMB_P', 'EMB_P', 'EMB_P', 'EMB_P', 'EMB_P', 'EMB_P', 'EMB_P', 'EMB_P', 'EMB_P', 'EMB_P', 'EMB_P', 'EMB_P', 'EMB_P', 'EMB_P', 'EMB_P', 'EMB_P', 'EMB_P', 'EMB_P', 'EMB_P', 'EMB_P', 'EMB_P', 'EMB_P', 'EMB_P', 'EMB_P', 'EMB_P', 'EMB_P', 'EMB_P', 'EMB_P', 'EMB_P', 'EMB_P', 'EMB_P', 'EMB_P', 'EMB_P', 'EMB_P', 'EMB_P', 'EMB_P', 'EMB_P', 'EMB_P', 'EMB_P', 'EMB_P', 'EMB_P', 'EMB_P', 'EMB_P', 'EMB_P', 'EMB_P', 'EMB_P', 'EMB_P', 'EMB_P', 'EMB_P', 'EMB_P', 'EMB_P', 'EMB_P', 'EMB_P', 'EMB_P', 'EMB_P', 'EMB_P', 'EMB_P', 'EMB_P', 'EMB_P', 'EMB_P', 'EMB_P', 'EMB_P', 'EMB_P', 'EMB_P', 'EMB_P', 'EMB_P']","['EMB_O', 'EMB_O', 'EMB_O', 'OPN_B', 'OPN_I', 'OPN_E', 'EMB_O', 'EMB_O', 'EMB_O', 'EMB_O', 'EMB_O', 'EMB_O', 'EMB_O', 'EMB_O', 'EMB_O', 'EMB_O', 'EMB_O', 'EMB_O', 'EMB_O', 'EMB_O', 'EMB_O', 'EMB_O', 'EMB_O', 'EMB_O', 'EMB_O', 'EMB_O', 'EMB_P', 'EMB_P', 'EMB_P', 'EMB_P', 'EMB_P', 'EMB_P', 'EMB_P', 'EMB_P', 'EMB_P', 'EMB_P', 'EMB_P', 'EMB_P', 'EMB_P', 'EMB_P', 'EMB_P', 'EMB_P', 'EMB_P', 'EMB_P', 'EMB_P', 'EMB_P', 'EMB_P', 'EMB_P', 'EMB_P', 'EMB_P', 'EMB_P', 'EMB_P', 'EMB_P', 'EMB_P', 'EMB_P', 'EMB_P', 'EMB_P', 'EMB_P', 'EMB_P', 'EMB_P', 'EMB_P', 'EMB_P', 'EMB_P', 'EMB_P', 'EMB_P', 'EMB_P', 'EMB_P', 'EMB_P', 'EMB_P', 'EMB_P', 'EMB_P', 'EMB_P', 'EMB_P', 'EMB_P', 'EMB_P', 'EMB_P', 'EMB_P', 'EMB_P', 'EMB_P', 'EMB_P', 'EMB_P', 'EMB_P', 'EMB_P', 'EMB_P', 'EMB_P', 'EMB_P', 'EMB_P', 'EMB_P', 'EMB_P', 'EMB_P', 'EMB_P', 'EMB_P', 'EMB_P', 'EMB_P', 'EMB_P', 'EMB_P', 'EMB_P', 'EMB_P', 'EMB_P', 'EMB_P', 'EMB_P', 'EMB_P', 'EMB_P', 'EMB_P', 'EMB_P', 'EMB_P', 'EMB_P', 'EMB_P', 'EMB_P', 'EMB_P', 'EMB_P', 'EMB_P', 'EMB_P', 'EMB_P', 'EMB_P', 'EMB_P', 'EMB_P', 'EMB_P', 'EMB_P', 'EMB_P', 'EMB_P', 'EMB_P', 'EMB_P', 'EMB_P', 'EMB_P', 'EMB_P', 'EMB_P', 'EMB_P']"
18,приправа,в міру,25507:11_1015,"Але це того коштувало.. добре приготовлений, приправа в міру.",6.5,5.7,"['EMB_O', 'EMB_O', 'EMB_O', 'EMB_O', 'EMB_O', 'EMB_O', 'EMB_O', 'EMB_O', 'EMB_O', 'EMB_O', 'EMB_O', 'EMB_O', 'EMB_O', 'EMB_O', 'EMB_O', 'EMB_O', 'ASP_B', 'ASP_E', 'EMB_O', 'EMB_O', 'EMB_O', 'EMB_O', 'EMB_O', 'EMB_P', 'EMB_P', 'EMB_P', 'EMB_P', 'EMB_P', 'EMB_P', 'EMB_P', 'EMB_P', 'EMB_P', 'EMB_P', 'EMB_P', 'EMB_P', 'EMB_P', 'EMB_P', 'EMB_P', 'EMB_P', 'EMB_P', 'EMB_P', 'EMB_P', 'EMB_P', 'EMB_P', 'EMB_P', 'EMB_P', 'EMB_P', 'EMB_P', 'EMB_P', 'EMB_P', 'EMB_P', 'EMB_P', 'EMB_P', 'EMB_P', 'EMB_P', 'EMB_P', 'EMB_P', 'EMB_P', 'EMB_P', 'EMB_P', 'EMB_P', 'EMB_P', 'EMB_P', 'EMB_P', 'EMB_P', 'EMB_P', 'EMB_P', 'EMB_P', 'EMB_P', 'EMB_P', 'EMB_P', 'EMB_P', 'EMB_P', 'EMB_P', 'EMB_P', 'EMB_P', 'EMB_P', 'EMB_P', 'EMB_P', 'EMB_P', 'EMB_P', 'EMB_P', 'EMB_P', 'EMB_P', 'EMB_P', 'EMB_P', 'EMB_P', 'EMB_P', 'EMB_P', 'EMB_P', 'EMB_P', 'EMB_P', 'EMB_P', 'EMB_P', 'EMB_P', 'EMB_P', 'EMB_P', 'EMB_P', 'EMB_P', 'EMB_P', 'EMB_P', 'EMB_P', 'EMB_P', 'EMB_P', 'EMB_P', 'EMB_P', 'EMB_P', 'EMB_P', 'EMB_P', 'EMB_P', 'EMB_P', 'EMB_P', 'EMB_P', 'EMB_P', 'EMB_P', 'EMB_P', 'EMB_P', 'EMB_P', 'EMB_P', 'EMB_P', 'EMB_P', 'EMB_P', 'EMB_P', 'EMB_P', 'EMB_P', 'EMB_P', 'EMB_P', 'EMB_P']","['EMB_O', 'EMB_O', 'EMB_O', 'EMB_O', 'EMB_O', 'EMB_O', 'EMB_O', 'EMB_O', 'EMB_O', 'EMB_O', 'EMB_O', 'EMB_O', 'EMB_O', 'EMB_O', 'EMB_O', 'EMB_O', 'EMB_O', 'EMB_O', 'OPN_B', 'OPN_I', 'OPN_E', 'EMB_O', 'EMB_O', 'EMB_P', 'EMB_P', 'EMB_P', 'EMB_P', 'EMB_P', 'EMB_P', 'EMB_P', 'EMB_P', 'EMB_P', 'EMB_P', 'EMB_P', 'EMB_P', 'EMB_P', 'EMB_P', 'EMB_P', 'EMB_P', 'EMB_P', 'EMB_P', 'EMB_P', 'EMB_P', 'EMB_P', 'EMB_P', 'EMB_P', 'EMB_P', 'EMB_P', 'EMB_P', 'EMB_P', 'EMB_P', 'EMB_P', 'EMB_P', 'EMB_P', 'EMB_P', 'EMB_P', 'EMB_P', 'EMB_P', 'EMB_P', 'EMB_P', 'EMB_P', 'EMB_P', 'EMB_P', 'EMB_P', 'EMB_P', 'EMB_P', 'EMB_P', 'EMB_P', 'EMB_P', 'EMB_P', 'EMB_P', 'EMB_P', 'EMB_P', 'EMB_P', 'EMB_P', 'EMB_P', 'EMB_P', 'EMB_P', 'EMB_P', 'EMB_P', 'EMB_P', 'EMB_P', 'EMB_P', 'EMB_P', 'EMB_P', 'EMB_P', 'EMB_P', 'EMB_P', 'EMB_P', 'EMB_P', 'EMB_P', 'EMB_P', 'EMB_P', 'EMB_P', 'EMB_P', 'EMB_P', 'EMB_P', 'EMB_P', 'EMB_P', 'EMB_P', 'EMB_P', 'EMB_P', 'EMB_P', 'EMB_P', 'EMB_P', 'EMB_P', 'EMB_P', 'EMB_P', 'EMB_P', 'EMB_P', 'EMB_P', 'EMB_P', 'EMB_P', 'EMB_P', 'EMB_P', 'EMB_P', 'EMB_P', 'EMB_P', 'EMB_P', 'EMB_P', 'EMB_P', 'EMB_P', 'EMB_P', 'EMB_P', 'EMB_P', 'EMB_P', 'EMB_P', 'EMB_P']"
19,Часник,як треба,25507:12_1016,Часник як треба.,6.5,6.0,"['EMB_O', 'ASP_B', 'ASP_I', 'ASP_E', 'EMB_O', 'EMB_O', 'EMB_O', 'EMB_O', 'EMB_P', 'EMB_P', 'EMB_P', 'EMB_P', 'EMB_P', 'EMB_P', 'EMB_P', 'EMB_P', 'EMB_P', 'EMB_P', 'EMB_P', 'EMB_P', 'EMB_P', 'EMB_P', 'EMB_P', 'EMB_P', 'EMB_P', 'EMB_P', 'EMB_P', 'EMB_P', 'EMB_P', 'EMB_P', 'EMB_P', 'EMB_P', 'EMB_P', 'EMB_P', 'EMB_P', 'EMB_P', 'EMB_P', 'EMB_P', 'EMB_P', 'EMB_P', 'EMB_P', 'EMB_P', 'EMB_P', 'EMB_P', 'EMB_P', 'EMB_P', 'EMB_P', 'EMB_P', 'EMB_P', 'EMB_P', 'EMB_P', 'EMB_P', 'EMB_P', 'EMB_P', 'EMB_P', 'EMB_P', 'EMB_P', 'EMB_P', 'EMB_P', 'EMB_P', 'EMB_P', 'EMB_P', 'EMB_P', 'EMB_P', 'EMB_P', 'EMB_P', 'EMB_P', 'EMB_P', 'EMB_P', 'EMB_P', 'EMB_P', 'EMB_P', 'EMB_P', 'EMB_P', 'EMB_P', 'EMB_P', 'EMB_P', 'EMB_P', 'EMB_P', 'EMB_P', 'EMB_P', 'EMB_P', 'EMB_P', 'EMB_P', 'EMB_P', 'EMB_P', 'EMB_P', 'EMB_P', 'EMB_P', 'EMB_P', 'EMB_P', 'EMB_P', 'EMB_P', 'EMB_P', 'EMB_P', 'EMB_P', 'EMB_P', 'EMB_P', 'EMB_P', 'EMB_P', 'EMB_P', 'EMB_P', 'EMB_P', 'EMB_P', 'EMB_P', 'EMB_P', 'EMB_P', 'EMB_P', 'EMB_P', 'EMB_P', 'EMB_P', 'EMB_P', 'EMB_P', 'EMB_P', 'EMB_P', 'EMB_P', 'EMB_P', 'EMB_P', 'EMB_P', 'EMB_P', 'EMB_P', 'EMB_P', 'EMB_P', 'EMB_P', 'EMB_P', 'EMB_P', 'EMB_P', 'EMB_P']","['EMB_O', 'EMB_O', 'EMB_O', 'EMB_O', 'OPN_B', 'OPN_E', 'EMB_O', 'EMB_O', 'EMB_P', 'EMB_P', 'EMB_P', 'EMB_P', 'EMB_P', 'EMB_P', 'EMB_P', 'EMB_P', 'EMB_P', 'EMB_P', 'EMB_P', 'EMB_P', 'EMB_P', 'EMB_P', 'EMB_P', 'EMB_P', 'EMB_P', 'EMB_P', 'EMB_P', 'EMB_P', 'EMB_P', 'EMB_P', 'EMB_P', 'EMB_P', 'EMB_P', 'EMB_P', 'EMB_P', 'EMB_P', 'EMB_P', 'EMB_P', 'EMB_P', 'EMB_P', 'EMB_P', 'EMB_P', 'EMB_P', 'EMB_P', 'EMB_P', 'EMB_P', 'EMB_P', 'EMB_P', 'EMB_P', 'EMB_P', 'EMB_P', 'EMB_P', 'EMB_P', 'EMB_P', 'EMB_P', 'EMB_P', 'EMB_P', 'EMB_P', 'EMB_P', 'EMB_P', 'EMB_P', 'EMB_P', 'EMB_P', 'EMB_P', 'EMB_P', 'EMB_P', 'EMB_P', 'EMB_P', 'EMB_P', 'EMB_P', 'EMB_P', 'EMB_P', 'EMB_P', 'EMB_P', 'EMB_P', 'EMB_P', 'EMB_P', 'EMB_P', 'EMB_P', 'EMB_P', 'EMB_P', 'EMB_P', 'EMB_P', 'EMB_P', 'EMB_P', 'EMB_P', 'EMB_P', 'EMB_P', 'EMB_P', 'EMB_P', 'EMB_P', 'EMB_P', 'EMB_P', 'EMB_P', 'EMB_P', 'EMB_P', 'EMB_P', 'EMB_P', 'EMB_P', 'EMB_P', 'EMB_P', 'EMB_P', 'EMB_P', 'EMB_P', 'EMB_P', 'EMB_P', 'EMB_P', 'EMB_P', 'EMB_P', 'EMB_P', 'EMB_P', 'EMB_P', 'EMB_P', 'EMB_P', 'EMB_P', 'EMB_P', 'EMB_P', 'EMB_P', 'EMB_P', 'EMB_P', 'EMB_P', 'EMB_P', 'EMB_P', 'EMB_P', 'EMB_P', 'EMB_P', 'EMB_P', 'EMB_P']"
20,Соус,не сподобався,25507:13_1017,"Соус додається, але мені він не сподобався..може звичайно через хліба так як я його вмочала в соус..",2.88,7.12,"['EMB_O', 'ASP_B', 'ASP_E', 'EMB_O', 'EMB_O', 'EMB_O', 'EMB_O', 'EMB_O', 'EMB_O', 'EMB_O', 'EMB_O', 'EMB_O', 'EMB_O', 'EMB_O', 'EMB_O', 'EMB_O', 'EMB_O', 'EMB_O', 'EMB_O', 'EMB_O', 'EMB_O', 'EMB_O', 'EMB_O', 'EMB_O', 'EMB_O', 'EMB_O', 'EMB_O', 'EMB_O', 'EMB_O', 'EMB_O', 'EMB_O', 'EMB_O', 'EMB_O', 'EMB_O', 'EMB_O', 'EMB_O', 'EMB_O', 'EMB_O', 'EMB_P', 'EMB_P', 'EMB_P', 'EMB_P', 'EMB_P', 'EMB_P', 'EMB_P', 'EMB_P', 'EMB_P', 'EMB_P', 'EMB_P', 'EMB_P', 'EMB_P', 'EMB_P', 'EMB_P', 'EMB_P', 'EMB_P', 'EMB_P', 'EMB_P', 'EMB_P', 'EMB_P', 'EMB_P', 'EMB_P', 'EMB_P', 'EMB_P', 'EMB_P', 'EMB_P', 'EMB_P', 'EMB_P', 'EMB_P', 'EMB_P', 'EMB_P', 'EMB_P', 'EMB_P', 'EMB_P', 'EMB_P', 'EMB_P', 'EMB_P', 'EMB_P', 'EMB_P', 'EMB_P', 'EMB_P', 'EMB_P', 'EMB_P', 'EMB_P', 'EMB_P', 'EMB_P', 'EMB_P', 'EMB_P', 'EMB_P', 'EMB_P', 'EMB_P', 'EMB_P', 'EMB_P', 'EMB_P', 'EMB_P', 'EMB_P', 'EMB_P', 'EMB_P', 'EMB_P', 'EMB_P', 'EMB_P', 'EMB_P', 'EMB_P', 'EMB_P', 'EMB_P', 'EMB_P', 'EMB_P', 'EMB_P', 'EMB_P', 'EMB_P', 'EMB_P', 'EMB_P', 'EMB_P', 'EMB_P', 'EMB_P', 'EMB_P', 'EMB_P', 'EMB_P', 'EMB_P', 'EMB_P', 'EMB_P', 'EMB_P', 'EMB_P', 'EMB_P', 'EMB_P', 'EMB_P', 'EMB_P', 'EMB_P', 'EMB_P']","['EMB_O', 'EMB_O', 'EMB_O', 'EMB_O', 'EMB_O', 'EMB_O', 'EMB_O', 'EMB_O', 'EMB_O', 'EMB_O', 'OPN_B', 'OPN_I', 'OPN_I', 'OPN_I', 'OPN_I', 'OPN_E', 'EMB_O', 'EMB_O', 'EMB_O', 'EMB_O', 'EMB_O', 'EMB_O', 'EMB_O', 'EMB_O', 'EMB_O', 'EMB_O', 'EMB_O', 'EMB_O', 'EMB_O', 'EMB_O', 'EMB_O', 'EMB_O', 'EMB_O', 'EMB_O', 'EMB_O', 'EMB_O', 'EMB_O', 'EMB_O', 'EMB_P', 'EMB_P', 'EMB_P', 'EMB_P', 'EMB_P', 'EMB_P', 'EMB_P', 'EMB_P', 'EMB_P', 'EMB_P', 'EMB_P', 'EMB_P', 'EMB_P', 'EMB_P', 'EMB_P', 'EMB_P', 'EMB_P', 'EMB_P', 'EMB_P', 'EMB_P', 'EMB_P', 'EMB_P', 'EMB_P', 'EMB_P', 'EMB_P', 'EMB_P', 'EMB_P', 'EMB_P', 'EMB_P', 'EMB_P', 'EMB_P', 'EMB_P', 'EMB_P', 'EMB_P', 'EMB_P', 'EMB_P', 'EMB_P', 'EMB_P', 'EMB_P', 'EMB_P', 'EMB_P', 'EMB_P', 'EMB_P', 'EMB_P', 'EMB_P', 'EMB_P', 'EMB_P', 'EMB_P', 'EMB_P', 'EMB_P', 'EMB_P', 'EMB_P', 'EMB_P', 'EMB_P', 'EMB_P', 'EMB_P', 'EMB_P', 'EMB_P', 'EMB_P', 'EMB_P', 'EMB_P', 'EMB_P', 'EMB_P', 'EMB_P', 'EMB_P', 'EMB_P', 'EMB_P', 'EMB_P', 'EMB_P', 'EMB_P', 'EMB_P', 'EMB_P', 'EMB_P', 'EMB_P', 'EMB_P', 'EMB_P', 'EMB_P', 'EMB_P', 'EMB_P', 'EMB_P', 'EMB_P', 'EMB_P', 'EMB_P', 'EMB_P', 'EMB_P', 'EMB_P', 'EMB_P', 'EMB_P', 'EMB_P', 'EMB_P']"
21,офіціантка,дуже приємна,25507:14_1018,"Взагалі враження залишилися приємні офіціантка яка нас обслуговувала дуже приємна і проста дівчина, чого звичайно не можна сказати про адміністраторів..але так Бог з ними!!",7.17,6.17,"['EMB_O', 'EMB_O', 'EMB_O', 'EMB_O', 'EMB_O', 'EMB_O', 'EMB_O', 'EMB_O', 'EMB_O', 'EMB_O', 'EMB_O', 'EMB_O', 'EMB_O', 'ASP_B', 'ASP_I', 'ASP_I', 'ASP_I', 'ASP_E', 'EMB_O', 'EMB_O', 'EMB_O', 'EMB_O', 'EMB_O', 'EMB_O', 'EMB_O', 'EMB_O', 'EMB_O', 'EMB_O', 'EMB_O', 'EMB_O', 'EMB_O', 'EMB_O', 'EMB_O', 'EMB_O', 'EMB_O', 'EMB_O', 'EMB_O', 'EMB_O', 'EMB_O', 'EMB_O', 'EMB_O', 'EMB_O', 'EMB_O', 'EMB_O', 'EMB_O', 'EMB_O', 'EMB_O', 'EMB_O', 'EMB_O', 'EMB_O', 'EMB_O', 'EMB_O', 'EMB_O', 'EMB_O', 'EMB_O', 'EMB_O', 'EMB_O', 'EMB_O', 'EMB_O', 'EMB_P', 'EMB_P', 'EMB_P', 'EMB_P', 'EMB_P', 'EMB_P', 'EMB_P', 'EMB_P', 'EMB_P', 'EMB_P', 'EMB_P', 'EMB_P', 'EMB_P', 'EMB_P', 'EMB_P', 'EMB_P', 'EMB_P', 'EMB_P', 'EMB_P', 'EMB_P', 'EMB_P', 'EMB_P', 'EMB_P', 'EMB_P', 'EMB_P', 'EMB_P', 'EMB_P', 'EMB_P', 'EMB_P', 'EMB_P', 'EMB_P', 'EMB_P', 'EMB_P', 'EMB_P', 'EMB_P', 'EMB_P', 'EMB_P', 'EMB_P', 'EMB_P', 'EMB_P', 'EMB_P', 'EMB_P', 'EMB_P', 'EMB_P', 'EMB_P', 'EMB_P', 'EMB_P', 'EMB_P', 'EMB_P', 'EMB_P', 'EMB_P', 'EMB_P', 'EMB_P', 'EMB_P', 'EMB_P', 'EMB_P', 'EMB_P', 'EMB_P', 'EMB_P', 'EMB_P', 'EMB_P', 'EMB_P', 'EMB_P', 'EMB_P', 'EMB_P', 'EMB_P', 'EMB_P', 'EMB_P', 'EMB_P']","['EMB_O', 'EMB_O', 'EMB_O', 'EMB_O', 'EMB_O', 'EMB_O', 'EMB_O', 'EMB_O', 'EMB_O', 'EMB_O', 'EMB_O', 'EMB_O', 'EMB_O', 'EMB_O', 'EMB_O', 'EMB_O', 'EMB_O', 'EMB_O', 'EMB_O', 'EMB_O', 'EMB_O', 'EMB_O', 'EMB_O', 'EMB_O', 'OPN_B', 'OPN_I', 'OPN_I', 'OPN_E', 'EMB_O', 'EMB_O', 'EMB_O', 'EMB_O', 'EMB_O', 'EMB_O', 'EMB_O', 'EMB_O', 'EMB_O', 'EMB_O', 'EMB_O', 'EMB_O', 'EMB_O', 'EMB_O', 'EMB_O', 'EMB_O', 'EMB_O', 'EMB_O', 'EMB_O', 'EMB_O', 'EMB_O', 'EMB_O', 'EMB_O', 'EMB_O', 'EMB_O', 'EMB_O', 'EMB_O', 'EMB_O', 'EMB_O', 'EMB_O', 'EMB_O', 'EMB_P', 'EMB_P', 'EMB_P', 'EMB_P', 'EMB_P', 'EMB_P', 'EMB_P', 'EMB_P', 'EMB_P', 'EMB_P', 'EMB_P', 'EMB_P', 'EMB_P', 'EMB_P', 'EMB_P', 'EMB_P', 'EMB_P', 'EMB_P', 'EMB_P', 'EMB_P', 'EMB_P', 'EMB_P', 'EMB_P', 'EMB_P', 'EMB_P', 'EMB_P', 'EMB_P', 'EMB_P', 'EMB_P', 'EMB_P', 'EMB_P', 'EMB_P', 'EMB_P', 'EMB_P', 'EMB_P', 'EMB_P', 'EMB_P', 'EMB_P', 'EMB_P', 'EMB_P', 'EMB_P', 'EMB_P', 'EMB_P', 'EMB_P', 'EMB_P', 'EMB_P', 'EMB_P', 'EMB_P', 'EMB_P', 'EMB_P', 'EMB_P', 'EMB_P', 'EMB_P', 'EMB_P', 'EMB_P', 'EMB_P', 'EMB_P', 'EMB_P', 'EMB_P', 'EMB_P', 'EMB_P', 'EMB_P', 'EMB_P', 'EMB_P', 'EMB_P', 'EMB_P', 'EMB_P', 'EMB_P', 'EMB_P']"
22,дівчина,дуже приємна,25507:14_1018,"Взагалі враження залишилися приємні офіціантка яка нас обслуговувала дуже приємна і проста дівчина, чого звичайно не можна сказати про адміністраторів..але так Бог з ними!!",7.5,6.75,"['EMB_O', 'EMB_O', 'EMB_O', 'EMB_O', 'EMB_O', 'EMB_O', 'EMB_O', 'EMB_O', 'EMB_O', 'EMB_O', 'EMB_O', 'EMB_O', 'EMB_O', 'EMB_O', 'EMB_O', 'EMB_O', 'EMB_O', 'EMB_O', 'EMB_O', 'EMB_O', 'EMB_O', 'EMB_O', 'EMB_O', 'EMB_O', 'EMB_O', 'EMB_O', 'EMB_O', 'EMB_O', 'EMB_O', 'EMB_O', 'EMB_O', 'ASP_B', 'ASP_I', 'ASP_E', 'EMB_O', 'EMB_O', 'EMB_O', 'EMB_O', 'EMB_O', 'EMB_O', 'EMB_O', 'EMB_O', 'EMB_O', 'EMB_O', 'EMB_O', 'EMB_O', 'EMB_O', 'EMB_O', 'EMB_O', 'EMB_O', 'EMB_O', 'EMB_O', 'EMB_O', 'EMB_O', 'EMB_O', 'EMB_O', 'EMB_O', 'EMB_O', 'EMB_O', 'EMB_P', 'EMB_P', 'EMB_P', 'EMB_P', 'EMB_P', 'EMB_P', 'EMB_P', 'EMB_P', 'EMB_P', 'EMB_P', 'EMB_P', 'EMB_P', 'EMB_P', 'EMB_P', 'EMB_P', 'EMB_P', 'EMB_P', 'EMB_P', 'EMB_P', 'EMB_P', 'EMB_P', 'EMB_P', 'EMB_P', 'EMB_P', 'EMB_P', 'EMB_P', 'EMB_P', 'EMB_P', 'EMB_P', 'EMB_P', 'EMB_P', 'EMB_P', 'EMB_P', 'EMB_P', 'EMB_P', 'EMB_P', 'EMB_P', 'EMB_P', 'EMB_P', 'EMB_P', 'EMB_P', 'EMB_P', 'EMB_P', 'EMB_P', 'EMB_P', 'EMB_P', 'EMB_P', 'EMB_P', 'EMB_P', 'EMB_P', 'EMB_P', 'EMB_P', 'EMB_P', 'EMB_P', 'EMB_P', 'EMB_P', 'EMB_P', 'EMB_P', 'EMB_P', 'EMB_P', 'EMB_P', 'EMB_P', 'EMB_P', 'EMB_P', 'EMB_P', 'EMB_P', 'EMB_P', 'EMB_P', 'EMB_P']","['EMB_O', 'EMB_O', 'EMB_O', 'EMB_O', 'EMB_O', 'EMB_O', 'EMB_O', 'EMB_O', 'EMB_O', 'EMB_O', 'EMB_O', 'EMB_O', 'EMB_O', 'EMB_O', 'EMB_O', 'EMB_O', 'EMB_O', 'EMB_O', 'EMB_O', 'EMB_O', 'EMB_O', 'EMB_O', 'EMB_O', 'EMB_O', 'OPN_B', 'OPN_I', 'OPN_I', 'OPN_E', 'EMB_O', 'EMB_O', 'EMB_O', 'EMB_O', 'EMB_O', 'EMB_O', 'EMB_O', 'EMB_O', 'EMB_O', 'EMB_O', 'EMB_O', 'EMB_O', 'EMB_O', 'EMB_O', 'EMB_O', 'EMB_O', 'EMB_O', 'EMB_O', 'EMB_O', 'EMB_O', 'EMB_O', 'EMB_O', 'EMB_O', 'EMB_O', 'EMB_O', 'EMB_O', 'EMB_O', 'EMB_O', 'EMB_O', 'EMB_O', 'EMB_O', 'EMB_P', 'EMB_P', 'EMB_P', 'EMB_P', 'EMB_P', 'EMB_P', 'EMB_P', 'EMB_P', 'EMB_P', 'EMB_P', 'EMB_P', 'EMB_P', 'EMB_P', 'EMB_P', 'EMB_P', 'EMB_P', 'EMB_P', 'EMB_P', 'EMB_P', 'EMB_P', 'EMB_P', 'EMB_P', 'EMB_P', 'EMB_P', 'EMB_P', 'EMB_P', 'EMB_P', 'EMB_P', 'EMB_P', 'EMB_P', 'EMB_P', 'EMB_P', 'EMB_P', 'EMB_P', 'EMB_P', 'EMB_P', 'EMB_P', 'EMB_P', 'EMB_P', 'EMB_P', 'EMB_P', 'EMB_P', 'EMB_P', 'EMB_P', 'EMB_P', 'EMB_P', 'EMB_P', 'EMB_P', 'EMB_P', 'EMB_P', 'EMB_P', 'EMB_P', 'EMB_P', 'EMB_P', 'EMB_P', 'EMB_P', 'EMB_P', 'EMB_P', 'EMB_P', 'EMB_P', 'EMB_P', 'EMB_P', 'EMB_P', 'EMB_P', 'EMB_P', 'EMB_P', 'EMB_P', 'EMB_P', 'EMB_P']"
23,адміністраторів,чого звичайно не можна сказати,25507:14_1018,"Взагалі враження залишилися приємні офіціантка яка нас обслуговувала дуже приємна і проста дівчина, чого звичайно не можна сказати про адміністраторів..але так Бог з ними!!",3.25,5.75,"['EMB_O', 'EMB_O', 'EMB_O', 'EMB_O', 'EMB_O', 'EMB_O', 'EMB_O', 'EMB_O', 'EMB_O', 'EMB_O', 'EMB_O', 'EMB_O', 'EMB_O', 'EMB_O', 'EMB_O', 'EMB_O', 'EMB_O', 'EMB_O', 'EMB_O', 'EMB_O', 'EMB_O', 'EMB_O', 'EMB_O', 'EMB_O', 'EMB_O', 'EMB_O', 'EMB_O', 'EMB_O', 'EMB_O', 'EMB_O', 'EMB_O', 'EMB_O', 'EMB_O', 'EMB_O', 'EMB_O', 'EMB_O', 'EMB_O', 'EMB_O', 'EMB_O', 'EMB_O', 'EMB_O', 'EMB_O', 'EMB_O', 'EMB_O', 'ASP_B', 'ASP_I', 'ASP_I', 'ASP_I', 'ASP_E', 'EMB_O', 'EMB_O', 'EMB_O', 'EMB_O', 'EMB_O', 'EMB_O', 'EMB_O', 'EMB_O', 'EMB_O', 'EMB_O', 'EMB_P', 'EMB_P', 'EMB_P', 'EMB_P', 'EMB_P', 'EMB_P', 'EMB_P', 'EMB_P', 'EMB_P', 'EMB_P', 'EMB_P', 'EMB_P', 'EMB_P', 'EMB_P', 'EMB_P', 'EMB_P', 'EMB_P', 'EMB_P', 'EMB_P', 'EMB_P', 'EMB_P', 'EMB_P', 'EMB_P', 'EMB_P', 'EMB_P', 'EMB_P', 'EMB_P', 'EMB_P', 'EMB_P', 'EMB_P', 'EMB_P', 'EMB_P', 'EMB_P', 'EMB_P', 'EMB_P', 'EMB_P', 'EMB_P', 'EMB_P', 'EMB_P', 'EMB_P', 'EMB_P', 'EMB_P', 'EMB_P', 'EMB_P', 'EMB_P', 'EMB_P', 'EMB_P', 'EMB_P', 'EMB_P', 'EMB_P', 'EMB_P', 'EMB_P', 'EMB_P', 'EMB_P', 'EMB_P', 'EMB_P', 'EMB_P', 'EMB_P', 'EMB_P', 'EMB_P', 'EMB_P', 'EMB_P', 'EMB_P', 'EMB_P', 'EMB_P', 'EMB_P', 'EMB_P', 'EMB_P', 'EMB_P']","['EMB_O', 'EMB_O', 'EMB_O', 'EMB_O', 'EMB_O', 'EMB_O', 'EMB_O', 'EMB_O', 'EMB_O', 'EMB_O', 'EMB_O', 'EMB_O', 'EMB_O', 'EMB_O', 'EMB_O', 'EMB_O', 'EMB_O', 'EMB_O', 'EMB_O', 'EMB_O', 'EMB_O', 'EMB_O', 'EMB_O', 'EMB_O', 'EMB_O', 'EMB_O', 'EMB_O', 'EMB_O', 'EMB_O', 'EMB_O', 'EMB_O', 'EMB_O', 'EMB_O', 'EMB_O', 'EMB_O', 'OPN_B', 'OPN_I', 'OPN_I', 'OPN_I', 'OPN_I', 'OPN_I', 'OPN_I', 'OPN_E', 'EMB_O', 'EMB_O', 'EMB_O', 'EMB_O', 'EMB_O', 'EMB_O', 'EMB_O', 'EMB_O', 'EMB_O', 'EMB_O', 'EMB_O', 'EMB_O', 'EMB_O', 'EMB_O', 'EMB_O', 'EMB_O', 'EMB_P', 'EMB_P', 'EMB_P', 'EMB_P', 'EMB_P', 'EMB_P', 'EMB_P', 'EMB_P', 'EMB_P', 'EMB_P', 'EMB_P', 'EMB_P', 'EMB_P', 'EMB_P', 'EMB_P', 'EMB_P', 'EMB_P', 'EMB_P', 'EMB_P', 'EMB_P', 'EMB_P', 'EMB_P', 'EMB_P', 'EMB_P', 'EMB_P', 'EMB_P', 'EMB_P', 'EMB_P', 'EMB_P', 'EMB_P', 'EMB_P', 'EMB_P', 'EMB_P', 'EMB_P', 'EMB_P', 'EMB_P', 'EMB_P', 'EMB_P', 'EMB_P', 'EMB_P', 'EMB_P', 'EMB_P', 'EMB_P', 'EMB_P', 'EMB_P', 'EMB_P', 'EMB_P', 'EMB_P', 'EMB_P', 'EMB_P', 'EMB_P', 'EMB_P', 'EMB_P', 'EMB_P', 'EMB_P', 'EMB_P', 'EMB_P', 'EMB_P', 'EMB_P', 'EMB_P', 'EMB_P', 'EMB_P', 'EMB_P', 'EMB_P', 'EMB_P', 'EMB_P', 'EMB_P', 'EMB_P', 'EMB_P']"
24,дівчата,проводили,25709:5_1019,На вході дівчата запитали про наші уподобання і проводили на другий поверх.,6.67,6.67,"['EMB_O', 'EMB_O', 'EMB_O', 'EMB_O', 'EMB_O', 'ASP_B', 'ASP_I', 'ASP_I', 'ASP_E', 'EMB_O', 'EMB_O', 'EMB_O', 'EMB_O', 'EMB_O', 'EMB_O', 'EMB_O', 'EMB_O', 'EMB_O', 'EMB_O', 'EMB_O', 'EMB_O', 'EMB_O', 'EMB_O', 'EMB_O', 'EMB_O', 'EMB_O', 'EMB_O', 'EMB_O', 'EMB_O', 'EMB_P', 'EMB_P', 'EMB_P', 'EMB_P', 'EMB_P', 'EMB_P', 'EMB_P', 'EMB_P', 'EMB_P', 'EMB_P', 'EMB_P', 'EMB_P', 'EMB_P', 'EMB_P', 'EMB_P', 'EMB_P', 'EMB_P', 'EMB_P', 'EMB_P', 'EMB_P', 'EMB_P', 'EMB_P', 'EMB_P', 'EMB_P', 'EMB_P', 'EMB_P', 'EMB_P', 'EMB_P', 'EMB_P', 'EMB_P', 'EMB_P', 'EMB_P', 'EMB_P', 'EMB_P', 'EMB_P', 'EMB_P', 'EMB_P', 'EMB_P', 'EMB_P', 'EMB_P', 'EMB_P', 'EMB_P', 'EMB_P', 'EMB_P', 'EMB_P', 'EMB_P', 'EMB_P', 'EMB_P', 'EMB_P', 'EMB_P', 'EMB_P', 'EMB_P', 'EMB_P', 'EMB_P', 'EMB_P', 'EMB_P', 'EMB_P', 'EMB_P', 'EMB_P', 'EMB_P', 'EMB_P', 'EMB_P', 'EMB_P', 'EMB_P', 'EMB_P', 'EMB_P', 'EMB_P', 'EMB_P', 'EMB_P', 'EMB_P', 'EMB_P', 'EMB_P', 'EMB_P', 'EMB_P', 'EMB_P', 'EMB_P', 'EMB_P', 'EMB_P', 'EMB_P', 'EMB_P', 'EMB_P', 'EMB_P', 'EMB_P', 'EMB_P', 'EMB_P', 'EMB_P', 'EMB_P', 'EMB_P', 'EMB_P', 'EMB_P', 'EMB_P', 'EMB_P', 'EMB_P', 'EMB_P', 'EMB_P', 'EMB_P', 'EMB_P', 'EMB_P', 'EMB_P']","['EMB_O', 'EMB_O', 'EMB_O', 'EMB_O', 'EMB_O', 'EMB_O', 'EMB_O', 'EMB_O', 'EMB_O', 'EMB_O', 'EMB_O', 'EMB_O', 'EMB_O', 'EMB_O', 'EMB_O', 'EMB_O', 'EMB_O', 'EMB_O', 'EMB_O', 'EMB_O', 'EMB_O', 'OPN_B', 'OPN_E', 'EMB_O', 'EMB_O', 'EMB_O', 'EMB_O', 'EMB_O', 'EMB_O', 'EMB_P', 'EMB_P', 'EMB_P', 'EMB_P', 'EMB_P', 'EMB_P', 'EMB_P', 'EMB_P', 'EMB_P', 'EMB_P', 'EMB_P', 'EMB_P', 'EMB_P', 'EMB_P', 'EMB_P', 'EMB_P', 'EMB_P', 'EMB_P', 'EMB_P', 'EMB_P', 'EMB_P', 'EMB_P', 'EMB_P', 'EMB_P', 'EMB_P', 'EMB_P', 'EMB_P', 'EMB_P', 'EMB_P', 'EMB_P', 'EMB_P', 'EMB_P', 'EMB_P', 'EMB_P', 'EMB_P', 'EMB_P', 'EMB_P', 'EMB_P', 'EMB_P', 'EMB_P', 'EMB_P', 'EMB_P', 'EMB_P', 'EMB_P', 'EMB_P', 'EMB_P', 'EMB_P', 'EMB_P', 'EMB_P', 'EMB_P', 'EMB_P', 'EMB_P', 'EMB_P', 'EMB_P', 'EMB_P', 'EMB_P', 'EMB_P', 'EMB_P', 'EMB_P', 'EMB_P', 'EMB_P', 'EMB_P', 'EMB_P', 'EMB_P', 'EMB_P', 'EMB_P', 'EMB_P', 'EMB_P', 'EMB_P', 'EMB_P', 'EMB_P', 'EMB_P', 'EMB_P', 'EMB_P', 'EMB_P', 'EMB_P', 'EMB_P', 'EMB_P', 'EMB_P', 'EMB_P', 'EMB_P', 'EMB_P', 'EMB_P', 'EMB_P', 'EMB_P', 'EMB_P', 'EMB_P', 'EMB_P', 'EMB_P', 'EMB_P', 'EMB_P', 'EMB_P', 'EMB_P', 'EMB_P', 'EMB_P', 'EMB_P', 'EMB_P', 'EMB_P', 'EMB_P']"
25,дивани,М'які,25709:8_1020,М'які дивани з розсипом подушок.,7.12,7.0,"['EMB_O', 'EMB_O', 'EMB_O', 'EMB_O', 'ASP_B', 'ASP_E', 'EMB_O', 'EMB_O', 'EMB_O', 'EMB_O', 'EMB_O', 'EMB_O', 'EMB_O', 'EMB_O', 'EMB_O', 'EMB_O', 'EMB_P', 'EMB_P', 'EMB_P', 'EMB_P', 'EMB_P', 'EMB_P', 'EMB_P', 'EMB_P', 'EMB_P', 'EMB_P', 'EMB_P', 'EMB_P', 'EMB_P', 'EMB_P', 'EMB_P', 'EMB_P', 'EMB_P', 'EMB_P', 'EMB_P', 'EMB_P', 'EMB_P', 'EMB_P', 'EMB_P', 'EMB_P', 'EMB_P', 'EMB_P', 'EMB_P', 'EMB_P', 'EMB_P', 'EMB_P', 'EMB_P', 'EMB_P', 'EMB_P', 'EMB_P', 'EMB_P', 'EMB_P', 'EMB_P', 'EMB_P', 'EMB_P', 'EMB_P', 'EMB_P', 'EMB_P', 'EMB_P', 'EMB_P', 'EMB_P', 'EMB_P', 'EMB_P', 'EMB_P', 'EMB_P', 'EMB_P', 'EMB_P', 'EMB_P', 'EMB_P', 'EMB_P', 'EMB_P', 'EMB_P', 'EMB_P', 'EMB_P', 'EMB_P', 'EMB_P', 'EMB_P', 'EMB_P', 'EMB_P', 'EMB_P', 'EMB_P', 'EMB_P', 'EMB_P', 'EMB_P', 'EMB_P', 'EMB_P', 'EMB_P', 'EMB_P', 'EMB_P', 'EMB_P', 'EMB_P', 'EMB_P', 'EMB_P', 'EMB_P', 'EMB_P', 'EMB_P', 'EMB_P', 'EMB_P', 'EMB_P', 'EMB_P', 'EMB_P', 'EMB_P', 'EMB_P', 'EMB_P', 'EMB_P', 'EMB_P', 'EMB_P', 'EMB_P', 'EMB_P', 'EMB_P', 'EMB_P', 'EMB_P', 'EMB_P', 'EMB_P', 'EMB_P', 'EMB_P', 'EMB_P', 'EMB_P', 'EMB_P', 'EMB_P', 'EMB_P', 'EMB_P', 'EMB_P', 'EMB_P', 'EMB_P', 'EMB_P', 'EMB_P', 'EMB_P']","['EMB_O', 'OPN_B', 'OPN_I', 'OPN_E', 'EMB_O', 'EMB_O', 'EMB_O', 'EMB_O', 'EMB_O', 'EMB_O', 'EMB_O', 'EMB_O', 'EMB_O', 'EMB_O', 'EMB_O', 'EMB_O', 'EMB_P', 'EMB_P', 'EMB_P', 'EMB_P', 'EMB_P', 'EMB_P', 'EMB_P', 'EMB_P', 'EMB_P', 'EMB_P', 'EMB_P', 'EMB_P', 'EMB_P', 'EMB_P', 'EMB_P', 'EMB_P', 'EMB_P', 'EMB_P', 'EMB_P', 'EMB_P', 'EMB_P', 'EMB_P', 'EMB_P', 'EMB_P', 'EMB_P', 'EMB_P', 'EMB_P', 'EMB_P', 'EMB_P', 'EMB_P', 'EMB_P', 'EMB_P', 'EMB_P', 'EMB_P', 'EMB_P', 'EMB_P', 'EMB_P', 'EMB_P', 'EMB_P', 'EMB_P', 'EMB_P', 'EMB_P', 'EMB_P', 'EMB_P', 'EMB_P', 'EMB_P', 'EMB_P', 'EMB_P', 'EMB_P', 'EMB_P', 'EMB_P', 'EMB_P', 'EMB_P', 'EMB_P', 'EMB_P', 'EMB_P', 'EMB_P', 'EMB_P', 'EMB_P', 'EMB_P', 'EMB_P', 'EMB_P', 'EMB_P', 'EMB_P', 'EMB_P', 'EMB_P', 'EMB_P', 'EMB_P', 'EMB_P', 'EMB_P', 'EMB_P', 'EMB_P', 'EMB_P', 'EMB_P', 'EMB_P', 'EMB_P', 'EMB_P', 'EMB_P', 'EMB_P', 'EMB_P', 'EMB_P', 'EMB_P', 'EMB_P', 'EMB_P', 'EMB_P', 'EMB_P', 'EMB_P', 'EMB_P', 'EMB_P', 'EMB_P', 'EMB_P', 'EMB_P', 'EMB_P', 'EMB_P', 'EMB_P', 'EMB_P', 'EMB_P', 'EMB_P', 'EMB_P', 'EMB_P', 'EMB_P', 'EMB_P', 'EMB_P', 'EMB_P', 'EMB_P', 'EMB_P', 'EMB_P', 'EMB_P', 'EMB_P', 'EMB_P', 'EMB_P', 'EMB_P']"
26,подушок,розсипом,25709:8_1020,М'які дивани з розсипом подушок.,6.5,6.0,"['EMB_O', 'EMB_O', 'EMB_O', 'EMB_O', 'EMB_O', 'EMB_O', 'EMB_O', 'EMB_O', 'EMB_O', 'EMB_O', 'EMB_O', 'ASP_B', 'ASP_I', 'ASP_E', 'EMB_O', 'EMB_O', 'EMB_P', 'EMB_P', 'EMB_P', 'EMB_P', 'EMB_P', 'EMB_P', 'EMB_P', 'EMB_P', 'EMB_P', 'EMB_P', 'EMB_P', 'EMB_P', 'EMB_P', 'EMB_P', 'EMB_P', 'EMB_P', 'EMB_P', 'EMB_P', 'EMB_P', 'EMB_P', 'EMB_P', 'EMB_P', 'EMB_P', 'EMB_P', 'EMB_P', 'EMB_P', 'EMB_P', 'EMB_P', 'EMB_P', 'EMB_P', 'EMB_P', 'EMB_P', 'EMB_P', 'EMB_P', 'EMB_P', 'EMB_P', 'EMB_P', 'EMB_P', 'EMB_P', 'EMB_P', 'EMB_P', 'EMB_P', 'EMB_P', 'EMB_P', 'EMB_P', 'EMB_P', 'EMB_P', 'EMB_P', 'EMB_P', 'EMB_P', 'EMB_P', 'EMB_P', 'EMB_P', 'EMB_P', 'EMB_P', 'EMB_P', 'EMB_P', 'EMB_P', 'EMB_P', 'EMB_P', 'EMB_P', 'EMB_P', 'EMB_P', 'EMB_P', 'EMB_P', 'EMB_P', 'EMB_P', 'EMB_P', 'EMB_P', 'EMB_P', 'EMB_P', 'EMB_P', 'EMB_P', 'EMB_P', 'EMB_P', 'EMB_P', 'EMB_P', 'EMB_P', 'EMB_P', 'EMB_P', 'EMB_P', 'EMB_P', 'EMB_P', 'EMB_P', 'EMB_P', 'EMB_P', 'EMB_P', 'EMB_P', 'EMB_P', 'EMB_P', 'EMB_P', 'EMB_P', 'EMB_P', 'EMB_P', 'EMB_P', 'EMB_P', 'EMB_P', 'EMB_P', 'EMB_P', 'EMB_P', 'EMB_P', 'EMB_P', 'EMB_P', 'EMB_P', 'EMB_P', 'EMB_P', 'EMB_P', 'EMB_P', 'EMB_P', 'EMB_P', 'EMB_P', 'EMB_P']","['EMB_O', 'EMB_O', 'EMB_O', 'EMB_O', 'EMB_O', 'EMB_O', 'EMB_O', 'OPN_B', 'OPN_I', 'OPN_I', 'OPN_E', 'EMB_O', 'EMB_O', 'EMB_O', 'EMB_O', 'EMB_O', 'EMB_P', 'EMB_P', 'EMB_P', 'EMB_P', 'EMB_P', 'EMB_P', 'EMB_P', 'EMB_P', 'EMB_P', 'EMB_P', 'EMB_P', 'EMB_P', 'EMB_P', 'EMB_P', 'EMB_P', 'EMB_P', 'EMB_P', 'EMB_P', 'EMB_P', 'EMB_P', 'EMB_P', 'EMB_P', 'EMB_P', 'EMB_P', 'EMB_P', 'EMB_P', 'EMB_P', 'EMB_P', 'EMB_P', 'EMB_P', 'EMB_P', 'EMB_P', 'EMB_P', 'EMB_P', 'EMB_P', 'EMB_P', 'EMB_P', 'EMB_P', 'EMB_P', 'EMB_P', 'EMB_P', 'EMB_P', 'EMB_P', 'EMB_P', 'EMB_P', 'EMB_P', 'EMB_P', 'EMB_P', 'EMB_P', 'EMB_P', 'EMB_P', 'EMB_P', 'EMB_P', 'EMB_P', 'EMB_P', 'EMB_P', 'EMB_P', 'EMB_P', 'EMB_P', 'EMB_P', 'EMB_P', 'EMB_P', 'EMB_P', 'EMB_P', 'EMB_P', 'EMB_P', 'EMB_P', 'EMB_P', 'EMB_P', 'EMB_P', 'EMB_P', 'EMB_P', 'EMB_P', 'EMB_P', 'EMB_P', 'EMB_P', 'EMB_P', 'EMB_P', 'EMB_P', 'EMB_P', 'EMB_P', 'EMB_P', 'EMB_P', 'EMB_P', 'EMB_P', 'EMB_P', 'EMB_P', 'EMB_P', 'EMB_P', 'EMB_P', 'EMB_P', 'EMB_P', 'EMB_P', 'EMB_P', 'EMB_P', 'EMB_P', 'EMB_P', 'EMB_P', 'EMB_P', 'EMB_P', 'EMB_P', 'EMB_P', 'EMB_P', 'EMB_P', 'EMB_P', 'EMB_P', 'EMB_P', 'EMB_P', 'EMB_P', 'EMB_P', 'EMB_P', 'EMB_P']"
27,музика,тиха,25709:9_1021,Досить приємна тиха музика і легка напівтемрява.,6.38,5.75,"['EMB_O', 'EMB_O', 'EMB_O', 'EMB_O', 'EMB_O', 'EMB_O', 'EMB_O', 'EMB_O', 'ASP_S', 'EMB_O', 'EMB_O', 'EMB_O', 'EMB_O', 'EMB_O', 'EMB_O', 'EMB_O', 'EMB_O', 'EMB_O', 'EMB_O', 'EMB_O', 'EMB_O', 'EMB_O', 'EMB_P', 'EMB_P', 'EMB_P', 'EMB_P', 'EMB_P', 'EMB_P', 'EMB_P', 'EMB_P', 'EMB_P', 'EMB_P', 'EMB_P', 'EMB_P', 'EMB_P', 'EMB_P', 'EMB_P', 'EMB_P', 'EMB_P', 'EMB_P', 'EMB_P', 'EMB_P', 'EMB_P', 'EMB_P', 'EMB_P', 'EMB_P', 'EMB_P', 'EMB_P', 'EMB_P', 'EMB_P', 'EMB_P', 'EMB_P', 'EMB_P', 'EMB_P', 'EMB_P', 'EMB_P', 'EMB_P', 'EMB_P', 'EMB_P', 'EMB_P', 'EMB_P', 'EMB_P', 'EMB_P', 'EMB_P', 'EMB_P', 'EMB_P', 'EMB_P', 'EMB_P', 'EMB_P', 'EMB_P', 'EMB_P', 'EMB_P', 'EMB_P', 'EMB_P', 'EMB_P', 'EMB_P', 'EMB_P', 'EMB_P', 'EMB_P', 'EMB_P', 'EMB_P', 'EMB_P', 'EMB_P', 'EMB_P', 'EMB_P', 'EMB_P', 'EMB_P', 'EMB_P', 'EMB_P', 'EMB_P', 'EMB_P', 'EMB_P', 'EMB_P', 'EMB_P', 'EMB_P', 'EMB_P', 'EMB_P', 'EMB_P', 'EMB_P', 'EMB_P', 'EMB_P', 'EMB_P', 'EMB_P', 'EMB_P', 'EMB_P', 'EMB_P', 'EMB_P', 'EMB_P', 'EMB_P', 'EMB_P', 'EMB_P', 'EMB_P', 'EMB_P', 'EMB_P', 'EMB_P', 'EMB_P', 'EMB_P', 'EMB_P', 'EMB_P', 'EMB_P', 'EMB_P', 'EMB_P', 'EMB_P', 'EMB_P', 'EMB_P', 'EMB_P', 'EMB_P', 'EMB_P']","['EMB_O', 'EMB_O', 'EMB_O', 'EMB_O', 'EMB_O', 'EMB_O', 'OPN_B', 'OPN_E', 'EMB_O', 'EMB_O', 'EMB_O', 'EMB_O', 'EMB_O', 'EMB_O', 'EMB_O', 'EMB_O', 'EMB_O', 'EMB_O', 'EMB_O', 'EMB_O', 'EMB_O', 'EMB_O', 'EMB_P', 'EMB_P', 'EMB_P', 'EMB_P', 'EMB_P', 'EMB_P', 'EMB_P', 'EMB_P', 'EMB_P', 'EMB_P', 'EMB_P', 'EMB_P', 'EMB_P', 'EMB_P', 'EMB_P', 'EMB_P', 'EMB_P', 'EMB_P', 'EMB_P', 'EMB_P', 'EMB_P', 'EMB_P', 'EMB_P', 'EMB_P', 'EMB_P', 'EMB_P', 'EMB_P', 'EMB_P', 'EMB_P', 'EMB_P', 'EMB_P', 'EMB_P', 'EMB_P', 'EMB_P', 'EMB_P', 'EMB_P', 'EMB_P', 'EMB_P', 'EMB_P', 'EMB_P', 'EMB_P', 'EMB_P', 'EMB_P', 'EMB_P', 'EMB_P', 'EMB_P', 'EMB_P', 'EMB_P', 'EMB_P', 'EMB_P', 'EMB_P', 'EMB_P', 'EMB_P', 'EMB_P', 'EMB_P', 'EMB_P', 'EMB_P', 'EMB_P', 'EMB_P', 'EMB_P', 'EMB_P', 'EMB_P', 'EMB_P', 'EMB_P', 'EMB_P', 'EMB_P', 'EMB_P', 'EMB_P', 'EMB_P', 'EMB_P', 'EMB_P', 'EMB_P', 'EMB_P', 'EMB_P', 'EMB_P', 'EMB_P', 'EMB_P', 'EMB_P', 'EMB_P', 'EMB_P', 'EMB_P', 'EMB_P', 'EMB_P', 'EMB_P', 'EMB_P', 'EMB_P', 'EMB_P', 'EMB_P', 'EMB_P', 'EMB_P', 'EMB_P', 'EMB_P', 'EMB_P', 'EMB_P', 'EMB_P', 'EMB_P', 'EMB_P', 'EMB_P', 'EMB_P', 'EMB_P', 'EMB_P', 'EMB_P', 'EMB_P', 'EMB_P', 'EMB_P', 'EMB_P']"
28,напівтемрява,легка,25709:9_1021,Досить приємна тиха музика і легка напівтемрява.,6.2,5.4,"['EMB_O', 'EMB_O', 'EMB_O', 'EMB_O', 'EMB_O', 'EMB_O', 'EMB_O', 'EMB_O', 'EMB_O', 'EMB_O', 'EMB_O', 'EMB_O', 'EMB_O', 'ASP_B', 'ASP_I', 'ASP_I', 'ASP_I', 'ASP_I', 'ASP_I', 'ASP_E', 'EMB_O', 'EMB_O', 'EMB_P', 'EMB_P', 'EMB_P', 'EMB_P', 'EMB_P', 'EMB_P', 'EMB_P', 'EMB_P', 'EMB_P', 'EMB_P', 'EMB_P', 'EMB_P', 'EMB_P', 'EMB_P', 'EMB_P', 'EMB_P', 'EMB_P', 'EMB_P', 'EMB_P', 'EMB_P', 'EMB_P', 'EMB_P', 'EMB_P', 'EMB_P', 'EMB_P', 'EMB_P', 'EMB_P', 'EMB_P', 'EMB_P', 'EMB_P', 'EMB_P', 'EMB_P', 'EMB_P', 'EMB_P', 'EMB_P', 'EMB_P', 'EMB_P', 'EMB_P', 'EMB_P', 'EMB_P', 'EMB_P', 'EMB_P', 'EMB_P', 'EMB_P', 'EMB_P', 'EMB_P', 'EMB_P', 'EMB_P', 'EMB_P', 'EMB_P', 'EMB_P', 'EMB_P', 'EMB_P', 'EMB_P', 'EMB_P', 'EMB_P', 'EMB_P', 'EMB_P', 'EMB_P', 'EMB_P', 'EMB_P', 'EMB_P', 'EMB_P', 'EMB_P', 'EMB_P', 'EMB_P', 'EMB_P', 'EMB_P', 'EMB_P', 'EMB_P', 'EMB_P', 'EMB_P', 'EMB_P', 'EMB_P', 'EMB_P', 'EMB_P', 'EMB_P', 'EMB_P', 'EMB_P', 'EMB_P', 'EMB_P', 'EMB_P', 'EMB_P', 'EMB_P', 'EMB_P', 'EMB_P', 'EMB_P', 'EMB_P', 'EMB_P', 'EMB_P', 'EMB_P', 'EMB_P', 'EMB_P', 'EMB_P', 'EMB_P', 'EMB_P', 'EMB_P', 'EMB_P', 'EMB_P', 'EMB_P', 'EMB_P', 'EMB_P', 'EMB_P', 'EMB_P', 'EMB_P', 'EMB_P']","['EMB_O', 'EMB_O', 'EMB_O', 'EMB_O', 'EMB_O', 'EMB_O', 'EMB_O', 'EMB_O', 'EMB_O', 'EMB_O', 'OPN_B', 'OPN_I', 'OPN_E', 'EMB_O', 'EMB_O', 'EMB_O', 'EMB_O', 'EMB_O', 'EMB_O', 'EMB_O', 'EMB_O', 'EMB_O', 'EMB_P', 'EMB_P', 'EMB_P', 'EMB_P', 'EMB_P', 'EMB_P', 'EMB_P', 'EMB_P', 'EMB_P', 'EMB_P', 'EMB_P', 'EMB_P', 'EMB_P', 'EMB_P', 'EMB_P', 'EMB_P', 'EMB_P', 'EMB_P', 'EMB_P', 'EMB_P', 'EMB_P', 'EMB_P', 'EMB_P', 'EMB_P', 'EMB_P', 'EMB_P', 'EMB_P', 'EMB_P', 'EMB_P', 'EMB_P', 'EMB_P', 'EMB_P', 'EMB_P', 'EMB_P', 'EMB_P', 'EMB_P', 'EMB_P', 'EMB_P', 'EMB_P', 'EMB_P', 'EMB_P', 'EMB_P', 'EMB_P', 'EMB_P', 'EMB_P', 'EMB_P', 'EMB_P', 'EMB_P', 'EMB_P', 'EMB_P', 'EMB_P', 'EMB_P', 'EMB_P', 'EMB_P', 'EMB_P', 'EMB_P', 'EMB_P', 'EMB_P', 'EMB_P', 'EMB_P', 'EMB_P', 'EMB_P', 'EMB_P', 'EMB_P', 'EMB_P', 'EMB_P', 'EMB_P', 'EMB_P', 'EMB_P', 'EMB_P', 'EMB_P', 'EMB_P', 'EMB_P', 'EMB_P', 'EMB_P', 'EMB_P', 'EMB_P', 'EMB_P', 'EMB_P', 'EMB_P', 'EMB_P', 'EMB_P', 'EMB_P', 'EMB_P', 'EMB_P', 'EMB_P', 'EMB_P', 'EMB_P', 'EMB_P', 'EMB_P', 'EMB_P', 'EMB_P', 'EMB_P', 'EMB_P', 'EMB_P', 'EMB_P', 'EMB_P', 'EMB_P', 'EMB_P', 'EMB_P', 'EMB_P', 'EMB_P', 'EMB_P', 'EMB_P', 'EMB_P', 'EMB_P']"
29,Медальйони з яловичини з запеченою картоплею,чудовими,25709:13_1022,Медальйони з яловичини з запеченою картоплею були чудовими.,7.9,7.3,"['EMB_O', 'ASP_B', 'ASP_I', 'ASP_I', 'ASP_I', 'ASP_I', 'ASP_I', 'ASP_I', 'ASP_I', 'ASP_I', 'ASP_I', 'ASP_I', 'ASP_I', 'ASP_I', 'ASP_I', 'ASP_I', 'ASP_E', 'EMB_O', 'EMB_O', 'EMB_O', 'EMB_O', 'EMB_O', 'EMB_O', 'EMB_P', 'EMB_P', 'EMB_P', 'EMB_P', 'EMB_P', 'EMB_P', 'EMB_P', 'EMB_P', 'EMB_P', 'EMB_P', 'EMB_P', 'EMB_P', 'EMB_P', 'EMB_P', 'EMB_P', 'EMB_P', 'EMB_P', 'EMB_P', 'EMB_P', 'EMB_P', 'EMB_P', 'EMB_P', 'EMB_P', 'EMB_P', 'EMB_P', 'EMB_P', 'EMB_P', 'EMB_P', 'EMB_P', 'EMB_P', 'EMB_P', 'EMB_P', 'EMB_P', 'EMB_P', 'EMB_P', 'EMB_P', 'EMB_P', 'EMB_P', 'EMB_P', 'EMB_P', 'EMB_P', 'EMB_P', 'EMB_P', 'EMB_P', 'EMB_P', 'EMB_P', 'EMB_P', 'EMB_P', 'EMB_P', 'EMB_P', 'EMB_P', 'EMB_P', 'EMB_P', 'EMB_P', 'EMB_P', 'EMB_P', 'EMB_P', 'EMB_P', 'EMB_P', 'EMB_P', 'EMB_P', 'EMB_P', 'EMB_P', 'EMB_P', 'EMB_P', 'EMB_P', 'EMB_P', 'EMB_P', 'EMB_P', 'EMB_P', 'EMB_P', 'EMB_P', 'EMB_P', 'EMB_P', 'EMB_P', 'EMB_P', 'EMB_P', 'EMB_P', 'EMB_P', 'EMB_P', 'EMB_P', 'EMB_P', 'EMB_P', 'EMB_P', 'EMB_P', 'EMB_P', 'EMB_P', 'EMB_P', 'EMB_P', 'EMB_P', 'EMB_P', 'EMB_P', 'EMB_P', 'EMB_P', 'EMB_P', 'EMB_P', 'EMB_P', 'EMB_P', 'EMB_P', 'EMB_P', 'EMB_P', 'EMB_P', 'EMB_P', 'EMB_P', 'EMB_P']","['EMB_O', 'EMB_O', 'EMB_O', 'EMB_O', 'EMB_O', 'EMB_O', 'EMB_O', 'EMB_O', 'EMB_O', 'EMB_O', 'EMB_O', 'EMB_O', 'EMB_O', 'EMB_O', 'EMB_O', 'EMB_O', 'EMB_O', 'EMB_O', 'OPN_B', 'OPN_I', 'OPN_E', 'EMB_O', 'EMB_O', 'EMB_P', 'EMB_P', 'EMB_P', 'EMB_P', 'EMB_P', 'EMB_P', 'EMB_P', 'EMB_P', 'EMB_P', 'EMB_P', 'EMB_P', 'EMB_P', 'EMB_P', 'EMB_P', 'EMB_P', 'EMB_P', 'EMB_P', 'EMB_P', 'EMB_P', 'EMB_P', 'EMB_P', 'EMB_P', 'EMB_P', 'EMB_P', 'EMB_P', 'EMB_P', 'EMB_P', 'EMB_P', 'EMB_P', 'EMB_P', 'EMB_P', 'EMB_P', 'EMB_P', 'EMB_P', 'EMB_P', 'EMB_P', 'EMB_P', 'EMB_P', 'EMB_P', 'EMB_P', 'EMB_P', 'EMB_P', 'EMB_P', 'EMB_P', 'EMB_P', 'EMB_P', 'EMB_P', 'EMB_P', 'EMB_P', 'EMB_P', 'EMB_P', 'EMB_P', 'EMB_P', 'EMB_P', 'EMB_P', 'EMB_P', 'EMB_P', 'EMB_P', 'EMB_P', 'EMB_P', 'EMB_P', 'EMB_P', 'EMB_P', 'EMB_P', 'EMB_P', 'EMB_P', 'EMB_P', 'EMB_P', 'EMB_P', 'EMB_P', 'EMB_P', 'EMB_P', 'EMB_P', 'EMB_P', 'EMB_P', 'EMB_P', 'EMB_P', 'EMB_P', 'EMB_P', 'EMB_P', 'EMB_P', 'EMB_P', 'EMB_P', 'EMB_P', 'EMB_P', 'EMB_P', 'EMB_P', 'EMB_P', 'EMB_P', 'EMB_P', 'EMB_P', 'EMB_P', 'EMB_P', 'EMB_P', 'EMB_P', 'EMB_P', 'EMB_P', 'EMB_P', 'EMB_P', 'EMB_P', 'EMB_P', 'EMB_P', 'EMB_P', 'EMB_P', 'EMB_P']"
30,м'ясо,добре,25709:14_1023,"Останнім часом зовсім відійшла від риби і радію, коли подають добре приготоване м'ясо.",6.67,6.0,"['EMB_O', 'EMB_O', 'EMB_O', 'EMB_O', 'EMB_O', 'EMB_O', 'EMB_O', 'EMB_O', 'EMB_O', 'EMB_O', 'EMB_O', 'EMB_O', 'EMB_O', 'EMB_O', 'EMB_O', 'EMB_O', 'EMB_O', 'EMB_O', 'EMB_O', 'EMB_O', 'EMB_O', 'EMB_O', 'EMB_O', 'EMB_O', 'EMB_O', 'EMB_O', 'ASP_B', 'ASP_I', 'ASP_I', 'ASP_E', 'EMB_O', 'EMB_O', 'EMB_P', 'EMB_P', 'EMB_P', 'EMB_P', 'EMB_P', 'EMB_P', 'EMB_P', 'EMB_P', 'EMB_P', 'EMB_P', 'EMB_P', 'EMB_P', 'EMB_P', 'EMB_P', 'EMB_P', 'EMB_P', 'EMB_P', 'EMB_P', 'EMB_P', 'EMB_P', 'EMB_P', 'EMB_P', 'EMB_P', 'EMB_P', 'EMB_P', 'EMB_P', 'EMB_P', 'EMB_P', 'EMB_P', 'EMB_P', 'EMB_P', 'EMB_P', 'EMB_P', 'EMB_P', 'EMB_P', 'EMB_P', 'EMB_P', 'EMB_P', 'EMB_P', 'EMB_P', 'EMB_P', 'EMB_P', 'EMB_P', 'EMB_P', 'EMB_P', 'EMB_P', 'EMB_P', 'EMB_P', 'EMB_P', 'EMB_P', 'EMB_P', 'EMB_P', 'EMB_P', 'EMB_P', 'EMB_P', 'EMB_P', 'EMB_P', 'EMB_P', 'EMB_P', 'EMB_P', 'EMB_P', 'EMB_P', 'EMB_P', 'EMB_P', 'EMB_P', 'EMB_P', 'EMB_P', 'EMB_P', 'EMB_P', 'EMB_P', 'EMB_P', 'EMB_P', 'EMB_P', 'EMB_P', 'EMB_P', 'EMB_P', 'EMB_P', 'EMB_P', 'EMB_P', 'EMB_P', 'EMB_P', 'EMB_P', 'EMB_P', 'EMB_P', 'EMB_P', 'EMB_P', 'EMB_P', 'EMB_P', 'EMB_P', 'EMB_P', 'EMB_P', 'EMB_P', 'EMB_P', 'EMB_P', 'EMB_P', 'EMB_P']","['EMB_O', 'EMB_O', 'EMB_O', 'EMB_O', 'EMB_O', 'EMB_O', 'EMB_O', 'EMB_O', 'EMB_O', 'EMB_O', 'EMB_O', 'EMB_O', 'EMB_O', 'EMB_O', 'EMB_O', 'EMB_O', 'EMB_O', 'EMB_O', 'EMB_O', 'EMB_O', 'EMB_O', 'OPN_S', 'EMB_O', 'EMB_O', 'EMB_O', 'EMB_O', 'EMB_O', 'EMB_O', 'EMB_O', 'EMB_O', 'EMB_O', 'EMB_O', 'EMB_P', 'EMB_P', 'EMB_P', 'EMB_P', 'EMB_P', 'EMB_P', 'EMB_P', 'EMB_P', 'EMB_P', 'EMB_P', 'EMB_P', 'EMB_P', 'EMB_P', 'EMB_P', 'EMB_P', 'EMB_P', 'EMB_P', 'EMB_P', 'EMB_P', 'EMB_P', 'EMB_P', 'EMB_P', 'EMB_P', 'EMB_P', 'EMB_P', 'EMB_P', 'EMB_P', 'EMB_P', 'EMB_P', 'EMB_P', 'EMB_P', 'EMB_P', 'EMB_P', 'EMB_P', 'EMB_P', 'EMB_P', 'EMB_P', 'EMB_P', 'EMB_P', 'EMB_P', 'EMB_P', 'EMB_P', 'EMB_P', 'EMB_P', 'EMB_P', 'EMB_P', 'EMB_P', 'EMB_P', 'EMB_P', 'EMB_P', 'EMB_P', 'EMB_P', 'EMB_P', 'EMB_P', 'EMB_P', 'EMB_P', 'EMB_P', 'EMB_P', 'EMB_P', 'EMB_P', 'EMB_P', 'EMB_P', 'EMB_P', 'EMB_P', 'EMB_P', 'EMB_P', 'EMB_P', 'EMB_P', 'EMB_P', 'EMB_P', 'EMB_P', 'EMB_P', 'EMB_P', 'EMB_P', 'EMB_P', 'EMB_P', 'EMB_P', 'EMB_P', 'EMB_P', 'EMB_P', 'EMB_P', 'EMB_P', 'EMB_P', 'EMB_P', 'EMB_P', 'EMB_P', 'EMB_P', 'EMB_P', 'EMB_P', 'EMB_P', 'EMB_P', 'EMB_P', 'EMB_P', 'EMB_P', 'EMB_P', 'EMB_P']"
31,обслуговуванні,за покликом були протягом хвилини,25709:16_1024,"У залі постійно знаходилося на обслуговуванні людини два, тому за покликом були протягом хвилини.",7.5,7.17,"['EMB_O', 'EMB_O', 'EMB_O', 'EMB_O', 'EMB_O', 'EMB_O', 'EMB_O', 'EMB_O', 'EMB_O', 'EMB_O', 'ASP_B', 'ASP_I', 'ASP_I', 'ASP_E', 'EMB_O', 'EMB_O', 'EMB_O', 'EMB_O', 'EMB_O', 'EMB_O', 'EMB_O', 'EMB_O', 'EMB_O', 'EMB_O', 'EMB_O', 'EMB_O', 'EMB_O', 'EMB_O', 'EMB_P', 'EMB_P', 'EMB_P', 'EMB_P', 'EMB_P', 'EMB_P', 'EMB_P', 'EMB_P', 'EMB_P', 'EMB_P', 'EMB_P', 'EMB_P', 'EMB_P', 'EMB_P', 'EMB_P', 'EMB_P', 'EMB_P', 'EMB_P', 'EMB_P', 'EMB_P', 'EMB_P', 'EMB_P', 'EMB_P', 'EMB_P', 'EMB_P', 'EMB_P', 'EMB_P', 'EMB_P', 'EMB_P', 'EMB_P', 'EMB_P', 'EMB_P', 'EMB_P', 'EMB_P', 'EMB_P', 'EMB_P', 'EMB_P', 'EMB_P', 'EMB_P', 'EMB_P', 'EMB_P', 'EMB_P', 'EMB_P', 'EMB_P', 'EMB_P', 'EMB_P', 'EMB_P', 'EMB_P', 'EMB_P', 'EMB_P', 'EMB_P', 'EMB_P', 'EMB_P', 'EMB_P', 'EMB_P', 'EMB_P', 'EMB_P', 'EMB_P', 'EMB_P', 'EMB_P', 'EMB_P', 'EMB_P', 'EMB_P', 'EMB_P', 'EMB_P', 'EMB_P', 'EMB_P', 'EMB_P', 'EMB_P', 'EMB_P', 'EMB_P', 'EMB_P', 'EMB_P', 'EMB_P', 'EMB_P', 'EMB_P', 'EMB_P', 'EMB_P', 'EMB_P', 'EMB_P', 'EMB_P', 'EMB_P', 'EMB_P', 'EMB_P', 'EMB_P', 'EMB_P', 'EMB_P', 'EMB_P', 'EMB_P', 'EMB_P', 'EMB_P', 'EMB_P', 'EMB_P', 'EMB_P', 'EMB_P', 'EMB_P', 'EMB_P', 'EMB_P', 'EMB_P', 'EMB_P']","['EMB_O', 'EMB_O', 'EMB_O', 'EMB_O', 'EMB_O', 'EMB_O', 'EMB_O', 'EMB_O', 'EMB_O', 'EMB_O', 'EMB_O', 'EMB_O', 'EMB_O', 'EMB_O', 'EMB_O', 'EMB_O', 'EMB_O', 'EMB_O', 'OPN_B', 'OPN_I', 'OPN_I', 'OPN_I', 'OPN_I', 'OPN_I', 'OPN_I', 'OPN_E', 'EMB_O', 'EMB_O', 'EMB_P', 'EMB_P', 'EMB_P', 'EMB_P', 'EMB_P', 'EMB_P', 'EMB_P', 'EMB_P', 'EMB_P', 'EMB_P', 'EMB_P', 'EMB_P', 'EMB_P', 'EMB_P', 'EMB_P', 'EMB_P', 'EMB_P', 'EMB_P', 'EMB_P', 'EMB_P', 'EMB_P', 'EMB_P', 'EMB_P', 'EMB_P', 'EMB_P', 'EMB_P', 'EMB_P', 'EMB_P', 'EMB_P', 'EMB_P', 'EMB_P', 'EMB_P', 'EMB_P', 'EMB_P', 'EMB_P', 'EMB_P', 'EMB_P', 'EMB_P', 'EMB_P', 'EMB_P', 'EMB_P', 'EMB_P', 'EMB_P', 'EMB_P', 'EMB_P', 'EMB_P', 'EMB_P', 'EMB_P', 'EMB_P', 'EMB_P', 'EMB_P', 'EMB_P', 'EMB_P', 'EMB_P', 'EMB_P', 'EMB_P', 'EMB_P', 'EMB_P', 'EMB_P', 'EMB_P', 'EMB_P', 'EMB_P', 'EMB_P', 'EMB_P', 'EMB_P', 'EMB_P', 'EMB_P', 'EMB_P', 'EMB_P', 'EMB_P', 'EMB_P', 'EMB_P', 'EMB_P', 'EMB_P', 'EMB_P', 'EMB_P', 'EMB_P', 'EMB_P', 'EMB_P', 'EMB_P', 'EMB_P', 'EMB_P', 'EMB_P', 'EMB_P', 'EMB_P', 'EMB_P', 'EMB_P', 'EMB_P', 'EMB_P', 'EMB_P', 'EMB_P', 'EMB_P', 'EMB_P', 'EMB_P', 'EMB_P', 'EMB_P', 'EMB_P', 'EMB_P', 'EMB_P', 'EMB_P']"
32,закладу,відмінне,25709:19_1025,В цілому відмінне враження від даного закладу.,7.67,7.17,"['EMB_O', 'EMB_O', 'EMB_O', 'EMB_O', 'EMB_O', 'EMB_O', 'EMB_O', 'EMB_O', 'EMB_O', 'EMB_O', 'EMB_O', 'EMB_O', 'ASP_B', 'ASP_I', 'ASP_E', 'EMB_O', 'EMB_O', 'EMB_P', 'EMB_P', 'EMB_P', 'EMB_P', 'EMB_P', 'EMB_P', 'EMB_P', 'EMB_P', 'EMB_P', 'EMB_P', 'EMB_P', 'EMB_P', 'EMB_P', 'EMB_P', 'EMB_P', 'EMB_P', 'EMB_P', 'EMB_P', 'EMB_P', 'EMB_P', 'EMB_P', 'EMB_P', 'EMB_P', 'EMB_P', 'EMB_P', 'EMB_P', 'EMB_P', 'EMB_P', 'EMB_P', 'EMB_P', 'EMB_P', 'EMB_P', 'EMB_P', 'EMB_P', 'EMB_P', 'EMB_P', 'EMB_P', 'EMB_P', 'EMB_P', 'EMB_P', 'EMB_P', 'EMB_P', 'EMB_P', 'EMB_P', 'EMB_P', 'EMB_P', 'EMB_P', 'EMB_P', 'EMB_P', 'EMB_P', 'EMB_P', 'EMB_P', 'EMB_P', 'EMB_P', 'EMB_P', 'EMB_P', 'EMB_P', 'EMB_P', 'EMB_P', 'EMB_P', 'EMB_P', 'EMB_P', 'EMB_P', 'EMB_P', 'EMB_P', 'EMB_P', 'EMB_P', 'EMB_P', 'EMB_P', 'EMB_P', 'EMB_P', 'EMB_P', 'EMB_P', 'EMB_P', 'EMB_P', 'EMB_P', 'EMB_P', 'EMB_P', 'EMB_P', 'EMB_P', 'EMB_P', 'EMB_P', 'EMB_P', 'EMB_P', 'EMB_P', 'EMB_P', 'EMB_P', 'EMB_P', 'EMB_P', 'EMB_P', 'EMB_P', 'EMB_P', 'EMB_P', 'EMB_P', 'EMB_P', 'EMB_P', 'EMB_P', 'EMB_P', 'EMB_P', 'EMB_P', 'EMB_P', 'EMB_P', 'EMB_P', 'EMB_P', 'EMB_P', 'EMB_P', 'EMB_P', 'EMB_P', 'EMB_P', 'EMB_P', 'EMB_P']","['EMB_O', 'EMB_O', 'EMB_O', 'EMB_O', 'OPN_B', 'OPN_I', 'OPN_E', 'EMB_O', 'EMB_O', 'EMB_O', 'EMB_O', 'EMB_O', 'EMB_O', 'EMB_O', 'EMB_O', 'EMB_O', 'EMB_O', 'EMB_P', 'EMB_P', 'EMB_P', 'EMB_P', 'EMB_P', 'EMB_P', 'EMB_P', 'EMB_P', 'EMB_P', 'EMB_P', 'EMB_P', 'EMB_P', 'EMB_P', 'EMB_P', 'EMB_P', 'EMB_P', 'EMB_P', 'EMB_P', 'EMB_P', 'EMB_P', 'EMB_P', 'EMB_P', 'EMB_P', 'EMB_P', 'EMB_P', 'EMB_P', 'EMB_P', 'EMB_P', 'EMB_P', 'EMB_P', 'EMB_P', 'EMB_P', 'EMB_P', 'EMB_P', 'EMB_P', 'EMB_P', 'EMB_P', 'EMB_P', 'EMB_P', 'EMB_P', 'EMB_P', 'EMB_P', 'EMB_P', 'EMB_P', 'EMB_P', 'EMB_P', 'EMB_P', 'EMB_P', 'EMB_P', 'EMB_P', 'EMB_P', 'EMB_P', 'EMB_P', 'EMB_P', 'EMB_P', 'EMB_P', 'EMB_P', 'EMB_P', 'EMB_P', 'EMB_P', 'EMB_P', 'EMB_P', 'EMB_P', 'EMB_P', 'EMB_P', 'EMB_P', 'EMB_P', 'EMB_P', 'EMB_P', 'EMB_P', 'EMB_P', 'EMB_P', 'EMB_P', 'EMB_P', 'EMB_P', 'EMB_P', 'EMB_P', 'EMB_P', 'EMB_P', 'EMB_P', 'EMB_P', 'EMB_P', 'EMB_P', 'EMB_P', 'EMB_P', 'EMB_P', 'EMB_P', 'EMB_P', 'EMB_P', 'EMB_P', 'EMB_P', 'EMB_P', 'EMB_P', 'EMB_P', 'EMB_P', 'EMB_P', 'EMB_P', 'EMB_P', 'EMB_P', 'EMB_P', 'EMB_P', 'EMB_P', 'EMB_P', 'EMB_P', 'EMB_P', 'EMB_P', 'EMB_P', 'EMB_P', 'EMB_P', 'EMB_P', 'EMB_P']"
33,офіціант,надано лише нам,25753:2_1026,"Нам пощастило – у цей час у ресторані було мало відвідувачів, тож офіціант (хоча, мені здається, нас обслуговував адміністратор) було надано лише нам.",6.62,5.62,"['EMB_O', 'EMB_O', 'EMB_O', 'EMB_O', 'EMB_O', 'EMB_O', 'EMB_O', 'EMB_O', 'EMB_O', 'EMB_O', 'EMB_O', 'EMB_O', 'EMB_O', 'EMB_O', 'EMB_O', 'EMB_O', 'EMB_O', 'EMB_O', 'EMB_O', 'EMB_O', 'EMB_O', 'EMB_O', 'EMB_O', 'EMB_O', 'EMB_O', 'ASP_B', 'ASP_I', 'ASP_I', 'ASP_E', 'EMB_O', 'EMB_O', 'EMB_O', 'EMB_O', 'EMB_O', 'EMB_O', 'EMB_O', 'EMB_O', 'EMB_O', 'EMB_O', 'EMB_O', 'EMB_O', 'EMB_O', 'EMB_O', 'EMB_O', 'EMB_O', 'EMB_O', 'EMB_O', 'EMB_O', 'EMB_O', 'EMB_O', 'EMB_O', 'EMB_O', 'EMB_O', 'EMB_O', 'EMB_O', 'EMB_P', 'EMB_P', 'EMB_P', 'EMB_P', 'EMB_P', 'EMB_P', 'EMB_P', 'EMB_P', 'EMB_P', 'EMB_P', 'EMB_P', 'EMB_P', 'EMB_P', 'EMB_P', 'EMB_P', 'EMB_P', 'EMB_P', 'EMB_P', 'EMB_P', 'EMB_P', 'EMB_P', 'EMB_P', 'EMB_P', 'EMB_P', 'EMB_P', 'EMB_P', 'EMB_P', 'EMB_P', 'EMB_P', 'EMB_P', 'EMB_P', 'EMB_P', 'EMB_P', 'EMB_P', 'EMB_P', 'EMB_P', 'EMB_P', 'EMB_P', 'EMB_P', 'EMB_P', 'EMB_P', 'EMB_P', 'EMB_P', 'EMB_P', 'EMB_P', 'EMB_P', 'EMB_P', 'EMB_P', 'EMB_P', 'EMB_P', 'EMB_P', 'EMB_P', 'EMB_P', 'EMB_P', 'EMB_P', 'EMB_P', 'EMB_P', 'EMB_P', 'EMB_P', 'EMB_P', 'EMB_P', 'EMB_P', 'EMB_P', 'EMB_P', 'EMB_P', 'EMB_P', 'EMB_P', 'EMB_P', 'EMB_P', 'EMB_P', 'EMB_P', 'EMB_P', 'EMB_P']","['EMB_O', 'EMB_O', 'EMB_O', 'EMB_O', 'EMB_O', 'EMB_O', 'EMB_O', 'EMB_O', 'EMB_O', 'EMB_O', 'EMB_O', 'EMB_O', 'EMB_O', 'EMB_O', 'EMB_O', 'EMB_O', 'EMB_O', 'EMB_O', 'EMB_O', 'EMB_O', 'EMB_O', 'EMB_O', 'EMB_O', 'EMB_O', 'EMB_O', 'EMB_O', 'EMB_O', 'EMB_O', 'EMB_O', 'EMB_O', 'EMB_O', 'EMB_O', 'EMB_O', 'EMB_O', 'EMB_O', 'EMB_O', 'EMB_O', 'EMB_O', 'EMB_O', 'EMB_O', 'EMB_O', 'EMB_O', 'EMB_O', 'EMB_O', 'EMB_O', 'EMB_O', 'EMB_O', 'EMB_O', 'EMB_O', 'OPN_B', 'OPN_I', 'OPN_I', 'OPN_E', 'EMB_O', 'EMB_O', 'EMB_P', 'EMB_P', 'EMB_P', 'EMB_P', 'EMB_P', 'EMB_P', 'EMB_P', 'EMB_P', 'EMB_P', 'EMB_P', 'EMB_P', 'EMB_P', 'EMB_P', 'EMB_P', 'EMB_P', 'EMB_P', 'EMB_P', 'EMB_P', 'EMB_P', 'EMB_P', 'EMB_P', 'EMB_P', 'EMB_P', 'EMB_P', 'EMB_P', 'EMB_P', 'EMB_P', 'EMB_P', 'EMB_P', 'EMB_P', 'EMB_P', 'EMB_P', 'EMB_P', 'EMB_P', 'EMB_P', 'EMB_P', 'EMB_P', 'EMB_P', 'EMB_P', 'EMB_P', 'EMB_P', 'EMB_P', 'EMB_P', 'EMB_P', 'EMB_P', 'EMB_P', 'EMB_P', 'EMB_P', 'EMB_P', 'EMB_P', 'EMB_P', 'EMB_P', 'EMB_P', 'EMB_P', 'EMB_P', 'EMB_P', 'EMB_P', 'EMB_P', 'EMB_P', 'EMB_P', 'EMB_P', 'EMB_P', 'EMB_P', 'EMB_P', 'EMB_P', 'EMB_P', 'EMB_P', 'EMB_P', 'EMB_P', 'EMB_P', 'EMB_P', 'EMB_P', 'EMB_P']"
34,обслуговування,Дуже сподобалося,25753:3_1027,"Дуже сподобалося обслуговування-професійне, ненав'язливе, доброзичливе.",8.12,7.62,"['EMB_O', 'EMB_O', 'EMB_O', 'EMB_O', 'EMB_O', 'EMB_O', 'EMB_O', 'EMB_O', 'EMB_O', 'ASP_B', 'ASP_I', 'ASP_I', 'ASP_E', 'EMB_O', 'EMB_O', 'EMB_O', 'EMB_O', 'EMB_O', 'EMB_O', 'EMB_O', 'EMB_O', 'EMB_O', 'EMB_O', 'EMB_O', 'EMB_O', 'EMB_O', 'EMB_O', 'EMB_O', 'EMB_O', 'EMB_O', 'EMB_O', 'EMB_P', 'EMB_P', 'EMB_P', 'EMB_P', 'EMB_P', 'EMB_P', 'EMB_P', 'EMB_P', 'EMB_P', 'EMB_P', 'EMB_P', 'EMB_P', 'EMB_P', 'EMB_P', 'EMB_P', 'EMB_P', 'EMB_P', 'EMB_P', 'EMB_P', 'EMB_P', 'EMB_P', 'EMB_P', 'EMB_P', 'EMB_P', 'EMB_P', 'EMB_P', 'EMB_P', 'EMB_P', 'EMB_P', 'EMB_P', 'EMB_P', 'EMB_P', 'EMB_P', 'EMB_P', 'EMB_P', 'EMB_P', 'EMB_P', 'EMB_P', 'EMB_P', 'EMB_P', 'EMB_P', 'EMB_P', 'EMB_P', 'EMB_P', 'EMB_P', 'EMB_P', 'EMB_P', 'EMB_P', 'EMB_P', 'EMB_P', 'EMB_P', 'EMB_P', 'EMB_P', 'EMB_P', 'EMB_P', 'EMB_P', 'EMB_P', 'EMB_P', 'EMB_P', 'EMB_P', 'EMB_P', 'EMB_P', 'EMB_P', 'EMB_P', 'EMB_P', 'EMB_P', 'EMB_P', 'EMB_P', 'EMB_P', 'EMB_P', 'EMB_P', 'EMB_P', 'EMB_P', 'EMB_P', 'EMB_P', 'EMB_P', 'EMB_P', 'EMB_P', 'EMB_P', 'EMB_P', 'EMB_P', 'EMB_P', 'EMB_P', 'EMB_P', 'EMB_P', 'EMB_P', 'EMB_P', 'EMB_P', 'EMB_P', 'EMB_P', 'EMB_P', 'EMB_P', 'EMB_P', 'EMB_P', 'EMB_P', 'EMB_P', 'EMB_P']","['EMB_O', 'OPN_B', 'OPN_I', 'OPN_I', 'OPN_I', 'OPN_I', 'OPN_I', 'OPN_I', 'OPN_E', 'EMB_O', 'EMB_O', 'EMB_O', 'EMB_O', 'EMB_O', 'EMB_O', 'EMB_O', 'EMB_O', 'EMB_O', 'EMB_O', 'EMB_O', 'EMB_O', 'EMB_O', 'EMB_O', 'EMB_O', 'EMB_O', 'EMB_O', 'EMB_O', 'EMB_O', 'EMB_O', 'EMB_O', 'EMB_O', 'EMB_P', 'EMB_P', 'EMB_P', 'EMB_P', 'EMB_P', 'EMB_P', 'EMB_P', 'EMB_P', 'EMB_P', 'EMB_P', 'EMB_P', 'EMB_P', 'EMB_P', 'EMB_P', 'EMB_P', 'EMB_P', 'EMB_P', 'EMB_P', 'EMB_P', 'EMB_P', 'EMB_P', 'EMB_P', 'EMB_P', 'EMB_P', 'EMB_P', 'EMB_P', 'EMB_P', 'EMB_P', 'EMB_P', 'EMB_P', 'EMB_P', 'EMB_P', 'EMB_P', 'EMB_P', 'EMB_P', 'EMB_P', 'EMB_P', 'EMB_P', 'EMB_P', 'EMB_P', 'EMB_P', 'EMB_P', 'EMB_P', 'EMB_P', 'EMB_P', 'EMB_P', 'EMB_P', 'EMB_P', 'EMB_P', 'EMB_P', 'EMB_P', 'EMB_P', 'EMB_P', 'EMB_P', 'EMB_P', 'EMB_P', 'EMB_P', 'EMB_P', 'EMB_P', 'EMB_P', 'EMB_P', 'EMB_P', 'EMB_P', 'EMB_P', 'EMB_P', 'EMB_P', 'EMB_P', 'EMB_P', 'EMB_P', 'EMB_P', 'EMB_P', 'EMB_P', 'EMB_P', 'EMB_P', 'EMB_P', 'EMB_P', 'EMB_P', 'EMB_P', 'EMB_P', 'EMB_P', 'EMB_P', 'EMB_P', 'EMB_P', 'EMB_P', 'EMB_P', 'EMB_P', 'EMB_P', 'EMB_P', 'EMB_P', 'EMB_P', 'EMB_P', 'EMB_P', 'EMB_P', 'EMB_P', 'EMB_P', 'EMB_P', 'EMB_P']"
35,Їжа,дуже смачна,25753:5_1028,Їжа дуже смачна!,7.8,7.2,"['EMB_O', 'ASP_B', 'ASP_E', 'EMB_O', 'EMB_O', 'EMB_O', 'EMB_O', 'EMB_O', 'EMB_O', 'EMB_P', 'EMB_P', 'EMB_P', 'EMB_P', 'EMB_P', 'EMB_P', 'EMB_P', 'EMB_P', 'EMB_P', 'EMB_P', 'EMB_P', 'EMB_P', 'EMB_P', 'EMB_P', 'EMB_P', 'EMB_P', 'EMB_P', 'EMB_P', 'EMB_P', 'EMB_P', 'EMB_P', 'EMB_P', 'EMB_P', 'EMB_P', 'EMB_P', 'EMB_P', 'EMB_P', 'EMB_P', 'EMB_P', 'EMB_P', 'EMB_P', 'EMB_P', 'EMB_P', 'EMB_P', 'EMB_P', 'EMB_P', 'EMB_P', 'EMB_P', 'EMB_P', 'EMB_P', 'EMB_P', 'EMB_P', 'EMB_P', 'EMB_P', 'EMB_P', 'EMB_P', 'EMB_P', 'EMB_P', 'EMB_P', 'EMB_P', 'EMB_P', 'EMB_P', 'EMB_P', 'EMB_P', 'EMB_P', 'EMB_P', 'EMB_P', 'EMB_P', 'EMB_P', 'EMB_P', 'EMB_P', 'EMB_P', 'EMB_P', 'EMB_P', 'EMB_P', 'EMB_P', 'EMB_P', 'EMB_P', 'EMB_P', 'EMB_P', 'EMB_P', 'EMB_P', 'EMB_P', 'EMB_P', 'EMB_P', 'EMB_P', 'EMB_P', 'EMB_P', 'EMB_P', 'EMB_P', 'EMB_P', 'EMB_P', 'EMB_P', 'EMB_P', 'EMB_P', 'EMB_P', 'EMB_P', 'EMB_P', 'EMB_P', 'EMB_P', 'EMB_P', 'EMB_P', 'EMB_P', 'EMB_P', 'EMB_P', 'EMB_P', 'EMB_P', 'EMB_P', 'EMB_P', 'EMB_P', 'EMB_P', 'EMB_P', 'EMB_P', 'EMB_P', 'EMB_P', 'EMB_P', 'EMB_P', 'EMB_P', 'EMB_P', 'EMB_P', 'EMB_P', 'EMB_P', 'EMB_P', 'EMB_P', 'EMB_P', 'EMB_P', 'EMB_P', 'EMB_P', 'EMB_P']","['EMB_O', 'EMB_O', 'EMB_O', 'OPN_B', 'OPN_I', 'OPN_I', 'OPN_E', 'EMB_O', 'EMB_O', 'EMB_P', 'EMB_P', 'EMB_P', 'EMB_P', 'EMB_P', 'EMB_P', 'EMB_P', 'EMB_P', 'EMB_P', 'EMB_P', 'EMB_P', 'EMB_P', 'EMB_P', 'EMB_P', 'EMB_P', 'EMB_P', 'EMB_P', 'EMB_P', 'EMB_P', 'EMB_P', 'EMB_P', 'EMB_P', 'EMB_P', 'EMB_P', 'EMB_P', 'EMB_P', 'EMB_P', 'EMB_P', 'EMB_P', 'EMB_P', 'EMB_P', 'EMB_P', 'EMB_P', 'EMB_P', 'EMB_P', 'EMB_P', 'EMB_P', 'EMB_P', 'EMB_P', 'EMB_P', 'EMB_P', 'EMB_P', 'EMB_P', 'EMB_P', 'EMB_P', 'EMB_P', 'EMB_P', 'EMB_P', 'EMB_P', 'EMB_P', 'EMB_P', 'EMB_P', 'EMB_P', 'EMB_P', 'EMB_P', 'EMB_P', 'EMB_P', 'EMB_P', 'EMB_P', 'EMB_P', 'EMB_P', 'EMB_P', 'EMB_P', 'EMB_P', 'EMB_P', 'EMB_P', 'EMB_P', 'EMB_P', 'EMB_P', 'EMB_P', 'EMB_P', 'EMB_P', 'EMB_P', 'EMB_P', 'EMB_P', 'EMB_P', 'EMB_P', 'EMB_P', 'EMB_P', 'EMB_P', 'EMB_P', 'EMB_P', 'EMB_P', 'EMB_P', 'EMB_P', 'EMB_P', 'EMB_P', 'EMB_P', 'EMB_P', 'EMB_P', 'EMB_P', 'EMB_P', 'EMB_P', 'EMB_P', 'EMB_P', 'EMB_P', 'EMB_P', 'EMB_P', 'EMB_P', 'EMB_P', 'EMB_P', 'EMB_P', 'EMB_P', 'EMB_P', 'EMB_P', 'EMB_P', 'EMB_P', 'EMB_P', 'EMB_P', 'EMB_P', 'EMB_P', 'EMB_P', 'EMB_P', 'EMB_P', 'EMB_P', 'EMB_P', 'EMB_P', 'EMB_P', 'EMB_P']"
36,Шашлик,вище усіляких похвал,25753:6_1029,Шашлик - вище усіляких похвал.,8.75,8.0,"['EMB_O', 'ASP_B', 'ASP_I', 'ASP_E', 'EMB_O', 'EMB_O', 'EMB_O', 'EMB_O', 'EMB_O', 'EMB_O', 'EMB_O', 'EMB_O', 'EMB_O', 'EMB_O', 'EMB_P', 'EMB_P', 'EMB_P', 'EMB_P', 'EMB_P', 'EMB_P', 'EMB_P', 'EMB_P', 'EMB_P', 'EMB_P', 'EMB_P', 'EMB_P', 'EMB_P', 'EMB_P', 'EMB_P', 'EMB_P', 'EMB_P', 'EMB_P', 'EMB_P', 'EMB_P', 'EMB_P', 'EMB_P', 'EMB_P', 'EMB_P', 'EMB_P', 'EMB_P', 'EMB_P', 'EMB_P', 'EMB_P', 'EMB_P', 'EMB_P', 'EMB_P', 'EMB_P', 'EMB_P', 'EMB_P', 'EMB_P', 'EMB_P', 'EMB_P', 'EMB_P', 'EMB_P', 'EMB_P', 'EMB_P', 'EMB_P', 'EMB_P', 'EMB_P', 'EMB_P', 'EMB_P', 'EMB_P', 'EMB_P', 'EMB_P', 'EMB_P', 'EMB_P', 'EMB_P', 'EMB_P', 'EMB_P', 'EMB_P', 'EMB_P', 'EMB_P', 'EMB_P', 'EMB_P', 'EMB_P', 'EMB_P', 'EMB_P', 'EMB_P', 'EMB_P', 'EMB_P', 'EMB_P', 'EMB_P', 'EMB_P', 'EMB_P', 'EMB_P', 'EMB_P', 'EMB_P', 'EMB_P', 'EMB_P', 'EMB_P', 'EMB_P', 'EMB_P', 'EMB_P', 'EMB_P', 'EMB_P', 'EMB_P', 'EMB_P', 'EMB_P', 'EMB_P', 'EMB_P', 'EMB_P', 'EMB_P', 'EMB_P', 'EMB_P', 'EMB_P', 'EMB_P', 'EMB_P', 'EMB_P', 'EMB_P', 'EMB_P', 'EMB_P', 'EMB_P', 'EMB_P', 'EMB_P', 'EMB_P', 'EMB_P', 'EMB_P', 'EMB_P', 'EMB_P', 'EMB_P', 'EMB_P', 'EMB_P', 'EMB_P', 'EMB_P', 'EMB_P', 'EMB_P', 'EMB_P', 'EMB_P']","['EMB_O', 'EMB_O', 'EMB_O', 'EMB_O', 'EMB_O', 'OPN_B', 'OPN_I', 'OPN_I', 'OPN_I', 'OPN_I', 'OPN_I', 'OPN_E', 'EMB_O', 'EMB_O', 'EMB_P', 'EMB_P', 'EMB_P', 'EMB_P', 'EMB_P', 'EMB_P', 'EMB_P', 'EMB_P', 'EMB_P', 'EMB_P', 'EMB_P', 'EMB_P', 'EMB_P', 'EMB_P', 'EMB_P', 'EMB_P', 'EMB_P', 'EMB_P', 'EMB_P', 'EMB_P', 'EMB_P', 'EMB_P', 'EMB_P', 'EMB_P', 'EMB_P', 'EMB_P', 'EMB_P', 'EMB_P', 'EMB_P', 'EMB_P', 'EMB_P', 'EMB_P', 'EMB_P', 'EMB_P', 'EMB_P', 'EMB_P', 'EMB_P', 'EMB_P', 'EMB_P', 'EMB_P', 'EMB_P', 'EMB_P', 'EMB_P', 'EMB_P', 'EMB_P', 'EMB_P', 'EMB_P', 'EMB_P', 'EMB_P', 'EMB_P', 'EMB_P', 'EMB_P', 'EMB_P', 'EMB_P', 'EMB_P', 'EMB_P', 'EMB_P', 'EMB_P', 'EMB_P', 'EMB_P', 'EMB_P', 'EMB_P', 'EMB_P', 'EMB_P', 'EMB_P', 'EMB_P', 'EMB_P', 'EMB_P', 'EMB_P', 'EMB_P', 'EMB_P', 'EMB_P', 'EMB_P', 'EMB_P', 'EMB_P', 'EMB_P', 'EMB_P', 'EMB_P', 'EMB_P', 'EMB_P', 'EMB_P', 'EMB_P', 'EMB_P', 'EMB_P', 'EMB_P', 'EMB_P', 'EMB_P', 'EMB_P', 'EMB_P', 'EMB_P', 'EMB_P', 'EMB_P', 'EMB_P', 'EMB_P', 'EMB_P', 'EMB_P', 'EMB_P', 'EMB_P', 'EMB_P', 'EMB_P', 'EMB_P', 'EMB_P', 'EMB_P', 'EMB_P', 'EMB_P', 'EMB_P', 'EMB_P', 'EMB_P', 'EMB_P', 'EMB_P', 'EMB_P', 'EMB_P', 'EMB_P', 'EMB_P']"
37,Обстановка,дуже затишні,25753:7_1030,"Обстановка, інтер'єр дуже затишні.",7.8,7.0,"['EMB_O', 'ASP_B', 'ASP_I', 'ASP_E', 'EMB_O', 'EMB_O', 'EMB_O', 'EMB_O', 'EMB_O', 'EMB_O', 'EMB_O', 'EMB_O', 'EMB_O', 'EMB_O', 'EMB_O', 'EMB_P', 'EMB_P', 'EMB_P', 'EMB_P', 'EMB_P', 'EMB_P', 'EMB_P', 'EMB_P', 'EMB_P', 'EMB_P', 'EMB_P', 'EMB_P', 'EMB_P', 'EMB_P', 'EMB_P', 'EMB_P', 'EMB_P', 'EMB_P', 'EMB_P', 'EMB_P', 'EMB_P', 'EMB_P', 'EMB_P', 'EMB_P', 'EMB_P', 'EMB_P', 'EMB_P', 'EMB_P', 'EMB_P', 'EMB_P', 'EMB_P', 'EMB_P', 'EMB_P', 'EMB_P', 'EMB_P', 'EMB_P', 'EMB_P', 'EMB_P', 'EMB_P', 'EMB_P', 'EMB_P', 'EMB_P', 'EMB_P', 'EMB_P', 'EMB_P', 'EMB_P', 'EMB_P', 'EMB_P', 'EMB_P', 'EMB_P', 'EMB_P', 'EMB_P', 'EMB_P', 'EMB_P', 'EMB_P', 'EMB_P', 'EMB_P', 'EMB_P', 'EMB_P', 'EMB_P', 'EMB_P', 'EMB_P', 'EMB_P', 'EMB_P', 'EMB_P', 'EMB_P', 'EMB_P', 'EMB_P', 'EMB_P', 'EMB_P', 'EMB_P', 'EMB_P', 'EMB_P', 'EMB_P', 'EMB_P', 'EMB_P', 'EMB_P', 'EMB_P', 'EMB_P', 'EMB_P', 'EMB_P', 'EMB_P', 'EMB_P', 'EMB_P', 'EMB_P', 'EMB_P', 'EMB_P', 'EMB_P', 'EMB_P', 'EMB_P', 'EMB_P', 'EMB_P', 'EMB_P', 'EMB_P', 'EMB_P', 'EMB_P', 'EMB_P', 'EMB_P', 'EMB_P', 'EMB_P', 'EMB_P', 'EMB_P', 'EMB_P', 'EMB_P', 'EMB_P', 'EMB_P', 'EMB_P', 'EMB_P', 'EMB_P', 'EMB_P', 'EMB_P', 'EMB_P', 'EMB_P']","['EMB_O', 'EMB_O', 'EMB_O', 'EMB_O', 'EMB_O', 'EMB_O', 'EMB_O', 'EMB_O', 'EMB_O', 'OPN_B', 'OPN_I', 'OPN_I', 'OPN_E', 'EMB_O', 'EMB_O', 'EMB_P', 'EMB_P', 'EMB_P', 'EMB_P', 'EMB_P', 'EMB_P', 'EMB_P', 'EMB_P', 'EMB_P', 'EMB_P', 'EMB_P', 'EMB_P', 'EMB_P', 'EMB_P', 'EMB_P', 'EMB_P', 'EMB_P', 'EMB_P', 'EMB_P', 'EMB_P', 'EMB_P', 'EMB_P', 'EMB_P', 'EMB_P', 'EMB_P', 'EMB_P', 'EMB_P', 'EMB_P', 'EMB_P', 'EMB_P', 'EMB_P', 'EMB_P', 'EMB_P', 'EMB_P', 'EMB_P', 'EMB_P', 'EMB_P', 'EMB_P', 'EMB_P', 'EMB_P', 'EMB_P', 'EMB_P', 'EMB_P', 'EMB_P', 'EMB_P', 'EMB_P', 'EMB_P', 'EMB_P', 'EMB_P', 'EMB_P', 'EMB_P', 'EMB_P', 'EMB_P', 'EMB_P', 'EMB_P', 'EMB_P', 'EMB_P', 'EMB_P', 'EMB_P', 'EMB_P', 'EMB_P', 'EMB_P', 'EMB_P', 'EMB_P', 'EMB_P', 'EMB_P', 'EMB_P', 'EMB_P', 'EMB_P', 'EMB_P', 'EMB_P', 'EMB_P', 'EMB_P', 'EMB_P', 'EMB_P', 'EMB_P', 'EMB_P', 'EMB_P', 'EMB_P', 'EMB_P', 'EMB_P', 'EMB_P', 'EMB_P', 'EMB_P', 'EMB_P', 'EMB_P', 'EMB_P', 'EMB_P', 'EMB_P', 'EMB_P', 'EMB_P', 'EMB_P', 'EMB_P', 'EMB_P', 'EMB_P', 'EMB_P', 'EMB_P', 'EMB_P', 'EMB_P', 'EMB_P', 'EMB_P', 'EMB_P', 'EMB_P', 'EMB_P', 'EMB_P', 'EMB_P', 'EMB_P', 'EMB_P', 'EMB_P', 'EMB_P', 'EMB_P', 'EMB_P', 'EMB_P']"
38,інтер'єр,дуже затишні,25753:7_1030,"Обстановка, інтер'єр дуже затишні.",7.8,7.0,"['EMB_O', 'EMB_O', 'EMB_O', 'EMB_O', 'EMB_O', 'ASP_B', 'ASP_I', 'ASP_I', 'ASP_E', 'EMB_O', 'EMB_O', 'EMB_O', 'EMB_O', 'EMB_O', 'EMB_O', 'EMB_P', 'EMB_P', 'EMB_P', 'EMB_P', 'EMB_P', 'EMB_P', 'EMB_P', 'EMB_P', 'EMB_P', 'EMB_P', 'EMB_P', 'EMB_P', 'EMB_P', 'EMB_P', 'EMB_P', 'EMB_P', 'EMB_P', 'EMB_P', 'EMB_P', 'EMB_P', 'EMB_P', 'EMB_P', 'EMB_P', 'EMB_P', 'EMB_P', 'EMB_P', 'EMB_P', 'EMB_P', 'EMB_P', 'EMB_P', 'EMB_P', 'EMB_P', 'EMB_P', 'EMB_P', 'EMB_P', 'EMB_P', 'EMB_P', 'EMB_P', 'EMB_P', 'EMB_P', 'EMB_P', 'EMB_P', 'EMB_P', 'EMB_P', 'EMB_P', 'EMB_P', 'EMB_P', 'EMB_P', 'EMB_P', 'EMB_P', 'EMB_P', 'EMB_P', 'EMB_P', 'EMB_P', 'EMB_P', 'EMB_P', 'EMB_P', 'EMB_P', 'EMB_P', 'EMB_P', 'EMB_P', 'EMB_P', 'EMB_P', 'EMB_P', 'EMB_P', 'EMB_P', 'EMB_P', 'EMB_P', 'EMB_P', 'EMB_P', 'EMB_P', 'EMB_P', 'EMB_P', 'EMB_P', 'EMB_P', 'EMB_P', 'EMB_P', 'EMB_P', 'EMB_P', 'EMB_P', 'EMB_P', 'EMB_P', 'EMB_P', 'EMB_P', 'EMB_P', 'EMB_P', 'EMB_P', 'EMB_P', 'EMB_P', 'EMB_P', 'EMB_P', 'EMB_P', 'EMB_P', 'EMB_P', 'EMB_P', 'EMB_P', 'EMB_P', 'EMB_P', 'EMB_P', 'EMB_P', 'EMB_P', 'EMB_P', 'EMB_P', 'EMB_P', 'EMB_P', 'EMB_P', 'EMB_P', 'EMB_P', 'EMB_P', 'EMB_P', 'EMB_P', 'EMB_P', 'EMB_P']","['EMB_O', 'EMB_O', 'EMB_O', 'EMB_O', 'EMB_O', 'EMB_O', 'EMB_O', 'EMB_O', 'EMB_O', 'OPN_B', 'OPN_I', 'OPN_I', 'OPN_E', 'EMB_O', 'EMB_O', 'EMB_P', 'EMB_P', 'EMB_P', 'EMB_P', 'EMB_P', 'EMB_P', 'EMB_P', 'EMB_P', 'EMB_P', 'EMB_P', 'EMB_P', 'EMB_P', 'EMB_P', 'EMB_P', 'EMB_P', 'EMB_P', 'EMB_P', 'EMB_P', 'EMB_P', 'EMB_P', 'EMB_P', 'EMB_P', 'EMB_P', 'EMB_P', 'EMB_P', 'EMB_P', 'EMB_P', 'EMB_P', 'EMB_P', 'EMB_P', 'EMB_P', 'EMB_P', 'EMB_P', 'EMB_P', 'EMB_P', 'EMB_P', 'EMB_P', 'EMB_P', 'EMB_P', 'EMB_P', 'EMB_P', 'EMB_P', 'EMB_P', 'EMB_P', 'EMB_P', 'EMB_P', 'EMB_P', 'EMB_P', 'EMB_P', 'EMB_P', 'EMB_P', 'EMB_P', 'EMB_P', 'EMB_P', 'EMB_P', 'EMB_P', 'EMB_P', 'EMB_P', 'EMB_P', 'EMB_P', 'EMB_P', 'EMB_P', 'EMB_P', 'EMB_P', 'EMB_P', 'EMB_P', 'EMB_P', 'EMB_P', 'EMB_P', 'EMB_P', 'EMB_P', 'EMB_P', 'EMB_P', 'EMB_P', 'EMB_P', 'EMB_P', 'EMB_P', 'EMB_P', 'EMB_P', 'EMB_P', 'EMB_P', 'EMB_P', 'EMB_P', 'EMB_P', 'EMB_P', 'EMB_P', 'EMB_P', 'EMB_P', 'EMB_P', 'EMB_P', 'EMB_P', 'EMB_P', 'EMB_P', 'EMB_P', 'EMB_P', 'EMB_P', 'EMB_P', 'EMB_P', 'EMB_P', 'EMB_P', 'EMB_P', 'EMB_P', 'EMB_P', 'EMB_P', 'EMB_P', 'EMB_P', 'EMB_P', 'EMB_P', 'EMB_P', 'EMB_P', 'EMB_P', 'EMB_P', 'EMB_P']"
39,інтер'єр,Гарний,25861:1_1031,Гарний інтер'єр - сиділи біля вікна за столиком з диванчиками.,7.38,7.12,"['EMB_O', 'EMB_O', 'EMB_O', 'EMB_O', 'ASP_B', 'ASP_I', 'ASP_I', 'ASP_E', 'EMB_O', 'EMB_O', 'EMB_O', 'EMB_O', 'EMB_O', 'EMB_O', 'EMB_O', 'EMB_O', 'EMB_O', 'EMB_O', 'EMB_O', 'EMB_O', 'EMB_O', 'EMB_O', 'EMB_O', 'EMB_O', 'EMB_O', 'EMB_O', 'EMB_P', 'EMB_P', 'EMB_P', 'EMB_P', 'EMB_P', 'EMB_P', 'EMB_P', 'EMB_P', 'EMB_P', 'EMB_P', 'EMB_P', 'EMB_P', 'EMB_P', 'EMB_P', 'EMB_P', 'EMB_P', 'EMB_P', 'EMB_P', 'EMB_P', 'EMB_P', 'EMB_P', 'EMB_P', 'EMB_P', 'EMB_P', 'EMB_P', 'EMB_P', 'EMB_P', 'EMB_P', 'EMB_P', 'EMB_P', 'EMB_P', 'EMB_P', 'EMB_P', 'EMB_P', 'EMB_P', 'EMB_P', 'EMB_P', 'EMB_P', 'EMB_P', 'EMB_P', 'EMB_P', 'EMB_P', 'EMB_P', 'EMB_P', 'EMB_P', 'EMB_P', 'EMB_P', 'EMB_P', 'EMB_P', 'EMB_P', 'EMB_P', 'EMB_P', 'EMB_P', 'EMB_P', 'EMB_P', 'EMB_P', 'EMB_P', 'EMB_P', 'EMB_P', 'EMB_P', 'EMB_P', 'EMB_P', 'EMB_P', 'EMB_P', 'EMB_P', 'EMB_P', 'EMB_P', 'EMB_P', 'EMB_P', 'EMB_P', 'EMB_P', 'EMB_P', 'EMB_P', 'EMB_P', 'EMB_P', 'EMB_P', 'EMB_P', 'EMB_P', 'EMB_P', 'EMB_P', 'EMB_P', 'EMB_P', 'EMB_P', 'EMB_P', 'EMB_P', 'EMB_P', 'EMB_P', 'EMB_P', 'EMB_P', 'EMB_P', 'EMB_P', 'EMB_P', 'EMB_P', 'EMB_P', 'EMB_P', 'EMB_P', 'EMB_P', 'EMB_P', 'EMB_P', 'EMB_P', 'EMB_P', 'EMB_P']","['EMB_O', 'OPN_B', 'OPN_I', 'OPN_E', 'EMB_O', 'EMB_O', 'EMB_O', 'EMB_O', 'EMB_O', 'EMB_O', 'EMB_O', 'EMB_O', 'EMB_O', 'EMB_O', 'EMB_O', 'EMB_O', 'EMB_O', 'EMB_O', 'EMB_O', 'EMB_O', 'EMB_O', 'EMB_O', 'EMB_O', 'EMB_O', 'EMB_O', 'EMB_O', 'EMB_P', 'EMB_P', 'EMB_P', 'EMB_P', 'EMB_P', 'EMB_P', 'EMB_P', 'EMB_P', 'EMB_P', 'EMB_P', 'EMB_P', 'EMB_P', 'EMB_P', 'EMB_P', 'EMB_P', 'EMB_P', 'EMB_P', 'EMB_P', 'EMB_P', 'EMB_P', 'EMB_P', 'EMB_P', 'EMB_P', 'EMB_P', 'EMB_P', 'EMB_P', 'EMB_P', 'EMB_P', 'EMB_P', 'EMB_P', 'EMB_P', 'EMB_P', 'EMB_P', 'EMB_P', 'EMB_P', 'EMB_P', 'EMB_P', 'EMB_P', 'EMB_P', 'EMB_P', 'EMB_P', 'EMB_P', 'EMB_P', 'EMB_P', 'EMB_P', 'EMB_P', 'EMB_P', 'EMB_P', 'EMB_P', 'EMB_P', 'EMB_P', 'EMB_P', 'EMB_P', 'EMB_P', 'EMB_P', 'EMB_P', 'EMB_P', 'EMB_P', 'EMB_P', 'EMB_P', 'EMB_P', 'EMB_P', 'EMB_P', 'EMB_P', 'EMB_P', 'EMB_P', 'EMB_P', 'EMB_P', 'EMB_P', 'EMB_P', 'EMB_P', 'EMB_P', 'EMB_P', 'EMB_P', 'EMB_P', 'EMB_P', 'EMB_P', 'EMB_P', 'EMB_P', 'EMB_P', 'EMB_P', 'EMB_P', 'EMB_P', 'EMB_P', 'EMB_P', 'EMB_P', 'EMB_P', 'EMB_P', 'EMB_P', 'EMB_P', 'EMB_P', 'EMB_P', 'EMB_P', 'EMB_P', 'EMB_P', 'EMB_P', 'EMB_P', 'EMB_P', 'EMB_P', 'EMB_P', 'EMB_P', 'EMB_P']"
40,Порції,невеликі,25861:3_1032,"Порції невеликі, але паста була дуже смачною)))",4.0,5.2,"['EMB_O', 'ASP_B', 'ASP_I', 'ASP_E', 'EMB_O', 'EMB_O', 'EMB_O', 'EMB_O', 'EMB_O', 'EMB_O', 'EMB_O', 'EMB_O', 'EMB_O', 'EMB_O', 'EMB_O', 'EMB_O', 'EMB_O', 'EMB_O', 'EMB_O', 'EMB_O', 'EMB_P', 'EMB_P', 'EMB_P', 'EMB_P', 'EMB_P', 'EMB_P', 'EMB_P', 'EMB_P', 'EMB_P', 'EMB_P', 'EMB_P', 'EMB_P', 'EMB_P', 'EMB_P', 'EMB_P', 'EMB_P', 'EMB_P', 'EMB_P', 'EMB_P', 'EMB_P', 'EMB_P', 'EMB_P', 'EMB_P', 'EMB_P', 'EMB_P', 'EMB_P', 'EMB_P', 'EMB_P', 'EMB_P', 'EMB_P', 'EMB_P', 'EMB_P', 'EMB_P', 'EMB_P', 'EMB_P', 'EMB_P', 'EMB_P', 'EMB_P', 'EMB_P', 'EMB_P', 'EMB_P', 'EMB_P', 'EMB_P', 'EMB_P', 'EMB_P', 'EMB_P', 'EMB_P', 'EMB_P', 'EMB_P', 'EMB_P', 'EMB_P', 'EMB_P', 'EMB_P', 'EMB_P', 'EMB_P', 'EMB_P', 'EMB_P', 'EMB_P', 'EMB_P', 'EMB_P', 'EMB_P', 'EMB_P', 'EMB_P', 'EMB_P', 'EMB_P', 'EMB_P', 'EMB_P', 'EMB_P', 'EMB_P', 'EMB_P', 'EMB_P', 'EMB_P', 'EMB_P', 'EMB_P', 'EMB_P', 'EMB_P', 'EMB_P', 'EMB_P', 'EMB_P', 'EMB_P', 'EMB_P', 'EMB_P', 'EMB_P', 'EMB_P', 'EMB_P', 'EMB_P', 'EMB_P', 'EMB_P', 'EMB_P', 'EMB_P', 'EMB_P', 'EMB_P', 'EMB_P', 'EMB_P', 'EMB_P', 'EMB_P', 'EMB_P', 'EMB_P', 'EMB_P', 'EMB_P', 'EMB_P', 'EMB_P', 'EMB_P', 'EMB_P', 'EMB_P', 'EMB_P', 'EMB_P', 'EMB_P']","['EMB_O', 'EMB_O', 'EMB_O', 'EMB_O', 'OPN_B', 'OPN_I', 'OPN_E', 'EMB_O', 'EMB_O', 'EMB_O', 'EMB_O', 'EMB_O', 'EMB_O', 'EMB_O', 'EMB_O', 'EMB_O', 'EMB_O', 'EMB_O', 'EMB_O', 'EMB_O', 'EMB_P', 'EMB_P', 'EMB_P', 'EMB_P', 'EMB_P', 'EMB_P', 'EMB_P', 'EMB_P', 'EMB_P', 'EMB_P', 'EMB_P', 'EMB_P', 'EMB_P', 'EMB_P', 'EMB_P', 'EMB_P', 'EMB_P', 'EMB_P', 'EMB_P', 'EMB_P', 'EMB_P', 'EMB_P', 'EMB_P', 'EMB_P', 'EMB_P', 'EMB_P', 'EMB_P', 'EMB_P', 'EMB_P', 'EMB_P', 'EMB_P', 'EMB_P', 'EMB_P', 'EMB_P', 'EMB_P', 'EMB_P', 'EMB_P', 'EMB_P', 'EMB_P', 'EMB_P', 'EMB_P', 'EMB_P', 'EMB_P', 'EMB_P', 'EMB_P', 'EMB_P', 'EMB_P', 'EMB_P', 'EMB_P', 'EMB_P', 'EMB_P', 'EMB_P', 'EMB_P', 'EMB_P', 'EMB_P', 'EMB_P', 'EMB_P', 'EMB_P', 'EMB_P', 'EMB_P', 'EMB_P', 'EMB_P', 'EMB_P', 'EMB_P', 'EMB_P', 'EMB_P', 'EMB_P', 'EMB_P', 'EMB_P', 'EMB_P', 'EMB_P', 'EMB_P', 'EMB_P', 'EMB_P', 'EMB_P', 'EMB_P', 'EMB_P', 'EMB_P', 'EMB_P', 'EMB_P', 'EMB_P', 'EMB_P', 'EMB_P', 'EMB_P', 'EMB_P', 'EMB_P', 'EMB_P', 'EMB_P', 'EMB_P', 'EMB_P', 'EMB_P', 'EMB_P', 'EMB_P', 'EMB_P', 'EMB_P', 'EMB_P', 'EMB_P', 'EMB_P', 'EMB_P', 'EMB_P', 'EMB_P', 'EMB_P', 'EMB_P', 'EMB_P', 'EMB_P', 'EMB_P', 'EMB_P', 'EMB_P']"
41,паста,дуже смачною,25861:3_1032,"Порції невеликі, але паста була дуже смачною)))",8.12,7.62,"['EMB_O', 'EMB_O', 'EMB_O', 'EMB_O', 'EMB_O', 'EMB_O', 'EMB_O', 'EMB_O', 'EMB_O', 'ASP_B', 'ASP_E', 'EMB_O', 'EMB_O', 'EMB_O', 'EMB_O', 'EMB_O', 'EMB_O', 'EMB_O', 'EMB_O', 'EMB_O', 'EMB_P', 'EMB_P', 'EMB_P', 'EMB_P', 'EMB_P', 'EMB_P', 'EMB_P', 'EMB_P', 'EMB_P', 'EMB_P', 'EMB_P', 'EMB_P', 'EMB_P', 'EMB_P', 'EMB_P', 'EMB_P', 'EMB_P', 'EMB_P', 'EMB_P', 'EMB_P', 'EMB_P', 'EMB_P', 'EMB_P', 'EMB_P', 'EMB_P', 'EMB_P', 'EMB_P', 'EMB_P', 'EMB_P', 'EMB_P', 'EMB_P', 'EMB_P', 'EMB_P', 'EMB_P', 'EMB_P', 'EMB_P', 'EMB_P', 'EMB_P', 'EMB_P', 'EMB_P', 'EMB_P', 'EMB_P', 'EMB_P', 'EMB_P', 'EMB_P', 'EMB_P', 'EMB_P', 'EMB_P', 'EMB_P', 'EMB_P', 'EMB_P', 'EMB_P', 'EMB_P', 'EMB_P', 'EMB_P', 'EMB_P', 'EMB_P', 'EMB_P', 'EMB_P', 'EMB_P', 'EMB_P', 'EMB_P', 'EMB_P', 'EMB_P', 'EMB_P', 'EMB_P', 'EMB_P', 'EMB_P', 'EMB_P', 'EMB_P', 'EMB_P', 'EMB_P', 'EMB_P', 'EMB_P', 'EMB_P', 'EMB_P', 'EMB_P', 'EMB_P', 'EMB_P', 'EMB_P', 'EMB_P', 'EMB_P', 'EMB_P', 'EMB_P', 'EMB_P', 'EMB_P', 'EMB_P', 'EMB_P', 'EMB_P', 'EMB_P', 'EMB_P', 'EMB_P', 'EMB_P', 'EMB_P', 'EMB_P', 'EMB_P', 'EMB_P', 'EMB_P', 'EMB_P', 'EMB_P', 'EMB_P', 'EMB_P', 'EMB_P', 'EMB_P', 'EMB_P', 'EMB_P', 'EMB_P', 'EMB_P']","['EMB_O', 'EMB_O', 'EMB_O', 'EMB_O', 'EMB_O', 'EMB_O', 'EMB_O', 'EMB_O', 'EMB_O', 'EMB_O', 'EMB_O', 'EMB_O', 'OPN_B', 'OPN_I', 'OPN_I', 'OPN_E', 'EMB_O', 'EMB_O', 'EMB_O', 'EMB_O', 'EMB_P', 'EMB_P', 'EMB_P', 'EMB_P', 'EMB_P', 'EMB_P', 'EMB_P', 'EMB_P', 'EMB_P', 'EMB_P', 'EMB_P', 'EMB_P', 'EMB_P', 'EMB_P', 'EMB_P', 'EMB_P', 'EMB_P', 'EMB_P', 'EMB_P', 'EMB_P', 'EMB_P', 'EMB_P', 'EMB_P', 'EMB_P', 'EMB_P', 'EMB_P', 'EMB_P', 'EMB_P', 'EMB_P', 'EMB_P', 'EMB_P', 'EMB_P', 'EMB_P', 'EMB_P', 'EMB_P', 'EMB_P', 'EMB_P', 'EMB_P', 'EMB_P', 'EMB_P', 'EMB_P', 'EMB_P', 'EMB_P', 'EMB_P', 'EMB_P', 'EMB_P', 'EMB_P', 'EMB_P', 'EMB_P', 'EMB_P', 'EMB_P', 'EMB_P', 'EMB_P', 'EMB_P', 'EMB_P', 'EMB_P', 'EMB_P', 'EMB_P', 'EMB_P', 'EMB_P', 'EMB_P', 'EMB_P', 'EMB_P', 'EMB_P', 'EMB_P', 'EMB_P', 'EMB_P', 'EMB_P', 'EMB_P', 'EMB_P', 'EMB_P', 'EMB_P', 'EMB_P', 'EMB_P', 'EMB_P', 'EMB_P', 'EMB_P', 'EMB_P', 'EMB_P', 'EMB_P', 'EMB_P', 'EMB_P', 'EMB_P', 'EMB_P', 'EMB_P', 'EMB_P', 'EMB_P', 'EMB_P', 'EMB_P', 'EMB_P', 'EMB_P', 'EMB_P', 'EMB_P', 'EMB_P', 'EMB_P', 'EMB_P', 'EMB_P', 'EMB_P', 'EMB_P', 'EMB_P', 'EMB_P', 'EMB_P', 'EMB_P', 'EMB_P', 'EMB_P', 'EMB_P', 'EMB_P', 'EMB_P']"
42,Обслуговування,не сподобалося,25861:4_1033,"Обслуговування не сподобалося-готують ( або приносять??) замовлення дуже довго, враховуючи що обидва рази ресторан був напівпорожній...",2.7,6.5,"['EMB_O', 'ASP_B', 'ASP_I', 'ASP_I', 'ASP_E', 'EMB_O', 'EMB_O', 'EMB_O', 'EMB_O', 'EMB_O', 'EMB_O', 'EMB_O', 'EMB_O', 'EMB_O', 'EMB_O', 'EMB_O', 'EMB_O', 'EMB_O', 'EMB_O', 'EMB_O', 'EMB_O', 'EMB_O', 'EMB_O', 'EMB_O', 'EMB_O', 'EMB_O', 'EMB_O', 'EMB_O', 'EMB_O', 'EMB_O', 'EMB_O', 'EMB_O', 'EMB_O', 'EMB_O', 'EMB_O', 'EMB_O', 'EMB_O', 'EMB_O', 'EMB_O', 'EMB_O', 'EMB_O', 'EMB_O', 'EMB_O', 'EMB_O', 'EMB_O', 'EMB_O', 'EMB_O', 'EMB_O', 'EMB_O', 'EMB_O', 'EMB_O', 'EMB_O', 'EMB_O', 'EMB_O', 'EMB_O', 'EMB_P', 'EMB_P', 'EMB_P', 'EMB_P', 'EMB_P', 'EMB_P', 'EMB_P', 'EMB_P', 'EMB_P', 'EMB_P', 'EMB_P', 'EMB_P', 'EMB_P', 'EMB_P', 'EMB_P', 'EMB_P', 'EMB_P', 'EMB_P', 'EMB_P', 'EMB_P', 'EMB_P', 'EMB_P', 'EMB_P', 'EMB_P', 'EMB_P', 'EMB_P', 'EMB_P', 'EMB_P', 'EMB_P', 'EMB_P', 'EMB_P', 'EMB_P', 'EMB_P', 'EMB_P', 'EMB_P', 'EMB_P', 'EMB_P', 'EMB_P', 'EMB_P', 'EMB_P', 'EMB_P', 'EMB_P', 'EMB_P', 'EMB_P', 'EMB_P', 'EMB_P', 'EMB_P', 'EMB_P', 'EMB_P', 'EMB_P', 'EMB_P', 'EMB_P', 'EMB_P', 'EMB_P', 'EMB_P', 'EMB_P', 'EMB_P', 'EMB_P', 'EMB_P', 'EMB_P', 'EMB_P', 'EMB_P', 'EMB_P', 'EMB_P', 'EMB_P', 'EMB_P', 'EMB_P', 'EMB_P', 'EMB_P', 'EMB_P', 'EMB_P', 'EMB_P', 'EMB_P']","['EMB_O', 'EMB_O', 'EMB_O', 'EMB_O', 'EMB_O', 'OPN_B', 'OPN_I', 'OPN_I', 'OPN_I', 'OPN_I', 'OPN_E', 'EMB_O', 'EMB_O', 'EMB_O', 'EMB_O', 'EMB_O', 'EMB_O', 'EMB_O', 'EMB_O', 'EMB_O', 'EMB_O', 'EMB_O', 'EMB_O', 'EMB_O', 'EMB_O', 'EMB_O', 'EMB_O', 'EMB_O', 'EMB_O', 'EMB_O', 'EMB_O', 'EMB_O', 'EMB_O', 'EMB_O', 'EMB_O', 'EMB_O', 'EMB_O', 'EMB_O', 'EMB_O', 'EMB_O', 'EMB_O', 'EMB_O', 'EMB_O', 'EMB_O', 'EMB_O', 'EMB_O', 'EMB_O', 'EMB_O', 'EMB_O', 'EMB_O', 'EMB_O', 'EMB_O', 'EMB_O', 'EMB_O', 'EMB_O', 'EMB_P', 'EMB_P', 'EMB_P', 'EMB_P', 'EMB_P', 'EMB_P', 'EMB_P', 'EMB_P', 'EMB_P', 'EMB_P', 'EMB_P', 'EMB_P', 'EMB_P', 'EMB_P', 'EMB_P', 'EMB_P', 'EMB_P', 'EMB_P', 'EMB_P', 'EMB_P', 'EMB_P', 'EMB_P', 'EMB_P', 'EMB_P', 'EMB_P', 'EMB_P', 'EMB_P', 'EMB_P', 'EMB_P', 'EMB_P', 'EMB_P', 'EMB_P', 'EMB_P', 'EMB_P', 'EMB_P', 'EMB_P', 'EMB_P', 'EMB_P', 'EMB_P', 'EMB_P', 'EMB_P', 'EMB_P', 'EMB_P', 'EMB_P', 'EMB_P', 'EMB_P', 'EMB_P', 'EMB_P', 'EMB_P', 'EMB_P', 'EMB_P', 'EMB_P', 'EMB_P', 'EMB_P', 'EMB_P', 'EMB_P', 'EMB_P', 'EMB_P', 'EMB_P', 'EMB_P', 'EMB_P', 'EMB_P', 'EMB_P', 'EMB_P', 'EMB_P', 'EMB_P', 'EMB_P', 'EMB_P', 'EMB_P', 'EMB_P', 'EMB_P', 'EMB_P', 'EMB_P']"
43,Моджо,приємним,25861:5_1034,"Якби не це, то могла б назвати Моджо приємним місцем щоб посидіти ввечері з друзями.",6.5,6.0,"['EMB_O', 'EMB_O', 'EMB_O', 'EMB_O', 'EMB_O', 'EMB_O', 'EMB_O', 'EMB_O', 'EMB_O', 'EMB_O', 'EMB_O', 'ASP_B', 'ASP_I', 'ASP_E', 'EMB_O', 'EMB_O', 'EMB_O', 'EMB_O', 'EMB_O', 'EMB_O', 'EMB_O', 'EMB_O', 'EMB_O', 'EMB_O', 'EMB_O', 'EMB_O', 'EMB_O', 'EMB_O', 'EMB_O', 'EMB_O', 'EMB_O', 'EMB_O', 'EMB_O', 'EMB_P', 'EMB_P', 'EMB_P', 'EMB_P', 'EMB_P', 'EMB_P', 'EMB_P', 'EMB_P', 'EMB_P', 'EMB_P', 'EMB_P', 'EMB_P', 'EMB_P', 'EMB_P', 'EMB_P', 'EMB_P', 'EMB_P', 'EMB_P', 'EMB_P', 'EMB_P', 'EMB_P', 'EMB_P', 'EMB_P', 'EMB_P', 'EMB_P', 'EMB_P', 'EMB_P', 'EMB_P', 'EMB_P', 'EMB_P', 'EMB_P', 'EMB_P', 'EMB_P', 'EMB_P', 'EMB_P', 'EMB_P', 'EMB_P', 'EMB_P', 'EMB_P', 'EMB_P', 'EMB_P', 'EMB_P', 'EMB_P', 'EMB_P', 'EMB_P', 'EMB_P', 'EMB_P', 'EMB_P', 'EMB_P', 'EMB_P', 'EMB_P', 'EMB_P', 'EMB_P', 'EMB_P', 'EMB_P', 'EMB_P', 'EMB_P', 'EMB_P', 'EMB_P', 'EMB_P', 'EMB_P', 'EMB_P', 'EMB_P', 'EMB_P', 'EMB_P', 'EMB_P', 'EMB_P', 'EMB_P', 'EMB_P', 'EMB_P', 'EMB_P', 'EMB_P', 'EMB_P', 'EMB_P', 'EMB_P', 'EMB_P', 'EMB_P', 'EMB_P', 'EMB_P', 'EMB_P', 'EMB_P', 'EMB_P', 'EMB_P', 'EMB_P', 'EMB_P', 'EMB_P', 'EMB_P', 'EMB_P', 'EMB_P', 'EMB_P', 'EMB_P', 'EMB_P', 'EMB_P', 'EMB_P', 'EMB_P']","['EMB_O', 'EMB_O', 'EMB_O', 'EMB_O', 'EMB_O', 'EMB_O', 'EMB_O', 'EMB_O', 'EMB_O', 'EMB_O', 'EMB_O', 'EMB_O', 'EMB_O', 'EMB_O', 'OPN_B', 'OPN_I', 'OPN_E', 'EMB_O', 'EMB_O', 'EMB_O', 'EMB_O', 'EMB_O', 'EMB_O', 'EMB_O', 'EMB_O', 'EMB_O', 'EMB_O', 'EMB_O', 'EMB_O', 'EMB_O', 'EMB_O', 'EMB_O', 'EMB_O', 'EMB_P', 'EMB_P', 'EMB_P', 'EMB_P', 'EMB_P', 'EMB_P', 'EMB_P', 'EMB_P', 'EMB_P', 'EMB_P', 'EMB_P', 'EMB_P', 'EMB_P', 'EMB_P', 'EMB_P', 'EMB_P', 'EMB_P', 'EMB_P', 'EMB_P', 'EMB_P', 'EMB_P', 'EMB_P', 'EMB_P', 'EMB_P', 'EMB_P', 'EMB_P', 'EMB_P', 'EMB_P', 'EMB_P', 'EMB_P', 'EMB_P', 'EMB_P', 'EMB_P', 'EMB_P', 'EMB_P', 'EMB_P', 'EMB_P', 'EMB_P', 'EMB_P', 'EMB_P', 'EMB_P', 'EMB_P', 'EMB_P', 'EMB_P', 'EMB_P', 'EMB_P', 'EMB_P', 'EMB_P', 'EMB_P', 'EMB_P', 'EMB_P', 'EMB_P', 'EMB_P', 'EMB_P', 'EMB_P', 'EMB_P', 'EMB_P', 'EMB_P', 'EMB_P', 'EMB_P', 'EMB_P', 'EMB_P', 'EMB_P', 'EMB_P', 'EMB_P', 'EMB_P', 'EMB_P', 'EMB_P', 'EMB_P', 'EMB_P', 'EMB_P', 'EMB_P', 'EMB_P', 'EMB_P', 'EMB_P', 'EMB_P', 'EMB_P', 'EMB_P', 'EMB_P', 'EMB_P', 'EMB_P', 'EMB_P', 'EMB_P', 'EMB_P', 'EMB_P', 'EMB_P', 'EMB_P', 'EMB_P', 'EMB_P', 'EMB_P', 'EMB_P', 'EMB_P', 'EMB_P', 'EMB_P', 'EMB_P']"
44,містечку,класному,25960:0_1035,Перші місяці після відкриття просто не могли натішитися такому класному містечку.,7.6,7.4,"['EMB_O', 'EMB_O', 'EMB_O', 'EMB_O', 'EMB_O', 'EMB_O', 'EMB_O', 'EMB_O', 'EMB_O', 'EMB_O', 'EMB_O', 'EMB_O', 'EMB_O', 'EMB_O', 'EMB_O', 'EMB_O', 'EMB_O', 'ASP_B', 'ASP_I', 'ASP_E', 'EMB_O', 'EMB_O', 'EMB_P', 'EMB_P', 'EMB_P', 'EMB_P', 'EMB_P', 'EMB_P', 'EMB_P', 'EMB_P', 'EMB_P', 'EMB_P', 'EMB_P', 'EMB_P', 'EMB_P', 'EMB_P', 'EMB_P', 'EMB_P', 'EMB_P', 'EMB_P', 'EMB_P', 'EMB_P', 'EMB_P', 'EMB_P', 'EMB_P', 'EMB_P', 'EMB_P', 'EMB_P', 'EMB_P', 'EMB_P', 'EMB_P', 'EMB_P', 'EMB_P', 'EMB_P', 'EMB_P', 'EMB_P', 'EMB_P', 'EMB_P', 'EMB_P', 'EMB_P', 'EMB_P', 'EMB_P', 'EMB_P', 'EMB_P', 'EMB_P', 'EMB_P', 'EMB_P', 'EMB_P', 'EMB_P', 'EMB_P', 'EMB_P', 'EMB_P', 'EMB_P', 'EMB_P', 'EMB_P', 'EMB_P', 'EMB_P', 'EMB_P', 'EMB_P', 'EMB_P', 'EMB_P', 'EMB_P', 'EMB_P', 'EMB_P', 'EMB_P', 'EMB_P', 'EMB_P', 'EMB_P', 'EMB_P', 'EMB_P', 'EMB_P', 'EMB_P', 'EMB_P', 'EMB_P', 'EMB_P', 'EMB_P', 'EMB_P', 'EMB_P', 'EMB_P', 'EMB_P', 'EMB_P', 'EMB_P', 'EMB_P', 'EMB_P', 'EMB_P', 'EMB_P', 'EMB_P', 'EMB_P', 'EMB_P', 'EMB_P', 'EMB_P', 'EMB_P', 'EMB_P', 'EMB_P', 'EMB_P', 'EMB_P', 'EMB_P', 'EMB_P', 'EMB_P', 'EMB_P', 'EMB_P', 'EMB_P', 'EMB_P', 'EMB_P', 'EMB_P', 'EMB_P', 'EMB_P', 'EMB_P']","['EMB_O', 'EMB_O', 'EMB_O', 'EMB_O', 'EMB_O', 'EMB_O', 'EMB_O', 'EMB_O', 'EMB_O', 'EMB_O', 'EMB_O', 'EMB_O', 'EMB_O', 'EMB_O', 'EMB_O', 'OPN_B', 'OPN_E', 'EMB_O', 'EMB_O', 'EMB_O', 'EMB_O', 'EMB_O', 'EMB_P', 'EMB_P', 'EMB_P', 'EMB_P', 'EMB_P', 'EMB_P', 'EMB_P', 'EMB_P', 'EMB_P', 'EMB_P', 'EMB_P', 'EMB_P', 'EMB_P', 'EMB_P', 'EMB_P', 'EMB_P', 'EMB_P', 'EMB_P', 'EMB_P', 'EMB_P', 'EMB_P', 'EMB_P', 'EMB_P', 'EMB_P', 'EMB_P', 'EMB_P', 'EMB_P', 'EMB_P', 'EMB_P', 'EMB_P', 'EMB_P', 'EMB_P', 'EMB_P', 'EMB_P', 'EMB_P', 'EMB_P', 'EMB_P', 'EMB_P', 'EMB_P', 'EMB_P', 'EMB_P', 'EMB_P', 'EMB_P', 'EMB_P', 'EMB_P', 'EMB_P', 'EMB_P', 'EMB_P', 'EMB_P', 'EMB_P', 'EMB_P', 'EMB_P', 'EMB_P', 'EMB_P', 'EMB_P', 'EMB_P', 'EMB_P', 'EMB_P', 'EMB_P', 'EMB_P', 'EMB_P', 'EMB_P', 'EMB_P', 'EMB_P', 'EMB_P', 'EMB_P', 'EMB_P', 'EMB_P', 'EMB_P', 'EMB_P', 'EMB_P', 'EMB_P', 'EMB_P', 'EMB_P', 'EMB_P', 'EMB_P', 'EMB_P', 'EMB_P', 'EMB_P', 'EMB_P', 'EMB_P', 'EMB_P', 'EMB_P', 'EMB_P', 'EMB_P', 'EMB_P', 'EMB_P', 'EMB_P', 'EMB_P', 'EMB_P', 'EMB_P', 'EMB_P', 'EMB_P', 'EMB_P', 'EMB_P', 'EMB_P', 'EMB_P', 'EMB_P', 'EMB_P', 'EMB_P', 'EMB_P', 'EMB_P', 'EMB_P', 'EMB_P', 'EMB_P', 'EMB_P']"
45,Обслуговування,відмінне,25960:2_1036,Обслуговування було відмінне і якість страв на висоті.,7.7,7.1,"['EMB_O', 'ASP_B', 'ASP_I', 'ASP_I', 'ASP_E', 'EMB_O', 'EMB_O', 'EMB_O', 'EMB_O', 'EMB_O', 'EMB_O', 'EMB_O', 'EMB_O', 'EMB_O', 'EMB_O', 'EMB_O', 'EMB_O', 'EMB_O', 'EMB_O', 'EMB_O', 'EMB_P', 'EMB_P', 'EMB_P', 'EMB_P', 'EMB_P', 'EMB_P', 'EMB_P', 'EMB_P', 'EMB_P', 'EMB_P', 'EMB_P', 'EMB_P', 'EMB_P', 'EMB_P', 'EMB_P', 'EMB_P', 'EMB_P', 'EMB_P', 'EMB_P', 'EMB_P', 'EMB_P', 'EMB_P', 'EMB_P', 'EMB_P', 'EMB_P', 'EMB_P', 'EMB_P', 'EMB_P', 'EMB_P', 'EMB_P', 'EMB_P', 'EMB_P', 'EMB_P', 'EMB_P', 'EMB_P', 'EMB_P', 'EMB_P', 'EMB_P', 'EMB_P', 'EMB_P', 'EMB_P', 'EMB_P', 'EMB_P', 'EMB_P', 'EMB_P', 'EMB_P', 'EMB_P', 'EMB_P', 'EMB_P', 'EMB_P', 'EMB_P', 'EMB_P', 'EMB_P', 'EMB_P', 'EMB_P', 'EMB_P', 'EMB_P', 'EMB_P', 'EMB_P', 'EMB_P', 'EMB_P', 'EMB_P', 'EMB_P', 'EMB_P', 'EMB_P', 'EMB_P', 'EMB_P', 'EMB_P', 'EMB_P', 'EMB_P', 'EMB_P', 'EMB_P', 'EMB_P', 'EMB_P', 'EMB_P', 'EMB_P', 'EMB_P', 'EMB_P', 'EMB_P', 'EMB_P', 'EMB_P', 'EMB_P', 'EMB_P', 'EMB_P', 'EMB_P', 'EMB_P', 'EMB_P', 'EMB_P', 'EMB_P', 'EMB_P', 'EMB_P', 'EMB_P', 'EMB_P', 'EMB_P', 'EMB_P', 'EMB_P', 'EMB_P', 'EMB_P', 'EMB_P', 'EMB_P', 'EMB_P', 'EMB_P', 'EMB_P', 'EMB_P', 'EMB_P', 'EMB_P', 'EMB_P', 'EMB_P']","['EMB_O', 'EMB_O', 'EMB_O', 'EMB_O', 'EMB_O', 'EMB_O', 'OPN_B', 'OPN_I', 'OPN_E', 'EMB_O', 'EMB_O', 'EMB_O', 'EMB_O', 'EMB_O', 'EMB_O', 'EMB_O', 'EMB_O', 'EMB_O', 'EMB_O', 'EMB_O', 'EMB_P', 'EMB_P', 'EMB_P', 'EMB_P', 'EMB_P', 'EMB_P', 'EMB_P', 'EMB_P', 'EMB_P', 'EMB_P', 'EMB_P', 'EMB_P', 'EMB_P', 'EMB_P', 'EMB_P', 'EMB_P', 'EMB_P', 'EMB_P', 'EMB_P', 'EMB_P', 'EMB_P', 'EMB_P', 'EMB_P', 'EMB_P', 'EMB_P', 'EMB_P', 'EMB_P', 'EMB_P', 'EMB_P', 'EMB_P', 'EMB_P', 'EMB_P', 'EMB_P', 'EMB_P', 'EMB_P', 'EMB_P', 'EMB_P', 'EMB_P', 'EMB_P', 'EMB_P', 'EMB_P', 'EMB_P', 'EMB_P', 'EMB_P', 'EMB_P', 'EMB_P', 'EMB_P', 'EMB_P', 'EMB_P', 'EMB_P', 'EMB_P', 'EMB_P', 'EMB_P', 'EMB_P', 'EMB_P', 'EMB_P', 'EMB_P', 'EMB_P', 'EMB_P', 'EMB_P', 'EMB_P', 'EMB_P', 'EMB_P', 'EMB_P', 'EMB_P', 'EMB_P', 'EMB_P', 'EMB_P', 'EMB_P', 'EMB_P', 'EMB_P', 'EMB_P', 'EMB_P', 'EMB_P', 'EMB_P', 'EMB_P', 'EMB_P', 'EMB_P', 'EMB_P', 'EMB_P', 'EMB_P', 'EMB_P', 'EMB_P', 'EMB_P', 'EMB_P', 'EMB_P', 'EMB_P', 'EMB_P', 'EMB_P', 'EMB_P', 'EMB_P', 'EMB_P', 'EMB_P', 'EMB_P', 'EMB_P', 'EMB_P', 'EMB_P', 'EMB_P', 'EMB_P', 'EMB_P', 'EMB_P', 'EMB_P', 'EMB_P', 'EMB_P', 'EMB_P', 'EMB_P', 'EMB_P', 'EMB_P']"
46,страв,на висоті,25960:2_1036,Обслуговування було відмінне і якість страв на висоті.,7.75,7.12,"['EMB_O', 'EMB_O', 'EMB_O', 'EMB_O', 'EMB_O', 'EMB_O', 'EMB_O', 'EMB_O', 'EMB_O', 'EMB_O', 'EMB_O', 'EMB_O', 'ASP_B', 'ASP_E', 'EMB_O', 'EMB_O', 'EMB_O', 'EMB_O', 'EMB_O', 'EMB_O', 'EMB_P', 'EMB_P', 'EMB_P', 'EMB_P', 'EMB_P', 'EMB_P', 'EMB_P', 'EMB_P', 'EMB_P', 'EMB_P', 'EMB_P', 'EMB_P', 'EMB_P', 'EMB_P', 'EMB_P', 'EMB_P', 'EMB_P', 'EMB_P', 'EMB_P', 'EMB_P', 'EMB_P', 'EMB_P', 'EMB_P', 'EMB_P', 'EMB_P', 'EMB_P', 'EMB_P', 'EMB_P', 'EMB_P', 'EMB_P', 'EMB_P', 'EMB_P', 'EMB_P', 'EMB_P', 'EMB_P', 'EMB_P', 'EMB_P', 'EMB_P', 'EMB_P', 'EMB_P', 'EMB_P', 'EMB_P', 'EMB_P', 'EMB_P', 'EMB_P', 'EMB_P', 'EMB_P', 'EMB_P', 'EMB_P', 'EMB_P', 'EMB_P', 'EMB_P', 'EMB_P', 'EMB_P', 'EMB_P', 'EMB_P', 'EMB_P', 'EMB_P', 'EMB_P', 'EMB_P', 'EMB_P', 'EMB_P', 'EMB_P', 'EMB_P', 'EMB_P', 'EMB_P', 'EMB_P', 'EMB_P', 'EMB_P', 'EMB_P', 'EMB_P', 'EMB_P', 'EMB_P', 'EMB_P', 'EMB_P', 'EMB_P', 'EMB_P', 'EMB_P', 'EMB_P', 'EMB_P', 'EMB_P', 'EMB_P', 'EMB_P', 'EMB_P', 'EMB_P', 'EMB_P', 'EMB_P', 'EMB_P', 'EMB_P', 'EMB_P', 'EMB_P', 'EMB_P', 'EMB_P', 'EMB_P', 'EMB_P', 'EMB_P', 'EMB_P', 'EMB_P', 'EMB_P', 'EMB_P', 'EMB_P', 'EMB_P', 'EMB_P', 'EMB_P', 'EMB_P', 'EMB_P', 'EMB_P', 'EMB_P']","['EMB_O', 'EMB_O', 'EMB_O', 'EMB_O', 'EMB_O', 'EMB_O', 'EMB_O', 'EMB_O', 'EMB_O', 'EMB_O', 'EMB_O', 'EMB_O', 'EMB_O', 'EMB_O', 'OPN_B', 'OPN_I', 'OPN_I', 'OPN_E', 'EMB_O', 'EMB_O', 'EMB_P', 'EMB_P', 'EMB_P', 'EMB_P', 'EMB_P', 'EMB_P', 'EMB_P', 'EMB_P', 'EMB_P', 'EMB_P', 'EMB_P', 'EMB_P', 'EMB_P', 'EMB_P', 'EMB_P', 'EMB_P', 'EMB_P', 'EMB_P', 'EMB_P', 'EMB_P', 'EMB_P', 'EMB_P', 'EMB_P', 'EMB_P', 'EMB_P', 'EMB_P', 'EMB_P', 'EMB_P', 'EMB_P', 'EMB_P', 'EMB_P', 'EMB_P', 'EMB_P', 'EMB_P', 'EMB_P', 'EMB_P', 'EMB_P', 'EMB_P', 'EMB_P', 'EMB_P', 'EMB_P', 'EMB_P', 'EMB_P', 'EMB_P', 'EMB_P', 'EMB_P', 'EMB_P', 'EMB_P', 'EMB_P', 'EMB_P', 'EMB_P', 'EMB_P', 'EMB_P', 'EMB_P', 'EMB_P', 'EMB_P', 'EMB_P', 'EMB_P', 'EMB_P', 'EMB_P', 'EMB_P', 'EMB_P', 'EMB_P', 'EMB_P', 'EMB_P', 'EMB_P', 'EMB_P', 'EMB_P', 'EMB_P', 'EMB_P', 'EMB_P', 'EMB_P', 'EMB_P', 'EMB_P', 'EMB_P', 'EMB_P', 'EMB_P', 'EMB_P', 'EMB_P', 'EMB_P', 'EMB_P', 'EMB_P', 'EMB_P', 'EMB_P', 'EMB_P', 'EMB_P', 'EMB_P', 'EMB_P', 'EMB_P', 'EMB_P', 'EMB_P', 'EMB_P', 'EMB_P', 'EMB_P', 'EMB_P', 'EMB_P', 'EMB_P', 'EMB_P', 'EMB_P', 'EMB_P', 'EMB_P', 'EMB_P', 'EMB_P', 'EMB_P', 'EMB_P', 'EMB_P', 'EMB_P', 'EMB_P']"
47,Сервіс,впав різко,25960:6_1037,Сервіс впав різко.,1.75,7.38,"['EMB_O', 'ASP_B', 'ASP_I', 'ASP_E', 'EMB_O', 'EMB_O', 'EMB_O', 'EMB_O', 'EMB_O', 'EMB_O', 'EMB_O', 'EMB_O', 'EMB_P', 'EMB_P', 'EMB_P', 'EMB_P', 'EMB_P', 'EMB_P', 'EMB_P', 'EMB_P', 'EMB_P', 'EMB_P', 'EMB_P', 'EMB_P', 'EMB_P', 'EMB_P', 'EMB_P', 'EMB_P', 'EMB_P', 'EMB_P', 'EMB_P', 'EMB_P', 'EMB_P', 'EMB_P', 'EMB_P', 'EMB_P', 'EMB_P', 'EMB_P', 'EMB_P', 'EMB_P', 'EMB_P', 'EMB_P', 'EMB_P', 'EMB_P', 'EMB_P', 'EMB_P', 'EMB_P', 'EMB_P', 'EMB_P', 'EMB_P', 'EMB_P', 'EMB_P', 'EMB_P', 'EMB_P', 'EMB_P', 'EMB_P', 'EMB_P', 'EMB_P', 'EMB_P', 'EMB_P', 'EMB_P', 'EMB_P', 'EMB_P', 'EMB_P', 'EMB_P', 'EMB_P', 'EMB_P', 'EMB_P', 'EMB_P', 'EMB_P', 'EMB_P', 'EMB_P', 'EMB_P', 'EMB_P', 'EMB_P', 'EMB_P', 'EMB_P', 'EMB_P', 'EMB_P', 'EMB_P', 'EMB_P', 'EMB_P', 'EMB_P', 'EMB_P', 'EMB_P', 'EMB_P', 'EMB_P', 'EMB_P', 'EMB_P', 'EMB_P', 'EMB_P', 'EMB_P', 'EMB_P', 'EMB_P', 'EMB_P', 'EMB_P', 'EMB_P', 'EMB_P', 'EMB_P', 'EMB_P', 'EMB_P', 'EMB_P', 'EMB_P', 'EMB_P', 'EMB_P', 'EMB_P', 'EMB_P', 'EMB_P', 'EMB_P', 'EMB_P', 'EMB_P', 'EMB_P', 'EMB_P', 'EMB_P', 'EMB_P', 'EMB_P', 'EMB_P', 'EMB_P', 'EMB_P', 'EMB_P', 'EMB_P', 'EMB_P', 'EMB_P', 'EMB_P', 'EMB_P', 'EMB_P', 'EMB_P', 'EMB_P']","['EMB_O', 'EMB_O', 'EMB_O', 'EMB_O', 'OPN_B', 'OPN_I', 'OPN_I', 'OPN_I', 'OPN_I', 'OPN_E', 'EMB_O', 'EMB_O', 'EMB_P', 'EMB_P', 'EMB_P', 'EMB_P', 'EMB_P', 'EMB_P', 'EMB_P', 'EMB_P', 'EMB_P', 'EMB_P', 'EMB_P', 'EMB_P', 'EMB_P', 'EMB_P', 'EMB_P', 'EMB_P', 'EMB_P', 'EMB_P', 'EMB_P', 'EMB_P', 'EMB_P', 'EMB_P', 'EMB_P', 'EMB_P', 'EMB_P', 'EMB_P', 'EMB_P', 'EMB_P', 'EMB_P', 'EMB_P', 'EMB_P', 'EMB_P', 'EMB_P', 'EMB_P', 'EMB_P', 'EMB_P', 'EMB_P', 'EMB_P', 'EMB_P', 'EMB_P', 'EMB_P', 'EMB_P', 'EMB_P', 'EMB_P', 'EMB_P', 'EMB_P', 'EMB_P', 'EMB_P', 'EMB_P', 'EMB_P', 'EMB_P', 'EMB_P', 'EMB_P', 'EMB_P', 'EMB_P', 'EMB_P', 'EMB_P', 'EMB_P', 'EMB_P', 'EMB_P', 'EMB_P', 'EMB_P', 'EMB_P', 'EMB_P', 'EMB_P', 'EMB_P', 'EMB_P', 'EMB_P', 'EMB_P', 'EMB_P', 'EMB_P', 'EMB_P', 'EMB_P', 'EMB_P', 'EMB_P', 'EMB_P', 'EMB_P', 'EMB_P', 'EMB_P', 'EMB_P', 'EMB_P', 'EMB_P', 'EMB_P', 'EMB_P', 'EMB_P', 'EMB_P', 'EMB_P', 'EMB_P', 'EMB_P', 'EMB_P', 'EMB_P', 'EMB_P', 'EMB_P', 'EMB_P', 'EMB_P', 'EMB_P', 'EMB_P', 'EMB_P', 'EMB_P', 'EMB_P', 'EMB_P', 'EMB_P', 'EMB_P', 'EMB_P', 'EMB_P', 'EMB_P', 'EMB_P', 'EMB_P', 'EMB_P', 'EMB_P', 'EMB_P', 'EMB_P', 'EMB_P', 'EMB_P', 'EMB_P', 'EMB_P']"
48,меню,Дуже часто не буває,25960:8_1038,"Дуже часто не буває того, що є в меню (хоча раніше такого не було) та й якість їжі зіпсувалося на мій погляд.",2.4,7.0,"['EMB_O', 'EMB_O', 'EMB_O', 'EMB_O', 'EMB_O', 'EMB_O', 'EMB_O', 'EMB_O', 'EMB_O', 'EMB_O', 'EMB_O', 'EMB_O', 'EMB_O', 'ASP_B', 'ASP_E', 'EMB_O', 'EMB_O', 'EMB_O', 'EMB_O', 'EMB_O', 'EMB_O', 'EMB_O', 'EMB_O', 'EMB_O', 'EMB_O', 'EMB_O', 'EMB_O', 'EMB_O', 'EMB_O', 'EMB_O', 'EMB_O', 'EMB_O', 'EMB_O', 'EMB_O', 'EMB_O', 'EMB_O', 'EMB_O', 'EMB_O', 'EMB_O', 'EMB_P', 'EMB_P', 'EMB_P', 'EMB_P', 'EMB_P', 'EMB_P', 'EMB_P', 'EMB_P', 'EMB_P', 'EMB_P', 'EMB_P', 'EMB_P', 'EMB_P', 'EMB_P', 'EMB_P', 'EMB_P', 'EMB_P', 'EMB_P', 'EMB_P', 'EMB_P', 'EMB_P', 'EMB_P', 'EMB_P', 'EMB_P', 'EMB_P', 'EMB_P', 'EMB_P', 'EMB_P', 'EMB_P', 'EMB_P', 'EMB_P', 'EMB_P', 'EMB_P', 'EMB_P', 'EMB_P', 'EMB_P', 'EMB_P', 'EMB_P', 'EMB_P', 'EMB_P', 'EMB_P', 'EMB_P', 'EMB_P', 'EMB_P', 'EMB_P', 'EMB_P', 'EMB_P', 'EMB_P', 'EMB_P', 'EMB_P', 'EMB_P', 'EMB_P', 'EMB_P', 'EMB_P', 'EMB_P', 'EMB_P', 'EMB_P', 'EMB_P', 'EMB_P', 'EMB_P', 'EMB_P', 'EMB_P', 'EMB_P', 'EMB_P', 'EMB_P', 'EMB_P', 'EMB_P', 'EMB_P', 'EMB_P', 'EMB_P', 'EMB_P', 'EMB_P', 'EMB_P', 'EMB_P', 'EMB_P', 'EMB_P', 'EMB_P', 'EMB_P', 'EMB_P', 'EMB_P', 'EMB_P', 'EMB_P', 'EMB_P', 'EMB_P', 'EMB_P', 'EMB_P', 'EMB_P', 'EMB_P', 'EMB_P']","['EMB_O', 'OPN_B', 'OPN_I', 'OPN_I', 'OPN_I', 'OPN_I', 'OPN_I', 'OPN_E', 'EMB_O', 'EMB_O', 'EMB_O', 'EMB_O', 'EMB_O', 'EMB_O', 'EMB_O', 'EMB_O', 'EMB_O', 'EMB_O', 'EMB_O', 'EMB_O', 'EMB_O', 'EMB_O', 'EMB_O', 'EMB_O', 'EMB_O', 'EMB_O', 'EMB_O', 'EMB_O', 'EMB_O', 'EMB_O', 'EMB_O', 'EMB_O', 'EMB_O', 'EMB_O', 'EMB_O', 'EMB_O', 'EMB_O', 'EMB_O', 'EMB_O', 'EMB_P', 'EMB_P', 'EMB_P', 'EMB_P', 'EMB_P', 'EMB_P', 'EMB_P', 'EMB_P', 'EMB_P', 'EMB_P', 'EMB_P', 'EMB_P', 'EMB_P', 'EMB_P', 'EMB_P', 'EMB_P', 'EMB_P', 'EMB_P', 'EMB_P', 'EMB_P', 'EMB_P', 'EMB_P', 'EMB_P', 'EMB_P', 'EMB_P', 'EMB_P', 'EMB_P', 'EMB_P', 'EMB_P', 'EMB_P', 'EMB_P', 'EMB_P', 'EMB_P', 'EMB_P', 'EMB_P', 'EMB_P', 'EMB_P', 'EMB_P', 'EMB_P', 'EMB_P', 'EMB_P', 'EMB_P', 'EMB_P', 'EMB_P', 'EMB_P', 'EMB_P', 'EMB_P', 'EMB_P', 'EMB_P', 'EMB_P', 'EMB_P', 'EMB_P', 'EMB_P', 'EMB_P', 'EMB_P', 'EMB_P', 'EMB_P', 'EMB_P', 'EMB_P', 'EMB_P', 'EMB_P', 'EMB_P', 'EMB_P', 'EMB_P', 'EMB_P', 'EMB_P', 'EMB_P', 'EMB_P', 'EMB_P', 'EMB_P', 'EMB_P', 'EMB_P', 'EMB_P', 'EMB_P', 'EMB_P', 'EMB_P', 'EMB_P', 'EMB_P', 'EMB_P', 'EMB_P', 'EMB_P', 'EMB_P', 'EMB_P', 'EMB_P', 'EMB_P', 'EMB_P', 'EMB_P', 'EMB_P', 'EMB_P']"
49,якість їжі,зіпсувалося,25960:8_1038,"Дуже часто не буває того, що є в меню (хоча раніше такого не було) та й якість їжі зіпсувалося на мій погляд.",2.62,6.75,"['EMB_O', 'EMB_O', 'EMB_O', 'EMB_O', 'EMB_O', 'EMB_O', 'EMB_O', 'EMB_O', 'EMB_O', 'EMB_O', 'EMB_O', 'EMB_O', 'EMB_O', 'EMB_O', 'EMB_O', 'EMB_O', 'EMB_O', 'EMB_O', 'EMB_O', 'EMB_O', 'EMB_O', 'EMB_O', 'EMB_O', 'EMB_O', 'ASP_B', 'ASP_I', 'ASP_I', 'ASP_E', 'EMB_O', 'EMB_O', 'EMB_O', 'EMB_O', 'EMB_O', 'EMB_O', 'EMB_O', 'EMB_O', 'EMB_O', 'EMB_O', 'EMB_O', 'EMB_P', 'EMB_P', 'EMB_P', 'EMB_P', 'EMB_P', 'EMB_P', 'EMB_P', 'EMB_P', 'EMB_P', 'EMB_P', 'EMB_P', 'EMB_P', 'EMB_P', 'EMB_P', 'EMB_P', 'EMB_P', 'EMB_P', 'EMB_P', 'EMB_P', 'EMB_P', 'EMB_P', 'EMB_P', 'EMB_P', 'EMB_P', 'EMB_P', 'EMB_P', 'EMB_P', 'EMB_P', 'EMB_P', 'EMB_P', 'EMB_P', 'EMB_P', 'EMB_P', 'EMB_P', 'EMB_P', 'EMB_P', 'EMB_P', 'EMB_P', 'EMB_P', 'EMB_P', 'EMB_P', 'EMB_P', 'EMB_P', 'EMB_P', 'EMB_P', 'EMB_P', 'EMB_P', 'EMB_P', 'EMB_P', 'EMB_P', 'EMB_P', 'EMB_P', 'EMB_P', 'EMB_P', 'EMB_P', 'EMB_P', 'EMB_P', 'EMB_P', 'EMB_P', 'EMB_P', 'EMB_P', 'EMB_P', 'EMB_P', 'EMB_P', 'EMB_P', 'EMB_P', 'EMB_P', 'EMB_P', 'EMB_P', 'EMB_P', 'EMB_P', 'EMB_P', 'EMB_P', 'EMB_P', 'EMB_P', 'EMB_P', 'EMB_P', 'EMB_P', 'EMB_P', 'EMB_P', 'EMB_P', 'EMB_P', 'EMB_P', 'EMB_P', 'EMB_P', 'EMB_P', 'EMB_P', 'EMB_P', 'EMB_P']","['EMB_O', 'EMB_O', 'EMB_O', 'EMB_O', 'EMB_O', 'EMB_O', 'EMB_O', 'EMB_O', 'EMB_O', 'EMB_O', 'EMB_O', 'EMB_O', 'EMB_O', 'EMB_O', 'EMB_O', 'EMB_O', 'EMB_O', 'EMB_O', 'EMB_O', 'EMB_O', 'EMB_O', 'EMB_O', 'EMB_O', 'EMB_O', 'EMB_O', 'EMB_O', 'EMB_O', 'EMB_O', 'OPN_B', 'OPN_I', 'OPN_I', 'OPN_E', 'EMB_O', 'EMB_O', 'EMB_O', 'EMB_O', 'EMB_O', 'EMB_O', 'EMB_O', 'EMB_P', 'EMB_P', 'EMB_P', 'EMB_P', 'EMB_P', 'EMB_P', 'EMB_P', 'EMB_P', 'EMB_P', 'EMB_P', 'EMB_P', 'EMB_P', 'EMB_P', 'EMB_P', 'EMB_P', 'EMB_P', 'EMB_P', 'EMB_P', 'EMB_P', 'EMB_P', 'EMB_P', 'EMB_P', 'EMB_P', 'EMB_P', 'EMB_P', 'EMB_P', 'EMB_P', 'EMB_P', 'EMB_P', 'EMB_P', 'EMB_P', 'EMB_P', 'EMB_P', 'EMB_P', 'EMB_P', 'EMB_P', 'EMB_P', 'EMB_P', 'EMB_P', 'EMB_P', 'EMB_P', 'EMB_P', 'EMB_P', 'EMB_P', 'EMB_P', 'EMB_P', 'EMB_P', 'EMB_P', 'EMB_P', 'EMB_P', 'EMB_P', 'EMB_P', 'EMB_P', 'EMB_P', 'EMB_P', 'EMB_P', 'EMB_P', 'EMB_P', 'EMB_P', 'EMB_P', 'EMB_P', 'EMB_P', 'EMB_P', 'EMB_P', 'EMB_P', 'EMB_P', 'EMB_P', 'EMB_P', 'EMB_P', 'EMB_P', 'EMB_P', 'EMB_P', 'EMB_P', 'EMB_P', 'EMB_P', 'EMB_P', 'EMB_P', 'EMB_P', 'EMB_P', 'EMB_P', 'EMB_P', 'EMB_P', 'EMB_P', 'EMB_P', 'EMB_P', 'EMB_P', 'EMB_P', 'EMB_P', 'EMB_P']"
50,місце,Взагалi більше не радує,25960:10_1039,Взагалi більше не радує це місце.,2.1,6.9,"['EMB_O', 'EMB_O', 'EMB_O', 'EMB_O', 'EMB_O', 'EMB_O', 'EMB_O', 'EMB_O', 'EMB_O', 'EMB_O', 'ASP_S', 'EMB_O', 'EMB_O', 'EMB_P', 'EMB_P', 'EMB_P', 'EMB_P', 'EMB_P', 'EMB_P', 'EMB_P', 'EMB_P', 'EMB_P', 'EMB_P', 'EMB_P', 'EMB_P', 'EMB_P', 'EMB_P', 'EMB_P', 'EMB_P', 'EMB_P', 'EMB_P', 'EMB_P', 'EMB_P', 'EMB_P', 'EMB_P', 'EMB_P', 'EMB_P', 'EMB_P', 'EMB_P', 'EMB_P', 'EMB_P', 'EMB_P', 'EMB_P', 'EMB_P', 'EMB_P', 'EMB_P', 'EMB_P', 'EMB_P', 'EMB_P', 'EMB_P', 'EMB_P', 'EMB_P', 'EMB_P', 'EMB_P', 'EMB_P', 'EMB_P', 'EMB_P', 'EMB_P', 'EMB_P', 'EMB_P', 'EMB_P', 'EMB_P', 'EMB_P', 'EMB_P', 'EMB_P', 'EMB_P', 'EMB_P', 'EMB_P', 'EMB_P', 'EMB_P', 'EMB_P', 'EMB_P', 'EMB_P', 'EMB_P', 'EMB_P', 'EMB_P', 'EMB_P', 'EMB_P', 'EMB_P', 'EMB_P', 'EMB_P', 'EMB_P', 'EMB_P', 'EMB_P', 'EMB_P', 'EMB_P', 'EMB_P', 'EMB_P', 'EMB_P', 'EMB_P', 'EMB_P', 'EMB_P', 'EMB_P', 'EMB_P', 'EMB_P', 'EMB_P', 'EMB_P', 'EMB_P', 'EMB_P', 'EMB_P', 'EMB_P', 'EMB_P', 'EMB_P', 'EMB_P', 'EMB_P', 'EMB_P', 'EMB_P', 'EMB_P', 'EMB_P', 'EMB_P', 'EMB_P', 'EMB_P', 'EMB_P', 'EMB_P', 'EMB_P', 'EMB_P', 'EMB_P', 'EMB_P', 'EMB_P', 'EMB_P', 'EMB_P', 'EMB_P', 'EMB_P', 'EMB_P', 'EMB_P', 'EMB_P', 'EMB_P', 'EMB_P']","['EMB_O', 'OPN_B', 'OPN_I', 'OPN_I', 'OPN_I', 'OPN_I', 'OPN_I', 'OPN_I', 'OPN_E', 'EMB_O', 'EMB_O', 'EMB_O', 'EMB_O', 'EMB_P', 'EMB_P', 'EMB_P', 'EMB_P', 'EMB_P', 'EMB_P', 'EMB_P', 'EMB_P', 'EMB_P', 'EMB_P', 'EMB_P', 'EMB_P', 'EMB_P', 'EMB_P', 'EMB_P', 'EMB_P', 'EMB_P', 'EMB_P', 'EMB_P', 'EMB_P', 'EMB_P', 'EMB_P', 'EMB_P', 'EMB_P', 'EMB_P', 'EMB_P', 'EMB_P', 'EMB_P', 'EMB_P', 'EMB_P', 'EMB_P', 'EMB_P', 'EMB_P', 'EMB_P', 'EMB_P', 'EMB_P', 'EMB_P', 'EMB_P', 'EMB_P', 'EMB_P', 'EMB_P', 'EMB_P', 'EMB_P', 'EMB_P', 'EMB_P', 'EMB_P', 'EMB_P', 'EMB_P', 'EMB_P', 'EMB_P', 'EMB_P', 'EMB_P', 'EMB_P', 'EMB_P', 'EMB_P', 'EMB_P', 'EMB_P', 'EMB_P', 'EMB_P', 'EMB_P', 'EMB_P', 'EMB_P', 'EMB_P', 'EMB_P', 'EMB_P', 'EMB_P', 'EMB_P', 'EMB_P', 'EMB_P', 'EMB_P', 'EMB_P', 'EMB_P', 'EMB_P', 'EMB_P', 'EMB_P', 'EMB_P', 'EMB_P', 'EMB_P', 'EMB_P', 'EMB_P', 'EMB_P', 'EMB_P', 'EMB_P', 'EMB_P', 'EMB_P', 'EMB_P', 'EMB_P', 'EMB_P', 'EMB_P', 'EMB_P', 'EMB_P', 'EMB_P', 'EMB_P', 'EMB_P', 'EMB_P', 'EMB_P', 'EMB_P', 'EMB_P', 'EMB_P', 'EMB_P', 'EMB_P', 'EMB_P', 'EMB_P', 'EMB_P', 'EMB_P', 'EMB_P', 'EMB_P', 'EMB_P', 'EMB_P', 'EMB_P', 'EMB_P', 'EMB_P', 'EMB_P', 'EMB_P', 'EMB_P']"
51,Заклад,затишний,26022:1_1040,"Заклад дуже приємний, маленький затишний-але це скоріше кафе, ніж ресторан.",6.83,6.33,"['EMB_O', 'ASP_B', 'ASP_E', 'EMB_O', 'EMB_O', 'EMB_O', 'EMB_O', 'EMB_O', 'EMB_O', 'EMB_O', 'EMB_O', 'EMB_O', 'EMB_O', 'EMB_O', 'EMB_O', 'EMB_O', 'EMB_O', 'EMB_O', 'EMB_O', 'EMB_O', 'EMB_O', 'EMB_O', 'EMB_O', 'EMB_O', 'EMB_O', 'EMB_O', 'EMB_O', 'EMB_O', 'EMB_O', 'EMB_P', 'EMB_P', 'EMB_P', 'EMB_P', 'EMB_P', 'EMB_P', 'EMB_P', 'EMB_P', 'EMB_P', 'EMB_P', 'EMB_P', 'EMB_P', 'EMB_P', 'EMB_P', 'EMB_P', 'EMB_P', 'EMB_P', 'EMB_P', 'EMB_P', 'EMB_P', 'EMB_P', 'EMB_P', 'EMB_P', 'EMB_P', 'EMB_P', 'EMB_P', 'EMB_P', 'EMB_P', 'EMB_P', 'EMB_P', 'EMB_P', 'EMB_P', 'EMB_P', 'EMB_P', 'EMB_P', 'EMB_P', 'EMB_P', 'EMB_P', 'EMB_P', 'EMB_P', 'EMB_P', 'EMB_P', 'EMB_P', 'EMB_P', 'EMB_P', 'EMB_P', 'EMB_P', 'EMB_P', 'EMB_P', 'EMB_P', 'EMB_P', 'EMB_P', 'EMB_P', 'EMB_P', 'EMB_P', 'EMB_P', 'EMB_P', 'EMB_P', 'EMB_P', 'EMB_P', 'EMB_P', 'EMB_P', 'EMB_P', 'EMB_P', 'EMB_P', 'EMB_P', 'EMB_P', 'EMB_P', 'EMB_P', 'EMB_P', 'EMB_P', 'EMB_P', 'EMB_P', 'EMB_P', 'EMB_P', 'EMB_P', 'EMB_P', 'EMB_P', 'EMB_P', 'EMB_P', 'EMB_P', 'EMB_P', 'EMB_P', 'EMB_P', 'EMB_P', 'EMB_P', 'EMB_P', 'EMB_P', 'EMB_P', 'EMB_P', 'EMB_P', 'EMB_P', 'EMB_P', 'EMB_P', 'EMB_P', 'EMB_P', 'EMB_P', 'EMB_P', 'EMB_P']","['EMB_O', 'EMB_O', 'EMB_O', 'EMB_O', 'EMB_O', 'EMB_O', 'EMB_O', 'EMB_O', 'EMB_O', 'EMB_O', 'EMB_O', 'OPN_B', 'OPN_I', 'OPN_E', 'EMB_O', 'EMB_O', 'EMB_O', 'EMB_O', 'EMB_O', 'EMB_O', 'EMB_O', 'EMB_O', 'EMB_O', 'EMB_O', 'EMB_O', 'EMB_O', 'EMB_O', 'EMB_O', 'EMB_O', 'EMB_P', 'EMB_P', 'EMB_P', 'EMB_P', 'EMB_P', 'EMB_P', 'EMB_P', 'EMB_P', 'EMB_P', 'EMB_P', 'EMB_P', 'EMB_P', 'EMB_P', 'EMB_P', 'EMB_P', 'EMB_P', 'EMB_P', 'EMB_P', 'EMB_P', 'EMB_P', 'EMB_P', 'EMB_P', 'EMB_P', 'EMB_P', 'EMB_P', 'EMB_P', 'EMB_P', 'EMB_P', 'EMB_P', 'EMB_P', 'EMB_P', 'EMB_P', 'EMB_P', 'EMB_P', 'EMB_P', 'EMB_P', 'EMB_P', 'EMB_P', 'EMB_P', 'EMB_P', 'EMB_P', 'EMB_P', 'EMB_P', 'EMB_P', 'EMB_P', 'EMB_P', 'EMB_P', 'EMB_P', 'EMB_P', 'EMB_P', 'EMB_P', 'EMB_P', 'EMB_P', 'EMB_P', 'EMB_P', 'EMB_P', 'EMB_P', 'EMB_P', 'EMB_P', 'EMB_P', 'EMB_P', 'EMB_P', 'EMB_P', 'EMB_P', 'EMB_P', 'EMB_P', 'EMB_P', 'EMB_P', 'EMB_P', 'EMB_P', 'EMB_P', 'EMB_P', 'EMB_P', 'EMB_P', 'EMB_P', 'EMB_P', 'EMB_P', 'EMB_P', 'EMB_P', 'EMB_P', 'EMB_P', 'EMB_P', 'EMB_P', 'EMB_P', 'EMB_P', 'EMB_P', 'EMB_P', 'EMB_P', 'EMB_P', 'EMB_P', 'EMB_P', 'EMB_P', 'EMB_P', 'EMB_P', 'EMB_P', 'EMB_P', 'EMB_P', 'EMB_P', 'EMB_P']"
52,гардеробнику-офіціанту-бармену,Велике спасибі,26022:3_1041,"Велике спасибі гардеробнику-офіціанту-бармену в одній особі, симпатичному і доброзичливому афроамериканцю ))",8.17,7.83,"['EMB_O', 'EMB_O', 'EMB_O', 'EMB_O', 'EMB_O', 'EMB_O', 'EMB_O', 'ASP_B', 'ASP_I', 'ASP_I', 'ASP_I', 'ASP_I', 'ASP_I', 'ASP_I', 'ASP_I', 'ASP_I', 'ASP_I', 'ASP_I', 'ASP_I', 'ASP_I', 'ASP_E', 'EMB_O', 'EMB_O', 'EMB_O', 'EMB_O', 'EMB_O', 'EMB_O', 'EMB_O', 'EMB_O', 'EMB_O', 'EMB_O', 'EMB_O', 'EMB_O', 'EMB_O', 'EMB_O', 'EMB_O', 'EMB_O', 'EMB_O', 'EMB_O', 'EMB_O', 'EMB_O', 'EMB_O', 'EMB_O', 'EMB_O', 'EMB_O', 'EMB_O', 'EMB_O', 'EMB_O', 'EMB_O', 'EMB_P', 'EMB_P', 'EMB_P', 'EMB_P', 'EMB_P', 'EMB_P', 'EMB_P', 'EMB_P', 'EMB_P', 'EMB_P', 'EMB_P', 'EMB_P', 'EMB_P', 'EMB_P', 'EMB_P', 'EMB_P', 'EMB_P', 'EMB_P', 'EMB_P', 'EMB_P', 'EMB_P', 'EMB_P', 'EMB_P', 'EMB_P', 'EMB_P', 'EMB_P', 'EMB_P', 'EMB_P', 'EMB_P', 'EMB_P', 'EMB_P', 'EMB_P', 'EMB_P', 'EMB_P', 'EMB_P', 'EMB_P', 'EMB_P', 'EMB_P', 'EMB_P', 'EMB_P', 'EMB_P', 'EMB_P', 'EMB_P', 'EMB_P', 'EMB_P', 'EMB_P', 'EMB_P', 'EMB_P', 'EMB_P', 'EMB_P', 'EMB_P', 'EMB_P', 'EMB_P', 'EMB_P', 'EMB_P', 'EMB_P', 'EMB_P', 'EMB_P', 'EMB_P', 'EMB_P', 'EMB_P', 'EMB_P', 'EMB_P', 'EMB_P', 'EMB_P', 'EMB_P', 'EMB_P', 'EMB_P', 'EMB_P', 'EMB_P', 'EMB_P', 'EMB_P', 'EMB_P', 'EMB_P', 'EMB_P', 'EMB_P', 'EMB_P', 'EMB_P', 'EMB_P']","['EMB_O', 'OPN_B', 'OPN_I', 'OPN_I', 'OPN_I', 'OPN_I', 'OPN_E', 'EMB_O', 'EMB_O', 'EMB_O', 'EMB_O', 'EMB_O', 'EMB_O', 'EMB_O', 'EMB_O', 'EMB_O', 'EMB_O', 'EMB_O', 'EMB_O', 'EMB_O', 'EMB_O', 'EMB_O', 'EMB_O', 'EMB_O', 'EMB_O', 'EMB_O', 'EMB_O', 'EMB_O', 'EMB_O', 'EMB_O', 'EMB_O', 'EMB_O', 'EMB_O', 'EMB_O', 'EMB_O', 'EMB_O', 'EMB_O', 'EMB_O', 'EMB_O', 'EMB_O', 'EMB_O', 'EMB_O', 'EMB_O', 'EMB_O', 'EMB_O', 'EMB_O', 'EMB_O', 'EMB_O', 'EMB_O', 'EMB_P', 'EMB_P', 'EMB_P', 'EMB_P', 'EMB_P', 'EMB_P', 'EMB_P', 'EMB_P', 'EMB_P', 'EMB_P', 'EMB_P', 'EMB_P', 'EMB_P', 'EMB_P', 'EMB_P', 'EMB_P', 'EMB_P', 'EMB_P', 'EMB_P', 'EMB_P', 'EMB_P', 'EMB_P', 'EMB_P', 'EMB_P', 'EMB_P', 'EMB_P', 'EMB_P', 'EMB_P', 'EMB_P', 'EMB_P', 'EMB_P', 'EMB_P', 'EMB_P', 'EMB_P', 'EMB_P', 'EMB_P', 'EMB_P', 'EMB_P', 'EMB_P', 'EMB_P', 'EMB_P', 'EMB_P', 'EMB_P', 'EMB_P', 'EMB_P', 'EMB_P', 'EMB_P', 'EMB_P', 'EMB_P', 'EMB_P', 'EMB_P', 'EMB_P', 'EMB_P', 'EMB_P', 'EMB_P', 'EMB_P', 'EMB_P', 'EMB_P', 'EMB_P', 'EMB_P', 'EMB_P', 'EMB_P', 'EMB_P', 'EMB_P', 'EMB_P', 'EMB_P', 'EMB_P', 'EMB_P', 'EMB_P', 'EMB_P', 'EMB_P', 'EMB_P', 'EMB_P', 'EMB_P', 'EMB_P', 'EMB_P', 'EMB_P', 'EMB_P', 'EMB_P']"
53,афроамериканцю,симпатичному,26022:3_1041,"Велике спасибі гардеробнику-офіціанту-бармену в одній особі, симпатичному і доброзичливому афроамериканцю ))",6.8,6.2,"['EMB_O', 'EMB_O', 'EMB_O', 'EMB_O', 'EMB_O', 'EMB_O', 'EMB_O', 'EMB_O', 'EMB_O', 'EMB_O', 'EMB_O', 'EMB_O', 'EMB_O', 'EMB_O', 'EMB_O', 'EMB_O', 'EMB_O', 'EMB_O', 'EMB_O', 'EMB_O', 'EMB_O', 'EMB_O', 'EMB_O', 'EMB_O', 'EMB_O', 'EMB_O', 'EMB_O', 'EMB_O', 'EMB_O', 'EMB_O', 'EMB_O', 'EMB_O', 'EMB_O', 'EMB_O', 'EMB_O', 'EMB_O', 'EMB_O', 'EMB_O', 'EMB_O', 'ASP_B', 'ASP_I', 'ASP_I', 'ASP_I', 'ASP_I', 'ASP_I', 'ASP_E', 'EMB_O', 'EMB_O', 'EMB_O', 'EMB_P', 'EMB_P', 'EMB_P', 'EMB_P', 'EMB_P', 'EMB_P', 'EMB_P', 'EMB_P', 'EMB_P', 'EMB_P', 'EMB_P', 'EMB_P', 'EMB_P', 'EMB_P', 'EMB_P', 'EMB_P', 'EMB_P', 'EMB_P', 'EMB_P', 'EMB_P', 'EMB_P', 'EMB_P', 'EMB_P', 'EMB_P', 'EMB_P', 'EMB_P', 'EMB_P', 'EMB_P', 'EMB_P', 'EMB_P', 'EMB_P', 'EMB_P', 'EMB_P', 'EMB_P', 'EMB_P', 'EMB_P', 'EMB_P', 'EMB_P', 'EMB_P', 'EMB_P', 'EMB_P', 'EMB_P', 'EMB_P', 'EMB_P', 'EMB_P', 'EMB_P', 'EMB_P', 'EMB_P', 'EMB_P', 'EMB_P', 'EMB_P', 'EMB_P', 'EMB_P', 'EMB_P', 'EMB_P', 'EMB_P', 'EMB_P', 'EMB_P', 'EMB_P', 'EMB_P', 'EMB_P', 'EMB_P', 'EMB_P', 'EMB_P', 'EMB_P', 'EMB_P', 'EMB_P', 'EMB_P', 'EMB_P', 'EMB_P', 'EMB_P', 'EMB_P', 'EMB_P', 'EMB_P', 'EMB_P', 'EMB_P', 'EMB_P', 'EMB_P', 'EMB_P']","['EMB_O', 'EMB_O', 'EMB_O', 'EMB_O', 'EMB_O', 'EMB_O', 'EMB_O', 'EMB_O', 'EMB_O', 'EMB_O', 'EMB_O', 'EMB_O', 'EMB_O', 'EMB_O', 'EMB_O', 'EMB_O', 'EMB_O', 'EMB_O', 'EMB_O', 'EMB_O', 'EMB_O', 'EMB_O', 'EMB_O', 'EMB_O', 'EMB_O', 'EMB_O', 'EMB_O', 'EMB_O', 'OPN_B', 'OPN_I', 'OPN_I', 'OPN_I', 'OPN_E', 'EMB_O', 'EMB_O', 'EMB_O', 'EMB_O', 'EMB_O', 'EMB_O', 'EMB_O', 'EMB_O', 'EMB_O', 'EMB_O', 'EMB_O', 'EMB_O', 'EMB_O', 'EMB_O', 'EMB_O', 'EMB_O', 'EMB_P', 'EMB_P', 'EMB_P', 'EMB_P', 'EMB_P', 'EMB_P', 'EMB_P', 'EMB_P', 'EMB_P', 'EMB_P', 'EMB_P', 'EMB_P', 'EMB_P', 'EMB_P', 'EMB_P', 'EMB_P', 'EMB_P', 'EMB_P', 'EMB_P', 'EMB_P', 'EMB_P', 'EMB_P', 'EMB_P', 'EMB_P', 'EMB_P', 'EMB_P', 'EMB_P', 'EMB_P', 'EMB_P', 'EMB_P', 'EMB_P', 'EMB_P', 'EMB_P', 'EMB_P', 'EMB_P', 'EMB_P', 'EMB_P', 'EMB_P', 'EMB_P', 'EMB_P', 'EMB_P', 'EMB_P', 'EMB_P', 'EMB_P', 'EMB_P', 'EMB_P', 'EMB_P', 'EMB_P', 'EMB_P', 'EMB_P', 'EMB_P', 'EMB_P', 'EMB_P', 'EMB_P', 'EMB_P', 'EMB_P', 'EMB_P', 'EMB_P', 'EMB_P', 'EMB_P', 'EMB_P', 'EMB_P', 'EMB_P', 'EMB_P', 'EMB_P', 'EMB_P', 'EMB_P', 'EMB_P', 'EMB_P', 'EMB_P', 'EMB_P', 'EMB_P', 'EMB_P', 'EMB_P', 'EMB_P', 'EMB_P', 'EMB_P', 'EMB_P', 'EMB_P']"
54,роли,особливо смачні,26022:4_1042,"Пробували різні роли, готували їх дуже швидко 5-10 хвилин, особливо смачні запечені і Філадельфія Бида хороша, але я не зрозуміла, чому ролів було де 5, де, 6, а де 7 )))",7.67,7.0,"['EMB_O', 'EMB_O', 'EMB_O', 'EMB_O', 'EMB_O', 'ASP_S', 'EMB_O', 'EMB_O', 'EMB_O', 'EMB_O', 'EMB_O', 'EMB_O', 'EMB_O', 'EMB_O', 'EMB_O', 'EMB_O', 'EMB_O', 'EMB_O', 'EMB_O', 'EMB_O', 'EMB_O', 'EMB_O', 'EMB_O', 'EMB_O', 'EMB_O', 'EMB_O', 'EMB_O', 'EMB_O', 'EMB_O', 'EMB_O', 'EMB_O', 'EMB_O', 'EMB_O', 'EMB_O', 'EMB_O', 'EMB_O', 'EMB_O', 'EMB_O', 'EMB_O', 'EMB_O', 'EMB_O', 'EMB_O', 'EMB_O', 'EMB_O', 'EMB_O', 'EMB_O', 'EMB_O', 'EMB_O', 'EMB_O', 'EMB_O', 'EMB_O', 'EMB_O', 'EMB_O', 'EMB_O', 'EMB_O', 'EMB_O', 'EMB_O', 'EMB_O', 'EMB_O', 'EMB_O', 'EMB_O', 'EMB_O', 'EMB_O', 'EMB_O', 'EMB_P', 'EMB_P', 'EMB_P', 'EMB_P', 'EMB_P', 'EMB_P', 'EMB_P', 'EMB_P', 'EMB_P', 'EMB_P', 'EMB_P', 'EMB_P', 'EMB_P', 'EMB_P', 'EMB_P', 'EMB_P', 'EMB_P', 'EMB_P', 'EMB_P', 'EMB_P', 'EMB_P', 'EMB_P', 'EMB_P', 'EMB_P', 'EMB_P', 'EMB_P', 'EMB_P', 'EMB_P', 'EMB_P', 'EMB_P', 'EMB_P', 'EMB_P', 'EMB_P', 'EMB_P', 'EMB_P', 'EMB_P', 'EMB_P', 'EMB_P', 'EMB_P', 'EMB_P', 'EMB_P', 'EMB_P', 'EMB_P', 'EMB_P', 'EMB_P', 'EMB_P', 'EMB_P', 'EMB_P', 'EMB_P', 'EMB_P', 'EMB_P', 'EMB_P', 'EMB_P', 'EMB_P', 'EMB_P', 'EMB_P', 'EMB_P', 'EMB_P', 'EMB_P', 'EMB_P', 'EMB_P', 'EMB_P', 'EMB_P', 'EMB_P']","['EMB_O', 'EMB_O', 'EMB_O', 'EMB_O', 'EMB_O', 'EMB_O', 'EMB_O', 'EMB_O', 'EMB_O', 'EMB_O', 'EMB_O', 'EMB_O', 'EMB_O', 'EMB_O', 'EMB_O', 'EMB_O', 'EMB_O', 'EMB_O', 'OPN_B', 'OPN_I', 'OPN_I', 'OPN_E', 'EMB_O', 'EMB_O', 'EMB_O', 'EMB_O', 'EMB_O', 'EMB_O', 'EMB_O', 'EMB_O', 'EMB_O', 'EMB_O', 'EMB_O', 'EMB_O', 'EMB_O', 'EMB_O', 'EMB_O', 'EMB_O', 'EMB_O', 'EMB_O', 'EMB_O', 'EMB_O', 'EMB_O', 'EMB_O', 'EMB_O', 'EMB_O', 'EMB_O', 'EMB_O', 'EMB_O', 'EMB_O', 'EMB_O', 'EMB_O', 'EMB_O', 'EMB_O', 'EMB_O', 'EMB_O', 'EMB_O', 'EMB_O', 'EMB_O', 'EMB_O', 'EMB_O', 'EMB_O', 'EMB_O', 'EMB_O', 'EMB_P', 'EMB_P', 'EMB_P', 'EMB_P', 'EMB_P', 'EMB_P', 'EMB_P', 'EMB_P', 'EMB_P', 'EMB_P', 'EMB_P', 'EMB_P', 'EMB_P', 'EMB_P', 'EMB_P', 'EMB_P', 'EMB_P', 'EMB_P', 'EMB_P', 'EMB_P', 'EMB_P', 'EMB_P', 'EMB_P', 'EMB_P', 'EMB_P', 'EMB_P', 'EMB_P', 'EMB_P', 'EMB_P', 'EMB_P', 'EMB_P', 'EMB_P', 'EMB_P', 'EMB_P', 'EMB_P', 'EMB_P', 'EMB_P', 'EMB_P', 'EMB_P', 'EMB_P', 'EMB_P', 'EMB_P', 'EMB_P', 'EMB_P', 'EMB_P', 'EMB_P', 'EMB_P', 'EMB_P', 'EMB_P', 'EMB_P', 'EMB_P', 'EMB_P', 'EMB_P', 'EMB_P', 'EMB_P', 'EMB_P', 'EMB_P', 'EMB_P', 'EMB_P', 'EMB_P', 'EMB_P', 'EMB_P', 'EMB_P', 'EMB_P']"
55,Філадельфія Бида,хороша,26022:4_1042,"Пробували різні роли, готували їх дуже швидко 5-10 хвилин, особливо смачні запечені і Філадельфія Бида хороша, але я не зрозуміла, чому ролів було де 5, де, 6, а де 7 )))",6.88,6.25,"['EMB_O', 'EMB_O', 'EMB_O', 'EMB_O', 'EMB_O', 'EMB_O', 'EMB_O', 'EMB_O', 'EMB_O', 'EMB_O', 'EMB_O', 'EMB_O', 'EMB_O', 'EMB_O', 'EMB_O', 'EMB_O', 'EMB_O', 'EMB_O', 'EMB_O', 'EMB_O', 'EMB_O', 'EMB_O', 'EMB_O', 'EMB_O', 'EMB_O', 'EMB_O', 'ASP_B', 'ASP_I', 'ASP_I', 'ASP_I', 'ASP_I', 'ASP_E', 'EMB_O', 'EMB_O', 'EMB_O', 'EMB_O', 'EMB_O', 'EMB_O', 'EMB_O', 'EMB_O', 'EMB_O', 'EMB_O', 'EMB_O', 'EMB_O', 'EMB_O', 'EMB_O', 'EMB_O', 'EMB_O', 'EMB_O', 'EMB_O', 'EMB_O', 'EMB_O', 'EMB_O', 'EMB_O', 'EMB_O', 'EMB_O', 'EMB_O', 'EMB_O', 'EMB_O', 'EMB_O', 'EMB_O', 'EMB_O', 'EMB_O', 'EMB_O', 'EMB_P', 'EMB_P', 'EMB_P', 'EMB_P', 'EMB_P', 'EMB_P', 'EMB_P', 'EMB_P', 'EMB_P', 'EMB_P', 'EMB_P', 'EMB_P', 'EMB_P', 'EMB_P', 'EMB_P', 'EMB_P', 'EMB_P', 'EMB_P', 'EMB_P', 'EMB_P', 'EMB_P', 'EMB_P', 'EMB_P', 'EMB_P', 'EMB_P', 'EMB_P', 'EMB_P', 'EMB_P', 'EMB_P', 'EMB_P', 'EMB_P', 'EMB_P', 'EMB_P', 'EMB_P', 'EMB_P', 'EMB_P', 'EMB_P', 'EMB_P', 'EMB_P', 'EMB_P', 'EMB_P', 'EMB_P', 'EMB_P', 'EMB_P', 'EMB_P', 'EMB_P', 'EMB_P', 'EMB_P', 'EMB_P', 'EMB_P', 'EMB_P', 'EMB_P', 'EMB_P', 'EMB_P', 'EMB_P', 'EMB_P', 'EMB_P', 'EMB_P', 'EMB_P', 'EMB_P', 'EMB_P', 'EMB_P', 'EMB_P', 'EMB_P']","['EMB_O', 'EMB_O', 'EMB_O', 'EMB_O', 'EMB_O', 'EMB_O', 'EMB_O', 'EMB_O', 'EMB_O', 'EMB_O', 'EMB_O', 'EMB_O', 'EMB_O', 'EMB_O', 'EMB_O', 'EMB_O', 'EMB_O', 'EMB_O', 'EMB_O', 'EMB_O', 'EMB_O', 'EMB_O', 'EMB_O', 'EMB_O', 'EMB_O', 'EMB_O', 'EMB_O', 'EMB_O', 'EMB_O', 'EMB_O', 'EMB_O', 'EMB_O', 'OPN_B', 'OPN_I', 'OPN_E', 'EMB_O', 'EMB_O', 'EMB_O', 'EMB_O', 'EMB_O', 'EMB_O', 'EMB_O', 'EMB_O', 'EMB_O', 'EMB_O', 'EMB_O', 'EMB_O', 'EMB_O', 'EMB_O', 'EMB_O', 'EMB_O', 'EMB_O', 'EMB_O', 'EMB_O', 'EMB_O', 'EMB_O', 'EMB_O', 'EMB_O', 'EMB_O', 'EMB_O', 'EMB_O', 'EMB_O', 'EMB_O', 'EMB_O', 'EMB_P', 'EMB_P', 'EMB_P', 'EMB_P', 'EMB_P', 'EMB_P', 'EMB_P', 'EMB_P', 'EMB_P', 'EMB_P', 'EMB_P', 'EMB_P', 'EMB_P', 'EMB_P', 'EMB_P', 'EMB_P', 'EMB_P', 'EMB_P', 'EMB_P', 'EMB_P', 'EMB_P', 'EMB_P', 'EMB_P', 'EMB_P', 'EMB_P', 'EMB_P', 'EMB_P', 'EMB_P', 'EMB_P', 'EMB_P', 'EMB_P', 'EMB_P', 'EMB_P', 'EMB_P', 'EMB_P', 'EMB_P', 'EMB_P', 'EMB_P', 'EMB_P', 'EMB_P', 'EMB_P', 'EMB_P', 'EMB_P', 'EMB_P', 'EMB_P', 'EMB_P', 'EMB_P', 'EMB_P', 'EMB_P', 'EMB_P', 'EMB_P', 'EMB_P', 'EMB_P', 'EMB_P', 'EMB_P', 'EMB_P', 'EMB_P', 'EMB_P', 'EMB_P', 'EMB_P', 'EMB_P', 'EMB_P', 'EMB_P', 'EMB_P']"
56,ролів,"не зрозуміла, чому",26022:4_1042,"Пробували різні роли, готували їх дуже швидко 5-10 хвилин, особливо смачні запечені і Філадельфія Бида хороша, але я не зрозуміла, чому ролів було де 5, де, 6, а де 7 )))",3.33,6.5,"['EMB_O', 'EMB_O', 'EMB_O', 'EMB_O', 'EMB_O', 'EMB_O', 'EMB_O', 'EMB_O', 'EMB_O', 'EMB_O', 'EMB_O', 'EMB_O', 'EMB_O', 'EMB_O', 'EMB_O', 'EMB_O', 'EMB_O', 'EMB_O', 'EMB_O', 'EMB_O', 'EMB_O', 'EMB_O', 'EMB_O', 'EMB_O', 'EMB_O', 'EMB_O', 'EMB_O', 'EMB_O', 'EMB_O', 'EMB_O', 'EMB_O', 'EMB_O', 'EMB_O', 'EMB_O', 'EMB_O', 'EMB_O', 'EMB_O', 'EMB_O', 'EMB_O', 'EMB_O', 'EMB_O', 'EMB_O', 'EMB_O', 'EMB_O', 'EMB_O', 'EMB_O', 'EMB_O', 'ASP_B', 'ASP_E', 'EMB_O', 'EMB_O', 'EMB_O', 'EMB_O', 'EMB_O', 'EMB_O', 'EMB_O', 'EMB_O', 'EMB_O', 'EMB_O', 'EMB_O', 'EMB_O', 'EMB_O', 'EMB_O', 'EMB_O', 'EMB_P', 'EMB_P', 'EMB_P', 'EMB_P', 'EMB_P', 'EMB_P', 'EMB_P', 'EMB_P', 'EMB_P', 'EMB_P', 'EMB_P', 'EMB_P', 'EMB_P', 'EMB_P', 'EMB_P', 'EMB_P', 'EMB_P', 'EMB_P', 'EMB_P', 'EMB_P', 'EMB_P', 'EMB_P', 'EMB_P', 'EMB_P', 'EMB_P', 'EMB_P', 'EMB_P', 'EMB_P', 'EMB_P', 'EMB_P', 'EMB_P', 'EMB_P', 'EMB_P', 'EMB_P', 'EMB_P', 'EMB_P', 'EMB_P', 'EMB_P', 'EMB_P', 'EMB_P', 'EMB_P', 'EMB_P', 'EMB_P', 'EMB_P', 'EMB_P', 'EMB_P', 'EMB_P', 'EMB_P', 'EMB_P', 'EMB_P', 'EMB_P', 'EMB_P', 'EMB_P', 'EMB_P', 'EMB_P', 'EMB_P', 'EMB_P', 'EMB_P', 'EMB_P', 'EMB_P', 'EMB_P', 'EMB_P', 'EMB_P', 'EMB_P']","['EMB_O', 'EMB_O', 'EMB_O', 'EMB_O', 'EMB_O', 'EMB_O', 'EMB_O', 'EMB_O', 'EMB_O', 'EMB_O', 'EMB_O', 'EMB_O', 'EMB_O', 'EMB_O', 'EMB_O', 'EMB_O', 'EMB_O', 'EMB_O', 'EMB_O', 'EMB_O', 'EMB_O', 'EMB_O', 'EMB_O', 'EMB_O', 'EMB_O', 'EMB_O', 'EMB_O', 'EMB_O', 'EMB_O', 'EMB_O', 'EMB_O', 'EMB_O', 'EMB_O', 'EMB_O', 'EMB_O', 'EMB_O', 'EMB_O', 'EMB_O', 'OPN_B', 'OPN_I', 'OPN_I', 'OPN_I', 'OPN_I', 'OPN_I', 'OPN_I', 'OPN_I', 'OPN_E', 'EMB_O', 'EMB_O', 'EMB_O', 'EMB_O', 'EMB_O', 'EMB_O', 'EMB_O', 'EMB_O', 'EMB_O', 'EMB_O', 'EMB_O', 'EMB_O', 'EMB_O', 'EMB_O', 'EMB_O', 'EMB_O', 'EMB_O', 'EMB_P', 'EMB_P', 'EMB_P', 'EMB_P', 'EMB_P', 'EMB_P', 'EMB_P', 'EMB_P', 'EMB_P', 'EMB_P', 'EMB_P', 'EMB_P', 'EMB_P', 'EMB_P', 'EMB_P', 'EMB_P', 'EMB_P', 'EMB_P', 'EMB_P', 'EMB_P', 'EMB_P', 'EMB_P', 'EMB_P', 'EMB_P', 'EMB_P', 'EMB_P', 'EMB_P', 'EMB_P', 'EMB_P', 'EMB_P', 'EMB_P', 'EMB_P', 'EMB_P', 'EMB_P', 'EMB_P', 'EMB_P', 'EMB_P', 'EMB_P', 'EMB_P', 'EMB_P', 'EMB_P', 'EMB_P', 'EMB_P', 'EMB_P', 'EMB_P', 'EMB_P', 'EMB_P', 'EMB_P', 'EMB_P', 'EMB_P', 'EMB_P', 'EMB_P', 'EMB_P', 'EMB_P', 'EMB_P', 'EMB_P', 'EMB_P', 'EMB_P', 'EMB_P', 'EMB_P', 'EMB_P', 'EMB_P', 'EMB_P', 'EMB_P']"
57,закладі,ресторанний,26022:5_1043,"Цінник в цьому закладі на мій погляд ресторанний, хоча може це через те що роли досить великі.",3.25,6.0,"['EMB_O', 'EMB_O', 'EMB_O', 'EMB_O', 'EMB_O', 'EMB_O', 'ASP_B', 'ASP_I', 'ASP_E', 'EMB_O', 'EMB_O', 'EMB_O', 'EMB_O', 'EMB_O', 'EMB_O', 'EMB_O', 'EMB_O', 'EMB_O', 'EMB_O', 'EMB_O', 'EMB_O', 'EMB_O', 'EMB_O', 'EMB_O', 'EMB_O', 'EMB_O', 'EMB_O', 'EMB_O', 'EMB_O', 'EMB_O', 'EMB_P', 'EMB_P', 'EMB_P', 'EMB_P', 'EMB_P', 'EMB_P', 'EMB_P', 'EMB_P', 'EMB_P', 'EMB_P', 'EMB_P', 'EMB_P', 'EMB_P', 'EMB_P', 'EMB_P', 'EMB_P', 'EMB_P', 'EMB_P', 'EMB_P', 'EMB_P', 'EMB_P', 'EMB_P', 'EMB_P', 'EMB_P', 'EMB_P', 'EMB_P', 'EMB_P', 'EMB_P', 'EMB_P', 'EMB_P', 'EMB_P', 'EMB_P', 'EMB_P', 'EMB_P', 'EMB_P', 'EMB_P', 'EMB_P', 'EMB_P', 'EMB_P', 'EMB_P', 'EMB_P', 'EMB_P', 'EMB_P', 'EMB_P', 'EMB_P', 'EMB_P', 'EMB_P', 'EMB_P', 'EMB_P', 'EMB_P', 'EMB_P', 'EMB_P', 'EMB_P', 'EMB_P', 'EMB_P', 'EMB_P', 'EMB_P', 'EMB_P', 'EMB_P', 'EMB_P', 'EMB_P', 'EMB_P', 'EMB_P', 'EMB_P', 'EMB_P', 'EMB_P', 'EMB_P', 'EMB_P', 'EMB_P', 'EMB_P', 'EMB_P', 'EMB_P', 'EMB_P', 'EMB_P', 'EMB_P', 'EMB_P', 'EMB_P', 'EMB_P', 'EMB_P', 'EMB_P', 'EMB_P', 'EMB_P', 'EMB_P', 'EMB_P', 'EMB_P', 'EMB_P', 'EMB_P', 'EMB_P', 'EMB_P', 'EMB_P', 'EMB_P', 'EMB_P', 'EMB_P', 'EMB_P', 'EMB_P', 'EMB_P', 'EMB_P', 'EMB_P']","['EMB_O', 'EMB_O', 'EMB_O', 'EMB_O', 'EMB_O', 'EMB_O', 'EMB_O', 'EMB_O', 'EMB_O', 'EMB_O', 'EMB_O', 'EMB_O', 'EMB_O', 'EMB_O', 'OPN_B', 'OPN_I', 'OPN_I', 'OPN_E', 'EMB_O', 'EMB_O', 'EMB_O', 'EMB_O', 'EMB_O', 'EMB_O', 'EMB_O', 'EMB_O', 'EMB_O', 'EMB_O', 'EMB_O', 'EMB_O', 'EMB_P', 'EMB_P', 'EMB_P', 'EMB_P', 'EMB_P', 'EMB_P', 'EMB_P', 'EMB_P', 'EMB_P', 'EMB_P', 'EMB_P', 'EMB_P', 'EMB_P', 'EMB_P', 'EMB_P', 'EMB_P', 'EMB_P', 'EMB_P', 'EMB_P', 'EMB_P', 'EMB_P', 'EMB_P', 'EMB_P', 'EMB_P', 'EMB_P', 'EMB_P', 'EMB_P', 'EMB_P', 'EMB_P', 'EMB_P', 'EMB_P', 'EMB_P', 'EMB_P', 'EMB_P', 'EMB_P', 'EMB_P', 'EMB_P', 'EMB_P', 'EMB_P', 'EMB_P', 'EMB_P', 'EMB_P', 'EMB_P', 'EMB_P', 'EMB_P', 'EMB_P', 'EMB_P', 'EMB_P', 'EMB_P', 'EMB_P', 'EMB_P', 'EMB_P', 'EMB_P', 'EMB_P', 'EMB_P', 'EMB_P', 'EMB_P', 'EMB_P', 'EMB_P', 'EMB_P', 'EMB_P', 'EMB_P', 'EMB_P', 'EMB_P', 'EMB_P', 'EMB_P', 'EMB_P', 'EMB_P', 'EMB_P', 'EMB_P', 'EMB_P', 'EMB_P', 'EMB_P', 'EMB_P', 'EMB_P', 'EMB_P', 'EMB_P', 'EMB_P', 'EMB_P', 'EMB_P', 'EMB_P', 'EMB_P', 'EMB_P', 'EMB_P', 'EMB_P', 'EMB_P', 'EMB_P', 'EMB_P', 'EMB_P', 'EMB_P', 'EMB_P', 'EMB_P', 'EMB_P', 'EMB_P', 'EMB_P', 'EMB_P', 'EMB_P', 'EMB_P']"
58,роли,ресторанний,26022:5_1043,"Цінник в цьому закладі на мій погляд ресторанний, хоча може це через те що роли досить великі.",3.67,5.67,"['EMB_O', 'EMB_O', 'EMB_O', 'EMB_O', 'EMB_O', 'EMB_O', 'EMB_O', 'EMB_O', 'EMB_O', 'EMB_O', 'EMB_O', 'EMB_O', 'EMB_O', 'EMB_O', 'EMB_O', 'EMB_O', 'EMB_O', 'EMB_O', 'EMB_O', 'EMB_O', 'EMB_O', 'EMB_O', 'EMB_O', 'EMB_O', 'EMB_O', 'ASP_S', 'EMB_O', 'EMB_O', 'EMB_O', 'EMB_O', 'EMB_P', 'EMB_P', 'EMB_P', 'EMB_P', 'EMB_P', 'EMB_P', 'EMB_P', 'EMB_P', 'EMB_P', 'EMB_P', 'EMB_P', 'EMB_P', 'EMB_P', 'EMB_P', 'EMB_P', 'EMB_P', 'EMB_P', 'EMB_P', 'EMB_P', 'EMB_P', 'EMB_P', 'EMB_P', 'EMB_P', 'EMB_P', 'EMB_P', 'EMB_P', 'EMB_P', 'EMB_P', 'EMB_P', 'EMB_P', 'EMB_P', 'EMB_P', 'EMB_P', 'EMB_P', 'EMB_P', 'EMB_P', 'EMB_P', 'EMB_P', 'EMB_P', 'EMB_P', 'EMB_P', 'EMB_P', 'EMB_P', 'EMB_P', 'EMB_P', 'EMB_P', 'EMB_P', 'EMB_P', 'EMB_P', 'EMB_P', 'EMB_P', 'EMB_P', 'EMB_P', 'EMB_P', 'EMB_P', 'EMB_P', 'EMB_P', 'EMB_P', 'EMB_P', 'EMB_P', 'EMB_P', 'EMB_P', 'EMB_P', 'EMB_P', 'EMB_P', 'EMB_P', 'EMB_P', 'EMB_P', 'EMB_P', 'EMB_P', 'EMB_P', 'EMB_P', 'EMB_P', 'EMB_P', 'EMB_P', 'EMB_P', 'EMB_P', 'EMB_P', 'EMB_P', 'EMB_P', 'EMB_P', 'EMB_P', 'EMB_P', 'EMB_P', 'EMB_P', 'EMB_P', 'EMB_P', 'EMB_P', 'EMB_P', 'EMB_P', 'EMB_P', 'EMB_P', 'EMB_P', 'EMB_P', 'EMB_P', 'EMB_P', 'EMB_P', 'EMB_P']","['EMB_O', 'EMB_O', 'EMB_O', 'EMB_O', 'EMB_O', 'EMB_O', 'EMB_O', 'EMB_O', 'EMB_O', 'EMB_O', 'EMB_O', 'EMB_O', 'EMB_O', 'EMB_O', 'OPN_B', 'OPN_I', 'OPN_I', 'OPN_E', 'EMB_O', 'EMB_O', 'EMB_O', 'EMB_O', 'EMB_O', 'EMB_O', 'EMB_O', 'EMB_O', 'EMB_O', 'EMB_O', 'EMB_O', 'EMB_O', 'EMB_P', 'EMB_P', 'EMB_P', 'EMB_P', 'EMB_P', 'EMB_P', 'EMB_P', 'EMB_P', 'EMB_P', 'EMB_P', 'EMB_P', 'EMB_P', 'EMB_P', 'EMB_P', 'EMB_P', 'EMB_P', 'EMB_P', 'EMB_P', 'EMB_P', 'EMB_P', 'EMB_P', 'EMB_P', 'EMB_P', 'EMB_P', 'EMB_P', 'EMB_P', 'EMB_P', 'EMB_P', 'EMB_P', 'EMB_P', 'EMB_P', 'EMB_P', 'EMB_P', 'EMB_P', 'EMB_P', 'EMB_P', 'EMB_P', 'EMB_P', 'EMB_P', 'EMB_P', 'EMB_P', 'EMB_P', 'EMB_P', 'EMB_P', 'EMB_P', 'EMB_P', 'EMB_P', 'EMB_P', 'EMB_P', 'EMB_P', 'EMB_P', 'EMB_P', 'EMB_P', 'EMB_P', 'EMB_P', 'EMB_P', 'EMB_P', 'EMB_P', 'EMB_P', 'EMB_P', 'EMB_P', 'EMB_P', 'EMB_P', 'EMB_P', 'EMB_P', 'EMB_P', 'EMB_P', 'EMB_P', 'EMB_P', 'EMB_P', 'EMB_P', 'EMB_P', 'EMB_P', 'EMB_P', 'EMB_P', 'EMB_P', 'EMB_P', 'EMB_P', 'EMB_P', 'EMB_P', 'EMB_P', 'EMB_P', 'EMB_P', 'EMB_P', 'EMB_P', 'EMB_P', 'EMB_P', 'EMB_P', 'EMB_P', 'EMB_P', 'EMB_P', 'EMB_P', 'EMB_P', 'EMB_P', 'EMB_P', 'EMB_P', 'EMB_P', 'EMB_P']"
59,гарячих страв,дуже великий вибір,26022:6_1044,"В цілому мені сподобалося - дуже великий вибір суші, ролів, салатів, супів та інших гарячих страв.",7.67,7.0,"['EMB_O', 'EMB_O', 'EMB_O', 'EMB_O', 'EMB_O', 'EMB_O', 'EMB_O', 'EMB_O', 'EMB_O', 'EMB_O', 'EMB_O', 'EMB_O', 'EMB_O', 'EMB_O', 'EMB_O', 'EMB_O', 'EMB_O', 'EMB_O', 'EMB_O', 'EMB_O', 'EMB_O', 'EMB_O', 'EMB_O', 'EMB_O', 'EMB_O', 'EMB_O', 'EMB_O', 'EMB_O', 'EMB_O', 'EMB_O', 'EMB_O', 'ASP_B', 'ASP_I', 'ASP_I', 'ASP_I', 'ASP_E', 'EMB_O', 'EMB_O', 'EMB_P', 'EMB_P', 'EMB_P', 'EMB_P', 'EMB_P', 'EMB_P', 'EMB_P', 'EMB_P', 'EMB_P', 'EMB_P', 'EMB_P', 'EMB_P', 'EMB_P', 'EMB_P', 'EMB_P', 'EMB_P', 'EMB_P', 'EMB_P', 'EMB_P', 'EMB_P', 'EMB_P', 'EMB_P', 'EMB_P', 'EMB_P', 'EMB_P', 'EMB_P', 'EMB_P', 'EMB_P', 'EMB_P', 'EMB_P', 'EMB_P', 'EMB_P', 'EMB_P', 'EMB_P', 'EMB_P', 'EMB_P', 'EMB_P', 'EMB_P', 'EMB_P', 'EMB_P', 'EMB_P', 'EMB_P', 'EMB_P', 'EMB_P', 'EMB_P', 'EMB_P', 'EMB_P', 'EMB_P', 'EMB_P', 'EMB_P', 'EMB_P', 'EMB_P', 'EMB_P', 'EMB_P', 'EMB_P', 'EMB_P', 'EMB_P', 'EMB_P', 'EMB_P', 'EMB_P', 'EMB_P', 'EMB_P', 'EMB_P', 'EMB_P', 'EMB_P', 'EMB_P', 'EMB_P', 'EMB_P', 'EMB_P', 'EMB_P', 'EMB_P', 'EMB_P', 'EMB_P', 'EMB_P', 'EMB_P', 'EMB_P', 'EMB_P', 'EMB_P', 'EMB_P', 'EMB_P', 'EMB_P', 'EMB_P', 'EMB_P', 'EMB_P', 'EMB_P', 'EMB_P', 'EMB_P', 'EMB_P', 'EMB_P', 'EMB_P']","['EMB_O', 'EMB_O', 'EMB_O', 'EMB_O', 'EMB_O', 'EMB_O', 'EMB_O', 'EMB_O', 'EMB_O', 'EMB_O', 'EMB_O', 'EMB_O', 'OPN_B', 'OPN_I', 'OPN_I', 'OPN_E', 'EMB_O', 'EMB_O', 'EMB_O', 'EMB_O', 'EMB_O', 'EMB_O', 'EMB_O', 'EMB_O', 'EMB_O', 'EMB_O', 'EMB_O', 'EMB_O', 'EMB_O', 'EMB_O', 'EMB_O', 'EMB_O', 'EMB_O', 'EMB_O', 'EMB_O', 'EMB_O', 'EMB_O', 'EMB_O', 'EMB_P', 'EMB_P', 'EMB_P', 'EMB_P', 'EMB_P', 'EMB_P', 'EMB_P', 'EMB_P', 'EMB_P', 'EMB_P', 'EMB_P', 'EMB_P', 'EMB_P', 'EMB_P', 'EMB_P', 'EMB_P', 'EMB_P', 'EMB_P', 'EMB_P', 'EMB_P', 'EMB_P', 'EMB_P', 'EMB_P', 'EMB_P', 'EMB_P', 'EMB_P', 'EMB_P', 'EMB_P', 'EMB_P', 'EMB_P', 'EMB_P', 'EMB_P', 'EMB_P', 'EMB_P', 'EMB_P', 'EMB_P', 'EMB_P', 'EMB_P', 'EMB_P', 'EMB_P', 'EMB_P', 'EMB_P', 'EMB_P', 'EMB_P', 'EMB_P', 'EMB_P', 'EMB_P', 'EMB_P', 'EMB_P', 'EMB_P', 'EMB_P', 'EMB_P', 'EMB_P', 'EMB_P', 'EMB_P', 'EMB_P', 'EMB_P', 'EMB_P', 'EMB_P', 'EMB_P', 'EMB_P', 'EMB_P', 'EMB_P', 'EMB_P', 'EMB_P', 'EMB_P', 'EMB_P', 'EMB_P', 'EMB_P', 'EMB_P', 'EMB_P', 'EMB_P', 'EMB_P', 'EMB_P', 'EMB_P', 'EMB_P', 'EMB_P', 'EMB_P', 'EMB_P', 'EMB_P', 'EMB_P', 'EMB_P', 'EMB_P', 'EMB_P', 'EMB_P', 'EMB_P', 'EMB_P', 'EMB_P', 'EMB_P', 'EMB_P']"
60,Інтер'єр,притягує,26152:3_1045,Інтер'єр: ще з вулиці ресторан притягує затишною атмосферою і приглушеним світлом.,7.25,6.62,"['EMB_O', 'ASP_B', 'ASP_I', 'ASP_I', 'ASP_I', 'ASP_E', 'EMB_O', 'EMB_O', 'EMB_O', 'EMB_O', 'EMB_O', 'EMB_O', 'EMB_O', 'EMB_O', 'EMB_O', 'EMB_O', 'EMB_O', 'EMB_O', 'EMB_O', 'EMB_O', 'EMB_O', 'EMB_O', 'EMB_O', 'EMB_O', 'EMB_O', 'EMB_O', 'EMB_O', 'EMB_O', 'EMB_O', 'EMB_O', 'EMB_O', 'EMB_O', 'EMB_O', 'EMB_O', 'EMB_P', 'EMB_P', 'EMB_P', 'EMB_P', 'EMB_P', 'EMB_P', 'EMB_P', 'EMB_P', 'EMB_P', 'EMB_P', 'EMB_P', 'EMB_P', 'EMB_P', 'EMB_P', 'EMB_P', 'EMB_P', 'EMB_P', 'EMB_P', 'EMB_P', 'EMB_P', 'EMB_P', 'EMB_P', 'EMB_P', 'EMB_P', 'EMB_P', 'EMB_P', 'EMB_P', 'EMB_P', 'EMB_P', 'EMB_P', 'EMB_P', 'EMB_P', 'EMB_P', 'EMB_P', 'EMB_P', 'EMB_P', 'EMB_P', 'EMB_P', 'EMB_P', 'EMB_P', 'EMB_P', 'EMB_P', 'EMB_P', 'EMB_P', 'EMB_P', 'EMB_P', 'EMB_P', 'EMB_P', 'EMB_P', 'EMB_P', 'EMB_P', 'EMB_P', 'EMB_P', 'EMB_P', 'EMB_P', 'EMB_P', 'EMB_P', 'EMB_P', 'EMB_P', 'EMB_P', 'EMB_P', 'EMB_P', 'EMB_P', 'EMB_P', 'EMB_P', 'EMB_P', 'EMB_P', 'EMB_P', 'EMB_P', 'EMB_P', 'EMB_P', 'EMB_P', 'EMB_P', 'EMB_P', 'EMB_P', 'EMB_P', 'EMB_P', 'EMB_P', 'EMB_P', 'EMB_P', 'EMB_P', 'EMB_P', 'EMB_P', 'EMB_P', 'EMB_P', 'EMB_P', 'EMB_P', 'EMB_P', 'EMB_P', 'EMB_P', 'EMB_P', 'EMB_P', 'EMB_P', 'EMB_P']","['EMB_O', 'EMB_O', 'EMB_O', 'EMB_O', 'EMB_O', 'EMB_O', 'EMB_O', 'EMB_O', 'EMB_O', 'EMB_O', 'EMB_O', 'EMB_O', 'EMB_O', 'OPN_B', 'OPN_I', 'OPN_I', 'OPN_E', 'EMB_O', 'EMB_O', 'EMB_O', 'EMB_O', 'EMB_O', 'EMB_O', 'EMB_O', 'EMB_O', 'EMB_O', 'EMB_O', 'EMB_O', 'EMB_O', 'EMB_O', 'EMB_O', 'EMB_O', 'EMB_O', 'EMB_O', 'EMB_P', 'EMB_P', 'EMB_P', 'EMB_P', 'EMB_P', 'EMB_P', 'EMB_P', 'EMB_P', 'EMB_P', 'EMB_P', 'EMB_P', 'EMB_P', 'EMB_P', 'EMB_P', 'EMB_P', 'EMB_P', 'EMB_P', 'EMB_P', 'EMB_P', 'EMB_P', 'EMB_P', 'EMB_P', 'EMB_P', 'EMB_P', 'EMB_P', 'EMB_P', 'EMB_P', 'EMB_P', 'EMB_P', 'EMB_P', 'EMB_P', 'EMB_P', 'EMB_P', 'EMB_P', 'EMB_P', 'EMB_P', 'EMB_P', 'EMB_P', 'EMB_P', 'EMB_P', 'EMB_P', 'EMB_P', 'EMB_P', 'EMB_P', 'EMB_P', 'EMB_P', 'EMB_P', 'EMB_P', 'EMB_P', 'EMB_P', 'EMB_P', 'EMB_P', 'EMB_P', 'EMB_P', 'EMB_P', 'EMB_P', 'EMB_P', 'EMB_P', 'EMB_P', 'EMB_P', 'EMB_P', 'EMB_P', 'EMB_P', 'EMB_P', 'EMB_P', 'EMB_P', 'EMB_P', 'EMB_P', 'EMB_P', 'EMB_P', 'EMB_P', 'EMB_P', 'EMB_P', 'EMB_P', 'EMB_P', 'EMB_P', 'EMB_P', 'EMB_P', 'EMB_P', 'EMB_P', 'EMB_P', 'EMB_P', 'EMB_P', 'EMB_P', 'EMB_P', 'EMB_P', 'EMB_P', 'EMB_P', 'EMB_P', 'EMB_P', 'EMB_P', 'EMB_P', 'EMB_P', 'EMB_P']"
61,атмосферою,затишною,26152:3_1045,Інтер'єр: ще з вулиці ресторан притягує затишною атмосферою і приглушеним світлом.,7.0,6.4,"['EMB_O', 'EMB_O', 'EMB_O', 'EMB_O', 'EMB_O', 'EMB_O', 'EMB_O', 'EMB_O', 'EMB_O', 'EMB_O', 'EMB_O', 'EMB_O', 'EMB_O', 'EMB_O', 'EMB_O', 'EMB_O', 'EMB_O', 'EMB_O', 'EMB_O', 'EMB_O', 'EMB_O', 'ASP_B', 'ASP_I', 'ASP_I', 'ASP_E', 'EMB_O', 'EMB_O', 'EMB_O', 'EMB_O', 'EMB_O', 'EMB_O', 'EMB_O', 'EMB_O', 'EMB_O', 'EMB_P', 'EMB_P', 'EMB_P', 'EMB_P', 'EMB_P', 'EMB_P', 'EMB_P', 'EMB_P', 'EMB_P', 'EMB_P', 'EMB_P', 'EMB_P', 'EMB_P', 'EMB_P', 'EMB_P', 'EMB_P', 'EMB_P', 'EMB_P', 'EMB_P', 'EMB_P', 'EMB_P', 'EMB_P', 'EMB_P', 'EMB_P', 'EMB_P', 'EMB_P', 'EMB_P', 'EMB_P', 'EMB_P', 'EMB_P', 'EMB_P', 'EMB_P', 'EMB_P', 'EMB_P', 'EMB_P', 'EMB_P', 'EMB_P', 'EMB_P', 'EMB_P', 'EMB_P', 'EMB_P', 'EMB_P', 'EMB_P', 'EMB_P', 'EMB_P', 'EMB_P', 'EMB_P', 'EMB_P', 'EMB_P', 'EMB_P', 'EMB_P', 'EMB_P', 'EMB_P', 'EMB_P', 'EMB_P', 'EMB_P', 'EMB_P', 'EMB_P', 'EMB_P', 'EMB_P', 'EMB_P', 'EMB_P', 'EMB_P', 'EMB_P', 'EMB_P', 'EMB_P', 'EMB_P', 'EMB_P', 'EMB_P', 'EMB_P', 'EMB_P', 'EMB_P', 'EMB_P', 'EMB_P', 'EMB_P', 'EMB_P', 'EMB_P', 'EMB_P', 'EMB_P', 'EMB_P', 'EMB_P', 'EMB_P', 'EMB_P', 'EMB_P', 'EMB_P', 'EMB_P', 'EMB_P', 'EMB_P', 'EMB_P', 'EMB_P', 'EMB_P', 'EMB_P', 'EMB_P', 'EMB_P']","['EMB_O', 'EMB_O', 'EMB_O', 'EMB_O', 'EMB_O', 'EMB_O', 'EMB_O', 'EMB_O', 'EMB_O', 'EMB_O', 'EMB_O', 'EMB_O', 'EMB_O', 'EMB_O', 'EMB_O', 'EMB_O', 'EMB_O', 'OPN_B', 'OPN_I', 'OPN_I', 'OPN_E', 'EMB_O', 'EMB_O', 'EMB_O', 'EMB_O', 'EMB_O', 'EMB_O', 'EMB_O', 'EMB_O', 'EMB_O', 'EMB_O', 'EMB_O', 'EMB_O', 'EMB_O', 'EMB_P', 'EMB_P', 'EMB_P', 'EMB_P', 'EMB_P', 'EMB_P', 'EMB_P', 'EMB_P', 'EMB_P', 'EMB_P', 'EMB_P', 'EMB_P', 'EMB_P', 'EMB_P', 'EMB_P', 'EMB_P', 'EMB_P', 'EMB_P', 'EMB_P', 'EMB_P', 'EMB_P', 'EMB_P', 'EMB_P', 'EMB_P', 'EMB_P', 'EMB_P', 'EMB_P', 'EMB_P', 'EMB_P', 'EMB_P', 'EMB_P', 'EMB_P', 'EMB_P', 'EMB_P', 'EMB_P', 'EMB_P', 'EMB_P', 'EMB_P', 'EMB_P', 'EMB_P', 'EMB_P', 'EMB_P', 'EMB_P', 'EMB_P', 'EMB_P', 'EMB_P', 'EMB_P', 'EMB_P', 'EMB_P', 'EMB_P', 'EMB_P', 'EMB_P', 'EMB_P', 'EMB_P', 'EMB_P', 'EMB_P', 'EMB_P', 'EMB_P', 'EMB_P', 'EMB_P', 'EMB_P', 'EMB_P', 'EMB_P', 'EMB_P', 'EMB_P', 'EMB_P', 'EMB_P', 'EMB_P', 'EMB_P', 'EMB_P', 'EMB_P', 'EMB_P', 'EMB_P', 'EMB_P', 'EMB_P', 'EMB_P', 'EMB_P', 'EMB_P', 'EMB_P', 'EMB_P', 'EMB_P', 'EMB_P', 'EMB_P', 'EMB_P', 'EMB_P', 'EMB_P', 'EMB_P', 'EMB_P', 'EMB_P', 'EMB_P', 'EMB_P', 'EMB_P', 'EMB_P', 'EMB_P']"
62,приглушеним світлом,притягує,26152:3_1045,Інтер'єр: ще з вулиці ресторан притягує затишною атмосферою і приглушеним світлом.,7.25,7.0,"['EMB_O', 'EMB_O', 'EMB_O', 'EMB_O', 'EMB_O', 'EMB_O', 'EMB_O', 'EMB_O', 'EMB_O', 'EMB_O', 'EMB_O', 'EMB_O', 'EMB_O', 'EMB_O', 'EMB_O', 'EMB_O', 'EMB_O', 'EMB_O', 'EMB_O', 'EMB_O', 'EMB_O', 'EMB_O', 'EMB_O', 'EMB_O', 'EMB_O', 'EMB_O', 'ASP_B', 'ASP_I', 'ASP_I', 'ASP_I', 'ASP_I', 'ASP_E', 'EMB_O', 'EMB_O', 'EMB_P', 'EMB_P', 'EMB_P', 'EMB_P', 'EMB_P', 'EMB_P', 'EMB_P', 'EMB_P', 'EMB_P', 'EMB_P', 'EMB_P', 'EMB_P', 'EMB_P', 'EMB_P', 'EMB_P', 'EMB_P', 'EMB_P', 'EMB_P', 'EMB_P', 'EMB_P', 'EMB_P', 'EMB_P', 'EMB_P', 'EMB_P', 'EMB_P', 'EMB_P', 'EMB_P', 'EMB_P', 'EMB_P', 'EMB_P', 'EMB_P', 'EMB_P', 'EMB_P', 'EMB_P', 'EMB_P', 'EMB_P', 'EMB_P', 'EMB_P', 'EMB_P', 'EMB_P', 'EMB_P', 'EMB_P', 'EMB_P', 'EMB_P', 'EMB_P', 'EMB_P', 'EMB_P', 'EMB_P', 'EMB_P', 'EMB_P', 'EMB_P', 'EMB_P', 'EMB_P', 'EMB_P', 'EMB_P', 'EMB_P', 'EMB_P', 'EMB_P', 'EMB_P', 'EMB_P', 'EMB_P', 'EMB_P', 'EMB_P', 'EMB_P', 'EMB_P', 'EMB_P', 'EMB_P', 'EMB_P', 'EMB_P', 'EMB_P', 'EMB_P', 'EMB_P', 'EMB_P', 'EMB_P', 'EMB_P', 'EMB_P', 'EMB_P', 'EMB_P', 'EMB_P', 'EMB_P', 'EMB_P', 'EMB_P', 'EMB_P', 'EMB_P', 'EMB_P', 'EMB_P', 'EMB_P', 'EMB_P', 'EMB_P', 'EMB_P', 'EMB_P', 'EMB_P', 'EMB_P', 'EMB_P']","['EMB_O', 'EMB_O', 'EMB_O', 'EMB_O', 'EMB_O', 'EMB_O', 'EMB_O', 'EMB_O', 'EMB_O', 'EMB_O', 'EMB_O', 'EMB_O', 'EMB_O', 'OPN_B', 'OPN_I', 'OPN_I', 'OPN_E', 'EMB_O', 'EMB_O', 'EMB_O', 'EMB_O', 'EMB_O', 'EMB_O', 'EMB_O', 'EMB_O', 'EMB_O', 'EMB_O', 'EMB_O', 'EMB_O', 'EMB_O', 'EMB_O', 'EMB_O', 'EMB_O', 'EMB_O', 'EMB_P', 'EMB_P', 'EMB_P', 'EMB_P', 'EMB_P', 'EMB_P', 'EMB_P', 'EMB_P', 'EMB_P', 'EMB_P', 'EMB_P', 'EMB_P', 'EMB_P', 'EMB_P', 'EMB_P', 'EMB_P', 'EMB_P', 'EMB_P', 'EMB_P', 'EMB_P', 'EMB_P', 'EMB_P', 'EMB_P', 'EMB_P', 'EMB_P', 'EMB_P', 'EMB_P', 'EMB_P', 'EMB_P', 'EMB_P', 'EMB_P', 'EMB_P', 'EMB_P', 'EMB_P', 'EMB_P', 'EMB_P', 'EMB_P', 'EMB_P', 'EMB_P', 'EMB_P', 'EMB_P', 'EMB_P', 'EMB_P', 'EMB_P', 'EMB_P', 'EMB_P', 'EMB_P', 'EMB_P', 'EMB_P', 'EMB_P', 'EMB_P', 'EMB_P', 'EMB_P', 'EMB_P', 'EMB_P', 'EMB_P', 'EMB_P', 'EMB_P', 'EMB_P', 'EMB_P', 'EMB_P', 'EMB_P', 'EMB_P', 'EMB_P', 'EMB_P', 'EMB_P', 'EMB_P', 'EMB_P', 'EMB_P', 'EMB_P', 'EMB_P', 'EMB_P', 'EMB_P', 'EMB_P', 'EMB_P', 'EMB_P', 'EMB_P', 'EMB_P', 'EMB_P', 'EMB_P', 'EMB_P', 'EMB_P', 'EMB_P', 'EMB_P', 'EMB_P', 'EMB_P', 'EMB_P', 'EMB_P', 'EMB_P', 'EMB_P', 'EMB_P', 'EMB_P', 'EMB_P', 'EMB_P']"
63,меблі,добротні,26152:5_1046,"Цегляні стіни, добротні меблі, сучасний інтер'єр...",6.8,6.3,"['EMB_O', 'EMB_O', 'EMB_O', 'EMB_O', 'EMB_O', 'EMB_O', 'EMB_O', 'EMB_O', 'EMB_O', 'EMB_O', 'ASP_B', 'ASP_I', 'ASP_E', 'EMB_O', 'EMB_O', 'EMB_O', 'EMB_O', 'EMB_O', 'EMB_O', 'EMB_O', 'EMB_O', 'EMB_O', 'EMB_O', 'EMB_O', 'EMB_O', 'EMB_P', 'EMB_P', 'EMB_P', 'EMB_P', 'EMB_P', 'EMB_P', 'EMB_P', 'EMB_P', 'EMB_P', 'EMB_P', 'EMB_P', 'EMB_P', 'EMB_P', 'EMB_P', 'EMB_P', 'EMB_P', 'EMB_P', 'EMB_P', 'EMB_P', 'EMB_P', 'EMB_P', 'EMB_P', 'EMB_P', 'EMB_P', 'EMB_P', 'EMB_P', 'EMB_P', 'EMB_P', 'EMB_P', 'EMB_P', 'EMB_P', 'EMB_P', 'EMB_P', 'EMB_P', 'EMB_P', 'EMB_P', 'EMB_P', 'EMB_P', 'EMB_P', 'EMB_P', 'EMB_P', 'EMB_P', 'EMB_P', 'EMB_P', 'EMB_P', 'EMB_P', 'EMB_P', 'EMB_P', 'EMB_P', 'EMB_P', 'EMB_P', 'EMB_P', 'EMB_P', 'EMB_P', 'EMB_P', 'EMB_P', 'EMB_P', 'EMB_P', 'EMB_P', 'EMB_P', 'EMB_P', 'EMB_P', 'EMB_P', 'EMB_P', 'EMB_P', 'EMB_P', 'EMB_P', 'EMB_P', 'EMB_P', 'EMB_P', 'EMB_P', 'EMB_P', 'EMB_P', 'EMB_P', 'EMB_P', 'EMB_P', 'EMB_P', 'EMB_P', 'EMB_P', 'EMB_P', 'EMB_P', 'EMB_P', 'EMB_P', 'EMB_P', 'EMB_P', 'EMB_P', 'EMB_P', 'EMB_P', 'EMB_P', 'EMB_P', 'EMB_P', 'EMB_P', 'EMB_P', 'EMB_P', 'EMB_P', 'EMB_P', 'EMB_P', 'EMB_P', 'EMB_P', 'EMB_P', 'EMB_P', 'EMB_P', 'EMB_P']","['EMB_O', 'EMB_O', 'EMB_O', 'EMB_O', 'EMB_O', 'EMB_O', 'EMB_O', 'EMB_O', 'OPN_B', 'OPN_E', 'EMB_O', 'EMB_O', 'EMB_O', 'EMB_O', 'EMB_O', 'EMB_O', 'EMB_O', 'EMB_O', 'EMB_O', 'EMB_O', 'EMB_O', 'EMB_O', 'EMB_O', 'EMB_O', 'EMB_O', 'EMB_P', 'EMB_P', 'EMB_P', 'EMB_P', 'EMB_P', 'EMB_P', 'EMB_P', 'EMB_P', 'EMB_P', 'EMB_P', 'EMB_P', 'EMB_P', 'EMB_P', 'EMB_P', 'EMB_P', 'EMB_P', 'EMB_P', 'EMB_P', 'EMB_P', 'EMB_P', 'EMB_P', 'EMB_P', 'EMB_P', 'EMB_P', 'EMB_P', 'EMB_P', 'EMB_P', 'EMB_P', 'EMB_P', 'EMB_P', 'EMB_P', 'EMB_P', 'EMB_P', 'EMB_P', 'EMB_P', 'EMB_P', 'EMB_P', 'EMB_P', 'EMB_P', 'EMB_P', 'EMB_P', 'EMB_P', 'EMB_P', 'EMB_P', 'EMB_P', 'EMB_P', 'EMB_P', 'EMB_P', 'EMB_P', 'EMB_P', 'EMB_P', 'EMB_P', 'EMB_P', 'EMB_P', 'EMB_P', 'EMB_P', 'EMB_P', 'EMB_P', 'EMB_P', 'EMB_P', 'EMB_P', 'EMB_P', 'EMB_P', 'EMB_P', 'EMB_P', 'EMB_P', 'EMB_P', 'EMB_P', 'EMB_P', 'EMB_P', 'EMB_P', 'EMB_P', 'EMB_P', 'EMB_P', 'EMB_P', 'EMB_P', 'EMB_P', 'EMB_P', 'EMB_P', 'EMB_P', 'EMB_P', 'EMB_P', 'EMB_P', 'EMB_P', 'EMB_P', 'EMB_P', 'EMB_P', 'EMB_P', 'EMB_P', 'EMB_P', 'EMB_P', 'EMB_P', 'EMB_P', 'EMB_P', 'EMB_P', 'EMB_P', 'EMB_P', 'EMB_P', 'EMB_P', 'EMB_P', 'EMB_P', 'EMB_P', 'EMB_P']"
64,інтер'єр,сучасний,26152:5_1046,"Цегляні стіни, добротні меблі, сучасний інтер'єр...",6.7,6.1,"['EMB_O', 'EMB_O', 'EMB_O', 'EMB_O', 'EMB_O', 'EMB_O', 'EMB_O', 'EMB_O', 'EMB_O', 'EMB_O', 'EMB_O', 'EMB_O', 'EMB_O', 'EMB_O', 'EMB_O', 'EMB_O', 'EMB_O', 'ASP_B', 'ASP_I', 'ASP_I', 'ASP_E', 'EMB_O', 'EMB_O', 'EMB_O', 'EMB_O', 'EMB_P', 'EMB_P', 'EMB_P', 'EMB_P', 'EMB_P', 'EMB_P', 'EMB_P', 'EMB_P', 'EMB_P', 'EMB_P', 'EMB_P', 'EMB_P', 'EMB_P', 'EMB_P', 'EMB_P', 'EMB_P', 'EMB_P', 'EMB_P', 'EMB_P', 'EMB_P', 'EMB_P', 'EMB_P', 'EMB_P', 'EMB_P', 'EMB_P', 'EMB_P', 'EMB_P', 'EMB_P', 'EMB_P', 'EMB_P', 'EMB_P', 'EMB_P', 'EMB_P', 'EMB_P', 'EMB_P', 'EMB_P', 'EMB_P', 'EMB_P', 'EMB_P', 'EMB_P', 'EMB_P', 'EMB_P', 'EMB_P', 'EMB_P', 'EMB_P', 'EMB_P', 'EMB_P', 'EMB_P', 'EMB_P', 'EMB_P', 'EMB_P', 'EMB_P', 'EMB_P', 'EMB_P', 'EMB_P', 'EMB_P', 'EMB_P', 'EMB_P', 'EMB_P', 'EMB_P', 'EMB_P', 'EMB_P', 'EMB_P', 'EMB_P', 'EMB_P', 'EMB_P', 'EMB_P', 'EMB_P', 'EMB_P', 'EMB_P', 'EMB_P', 'EMB_P', 'EMB_P', 'EMB_P', 'EMB_P', 'EMB_P', 'EMB_P', 'EMB_P', 'EMB_P', 'EMB_P', 'EMB_P', 'EMB_P', 'EMB_P', 'EMB_P', 'EMB_P', 'EMB_P', 'EMB_P', 'EMB_P', 'EMB_P', 'EMB_P', 'EMB_P', 'EMB_P', 'EMB_P', 'EMB_P', 'EMB_P', 'EMB_P', 'EMB_P', 'EMB_P', 'EMB_P', 'EMB_P', 'EMB_P', 'EMB_P', 'EMB_P']","['EMB_O', 'EMB_O', 'EMB_O', 'EMB_O', 'EMB_O', 'EMB_O', 'EMB_O', 'EMB_O', 'EMB_O', 'EMB_O', 'EMB_O', 'EMB_O', 'EMB_O', 'EMB_O', 'OPN_B', 'OPN_I', 'OPN_E', 'EMB_O', 'EMB_O', 'EMB_O', 'EMB_O', 'EMB_O', 'EMB_O', 'EMB_O', 'EMB_O', 'EMB_P', 'EMB_P', 'EMB_P', 'EMB_P', 'EMB_P', 'EMB_P', 'EMB_P', 'EMB_P', 'EMB_P', 'EMB_P', 'EMB_P', 'EMB_P', 'EMB_P', 'EMB_P', 'EMB_P', 'EMB_P', 'EMB_P', 'EMB_P', 'EMB_P', 'EMB_P', 'EMB_P', 'EMB_P', 'EMB_P', 'EMB_P', 'EMB_P', 'EMB_P', 'EMB_P', 'EMB_P', 'EMB_P', 'EMB_P', 'EMB_P', 'EMB_P', 'EMB_P', 'EMB_P', 'EMB_P', 'EMB_P', 'EMB_P', 'EMB_P', 'EMB_P', 'EMB_P', 'EMB_P', 'EMB_P', 'EMB_P', 'EMB_P', 'EMB_P', 'EMB_P', 'EMB_P', 'EMB_P', 'EMB_P', 'EMB_P', 'EMB_P', 'EMB_P', 'EMB_P', 'EMB_P', 'EMB_P', 'EMB_P', 'EMB_P', 'EMB_P', 'EMB_P', 'EMB_P', 'EMB_P', 'EMB_P', 'EMB_P', 'EMB_P', 'EMB_P', 'EMB_P', 'EMB_P', 'EMB_P', 'EMB_P', 'EMB_P', 'EMB_P', 'EMB_P', 'EMB_P', 'EMB_P', 'EMB_P', 'EMB_P', 'EMB_P', 'EMB_P', 'EMB_P', 'EMB_P', 'EMB_P', 'EMB_P', 'EMB_P', 'EMB_P', 'EMB_P', 'EMB_P', 'EMB_P', 'EMB_P', 'EMB_P', 'EMB_P', 'EMB_P', 'EMB_P', 'EMB_P', 'EMB_P', 'EMB_P', 'EMB_P', 'EMB_P', 'EMB_P', 'EMB_P', 'EMB_P', 'EMB_P', 'EMB_P', 'EMB_P']"
65,Сервіс,привітно,26152:8_1047,"Сервіс: зустріли привітно, повісили одяг в шафу, проводили за стіл.",6.67,6.0,"['EMB_O', 'ASP_B', 'ASP_I', 'ASP_E', 'EMB_O', 'EMB_O', 'EMB_O', 'EMB_O', 'EMB_O', 'EMB_O', 'EMB_O', 'EMB_O', 'EMB_O', 'EMB_O', 'EMB_O', 'EMB_O', 'EMB_O', 'EMB_O', 'EMB_O', 'EMB_O', 'EMB_O', 'EMB_O', 'EMB_O', 'EMB_O', 'EMB_O', 'EMB_O', 'EMB_O', 'EMB_O', 'EMB_O', 'EMB_P', 'EMB_P', 'EMB_P', 'EMB_P', 'EMB_P', 'EMB_P', 'EMB_P', 'EMB_P', 'EMB_P', 'EMB_P', 'EMB_P', 'EMB_P', 'EMB_P', 'EMB_P', 'EMB_P', 'EMB_P', 'EMB_P', 'EMB_P', 'EMB_P', 'EMB_P', 'EMB_P', 'EMB_P', 'EMB_P', 'EMB_P', 'EMB_P', 'EMB_P', 'EMB_P', 'EMB_P', 'EMB_P', 'EMB_P', 'EMB_P', 'EMB_P', 'EMB_P', 'EMB_P', 'EMB_P', 'EMB_P', 'EMB_P', 'EMB_P', 'EMB_P', 'EMB_P', 'EMB_P', 'EMB_P', 'EMB_P', 'EMB_P', 'EMB_P', 'EMB_P', 'EMB_P', 'EMB_P', 'EMB_P', 'EMB_P', 'EMB_P', 'EMB_P', 'EMB_P', 'EMB_P', 'EMB_P', 'EMB_P', 'EMB_P', 'EMB_P', 'EMB_P', 'EMB_P', 'EMB_P', 'EMB_P', 'EMB_P', 'EMB_P', 'EMB_P', 'EMB_P', 'EMB_P', 'EMB_P', 'EMB_P', 'EMB_P', 'EMB_P', 'EMB_P', 'EMB_P', 'EMB_P', 'EMB_P', 'EMB_P', 'EMB_P', 'EMB_P', 'EMB_P', 'EMB_P', 'EMB_P', 'EMB_P', 'EMB_P', 'EMB_P', 'EMB_P', 'EMB_P', 'EMB_P', 'EMB_P', 'EMB_P', 'EMB_P', 'EMB_P', 'EMB_P', 'EMB_P', 'EMB_P', 'EMB_P', 'EMB_P', 'EMB_P', 'EMB_P', 'EMB_P']","['EMB_O', 'EMB_O', 'EMB_O', 'EMB_O', 'EMB_O', 'EMB_O', 'EMB_O', 'EMB_O', 'EMB_O', 'OPN_B', 'OPN_I', 'OPN_E', 'EMB_O', 'EMB_O', 'EMB_O', 'EMB_O', 'EMB_O', 'EMB_O', 'EMB_O', 'EMB_O', 'EMB_O', 'EMB_O', 'EMB_O', 'EMB_O', 'EMB_O', 'EMB_O', 'EMB_O', 'EMB_O', 'EMB_O', 'EMB_P', 'EMB_P', 'EMB_P', 'EMB_P', 'EMB_P', 'EMB_P', 'EMB_P', 'EMB_P', 'EMB_P', 'EMB_P', 'EMB_P', 'EMB_P', 'EMB_P', 'EMB_P', 'EMB_P', 'EMB_P', 'EMB_P', 'EMB_P', 'EMB_P', 'EMB_P', 'EMB_P', 'EMB_P', 'EMB_P', 'EMB_P', 'EMB_P', 'EMB_P', 'EMB_P', 'EMB_P', 'EMB_P', 'EMB_P', 'EMB_P', 'EMB_P', 'EMB_P', 'EMB_P', 'EMB_P', 'EMB_P', 'EMB_P', 'EMB_P', 'EMB_P', 'EMB_P', 'EMB_P', 'EMB_P', 'EMB_P', 'EMB_P', 'EMB_P', 'EMB_P', 'EMB_P', 'EMB_P', 'EMB_P', 'EMB_P', 'EMB_P', 'EMB_P', 'EMB_P', 'EMB_P', 'EMB_P', 'EMB_P', 'EMB_P', 'EMB_P', 'EMB_P', 'EMB_P', 'EMB_P', 'EMB_P', 'EMB_P', 'EMB_P', 'EMB_P', 'EMB_P', 'EMB_P', 'EMB_P', 'EMB_P', 'EMB_P', 'EMB_P', 'EMB_P', 'EMB_P', 'EMB_P', 'EMB_P', 'EMB_P', 'EMB_P', 'EMB_P', 'EMB_P', 'EMB_P', 'EMB_P', 'EMB_P', 'EMB_P', 'EMB_P', 'EMB_P', 'EMB_P', 'EMB_P', 'EMB_P', 'EMB_P', 'EMB_P', 'EMB_P', 'EMB_P', 'EMB_P', 'EMB_P', 'EMB_P', 'EMB_P', 'EMB_P', 'EMB_P', 'EMB_P']"
66,Персонал,старається,26152:13_1048,"Персонал старається, сподіваюся так буде продовжуватися і далі.",6.5,5.7,"['EMB_O', 'ASP_B', 'ASP_I', 'ASP_E', 'EMB_O', 'EMB_O', 'EMB_O', 'EMB_O', 'EMB_O', 'EMB_O', 'EMB_O', 'EMB_O', 'EMB_O', 'EMB_O', 'EMB_O', 'EMB_O', 'EMB_O', 'EMB_O', 'EMB_O', 'EMB_O', 'EMB_O', 'EMB_O', 'EMB_O', 'EMB_P', 'EMB_P', 'EMB_P', 'EMB_P', 'EMB_P', 'EMB_P', 'EMB_P', 'EMB_P', 'EMB_P', 'EMB_P', 'EMB_P', 'EMB_P', 'EMB_P', 'EMB_P', 'EMB_P', 'EMB_P', 'EMB_P', 'EMB_P', 'EMB_P', 'EMB_P', 'EMB_P', 'EMB_P', 'EMB_P', 'EMB_P', 'EMB_P', 'EMB_P', 'EMB_P', 'EMB_P', 'EMB_P', 'EMB_P', 'EMB_P', 'EMB_P', 'EMB_P', 'EMB_P', 'EMB_P', 'EMB_P', 'EMB_P', 'EMB_P', 'EMB_P', 'EMB_P', 'EMB_P', 'EMB_P', 'EMB_P', 'EMB_P', 'EMB_P', 'EMB_P', 'EMB_P', 'EMB_P', 'EMB_P', 'EMB_P', 'EMB_P', 'EMB_P', 'EMB_P', 'EMB_P', 'EMB_P', 'EMB_P', 'EMB_P', 'EMB_P', 'EMB_P', 'EMB_P', 'EMB_P', 'EMB_P', 'EMB_P', 'EMB_P', 'EMB_P', 'EMB_P', 'EMB_P', 'EMB_P', 'EMB_P', 'EMB_P', 'EMB_P', 'EMB_P', 'EMB_P', 'EMB_P', 'EMB_P', 'EMB_P', 'EMB_P', 'EMB_P', 'EMB_P', 'EMB_P', 'EMB_P', 'EMB_P', 'EMB_P', 'EMB_P', 'EMB_P', 'EMB_P', 'EMB_P', 'EMB_P', 'EMB_P', 'EMB_P', 'EMB_P', 'EMB_P', 'EMB_P', 'EMB_P', 'EMB_P', 'EMB_P', 'EMB_P', 'EMB_P', 'EMB_P', 'EMB_P', 'EMB_P', 'EMB_P', 'EMB_P', 'EMB_P', 'EMB_P']","['EMB_O', 'EMB_O', 'EMB_O', 'EMB_O', 'OPN_B', 'OPN_I', 'OPN_E', 'EMB_O', 'EMB_O', 'EMB_O', 'EMB_O', 'EMB_O', 'EMB_O', 'EMB_O', 'EMB_O', 'EMB_O', 'EMB_O', 'EMB_O', 'EMB_O', 'EMB_O', 'EMB_O', 'EMB_O', 'EMB_O', 'EMB_P', 'EMB_P', 'EMB_P', 'EMB_P', 'EMB_P', 'EMB_P', 'EMB_P', 'EMB_P', 'EMB_P', 'EMB_P', 'EMB_P', 'EMB_P', 'EMB_P', 'EMB_P', 'EMB_P', 'EMB_P', 'EMB_P', 'EMB_P', 'EMB_P', 'EMB_P', 'EMB_P', 'EMB_P', 'EMB_P', 'EMB_P', 'EMB_P', 'EMB_P', 'EMB_P', 'EMB_P', 'EMB_P', 'EMB_P', 'EMB_P', 'EMB_P', 'EMB_P', 'EMB_P', 'EMB_P', 'EMB_P', 'EMB_P', 'EMB_P', 'EMB_P', 'EMB_P', 'EMB_P', 'EMB_P', 'EMB_P', 'EMB_P', 'EMB_P', 'EMB_P', 'EMB_P', 'EMB_P', 'EMB_P', 'EMB_P', 'EMB_P', 'EMB_P', 'EMB_P', 'EMB_P', 'EMB_P', 'EMB_P', 'EMB_P', 'EMB_P', 'EMB_P', 'EMB_P', 'EMB_P', 'EMB_P', 'EMB_P', 'EMB_P', 'EMB_P', 'EMB_P', 'EMB_P', 'EMB_P', 'EMB_P', 'EMB_P', 'EMB_P', 'EMB_P', 'EMB_P', 'EMB_P', 'EMB_P', 'EMB_P', 'EMB_P', 'EMB_P', 'EMB_P', 'EMB_P', 'EMB_P', 'EMB_P', 'EMB_P', 'EMB_P', 'EMB_P', 'EMB_P', 'EMB_P', 'EMB_P', 'EMB_P', 'EMB_P', 'EMB_P', 'EMB_P', 'EMB_P', 'EMB_P', 'EMB_P', 'EMB_P', 'EMB_P', 'EMB_P', 'EMB_P', 'EMB_P', 'EMB_P', 'EMB_P', 'EMB_P', 'EMB_P', 'EMB_P']"
67,сиру,багато,26152:14_1049,"Кухня: хачапурі по - аджарськи-багато сиру, м'яке тісто... відмінно.",6.9,6.4,"['EMB_O', 'EMB_O', 'EMB_O', 'EMB_O', 'EMB_O', 'EMB_O', 'EMB_O', 'EMB_O', 'EMB_O', 'EMB_O', 'EMB_O', 'EMB_O', 'EMB_O', 'EMB_O', 'EMB_O', 'EMB_O', 'EMB_O', 'ASP_B', 'ASP_E', 'EMB_O', 'EMB_O', 'EMB_O', 'EMB_O', 'EMB_O', 'EMB_O', 'EMB_O', 'EMB_O', 'EMB_O', 'EMB_O', 'EMB_O', 'EMB_O', 'EMB_O', 'EMB_O', 'EMB_P', 'EMB_P', 'EMB_P', 'EMB_P', 'EMB_P', 'EMB_P', 'EMB_P', 'EMB_P', 'EMB_P', 'EMB_P', 'EMB_P', 'EMB_P', 'EMB_P', 'EMB_P', 'EMB_P', 'EMB_P', 'EMB_P', 'EMB_P', 'EMB_P', 'EMB_P', 'EMB_P', 'EMB_P', 'EMB_P', 'EMB_P', 'EMB_P', 'EMB_P', 'EMB_P', 'EMB_P', 'EMB_P', 'EMB_P', 'EMB_P', 'EMB_P', 'EMB_P', 'EMB_P', 'EMB_P', 'EMB_P', 'EMB_P', 'EMB_P', 'EMB_P', 'EMB_P', 'EMB_P', 'EMB_P', 'EMB_P', 'EMB_P', 'EMB_P', 'EMB_P', 'EMB_P', 'EMB_P', 'EMB_P', 'EMB_P', 'EMB_P', 'EMB_P', 'EMB_P', 'EMB_P', 'EMB_P', 'EMB_P', 'EMB_P', 'EMB_P', 'EMB_P', 'EMB_P', 'EMB_P', 'EMB_P', 'EMB_P', 'EMB_P', 'EMB_P', 'EMB_P', 'EMB_P', 'EMB_P', 'EMB_P', 'EMB_P', 'EMB_P', 'EMB_P', 'EMB_P', 'EMB_P', 'EMB_P', 'EMB_P', 'EMB_P', 'EMB_P', 'EMB_P', 'EMB_P', 'EMB_P', 'EMB_P', 'EMB_P', 'EMB_P', 'EMB_P', 'EMB_P', 'EMB_P', 'EMB_P', 'EMB_P', 'EMB_P', 'EMB_P', 'EMB_P', 'EMB_P', 'EMB_P', 'EMB_P']","['EMB_O', 'EMB_O', 'EMB_O', 'EMB_O', 'EMB_O', 'EMB_O', 'EMB_O', 'EMB_O', 'EMB_O', 'EMB_O', 'EMB_O', 'EMB_O', 'EMB_O', 'EMB_O', 'EMB_O', 'EMB_O', 'OPN_S', 'EMB_O', 'EMB_O', 'EMB_O', 'EMB_O', 'EMB_O', 'EMB_O', 'EMB_O', 'EMB_O', 'EMB_O', 'EMB_O', 'EMB_O', 'EMB_O', 'EMB_O', 'EMB_O', 'EMB_O', 'EMB_O', 'EMB_P', 'EMB_P', 'EMB_P', 'EMB_P', 'EMB_P', 'EMB_P', 'EMB_P', 'EMB_P', 'EMB_P', 'EMB_P', 'EMB_P', 'EMB_P', 'EMB_P', 'EMB_P', 'EMB_P', 'EMB_P', 'EMB_P', 'EMB_P', 'EMB_P', 'EMB_P', 'EMB_P', 'EMB_P', 'EMB_P', 'EMB_P', 'EMB_P', 'EMB_P', 'EMB_P', 'EMB_P', 'EMB_P', 'EMB_P', 'EMB_P', 'EMB_P', 'EMB_P', 'EMB_P', 'EMB_P', 'EMB_P', 'EMB_P', 'EMB_P', 'EMB_P', 'EMB_P', 'EMB_P', 'EMB_P', 'EMB_P', 'EMB_P', 'EMB_P', 'EMB_P', 'EMB_P', 'EMB_P', 'EMB_P', 'EMB_P', 'EMB_P', 'EMB_P', 'EMB_P', 'EMB_P', 'EMB_P', 'EMB_P', 'EMB_P', 'EMB_P', 'EMB_P', 'EMB_P', 'EMB_P', 'EMB_P', 'EMB_P', 'EMB_P', 'EMB_P', 'EMB_P', 'EMB_P', 'EMB_P', 'EMB_P', 'EMB_P', 'EMB_P', 'EMB_P', 'EMB_P', 'EMB_P', 'EMB_P', 'EMB_P', 'EMB_P', 'EMB_P', 'EMB_P', 'EMB_P', 'EMB_P', 'EMB_P', 'EMB_P', 'EMB_P', 'EMB_P', 'EMB_P', 'EMB_P', 'EMB_P', 'EMB_P', 'EMB_P', 'EMB_P', 'EMB_P', 'EMB_P', 'EMB_P', 'EMB_P']"
68,тісто,м'яке,26152:14_1049,"Кухня: хачапурі по - аджарськи-багато сиру, м'яке тісто... відмінно.",6.8,6.4,"['EMB_O', 'EMB_O', 'EMB_O', 'EMB_O', 'EMB_O', 'EMB_O', 'EMB_O', 'EMB_O', 'EMB_O', 'EMB_O', 'EMB_O', 'EMB_O', 'EMB_O', 'EMB_O', 'EMB_O', 'EMB_O', 'EMB_O', 'EMB_O', 'EMB_O', 'EMB_O', 'EMB_O', 'EMB_O', 'EMB_O', 'ASP_B', 'ASP_E', 'EMB_O', 'EMB_O', 'EMB_O', 'EMB_O', 'EMB_O', 'EMB_O', 'EMB_O', 'EMB_O', 'EMB_P', 'EMB_P', 'EMB_P', 'EMB_P', 'EMB_P', 'EMB_P', 'EMB_P', 'EMB_P', 'EMB_P', 'EMB_P', 'EMB_P', 'EMB_P', 'EMB_P', 'EMB_P', 'EMB_P', 'EMB_P', 'EMB_P', 'EMB_P', 'EMB_P', 'EMB_P', 'EMB_P', 'EMB_P', 'EMB_P', 'EMB_P', 'EMB_P', 'EMB_P', 'EMB_P', 'EMB_P', 'EMB_P', 'EMB_P', 'EMB_P', 'EMB_P', 'EMB_P', 'EMB_P', 'EMB_P', 'EMB_P', 'EMB_P', 'EMB_P', 'EMB_P', 'EMB_P', 'EMB_P', 'EMB_P', 'EMB_P', 'EMB_P', 'EMB_P', 'EMB_P', 'EMB_P', 'EMB_P', 'EMB_P', 'EMB_P', 'EMB_P', 'EMB_P', 'EMB_P', 'EMB_P', 'EMB_P', 'EMB_P', 'EMB_P', 'EMB_P', 'EMB_P', 'EMB_P', 'EMB_P', 'EMB_P', 'EMB_P', 'EMB_P', 'EMB_P', 'EMB_P', 'EMB_P', 'EMB_P', 'EMB_P', 'EMB_P', 'EMB_P', 'EMB_P', 'EMB_P', 'EMB_P', 'EMB_P', 'EMB_P', 'EMB_P', 'EMB_P', 'EMB_P', 'EMB_P', 'EMB_P', 'EMB_P', 'EMB_P', 'EMB_P', 'EMB_P', 'EMB_P', 'EMB_P', 'EMB_P', 'EMB_P', 'EMB_P', 'EMB_P', 'EMB_P', 'EMB_P', 'EMB_P', 'EMB_P']","['EMB_O', 'EMB_O', 'EMB_O', 'EMB_O', 'EMB_O', 'EMB_O', 'EMB_O', 'EMB_O', 'EMB_O', 'EMB_O', 'EMB_O', 'EMB_O', 'EMB_O', 'EMB_O', 'EMB_O', 'EMB_O', 'EMB_O', 'EMB_O', 'EMB_O', 'EMB_O', 'OPN_B', 'OPN_I', 'OPN_E', 'EMB_O', 'EMB_O', 'EMB_O', 'EMB_O', 'EMB_O', 'EMB_O', 'EMB_O', 'EMB_O', 'EMB_O', 'EMB_O', 'EMB_P', 'EMB_P', 'EMB_P', 'EMB_P', 'EMB_P', 'EMB_P', 'EMB_P', 'EMB_P', 'EMB_P', 'EMB_P', 'EMB_P', 'EMB_P', 'EMB_P', 'EMB_P', 'EMB_P', 'EMB_P', 'EMB_P', 'EMB_P', 'EMB_P', 'EMB_P', 'EMB_P', 'EMB_P', 'EMB_P', 'EMB_P', 'EMB_P', 'EMB_P', 'EMB_P', 'EMB_P', 'EMB_P', 'EMB_P', 'EMB_P', 'EMB_P', 'EMB_P', 'EMB_P', 'EMB_P', 'EMB_P', 'EMB_P', 'EMB_P', 'EMB_P', 'EMB_P', 'EMB_P', 'EMB_P', 'EMB_P', 'EMB_P', 'EMB_P', 'EMB_P', 'EMB_P', 'EMB_P', 'EMB_P', 'EMB_P', 'EMB_P', 'EMB_P', 'EMB_P', 'EMB_P', 'EMB_P', 'EMB_P', 'EMB_P', 'EMB_P', 'EMB_P', 'EMB_P', 'EMB_P', 'EMB_P', 'EMB_P', 'EMB_P', 'EMB_P', 'EMB_P', 'EMB_P', 'EMB_P', 'EMB_P', 'EMB_P', 'EMB_P', 'EMB_P', 'EMB_P', 'EMB_P', 'EMB_P', 'EMB_P', 'EMB_P', 'EMB_P', 'EMB_P', 'EMB_P', 'EMB_P', 'EMB_P', 'EMB_P', 'EMB_P', 'EMB_P', 'EMB_P', 'EMB_P', 'EMB_P', 'EMB_P', 'EMB_P', 'EMB_P', 'EMB_P', 'EMB_P', 'EMB_P', 'EMB_P']"
69,Салат з лососем,сподобалося,26152:15_1050,"Салат з лососем-велика порція, незвичайна заправка, вцілому сподобалося.",6.88,6.25,"['EMB_O', 'ASP_B', 'ASP_I', 'ASP_I', 'ASP_I', 'ASP_I', 'ASP_E', 'EMB_O', 'EMB_O', 'EMB_O', 'EMB_O', 'EMB_O', 'EMB_O', 'EMB_O', 'EMB_O', 'EMB_O', 'EMB_O', 'EMB_O', 'EMB_O', 'EMB_O', 'EMB_O', 'EMB_O', 'EMB_O', 'EMB_O', 'EMB_O', 'EMB_O', 'EMB_O', 'EMB_O', 'EMB_O', 'EMB_O', 'EMB_P', 'EMB_P', 'EMB_P', 'EMB_P', 'EMB_P', 'EMB_P', 'EMB_P', 'EMB_P', 'EMB_P', 'EMB_P', 'EMB_P', 'EMB_P', 'EMB_P', 'EMB_P', 'EMB_P', 'EMB_P', 'EMB_P', 'EMB_P', 'EMB_P', 'EMB_P', 'EMB_P', 'EMB_P', 'EMB_P', 'EMB_P', 'EMB_P', 'EMB_P', 'EMB_P', 'EMB_P', 'EMB_P', 'EMB_P', 'EMB_P', 'EMB_P', 'EMB_P', 'EMB_P', 'EMB_P', 'EMB_P', 'EMB_P', 'EMB_P', 'EMB_P', 'EMB_P', 'EMB_P', 'EMB_P', 'EMB_P', 'EMB_P', 'EMB_P', 'EMB_P', 'EMB_P', 'EMB_P', 'EMB_P', 'EMB_P', 'EMB_P', 'EMB_P', 'EMB_P', 'EMB_P', 'EMB_P', 'EMB_P', 'EMB_P', 'EMB_P', 'EMB_P', 'EMB_P', 'EMB_P', 'EMB_P', 'EMB_P', 'EMB_P', 'EMB_P', 'EMB_P', 'EMB_P', 'EMB_P', 'EMB_P', 'EMB_P', 'EMB_P', 'EMB_P', 'EMB_P', 'EMB_P', 'EMB_P', 'EMB_P', 'EMB_P', 'EMB_P', 'EMB_P', 'EMB_P', 'EMB_P', 'EMB_P', 'EMB_P', 'EMB_P', 'EMB_P', 'EMB_P', 'EMB_P', 'EMB_P', 'EMB_P', 'EMB_P', 'EMB_P', 'EMB_P', 'EMB_P', 'EMB_P', 'EMB_P', 'EMB_P', 'EMB_P', 'EMB_P']","['EMB_O', 'EMB_O', 'EMB_O', 'EMB_O', 'EMB_O', 'EMB_O', 'EMB_O', 'EMB_O', 'EMB_O', 'EMB_O', 'EMB_O', 'EMB_O', 'EMB_O', 'EMB_O', 'EMB_O', 'EMB_O', 'EMB_O', 'EMB_O', 'EMB_O', 'EMB_O', 'EMB_O', 'EMB_O', 'EMB_O', 'OPN_B', 'OPN_I', 'OPN_I', 'OPN_I', 'OPN_E', 'EMB_O', 'EMB_O', 'EMB_P', 'EMB_P', 'EMB_P', 'EMB_P', 'EMB_P', 'EMB_P', 'EMB_P', 'EMB_P', 'EMB_P', 'EMB_P', 'EMB_P', 'EMB_P', 'EMB_P', 'EMB_P', 'EMB_P', 'EMB_P', 'EMB_P', 'EMB_P', 'EMB_P', 'EMB_P', 'EMB_P', 'EMB_P', 'EMB_P', 'EMB_P', 'EMB_P', 'EMB_P', 'EMB_P', 'EMB_P', 'EMB_P', 'EMB_P', 'EMB_P', 'EMB_P', 'EMB_P', 'EMB_P', 'EMB_P', 'EMB_P', 'EMB_P', 'EMB_P', 'EMB_P', 'EMB_P', 'EMB_P', 'EMB_P', 'EMB_P', 'EMB_P', 'EMB_P', 'EMB_P', 'EMB_P', 'EMB_P', 'EMB_P', 'EMB_P', 'EMB_P', 'EMB_P', 'EMB_P', 'EMB_P', 'EMB_P', 'EMB_P', 'EMB_P', 'EMB_P', 'EMB_P', 'EMB_P', 'EMB_P', 'EMB_P', 'EMB_P', 'EMB_P', 'EMB_P', 'EMB_P', 'EMB_P', 'EMB_P', 'EMB_P', 'EMB_P', 'EMB_P', 'EMB_P', 'EMB_P', 'EMB_P', 'EMB_P', 'EMB_P', 'EMB_P', 'EMB_P', 'EMB_P', 'EMB_P', 'EMB_P', 'EMB_P', 'EMB_P', 'EMB_P', 'EMB_P', 'EMB_P', 'EMB_P', 'EMB_P', 'EMB_P', 'EMB_P', 'EMB_P', 'EMB_P', 'EMB_P', 'EMB_P', 'EMB_P', 'EMB_P', 'EMB_P', 'EMB_P']"
70,порція,велика,26152:15_1050,"Салат з лососем-велика порція, незвичайна заправка, вцілому сподобалося.",6.9,6.3,"['EMB_O', 'EMB_O', 'EMB_O', 'EMB_O', 'EMB_O', 'EMB_O', 'EMB_O', 'EMB_O', 'EMB_O', 'ASP_B', 'ASP_E', 'EMB_O', 'EMB_O', 'EMB_O', 'EMB_O', 'EMB_O', 'EMB_O', 'EMB_O', 'EMB_O', 'EMB_O', 'EMB_O', 'EMB_O', 'EMB_O', 'EMB_O', 'EMB_O', 'EMB_O', 'EMB_O', 'EMB_O', 'EMB_O', 'EMB_O', 'EMB_P', 'EMB_P', 'EMB_P', 'EMB_P', 'EMB_P', 'EMB_P', 'EMB_P', 'EMB_P', 'EMB_P', 'EMB_P', 'EMB_P', 'EMB_P', 'EMB_P', 'EMB_P', 'EMB_P', 'EMB_P', 'EMB_P', 'EMB_P', 'EMB_P', 'EMB_P', 'EMB_P', 'EMB_P', 'EMB_P', 'EMB_P', 'EMB_P', 'EMB_P', 'EMB_P', 'EMB_P', 'EMB_P', 'EMB_P', 'EMB_P', 'EMB_P', 'EMB_P', 'EMB_P', 'EMB_P', 'EMB_P', 'EMB_P', 'EMB_P', 'EMB_P', 'EMB_P', 'EMB_P', 'EMB_P', 'EMB_P', 'EMB_P', 'EMB_P', 'EMB_P', 'EMB_P', 'EMB_P', 'EMB_P', 'EMB_P', 'EMB_P', 'EMB_P', 'EMB_P', 'EMB_P', 'EMB_P', 'EMB_P', 'EMB_P', 'EMB_P', 'EMB_P', 'EMB_P', 'EMB_P', 'EMB_P', 'EMB_P', 'EMB_P', 'EMB_P', 'EMB_P', 'EMB_P', 'EMB_P', 'EMB_P', 'EMB_P', 'EMB_P', 'EMB_P', 'EMB_P', 'EMB_P', 'EMB_P', 'EMB_P', 'EMB_P', 'EMB_P', 'EMB_P', 'EMB_P', 'EMB_P', 'EMB_P', 'EMB_P', 'EMB_P', 'EMB_P', 'EMB_P', 'EMB_P', 'EMB_P', 'EMB_P', 'EMB_P', 'EMB_P', 'EMB_P', 'EMB_P', 'EMB_P', 'EMB_P', 'EMB_P', 'EMB_P', 'EMB_P']","['EMB_O', 'EMB_O', 'EMB_O', 'EMB_O', 'EMB_O', 'EMB_O', 'EMB_O', 'EMB_O', 'OPN_S', 'EMB_O', 'EMB_O', 'EMB_O', 'EMB_O', 'EMB_O', 'EMB_O', 'EMB_O', 'EMB_O', 'EMB_O', 'EMB_O', 'EMB_O', 'EMB_O', 'EMB_O', 'EMB_O', 'EMB_O', 'EMB_O', 'EMB_O', 'EMB_O', 'EMB_O', 'EMB_O', 'EMB_O', 'EMB_P', 'EMB_P', 'EMB_P', 'EMB_P', 'EMB_P', 'EMB_P', 'EMB_P', 'EMB_P', 'EMB_P', 'EMB_P', 'EMB_P', 'EMB_P', 'EMB_P', 'EMB_P', 'EMB_P', 'EMB_P', 'EMB_P', 'EMB_P', 'EMB_P', 'EMB_P', 'EMB_P', 'EMB_P', 'EMB_P', 'EMB_P', 'EMB_P', 'EMB_P', 'EMB_P', 'EMB_P', 'EMB_P', 'EMB_P', 'EMB_P', 'EMB_P', 'EMB_P', 'EMB_P', 'EMB_P', 'EMB_P', 'EMB_P', 'EMB_P', 'EMB_P', 'EMB_P', 'EMB_P', 'EMB_P', 'EMB_P', 'EMB_P', 'EMB_P', 'EMB_P', 'EMB_P', 'EMB_P', 'EMB_P', 'EMB_P', 'EMB_P', 'EMB_P', 'EMB_P', 'EMB_P', 'EMB_P', 'EMB_P', 'EMB_P', 'EMB_P', 'EMB_P', 'EMB_P', 'EMB_P', 'EMB_P', 'EMB_P', 'EMB_P', 'EMB_P', 'EMB_P', 'EMB_P', 'EMB_P', 'EMB_P', 'EMB_P', 'EMB_P', 'EMB_P', 'EMB_P', 'EMB_P', 'EMB_P', 'EMB_P', 'EMB_P', 'EMB_P', 'EMB_P', 'EMB_P', 'EMB_P', 'EMB_P', 'EMB_P', 'EMB_P', 'EMB_P', 'EMB_P', 'EMB_P', 'EMB_P', 'EMB_P', 'EMB_P', 'EMB_P', 'EMB_P', 'EMB_P', 'EMB_P', 'EMB_P', 'EMB_P', 'EMB_P', 'EMB_P']"
71,заправка,незвичайна,26152:15_1050,"Салат з лососем-велика порція, незвичайна заправка, вцілому сподобалося.",6.9,6.2,"['EMB_O', 'EMB_O', 'EMB_O', 'EMB_O', 'EMB_O', 'EMB_O', 'EMB_O', 'EMB_O', 'EMB_O', 'EMB_O', 'EMB_O', 'EMB_O', 'EMB_O', 'EMB_O', 'EMB_O', 'EMB_O', 'ASP_B', 'ASP_I', 'ASP_E', 'EMB_O', 'EMB_O', 'EMB_O', 'EMB_O', 'EMB_O', 'EMB_O', 'EMB_O', 'EMB_O', 'EMB_O', 'EMB_O', 'EMB_O', 'EMB_P', 'EMB_P', 'EMB_P', 'EMB_P', 'EMB_P', 'EMB_P', 'EMB_P', 'EMB_P', 'EMB_P', 'EMB_P', 'EMB_P', 'EMB_P', 'EMB_P', 'EMB_P', 'EMB_P', 'EMB_P', 'EMB_P', 'EMB_P', 'EMB_P', 'EMB_P', 'EMB_P', 'EMB_P', 'EMB_P', 'EMB_P', 'EMB_P', 'EMB_P', 'EMB_P', 'EMB_P', 'EMB_P', 'EMB_P', 'EMB_P', 'EMB_P', 'EMB_P', 'EMB_P', 'EMB_P', 'EMB_P', 'EMB_P', 'EMB_P', 'EMB_P', 'EMB_P', 'EMB_P', 'EMB_P', 'EMB_P', 'EMB_P', 'EMB_P', 'EMB_P', 'EMB_P', 'EMB_P', 'EMB_P', 'EMB_P', 'EMB_P', 'EMB_P', 'EMB_P', 'EMB_P', 'EMB_P', 'EMB_P', 'EMB_P', 'EMB_P', 'EMB_P', 'EMB_P', 'EMB_P', 'EMB_P', 'EMB_P', 'EMB_P', 'EMB_P', 'EMB_P', 'EMB_P', 'EMB_P', 'EMB_P', 'EMB_P', 'EMB_P', 'EMB_P', 'EMB_P', 'EMB_P', 'EMB_P', 'EMB_P', 'EMB_P', 'EMB_P', 'EMB_P', 'EMB_P', 'EMB_P', 'EMB_P', 'EMB_P', 'EMB_P', 'EMB_P', 'EMB_P', 'EMB_P', 'EMB_P', 'EMB_P', 'EMB_P', 'EMB_P', 'EMB_P', 'EMB_P', 'EMB_P', 'EMB_P', 'EMB_P', 'EMB_P', 'EMB_P']","['EMB_O', 'EMB_O', 'EMB_O', 'EMB_O', 'EMB_O', 'EMB_O', 'EMB_O', 'EMB_O', 'EMB_O', 'EMB_O', 'EMB_O', 'EMB_O', 'OPN_B', 'OPN_I', 'OPN_I', 'OPN_E', 'EMB_O', 'EMB_O', 'EMB_O', 'EMB_O', 'EMB_O', 'EMB_O', 'EMB_O', 'EMB_O', 'EMB_O', 'EMB_O', 'EMB_O', 'EMB_O', 'EMB_O', 'EMB_O', 'EMB_P', 'EMB_P', 'EMB_P', 'EMB_P', 'EMB_P', 'EMB_P', 'EMB_P', 'EMB_P', 'EMB_P', 'EMB_P', 'EMB_P', 'EMB_P', 'EMB_P', 'EMB_P', 'EMB_P', 'EMB_P', 'EMB_P', 'EMB_P', 'EMB_P', 'EMB_P', 'EMB_P', 'EMB_P', 'EMB_P', 'EMB_P', 'EMB_P', 'EMB_P', 'EMB_P', 'EMB_P', 'EMB_P', 'EMB_P', 'EMB_P', 'EMB_P', 'EMB_P', 'EMB_P', 'EMB_P', 'EMB_P', 'EMB_P', 'EMB_P', 'EMB_P', 'EMB_P', 'EMB_P', 'EMB_P', 'EMB_P', 'EMB_P', 'EMB_P', 'EMB_P', 'EMB_P', 'EMB_P', 'EMB_P', 'EMB_P', 'EMB_P', 'EMB_P', 'EMB_P', 'EMB_P', 'EMB_P', 'EMB_P', 'EMB_P', 'EMB_P', 'EMB_P', 'EMB_P', 'EMB_P', 'EMB_P', 'EMB_P', 'EMB_P', 'EMB_P', 'EMB_P', 'EMB_P', 'EMB_P', 'EMB_P', 'EMB_P', 'EMB_P', 'EMB_P', 'EMB_P', 'EMB_P', 'EMB_P', 'EMB_P', 'EMB_P', 'EMB_P', 'EMB_P', 'EMB_P', 'EMB_P', 'EMB_P', 'EMB_P', 'EMB_P', 'EMB_P', 'EMB_P', 'EMB_P', 'EMB_P', 'EMB_P', 'EMB_P', 'EMB_P', 'EMB_P', 'EMB_P', 'EMB_P', 'EMB_P', 'EMB_P', 'EMB_P', 'EMB_P']"
72,Салат від шеф-кухаря з куркою,нічого зайвого,26152:16_1051,"Салат від шеф-кухаря з куркою — нічого зайвого, нічого незвичайного, але смачно.",6.33,5.67,"['EMB_O', 'ASP_B', 'ASP_I', 'ASP_I', 'ASP_I', 'ASP_I', 'ASP_I', 'ASP_I', 'ASP_I', 'ASP_I', 'ASP_I', 'ASP_I', 'ASP_I', 'ASP_E', 'EMB_O', 'EMB_O', 'EMB_O', 'EMB_O', 'EMB_O', 'EMB_O', 'EMB_O', 'EMB_O', 'EMB_O', 'EMB_O', 'EMB_O', 'EMB_O', 'EMB_O', 'EMB_O', 'EMB_O', 'EMB_O', 'EMB_O', 'EMB_O', 'EMB_O', 'EMB_O', 'EMB_P', 'EMB_P', 'EMB_P', 'EMB_P', 'EMB_P', 'EMB_P', 'EMB_P', 'EMB_P', 'EMB_P', 'EMB_P', 'EMB_P', 'EMB_P', 'EMB_P', 'EMB_P', 'EMB_P', 'EMB_P', 'EMB_P', 'EMB_P', 'EMB_P', 'EMB_P', 'EMB_P', 'EMB_P', 'EMB_P', 'EMB_P', 'EMB_P', 'EMB_P', 'EMB_P', 'EMB_P', 'EMB_P', 'EMB_P', 'EMB_P', 'EMB_P', 'EMB_P', 'EMB_P', 'EMB_P', 'EMB_P', 'EMB_P', 'EMB_P', 'EMB_P', 'EMB_P', 'EMB_P', 'EMB_P', 'EMB_P', 'EMB_P', 'EMB_P', 'EMB_P', 'EMB_P', 'EMB_P', 'EMB_P', 'EMB_P', 'EMB_P', 'EMB_P', 'EMB_P', 'EMB_P', 'EMB_P', 'EMB_P', 'EMB_P', 'EMB_P', 'EMB_P', 'EMB_P', 'EMB_P', 'EMB_P', 'EMB_P', 'EMB_P', 'EMB_P', 'EMB_P', 'EMB_P', 'EMB_P', 'EMB_P', 'EMB_P', 'EMB_P', 'EMB_P', 'EMB_P', 'EMB_P', 'EMB_P', 'EMB_P', 'EMB_P', 'EMB_P', 'EMB_P', 'EMB_P', 'EMB_P', 'EMB_P', 'EMB_P', 'EMB_P', 'EMB_P', 'EMB_P', 'EMB_P', 'EMB_P', 'EMB_P', 'EMB_P', 'EMB_P', 'EMB_P', 'EMB_P', 'EMB_P']","['EMB_O', 'EMB_O', 'EMB_O', 'EMB_O', 'EMB_O', 'EMB_O', 'EMB_O', 'EMB_O', 'EMB_O', 'EMB_O', 'EMB_O', 'EMB_O', 'EMB_O', 'EMB_O', 'EMB_O', 'OPN_B', 'OPN_I', 'OPN_I', 'OPN_I', 'OPN_E', 'EMB_O', 'EMB_O', 'EMB_O', 'EMB_O', 'EMB_O', 'EMB_O', 'EMB_O', 'EMB_O', 'EMB_O', 'EMB_O', 'EMB_O', 'EMB_O', 'EMB_O', 'EMB_O', 'EMB_P', 'EMB_P', 'EMB_P', 'EMB_P', 'EMB_P', 'EMB_P', 'EMB_P', 'EMB_P', 'EMB_P', 'EMB_P', 'EMB_P', 'EMB_P', 'EMB_P', 'EMB_P', 'EMB_P', 'EMB_P', 'EMB_P', 'EMB_P', 'EMB_P', 'EMB_P', 'EMB_P', 'EMB_P', 'EMB_P', 'EMB_P', 'EMB_P', 'EMB_P', 'EMB_P', 'EMB_P', 'EMB_P', 'EMB_P', 'EMB_P', 'EMB_P', 'EMB_P', 'EMB_P', 'EMB_P', 'EMB_P', 'EMB_P', 'EMB_P', 'EMB_P', 'EMB_P', 'EMB_P', 'EMB_P', 'EMB_P', 'EMB_P', 'EMB_P', 'EMB_P', 'EMB_P', 'EMB_P', 'EMB_P', 'EMB_P', 'EMB_P', 'EMB_P', 'EMB_P', 'EMB_P', 'EMB_P', 'EMB_P', 'EMB_P', 'EMB_P', 'EMB_P', 'EMB_P', 'EMB_P', 'EMB_P', 'EMB_P', 'EMB_P', 'EMB_P', 'EMB_P', 'EMB_P', 'EMB_P', 'EMB_P', 'EMB_P', 'EMB_P', 'EMB_P', 'EMB_P', 'EMB_P', 'EMB_P', 'EMB_P', 'EMB_P', 'EMB_P', 'EMB_P', 'EMB_P', 'EMB_P', 'EMB_P', 'EMB_P', 'EMB_P', 'EMB_P', 'EMB_P', 'EMB_P', 'EMB_P', 'EMB_P', 'EMB_P', 'EMB_P', 'EMB_P', 'EMB_P', 'EMB_P']"
73,Тірамісу,вище всяких похвал,26152:17_1052,Тірамісу-вище всяких похвал.,8.4,7.5,"['EMB_O', 'ASP_B', 'ASP_I', 'ASP_I', 'ASP_E', 'EMB_O', 'EMB_O', 'EMB_O', 'EMB_O', 'EMB_O', 'EMB_O', 'EMB_O', 'EMB_O', 'EMB_O', 'EMB_P', 'EMB_P', 'EMB_P', 'EMB_P', 'EMB_P', 'EMB_P', 'EMB_P', 'EMB_P', 'EMB_P', 'EMB_P', 'EMB_P', 'EMB_P', 'EMB_P', 'EMB_P', 'EMB_P', 'EMB_P', 'EMB_P', 'EMB_P', 'EMB_P', 'EMB_P', 'EMB_P', 'EMB_P', 'EMB_P', 'EMB_P', 'EMB_P', 'EMB_P', 'EMB_P', 'EMB_P', 'EMB_P', 'EMB_P', 'EMB_P', 'EMB_P', 'EMB_P', 'EMB_P', 'EMB_P', 'EMB_P', 'EMB_P', 'EMB_P', 'EMB_P', 'EMB_P', 'EMB_P', 'EMB_P', 'EMB_P', 'EMB_P', 'EMB_P', 'EMB_P', 'EMB_P', 'EMB_P', 'EMB_P', 'EMB_P', 'EMB_P', 'EMB_P', 'EMB_P', 'EMB_P', 'EMB_P', 'EMB_P', 'EMB_P', 'EMB_P', 'EMB_P', 'EMB_P', 'EMB_P', 'EMB_P', 'EMB_P', 'EMB_P', 'EMB_P', 'EMB_P', 'EMB_P', 'EMB_P', 'EMB_P', 'EMB_P', 'EMB_P', 'EMB_P', 'EMB_P', 'EMB_P', 'EMB_P', 'EMB_P', 'EMB_P', 'EMB_P', 'EMB_P', 'EMB_P', 'EMB_P', 'EMB_P', 'EMB_P', 'EMB_P', 'EMB_P', 'EMB_P', 'EMB_P', 'EMB_P', 'EMB_P', 'EMB_P', 'EMB_P', 'EMB_P', 'EMB_P', 'EMB_P', 'EMB_P', 'EMB_P', 'EMB_P', 'EMB_P', 'EMB_P', 'EMB_P', 'EMB_P', 'EMB_P', 'EMB_P', 'EMB_P', 'EMB_P', 'EMB_P', 'EMB_P', 'EMB_P', 'EMB_P', 'EMB_P', 'EMB_P', 'EMB_P', 'EMB_P', 'EMB_P']","['EMB_O', 'EMB_O', 'EMB_O', 'EMB_O', 'EMB_O', 'EMB_O', 'OPN_B', 'OPN_I', 'OPN_I', 'OPN_I', 'OPN_I', 'OPN_E', 'EMB_O', 'EMB_O', 'EMB_P', 'EMB_P', 'EMB_P', 'EMB_P', 'EMB_P', 'EMB_P', 'EMB_P', 'EMB_P', 'EMB_P', 'EMB_P', 'EMB_P', 'EMB_P', 'EMB_P', 'EMB_P', 'EMB_P', 'EMB_P', 'EMB_P', 'EMB_P', 'EMB_P', 'EMB_P', 'EMB_P', 'EMB_P', 'EMB_P', 'EMB_P', 'EMB_P', 'EMB_P', 'EMB_P', 'EMB_P', 'EMB_P', 'EMB_P', 'EMB_P', 'EMB_P', 'EMB_P', 'EMB_P', 'EMB_P', 'EMB_P', 'EMB_P', 'EMB_P', 'EMB_P', 'EMB_P', 'EMB_P', 'EMB_P', 'EMB_P', 'EMB_P', 'EMB_P', 'EMB_P', 'EMB_P', 'EMB_P', 'EMB_P', 'EMB_P', 'EMB_P', 'EMB_P', 'EMB_P', 'EMB_P', 'EMB_P', 'EMB_P', 'EMB_P', 'EMB_P', 'EMB_P', 'EMB_P', 'EMB_P', 'EMB_P', 'EMB_P', 'EMB_P', 'EMB_P', 'EMB_P', 'EMB_P', 'EMB_P', 'EMB_P', 'EMB_P', 'EMB_P', 'EMB_P', 'EMB_P', 'EMB_P', 'EMB_P', 'EMB_P', 'EMB_P', 'EMB_P', 'EMB_P', 'EMB_P', 'EMB_P', 'EMB_P', 'EMB_P', 'EMB_P', 'EMB_P', 'EMB_P', 'EMB_P', 'EMB_P', 'EMB_P', 'EMB_P', 'EMB_P', 'EMB_P', 'EMB_P', 'EMB_P', 'EMB_P', 'EMB_P', 'EMB_P', 'EMB_P', 'EMB_P', 'EMB_P', 'EMB_P', 'EMB_P', 'EMB_P', 'EMB_P', 'EMB_P', 'EMB_P', 'EMB_P', 'EMB_P', 'EMB_P', 'EMB_P', 'EMB_P', 'EMB_P', 'EMB_P', 'EMB_P']"
74,крем,Дуже ніжний,26152:18_1053,"Дуже ніжний крем, гарне просочення.",7.88,7.38,"['EMB_O', 'EMB_O', 'EMB_O', 'EMB_O', 'EMB_O', 'EMB_O', 'ASP_B', 'ASP_E', 'EMB_O', 'EMB_O', 'EMB_O', 'EMB_O', 'EMB_O', 'EMB_O', 'EMB_O', 'EMB_O', 'EMB_P', 'EMB_P', 'EMB_P', 'EMB_P', 'EMB_P', 'EMB_P', 'EMB_P', 'EMB_P', 'EMB_P', 'EMB_P', 'EMB_P', 'EMB_P', 'EMB_P', 'EMB_P', 'EMB_P', 'EMB_P', 'EMB_P', 'EMB_P', 'EMB_P', 'EMB_P', 'EMB_P', 'EMB_P', 'EMB_P', 'EMB_P', 'EMB_P', 'EMB_P', 'EMB_P', 'EMB_P', 'EMB_P', 'EMB_P', 'EMB_P', 'EMB_P', 'EMB_P', 'EMB_P', 'EMB_P', 'EMB_P', 'EMB_P', 'EMB_P', 'EMB_P', 'EMB_P', 'EMB_P', 'EMB_P', 'EMB_P', 'EMB_P', 'EMB_P', 'EMB_P', 'EMB_P', 'EMB_P', 'EMB_P', 'EMB_P', 'EMB_P', 'EMB_P', 'EMB_P', 'EMB_P', 'EMB_P', 'EMB_P', 'EMB_P', 'EMB_P', 'EMB_P', 'EMB_P', 'EMB_P', 'EMB_P', 'EMB_P', 'EMB_P', 'EMB_P', 'EMB_P', 'EMB_P', 'EMB_P', 'EMB_P', 'EMB_P', 'EMB_P', 'EMB_P', 'EMB_P', 'EMB_P', 'EMB_P', 'EMB_P', 'EMB_P', 'EMB_P', 'EMB_P', 'EMB_P', 'EMB_P', 'EMB_P', 'EMB_P', 'EMB_P', 'EMB_P', 'EMB_P', 'EMB_P', 'EMB_P', 'EMB_P', 'EMB_P', 'EMB_P', 'EMB_P', 'EMB_P', 'EMB_P', 'EMB_P', 'EMB_P', 'EMB_P', 'EMB_P', 'EMB_P', 'EMB_P', 'EMB_P', 'EMB_P', 'EMB_P', 'EMB_P', 'EMB_P', 'EMB_P', 'EMB_P', 'EMB_P', 'EMB_P', 'EMB_P', 'EMB_P', 'EMB_P']","['EMB_O', 'OPN_B', 'OPN_I', 'OPN_I', 'OPN_I', 'OPN_E', 'EMB_O', 'EMB_O', 'EMB_O', 'EMB_O', 'EMB_O', 'EMB_O', 'EMB_O', 'EMB_O', 'EMB_O', 'EMB_O', 'EMB_P', 'EMB_P', 'EMB_P', 'EMB_P', 'EMB_P', 'EMB_P', 'EMB_P', 'EMB_P', 'EMB_P', 'EMB_P', 'EMB_P', 'EMB_P', 'EMB_P', 'EMB_P', 'EMB_P', 'EMB_P', 'EMB_P', 'EMB_P', 'EMB_P', 'EMB_P', 'EMB_P', 'EMB_P', 'EMB_P', 'EMB_P', 'EMB_P', 'EMB_P', 'EMB_P', 'EMB_P', 'EMB_P', 'EMB_P', 'EMB_P', 'EMB_P', 'EMB_P', 'EMB_P', 'EMB_P', 'EMB_P', 'EMB_P', 'EMB_P', 'EMB_P', 'EMB_P', 'EMB_P', 'EMB_P', 'EMB_P', 'EMB_P', 'EMB_P', 'EMB_P', 'EMB_P', 'EMB_P', 'EMB_P', 'EMB_P', 'EMB_P', 'EMB_P', 'EMB_P', 'EMB_P', 'EMB_P', 'EMB_P', 'EMB_P', 'EMB_P', 'EMB_P', 'EMB_P', 'EMB_P', 'EMB_P', 'EMB_P', 'EMB_P', 'EMB_P', 'EMB_P', 'EMB_P', 'EMB_P', 'EMB_P', 'EMB_P', 'EMB_P', 'EMB_P', 'EMB_P', 'EMB_P', 'EMB_P', 'EMB_P', 'EMB_P', 'EMB_P', 'EMB_P', 'EMB_P', 'EMB_P', 'EMB_P', 'EMB_P', 'EMB_P', 'EMB_P', 'EMB_P', 'EMB_P', 'EMB_P', 'EMB_P', 'EMB_P', 'EMB_P', 'EMB_P', 'EMB_P', 'EMB_P', 'EMB_P', 'EMB_P', 'EMB_P', 'EMB_P', 'EMB_P', 'EMB_P', 'EMB_P', 'EMB_P', 'EMB_P', 'EMB_P', 'EMB_P', 'EMB_P', 'EMB_P', 'EMB_P', 'EMB_P', 'EMB_P', 'EMB_P', 'EMB_P']"
75,просочення,гарне,26152:18_1053,"Дуже ніжний крем, гарне просочення.",6.8,6.2,"['EMB_O', 'EMB_O', 'EMB_O', 'EMB_O', 'EMB_O', 'EMB_O', 'EMB_O', 'EMB_O', 'EMB_O', 'EMB_O', 'EMB_O', 'ASP_B', 'ASP_I', 'ASP_E', 'EMB_O', 'EMB_O', 'EMB_P', 'EMB_P', 'EMB_P', 'EMB_P', 'EMB_P', 'EMB_P', 'EMB_P', 'EMB_P', 'EMB_P', 'EMB_P', 'EMB_P', 'EMB_P', 'EMB_P', 'EMB_P', 'EMB_P', 'EMB_P', 'EMB_P', 'EMB_P', 'EMB_P', 'EMB_P', 'EMB_P', 'EMB_P', 'EMB_P', 'EMB_P', 'EMB_P', 'EMB_P', 'EMB_P', 'EMB_P', 'EMB_P', 'EMB_P', 'EMB_P', 'EMB_P', 'EMB_P', 'EMB_P', 'EMB_P', 'EMB_P', 'EMB_P', 'EMB_P', 'EMB_P', 'EMB_P', 'EMB_P', 'EMB_P', 'EMB_P', 'EMB_P', 'EMB_P', 'EMB_P', 'EMB_P', 'EMB_P', 'EMB_P', 'EMB_P', 'EMB_P', 'EMB_P', 'EMB_P', 'EMB_P', 'EMB_P', 'EMB_P', 'EMB_P', 'EMB_P', 'EMB_P', 'EMB_P', 'EMB_P', 'EMB_P', 'EMB_P', 'EMB_P', 'EMB_P', 'EMB_P', 'EMB_P', 'EMB_P', 'EMB_P', 'EMB_P', 'EMB_P', 'EMB_P', 'EMB_P', 'EMB_P', 'EMB_P', 'EMB_P', 'EMB_P', 'EMB_P', 'EMB_P', 'EMB_P', 'EMB_P', 'EMB_P', 'EMB_P', 'EMB_P', 'EMB_P', 'EMB_P', 'EMB_P', 'EMB_P', 'EMB_P', 'EMB_P', 'EMB_P', 'EMB_P', 'EMB_P', 'EMB_P', 'EMB_P', 'EMB_P', 'EMB_P', 'EMB_P', 'EMB_P', 'EMB_P', 'EMB_P', 'EMB_P', 'EMB_P', 'EMB_P', 'EMB_P', 'EMB_P', 'EMB_P', 'EMB_P', 'EMB_P', 'EMB_P', 'EMB_P', 'EMB_P']","['EMB_O', 'EMB_O', 'EMB_O', 'EMB_O', 'EMB_O', 'EMB_O', 'EMB_O', 'EMB_O', 'EMB_O', 'OPN_B', 'OPN_E', 'EMB_O', 'EMB_O', 'EMB_O', 'EMB_O', 'EMB_O', 'EMB_P', 'EMB_P', 'EMB_P', 'EMB_P', 'EMB_P', 'EMB_P', 'EMB_P', 'EMB_P', 'EMB_P', 'EMB_P', 'EMB_P', 'EMB_P', 'EMB_P', 'EMB_P', 'EMB_P', 'EMB_P', 'EMB_P', 'EMB_P', 'EMB_P', 'EMB_P', 'EMB_P', 'EMB_P', 'EMB_P', 'EMB_P', 'EMB_P', 'EMB_P', 'EMB_P', 'EMB_P', 'EMB_P', 'EMB_P', 'EMB_P', 'EMB_P', 'EMB_P', 'EMB_P', 'EMB_P', 'EMB_P', 'EMB_P', 'EMB_P', 'EMB_P', 'EMB_P', 'EMB_P', 'EMB_P', 'EMB_P', 'EMB_P', 'EMB_P', 'EMB_P', 'EMB_P', 'EMB_P', 'EMB_P', 'EMB_P', 'EMB_P', 'EMB_P', 'EMB_P', 'EMB_P', 'EMB_P', 'EMB_P', 'EMB_P', 'EMB_P', 'EMB_P', 'EMB_P', 'EMB_P', 'EMB_P', 'EMB_P', 'EMB_P', 'EMB_P', 'EMB_P', 'EMB_P', 'EMB_P', 'EMB_P', 'EMB_P', 'EMB_P', 'EMB_P', 'EMB_P', 'EMB_P', 'EMB_P', 'EMB_P', 'EMB_P', 'EMB_P', 'EMB_P', 'EMB_P', 'EMB_P', 'EMB_P', 'EMB_P', 'EMB_P', 'EMB_P', 'EMB_P', 'EMB_P', 'EMB_P', 'EMB_P', 'EMB_P', 'EMB_P', 'EMB_P', 'EMB_P', 'EMB_P', 'EMB_P', 'EMB_P', 'EMB_P', 'EMB_P', 'EMB_P', 'EMB_P', 'EMB_P', 'EMB_P', 'EMB_P', 'EMB_P', 'EMB_P', 'EMB_P', 'EMB_P', 'EMB_P', 'EMB_P', 'EMB_P', 'EMB_P', 'EMB_P']"
76,ресторани,Добре,26152:20_1054,"Добре, що відкриваються не дивлячись ні на що, ресторани з якісною кухнею і хорошим обслуговуванням.",7.0,7.0,"['EMB_O', 'EMB_O', 'EMB_O', 'EMB_O', 'EMB_O', 'EMB_O', 'EMB_O', 'EMB_O', 'EMB_O', 'EMB_O', 'EMB_O', 'EMB_O', 'EMB_O', 'EMB_O', 'EMB_O', 'EMB_O', 'EMB_O', 'EMB_O', 'EMB_O', 'EMB_O', 'ASP_B', 'ASP_I', 'ASP_E', 'EMB_O', 'EMB_O', 'EMB_O', 'EMB_O', 'EMB_O', 'EMB_O', 'EMB_O', 'EMB_O', 'EMB_O', 'EMB_O', 'EMB_O', 'EMB_O', 'EMB_O', 'EMB_O', 'EMB_O', 'EMB_O', 'EMB_O', 'EMB_O', 'EMB_P', 'EMB_P', 'EMB_P', 'EMB_P', 'EMB_P', 'EMB_P', 'EMB_P', 'EMB_P', 'EMB_P', 'EMB_P', 'EMB_P', 'EMB_P', 'EMB_P', 'EMB_P', 'EMB_P', 'EMB_P', 'EMB_P', 'EMB_P', 'EMB_P', 'EMB_P', 'EMB_P', 'EMB_P', 'EMB_P', 'EMB_P', 'EMB_P', 'EMB_P', 'EMB_P', 'EMB_P', 'EMB_P', 'EMB_P', 'EMB_P', 'EMB_P', 'EMB_P', 'EMB_P', 'EMB_P', 'EMB_P', 'EMB_P', 'EMB_P', 'EMB_P', 'EMB_P', 'EMB_P', 'EMB_P', 'EMB_P', 'EMB_P', 'EMB_P', 'EMB_P', 'EMB_P', 'EMB_P', 'EMB_P', 'EMB_P', 'EMB_P', 'EMB_P', 'EMB_P', 'EMB_P', 'EMB_P', 'EMB_P', 'EMB_P', 'EMB_P', 'EMB_P', 'EMB_P', 'EMB_P', 'EMB_P', 'EMB_P', 'EMB_P', 'EMB_P', 'EMB_P', 'EMB_P', 'EMB_P', 'EMB_P', 'EMB_P', 'EMB_P', 'EMB_P', 'EMB_P', 'EMB_P', 'EMB_P', 'EMB_P', 'EMB_P', 'EMB_P', 'EMB_P', 'EMB_P', 'EMB_P', 'EMB_P', 'EMB_P', 'EMB_P', 'EMB_P', 'EMB_P', 'EMB_P']","['EMB_O', 'OPN_B', 'OPN_I', 'OPN_E', 'EMB_O', 'EMB_O', 'EMB_O', 'EMB_O', 'EMB_O', 'EMB_O', 'EMB_O', 'EMB_O', 'EMB_O', 'EMB_O', 'EMB_O', 'EMB_O', 'EMB_O', 'EMB_O', 'EMB_O', 'EMB_O', 'EMB_O', 'EMB_O', 'EMB_O', 'EMB_O', 'EMB_O', 'EMB_O', 'EMB_O', 'EMB_O', 'EMB_O', 'EMB_O', 'EMB_O', 'EMB_O', 'EMB_O', 'EMB_O', 'EMB_O', 'EMB_O', 'EMB_O', 'EMB_O', 'EMB_O', 'EMB_O', 'EMB_O', 'EMB_P', 'EMB_P', 'EMB_P', 'EMB_P', 'EMB_P', 'EMB_P', 'EMB_P', 'EMB_P', 'EMB_P', 'EMB_P', 'EMB_P', 'EMB_P', 'EMB_P', 'EMB_P', 'EMB_P', 'EMB_P', 'EMB_P', 'EMB_P', 'EMB_P', 'EMB_P', 'EMB_P', 'EMB_P', 'EMB_P', 'EMB_P', 'EMB_P', 'EMB_P', 'EMB_P', 'EMB_P', 'EMB_P', 'EMB_P', 'EMB_P', 'EMB_P', 'EMB_P', 'EMB_P', 'EMB_P', 'EMB_P', 'EMB_P', 'EMB_P', 'EMB_P', 'EMB_P', 'EMB_P', 'EMB_P', 'EMB_P', 'EMB_P', 'EMB_P', 'EMB_P', 'EMB_P', 'EMB_P', 'EMB_P', 'EMB_P', 'EMB_P', 'EMB_P', 'EMB_P', 'EMB_P', 'EMB_P', 'EMB_P', 'EMB_P', 'EMB_P', 'EMB_P', 'EMB_P', 'EMB_P', 'EMB_P', 'EMB_P', 'EMB_P', 'EMB_P', 'EMB_P', 'EMB_P', 'EMB_P', 'EMB_P', 'EMB_P', 'EMB_P', 'EMB_P', 'EMB_P', 'EMB_P', 'EMB_P', 'EMB_P', 'EMB_P', 'EMB_P', 'EMB_P', 'EMB_P', 'EMB_P', 'EMB_P', 'EMB_P', 'EMB_P', 'EMB_P', 'EMB_P', 'EMB_P']"
77,кухнею,якісною,26152:20_1054,"Добре, що відкриваються не дивлячись ні на що, ресторани з якісною кухнею і хорошим обслуговуванням.",7.1,6.4,"['EMB_O', 'EMB_O', 'EMB_O', 'EMB_O', 'EMB_O', 'EMB_O', 'EMB_O', 'EMB_O', 'EMB_O', 'EMB_O', 'EMB_O', 'EMB_O', 'EMB_O', 'EMB_O', 'EMB_O', 'EMB_O', 'EMB_O', 'EMB_O', 'EMB_O', 'EMB_O', 'EMB_O', 'EMB_O', 'EMB_O', 'EMB_O', 'EMB_O', 'EMB_O', 'EMB_O', 'ASP_B', 'ASP_I', 'ASP_I', 'ASP_E', 'EMB_O', 'EMB_O', 'EMB_O', 'EMB_O', 'EMB_O', 'EMB_O', 'EMB_O', 'EMB_O', 'EMB_O', 'EMB_O', 'EMB_P', 'EMB_P', 'EMB_P', 'EMB_P', 'EMB_P', 'EMB_P', 'EMB_P', 'EMB_P', 'EMB_P', 'EMB_P', 'EMB_P', 'EMB_P', 'EMB_P', 'EMB_P', 'EMB_P', 'EMB_P', 'EMB_P', 'EMB_P', 'EMB_P', 'EMB_P', 'EMB_P', 'EMB_P', 'EMB_P', 'EMB_P', 'EMB_P', 'EMB_P', 'EMB_P', 'EMB_P', 'EMB_P', 'EMB_P', 'EMB_P', 'EMB_P', 'EMB_P', 'EMB_P', 'EMB_P', 'EMB_P', 'EMB_P', 'EMB_P', 'EMB_P', 'EMB_P', 'EMB_P', 'EMB_P', 'EMB_P', 'EMB_P', 'EMB_P', 'EMB_P', 'EMB_P', 'EMB_P', 'EMB_P', 'EMB_P', 'EMB_P', 'EMB_P', 'EMB_P', 'EMB_P', 'EMB_P', 'EMB_P', 'EMB_P', 'EMB_P', 'EMB_P', 'EMB_P', 'EMB_P', 'EMB_P', 'EMB_P', 'EMB_P', 'EMB_P', 'EMB_P', 'EMB_P', 'EMB_P', 'EMB_P', 'EMB_P', 'EMB_P', 'EMB_P', 'EMB_P', 'EMB_P', 'EMB_P', 'EMB_P', 'EMB_P', 'EMB_P', 'EMB_P', 'EMB_P', 'EMB_P', 'EMB_P', 'EMB_P', 'EMB_P', 'EMB_P', 'EMB_P', 'EMB_P']","['EMB_O', 'EMB_O', 'EMB_O', 'EMB_O', 'EMB_O', 'EMB_O', 'EMB_O', 'EMB_O', 'EMB_O', 'EMB_O', 'EMB_O', 'EMB_O', 'EMB_O', 'EMB_O', 'EMB_O', 'EMB_O', 'EMB_O', 'EMB_O', 'EMB_O', 'EMB_O', 'EMB_O', 'EMB_O', 'EMB_O', 'EMB_O', 'OPN_B', 'OPN_I', 'OPN_E', 'EMB_O', 'EMB_O', 'EMB_O', 'EMB_O', 'EMB_O', 'EMB_O', 'EMB_O', 'EMB_O', 'EMB_O', 'EMB_O', 'EMB_O', 'EMB_O', 'EMB_O', 'EMB_O', 'EMB_P', 'EMB_P', 'EMB_P', 'EMB_P', 'EMB_P', 'EMB_P', 'EMB_P', 'EMB_P', 'EMB_P', 'EMB_P', 'EMB_P', 'EMB_P', 'EMB_P', 'EMB_P', 'EMB_P', 'EMB_P', 'EMB_P', 'EMB_P', 'EMB_P', 'EMB_P', 'EMB_P', 'EMB_P', 'EMB_P', 'EMB_P', 'EMB_P', 'EMB_P', 'EMB_P', 'EMB_P', 'EMB_P', 'EMB_P', 'EMB_P', 'EMB_P', 'EMB_P', 'EMB_P', 'EMB_P', 'EMB_P', 'EMB_P', 'EMB_P', 'EMB_P', 'EMB_P', 'EMB_P', 'EMB_P', 'EMB_P', 'EMB_P', 'EMB_P', 'EMB_P', 'EMB_P', 'EMB_P', 'EMB_P', 'EMB_P', 'EMB_P', 'EMB_P', 'EMB_P', 'EMB_P', 'EMB_P', 'EMB_P', 'EMB_P', 'EMB_P', 'EMB_P', 'EMB_P', 'EMB_P', 'EMB_P', 'EMB_P', 'EMB_P', 'EMB_P', 'EMB_P', 'EMB_P', 'EMB_P', 'EMB_P', 'EMB_P', 'EMB_P', 'EMB_P', 'EMB_P', 'EMB_P', 'EMB_P', 'EMB_P', 'EMB_P', 'EMB_P', 'EMB_P', 'EMB_P', 'EMB_P', 'EMB_P', 'EMB_P', 'EMB_P', 'EMB_P', 'EMB_P', 'EMB_P']"
78,обслуговуванням,хорошим,26152:20_1054,"Добре, що відкриваються не дивлячись ні на що, ресторани з якісною кухнею і хорошим обслуговуванням.",6.9,6.2,"['EMB_O', 'EMB_O', 'EMB_O', 'EMB_O', 'EMB_O', 'EMB_O', 'EMB_O', 'EMB_O', 'EMB_O', 'EMB_O', 'EMB_O', 'EMB_O', 'EMB_O', 'EMB_O', 'EMB_O', 'EMB_O', 'EMB_O', 'EMB_O', 'EMB_O', 'EMB_O', 'EMB_O', 'EMB_O', 'EMB_O', 'EMB_O', 'EMB_O', 'EMB_O', 'EMB_O', 'EMB_O', 'EMB_O', 'EMB_O', 'EMB_O', 'EMB_O', 'EMB_O', 'EMB_O', 'EMB_O', 'ASP_B', 'ASP_I', 'ASP_I', 'ASP_E', 'EMB_O', 'EMB_O', 'EMB_P', 'EMB_P', 'EMB_P', 'EMB_P', 'EMB_P', 'EMB_P', 'EMB_P', 'EMB_P', 'EMB_P', 'EMB_P', 'EMB_P', 'EMB_P', 'EMB_P', 'EMB_P', 'EMB_P', 'EMB_P', 'EMB_P', 'EMB_P', 'EMB_P', 'EMB_P', 'EMB_P', 'EMB_P', 'EMB_P', 'EMB_P', 'EMB_P', 'EMB_P', 'EMB_P', 'EMB_P', 'EMB_P', 'EMB_P', 'EMB_P', 'EMB_P', 'EMB_P', 'EMB_P', 'EMB_P', 'EMB_P', 'EMB_P', 'EMB_P', 'EMB_P', 'EMB_P', 'EMB_P', 'EMB_P', 'EMB_P', 'EMB_P', 'EMB_P', 'EMB_P', 'EMB_P', 'EMB_P', 'EMB_P', 'EMB_P', 'EMB_P', 'EMB_P', 'EMB_P', 'EMB_P', 'EMB_P', 'EMB_P', 'EMB_P', 'EMB_P', 'EMB_P', 'EMB_P', 'EMB_P', 'EMB_P', 'EMB_P', 'EMB_P', 'EMB_P', 'EMB_P', 'EMB_P', 'EMB_P', 'EMB_P', 'EMB_P', 'EMB_P', 'EMB_P', 'EMB_P', 'EMB_P', 'EMB_P', 'EMB_P', 'EMB_P', 'EMB_P', 'EMB_P', 'EMB_P', 'EMB_P', 'EMB_P', 'EMB_P', 'EMB_P', 'EMB_P', 'EMB_P', 'EMB_P']","['EMB_O', 'EMB_O', 'EMB_O', 'EMB_O', 'EMB_O', 'EMB_O', 'EMB_O', 'EMB_O', 'EMB_O', 'EMB_O', 'EMB_O', 'EMB_O', 'EMB_O', 'EMB_O', 'EMB_O', 'EMB_O', 'EMB_O', 'EMB_O', 'EMB_O', 'EMB_O', 'EMB_O', 'EMB_O', 'EMB_O', 'EMB_O', 'EMB_O', 'EMB_O', 'EMB_O', 'EMB_O', 'EMB_O', 'EMB_O', 'EMB_O', 'EMB_O', 'OPN_B', 'OPN_I', 'OPN_E', 'EMB_O', 'EMB_O', 'EMB_O', 'EMB_O', 'EMB_O', 'EMB_O', 'EMB_P', 'EMB_P', 'EMB_P', 'EMB_P', 'EMB_P', 'EMB_P', 'EMB_P', 'EMB_P', 'EMB_P', 'EMB_P', 'EMB_P', 'EMB_P', 'EMB_P', 'EMB_P', 'EMB_P', 'EMB_P', 'EMB_P', 'EMB_P', 'EMB_P', 'EMB_P', 'EMB_P', 'EMB_P', 'EMB_P', 'EMB_P', 'EMB_P', 'EMB_P', 'EMB_P', 'EMB_P', 'EMB_P', 'EMB_P', 'EMB_P', 'EMB_P', 'EMB_P', 'EMB_P', 'EMB_P', 'EMB_P', 'EMB_P', 'EMB_P', 'EMB_P', 'EMB_P', 'EMB_P', 'EMB_P', 'EMB_P', 'EMB_P', 'EMB_P', 'EMB_P', 'EMB_P', 'EMB_P', 'EMB_P', 'EMB_P', 'EMB_P', 'EMB_P', 'EMB_P', 'EMB_P', 'EMB_P', 'EMB_P', 'EMB_P', 'EMB_P', 'EMB_P', 'EMB_P', 'EMB_P', 'EMB_P', 'EMB_P', 'EMB_P', 'EMB_P', 'EMB_P', 'EMB_P', 'EMB_P', 'EMB_P', 'EMB_P', 'EMB_P', 'EMB_P', 'EMB_P', 'EMB_P', 'EMB_P', 'EMB_P', 'EMB_P', 'EMB_P', 'EMB_P', 'EMB_P', 'EMB_P', 'EMB_P', 'EMB_P', 'EMB_P', 'EMB_P', 'EMB_P', 'EMB_P']"
79,ресторан,чудовий,26284:1_1055,"Ми з Москви,відвідали на вихідні Пітер і Ваш чудовий ресторан!",7.8,7.4,"['EMB_O', 'EMB_O', 'EMB_O', 'EMB_O', 'EMB_O', 'EMB_O', 'EMB_O', 'EMB_O', 'EMB_O', 'EMB_O', 'EMB_O', 'EMB_O', 'EMB_O', 'EMB_O', 'EMB_O', 'EMB_O', 'EMB_O', 'EMB_O', 'EMB_O', 'EMB_O', 'EMB_O', 'ASP_B', 'ASP_I', 'ASP_E', 'EMB_O', 'EMB_O', 'EMB_P', 'EMB_P', 'EMB_P', 'EMB_P', 'EMB_P', 'EMB_P', 'EMB_P', 'EMB_P', 'EMB_P', 'EMB_P', 'EMB_P', 'EMB_P', 'EMB_P', 'EMB_P', 'EMB_P', 'EMB_P', 'EMB_P', 'EMB_P', 'EMB_P', 'EMB_P', 'EMB_P', 'EMB_P', 'EMB_P', 'EMB_P', 'EMB_P', 'EMB_P', 'EMB_P', 'EMB_P', 'EMB_P', 'EMB_P', 'EMB_P', 'EMB_P', 'EMB_P', 'EMB_P', 'EMB_P', 'EMB_P', 'EMB_P', 'EMB_P', 'EMB_P', 'EMB_P', 'EMB_P', 'EMB_P', 'EMB_P', 'EMB_P', 'EMB_P', 'EMB_P', 'EMB_P', 'EMB_P', 'EMB_P', 'EMB_P', 'EMB_P', 'EMB_P', 'EMB_P', 'EMB_P', 'EMB_P', 'EMB_P', 'EMB_P', 'EMB_P', 'EMB_P', 'EMB_P', 'EMB_P', 'EMB_P', 'EMB_P', 'EMB_P', 'EMB_P', 'EMB_P', 'EMB_P', 'EMB_P', 'EMB_P', 'EMB_P', 'EMB_P', 'EMB_P', 'EMB_P', 'EMB_P', 'EMB_P', 'EMB_P', 'EMB_P', 'EMB_P', 'EMB_P', 'EMB_P', 'EMB_P', 'EMB_P', 'EMB_P', 'EMB_P', 'EMB_P', 'EMB_P', 'EMB_P', 'EMB_P', 'EMB_P', 'EMB_P', 'EMB_P', 'EMB_P', 'EMB_P', 'EMB_P', 'EMB_P', 'EMB_P', 'EMB_P', 'EMB_P', 'EMB_P', 'EMB_P', 'EMB_P', 'EMB_P']","['EMB_O', 'EMB_O', 'EMB_O', 'EMB_O', 'EMB_O', 'EMB_O', 'EMB_O', 'EMB_O', 'EMB_O', 'EMB_O', 'EMB_O', 'EMB_O', 'EMB_O', 'EMB_O', 'EMB_O', 'EMB_O', 'EMB_O', 'EMB_O', 'OPN_B', 'OPN_I', 'OPN_E', 'EMB_O', 'EMB_O', 'EMB_O', 'EMB_O', 'EMB_O', 'EMB_P', 'EMB_P', 'EMB_P', 'EMB_P', 'EMB_P', 'EMB_P', 'EMB_P', 'EMB_P', 'EMB_P', 'EMB_P', 'EMB_P', 'EMB_P', 'EMB_P', 'EMB_P', 'EMB_P', 'EMB_P', 'EMB_P', 'EMB_P', 'EMB_P', 'EMB_P', 'EMB_P', 'EMB_P', 'EMB_P', 'EMB_P', 'EMB_P', 'EMB_P', 'EMB_P', 'EMB_P', 'EMB_P', 'EMB_P', 'EMB_P', 'EMB_P', 'EMB_P', 'EMB_P', 'EMB_P', 'EMB_P', 'EMB_P', 'EMB_P', 'EMB_P', 'EMB_P', 'EMB_P', 'EMB_P', 'EMB_P', 'EMB_P', 'EMB_P', 'EMB_P', 'EMB_P', 'EMB_P', 'EMB_P', 'EMB_P', 'EMB_P', 'EMB_P', 'EMB_P', 'EMB_P', 'EMB_P', 'EMB_P', 'EMB_P', 'EMB_P', 'EMB_P', 'EMB_P', 'EMB_P', 'EMB_P', 'EMB_P', 'EMB_P', 'EMB_P', 'EMB_P', 'EMB_P', 'EMB_P', 'EMB_P', 'EMB_P', 'EMB_P', 'EMB_P', 'EMB_P', 'EMB_P', 'EMB_P', 'EMB_P', 'EMB_P', 'EMB_P', 'EMB_P', 'EMB_P', 'EMB_P', 'EMB_P', 'EMB_P', 'EMB_P', 'EMB_P', 'EMB_P', 'EMB_P', 'EMB_P', 'EMB_P', 'EMB_P', 'EMB_P', 'EMB_P', 'EMB_P', 'EMB_P', 'EMB_P', 'EMB_P', 'EMB_P', 'EMB_P', 'EMB_P', 'EMB_P', 'EMB_P', 'EMB_P']"
80,інтер'єр,незвично,26284:2_1056,"Сподобалося все: і незвично виконаний інтер'єр, і хороше обслуговування офіціантки з рекомендацією страв,прекрасний вид з вікна,і найголовніше дуже хороша кухня!!!",7.0,6.38,"['EMB_O', 'EMB_O', 'EMB_O', 'EMB_O', 'EMB_O', 'EMB_O', 'EMB_O', 'EMB_O', 'EMB_O', 'EMB_O', 'EMB_O', 'EMB_O', 'EMB_O', 'EMB_O', 'EMB_O', 'ASP_B', 'ASP_I', 'ASP_I', 'ASP_E', 'EMB_O', 'EMB_O', 'EMB_O', 'EMB_O', 'EMB_O', 'EMB_O', 'EMB_O', 'EMB_O', 'EMB_O', 'EMB_O', 'EMB_O', 'EMB_O', 'EMB_O', 'EMB_O', 'EMB_O', 'EMB_O', 'EMB_O', 'EMB_O', 'EMB_O', 'EMB_O', 'EMB_O', 'EMB_O', 'EMB_O', 'EMB_O', 'EMB_O', 'EMB_O', 'EMB_O', 'EMB_O', 'EMB_O', 'EMB_O', 'EMB_O', 'EMB_O', 'EMB_O', 'EMB_O', 'EMB_O', 'EMB_O', 'EMB_O', 'EMB_O', 'EMB_O', 'EMB_O', 'EMB_O', 'EMB_O', 'EMB_O', 'EMB_O', 'EMB_O', 'EMB_O', 'EMB_O', 'EMB_O', 'EMB_O', 'EMB_P', 'EMB_P', 'EMB_P', 'EMB_P', 'EMB_P', 'EMB_P', 'EMB_P', 'EMB_P', 'EMB_P', 'EMB_P', 'EMB_P', 'EMB_P', 'EMB_P', 'EMB_P', 'EMB_P', 'EMB_P', 'EMB_P', 'EMB_P', 'EMB_P', 'EMB_P', 'EMB_P', 'EMB_P', 'EMB_P', 'EMB_P', 'EMB_P', 'EMB_P', 'EMB_P', 'EMB_P', 'EMB_P', 'EMB_P', 'EMB_P', 'EMB_P', 'EMB_P', 'EMB_P', 'EMB_P', 'EMB_P', 'EMB_P', 'EMB_P', 'EMB_P', 'EMB_P', 'EMB_P', 'EMB_P', 'EMB_P', 'EMB_P', 'EMB_P', 'EMB_P', 'EMB_P', 'EMB_P', 'EMB_P', 'EMB_P', 'EMB_P', 'EMB_P', 'EMB_P', 'EMB_P', 'EMB_P', 'EMB_P', 'EMB_P', 'EMB_P', 'EMB_P', 'EMB_P']","['EMB_O', 'EMB_O', 'EMB_O', 'EMB_O', 'EMB_O', 'EMB_O', 'EMB_O', 'EMB_O', 'EMB_O', 'OPN_B', 'OPN_I', 'OPN_E', 'EMB_O', 'EMB_O', 'EMB_O', 'EMB_O', 'EMB_O', 'EMB_O', 'EMB_O', 'EMB_O', 'EMB_O', 'EMB_O', 'EMB_O', 'EMB_O', 'EMB_O', 'EMB_O', 'EMB_O', 'EMB_O', 'EMB_O', 'EMB_O', 'EMB_O', 'EMB_O', 'EMB_O', 'EMB_O', 'EMB_O', 'EMB_O', 'EMB_O', 'EMB_O', 'EMB_O', 'EMB_O', 'EMB_O', 'EMB_O', 'EMB_O', 'EMB_O', 'EMB_O', 'EMB_O', 'EMB_O', 'EMB_O', 'EMB_O', 'EMB_O', 'EMB_O', 'EMB_O', 'EMB_O', 'EMB_O', 'EMB_O', 'EMB_O', 'EMB_O', 'EMB_O', 'EMB_O', 'EMB_O', 'EMB_O', 'EMB_O', 'EMB_O', 'EMB_O', 'EMB_O', 'EMB_O', 'EMB_O', 'EMB_O', 'EMB_P', 'EMB_P', 'EMB_P', 'EMB_P', 'EMB_P', 'EMB_P', 'EMB_P', 'EMB_P', 'EMB_P', 'EMB_P', 'EMB_P', 'EMB_P', 'EMB_P', 'EMB_P', 'EMB_P', 'EMB_P', 'EMB_P', 'EMB_P', 'EMB_P', 'EMB_P', 'EMB_P', 'EMB_P', 'EMB_P', 'EMB_P', 'EMB_P', 'EMB_P', 'EMB_P', 'EMB_P', 'EMB_P', 'EMB_P', 'EMB_P', 'EMB_P', 'EMB_P', 'EMB_P', 'EMB_P', 'EMB_P', 'EMB_P', 'EMB_P', 'EMB_P', 'EMB_P', 'EMB_P', 'EMB_P', 'EMB_P', 'EMB_P', 'EMB_P', 'EMB_P', 'EMB_P', 'EMB_P', 'EMB_P', 'EMB_P', 'EMB_P', 'EMB_P', 'EMB_P', 'EMB_P', 'EMB_P', 'EMB_P', 'EMB_P', 'EMB_P', 'EMB_P', 'EMB_P']"
81,обслуговування,хороше,26284:2_1056,"Сподобалося все: і незвично виконаний інтер'єр, і хороше обслуговування офіціантки з рекомендацією страв,прекрасний вид з вікна,і найголовніше дуже хороша кухня!!!",6.8,6.2,"['EMB_O', 'EMB_O', 'EMB_O', 'EMB_O', 'EMB_O', 'EMB_O', 'EMB_O', 'EMB_O', 'EMB_O', 'EMB_O', 'EMB_O', 'EMB_O', 'EMB_O', 'EMB_O', 'EMB_O', 'EMB_O', 'EMB_O', 'EMB_O', 'EMB_O', 'EMB_O', 'EMB_O', 'EMB_O', 'EMB_O', 'EMB_O', 'ASP_B', 'ASP_I', 'ASP_I', 'ASP_E', 'EMB_O', 'EMB_O', 'EMB_O', 'EMB_O', 'EMB_O', 'EMB_O', 'EMB_O', 'EMB_O', 'EMB_O', 'EMB_O', 'EMB_O', 'EMB_O', 'EMB_O', 'EMB_O', 'EMB_O', 'EMB_O', 'EMB_O', 'EMB_O', 'EMB_O', 'EMB_O', 'EMB_O', 'EMB_O', 'EMB_O', 'EMB_O', 'EMB_O', 'EMB_O', 'EMB_O', 'EMB_O', 'EMB_O', 'EMB_O', 'EMB_O', 'EMB_O', 'EMB_O', 'EMB_O', 'EMB_O', 'EMB_O', 'EMB_O', 'EMB_O', 'EMB_O', 'EMB_O', 'EMB_P', 'EMB_P', 'EMB_P', 'EMB_P', 'EMB_P', 'EMB_P', 'EMB_P', 'EMB_P', 'EMB_P', 'EMB_P', 'EMB_P', 'EMB_P', 'EMB_P', 'EMB_P', 'EMB_P', 'EMB_P', 'EMB_P', 'EMB_P', 'EMB_P', 'EMB_P', 'EMB_P', 'EMB_P', 'EMB_P', 'EMB_P', 'EMB_P', 'EMB_P', 'EMB_P', 'EMB_P', 'EMB_P', 'EMB_P', 'EMB_P', 'EMB_P', 'EMB_P', 'EMB_P', 'EMB_P', 'EMB_P', 'EMB_P', 'EMB_P', 'EMB_P', 'EMB_P', 'EMB_P', 'EMB_P', 'EMB_P', 'EMB_P', 'EMB_P', 'EMB_P', 'EMB_P', 'EMB_P', 'EMB_P', 'EMB_P', 'EMB_P', 'EMB_P', 'EMB_P', 'EMB_P', 'EMB_P', 'EMB_P', 'EMB_P', 'EMB_P', 'EMB_P', 'EMB_P']","['EMB_O', 'EMB_O', 'EMB_O', 'EMB_O', 'EMB_O', 'EMB_O', 'EMB_O', 'EMB_O', 'EMB_O', 'EMB_O', 'EMB_O', 'EMB_O', 'EMB_O', 'EMB_O', 'EMB_O', 'EMB_O', 'EMB_O', 'EMB_O', 'EMB_O', 'EMB_O', 'EMB_O', 'OPN_B', 'OPN_I', 'OPN_E', 'EMB_O', 'EMB_O', 'EMB_O', 'EMB_O', 'EMB_O', 'EMB_O', 'EMB_O', 'EMB_O', 'EMB_O', 'EMB_O', 'EMB_O', 'EMB_O', 'EMB_O', 'EMB_O', 'EMB_O', 'EMB_O', 'EMB_O', 'EMB_O', 'EMB_O', 'EMB_O', 'EMB_O', 'EMB_O', 'EMB_O', 'EMB_O', 'EMB_O', 'EMB_O', 'EMB_O', 'EMB_O', 'EMB_O', 'EMB_O', 'EMB_O', 'EMB_O', 'EMB_O', 'EMB_O', 'EMB_O', 'EMB_O', 'EMB_O', 'EMB_O', 'EMB_O', 'EMB_O', 'EMB_O', 'EMB_O', 'EMB_O', 'EMB_O', 'EMB_P', 'EMB_P', 'EMB_P', 'EMB_P', 'EMB_P', 'EMB_P', 'EMB_P', 'EMB_P', 'EMB_P', 'EMB_P', 'EMB_P', 'EMB_P', 'EMB_P', 'EMB_P', 'EMB_P', 'EMB_P', 'EMB_P', 'EMB_P', 'EMB_P', 'EMB_P', 'EMB_P', 'EMB_P', 'EMB_P', 'EMB_P', 'EMB_P', 'EMB_P', 'EMB_P', 'EMB_P', 'EMB_P', 'EMB_P', 'EMB_P', 'EMB_P', 'EMB_P', 'EMB_P', 'EMB_P', 'EMB_P', 'EMB_P', 'EMB_P', 'EMB_P', 'EMB_P', 'EMB_P', 'EMB_P', 'EMB_P', 'EMB_P', 'EMB_P', 'EMB_P', 'EMB_P', 'EMB_P', 'EMB_P', 'EMB_P', 'EMB_P', 'EMB_P', 'EMB_P', 'EMB_P', 'EMB_P', 'EMB_P', 'EMB_P', 'EMB_P', 'EMB_P', 'EMB_P']"
82,офіціантки,хороше,26284:2_1056,"Сподобалося все: і незвично виконаний інтер'єр, і хороше обслуговування офіціантки з рекомендацією страв,прекрасний вид з вікна,і найголовніше дуже хороша кухня!!!",6.67,6.0,"['EMB_O', 'EMB_O', 'EMB_O', 'EMB_O', 'EMB_O', 'EMB_O', 'EMB_O', 'EMB_O', 'EMB_O', 'EMB_O', 'EMB_O', 'EMB_O', 'EMB_O', 'EMB_O', 'EMB_O', 'EMB_O', 'EMB_O', 'EMB_O', 'EMB_O', 'EMB_O', 'EMB_O', 'EMB_O', 'EMB_O', 'EMB_O', 'EMB_O', 'EMB_O', 'EMB_O', 'EMB_O', 'ASP_B', 'ASP_I', 'ASP_I', 'ASP_I', 'ASP_E', 'EMB_O', 'EMB_O', 'EMB_O', 'EMB_O', 'EMB_O', 'EMB_O', 'EMB_O', 'EMB_O', 'EMB_O', 'EMB_O', 'EMB_O', 'EMB_O', 'EMB_O', 'EMB_O', 'EMB_O', 'EMB_O', 'EMB_O', 'EMB_O', 'EMB_O', 'EMB_O', 'EMB_O', 'EMB_O', 'EMB_O', 'EMB_O', 'EMB_O', 'EMB_O', 'EMB_O', 'EMB_O', 'EMB_O', 'EMB_O', 'EMB_O', 'EMB_O', 'EMB_O', 'EMB_O', 'EMB_O', 'EMB_P', 'EMB_P', 'EMB_P', 'EMB_P', 'EMB_P', 'EMB_P', 'EMB_P', 'EMB_P', 'EMB_P', 'EMB_P', 'EMB_P', 'EMB_P', 'EMB_P', 'EMB_P', 'EMB_P', 'EMB_P', 'EMB_P', 'EMB_P', 'EMB_P', 'EMB_P', 'EMB_P', 'EMB_P', 'EMB_P', 'EMB_P', 'EMB_P', 'EMB_P', 'EMB_P', 'EMB_P', 'EMB_P', 'EMB_P', 'EMB_P', 'EMB_P', 'EMB_P', 'EMB_P', 'EMB_P', 'EMB_P', 'EMB_P', 'EMB_P', 'EMB_P', 'EMB_P', 'EMB_P', 'EMB_P', 'EMB_P', 'EMB_P', 'EMB_P', 'EMB_P', 'EMB_P', 'EMB_P', 'EMB_P', 'EMB_P', 'EMB_P', 'EMB_P', 'EMB_P', 'EMB_P', 'EMB_P', 'EMB_P', 'EMB_P', 'EMB_P', 'EMB_P', 'EMB_P']","['EMB_O', 'EMB_O', 'EMB_O', 'EMB_O', 'EMB_O', 'EMB_O', 'EMB_O', 'EMB_O', 'EMB_O', 'EMB_O', 'EMB_O', 'EMB_O', 'EMB_O', 'EMB_O', 'EMB_O', 'EMB_O', 'EMB_O', 'EMB_O', 'EMB_O', 'EMB_O', 'EMB_O', 'OPN_B', 'OPN_I', 'OPN_E', 'EMB_O', 'EMB_O', 'EMB_O', 'EMB_O', 'EMB_O', 'EMB_O', 'EMB_O', 'EMB_O', 'EMB_O', 'EMB_O', 'EMB_O', 'EMB_O', 'EMB_O', 'EMB_O', 'EMB_O', 'EMB_O', 'EMB_O', 'EMB_O', 'EMB_O', 'EMB_O', 'EMB_O', 'EMB_O', 'EMB_O', 'EMB_O', 'EMB_O', 'EMB_O', 'EMB_O', 'EMB_O', 'EMB_O', 'EMB_O', 'EMB_O', 'EMB_O', 'EMB_O', 'EMB_O', 'EMB_O', 'EMB_O', 'EMB_O', 'EMB_O', 'EMB_O', 'EMB_O', 'EMB_O', 'EMB_O', 'EMB_O', 'EMB_O', 'EMB_P', 'EMB_P', 'EMB_P', 'EMB_P', 'EMB_P', 'EMB_P', 'EMB_P', 'EMB_P', 'EMB_P', 'EMB_P', 'EMB_P', 'EMB_P', 'EMB_P', 'EMB_P', 'EMB_P', 'EMB_P', 'EMB_P', 'EMB_P', 'EMB_P', 'EMB_P', 'EMB_P', 'EMB_P', 'EMB_P', 'EMB_P', 'EMB_P', 'EMB_P', 'EMB_P', 'EMB_P', 'EMB_P', 'EMB_P', 'EMB_P', 'EMB_P', 'EMB_P', 'EMB_P', 'EMB_P', 'EMB_P', 'EMB_P', 'EMB_P', 'EMB_P', 'EMB_P', 'EMB_P', 'EMB_P', 'EMB_P', 'EMB_P', 'EMB_P', 'EMB_P', 'EMB_P', 'EMB_P', 'EMB_P', 'EMB_P', 'EMB_P', 'EMB_P', 'EMB_P', 'EMB_P', 'EMB_P', 'EMB_P', 'EMB_P', 'EMB_P', 'EMB_P', 'EMB_P']"
83,вид з вікна,прекрасний,26284:2_1056,"Сподобалося все: і незвично виконаний інтер'єр, і хороше обслуговування офіціантки з рекомендацією страв,прекрасний вид з вікна,і найголовніше дуже хороша кухня!!!",7.9,7.2,"['EMB_O', 'EMB_O', 'EMB_O', 'EMB_O', 'EMB_O', 'EMB_O', 'EMB_O', 'EMB_O', 'EMB_O', 'EMB_O', 'EMB_O', 'EMB_O', 'EMB_O', 'EMB_O', 'EMB_O', 'EMB_O', 'EMB_O', 'EMB_O', 'EMB_O', 'EMB_O', 'EMB_O', 'EMB_O', 'EMB_O', 'EMB_O', 'EMB_O', 'EMB_O', 'EMB_O', 'EMB_O', 'EMB_O', 'EMB_O', 'EMB_O', 'EMB_O', 'EMB_O', 'EMB_O', 'EMB_O', 'EMB_O', 'EMB_O', 'EMB_O', 'EMB_O', 'EMB_O', 'EMB_O', 'EMB_O', 'EMB_O', 'EMB_O', 'EMB_O', 'ASP_B', 'ASP_I', 'ASP_I', 'ASP_I', 'ASP_E', 'EMB_O', 'EMB_O', 'EMB_O', 'EMB_O', 'EMB_O', 'EMB_O', 'EMB_O', 'EMB_O', 'EMB_O', 'EMB_O', 'EMB_O', 'EMB_O', 'EMB_O', 'EMB_O', 'EMB_O', 'EMB_O', 'EMB_O', 'EMB_O', 'EMB_P', 'EMB_P', 'EMB_P', 'EMB_P', 'EMB_P', 'EMB_P', 'EMB_P', 'EMB_P', 'EMB_P', 'EMB_P', 'EMB_P', 'EMB_P', 'EMB_P', 'EMB_P', 'EMB_P', 'EMB_P', 'EMB_P', 'EMB_P', 'EMB_P', 'EMB_P', 'EMB_P', 'EMB_P', 'EMB_P', 'EMB_P', 'EMB_P', 'EMB_P', 'EMB_P', 'EMB_P', 'EMB_P', 'EMB_P', 'EMB_P', 'EMB_P', 'EMB_P', 'EMB_P', 'EMB_P', 'EMB_P', 'EMB_P', 'EMB_P', 'EMB_P', 'EMB_P', 'EMB_P', 'EMB_P', 'EMB_P', 'EMB_P', 'EMB_P', 'EMB_P', 'EMB_P', 'EMB_P', 'EMB_P', 'EMB_P', 'EMB_P', 'EMB_P', 'EMB_P', 'EMB_P', 'EMB_P', 'EMB_P', 'EMB_P', 'EMB_P', 'EMB_P', 'EMB_P']","['EMB_O', 'EMB_O', 'EMB_O', 'EMB_O', 'EMB_O', 'EMB_O', 'EMB_O', 'EMB_O', 'EMB_O', 'EMB_O', 'EMB_O', 'EMB_O', 'EMB_O', 'EMB_O', 'EMB_O', 'EMB_O', 'EMB_O', 'EMB_O', 'EMB_O', 'EMB_O', 'EMB_O', 'EMB_O', 'EMB_O', 'EMB_O', 'EMB_O', 'EMB_O', 'EMB_O', 'EMB_O', 'EMB_O', 'EMB_O', 'EMB_O', 'EMB_O', 'EMB_O', 'EMB_O', 'EMB_O', 'EMB_O', 'EMB_O', 'EMB_O', 'EMB_O', 'EMB_O', 'EMB_O', 'OPN_B', 'OPN_I', 'OPN_I', 'OPN_E', 'EMB_O', 'EMB_O', 'EMB_O', 'EMB_O', 'EMB_O', 'EMB_O', 'EMB_O', 'EMB_O', 'EMB_O', 'EMB_O', 'EMB_O', 'EMB_O', 'EMB_O', 'EMB_O', 'EMB_O', 'EMB_O', 'EMB_O', 'EMB_O', 'EMB_O', 'EMB_O', 'EMB_O', 'EMB_O', 'EMB_O', 'EMB_P', 'EMB_P', 'EMB_P', 'EMB_P', 'EMB_P', 'EMB_P', 'EMB_P', 'EMB_P', 'EMB_P', 'EMB_P', 'EMB_P', 'EMB_P', 'EMB_P', 'EMB_P', 'EMB_P', 'EMB_P', 'EMB_P', 'EMB_P', 'EMB_P', 'EMB_P', 'EMB_P', 'EMB_P', 'EMB_P', 'EMB_P', 'EMB_P', 'EMB_P', 'EMB_P', 'EMB_P', 'EMB_P', 'EMB_P', 'EMB_P', 'EMB_P', 'EMB_P', 'EMB_P', 'EMB_P', 'EMB_P', 'EMB_P', 'EMB_P', 'EMB_P', 'EMB_P', 'EMB_P', 'EMB_P', 'EMB_P', 'EMB_P', 'EMB_P', 'EMB_P', 'EMB_P', 'EMB_P', 'EMB_P', 'EMB_P', 'EMB_P', 'EMB_P', 'EMB_P', 'EMB_P', 'EMB_P', 'EMB_P', 'EMB_P', 'EMB_P', 'EMB_P', 'EMB_P']"
84,кухня,дуже хороша,26284:2_1056,"Сподобалося все: і незвично виконаний інтер'єр, і хороше обслуговування офіціантки з рекомендацією страв,прекрасний вид з вікна,і найголовніше дуже хороша кухня!!!",7.6,7.1,"['EMB_O', 'EMB_O', 'EMB_O', 'EMB_O', 'EMB_O', 'EMB_O', 'EMB_O', 'EMB_O', 'EMB_O', 'EMB_O', 'EMB_O', 'EMB_O', 'EMB_O', 'EMB_O', 'EMB_O', 'EMB_O', 'EMB_O', 'EMB_O', 'EMB_O', 'EMB_O', 'EMB_O', 'EMB_O', 'EMB_O', 'EMB_O', 'EMB_O', 'EMB_O', 'EMB_O', 'EMB_O', 'EMB_O', 'EMB_O', 'EMB_O', 'EMB_O', 'EMB_O', 'EMB_O', 'EMB_O', 'EMB_O', 'EMB_O', 'EMB_O', 'EMB_O', 'EMB_O', 'EMB_O', 'EMB_O', 'EMB_O', 'EMB_O', 'EMB_O', 'EMB_O', 'EMB_O', 'EMB_O', 'EMB_O', 'EMB_O', 'EMB_O', 'EMB_O', 'EMB_O', 'EMB_O', 'EMB_O', 'EMB_O', 'EMB_O', 'EMB_O', 'EMB_O', 'EMB_O', 'EMB_O', 'ASP_B', 'ASP_I', 'ASP_E', 'EMB_O', 'EMB_O', 'EMB_O', 'EMB_O', 'EMB_P', 'EMB_P', 'EMB_P', 'EMB_P', 'EMB_P', 'EMB_P', 'EMB_P', 'EMB_P', 'EMB_P', 'EMB_P', 'EMB_P', 'EMB_P', 'EMB_P', 'EMB_P', 'EMB_P', 'EMB_P', 'EMB_P', 'EMB_P', 'EMB_P', 'EMB_P', 'EMB_P', 'EMB_P', 'EMB_P', 'EMB_P', 'EMB_P', 'EMB_P', 'EMB_P', 'EMB_P', 'EMB_P', 'EMB_P', 'EMB_P', 'EMB_P', 'EMB_P', 'EMB_P', 'EMB_P', 'EMB_P', 'EMB_P', 'EMB_P', 'EMB_P', 'EMB_P', 'EMB_P', 'EMB_P', 'EMB_P', 'EMB_P', 'EMB_P', 'EMB_P', 'EMB_P', 'EMB_P', 'EMB_P', 'EMB_P', 'EMB_P', 'EMB_P', 'EMB_P', 'EMB_P', 'EMB_P', 'EMB_P', 'EMB_P', 'EMB_P', 'EMB_P', 'EMB_P']","['EMB_O', 'EMB_O', 'EMB_O', 'EMB_O', 'EMB_O', 'EMB_O', 'EMB_O', 'EMB_O', 'EMB_O', 'EMB_O', 'EMB_O', 'EMB_O', 'EMB_O', 'EMB_O', 'EMB_O', 'EMB_O', 'EMB_O', 'EMB_O', 'EMB_O', 'EMB_O', 'EMB_O', 'EMB_O', 'EMB_O', 'EMB_O', 'EMB_O', 'EMB_O', 'EMB_O', 'EMB_O', 'EMB_O', 'EMB_O', 'EMB_O', 'EMB_O', 'EMB_O', 'EMB_O', 'EMB_O', 'EMB_O', 'EMB_O', 'EMB_O', 'EMB_O', 'EMB_O', 'EMB_O', 'EMB_O', 'EMB_O', 'EMB_O', 'EMB_O', 'EMB_O', 'EMB_O', 'EMB_O', 'EMB_O', 'EMB_O', 'EMB_O', 'EMB_O', 'EMB_O', 'EMB_O', 'EMB_O', 'EMB_O', 'EMB_O', 'OPN_B', 'OPN_I', 'OPN_I', 'OPN_E', 'EMB_O', 'EMB_O', 'EMB_O', 'EMB_O', 'EMB_O', 'EMB_O', 'EMB_O', 'EMB_P', 'EMB_P', 'EMB_P', 'EMB_P', 'EMB_P', 'EMB_P', 'EMB_P', 'EMB_P', 'EMB_P', 'EMB_P', 'EMB_P', 'EMB_P', 'EMB_P', 'EMB_P', 'EMB_P', 'EMB_P', 'EMB_P', 'EMB_P', 'EMB_P', 'EMB_P', 'EMB_P', 'EMB_P', 'EMB_P', 'EMB_P', 'EMB_P', 'EMB_P', 'EMB_P', 'EMB_P', 'EMB_P', 'EMB_P', 'EMB_P', 'EMB_P', 'EMB_P', 'EMB_P', 'EMB_P', 'EMB_P', 'EMB_P', 'EMB_P', 'EMB_P', 'EMB_P', 'EMB_P', 'EMB_P', 'EMB_P', 'EMB_P', 'EMB_P', 'EMB_P', 'EMB_P', 'EMB_P', 'EMB_P', 'EMB_P', 'EMB_P', 'EMB_P', 'EMB_P', 'EMB_P', 'EMB_P', 'EMB_P', 'EMB_P', 'EMB_P', 'EMB_P', 'EMB_P']"
85,"""BELLINI""",дійсно хороших,26284:3_1057,"Ціна повністю відповідає якості, все дуже смачно,що на мій погляд рідкість для Пітера, де мало дійсно хороших ресторанів.""BELLINI"" один з них!",8.0,8.17,"['EMB_O', 'EMB_O', 'EMB_O', 'EMB_O', 'EMB_O', 'EMB_O', 'EMB_O', 'EMB_O', 'EMB_O', 'EMB_O', 'EMB_O', 'EMB_O', 'EMB_O', 'EMB_O', 'EMB_O', 'EMB_O', 'EMB_O', 'EMB_O', 'EMB_O', 'EMB_O', 'EMB_O', 'EMB_O', 'EMB_O', 'EMB_O', 'EMB_O', 'EMB_O', 'EMB_O', 'EMB_O', 'EMB_O', 'EMB_O', 'EMB_O', 'EMB_O', 'EMB_O', 'EMB_O', 'EMB_O', 'EMB_O', 'EMB_O', 'EMB_O', 'EMB_O', 'ASP_B', 'ASP_I', 'ASP_I', 'ASP_I', 'ASP_I', 'ASP_E', 'EMB_O', 'EMB_O', 'EMB_O', 'EMB_O', 'EMB_O', 'EMB_P', 'EMB_P', 'EMB_P', 'EMB_P', 'EMB_P', 'EMB_P', 'EMB_P', 'EMB_P', 'EMB_P', 'EMB_P', 'EMB_P', 'EMB_P', 'EMB_P', 'EMB_P', 'EMB_P', 'EMB_P', 'EMB_P', 'EMB_P', 'EMB_P', 'EMB_P', 'EMB_P', 'EMB_P', 'EMB_P', 'EMB_P', 'EMB_P', 'EMB_P', 'EMB_P', 'EMB_P', 'EMB_P', 'EMB_P', 'EMB_P', 'EMB_P', 'EMB_P', 'EMB_P', 'EMB_P', 'EMB_P', 'EMB_P', 'EMB_P', 'EMB_P', 'EMB_P', 'EMB_P', 'EMB_P', 'EMB_P', 'EMB_P', 'EMB_P', 'EMB_P', 'EMB_P', 'EMB_P', 'EMB_P', 'EMB_P', 'EMB_P', 'EMB_P', 'EMB_P', 'EMB_P', 'EMB_P', 'EMB_P', 'EMB_P', 'EMB_P', 'EMB_P', 'EMB_P', 'EMB_P', 'EMB_P', 'EMB_P', 'EMB_P', 'EMB_P', 'EMB_P', 'EMB_P', 'EMB_P', 'EMB_P', 'EMB_P', 'EMB_P', 'EMB_P', 'EMB_P', 'EMB_P', 'EMB_P', 'EMB_P', 'EMB_P', 'EMB_P']","['EMB_O', 'EMB_O', 'EMB_O', 'EMB_O', 'EMB_O', 'EMB_O', 'EMB_O', 'EMB_O', 'EMB_O', 'EMB_O', 'EMB_O', 'EMB_O', 'EMB_O', 'EMB_O', 'EMB_O', 'EMB_O', 'EMB_O', 'EMB_O', 'EMB_O', 'EMB_O', 'EMB_O', 'EMB_O', 'EMB_O', 'EMB_O', 'EMB_O', 'EMB_O', 'EMB_O', 'EMB_O', 'EMB_O', 'OPN_B', 'OPN_I', 'OPN_I', 'OPN_I', 'OPN_E', 'EMB_O', 'EMB_O', 'EMB_O', 'EMB_O', 'EMB_O', 'EMB_O', 'EMB_O', 'EMB_O', 'EMB_O', 'EMB_O', 'EMB_O', 'EMB_O', 'EMB_O', 'EMB_O', 'EMB_O', 'EMB_O', 'EMB_P', 'EMB_P', 'EMB_P', 'EMB_P', 'EMB_P', 'EMB_P', 'EMB_P', 'EMB_P', 'EMB_P', 'EMB_P', 'EMB_P', 'EMB_P', 'EMB_P', 'EMB_P', 'EMB_P', 'EMB_P', 'EMB_P', 'EMB_P', 'EMB_P', 'EMB_P', 'EMB_P', 'EMB_P', 'EMB_P', 'EMB_P', 'EMB_P', 'EMB_P', 'EMB_P', 'EMB_P', 'EMB_P', 'EMB_P', 'EMB_P', 'EMB_P', 'EMB_P', 'EMB_P', 'EMB_P', 'EMB_P', 'EMB_P', 'EMB_P', 'EMB_P', 'EMB_P', 'EMB_P', 'EMB_P', 'EMB_P', 'EMB_P', 'EMB_P', 'EMB_P', 'EMB_P', 'EMB_P', 'EMB_P', 'EMB_P', 'EMB_P', 'EMB_P', 'EMB_P', 'EMB_P', 'EMB_P', 'EMB_P', 'EMB_P', 'EMB_P', 'EMB_P', 'EMB_P', 'EMB_P', 'EMB_P', 'EMB_P', 'EMB_P', 'EMB_P', 'EMB_P', 'EMB_P', 'EMB_P', 'EMB_P', 'EMB_P', 'EMB_P', 'EMB_P', 'EMB_P', 'EMB_P', 'EMB_P', 'EMB_P', 'EMB_P', 'EMB_P']"
86,інтер'єру,приємно здивовані простотою,26330:1_1058,"Були приємно здивовані простотою інтер'єру,якістю кухні(спасибі величезне шеф кухарю), величезний вибір закусок до пива.",7.1,6.4,"['EMB_O', 'EMB_O', 'EMB_O', 'EMB_O', 'EMB_O', 'EMB_O', 'EMB_O', 'EMB_O', 'EMB_O', 'EMB_O', 'EMB_O', 'EMB_O', 'ASP_B', 'ASP_I', 'ASP_I', 'ASP_E', 'EMB_O', 'EMB_O', 'EMB_O', 'EMB_O', 'EMB_O', 'EMB_O', 'EMB_O', 'EMB_O', 'EMB_O', 'EMB_O', 'EMB_O', 'EMB_O', 'EMB_O', 'EMB_O', 'EMB_O', 'EMB_O', 'EMB_O', 'EMB_O', 'EMB_O', 'EMB_O', 'EMB_O', 'EMB_O', 'EMB_O', 'EMB_O', 'EMB_O', 'EMB_O', 'EMB_O', 'EMB_O', 'EMB_O', 'EMB_O', 'EMB_O', 'EMB_O', 'EMB_O', 'EMB_O', 'EMB_O', 'EMB_P', 'EMB_P', 'EMB_P', 'EMB_P', 'EMB_P', 'EMB_P', 'EMB_P', 'EMB_P', 'EMB_P', 'EMB_P', 'EMB_P', 'EMB_P', 'EMB_P', 'EMB_P', 'EMB_P', 'EMB_P', 'EMB_P', 'EMB_P', 'EMB_P', 'EMB_P', 'EMB_P', 'EMB_P', 'EMB_P', 'EMB_P', 'EMB_P', 'EMB_P', 'EMB_P', 'EMB_P', 'EMB_P', 'EMB_P', 'EMB_P', 'EMB_P', 'EMB_P', 'EMB_P', 'EMB_P', 'EMB_P', 'EMB_P', 'EMB_P', 'EMB_P', 'EMB_P', 'EMB_P', 'EMB_P', 'EMB_P', 'EMB_P', 'EMB_P', 'EMB_P', 'EMB_P', 'EMB_P', 'EMB_P', 'EMB_P', 'EMB_P', 'EMB_P', 'EMB_P', 'EMB_P', 'EMB_P', 'EMB_P', 'EMB_P', 'EMB_P', 'EMB_P', 'EMB_P', 'EMB_P', 'EMB_P', 'EMB_P', 'EMB_P', 'EMB_P', 'EMB_P', 'EMB_P', 'EMB_P', 'EMB_P', 'EMB_P', 'EMB_P', 'EMB_P', 'EMB_P', 'EMB_P', 'EMB_P', 'EMB_P', 'EMB_P']","['EMB_O', 'EMB_O', 'EMB_O', 'OPN_B', 'OPN_I', 'OPN_I', 'OPN_I', 'OPN_I', 'OPN_I', 'OPN_I', 'OPN_I', 'OPN_E', 'EMB_O', 'EMB_O', 'EMB_O', 'EMB_O', 'EMB_O', 'EMB_O', 'EMB_O', 'EMB_O', 'EMB_O', 'EMB_O', 'EMB_O', 'EMB_O', 'EMB_O', 'EMB_O', 'EMB_O', 'EMB_O', 'EMB_O', 'EMB_O', 'EMB_O', 'EMB_O', 'EMB_O', 'EMB_O', 'EMB_O', 'EMB_O', 'EMB_O', 'EMB_O', 'EMB_O', 'EMB_O', 'EMB_O', 'EMB_O', 'EMB_O', 'EMB_O', 'EMB_O', 'EMB_O', 'EMB_O', 'EMB_O', 'EMB_O', 'EMB_O', 'EMB_O', 'EMB_P', 'EMB_P', 'EMB_P', 'EMB_P', 'EMB_P', 'EMB_P', 'EMB_P', 'EMB_P', 'EMB_P', 'EMB_P', 'EMB_P', 'EMB_P', 'EMB_P', 'EMB_P', 'EMB_P', 'EMB_P', 'EMB_P', 'EMB_P', 'EMB_P', 'EMB_P', 'EMB_P', 'EMB_P', 'EMB_P', 'EMB_P', 'EMB_P', 'EMB_P', 'EMB_P', 'EMB_P', 'EMB_P', 'EMB_P', 'EMB_P', 'EMB_P', 'EMB_P', 'EMB_P', 'EMB_P', 'EMB_P', 'EMB_P', 'EMB_P', 'EMB_P', 'EMB_P', 'EMB_P', 'EMB_P', 'EMB_P', 'EMB_P', 'EMB_P', 'EMB_P', 'EMB_P', 'EMB_P', 'EMB_P', 'EMB_P', 'EMB_P', 'EMB_P', 'EMB_P', 'EMB_P', 'EMB_P', 'EMB_P', 'EMB_P', 'EMB_P', 'EMB_P', 'EMB_P', 'EMB_P', 'EMB_P', 'EMB_P', 'EMB_P', 'EMB_P', 'EMB_P', 'EMB_P', 'EMB_P', 'EMB_P', 'EMB_P', 'EMB_P', 'EMB_P', 'EMB_P', 'EMB_P', 'EMB_P', 'EMB_P', 'EMB_P']"
87,кухні,спасибі величезне,26330:1_1058,"Були приємно здивовані простотою інтер'єру,якістю кухні(спасибі величезне шеф кухарю), величезний вибір закусок до пива.",8.17,8.17,"['EMB_O', 'EMB_O', 'EMB_O', 'EMB_O', 'EMB_O', 'EMB_O', 'EMB_O', 'EMB_O', 'EMB_O', 'EMB_O', 'EMB_O', 'EMB_O', 'EMB_O', 'EMB_O', 'EMB_O', 'EMB_O', 'EMB_O', 'EMB_O', 'EMB_O', 'ASP_B', 'ASP_I', 'ASP_E', 'EMB_O', 'EMB_O', 'EMB_O', 'EMB_O', 'EMB_O', 'EMB_O', 'EMB_O', 'EMB_O', 'EMB_O', 'EMB_O', 'EMB_O', 'EMB_O', 'EMB_O', 'EMB_O', 'EMB_O', 'EMB_O', 'EMB_O', 'EMB_O', 'EMB_O', 'EMB_O', 'EMB_O', 'EMB_O', 'EMB_O', 'EMB_O', 'EMB_O', 'EMB_O', 'EMB_O', 'EMB_O', 'EMB_O', 'EMB_P', 'EMB_P', 'EMB_P', 'EMB_P', 'EMB_P', 'EMB_P', 'EMB_P', 'EMB_P', 'EMB_P', 'EMB_P', 'EMB_P', 'EMB_P', 'EMB_P', 'EMB_P', 'EMB_P', 'EMB_P', 'EMB_P', 'EMB_P', 'EMB_P', 'EMB_P', 'EMB_P', 'EMB_P', 'EMB_P', 'EMB_P', 'EMB_P', 'EMB_P', 'EMB_P', 'EMB_P', 'EMB_P', 'EMB_P', 'EMB_P', 'EMB_P', 'EMB_P', 'EMB_P', 'EMB_P', 'EMB_P', 'EMB_P', 'EMB_P', 'EMB_P', 'EMB_P', 'EMB_P', 'EMB_P', 'EMB_P', 'EMB_P', 'EMB_P', 'EMB_P', 'EMB_P', 'EMB_P', 'EMB_P', 'EMB_P', 'EMB_P', 'EMB_P', 'EMB_P', 'EMB_P', 'EMB_P', 'EMB_P', 'EMB_P', 'EMB_P', 'EMB_P', 'EMB_P', 'EMB_P', 'EMB_P', 'EMB_P', 'EMB_P', 'EMB_P', 'EMB_P', 'EMB_P', 'EMB_P', 'EMB_P', 'EMB_P', 'EMB_P', 'EMB_P', 'EMB_P', 'EMB_P', 'EMB_P', 'EMB_P', 'EMB_P']","['EMB_O', 'EMB_O', 'EMB_O', 'EMB_O', 'EMB_O', 'EMB_O', 'EMB_O', 'EMB_O', 'EMB_O', 'EMB_O', 'EMB_O', 'EMB_O', 'EMB_O', 'EMB_O', 'EMB_O', 'EMB_O', 'EMB_O', 'EMB_O', 'EMB_O', 'EMB_O', 'EMB_O', 'EMB_O', 'EMB_O', 'OPN_B', 'OPN_I', 'OPN_I', 'OPN_I', 'OPN_I', 'OPN_I', 'OPN_E', 'EMB_O', 'EMB_O', 'EMB_O', 'EMB_O', 'EMB_O', 'EMB_O', 'EMB_O', 'EMB_O', 'EMB_O', 'EMB_O', 'EMB_O', 'EMB_O', 'EMB_O', 'EMB_O', 'EMB_O', 'EMB_O', 'EMB_O', 'EMB_O', 'EMB_O', 'EMB_O', 'EMB_O', 'EMB_P', 'EMB_P', 'EMB_P', 'EMB_P', 'EMB_P', 'EMB_P', 'EMB_P', 'EMB_P', 'EMB_P', 'EMB_P', 'EMB_P', 'EMB_P', 'EMB_P', 'EMB_P', 'EMB_P', 'EMB_P', 'EMB_P', 'EMB_P', 'EMB_P', 'EMB_P', 'EMB_P', 'EMB_P', 'EMB_P', 'EMB_P', 'EMB_P', 'EMB_P', 'EMB_P', 'EMB_P', 'EMB_P', 'EMB_P', 'EMB_P', 'EMB_P', 'EMB_P', 'EMB_P', 'EMB_P', 'EMB_P', 'EMB_P', 'EMB_P', 'EMB_P', 'EMB_P', 'EMB_P', 'EMB_P', 'EMB_P', 'EMB_P', 'EMB_P', 'EMB_P', 'EMB_P', 'EMB_P', 'EMB_P', 'EMB_P', 'EMB_P', 'EMB_P', 'EMB_P', 'EMB_P', 'EMB_P', 'EMB_P', 'EMB_P', 'EMB_P', 'EMB_P', 'EMB_P', 'EMB_P', 'EMB_P', 'EMB_P', 'EMB_P', 'EMB_P', 'EMB_P', 'EMB_P', 'EMB_P', 'EMB_P', 'EMB_P', 'EMB_P', 'EMB_P', 'EMB_P', 'EMB_P', 'EMB_P', 'EMB_P', 'EMB_P']"
88,закусок до пива,величезний вибір,26330:1_1058,"Були приємно здивовані простотою інтер'єру,якістю кухні(спасибі величезне шеф кухарю), величезний вибір закусок до пива.",8.17,7.67,"['EMB_O', 'EMB_O', 'EMB_O', 'EMB_O', 'EMB_O', 'EMB_O', 'EMB_O', 'EMB_O', 'EMB_O', 'EMB_O', 'EMB_O', 'EMB_O', 'EMB_O', 'EMB_O', 'EMB_O', 'EMB_O', 'EMB_O', 'EMB_O', 'EMB_O', 'EMB_O', 'EMB_O', 'EMB_O', 'EMB_O', 'EMB_O', 'EMB_O', 'EMB_O', 'EMB_O', 'EMB_O', 'EMB_O', 'EMB_O', 'EMB_O', 'EMB_O', 'EMB_O', 'EMB_O', 'EMB_O', 'EMB_O', 'EMB_O', 'EMB_O', 'EMB_O', 'EMB_O', 'EMB_O', 'EMB_O', 'EMB_O', 'ASP_B', 'ASP_I', 'ASP_I', 'ASP_I', 'ASP_I', 'ASP_E', 'EMB_O', 'EMB_O', 'EMB_P', 'EMB_P', 'EMB_P', 'EMB_P', 'EMB_P', 'EMB_P', 'EMB_P', 'EMB_P', 'EMB_P', 'EMB_P', 'EMB_P', 'EMB_P', 'EMB_P', 'EMB_P', 'EMB_P', 'EMB_P', 'EMB_P', 'EMB_P', 'EMB_P', 'EMB_P', 'EMB_P', 'EMB_P', 'EMB_P', 'EMB_P', 'EMB_P', 'EMB_P', 'EMB_P', 'EMB_P', 'EMB_P', 'EMB_P', 'EMB_P', 'EMB_P', 'EMB_P', 'EMB_P', 'EMB_P', 'EMB_P', 'EMB_P', 'EMB_P', 'EMB_P', 'EMB_P', 'EMB_P', 'EMB_P', 'EMB_P', 'EMB_P', 'EMB_P', 'EMB_P', 'EMB_P', 'EMB_P', 'EMB_P', 'EMB_P', 'EMB_P', 'EMB_P', 'EMB_P', 'EMB_P', 'EMB_P', 'EMB_P', 'EMB_P', 'EMB_P', 'EMB_P', 'EMB_P', 'EMB_P', 'EMB_P', 'EMB_P', 'EMB_P', 'EMB_P', 'EMB_P', 'EMB_P', 'EMB_P', 'EMB_P', 'EMB_P', 'EMB_P', 'EMB_P', 'EMB_P', 'EMB_P', 'EMB_P', 'EMB_P', 'EMB_P']","['EMB_O', 'EMB_O', 'EMB_O', 'EMB_O', 'EMB_O', 'EMB_O', 'EMB_O', 'EMB_O', 'EMB_O', 'EMB_O', 'EMB_O', 'EMB_O', 'EMB_O', 'EMB_O', 'EMB_O', 'EMB_O', 'EMB_O', 'EMB_O', 'EMB_O', 'EMB_O', 'EMB_O', 'EMB_O', 'EMB_O', 'EMB_O', 'EMB_O', 'EMB_O', 'EMB_O', 'EMB_O', 'EMB_O', 'EMB_O', 'EMB_O', 'EMB_O', 'EMB_O', 'EMB_O', 'EMB_O', 'EMB_O', 'EMB_O', 'OPN_B', 'OPN_I', 'OPN_I', 'OPN_I', 'OPN_I', 'OPN_E', 'EMB_O', 'EMB_O', 'EMB_O', 'EMB_O', 'EMB_O', 'EMB_O', 'EMB_O', 'EMB_O', 'EMB_P', 'EMB_P', 'EMB_P', 'EMB_P', 'EMB_P', 'EMB_P', 'EMB_P', 'EMB_P', 'EMB_P', 'EMB_P', 'EMB_P', 'EMB_P', 'EMB_P', 'EMB_P', 'EMB_P', 'EMB_P', 'EMB_P', 'EMB_P', 'EMB_P', 'EMB_P', 'EMB_P', 'EMB_P', 'EMB_P', 'EMB_P', 'EMB_P', 'EMB_P', 'EMB_P', 'EMB_P', 'EMB_P', 'EMB_P', 'EMB_P', 'EMB_P', 'EMB_P', 'EMB_P', 'EMB_P', 'EMB_P', 'EMB_P', 'EMB_P', 'EMB_P', 'EMB_P', 'EMB_P', 'EMB_P', 'EMB_P', 'EMB_P', 'EMB_P', 'EMB_P', 'EMB_P', 'EMB_P', 'EMB_P', 'EMB_P', 'EMB_P', 'EMB_P', 'EMB_P', 'EMB_P', 'EMB_P', 'EMB_P', 'EMB_P', 'EMB_P', 'EMB_P', 'EMB_P', 'EMB_P', 'EMB_P', 'EMB_P', 'EMB_P', 'EMB_P', 'EMB_P', 'EMB_P', 'EMB_P', 'EMB_P', 'EMB_P', 'EMB_P', 'EMB_P', 'EMB_P', 'EMB_P', 'EMB_P', 'EMB_P', 'EMB_P']"
89,перчики халапена,Особливо сподобалися,26330:2_1059,"Особливо сподобалися ""перчики халапена"" (здається так називалося це незрівнянне блюдо),помірні ціни, великі порції.",7.88,7.62,"['EMB_O', 'EMB_O', 'EMB_O', 'EMB_O', 'EMB_O', 'EMB_O', 'EMB_O', 'EMB_O', 'EMB_O', 'EMB_O', 'EMB_O', 'ASP_B', 'ASP_I', 'ASP_I', 'ASP_I', 'ASP_I', 'ASP_E', 'EMB_O', 'EMB_O', 'EMB_O', 'EMB_O', 'EMB_O', 'EMB_O', 'EMB_O', 'EMB_O', 'EMB_O', 'EMB_O', 'EMB_O', 'EMB_O', 'EMB_O', 'EMB_O', 'EMB_O', 'EMB_O', 'EMB_O', 'EMB_O', 'EMB_O', 'EMB_O', 'EMB_O', 'EMB_O', 'EMB_O', 'EMB_O', 'EMB_O', 'EMB_O', 'EMB_O', 'EMB_O', 'EMB_O', 'EMB_O', 'EMB_P', 'EMB_P', 'EMB_P', 'EMB_P', 'EMB_P', 'EMB_P', 'EMB_P', 'EMB_P', 'EMB_P', 'EMB_P', 'EMB_P', 'EMB_P', 'EMB_P', 'EMB_P', 'EMB_P', 'EMB_P', 'EMB_P', 'EMB_P', 'EMB_P', 'EMB_P', 'EMB_P', 'EMB_P', 'EMB_P', 'EMB_P', 'EMB_P', 'EMB_P', 'EMB_P', 'EMB_P', 'EMB_P', 'EMB_P', 'EMB_P', 'EMB_P', 'EMB_P', 'EMB_P', 'EMB_P', 'EMB_P', 'EMB_P', 'EMB_P', 'EMB_P', 'EMB_P', 'EMB_P', 'EMB_P', 'EMB_P', 'EMB_P', 'EMB_P', 'EMB_P', 'EMB_P', 'EMB_P', 'EMB_P', 'EMB_P', 'EMB_P', 'EMB_P', 'EMB_P', 'EMB_P', 'EMB_P', 'EMB_P', 'EMB_P', 'EMB_P', 'EMB_P', 'EMB_P', 'EMB_P', 'EMB_P', 'EMB_P', 'EMB_P', 'EMB_P', 'EMB_P', 'EMB_P', 'EMB_P', 'EMB_P', 'EMB_P', 'EMB_P', 'EMB_P', 'EMB_P', 'EMB_P', 'EMB_P', 'EMB_P', 'EMB_P', 'EMB_P', 'EMB_P', 'EMB_P', 'EMB_P']","['EMB_O', 'OPN_B', 'OPN_I', 'OPN_I', 'OPN_I', 'OPN_I', 'OPN_I', 'OPN_I', 'OPN_I', 'OPN_E', 'EMB_O', 'EMB_O', 'EMB_O', 'EMB_O', 'EMB_O', 'EMB_O', 'EMB_O', 'EMB_O', 'EMB_O', 'EMB_O', 'EMB_O', 'EMB_O', 'EMB_O', 'EMB_O', 'EMB_O', 'EMB_O', 'EMB_O', 'EMB_O', 'EMB_O', 'EMB_O', 'EMB_O', 'EMB_O', 'EMB_O', 'EMB_O', 'EMB_O', 'EMB_O', 'EMB_O', 'EMB_O', 'EMB_O', 'EMB_O', 'EMB_O', 'EMB_O', 'EMB_O', 'EMB_O', 'EMB_O', 'EMB_O', 'EMB_O', 'EMB_P', 'EMB_P', 'EMB_P', 'EMB_P', 'EMB_P', 'EMB_P', 'EMB_P', 'EMB_P', 'EMB_P', 'EMB_P', 'EMB_P', 'EMB_P', 'EMB_P', 'EMB_P', 'EMB_P', 'EMB_P', 'EMB_P', 'EMB_P', 'EMB_P', 'EMB_P', 'EMB_P', 'EMB_P', 'EMB_P', 'EMB_P', 'EMB_P', 'EMB_P', 'EMB_P', 'EMB_P', 'EMB_P', 'EMB_P', 'EMB_P', 'EMB_P', 'EMB_P', 'EMB_P', 'EMB_P', 'EMB_P', 'EMB_P', 'EMB_P', 'EMB_P', 'EMB_P', 'EMB_P', 'EMB_P', 'EMB_P', 'EMB_P', 'EMB_P', 'EMB_P', 'EMB_P', 'EMB_P', 'EMB_P', 'EMB_P', 'EMB_P', 'EMB_P', 'EMB_P', 'EMB_P', 'EMB_P', 'EMB_P', 'EMB_P', 'EMB_P', 'EMB_P', 'EMB_P', 'EMB_P', 'EMB_P', 'EMB_P', 'EMB_P', 'EMB_P', 'EMB_P', 'EMB_P', 'EMB_P', 'EMB_P', 'EMB_P', 'EMB_P', 'EMB_P', 'EMB_P', 'EMB_P', 'EMB_P', 'EMB_P', 'EMB_P', 'EMB_P', 'EMB_P', 'EMB_P', 'EMB_P']"
90,порції,великі,26330:2_1059,"Особливо сподобалися ""перчики халапена"" (здається так називалося це незрівнянне блюдо),помірні ціни, великі порції.",7.2,6.6,"['EMB_O', 'EMB_O', 'EMB_O', 'EMB_O', 'EMB_O', 'EMB_O', 'EMB_O', 'EMB_O', 'EMB_O', 'EMB_O', 'EMB_O', 'EMB_O', 'EMB_O', 'EMB_O', 'EMB_O', 'EMB_O', 'EMB_O', 'EMB_O', 'EMB_O', 'EMB_O', 'EMB_O', 'EMB_O', 'EMB_O', 'EMB_O', 'EMB_O', 'EMB_O', 'EMB_O', 'EMB_O', 'EMB_O', 'EMB_O', 'EMB_O', 'EMB_O', 'EMB_O', 'EMB_O', 'EMB_O', 'EMB_O', 'EMB_O', 'EMB_O', 'EMB_O', 'EMB_O', 'EMB_O', 'EMB_O', 'EMB_O', 'ASP_B', 'ASP_E', 'EMB_O', 'EMB_O', 'EMB_P', 'EMB_P', 'EMB_P', 'EMB_P', 'EMB_P', 'EMB_P', 'EMB_P', 'EMB_P', 'EMB_P', 'EMB_P', 'EMB_P', 'EMB_P', 'EMB_P', 'EMB_P', 'EMB_P', 'EMB_P', 'EMB_P', 'EMB_P', 'EMB_P', 'EMB_P', 'EMB_P', 'EMB_P', 'EMB_P', 'EMB_P', 'EMB_P', 'EMB_P', 'EMB_P', 'EMB_P', 'EMB_P', 'EMB_P', 'EMB_P', 'EMB_P', 'EMB_P', 'EMB_P', 'EMB_P', 'EMB_P', 'EMB_P', 'EMB_P', 'EMB_P', 'EMB_P', 'EMB_P', 'EMB_P', 'EMB_P', 'EMB_P', 'EMB_P', 'EMB_P', 'EMB_P', 'EMB_P', 'EMB_P', 'EMB_P', 'EMB_P', 'EMB_P', 'EMB_P', 'EMB_P', 'EMB_P', 'EMB_P', 'EMB_P', 'EMB_P', 'EMB_P', 'EMB_P', 'EMB_P', 'EMB_P', 'EMB_P', 'EMB_P', 'EMB_P', 'EMB_P', 'EMB_P', 'EMB_P', 'EMB_P', 'EMB_P', 'EMB_P', 'EMB_P', 'EMB_P', 'EMB_P', 'EMB_P', 'EMB_P', 'EMB_P', 'EMB_P', 'EMB_P', 'EMB_P', 'EMB_P']","['EMB_O', 'EMB_O', 'EMB_O', 'EMB_O', 'EMB_O', 'EMB_O', 'EMB_O', 'EMB_O', 'EMB_O', 'EMB_O', 'EMB_O', 'EMB_O', 'EMB_O', 'EMB_O', 'EMB_O', 'EMB_O', 'EMB_O', 'EMB_O', 'EMB_O', 'EMB_O', 'EMB_O', 'EMB_O', 'EMB_O', 'EMB_O', 'EMB_O', 'EMB_O', 'EMB_O', 'EMB_O', 'EMB_O', 'EMB_O', 'EMB_O', 'EMB_O', 'EMB_O', 'EMB_O', 'EMB_O', 'EMB_O', 'EMB_O', 'EMB_O', 'EMB_O', 'EMB_O', 'EMB_O', 'EMB_O', 'OPN_S', 'EMB_O', 'EMB_O', 'EMB_O', 'EMB_O', 'EMB_P', 'EMB_P', 'EMB_P', 'EMB_P', 'EMB_P', 'EMB_P', 'EMB_P', 'EMB_P', 'EMB_P', 'EMB_P', 'EMB_P', 'EMB_P', 'EMB_P', 'EMB_P', 'EMB_P', 'EMB_P', 'EMB_P', 'EMB_P', 'EMB_P', 'EMB_P', 'EMB_P', 'EMB_P', 'EMB_P', 'EMB_P', 'EMB_P', 'EMB_P', 'EMB_P', 'EMB_P', 'EMB_P', 'EMB_P', 'EMB_P', 'EMB_P', 'EMB_P', 'EMB_P', 'EMB_P', 'EMB_P', 'EMB_P', 'EMB_P', 'EMB_P', 'EMB_P', 'EMB_P', 'EMB_P', 'EMB_P', 'EMB_P', 'EMB_P', 'EMB_P', 'EMB_P', 'EMB_P', 'EMB_P', 'EMB_P', 'EMB_P', 'EMB_P', 'EMB_P', 'EMB_P', 'EMB_P', 'EMB_P', 'EMB_P', 'EMB_P', 'EMB_P', 'EMB_P', 'EMB_P', 'EMB_P', 'EMB_P', 'EMB_P', 'EMB_P', 'EMB_P', 'EMB_P', 'EMB_P', 'EMB_P', 'EMB_P', 'EMB_P', 'EMB_P', 'EMB_P', 'EMB_P', 'EMB_P', 'EMB_P', 'EMB_P', 'EMB_P', 'EMB_P', 'EMB_P', 'EMB_P']"
91,обслуговуючий персонал,Приємно здивував,26330:4_1060,Приємно здивував обслуговуючий персонал.,7.33,7.33,"['EMB_O', 'EMB_O', 'EMB_O', 'EMB_O', 'EMB_O', 'EMB_O', 'EMB_O', 'EMB_O', 'ASP_B', 'ASP_I', 'ASP_I', 'ASP_I', 'ASP_I', 'ASP_I', 'ASP_E', 'EMB_O', 'EMB_O', 'EMB_P', 'EMB_P', 'EMB_P', 'EMB_P', 'EMB_P', 'EMB_P', 'EMB_P', 'EMB_P', 'EMB_P', 'EMB_P', 'EMB_P', 'EMB_P', 'EMB_P', 'EMB_P', 'EMB_P', 'EMB_P', 'EMB_P', 'EMB_P', 'EMB_P', 'EMB_P', 'EMB_P', 'EMB_P', 'EMB_P', 'EMB_P', 'EMB_P', 'EMB_P', 'EMB_P', 'EMB_P', 'EMB_P', 'EMB_P', 'EMB_P', 'EMB_P', 'EMB_P', 'EMB_P', 'EMB_P', 'EMB_P', 'EMB_P', 'EMB_P', 'EMB_P', 'EMB_P', 'EMB_P', 'EMB_P', 'EMB_P', 'EMB_P', 'EMB_P', 'EMB_P', 'EMB_P', 'EMB_P', 'EMB_P', 'EMB_P', 'EMB_P', 'EMB_P', 'EMB_P', 'EMB_P', 'EMB_P', 'EMB_P', 'EMB_P', 'EMB_P', 'EMB_P', 'EMB_P', 'EMB_P', 'EMB_P', 'EMB_P', 'EMB_P', 'EMB_P', 'EMB_P', 'EMB_P', 'EMB_P', 'EMB_P', 'EMB_P', 'EMB_P', 'EMB_P', 'EMB_P', 'EMB_P', 'EMB_P', 'EMB_P', 'EMB_P', 'EMB_P', 'EMB_P', 'EMB_P', 'EMB_P', 'EMB_P', 'EMB_P', 'EMB_P', 'EMB_P', 'EMB_P', 'EMB_P', 'EMB_P', 'EMB_P', 'EMB_P', 'EMB_P', 'EMB_P', 'EMB_P', 'EMB_P', 'EMB_P', 'EMB_P', 'EMB_P', 'EMB_P', 'EMB_P', 'EMB_P', 'EMB_P', 'EMB_P', 'EMB_P', 'EMB_P', 'EMB_P', 'EMB_P', 'EMB_P', 'EMB_P', 'EMB_P', 'EMB_P', 'EMB_P']","['EMB_O', 'OPN_B', 'OPN_I', 'OPN_I', 'OPN_I', 'OPN_I', 'OPN_I', 'OPN_E', 'EMB_O', 'EMB_O', 'EMB_O', 'EMB_O', 'EMB_O', 'EMB_O', 'EMB_O', 'EMB_O', 'EMB_O', 'EMB_P', 'EMB_P', 'EMB_P', 'EMB_P', 'EMB_P', 'EMB_P', 'EMB_P', 'EMB_P', 'EMB_P', 'EMB_P', 'EMB_P', 'EMB_P', 'EMB_P', 'EMB_P', 'EMB_P', 'EMB_P', 'EMB_P', 'EMB_P', 'EMB_P', 'EMB_P', 'EMB_P', 'EMB_P', 'EMB_P', 'EMB_P', 'EMB_P', 'EMB_P', 'EMB_P', 'EMB_P', 'EMB_P', 'EMB_P', 'EMB_P', 'EMB_P', 'EMB_P', 'EMB_P', 'EMB_P', 'EMB_P', 'EMB_P', 'EMB_P', 'EMB_P', 'EMB_P', 'EMB_P', 'EMB_P', 'EMB_P', 'EMB_P', 'EMB_P', 'EMB_P', 'EMB_P', 'EMB_P', 'EMB_P', 'EMB_P', 'EMB_P', 'EMB_P', 'EMB_P', 'EMB_P', 'EMB_P', 'EMB_P', 'EMB_P', 'EMB_P', 'EMB_P', 'EMB_P', 'EMB_P', 'EMB_P', 'EMB_P', 'EMB_P', 'EMB_P', 'EMB_P', 'EMB_P', 'EMB_P', 'EMB_P', 'EMB_P', 'EMB_P', 'EMB_P', 'EMB_P', 'EMB_P', 'EMB_P', 'EMB_P', 'EMB_P', 'EMB_P', 'EMB_P', 'EMB_P', 'EMB_P', 'EMB_P', 'EMB_P', 'EMB_P', 'EMB_P', 'EMB_P', 'EMB_P', 'EMB_P', 'EMB_P', 'EMB_P', 'EMB_P', 'EMB_P', 'EMB_P', 'EMB_P', 'EMB_P', 'EMB_P', 'EMB_P', 'EMB_P', 'EMB_P', 'EMB_P', 'EMB_P', 'EMB_P', 'EMB_P', 'EMB_P', 'EMB_P', 'EMB_P', 'EMB_P', 'EMB_P', 'EMB_P', 'EMB_P', 'EMB_P']"
92,Дівчина,добре,26330:5_1061,"Дівчина, яка нас обслуговувала, з рідкісним ім'ям Антоніна, добре розуміється на представленій рестораном їжі і вміло порекомендувала нам різні закуски.",6.67,6.0,"['EMB_O', 'ASP_B', 'ASP_I', 'ASP_E', 'EMB_O', 'EMB_O', 'EMB_O', 'EMB_O', 'EMB_O', 'EMB_O', 'EMB_O', 'EMB_O', 'EMB_O', 'EMB_O', 'EMB_O', 'EMB_O', 'EMB_O', 'EMB_O', 'EMB_O', 'EMB_O', 'EMB_O', 'EMB_O', 'EMB_O', 'EMB_O', 'EMB_O', 'EMB_O', 'EMB_O', 'EMB_O', 'EMB_O', 'EMB_O', 'EMB_O', 'EMB_O', 'EMB_O', 'EMB_O', 'EMB_O', 'EMB_O', 'EMB_O', 'EMB_O', 'EMB_O', 'EMB_O', 'EMB_O', 'EMB_O', 'EMB_O', 'EMB_O', 'EMB_O', 'EMB_O', 'EMB_O', 'EMB_O', 'EMB_O', 'EMB_O', 'EMB_O', 'EMB_O', 'EMB_O', 'EMB_O', 'EMB_O', 'EMB_P', 'EMB_P', 'EMB_P', 'EMB_P', 'EMB_P', 'EMB_P', 'EMB_P', 'EMB_P', 'EMB_P', 'EMB_P', 'EMB_P', 'EMB_P', 'EMB_P', 'EMB_P', 'EMB_P', 'EMB_P', 'EMB_P', 'EMB_P', 'EMB_P', 'EMB_P', 'EMB_P', 'EMB_P', 'EMB_P', 'EMB_P', 'EMB_P', 'EMB_P', 'EMB_P', 'EMB_P', 'EMB_P', 'EMB_P', 'EMB_P', 'EMB_P', 'EMB_P', 'EMB_P', 'EMB_P', 'EMB_P', 'EMB_P', 'EMB_P', 'EMB_P', 'EMB_P', 'EMB_P', 'EMB_P', 'EMB_P', 'EMB_P', 'EMB_P', 'EMB_P', 'EMB_P', 'EMB_P', 'EMB_P', 'EMB_P', 'EMB_P', 'EMB_P', 'EMB_P', 'EMB_P', 'EMB_P', 'EMB_P', 'EMB_P', 'EMB_P', 'EMB_P', 'EMB_P', 'EMB_P', 'EMB_P', 'EMB_P', 'EMB_P', 'EMB_P', 'EMB_P', 'EMB_P', 'EMB_P', 'EMB_P', 'EMB_P', 'EMB_P', 'EMB_P', 'EMB_P']","['EMB_O', 'EMB_O', 'EMB_O', 'EMB_O', 'EMB_O', 'EMB_O', 'EMB_O', 'EMB_O', 'EMB_O', 'EMB_O', 'EMB_O', 'EMB_O', 'EMB_O', 'EMB_O', 'EMB_O', 'EMB_O', 'EMB_O', 'EMB_O', 'EMB_O', 'EMB_O', 'EMB_O', 'EMB_O', 'EMB_O', 'EMB_O', 'OPN_S', 'EMB_O', 'EMB_O', 'EMB_O', 'EMB_O', 'EMB_O', 'EMB_O', 'EMB_O', 'EMB_O', 'EMB_O', 'EMB_O', 'EMB_O', 'EMB_O', 'EMB_O', 'EMB_O', 'EMB_O', 'EMB_O', 'EMB_O', 'EMB_O', 'EMB_O', 'EMB_O', 'EMB_O', 'EMB_O', 'EMB_O', 'EMB_O', 'EMB_O', 'EMB_O', 'EMB_O', 'EMB_O', 'EMB_O', 'EMB_O', 'EMB_P', 'EMB_P', 'EMB_P', 'EMB_P', 'EMB_P', 'EMB_P', 'EMB_P', 'EMB_P', 'EMB_P', 'EMB_P', 'EMB_P', 'EMB_P', 'EMB_P', 'EMB_P', 'EMB_P', 'EMB_P', 'EMB_P', 'EMB_P', 'EMB_P', 'EMB_P', 'EMB_P', 'EMB_P', 'EMB_P', 'EMB_P', 'EMB_P', 'EMB_P', 'EMB_P', 'EMB_P', 'EMB_P', 'EMB_P', 'EMB_P', 'EMB_P', 'EMB_P', 'EMB_P', 'EMB_P', 'EMB_P', 'EMB_P', 'EMB_P', 'EMB_P', 'EMB_P', 'EMB_P', 'EMB_P', 'EMB_P', 'EMB_P', 'EMB_P', 'EMB_P', 'EMB_P', 'EMB_P', 'EMB_P', 'EMB_P', 'EMB_P', 'EMB_P', 'EMB_P', 'EMB_P', 'EMB_P', 'EMB_P', 'EMB_P', 'EMB_P', 'EMB_P', 'EMB_P', 'EMB_P', 'EMB_P', 'EMB_P', 'EMB_P', 'EMB_P', 'EMB_P', 'EMB_P', 'EMB_P', 'EMB_P', 'EMB_P', 'EMB_P', 'EMB_P', 'EMB_P']"
93,пиво,А яке,26330:6_1062,А яке пиво!!!,7.7,7.9,"['EMB_O', 'EMB_O', 'EMB_O', 'ASP_B', 'ASP_E', 'EMB_O', 'EMB_O', 'EMB_O', 'EMB_O', 'EMB_P', 'EMB_P', 'EMB_P', 'EMB_P', 'EMB_P', 'EMB_P', 'EMB_P', 'EMB_P', 'EMB_P', 'EMB_P', 'EMB_P', 'EMB_P', 'EMB_P', 'EMB_P', 'EMB_P', 'EMB_P', 'EMB_P', 'EMB_P', 'EMB_P', 'EMB_P', 'EMB_P', 'EMB_P', 'EMB_P', 'EMB_P', 'EMB_P', 'EMB_P', 'EMB_P', 'EMB_P', 'EMB_P', 'EMB_P', 'EMB_P', 'EMB_P', 'EMB_P', 'EMB_P', 'EMB_P', 'EMB_P', 'EMB_P', 'EMB_P', 'EMB_P', 'EMB_P', 'EMB_P', 'EMB_P', 'EMB_P', 'EMB_P', 'EMB_P', 'EMB_P', 'EMB_P', 'EMB_P', 'EMB_P', 'EMB_P', 'EMB_P', 'EMB_P', 'EMB_P', 'EMB_P', 'EMB_P', 'EMB_P', 'EMB_P', 'EMB_P', 'EMB_P', 'EMB_P', 'EMB_P', 'EMB_P', 'EMB_P', 'EMB_P', 'EMB_P', 'EMB_P', 'EMB_P', 'EMB_P', 'EMB_P', 'EMB_P', 'EMB_P', 'EMB_P', 'EMB_P', 'EMB_P', 'EMB_P', 'EMB_P', 'EMB_P', 'EMB_P', 'EMB_P', 'EMB_P', 'EMB_P', 'EMB_P', 'EMB_P', 'EMB_P', 'EMB_P', 'EMB_P', 'EMB_P', 'EMB_P', 'EMB_P', 'EMB_P', 'EMB_P', 'EMB_P', 'EMB_P', 'EMB_P', 'EMB_P', 'EMB_P', 'EMB_P', 'EMB_P', 'EMB_P', 'EMB_P', 'EMB_P', 'EMB_P', 'EMB_P', 'EMB_P', 'EMB_P', 'EMB_P', 'EMB_P', 'EMB_P', 'EMB_P', 'EMB_P', 'EMB_P', 'EMB_P', 'EMB_P', 'EMB_P', 'EMB_P', 'EMB_P', 'EMB_P', 'EMB_P', 'EMB_P']","['EMB_O', 'OPN_B', 'OPN_E', 'EMB_O', 'EMB_O', 'EMB_O', 'EMB_O', 'EMB_O', 'EMB_O', 'EMB_P', 'EMB_P', 'EMB_P', 'EMB_P', 'EMB_P', 'EMB_P', 'EMB_P', 'EMB_P', 'EMB_P', 'EMB_P', 'EMB_P', 'EMB_P', 'EMB_P', 'EMB_P', 'EMB_P', 'EMB_P', 'EMB_P', 'EMB_P', 'EMB_P', 'EMB_P', 'EMB_P', 'EMB_P', 'EMB_P', 'EMB_P', 'EMB_P', 'EMB_P', 'EMB_P', 'EMB_P', 'EMB_P', 'EMB_P', 'EMB_P', 'EMB_P', 'EMB_P', 'EMB_P', 'EMB_P', 'EMB_P', 'EMB_P', 'EMB_P', 'EMB_P', 'EMB_P', 'EMB_P', 'EMB_P', 'EMB_P', 'EMB_P', 'EMB_P', 'EMB_P', 'EMB_P', 'EMB_P', 'EMB_P', 'EMB_P', 'EMB_P', 'EMB_P', 'EMB_P', 'EMB_P', 'EMB_P', 'EMB_P', 'EMB_P', 'EMB_P', 'EMB_P', 'EMB_P', 'EMB_P', 'EMB_P', 'EMB_P', 'EMB_P', 'EMB_P', 'EMB_P', 'EMB_P', 'EMB_P', 'EMB_P', 'EMB_P', 'EMB_P', 'EMB_P', 'EMB_P', 'EMB_P', 'EMB_P', 'EMB_P', 'EMB_P', 'EMB_P', 'EMB_P', 'EMB_P', 'EMB_P', 'EMB_P', 'EMB_P', 'EMB_P', 'EMB_P', 'EMB_P', 'EMB_P', 'EMB_P', 'EMB_P', 'EMB_P', 'EMB_P', 'EMB_P', 'EMB_P', 'EMB_P', 'EMB_P', 'EMB_P', 'EMB_P', 'EMB_P', 'EMB_P', 'EMB_P', 'EMB_P', 'EMB_P', 'EMB_P', 'EMB_P', 'EMB_P', 'EMB_P', 'EMB_P', 'EMB_P', 'EMB_P', 'EMB_P', 'EMB_P', 'EMB_P', 'EMB_P', 'EMB_P', 'EMB_P', 'EMB_P', 'EMB_P', 'EMB_P', 'EMB_P']"
94,бармен,другом,26330:8_1063,бармен став нам просто другом.,7.67,7.67,"['EMB_O', 'ASP_B', 'ASP_E', 'EMB_O', 'EMB_O', 'EMB_O', 'EMB_O', 'EMB_O', 'EMB_O', 'EMB_P', 'EMB_P', 'EMB_P', 'EMB_P', 'EMB_P', 'EMB_P', 'EMB_P', 'EMB_P', 'EMB_P', 'EMB_P', 'EMB_P', 'EMB_P', 'EMB_P', 'EMB_P', 'EMB_P', 'EMB_P', 'EMB_P', 'EMB_P', 'EMB_P', 'EMB_P', 'EMB_P', 'EMB_P', 'EMB_P', 'EMB_P', 'EMB_P', 'EMB_P', 'EMB_P', 'EMB_P', 'EMB_P', 'EMB_P', 'EMB_P', 'EMB_P', 'EMB_P', 'EMB_P', 'EMB_P', 'EMB_P', 'EMB_P', 'EMB_P', 'EMB_P', 'EMB_P', 'EMB_P', 'EMB_P', 'EMB_P', 'EMB_P', 'EMB_P', 'EMB_P', 'EMB_P', 'EMB_P', 'EMB_P', 'EMB_P', 'EMB_P', 'EMB_P', 'EMB_P', 'EMB_P', 'EMB_P', 'EMB_P', 'EMB_P', 'EMB_P', 'EMB_P', 'EMB_P', 'EMB_P', 'EMB_P', 'EMB_P', 'EMB_P', 'EMB_P', 'EMB_P', 'EMB_P', 'EMB_P', 'EMB_P', 'EMB_P', 'EMB_P', 'EMB_P', 'EMB_P', 'EMB_P', 'EMB_P', 'EMB_P', 'EMB_P', 'EMB_P', 'EMB_P', 'EMB_P', 'EMB_P', 'EMB_P', 'EMB_P', 'EMB_P', 'EMB_P', 'EMB_P', 'EMB_P', 'EMB_P', 'EMB_P', 'EMB_P', 'EMB_P', 'EMB_P', 'EMB_P', 'EMB_P', 'EMB_P', 'EMB_P', 'EMB_P', 'EMB_P', 'EMB_P', 'EMB_P', 'EMB_P', 'EMB_P', 'EMB_P', 'EMB_P', 'EMB_P', 'EMB_P', 'EMB_P', 'EMB_P', 'EMB_P', 'EMB_P', 'EMB_P', 'EMB_P', 'EMB_P', 'EMB_P', 'EMB_P', 'EMB_P', 'EMB_P', 'EMB_P', 'EMB_P']","['EMB_O', 'EMB_O', 'EMB_O', 'EMB_O', 'EMB_O', 'EMB_O', 'OPN_S', 'EMB_O', 'EMB_O', 'EMB_P', 'EMB_P', 'EMB_P', 'EMB_P', 'EMB_P', 'EMB_P', 'EMB_P', 'EMB_P', 'EMB_P', 'EMB_P', 'EMB_P', 'EMB_P', 'EMB_P', 'EMB_P', 'EMB_P', 'EMB_P', 'EMB_P', 'EMB_P', 'EMB_P', 'EMB_P', 'EMB_P', 'EMB_P', 'EMB_P', 'EMB_P', 'EMB_P', 'EMB_P', 'EMB_P', 'EMB_P', 'EMB_P', 'EMB_P', 'EMB_P', 'EMB_P', 'EMB_P', 'EMB_P', 'EMB_P', 'EMB_P', 'EMB_P', 'EMB_P', 'EMB_P', 'EMB_P', 'EMB_P', 'EMB_P', 'EMB_P', 'EMB_P', 'EMB_P', 'EMB_P', 'EMB_P', 'EMB_P', 'EMB_P', 'EMB_P', 'EMB_P', 'EMB_P', 'EMB_P', 'EMB_P', 'EMB_P', 'EMB_P', 'EMB_P', 'EMB_P', 'EMB_P', 'EMB_P', 'EMB_P', 'EMB_P', 'EMB_P', 'EMB_P', 'EMB_P', 'EMB_P', 'EMB_P', 'EMB_P', 'EMB_P', 'EMB_P', 'EMB_P', 'EMB_P', 'EMB_P', 'EMB_P', 'EMB_P', 'EMB_P', 'EMB_P', 'EMB_P', 'EMB_P', 'EMB_P', 'EMB_P', 'EMB_P', 'EMB_P', 'EMB_P', 'EMB_P', 'EMB_P', 'EMB_P', 'EMB_P', 'EMB_P', 'EMB_P', 'EMB_P', 'EMB_P', 'EMB_P', 'EMB_P', 'EMB_P', 'EMB_P', 'EMB_P', 'EMB_P', 'EMB_P', 'EMB_P', 'EMB_P', 'EMB_P', 'EMB_P', 'EMB_P', 'EMB_P', 'EMB_P', 'EMB_P', 'EMB_P', 'EMB_P', 'EMB_P', 'EMB_P', 'EMB_P', 'EMB_P', 'EMB_P', 'EMB_P', 'EMB_P', 'EMB_P', 'EMB_P', 'EMB_P']"
95,пиво,вміло підібрав,26330:9_1064,На будь-яке питання про пиво він вміло підібрав кожному з нас пиво за смаком.,7.75,7.5,"['EMB_O', 'EMB_O', 'EMB_O', 'EMB_O', 'EMB_O', 'EMB_O', 'EMB_O', 'ASP_B', 'ASP_E', 'EMB_O', 'EMB_O', 'EMB_O', 'EMB_O', 'EMB_O', 'EMB_O', 'EMB_O', 'EMB_O', 'EMB_O', 'EMB_O', 'EMB_O', 'EMB_O', 'EMB_O', 'EMB_O', 'EMB_O', 'EMB_O', 'EMB_O', 'EMB_O', 'EMB_O', 'EMB_P', 'EMB_P', 'EMB_P', 'EMB_P', 'EMB_P', 'EMB_P', 'EMB_P', 'EMB_P', 'EMB_P', 'EMB_P', 'EMB_P', 'EMB_P', 'EMB_P', 'EMB_P', 'EMB_P', 'EMB_P', 'EMB_P', 'EMB_P', 'EMB_P', 'EMB_P', 'EMB_P', 'EMB_P', 'EMB_P', 'EMB_P', 'EMB_P', 'EMB_P', 'EMB_P', 'EMB_P', 'EMB_P', 'EMB_P', 'EMB_P', 'EMB_P', 'EMB_P', 'EMB_P', 'EMB_P', 'EMB_P', 'EMB_P', 'EMB_P', 'EMB_P', 'EMB_P', 'EMB_P', 'EMB_P', 'EMB_P', 'EMB_P', 'EMB_P', 'EMB_P', 'EMB_P', 'EMB_P', 'EMB_P', 'EMB_P', 'EMB_P', 'EMB_P', 'EMB_P', 'EMB_P', 'EMB_P', 'EMB_P', 'EMB_P', 'EMB_P', 'EMB_P', 'EMB_P', 'EMB_P', 'EMB_P', 'EMB_P', 'EMB_P', 'EMB_P', 'EMB_P', 'EMB_P', 'EMB_P', 'EMB_P', 'EMB_P', 'EMB_P', 'EMB_P', 'EMB_P', 'EMB_P', 'EMB_P', 'EMB_P', 'EMB_P', 'EMB_P', 'EMB_P', 'EMB_P', 'EMB_P', 'EMB_P', 'EMB_P', 'EMB_P', 'EMB_P', 'EMB_P', 'EMB_P', 'EMB_P', 'EMB_P', 'EMB_P', 'EMB_P', 'EMB_P', 'EMB_P', 'EMB_P', 'EMB_P', 'EMB_P', 'EMB_P', 'EMB_P', 'EMB_P', 'EMB_P']","['EMB_O', 'EMB_O', 'EMB_O', 'EMB_O', 'EMB_O', 'EMB_O', 'EMB_O', 'EMB_O', 'EMB_O', 'EMB_O', 'OPN_B', 'OPN_I', 'OPN_I', 'OPN_I', 'OPN_I', 'OPN_E', 'EMB_O', 'EMB_O', 'EMB_O', 'EMB_O', 'EMB_O', 'EMB_O', 'EMB_O', 'EMB_O', 'EMB_O', 'EMB_O', 'EMB_O', 'EMB_O', 'EMB_P', 'EMB_P', 'EMB_P', 'EMB_P', 'EMB_P', 'EMB_P', 'EMB_P', 'EMB_P', 'EMB_P', 'EMB_P', 'EMB_P', 'EMB_P', 'EMB_P', 'EMB_P', 'EMB_P', 'EMB_P', 'EMB_P', 'EMB_P', 'EMB_P', 'EMB_P', 'EMB_P', 'EMB_P', 'EMB_P', 'EMB_P', 'EMB_P', 'EMB_P', 'EMB_P', 'EMB_P', 'EMB_P', 'EMB_P', 'EMB_P', 'EMB_P', 'EMB_P', 'EMB_P', 'EMB_P', 'EMB_P', 'EMB_P', 'EMB_P', 'EMB_P', 'EMB_P', 'EMB_P', 'EMB_P', 'EMB_P', 'EMB_P', 'EMB_P', 'EMB_P', 'EMB_P', 'EMB_P', 'EMB_P', 'EMB_P', 'EMB_P', 'EMB_P', 'EMB_P', 'EMB_P', 'EMB_P', 'EMB_P', 'EMB_P', 'EMB_P', 'EMB_P', 'EMB_P', 'EMB_P', 'EMB_P', 'EMB_P', 'EMB_P', 'EMB_P', 'EMB_P', 'EMB_P', 'EMB_P', 'EMB_P', 'EMB_P', 'EMB_P', 'EMB_P', 'EMB_P', 'EMB_P', 'EMB_P', 'EMB_P', 'EMB_P', 'EMB_P', 'EMB_P', 'EMB_P', 'EMB_P', 'EMB_P', 'EMB_P', 'EMB_P', 'EMB_P', 'EMB_P', 'EMB_P', 'EMB_P', 'EMB_P', 'EMB_P', 'EMB_P', 'EMB_P', 'EMB_P', 'EMB_P', 'EMB_P', 'EMB_P', 'EMB_P', 'EMB_P', 'EMB_P', 'EMB_P']"
96,пивному барі,чудово,26330:10_1065,Все було чудово в цьому пивному барі!!!!,7.75,7.75,"['EMB_O', 'EMB_O', 'EMB_O', 'EMB_O', 'EMB_O', 'EMB_O', 'EMB_O', 'EMB_O', 'ASP_B', 'ASP_I', 'ASP_I', 'ASP_I', 'ASP_E', 'EMB_O', 'EMB_O', 'EMB_O', 'EMB_O', 'EMB_O', 'EMB_P', 'EMB_P', 'EMB_P', 'EMB_P', 'EMB_P', 'EMB_P', 'EMB_P', 'EMB_P', 'EMB_P', 'EMB_P', 'EMB_P', 'EMB_P', 'EMB_P', 'EMB_P', 'EMB_P', 'EMB_P', 'EMB_P', 'EMB_P', 'EMB_P', 'EMB_P', 'EMB_P', 'EMB_P', 'EMB_P', 'EMB_P', 'EMB_P', 'EMB_P', 'EMB_P', 'EMB_P', 'EMB_P', 'EMB_P', 'EMB_P', 'EMB_P', 'EMB_P', 'EMB_P', 'EMB_P', 'EMB_P', 'EMB_P', 'EMB_P', 'EMB_P', 'EMB_P', 'EMB_P', 'EMB_P', 'EMB_P', 'EMB_P', 'EMB_P', 'EMB_P', 'EMB_P', 'EMB_P', 'EMB_P', 'EMB_P', 'EMB_P', 'EMB_P', 'EMB_P', 'EMB_P', 'EMB_P', 'EMB_P', 'EMB_P', 'EMB_P', 'EMB_P', 'EMB_P', 'EMB_P', 'EMB_P', 'EMB_P', 'EMB_P', 'EMB_P', 'EMB_P', 'EMB_P', 'EMB_P', 'EMB_P', 'EMB_P', 'EMB_P', 'EMB_P', 'EMB_P', 'EMB_P', 'EMB_P', 'EMB_P', 'EMB_P', 'EMB_P', 'EMB_P', 'EMB_P', 'EMB_P', 'EMB_P', 'EMB_P', 'EMB_P', 'EMB_P', 'EMB_P', 'EMB_P', 'EMB_P', 'EMB_P', 'EMB_P', 'EMB_P', 'EMB_P', 'EMB_P', 'EMB_P', 'EMB_P', 'EMB_P', 'EMB_P', 'EMB_P', 'EMB_P', 'EMB_P', 'EMB_P', 'EMB_P', 'EMB_P', 'EMB_P', 'EMB_P', 'EMB_P', 'EMB_P', 'EMB_P', 'EMB_P', 'EMB_P']","['EMB_O', 'EMB_O', 'EMB_O', 'OPN_B', 'OPN_I', 'OPN_E', 'EMB_O', 'EMB_O', 'EMB_O', 'EMB_O', 'EMB_O', 'EMB_O', 'EMB_O', 'EMB_O', 'EMB_O', 'EMB_O', 'EMB_O', 'EMB_O', 'EMB_P', 'EMB_P', 'EMB_P', 'EMB_P', 'EMB_P', 'EMB_P', 'EMB_P', 'EMB_P', 'EMB_P', 'EMB_P', 'EMB_P', 'EMB_P', 'EMB_P', 'EMB_P', 'EMB_P', 'EMB_P', 'EMB_P', 'EMB_P', 'EMB_P', 'EMB_P', 'EMB_P', 'EMB_P', 'EMB_P', 'EMB_P', 'EMB_P', 'EMB_P', 'EMB_P', 'EMB_P', 'EMB_P', 'EMB_P', 'EMB_P', 'EMB_P', 'EMB_P', 'EMB_P', 'EMB_P', 'EMB_P', 'EMB_P', 'EMB_P', 'EMB_P', 'EMB_P', 'EMB_P', 'EMB_P', 'EMB_P', 'EMB_P', 'EMB_P', 'EMB_P', 'EMB_P', 'EMB_P', 'EMB_P', 'EMB_P', 'EMB_P', 'EMB_P', 'EMB_P', 'EMB_P', 'EMB_P', 'EMB_P', 'EMB_P', 'EMB_P', 'EMB_P', 'EMB_P', 'EMB_P', 'EMB_P', 'EMB_P', 'EMB_P', 'EMB_P', 'EMB_P', 'EMB_P', 'EMB_P', 'EMB_P', 'EMB_P', 'EMB_P', 'EMB_P', 'EMB_P', 'EMB_P', 'EMB_P', 'EMB_P', 'EMB_P', 'EMB_P', 'EMB_P', 'EMB_P', 'EMB_P', 'EMB_P', 'EMB_P', 'EMB_P', 'EMB_P', 'EMB_P', 'EMB_P', 'EMB_P', 'EMB_P', 'EMB_P', 'EMB_P', 'EMB_P', 'EMB_P', 'EMB_P', 'EMB_P', 'EMB_P', 'EMB_P', 'EMB_P', 'EMB_P', 'EMB_P', 'EMB_P', 'EMB_P', 'EMB_P', 'EMB_P', 'EMB_P', 'EMB_P', 'EMB_P', 'EMB_P', 'EMB_P', 'EMB_P']"
97,Гроссенштрассе,Всім,26330:11_1066,Всім Гроссенштрассе!!!!!!!!!!!!!!!!!,8.17,8.67,"['EMB_O', 'EMB_O', 'EMB_O', 'ASP_B', 'ASP_I', 'ASP_I', 'ASP_I', 'ASP_I', 'ASP_E', 'EMB_O', 'EMB_O', 'EMB_O', 'EMB_O', 'EMB_O', 'EMB_O', 'EMB_O', 'EMB_O', 'EMB_O', 'EMB_O', 'EMB_O', 'EMB_O', 'EMB_O', 'EMB_O', 'EMB_O', 'EMB_O', 'EMB_O', 'EMB_O', 'EMB_P', 'EMB_P', 'EMB_P', 'EMB_P', 'EMB_P', 'EMB_P', 'EMB_P', 'EMB_P', 'EMB_P', 'EMB_P', 'EMB_P', 'EMB_P', 'EMB_P', 'EMB_P', 'EMB_P', 'EMB_P', 'EMB_P', 'EMB_P', 'EMB_P', 'EMB_P', 'EMB_P', 'EMB_P', 'EMB_P', 'EMB_P', 'EMB_P', 'EMB_P', 'EMB_P', 'EMB_P', 'EMB_P', 'EMB_P', 'EMB_P', 'EMB_P', 'EMB_P', 'EMB_P', 'EMB_P', 'EMB_P', 'EMB_P', 'EMB_P', 'EMB_P', 'EMB_P', 'EMB_P', 'EMB_P', 'EMB_P', 'EMB_P', 'EMB_P', 'EMB_P', 'EMB_P', 'EMB_P', 'EMB_P', 'EMB_P', 'EMB_P', 'EMB_P', 'EMB_P', 'EMB_P', 'EMB_P', 'EMB_P', 'EMB_P', 'EMB_P', 'EMB_P', 'EMB_P', 'EMB_P', 'EMB_P', 'EMB_P', 'EMB_P', 'EMB_P', 'EMB_P', 'EMB_P', 'EMB_P', 'EMB_P', 'EMB_P', 'EMB_P', 'EMB_P', 'EMB_P', 'EMB_P', 'EMB_P', 'EMB_P', 'EMB_P', 'EMB_P', 'EMB_P', 'EMB_P', 'EMB_P', 'EMB_P', 'EMB_P', 'EMB_P', 'EMB_P', 'EMB_P', 'EMB_P', 'EMB_P', 'EMB_P', 'EMB_P', 'EMB_P', 'EMB_P', 'EMB_P', 'EMB_P', 'EMB_P', 'EMB_P', 'EMB_P', 'EMB_P', 'EMB_P', 'EMB_P', 'EMB_P']","['EMB_O', 'OPN_B', 'OPN_E', 'EMB_O', 'EMB_O', 'EMB_O', 'EMB_O', 'EMB_O', 'EMB_O', 'EMB_O', 'EMB_O', 'EMB_O', 'EMB_O', 'EMB_O', 'EMB_O', 'EMB_O', 'EMB_O', 'EMB_O', 'EMB_O', 'EMB_O', 'EMB_O', 'EMB_O', 'EMB_O', 'EMB_O', 'EMB_O', 'EMB_O', 'EMB_O', 'EMB_P', 'EMB_P', 'EMB_P', 'EMB_P', 'EMB_P', 'EMB_P', 'EMB_P', 'EMB_P', 'EMB_P', 'EMB_P', 'EMB_P', 'EMB_P', 'EMB_P', 'EMB_P', 'EMB_P', 'EMB_P', 'EMB_P', 'EMB_P', 'EMB_P', 'EMB_P', 'EMB_P', 'EMB_P', 'EMB_P', 'EMB_P', 'EMB_P', 'EMB_P', 'EMB_P', 'EMB_P', 'EMB_P', 'EMB_P', 'EMB_P', 'EMB_P', 'EMB_P', 'EMB_P', 'EMB_P', 'EMB_P', 'EMB_P', 'EMB_P', 'EMB_P', 'EMB_P', 'EMB_P', 'EMB_P', 'EMB_P', 'EMB_P', 'EMB_P', 'EMB_P', 'EMB_P', 'EMB_P', 'EMB_P', 'EMB_P', 'EMB_P', 'EMB_P', 'EMB_P', 'EMB_P', 'EMB_P', 'EMB_P', 'EMB_P', 'EMB_P', 'EMB_P', 'EMB_P', 'EMB_P', 'EMB_P', 'EMB_P', 'EMB_P', 'EMB_P', 'EMB_P', 'EMB_P', 'EMB_P', 'EMB_P', 'EMB_P', 'EMB_P', 'EMB_P', 'EMB_P', 'EMB_P', 'EMB_P', 'EMB_P', 'EMB_P', 'EMB_P', 'EMB_P', 'EMB_P', 'EMB_P', 'EMB_P', 'EMB_P', 'EMB_P', 'EMB_P', 'EMB_P', 'EMB_P', 'EMB_P', 'EMB_P', 'EMB_P', 'EMB_P', 'EMB_P', 'EMB_P', 'EMB_P', 'EMB_P', 'EMB_P', 'EMB_P', 'EMB_P', 'EMB_P', 'EMB_P', 'EMB_P']"
98,кухня,погіршилися,26887:1_1067,"Але останнім часом і кухня і обслуговування погіршилися: то суші були настільки солоними, що є їх було неможливо, то пиріжок до першої страви був поданий після того, як саме перше було з'їдено.",2.9,6.6,"['EMB_O', 'EMB_O', 'EMB_O', 'EMB_O', 'EMB_O', 'EMB_O', 'ASP_B', 'ASP_I', 'ASP_E', 'EMB_O', 'EMB_O', 'EMB_O', 'EMB_O', 'EMB_O', 'EMB_O', 'EMB_O', 'EMB_O', 'EMB_O', 'EMB_O', 'EMB_O', 'EMB_O', 'EMB_O', 'EMB_O', 'EMB_O', 'EMB_O', 'EMB_O', 'EMB_O', 'EMB_O', 'EMB_O', 'EMB_O', 'EMB_O', 'EMB_O', 'EMB_O', 'EMB_O', 'EMB_O', 'EMB_O', 'EMB_O', 'EMB_O', 'EMB_O', 'EMB_O', 'EMB_O', 'EMB_O', 'EMB_O', 'EMB_O', 'EMB_O', 'EMB_O', 'EMB_O', 'EMB_O', 'EMB_O', 'EMB_O', 'EMB_O', 'EMB_O', 'EMB_O', 'EMB_O', 'EMB_O', 'EMB_O', 'EMB_O', 'EMB_O', 'EMB_O', 'EMB_O', 'EMB_O', 'EMB_O', 'EMB_O', 'EMB_O', 'EMB_O', 'EMB_P', 'EMB_P', 'EMB_P', 'EMB_P', 'EMB_P', 'EMB_P', 'EMB_P', 'EMB_P', 'EMB_P', 'EMB_P', 'EMB_P', 'EMB_P', 'EMB_P', 'EMB_P', 'EMB_P', 'EMB_P', 'EMB_P', 'EMB_P', 'EMB_P', 'EMB_P', 'EMB_P', 'EMB_P', 'EMB_P', 'EMB_P', 'EMB_P', 'EMB_P', 'EMB_P', 'EMB_P', 'EMB_P', 'EMB_P', 'EMB_P', 'EMB_P', 'EMB_P', 'EMB_P', 'EMB_P', 'EMB_P', 'EMB_P', 'EMB_P', 'EMB_P', 'EMB_P', 'EMB_P', 'EMB_P', 'EMB_P', 'EMB_P', 'EMB_P', 'EMB_P', 'EMB_P', 'EMB_P', 'EMB_P', 'EMB_P', 'EMB_P', 'EMB_P', 'EMB_P', 'EMB_P', 'EMB_P', 'EMB_P', 'EMB_P', 'EMB_P', 'EMB_P', 'EMB_P', 'EMB_P', 'EMB_P', 'EMB_P']","['EMB_O', 'EMB_O', 'EMB_O', 'EMB_O', 'EMB_O', 'EMB_O', 'EMB_O', 'EMB_O', 'EMB_O', 'EMB_O', 'EMB_O', 'EMB_O', 'EMB_O', 'EMB_O', 'OPN_B', 'OPN_I', 'OPN_I', 'OPN_I', 'OPN_E', 'EMB_O', 'EMB_O', 'EMB_O', 'EMB_O', 'EMB_O', 'EMB_O', 'EMB_O', 'EMB_O', 'EMB_O', 'EMB_O', 'EMB_O', 'EMB_O', 'EMB_O', 'EMB_O', 'EMB_O', 'EMB_O', 'EMB_O', 'EMB_O', 'EMB_O', 'EMB_O', 'EMB_O', 'EMB_O', 'EMB_O', 'EMB_O', 'EMB_O', 'EMB_O', 'EMB_O', 'EMB_O', 'EMB_O', 'EMB_O', 'EMB_O', 'EMB_O', 'EMB_O', 'EMB_O', 'EMB_O', 'EMB_O', 'EMB_O', 'EMB_O', 'EMB_O', 'EMB_O', 'EMB_O', 'EMB_O', 'EMB_O', 'EMB_O', 'EMB_O', 'EMB_O', 'EMB_P', 'EMB_P', 'EMB_P', 'EMB_P', 'EMB_P', 'EMB_P', 'EMB_P', 'EMB_P', 'EMB_P', 'EMB_P', 'EMB_P', 'EMB_P', 'EMB_P', 'EMB_P', 'EMB_P', 'EMB_P', 'EMB_P', 'EMB_P', 'EMB_P', 'EMB_P', 'EMB_P', 'EMB_P', 'EMB_P', 'EMB_P', 'EMB_P', 'EMB_P', 'EMB_P', 'EMB_P', 'EMB_P', 'EMB_P', 'EMB_P', 'EMB_P', 'EMB_P', 'EMB_P', 'EMB_P', 'EMB_P', 'EMB_P', 'EMB_P', 'EMB_P', 'EMB_P', 'EMB_P', 'EMB_P', 'EMB_P', 'EMB_P', 'EMB_P', 'EMB_P', 'EMB_P', 'EMB_P', 'EMB_P', 'EMB_P', 'EMB_P', 'EMB_P', 'EMB_P', 'EMB_P', 'EMB_P', 'EMB_P', 'EMB_P', 'EMB_P', 'EMB_P', 'EMB_P', 'EMB_P', 'EMB_P', 'EMB_P']"
99,обслуговування,погіршилися,26887:1_1067,"Але останнім часом і кухня і обслуговування погіршилися: то суші були настільки солоними, що є їх було неможливо, то пиріжок до першої страви був поданий після того, як саме перше було з'їдено.",2.9,6.6,"['EMB_O', 'EMB_O', 'EMB_O', 'EMB_O', 'EMB_O', 'EMB_O', 'EMB_O', 'EMB_O', 'EMB_O', 'EMB_O', 'ASP_B', 'ASP_I', 'ASP_I', 'ASP_E', 'EMB_O', 'EMB_O', 'EMB_O', 'EMB_O', 'EMB_O', 'EMB_O', 'EMB_O', 'EMB_O', 'EMB_O', 'EMB_O', 'EMB_O', 'EMB_O', 'EMB_O', 'EMB_O', 'EMB_O', 'EMB_O', 'EMB_O', 'EMB_O', 'EMB_O', 'EMB_O', 'EMB_O', 'EMB_O', 'EMB_O', 'EMB_O', 'EMB_O', 'EMB_O', 'EMB_O', 'EMB_O', 'EMB_O', 'EMB_O', 'EMB_O', 'EMB_O', 'EMB_O', 'EMB_O', 'EMB_O', 'EMB_O', 'EMB_O', 'EMB_O', 'EMB_O', 'EMB_O', 'EMB_O', 'EMB_O', 'EMB_O', 'EMB_O', 'EMB_O', 'EMB_O', 'EMB_O', 'EMB_O', 'EMB_O', 'EMB_O', 'EMB_O', 'EMB_P', 'EMB_P', 'EMB_P', 'EMB_P', 'EMB_P', 'EMB_P', 'EMB_P', 'EMB_P', 'EMB_P', 'EMB_P', 'EMB_P', 'EMB_P', 'EMB_P', 'EMB_P', 'EMB_P', 'EMB_P', 'EMB_P', 'EMB_P', 'EMB_P', 'EMB_P', 'EMB_P', 'EMB_P', 'EMB_P', 'EMB_P', 'EMB_P', 'EMB_P', 'EMB_P', 'EMB_P', 'EMB_P', 'EMB_P', 'EMB_P', 'EMB_P', 'EMB_P', 'EMB_P', 'EMB_P', 'EMB_P', 'EMB_P', 'EMB_P', 'EMB_P', 'EMB_P', 'EMB_P', 'EMB_P', 'EMB_P', 'EMB_P', 'EMB_P', 'EMB_P', 'EMB_P', 'EMB_P', 'EMB_P', 'EMB_P', 'EMB_P', 'EMB_P', 'EMB_P', 'EMB_P', 'EMB_P', 'EMB_P', 'EMB_P', 'EMB_P', 'EMB_P', 'EMB_P', 'EMB_P', 'EMB_P', 'EMB_P']","['EMB_O', 'EMB_O', 'EMB_O', 'EMB_O', 'EMB_O', 'EMB_O', 'EMB_O', 'EMB_O', 'EMB_O', 'EMB_O', 'EMB_O', 'EMB_O', 'EMB_O', 'EMB_O', 'OPN_B', 'OPN_I', 'OPN_I', 'OPN_I', 'OPN_E', 'EMB_O', 'EMB_O', 'EMB_O', 'EMB_O', 'EMB_O', 'EMB_O', 'EMB_O', 'EMB_O', 'EMB_O', 'EMB_O', 'EMB_O', 'EMB_O', 'EMB_O', 'EMB_O', 'EMB_O', 'EMB_O', 'EMB_O', 'EMB_O', 'EMB_O', 'EMB_O', 'EMB_O', 'EMB_O', 'EMB_O', 'EMB_O', 'EMB_O', 'EMB_O', 'EMB_O', 'EMB_O', 'EMB_O', 'EMB_O', 'EMB_O', 'EMB_O', 'EMB_O', 'EMB_O', 'EMB_O', 'EMB_O', 'EMB_O', 'EMB_O', 'EMB_O', 'EMB_O', 'EMB_O', 'EMB_O', 'EMB_O', 'EMB_O', 'EMB_O', 'EMB_O', 'EMB_P', 'EMB_P', 'EMB_P', 'EMB_P', 'EMB_P', 'EMB_P', 'EMB_P', 'EMB_P', 'EMB_P', 'EMB_P', 'EMB_P', 'EMB_P', 'EMB_P', 'EMB_P', 'EMB_P', 'EMB_P', 'EMB_P', 'EMB_P', 'EMB_P', 'EMB_P', 'EMB_P', 'EMB_P', 'EMB_P', 'EMB_P', 'EMB_P', 'EMB_P', 'EMB_P', 'EMB_P', 'EMB_P', 'EMB_P', 'EMB_P', 'EMB_P', 'EMB_P', 'EMB_P', 'EMB_P', 'EMB_P', 'EMB_P', 'EMB_P', 'EMB_P', 'EMB_P', 'EMB_P', 'EMB_P', 'EMB_P', 'EMB_P', 'EMB_P', 'EMB_P', 'EMB_P', 'EMB_P', 'EMB_P', 'EMB_P', 'EMB_P', 'EMB_P', 'EMB_P', 'EMB_P', 'EMB_P', 'EMB_P', 'EMB_P', 'EMB_P', 'EMB_P', 'EMB_P', 'EMB_P', 'EMB_P', 'EMB_P']"
100,суші,неможливо,26887:1_1067,"Але останнім часом і кухня і обслуговування погіршилися: то суші були настільки солоними, що є їх було неможливо, то пиріжок до першої страви був поданий після того, як саме перше було з'їдено.",1.33,8.5,"['EMB_O', 'EMB_O', 'EMB_O', 'EMB_O', 'EMB_O', 'EMB_O', 'EMB_O', 'EMB_O', 'EMB_O', 'EMB_O', 'EMB_O', 'EMB_O', 'EMB_O', 'EMB_O', 'EMB_O', 'EMB_O', 'EMB_O', 'EMB_O', 'EMB_O', 'EMB_O', 'EMB_O', 'ASP_B', 'ASP_E', 'EMB_O', 'EMB_O', 'EMB_O', 'EMB_O', 'EMB_O', 'EMB_O', 'EMB_O', 'EMB_O', 'EMB_O', 'EMB_O', 'EMB_O', 'EMB_O', 'EMB_O', 'EMB_O', 'EMB_O', 'EMB_O', 'EMB_O', 'EMB_O', 'EMB_O', 'EMB_O', 'EMB_O', 'EMB_O', 'EMB_O', 'EMB_O', 'EMB_O', 'EMB_O', 'EMB_O', 'EMB_O', 'EMB_O', 'EMB_O', 'EMB_O', 'EMB_O', 'EMB_O', 'EMB_O', 'EMB_O', 'EMB_O', 'EMB_O', 'EMB_O', 'EMB_O', 'EMB_O', 'EMB_O', 'EMB_O', 'EMB_P', 'EMB_P', 'EMB_P', 'EMB_P', 'EMB_P', 'EMB_P', 'EMB_P', 'EMB_P', 'EMB_P', 'EMB_P', 'EMB_P', 'EMB_P', 'EMB_P', 'EMB_P', 'EMB_P', 'EMB_P', 'EMB_P', 'EMB_P', 'EMB_P', 'EMB_P', 'EMB_P', 'EMB_P', 'EMB_P', 'EMB_P', 'EMB_P', 'EMB_P', 'EMB_P', 'EMB_P', 'EMB_P', 'EMB_P', 'EMB_P', 'EMB_P', 'EMB_P', 'EMB_P', 'EMB_P', 'EMB_P', 'EMB_P', 'EMB_P', 'EMB_P', 'EMB_P', 'EMB_P', 'EMB_P', 'EMB_P', 'EMB_P', 'EMB_P', 'EMB_P', 'EMB_P', 'EMB_P', 'EMB_P', 'EMB_P', 'EMB_P', 'EMB_P', 'EMB_P', 'EMB_P', 'EMB_P', 'EMB_P', 'EMB_P', 'EMB_P', 'EMB_P', 'EMB_P', 'EMB_P', 'EMB_P', 'EMB_P']","['EMB_O', 'EMB_O', 'EMB_O', 'EMB_O', 'EMB_O', 'EMB_O', 'EMB_O', 'EMB_O', 'EMB_O', 'EMB_O', 'EMB_O', 'EMB_O', 'EMB_O', 'EMB_O', 'EMB_O', 'EMB_O', 'EMB_O', 'EMB_O', 'EMB_O', 'EMB_O', 'EMB_O', 'EMB_O', 'EMB_O', 'EMB_O', 'EMB_O', 'EMB_O', 'EMB_O', 'EMB_O', 'EMB_O', 'EMB_O', 'EMB_O', 'EMB_O', 'EMB_O', 'EMB_O', 'EMB_O', 'OPN_B', 'OPN_I', 'OPN_I', 'OPN_E', 'EMB_O', 'EMB_O', 'EMB_O', 'EMB_O', 'EMB_O', 'EMB_O', 'EMB_O', 'EMB_O', 'EMB_O', 'EMB_O', 'EMB_O', 'EMB_O', 'EMB_O', 'EMB_O', 'EMB_O', 'EMB_O', 'EMB_O', 'EMB_O', 'EMB_O', 'EMB_O', 'EMB_O', 'EMB_O', 'EMB_O', 'EMB_O', 'EMB_O', 'EMB_O', 'EMB_P', 'EMB_P', 'EMB_P', 'EMB_P', 'EMB_P', 'EMB_P', 'EMB_P', 'EMB_P', 'EMB_P', 'EMB_P', 'EMB_P', 'EMB_P', 'EMB_P', 'EMB_P', 'EMB_P', 'EMB_P', 'EMB_P', 'EMB_P', 'EMB_P', 'EMB_P', 'EMB_P', 'EMB_P', 'EMB_P', 'EMB_P', 'EMB_P', 'EMB_P', 'EMB_P', 'EMB_P', 'EMB_P', 'EMB_P', 'EMB_P', 'EMB_P', 'EMB_P', 'EMB_P', 'EMB_P', 'EMB_P', 'EMB_P', 'EMB_P', 'EMB_P', 'EMB_P', 'EMB_P', 'EMB_P', 'EMB_P', 'EMB_P', 'EMB_P', 'EMB_P', 'EMB_P', 'EMB_P', 'EMB_P', 'EMB_P', 'EMB_P', 'EMB_P', 'EMB_P', 'EMB_P', 'EMB_P', 'EMB_P', 'EMB_P', 'EMB_P', 'EMB_P', 'EMB_P', 'EMB_P', 'EMB_P', 'EMB_P']"
101,дівчина,не представившись,26887:10_1068,"Через п'ять хвилин підійшла дівчина, яка не представившись запитала про наші претензії.",2.75,7.12,"['EMB_O', 'EMB_O', 'EMB_O', 'EMB_O', 'EMB_O', 'EMB_O', 'EMB_O', 'EMB_O', 'EMB_O', 'ASP_B', 'ASP_I', 'ASP_E', 'EMB_O', 'EMB_O', 'EMB_O', 'EMB_O', 'EMB_O', 'EMB_O', 'EMB_O', 'EMB_O', 'EMB_O', 'EMB_O', 'EMB_O', 'EMB_O', 'EMB_O', 'EMB_O', 'EMB_O', 'EMB_O', 'EMB_O', 'EMB_P', 'EMB_P', 'EMB_P', 'EMB_P', 'EMB_P', 'EMB_P', 'EMB_P', 'EMB_P', 'EMB_P', 'EMB_P', 'EMB_P', 'EMB_P', 'EMB_P', 'EMB_P', 'EMB_P', 'EMB_P', 'EMB_P', 'EMB_P', 'EMB_P', 'EMB_P', 'EMB_P', 'EMB_P', 'EMB_P', 'EMB_P', 'EMB_P', 'EMB_P', 'EMB_P', 'EMB_P', 'EMB_P', 'EMB_P', 'EMB_P', 'EMB_P', 'EMB_P', 'EMB_P', 'EMB_P', 'EMB_P', 'EMB_P', 'EMB_P', 'EMB_P', 'EMB_P', 'EMB_P', 'EMB_P', 'EMB_P', 'EMB_P', 'EMB_P', 'EMB_P', 'EMB_P', 'EMB_P', 'EMB_P', 'EMB_P', 'EMB_P', 'EMB_P', 'EMB_P', 'EMB_P', 'EMB_P', 'EMB_P', 'EMB_P', 'EMB_P', 'EMB_P', 'EMB_P', 'EMB_P', 'EMB_P', 'EMB_P', 'EMB_P', 'EMB_P', 'EMB_P', 'EMB_P', 'EMB_P', 'EMB_P', 'EMB_P', 'EMB_P', 'EMB_P', 'EMB_P', 'EMB_P', 'EMB_P', 'EMB_P', 'EMB_P', 'EMB_P', 'EMB_P', 'EMB_P', 'EMB_P', 'EMB_P', 'EMB_P', 'EMB_P', 'EMB_P', 'EMB_P', 'EMB_P', 'EMB_P', 'EMB_P', 'EMB_P', 'EMB_P', 'EMB_P', 'EMB_P', 'EMB_P', 'EMB_P', 'EMB_P', 'EMB_P', 'EMB_P', 'EMB_P']","['EMB_O', 'EMB_O', 'EMB_O', 'EMB_O', 'EMB_O', 'EMB_O', 'EMB_O', 'EMB_O', 'EMB_O', 'EMB_O', 'EMB_O', 'EMB_O', 'EMB_O', 'EMB_O', 'OPN_B', 'OPN_I', 'OPN_I', 'OPN_E', 'EMB_O', 'EMB_O', 'EMB_O', 'EMB_O', 'EMB_O', 'EMB_O', 'EMB_O', 'EMB_O', 'EMB_O', 'EMB_O', 'EMB_O', 'EMB_P', 'EMB_P', 'EMB_P', 'EMB_P', 'EMB_P', 'EMB_P', 'EMB_P', 'EMB_P', 'EMB_P', 'EMB_P', 'EMB_P', 'EMB_P', 'EMB_P', 'EMB_P', 'EMB_P', 'EMB_P', 'EMB_P', 'EMB_P', 'EMB_P', 'EMB_P', 'EMB_P', 'EMB_P', 'EMB_P', 'EMB_P', 'EMB_P', 'EMB_P', 'EMB_P', 'EMB_P', 'EMB_P', 'EMB_P', 'EMB_P', 'EMB_P', 'EMB_P', 'EMB_P', 'EMB_P', 'EMB_P', 'EMB_P', 'EMB_P', 'EMB_P', 'EMB_P', 'EMB_P', 'EMB_P', 'EMB_P', 'EMB_P', 'EMB_P', 'EMB_P', 'EMB_P', 'EMB_P', 'EMB_P', 'EMB_P', 'EMB_P', 'EMB_P', 'EMB_P', 'EMB_P', 'EMB_P', 'EMB_P', 'EMB_P', 'EMB_P', 'EMB_P', 'EMB_P', 'EMB_P', 'EMB_P', 'EMB_P', 'EMB_P', 'EMB_P', 'EMB_P', 'EMB_P', 'EMB_P', 'EMB_P', 'EMB_P', 'EMB_P', 'EMB_P', 'EMB_P', 'EMB_P', 'EMB_P', 'EMB_P', 'EMB_P', 'EMB_P', 'EMB_P', 'EMB_P', 'EMB_P', 'EMB_P', 'EMB_P', 'EMB_P', 'EMB_P', 'EMB_P', 'EMB_P', 'EMB_P', 'EMB_P', 'EMB_P', 'EMB_P', 'EMB_P', 'EMB_P', 'EMB_P', 'EMB_P', 'EMB_P', 'EMB_P', 'EMB_P', 'EMB_P']"
102,персоналу,розхлябаність,26887:12_1069,"Для ресторану такого рівня не допустимо, щоб розхлябаність і невиконавчальність персоналу позначалися на загальному враженні про заклад.",2.2,7.3,"['EMB_O', 'EMB_O', 'EMB_O', 'EMB_O', 'EMB_O', 'EMB_O', 'EMB_O', 'EMB_O', 'EMB_O', 'EMB_O', 'EMB_O', 'EMB_O', 'EMB_O', 'EMB_O', 'EMB_O', 'EMB_O', 'EMB_O', 'EMB_O', 'EMB_O', 'EMB_O', 'EMB_O', 'EMB_O', 'EMB_O', 'EMB_O', 'EMB_O', 'EMB_O', 'EMB_O', 'EMB_O', 'ASP_B', 'ASP_I', 'ASP_E', 'EMB_O', 'EMB_O', 'EMB_O', 'EMB_O', 'EMB_O', 'EMB_O', 'EMB_O', 'EMB_O', 'EMB_O', 'EMB_O', 'EMB_O', 'EMB_O', 'EMB_O', 'EMB_O', 'EMB_P', 'EMB_P', 'EMB_P', 'EMB_P', 'EMB_P', 'EMB_P', 'EMB_P', 'EMB_P', 'EMB_P', 'EMB_P', 'EMB_P', 'EMB_P', 'EMB_P', 'EMB_P', 'EMB_P', 'EMB_P', 'EMB_P', 'EMB_P', 'EMB_P', 'EMB_P', 'EMB_P', 'EMB_P', 'EMB_P', 'EMB_P', 'EMB_P', 'EMB_P', 'EMB_P', 'EMB_P', 'EMB_P', 'EMB_P', 'EMB_P', 'EMB_P', 'EMB_P', 'EMB_P', 'EMB_P', 'EMB_P', 'EMB_P', 'EMB_P', 'EMB_P', 'EMB_P', 'EMB_P', 'EMB_P', 'EMB_P', 'EMB_P', 'EMB_P', 'EMB_P', 'EMB_P', 'EMB_P', 'EMB_P', 'EMB_P', 'EMB_P', 'EMB_P', 'EMB_P', 'EMB_P', 'EMB_P', 'EMB_P', 'EMB_P', 'EMB_P', 'EMB_P', 'EMB_P', 'EMB_P', 'EMB_P', 'EMB_P', 'EMB_P', 'EMB_P', 'EMB_P', 'EMB_P', 'EMB_P', 'EMB_P', 'EMB_P', 'EMB_P', 'EMB_P', 'EMB_P', 'EMB_P', 'EMB_P', 'EMB_P', 'EMB_P', 'EMB_P', 'EMB_P', 'EMB_P', 'EMB_P', 'EMB_P', 'EMB_P']","['EMB_O', 'EMB_O', 'EMB_O', 'EMB_O', 'EMB_O', 'EMB_O', 'EMB_O', 'EMB_O', 'EMB_O', 'EMB_O', 'EMB_O', 'EMB_O', 'EMB_O', 'EMB_O', 'OPN_B', 'OPN_I', 'OPN_I', 'OPN_I', 'OPN_I', 'OPN_E', 'EMB_O', 'EMB_O', 'EMB_O', 'EMB_O', 'EMB_O', 'EMB_O', 'EMB_O', 'EMB_O', 'EMB_O', 'EMB_O', 'EMB_O', 'EMB_O', 'EMB_O', 'EMB_O', 'EMB_O', 'EMB_O', 'EMB_O', 'EMB_O', 'EMB_O', 'EMB_O', 'EMB_O', 'EMB_O', 'EMB_O', 'EMB_O', 'EMB_O', 'EMB_P', 'EMB_P', 'EMB_P', 'EMB_P', 'EMB_P', 'EMB_P', 'EMB_P', 'EMB_P', 'EMB_P', 'EMB_P', 'EMB_P', 'EMB_P', 'EMB_P', 'EMB_P', 'EMB_P', 'EMB_P', 'EMB_P', 'EMB_P', 'EMB_P', 'EMB_P', 'EMB_P', 'EMB_P', 'EMB_P', 'EMB_P', 'EMB_P', 'EMB_P', 'EMB_P', 'EMB_P', 'EMB_P', 'EMB_P', 'EMB_P', 'EMB_P', 'EMB_P', 'EMB_P', 'EMB_P', 'EMB_P', 'EMB_P', 'EMB_P', 'EMB_P', 'EMB_P', 'EMB_P', 'EMB_P', 'EMB_P', 'EMB_P', 'EMB_P', 'EMB_P', 'EMB_P', 'EMB_P', 'EMB_P', 'EMB_P', 'EMB_P', 'EMB_P', 'EMB_P', 'EMB_P', 'EMB_P', 'EMB_P', 'EMB_P', 'EMB_P', 'EMB_P', 'EMB_P', 'EMB_P', 'EMB_P', 'EMB_P', 'EMB_P', 'EMB_P', 'EMB_P', 'EMB_P', 'EMB_P', 'EMB_P', 'EMB_P', 'EMB_P', 'EMB_P', 'EMB_P', 'EMB_P', 'EMB_P', 'EMB_P', 'EMB_P', 'EMB_P', 'EMB_P', 'EMB_P', 'EMB_P', 'EMB_P', 'EMB_P']"
103,заклад,не допустимо,26887:12_1069,"Для ресторану такого рівня не допустимо, щоб розхлябаність і невиконавчальність персоналу позначалися на загальному враженні про заклад.",2.25,7.25,"['EMB_O', 'EMB_O', 'EMB_O', 'EMB_O', 'EMB_O', 'EMB_O', 'EMB_O', 'EMB_O', 'EMB_O', 'EMB_O', 'EMB_O', 'EMB_O', 'EMB_O', 'EMB_O', 'EMB_O', 'EMB_O', 'EMB_O', 'EMB_O', 'EMB_O', 'EMB_O', 'EMB_O', 'EMB_O', 'EMB_O', 'EMB_O', 'EMB_O', 'EMB_O', 'EMB_O', 'EMB_O', 'EMB_O', 'EMB_O', 'EMB_O', 'EMB_O', 'EMB_O', 'EMB_O', 'EMB_O', 'EMB_O', 'EMB_O', 'EMB_O', 'EMB_O', 'EMB_O', 'EMB_O', 'ASP_B', 'ASP_E', 'EMB_O', 'EMB_O', 'EMB_P', 'EMB_P', 'EMB_P', 'EMB_P', 'EMB_P', 'EMB_P', 'EMB_P', 'EMB_P', 'EMB_P', 'EMB_P', 'EMB_P', 'EMB_P', 'EMB_P', 'EMB_P', 'EMB_P', 'EMB_P', 'EMB_P', 'EMB_P', 'EMB_P', 'EMB_P', 'EMB_P', 'EMB_P', 'EMB_P', 'EMB_P', 'EMB_P', 'EMB_P', 'EMB_P', 'EMB_P', 'EMB_P', 'EMB_P', 'EMB_P', 'EMB_P', 'EMB_P', 'EMB_P', 'EMB_P', 'EMB_P', 'EMB_P', 'EMB_P', 'EMB_P', 'EMB_P', 'EMB_P', 'EMB_P', 'EMB_P', 'EMB_P', 'EMB_P', 'EMB_P', 'EMB_P', 'EMB_P', 'EMB_P', 'EMB_P', 'EMB_P', 'EMB_P', 'EMB_P', 'EMB_P', 'EMB_P', 'EMB_P', 'EMB_P', 'EMB_P', 'EMB_P', 'EMB_P', 'EMB_P', 'EMB_P', 'EMB_P', 'EMB_P', 'EMB_P', 'EMB_P', 'EMB_P', 'EMB_P', 'EMB_P', 'EMB_P', 'EMB_P', 'EMB_P', 'EMB_P', 'EMB_P', 'EMB_P', 'EMB_P', 'EMB_P', 'EMB_P', 'EMB_P', 'EMB_P', 'EMB_P', 'EMB_P', 'EMB_P']","['EMB_O', 'EMB_O', 'EMB_O', 'EMB_O', 'EMB_O', 'EMB_O', 'EMB_O', 'OPN_B', 'OPN_I', 'OPN_I', 'OPN_I', 'OPN_E', 'EMB_O', 'EMB_O', 'EMB_O', 'EMB_O', 'EMB_O', 'EMB_O', 'EMB_O', 'EMB_O', 'EMB_O', 'EMB_O', 'EMB_O', 'EMB_O', 'EMB_O', 'EMB_O', 'EMB_O', 'EMB_O', 'EMB_O', 'EMB_O', 'EMB_O', 'EMB_O', 'EMB_O', 'EMB_O', 'EMB_O', 'EMB_O', 'EMB_O', 'EMB_O', 'EMB_O', 'EMB_O', 'EMB_O', 'EMB_O', 'EMB_O', 'EMB_O', 'EMB_O', 'EMB_P', 'EMB_P', 'EMB_P', 'EMB_P', 'EMB_P', 'EMB_P', 'EMB_P', 'EMB_P', 'EMB_P', 'EMB_P', 'EMB_P', 'EMB_P', 'EMB_P', 'EMB_P', 'EMB_P', 'EMB_P', 'EMB_P', 'EMB_P', 'EMB_P', 'EMB_P', 'EMB_P', 'EMB_P', 'EMB_P', 'EMB_P', 'EMB_P', 'EMB_P', 'EMB_P', 'EMB_P', 'EMB_P', 'EMB_P', 'EMB_P', 'EMB_P', 'EMB_P', 'EMB_P', 'EMB_P', 'EMB_P', 'EMB_P', 'EMB_P', 'EMB_P', 'EMB_P', 'EMB_P', 'EMB_P', 'EMB_P', 'EMB_P', 'EMB_P', 'EMB_P', 'EMB_P', 'EMB_P', 'EMB_P', 'EMB_P', 'EMB_P', 'EMB_P', 'EMB_P', 'EMB_P', 'EMB_P', 'EMB_P', 'EMB_P', 'EMB_P', 'EMB_P', 'EMB_P', 'EMB_P', 'EMB_P', 'EMB_P', 'EMB_P', 'EMB_P', 'EMB_P', 'EMB_P', 'EMB_P', 'EMB_P', 'EMB_P', 'EMB_P', 'EMB_P', 'EMB_P', 'EMB_P', 'EMB_P', 'EMB_P', 'EMB_P', 'EMB_P', 'EMB_P', 'EMB_P', 'EMB_P', 'EMB_P', 'EMB_P']"
104,обслуговування,дуже сподобалося,27040:3_1070,"У залі сиділо столика 3 разом з нами, обслуговування - дуже сподобалося!",7.7,7.2,"['EMB_O', 'EMB_O', 'EMB_O', 'EMB_O', 'EMB_O', 'EMB_O', 'EMB_O', 'EMB_O', 'EMB_O', 'EMB_O', 'EMB_O', 'EMB_O', 'EMB_O', 'EMB_O', 'EMB_O', 'ASP_B', 'ASP_I', 'ASP_I', 'ASP_E', 'EMB_O', 'EMB_O', 'EMB_O', 'EMB_O', 'EMB_O', 'EMB_O', 'EMB_O', 'EMB_O', 'EMB_O', 'EMB_P', 'EMB_P', 'EMB_P', 'EMB_P', 'EMB_P', 'EMB_P', 'EMB_P', 'EMB_P', 'EMB_P', 'EMB_P', 'EMB_P', 'EMB_P', 'EMB_P', 'EMB_P', 'EMB_P', 'EMB_P', 'EMB_P', 'EMB_P', 'EMB_P', 'EMB_P', 'EMB_P', 'EMB_P', 'EMB_P', 'EMB_P', 'EMB_P', 'EMB_P', 'EMB_P', 'EMB_P', 'EMB_P', 'EMB_P', 'EMB_P', 'EMB_P', 'EMB_P', 'EMB_P', 'EMB_P', 'EMB_P', 'EMB_P', 'EMB_P', 'EMB_P', 'EMB_P', 'EMB_P', 'EMB_P', 'EMB_P', 'EMB_P', 'EMB_P', 'EMB_P', 'EMB_P', 'EMB_P', 'EMB_P', 'EMB_P', 'EMB_P', 'EMB_P', 'EMB_P', 'EMB_P', 'EMB_P', 'EMB_P', 'EMB_P', 'EMB_P', 'EMB_P', 'EMB_P', 'EMB_P', 'EMB_P', 'EMB_P', 'EMB_P', 'EMB_P', 'EMB_P', 'EMB_P', 'EMB_P', 'EMB_P', 'EMB_P', 'EMB_P', 'EMB_P', 'EMB_P', 'EMB_P', 'EMB_P', 'EMB_P', 'EMB_P', 'EMB_P', 'EMB_P', 'EMB_P', 'EMB_P', 'EMB_P', 'EMB_P', 'EMB_P', 'EMB_P', 'EMB_P', 'EMB_P', 'EMB_P', 'EMB_P', 'EMB_P', 'EMB_P', 'EMB_P', 'EMB_P', 'EMB_P', 'EMB_P', 'EMB_P', 'EMB_P', 'EMB_P', 'EMB_P', 'EMB_P']","['EMB_O', 'EMB_O', 'EMB_O', 'EMB_O', 'EMB_O', 'EMB_O', 'EMB_O', 'EMB_O', 'EMB_O', 'EMB_O', 'EMB_O', 'EMB_O', 'EMB_O', 'EMB_O', 'EMB_O', 'EMB_O', 'EMB_O', 'EMB_O', 'EMB_O', 'EMB_O', 'OPN_B', 'OPN_I', 'OPN_I', 'OPN_I', 'OPN_I', 'OPN_E', 'EMB_O', 'EMB_O', 'EMB_P', 'EMB_P', 'EMB_P', 'EMB_P', 'EMB_P', 'EMB_P', 'EMB_P', 'EMB_P', 'EMB_P', 'EMB_P', 'EMB_P', 'EMB_P', 'EMB_P', 'EMB_P', 'EMB_P', 'EMB_P', 'EMB_P', 'EMB_P', 'EMB_P', 'EMB_P', 'EMB_P', 'EMB_P', 'EMB_P', 'EMB_P', 'EMB_P', 'EMB_P', 'EMB_P', 'EMB_P', 'EMB_P', 'EMB_P', 'EMB_P', 'EMB_P', 'EMB_P', 'EMB_P', 'EMB_P', 'EMB_P', 'EMB_P', 'EMB_P', 'EMB_P', 'EMB_P', 'EMB_P', 'EMB_P', 'EMB_P', 'EMB_P', 'EMB_P', 'EMB_P', 'EMB_P', 'EMB_P', 'EMB_P', 'EMB_P', 'EMB_P', 'EMB_P', 'EMB_P', 'EMB_P', 'EMB_P', 'EMB_P', 'EMB_P', 'EMB_P', 'EMB_P', 'EMB_P', 'EMB_P', 'EMB_P', 'EMB_P', 'EMB_P', 'EMB_P', 'EMB_P', 'EMB_P', 'EMB_P', 'EMB_P', 'EMB_P', 'EMB_P', 'EMB_P', 'EMB_P', 'EMB_P', 'EMB_P', 'EMB_P', 'EMB_P', 'EMB_P', 'EMB_P', 'EMB_P', 'EMB_P', 'EMB_P', 'EMB_P', 'EMB_P', 'EMB_P', 'EMB_P', 'EMB_P', 'EMB_P', 'EMB_P', 'EMB_P', 'EMB_P', 'EMB_P', 'EMB_P', 'EMB_P', 'EMB_P', 'EMB_P', 'EMB_P', 'EMB_P', 'EMB_P', 'EMB_P']"
105,офіціант,підходив дуже часто,27040:4_1071,"Наш офіціант протягом усього вечора підходив дуже часто, дізнавався чи все добре і чи не бажаємо ми чого!",7.5,7.25,"['EMB_O', 'EMB_O', 'EMB_O', 'ASP_B', 'ASP_I', 'ASP_I', 'ASP_E', 'EMB_O', 'EMB_O', 'EMB_O', 'EMB_O', 'EMB_O', 'EMB_O', 'EMB_O', 'EMB_O', 'EMB_O', 'EMB_O', 'EMB_O', 'EMB_O', 'EMB_O', 'EMB_O', 'EMB_O', 'EMB_O', 'EMB_O', 'EMB_O', 'EMB_O', 'EMB_O', 'EMB_O', 'EMB_O', 'EMB_O', 'EMB_O', 'EMB_O', 'EMB_O', 'EMB_O', 'EMB_P', 'EMB_P', 'EMB_P', 'EMB_P', 'EMB_P', 'EMB_P', 'EMB_P', 'EMB_P', 'EMB_P', 'EMB_P', 'EMB_P', 'EMB_P', 'EMB_P', 'EMB_P', 'EMB_P', 'EMB_P', 'EMB_P', 'EMB_P', 'EMB_P', 'EMB_P', 'EMB_P', 'EMB_P', 'EMB_P', 'EMB_P', 'EMB_P', 'EMB_P', 'EMB_P', 'EMB_P', 'EMB_P', 'EMB_P', 'EMB_P', 'EMB_P', 'EMB_P', 'EMB_P', 'EMB_P', 'EMB_P', 'EMB_P', 'EMB_P', 'EMB_P', 'EMB_P', 'EMB_P', 'EMB_P', 'EMB_P', 'EMB_P', 'EMB_P', 'EMB_P', 'EMB_P', 'EMB_P', 'EMB_P', 'EMB_P', 'EMB_P', 'EMB_P', 'EMB_P', 'EMB_P', 'EMB_P', 'EMB_P', 'EMB_P', 'EMB_P', 'EMB_P', 'EMB_P', 'EMB_P', 'EMB_P', 'EMB_P', 'EMB_P', 'EMB_P', 'EMB_P', 'EMB_P', 'EMB_P', 'EMB_P', 'EMB_P', 'EMB_P', 'EMB_P', 'EMB_P', 'EMB_P', 'EMB_P', 'EMB_P', 'EMB_P', 'EMB_P', 'EMB_P', 'EMB_P', 'EMB_P', 'EMB_P', 'EMB_P', 'EMB_P', 'EMB_P', 'EMB_P', 'EMB_P', 'EMB_P', 'EMB_P', 'EMB_P', 'EMB_P', 'EMB_P', 'EMB_P', 'EMB_P']","['EMB_O', 'EMB_O', 'EMB_O', 'EMB_O', 'EMB_O', 'EMB_O', 'EMB_O', 'EMB_O', 'EMB_O', 'EMB_O', 'EMB_O', 'EMB_O', 'EMB_O', 'OPN_B', 'OPN_I', 'OPN_I', 'OPN_E', 'EMB_O', 'EMB_O', 'EMB_O', 'EMB_O', 'EMB_O', 'EMB_O', 'EMB_O', 'EMB_O', 'EMB_O', 'EMB_O', 'EMB_O', 'EMB_O', 'EMB_O', 'EMB_O', 'EMB_O', 'EMB_O', 'EMB_O', 'EMB_P', 'EMB_P', 'EMB_P', 'EMB_P', 'EMB_P', 'EMB_P', 'EMB_P', 'EMB_P', 'EMB_P', 'EMB_P', 'EMB_P', 'EMB_P', 'EMB_P', 'EMB_P', 'EMB_P', 'EMB_P', 'EMB_P', 'EMB_P', 'EMB_P', 'EMB_P', 'EMB_P', 'EMB_P', 'EMB_P', 'EMB_P', 'EMB_P', 'EMB_P', 'EMB_P', 'EMB_P', 'EMB_P', 'EMB_P', 'EMB_P', 'EMB_P', 'EMB_P', 'EMB_P', 'EMB_P', 'EMB_P', 'EMB_P', 'EMB_P', 'EMB_P', 'EMB_P', 'EMB_P', 'EMB_P', 'EMB_P', 'EMB_P', 'EMB_P', 'EMB_P', 'EMB_P', 'EMB_P', 'EMB_P', 'EMB_P', 'EMB_P', 'EMB_P', 'EMB_P', 'EMB_P', 'EMB_P', 'EMB_P', 'EMB_P', 'EMB_P', 'EMB_P', 'EMB_P', 'EMB_P', 'EMB_P', 'EMB_P', 'EMB_P', 'EMB_P', 'EMB_P', 'EMB_P', 'EMB_P', 'EMB_P', 'EMB_P', 'EMB_P', 'EMB_P', 'EMB_P', 'EMB_P', 'EMB_P', 'EMB_P', 'EMB_P', 'EMB_P', 'EMB_P', 'EMB_P', 'EMB_P', 'EMB_P', 'EMB_P', 'EMB_P', 'EMB_P', 'EMB_P', 'EMB_P', 'EMB_P', 'EMB_P', 'EMB_P', 'EMB_P', 'EMB_P', 'EMB_P', 'EMB_P']"
106,Кальян,супер,27040:5_1072,Кальян-супер!,8.2,8.0,"['EMB_O', 'ASP_B', 'ASP_I', 'ASP_E', 'EMB_O', 'EMB_O', 'EMB_O', 'EMB_O', 'EMB_O', 'EMB_P', 'EMB_P', 'EMB_P', 'EMB_P', 'EMB_P', 'EMB_P', 'EMB_P', 'EMB_P', 'EMB_P', 'EMB_P', 'EMB_P', 'EMB_P', 'EMB_P', 'EMB_P', 'EMB_P', 'EMB_P', 'EMB_P', 'EMB_P', 'EMB_P', 'EMB_P', 'EMB_P', 'EMB_P', 'EMB_P', 'EMB_P', 'EMB_P', 'EMB_P', 'EMB_P', 'EMB_P', 'EMB_P', 'EMB_P', 'EMB_P', 'EMB_P', 'EMB_P', 'EMB_P', 'EMB_P', 'EMB_P', 'EMB_P', 'EMB_P', 'EMB_P', 'EMB_P', 'EMB_P', 'EMB_P', 'EMB_P', 'EMB_P', 'EMB_P', 'EMB_P', 'EMB_P', 'EMB_P', 'EMB_P', 'EMB_P', 'EMB_P', 'EMB_P', 'EMB_P', 'EMB_P', 'EMB_P', 'EMB_P', 'EMB_P', 'EMB_P', 'EMB_P', 'EMB_P', 'EMB_P', 'EMB_P', 'EMB_P', 'EMB_P', 'EMB_P', 'EMB_P', 'EMB_P', 'EMB_P', 'EMB_P', 'EMB_P', 'EMB_P', 'EMB_P', 'EMB_P', 'EMB_P', 'EMB_P', 'EMB_P', 'EMB_P', 'EMB_P', 'EMB_P', 'EMB_P', 'EMB_P', 'EMB_P', 'EMB_P', 'EMB_P', 'EMB_P', 'EMB_P', 'EMB_P', 'EMB_P', 'EMB_P', 'EMB_P', 'EMB_P', 'EMB_P', 'EMB_P', 'EMB_P', 'EMB_P', 'EMB_P', 'EMB_P', 'EMB_P', 'EMB_P', 'EMB_P', 'EMB_P', 'EMB_P', 'EMB_P', 'EMB_P', 'EMB_P', 'EMB_P', 'EMB_P', 'EMB_P', 'EMB_P', 'EMB_P', 'EMB_P', 'EMB_P', 'EMB_P', 'EMB_P', 'EMB_P', 'EMB_P', 'EMB_P', 'EMB_P', 'EMB_P']","['EMB_O', 'EMB_O', 'EMB_O', 'EMB_O', 'EMB_O', 'OPN_B', 'OPN_E', 'EMB_O', 'EMB_O', 'EMB_P', 'EMB_P', 'EMB_P', 'EMB_P', 'EMB_P', 'EMB_P', 'EMB_P', 'EMB_P', 'EMB_P', 'EMB_P', 'EMB_P', 'EMB_P', 'EMB_P', 'EMB_P', 'EMB_P', 'EMB_P', 'EMB_P', 'EMB_P', 'EMB_P', 'EMB_P', 'EMB_P', 'EMB_P', 'EMB_P', 'EMB_P', 'EMB_P', 'EMB_P', 'EMB_P', 'EMB_P', 'EMB_P', 'EMB_P', 'EMB_P', 'EMB_P', 'EMB_P', 'EMB_P', 'EMB_P', 'EMB_P', 'EMB_P', 'EMB_P', 'EMB_P', 'EMB_P', 'EMB_P', 'EMB_P', 'EMB_P', 'EMB_P', 'EMB_P', 'EMB_P', 'EMB_P', 'EMB_P', 'EMB_P', 'EMB_P', 'EMB_P', 'EMB_P', 'EMB_P', 'EMB_P', 'EMB_P', 'EMB_P', 'EMB_P', 'EMB_P', 'EMB_P', 'EMB_P', 'EMB_P', 'EMB_P', 'EMB_P', 'EMB_P', 'EMB_P', 'EMB_P', 'EMB_P', 'EMB_P', 'EMB_P', 'EMB_P', 'EMB_P', 'EMB_P', 'EMB_P', 'EMB_P', 'EMB_P', 'EMB_P', 'EMB_P', 'EMB_P', 'EMB_P', 'EMB_P', 'EMB_P', 'EMB_P', 'EMB_P', 'EMB_P', 'EMB_P', 'EMB_P', 'EMB_P', 'EMB_P', 'EMB_P', 'EMB_P', 'EMB_P', 'EMB_P', 'EMB_P', 'EMB_P', 'EMB_P', 'EMB_P', 'EMB_P', 'EMB_P', 'EMB_P', 'EMB_P', 'EMB_P', 'EMB_P', 'EMB_P', 'EMB_P', 'EMB_P', 'EMB_P', 'EMB_P', 'EMB_P', 'EMB_P', 'EMB_P', 'EMB_P', 'EMB_P', 'EMB_P', 'EMB_P', 'EMB_P', 'EMB_P', 'EMB_P', 'EMB_P', 'EMB_P']"
107,закуски-крила,дуже сподобалося,27040:6_1073,"Замовляли закуски-крила, сирні кульки, фрукти - все дуже сподобалося!!!",8.1,7.7,"['EMB_O', 'EMB_O', 'EMB_O', 'EMB_O', 'ASP_B', 'ASP_I', 'ASP_I', 'ASP_I', 'ASP_E', 'EMB_O', 'EMB_O', 'EMB_O', 'EMB_O', 'EMB_O', 'EMB_O', 'EMB_O', 'EMB_O', 'EMB_O', 'EMB_O', 'EMB_O', 'EMB_O', 'EMB_O', 'EMB_O', 'EMB_O', 'EMB_O', 'EMB_O', 'EMB_O', 'EMB_O', 'EMB_O', 'EMB_O', 'EMB_O', 'EMB_P', 'EMB_P', 'EMB_P', 'EMB_P', 'EMB_P', 'EMB_P', 'EMB_P', 'EMB_P', 'EMB_P', 'EMB_P', 'EMB_P', 'EMB_P', 'EMB_P', 'EMB_P', 'EMB_P', 'EMB_P', 'EMB_P', 'EMB_P', 'EMB_P', 'EMB_P', 'EMB_P', 'EMB_P', 'EMB_P', 'EMB_P', 'EMB_P', 'EMB_P', 'EMB_P', 'EMB_P', 'EMB_P', 'EMB_P', 'EMB_P', 'EMB_P', 'EMB_P', 'EMB_P', 'EMB_P', 'EMB_P', 'EMB_P', 'EMB_P', 'EMB_P', 'EMB_P', 'EMB_P', 'EMB_P', 'EMB_P', 'EMB_P', 'EMB_P', 'EMB_P', 'EMB_P', 'EMB_P', 'EMB_P', 'EMB_P', 'EMB_P', 'EMB_P', 'EMB_P', 'EMB_P', 'EMB_P', 'EMB_P', 'EMB_P', 'EMB_P', 'EMB_P', 'EMB_P', 'EMB_P', 'EMB_P', 'EMB_P', 'EMB_P', 'EMB_P', 'EMB_P', 'EMB_P', 'EMB_P', 'EMB_P', 'EMB_P', 'EMB_P', 'EMB_P', 'EMB_P', 'EMB_P', 'EMB_P', 'EMB_P', 'EMB_P', 'EMB_P', 'EMB_P', 'EMB_P', 'EMB_P', 'EMB_P', 'EMB_P', 'EMB_P', 'EMB_P', 'EMB_P', 'EMB_P', 'EMB_P', 'EMB_P', 'EMB_P', 'EMB_P', 'EMB_P', 'EMB_P', 'EMB_P', 'EMB_P', 'EMB_P', 'EMB_P']","['EMB_O', 'EMB_O', 'EMB_O', 'EMB_O', 'EMB_O', 'EMB_O', 'EMB_O', 'EMB_O', 'EMB_O', 'EMB_O', 'EMB_O', 'EMB_O', 'EMB_O', 'EMB_O', 'EMB_O', 'EMB_O', 'EMB_O', 'EMB_O', 'EMB_O', 'EMB_O', 'EMB_O', 'OPN_B', 'OPN_I', 'OPN_I', 'OPN_I', 'OPN_I', 'OPN_E', 'EMB_O', 'EMB_O', 'EMB_O', 'EMB_O', 'EMB_P', 'EMB_P', 'EMB_P', 'EMB_P', 'EMB_P', 'EMB_P', 'EMB_P', 'EMB_P', 'EMB_P', 'EMB_P', 'EMB_P', 'EMB_P', 'EMB_P', 'EMB_P', 'EMB_P', 'EMB_P', 'EMB_P', 'EMB_P', 'EMB_P', 'EMB_P', 'EMB_P', 'EMB_P', 'EMB_P', 'EMB_P', 'EMB_P', 'EMB_P', 'EMB_P', 'EMB_P', 'EMB_P', 'EMB_P', 'EMB_P', 'EMB_P', 'EMB_P', 'EMB_P', 'EMB_P', 'EMB_P', 'EMB_P', 'EMB_P', 'EMB_P', 'EMB_P', 'EMB_P', 'EMB_P', 'EMB_P', 'EMB_P', 'EMB_P', 'EMB_P', 'EMB_P', 'EMB_P', 'EMB_P', 'EMB_P', 'EMB_P', 'EMB_P', 'EMB_P', 'EMB_P', 'EMB_P', 'EMB_P', 'EMB_P', 'EMB_P', 'EMB_P', 'EMB_P', 'EMB_P', 'EMB_P', 'EMB_P', 'EMB_P', 'EMB_P', 'EMB_P', 'EMB_P', 'EMB_P', 'EMB_P', 'EMB_P', 'EMB_P', 'EMB_P', 'EMB_P', 'EMB_P', 'EMB_P', 'EMB_P', 'EMB_P', 'EMB_P', 'EMB_P', 'EMB_P', 'EMB_P', 'EMB_P', 'EMB_P', 'EMB_P', 'EMB_P', 'EMB_P', 'EMB_P', 'EMB_P', 'EMB_P', 'EMB_P', 'EMB_P', 'EMB_P', 'EMB_P', 'EMB_P', 'EMB_P', 'EMB_P', 'EMB_P']"
108,сирні кульки,дуже сподобалося,27040:6_1073,"Замовляли закуски-крила, сирні кульки, фрукти - все дуже сподобалося!!!",8.1,7.7,"['EMB_O', 'EMB_O', 'EMB_O', 'EMB_O', 'EMB_O', 'EMB_O', 'EMB_O', 'EMB_O', 'EMB_O', 'EMB_O', 'ASP_B', 'ASP_I', 'ASP_I', 'ASP_I', 'ASP_E', 'EMB_O', 'EMB_O', 'EMB_O', 'EMB_O', 'EMB_O', 'EMB_O', 'EMB_O', 'EMB_O', 'EMB_O', 'EMB_O', 'EMB_O', 'EMB_O', 'EMB_O', 'EMB_O', 'EMB_O', 'EMB_O', 'EMB_P', 'EMB_P', 'EMB_P', 'EMB_P', 'EMB_P', 'EMB_P', 'EMB_P', 'EMB_P', 'EMB_P', 'EMB_P', 'EMB_P', 'EMB_P', 'EMB_P', 'EMB_P', 'EMB_P', 'EMB_P', 'EMB_P', 'EMB_P', 'EMB_P', 'EMB_P', 'EMB_P', 'EMB_P', 'EMB_P', 'EMB_P', 'EMB_P', 'EMB_P', 'EMB_P', 'EMB_P', 'EMB_P', 'EMB_P', 'EMB_P', 'EMB_P', 'EMB_P', 'EMB_P', 'EMB_P', 'EMB_P', 'EMB_P', 'EMB_P', 'EMB_P', 'EMB_P', 'EMB_P', 'EMB_P', 'EMB_P', 'EMB_P', 'EMB_P', 'EMB_P', 'EMB_P', 'EMB_P', 'EMB_P', 'EMB_P', 'EMB_P', 'EMB_P', 'EMB_P', 'EMB_P', 'EMB_P', 'EMB_P', 'EMB_P', 'EMB_P', 'EMB_P', 'EMB_P', 'EMB_P', 'EMB_P', 'EMB_P', 'EMB_P', 'EMB_P', 'EMB_P', 'EMB_P', 'EMB_P', 'EMB_P', 'EMB_P', 'EMB_P', 'EMB_P', 'EMB_P', 'EMB_P', 'EMB_P', 'EMB_P', 'EMB_P', 'EMB_P', 'EMB_P', 'EMB_P', 'EMB_P', 'EMB_P', 'EMB_P', 'EMB_P', 'EMB_P', 'EMB_P', 'EMB_P', 'EMB_P', 'EMB_P', 'EMB_P', 'EMB_P', 'EMB_P', 'EMB_P', 'EMB_P', 'EMB_P', 'EMB_P', 'EMB_P']","['EMB_O', 'EMB_O', 'EMB_O', 'EMB_O', 'EMB_O', 'EMB_O', 'EMB_O', 'EMB_O', 'EMB_O', 'EMB_O', 'EMB_O', 'EMB_O', 'EMB_O', 'EMB_O', 'EMB_O', 'EMB_O', 'EMB_O', 'EMB_O', 'EMB_O', 'EMB_O', 'EMB_O', 'OPN_B', 'OPN_I', 'OPN_I', 'OPN_I', 'OPN_I', 'OPN_E', 'EMB_O', 'EMB_O', 'EMB_O', 'EMB_O', 'EMB_P', 'EMB_P', 'EMB_P', 'EMB_P', 'EMB_P', 'EMB_P', 'EMB_P', 'EMB_P', 'EMB_P', 'EMB_P', 'EMB_P', 'EMB_P', 'EMB_P', 'EMB_P', 'EMB_P', 'EMB_P', 'EMB_P', 'EMB_P', 'EMB_P', 'EMB_P', 'EMB_P', 'EMB_P', 'EMB_P', 'EMB_P', 'EMB_P', 'EMB_P', 'EMB_P', 'EMB_P', 'EMB_P', 'EMB_P', 'EMB_P', 'EMB_P', 'EMB_P', 'EMB_P', 'EMB_P', 'EMB_P', 'EMB_P', 'EMB_P', 'EMB_P', 'EMB_P', 'EMB_P', 'EMB_P', 'EMB_P', 'EMB_P', 'EMB_P', 'EMB_P', 'EMB_P', 'EMB_P', 'EMB_P', 'EMB_P', 'EMB_P', 'EMB_P', 'EMB_P', 'EMB_P', 'EMB_P', 'EMB_P', 'EMB_P', 'EMB_P', 'EMB_P', 'EMB_P', 'EMB_P', 'EMB_P', 'EMB_P', 'EMB_P', 'EMB_P', 'EMB_P', 'EMB_P', 'EMB_P', 'EMB_P', 'EMB_P', 'EMB_P', 'EMB_P', 'EMB_P', 'EMB_P', 'EMB_P', 'EMB_P', 'EMB_P', 'EMB_P', 'EMB_P', 'EMB_P', 'EMB_P', 'EMB_P', 'EMB_P', 'EMB_P', 'EMB_P', 'EMB_P', 'EMB_P', 'EMB_P', 'EMB_P', 'EMB_P', 'EMB_P', 'EMB_P', 'EMB_P', 'EMB_P', 'EMB_P', 'EMB_P', 'EMB_P']"
109,фрукти,дуже сподобалося,27040:6_1073,"Замовляли закуски-крила, сирні кульки, фрукти - все дуже сподобалося!!!",8.1,7.7,"['EMB_O', 'EMB_O', 'EMB_O', 'EMB_O', 'EMB_O', 'EMB_O', 'EMB_O', 'EMB_O', 'EMB_O', 'EMB_O', 'EMB_O', 'EMB_O', 'EMB_O', 'EMB_O', 'EMB_O', 'EMB_O', 'ASP_B', 'ASP_I', 'ASP_E', 'EMB_O', 'EMB_O', 'EMB_O', 'EMB_O', 'EMB_O', 'EMB_O', 'EMB_O', 'EMB_O', 'EMB_O', 'EMB_O', 'EMB_O', 'EMB_O', 'EMB_P', 'EMB_P', 'EMB_P', 'EMB_P', 'EMB_P', 'EMB_P', 'EMB_P', 'EMB_P', 'EMB_P', 'EMB_P', 'EMB_P', 'EMB_P', 'EMB_P', 'EMB_P', 'EMB_P', 'EMB_P', 'EMB_P', 'EMB_P', 'EMB_P', 'EMB_P', 'EMB_P', 'EMB_P', 'EMB_P', 'EMB_P', 'EMB_P', 'EMB_P', 'EMB_P', 'EMB_P', 'EMB_P', 'EMB_P', 'EMB_P', 'EMB_P', 'EMB_P', 'EMB_P', 'EMB_P', 'EMB_P', 'EMB_P', 'EMB_P', 'EMB_P', 'EMB_P', 'EMB_P', 'EMB_P', 'EMB_P', 'EMB_P', 'EMB_P', 'EMB_P', 'EMB_P', 'EMB_P', 'EMB_P', 'EMB_P', 'EMB_P', 'EMB_P', 'EMB_P', 'EMB_P', 'EMB_P', 'EMB_P', 'EMB_P', 'EMB_P', 'EMB_P', 'EMB_P', 'EMB_P', 'EMB_P', 'EMB_P', 'EMB_P', 'EMB_P', 'EMB_P', 'EMB_P', 'EMB_P', 'EMB_P', 'EMB_P', 'EMB_P', 'EMB_P', 'EMB_P', 'EMB_P', 'EMB_P', 'EMB_P', 'EMB_P', 'EMB_P', 'EMB_P', 'EMB_P', 'EMB_P', 'EMB_P', 'EMB_P', 'EMB_P', 'EMB_P', 'EMB_P', 'EMB_P', 'EMB_P', 'EMB_P', 'EMB_P', 'EMB_P', 'EMB_P', 'EMB_P', 'EMB_P', 'EMB_P', 'EMB_P', 'EMB_P']","['EMB_O', 'EMB_O', 'EMB_O', 'EMB_O', 'EMB_O', 'EMB_O', 'EMB_O', 'EMB_O', 'EMB_O', 'EMB_O', 'EMB_O', 'EMB_O', 'EMB_O', 'EMB_O', 'EMB_O', 'EMB_O', 'EMB_O', 'EMB_O', 'EMB_O', 'EMB_O', 'EMB_O', 'OPN_B', 'OPN_I', 'OPN_I', 'OPN_I', 'OPN_I', 'OPN_E', 'EMB_O', 'EMB_O', 'EMB_O', 'EMB_O', 'EMB_P', 'EMB_P', 'EMB_P', 'EMB_P', 'EMB_P', 'EMB_P', 'EMB_P', 'EMB_P', 'EMB_P', 'EMB_P', 'EMB_P', 'EMB_P', 'EMB_P', 'EMB_P', 'EMB_P', 'EMB_P', 'EMB_P', 'EMB_P', 'EMB_P', 'EMB_P', 'EMB_P', 'EMB_P', 'EMB_P', 'EMB_P', 'EMB_P', 'EMB_P', 'EMB_P', 'EMB_P', 'EMB_P', 'EMB_P', 'EMB_P', 'EMB_P', 'EMB_P', 'EMB_P', 'EMB_P', 'EMB_P', 'EMB_P', 'EMB_P', 'EMB_P', 'EMB_P', 'EMB_P', 'EMB_P', 'EMB_P', 'EMB_P', 'EMB_P', 'EMB_P', 'EMB_P', 'EMB_P', 'EMB_P', 'EMB_P', 'EMB_P', 'EMB_P', 'EMB_P', 'EMB_P', 'EMB_P', 'EMB_P', 'EMB_P', 'EMB_P', 'EMB_P', 'EMB_P', 'EMB_P', 'EMB_P', 'EMB_P', 'EMB_P', 'EMB_P', 'EMB_P', 'EMB_P', 'EMB_P', 'EMB_P', 'EMB_P', 'EMB_P', 'EMB_P', 'EMB_P', 'EMB_P', 'EMB_P', 'EMB_P', 'EMB_P', 'EMB_P', 'EMB_P', 'EMB_P', 'EMB_P', 'EMB_P', 'EMB_P', 'EMB_P', 'EMB_P', 'EMB_P', 'EMB_P', 'EMB_P', 'EMB_P', 'EMB_P', 'EMB_P', 'EMB_P', 'EMB_P', 'EMB_P', 'EMB_P', 'EMB_P', 'EMB_P']"
110,місце,чудове,27169:4_1074,А 31 Травня відвідали з друзями це чудове місце!,7.8,7.4,"['EMB_O', 'EMB_O', 'EMB_O', 'EMB_O', 'EMB_O', 'EMB_O', 'EMB_O', 'EMB_O', 'EMB_O', 'EMB_O', 'EMB_O', 'EMB_O', 'EMB_O', 'EMB_O', 'EMB_O', 'EMB_O', 'EMB_O', 'ASP_S', 'EMB_O', 'EMB_O', 'EMB_P', 'EMB_P', 'EMB_P', 'EMB_P', 'EMB_P', 'EMB_P', 'EMB_P', 'EMB_P', 'EMB_P', 'EMB_P', 'EMB_P', 'EMB_P', 'EMB_P', 'EMB_P', 'EMB_P', 'EMB_P', 'EMB_P', 'EMB_P', 'EMB_P', 'EMB_P', 'EMB_P', 'EMB_P', 'EMB_P', 'EMB_P', 'EMB_P', 'EMB_P', 'EMB_P', 'EMB_P', 'EMB_P', 'EMB_P', 'EMB_P', 'EMB_P', 'EMB_P', 'EMB_P', 'EMB_P', 'EMB_P', 'EMB_P', 'EMB_P', 'EMB_P', 'EMB_P', 'EMB_P', 'EMB_P', 'EMB_P', 'EMB_P', 'EMB_P', 'EMB_P', 'EMB_P', 'EMB_P', 'EMB_P', 'EMB_P', 'EMB_P', 'EMB_P', 'EMB_P', 'EMB_P', 'EMB_P', 'EMB_P', 'EMB_P', 'EMB_P', 'EMB_P', 'EMB_P', 'EMB_P', 'EMB_P', 'EMB_P', 'EMB_P', 'EMB_P', 'EMB_P', 'EMB_P', 'EMB_P', 'EMB_P', 'EMB_P', 'EMB_P', 'EMB_P', 'EMB_P', 'EMB_P', 'EMB_P', 'EMB_P', 'EMB_P', 'EMB_P', 'EMB_P', 'EMB_P', 'EMB_P', 'EMB_P', 'EMB_P', 'EMB_P', 'EMB_P', 'EMB_P', 'EMB_P', 'EMB_P', 'EMB_P', 'EMB_P', 'EMB_P', 'EMB_P', 'EMB_P', 'EMB_P', 'EMB_P', 'EMB_P', 'EMB_P', 'EMB_P', 'EMB_P', 'EMB_P', 'EMB_P', 'EMB_P', 'EMB_P', 'EMB_P', 'EMB_P', 'EMB_P', 'EMB_P', 'EMB_P']","['EMB_O', 'EMB_O', 'EMB_O', 'EMB_O', 'EMB_O', 'EMB_O', 'EMB_O', 'EMB_O', 'EMB_O', 'EMB_O', 'EMB_O', 'EMB_O', 'EMB_O', 'EMB_O', 'OPN_B', 'OPN_I', 'OPN_E', 'EMB_O', 'EMB_O', 'EMB_O', 'EMB_P', 'EMB_P', 'EMB_P', 'EMB_P', 'EMB_P', 'EMB_P', 'EMB_P', 'EMB_P', 'EMB_P', 'EMB_P', 'EMB_P', 'EMB_P', 'EMB_P', 'EMB_P', 'EMB_P', 'EMB_P', 'EMB_P', 'EMB_P', 'EMB_P', 'EMB_P', 'EMB_P', 'EMB_P', 'EMB_P', 'EMB_P', 'EMB_P', 'EMB_P', 'EMB_P', 'EMB_P', 'EMB_P', 'EMB_P', 'EMB_P', 'EMB_P', 'EMB_P', 'EMB_P', 'EMB_P', 'EMB_P', 'EMB_P', 'EMB_P', 'EMB_P', 'EMB_P', 'EMB_P', 'EMB_P', 'EMB_P', 'EMB_P', 'EMB_P', 'EMB_P', 'EMB_P', 'EMB_P', 'EMB_P', 'EMB_P', 'EMB_P', 'EMB_P', 'EMB_P', 'EMB_P', 'EMB_P', 'EMB_P', 'EMB_P', 'EMB_P', 'EMB_P', 'EMB_P', 'EMB_P', 'EMB_P', 'EMB_P', 'EMB_P', 'EMB_P', 'EMB_P', 'EMB_P', 'EMB_P', 'EMB_P', 'EMB_P', 'EMB_P', 'EMB_P', 'EMB_P', 'EMB_P', 'EMB_P', 'EMB_P', 'EMB_P', 'EMB_P', 'EMB_P', 'EMB_P', 'EMB_P', 'EMB_P', 'EMB_P', 'EMB_P', 'EMB_P', 'EMB_P', 'EMB_P', 'EMB_P', 'EMB_P', 'EMB_P', 'EMB_P', 'EMB_P', 'EMB_P', 'EMB_P', 'EMB_P', 'EMB_P', 'EMB_P', 'EMB_P', 'EMB_P', 'EMB_P', 'EMB_P', 'EMB_P', 'EMB_P', 'EMB_P', 'EMB_P', 'EMB_P', 'EMB_P', 'EMB_P']"
111,Інтер'єр,перевершили всі очікування,27169:6_1075,"Інтер'єр середньовічного замку, обстановка, обслуговування перевершили всі очікування.",8.0,7.33,"['EMB_O', 'ASP_B', 'ASP_I', 'ASP_I', 'ASP_I', 'ASP_E', 'EMB_O', 'EMB_O', 'EMB_O', 'EMB_O', 'EMB_O', 'EMB_O', 'EMB_O', 'EMB_O', 'EMB_O', 'EMB_O', 'EMB_O', 'EMB_O', 'EMB_O', 'EMB_O', 'EMB_O', 'EMB_O', 'EMB_O', 'EMB_O', 'EMB_O', 'EMB_O', 'EMB_O', 'EMB_O', 'EMB_O', 'EMB_O', 'EMB_P', 'EMB_P', 'EMB_P', 'EMB_P', 'EMB_P', 'EMB_P', 'EMB_P', 'EMB_P', 'EMB_P', 'EMB_P', 'EMB_P', 'EMB_P', 'EMB_P', 'EMB_P', 'EMB_P', 'EMB_P', 'EMB_P', 'EMB_P', 'EMB_P', 'EMB_P', 'EMB_P', 'EMB_P', 'EMB_P', 'EMB_P', 'EMB_P', 'EMB_P', 'EMB_P', 'EMB_P', 'EMB_P', 'EMB_P', 'EMB_P', 'EMB_P', 'EMB_P', 'EMB_P', 'EMB_P', 'EMB_P', 'EMB_P', 'EMB_P', 'EMB_P', 'EMB_P', 'EMB_P', 'EMB_P', 'EMB_P', 'EMB_P', 'EMB_P', 'EMB_P', 'EMB_P', 'EMB_P', 'EMB_P', 'EMB_P', 'EMB_P', 'EMB_P', 'EMB_P', 'EMB_P', 'EMB_P', 'EMB_P', 'EMB_P', 'EMB_P', 'EMB_P', 'EMB_P', 'EMB_P', 'EMB_P', 'EMB_P', 'EMB_P', 'EMB_P', 'EMB_P', 'EMB_P', 'EMB_P', 'EMB_P', 'EMB_P', 'EMB_P', 'EMB_P', 'EMB_P', 'EMB_P', 'EMB_P', 'EMB_P', 'EMB_P', 'EMB_P', 'EMB_P', 'EMB_P', 'EMB_P', 'EMB_P', 'EMB_P', 'EMB_P', 'EMB_P', 'EMB_P', 'EMB_P', 'EMB_P', 'EMB_P', 'EMB_P', 'EMB_P', 'EMB_P', 'EMB_P', 'EMB_P', 'EMB_P', 'EMB_P', 'EMB_P', 'EMB_P']","['EMB_O', 'EMB_O', 'EMB_O', 'EMB_O', 'EMB_O', 'EMB_O', 'EMB_O', 'EMB_O', 'EMB_O', 'EMB_O', 'EMB_O', 'EMB_O', 'EMB_O', 'EMB_O', 'EMB_O', 'EMB_O', 'EMB_O', 'EMB_O', 'EMB_O', 'EMB_O', 'OPN_B', 'OPN_I', 'OPN_I', 'OPN_I', 'OPN_I', 'OPN_I', 'OPN_I', 'OPN_E', 'EMB_O', 'EMB_O', 'EMB_P', 'EMB_P', 'EMB_P', 'EMB_P', 'EMB_P', 'EMB_P', 'EMB_P', 'EMB_P', 'EMB_P', 'EMB_P', 'EMB_P', 'EMB_P', 'EMB_P', 'EMB_P', 'EMB_P', 'EMB_P', 'EMB_P', 'EMB_P', 'EMB_P', 'EMB_P', 'EMB_P', 'EMB_P', 'EMB_P', 'EMB_P', 'EMB_P', 'EMB_P', 'EMB_P', 'EMB_P', 'EMB_P', 'EMB_P', 'EMB_P', 'EMB_P', 'EMB_P', 'EMB_P', 'EMB_P', 'EMB_P', 'EMB_P', 'EMB_P', 'EMB_P', 'EMB_P', 'EMB_P', 'EMB_P', 'EMB_P', 'EMB_P', 'EMB_P', 'EMB_P', 'EMB_P', 'EMB_P', 'EMB_P', 'EMB_P', 'EMB_P', 'EMB_P', 'EMB_P', 'EMB_P', 'EMB_P', 'EMB_P', 'EMB_P', 'EMB_P', 'EMB_P', 'EMB_P', 'EMB_P', 'EMB_P', 'EMB_P', 'EMB_P', 'EMB_P', 'EMB_P', 'EMB_P', 'EMB_P', 'EMB_P', 'EMB_P', 'EMB_P', 'EMB_P', 'EMB_P', 'EMB_P', 'EMB_P', 'EMB_P', 'EMB_P', 'EMB_P', 'EMB_P', 'EMB_P', 'EMB_P', 'EMB_P', 'EMB_P', 'EMB_P', 'EMB_P', 'EMB_P', 'EMB_P', 'EMB_P', 'EMB_P', 'EMB_P', 'EMB_P', 'EMB_P', 'EMB_P', 'EMB_P', 'EMB_P', 'EMB_P', 'EMB_P', 'EMB_P']"
112,обстановка,перевершили всі очікування,27169:6_1075,"Інтер'єр середньовічного замку, обстановка, обслуговування перевершили всі очікування.",8.0,7.33,"['EMB_O', 'EMB_O', 'EMB_O', 'EMB_O', 'EMB_O', 'EMB_O', 'EMB_O', 'EMB_O', 'EMB_O', 'EMB_O', 'EMB_O', 'EMB_O', 'ASP_B', 'ASP_I', 'ASP_E', 'EMB_O', 'EMB_O', 'EMB_O', 'EMB_O', 'EMB_O', 'EMB_O', 'EMB_O', 'EMB_O', 'EMB_O', 'EMB_O', 'EMB_O', 'EMB_O', 'EMB_O', 'EMB_O', 'EMB_O', 'EMB_P', 'EMB_P', 'EMB_P', 'EMB_P', 'EMB_P', 'EMB_P', 'EMB_P', 'EMB_P', 'EMB_P', 'EMB_P', 'EMB_P', 'EMB_P', 'EMB_P', 'EMB_P', 'EMB_P', 'EMB_P', 'EMB_P', 'EMB_P', 'EMB_P', 'EMB_P', 'EMB_P', 'EMB_P', 'EMB_P', 'EMB_P', 'EMB_P', 'EMB_P', 'EMB_P', 'EMB_P', 'EMB_P', 'EMB_P', 'EMB_P', 'EMB_P', 'EMB_P', 'EMB_P', 'EMB_P', 'EMB_P', 'EMB_P', 'EMB_P', 'EMB_P', 'EMB_P', 'EMB_P', 'EMB_P', 'EMB_P', 'EMB_P', 'EMB_P', 'EMB_P', 'EMB_P', 'EMB_P', 'EMB_P', 'EMB_P', 'EMB_P', 'EMB_P', 'EMB_P', 'EMB_P', 'EMB_P', 'EMB_P', 'EMB_P', 'EMB_P', 'EMB_P', 'EMB_P', 'EMB_P', 'EMB_P', 'EMB_P', 'EMB_P', 'EMB_P', 'EMB_P', 'EMB_P', 'EMB_P', 'EMB_P', 'EMB_P', 'EMB_P', 'EMB_P', 'EMB_P', 'EMB_P', 'EMB_P', 'EMB_P', 'EMB_P', 'EMB_P', 'EMB_P', 'EMB_P', 'EMB_P', 'EMB_P', 'EMB_P', 'EMB_P', 'EMB_P', 'EMB_P', 'EMB_P', 'EMB_P', 'EMB_P', 'EMB_P', 'EMB_P', 'EMB_P', 'EMB_P', 'EMB_P', 'EMB_P', 'EMB_P', 'EMB_P', 'EMB_P']","['EMB_O', 'EMB_O', 'EMB_O', 'EMB_O', 'EMB_O', 'EMB_O', 'EMB_O', 'EMB_O', 'EMB_O', 'EMB_O', 'EMB_O', 'EMB_O', 'EMB_O', 'EMB_O', 'EMB_O', 'EMB_O', 'EMB_O', 'EMB_O', 'EMB_O', 'EMB_O', 'OPN_B', 'OPN_I', 'OPN_I', 'OPN_I', 'OPN_I', 'OPN_I', 'OPN_I', 'OPN_E', 'EMB_O', 'EMB_O', 'EMB_P', 'EMB_P', 'EMB_P', 'EMB_P', 'EMB_P', 'EMB_P', 'EMB_P', 'EMB_P', 'EMB_P', 'EMB_P', 'EMB_P', 'EMB_P', 'EMB_P', 'EMB_P', 'EMB_P', 'EMB_P', 'EMB_P', 'EMB_P', 'EMB_P', 'EMB_P', 'EMB_P', 'EMB_P', 'EMB_P', 'EMB_P', 'EMB_P', 'EMB_P', 'EMB_P', 'EMB_P', 'EMB_P', 'EMB_P', 'EMB_P', 'EMB_P', 'EMB_P', 'EMB_P', 'EMB_P', 'EMB_P', 'EMB_P', 'EMB_P', 'EMB_P', 'EMB_P', 'EMB_P', 'EMB_P', 'EMB_P', 'EMB_P', 'EMB_P', 'EMB_P', 'EMB_P', 'EMB_P', 'EMB_P', 'EMB_P', 'EMB_P', 'EMB_P', 'EMB_P', 'EMB_P', 'EMB_P', 'EMB_P', 'EMB_P', 'EMB_P', 'EMB_P', 'EMB_P', 'EMB_P', 'EMB_P', 'EMB_P', 'EMB_P', 'EMB_P', 'EMB_P', 'EMB_P', 'EMB_P', 'EMB_P', 'EMB_P', 'EMB_P', 'EMB_P', 'EMB_P', 'EMB_P', 'EMB_P', 'EMB_P', 'EMB_P', 'EMB_P', 'EMB_P', 'EMB_P', 'EMB_P', 'EMB_P', 'EMB_P', 'EMB_P', 'EMB_P', 'EMB_P', 'EMB_P', 'EMB_P', 'EMB_P', 'EMB_P', 'EMB_P', 'EMB_P', 'EMB_P', 'EMB_P', 'EMB_P', 'EMB_P', 'EMB_P', 'EMB_P']"
113,обслуговування,перевершили всі очікування,27169:6_1075,"Інтер'єр середньовічного замку, обстановка, обслуговування перевершили всі очікування.",8.0,7.33,"['EMB_O', 'EMB_O', 'EMB_O', 'EMB_O', 'EMB_O', 'EMB_O', 'EMB_O', 'EMB_O', 'EMB_O', 'EMB_O', 'EMB_O', 'EMB_O', 'EMB_O', 'EMB_O', 'EMB_O', 'EMB_O', 'ASP_B', 'ASP_I', 'ASP_I', 'ASP_E', 'EMB_O', 'EMB_O', 'EMB_O', 'EMB_O', 'EMB_O', 'EMB_O', 'EMB_O', 'EMB_O', 'EMB_O', 'EMB_O', 'EMB_P', 'EMB_P', 'EMB_P', 'EMB_P', 'EMB_P', 'EMB_P', 'EMB_P', 'EMB_P', 'EMB_P', 'EMB_P', 'EMB_P', 'EMB_P', 'EMB_P', 'EMB_P', 'EMB_P', 'EMB_P', 'EMB_P', 'EMB_P', 'EMB_P', 'EMB_P', 'EMB_P', 'EMB_P', 'EMB_P', 'EMB_P', 'EMB_P', 'EMB_P', 'EMB_P', 'EMB_P', 'EMB_P', 'EMB_P', 'EMB_P', 'EMB_P', 'EMB_P', 'EMB_P', 'EMB_P', 'EMB_P', 'EMB_P', 'EMB_P', 'EMB_P', 'EMB_P', 'EMB_P', 'EMB_P', 'EMB_P', 'EMB_P', 'EMB_P', 'EMB_P', 'EMB_P', 'EMB_P', 'EMB_P', 'EMB_P', 'EMB_P', 'EMB_P', 'EMB_P', 'EMB_P', 'EMB_P', 'EMB_P', 'EMB_P', 'EMB_P', 'EMB_P', 'EMB_P', 'EMB_P', 'EMB_P', 'EMB_P', 'EMB_P', 'EMB_P', 'EMB_P', 'EMB_P', 'EMB_P', 'EMB_P', 'EMB_P', 'EMB_P', 'EMB_P', 'EMB_P', 'EMB_P', 'EMB_P', 'EMB_P', 'EMB_P', 'EMB_P', 'EMB_P', 'EMB_P', 'EMB_P', 'EMB_P', 'EMB_P', 'EMB_P', 'EMB_P', 'EMB_P', 'EMB_P', 'EMB_P', 'EMB_P', 'EMB_P', 'EMB_P', 'EMB_P', 'EMB_P', 'EMB_P', 'EMB_P', 'EMB_P', 'EMB_P', 'EMB_P']","['EMB_O', 'EMB_O', 'EMB_O', 'EMB_O', 'EMB_O', 'EMB_O', 'EMB_O', 'EMB_O', 'EMB_O', 'EMB_O', 'EMB_O', 'EMB_O', 'EMB_O', 'EMB_O', 'EMB_O', 'EMB_O', 'EMB_O', 'EMB_O', 'EMB_O', 'EMB_O', 'OPN_B', 'OPN_I', 'OPN_I', 'OPN_I', 'OPN_I', 'OPN_I', 'OPN_I', 'OPN_E', 'EMB_O', 'EMB_O', 'EMB_P', 'EMB_P', 'EMB_P', 'EMB_P', 'EMB_P', 'EMB_P', 'EMB_P', 'EMB_P', 'EMB_P', 'EMB_P', 'EMB_P', 'EMB_P', 'EMB_P', 'EMB_P', 'EMB_P', 'EMB_P', 'EMB_P', 'EMB_P', 'EMB_P', 'EMB_P', 'EMB_P', 'EMB_P', 'EMB_P', 'EMB_P', 'EMB_P', 'EMB_P', 'EMB_P', 'EMB_P', 'EMB_P', 'EMB_P', 'EMB_P', 'EMB_P', 'EMB_P', 'EMB_P', 'EMB_P', 'EMB_P', 'EMB_P', 'EMB_P', 'EMB_P', 'EMB_P', 'EMB_P', 'EMB_P', 'EMB_P', 'EMB_P', 'EMB_P', 'EMB_P', 'EMB_P', 'EMB_P', 'EMB_P', 'EMB_P', 'EMB_P', 'EMB_P', 'EMB_P', 'EMB_P', 'EMB_P', 'EMB_P', 'EMB_P', 'EMB_P', 'EMB_P', 'EMB_P', 'EMB_P', 'EMB_P', 'EMB_P', 'EMB_P', 'EMB_P', 'EMB_P', 'EMB_P', 'EMB_P', 'EMB_P', 'EMB_P', 'EMB_P', 'EMB_P', 'EMB_P', 'EMB_P', 'EMB_P', 'EMB_P', 'EMB_P', 'EMB_P', 'EMB_P', 'EMB_P', 'EMB_P', 'EMB_P', 'EMB_P', 'EMB_P', 'EMB_P', 'EMB_P', 'EMB_P', 'EMB_P', 'EMB_P', 'EMB_P', 'EMB_P', 'EMB_P', 'EMB_P', 'EMB_P', 'EMB_P', 'EMB_P', 'EMB_P', 'EMB_P']"
114,страви,дуже смачно,27169:7_1076,"Ціни прийнятні, страви оригінальні, зі смаком оформлені, і, найголовніше, все дуже смачно, порції хороші.",7.62,6.88,"['EMB_O', 'EMB_O', 'EMB_O', 'EMB_O', 'EMB_O', 'EMB_O', 'EMB_O', 'EMB_O', 'ASP_B', 'ASP_E', 'EMB_O', 'EMB_O', 'EMB_O', 'EMB_O', 'EMB_O', 'EMB_O', 'EMB_O', 'EMB_O', 'EMB_O', 'EMB_O', 'EMB_O', 'EMB_O', 'EMB_O', 'EMB_O', 'EMB_O', 'EMB_O', 'EMB_O', 'EMB_O', 'EMB_O', 'EMB_O', 'EMB_O', 'EMB_O', 'EMB_O', 'EMB_O', 'EMB_O', 'EMB_O', 'EMB_O', 'EMB_O', 'EMB_O', 'EMB_O', 'EMB_O', 'EMB_O', 'EMB_O', 'EMB_O', 'EMB_O', 'EMB_P', 'EMB_P', 'EMB_P', 'EMB_P', 'EMB_P', 'EMB_P', 'EMB_P', 'EMB_P', 'EMB_P', 'EMB_P', 'EMB_P', 'EMB_P', 'EMB_P', 'EMB_P', 'EMB_P', 'EMB_P', 'EMB_P', 'EMB_P', 'EMB_P', 'EMB_P', 'EMB_P', 'EMB_P', 'EMB_P', 'EMB_P', 'EMB_P', 'EMB_P', 'EMB_P', 'EMB_P', 'EMB_P', 'EMB_P', 'EMB_P', 'EMB_P', 'EMB_P', 'EMB_P', 'EMB_P', 'EMB_P', 'EMB_P', 'EMB_P', 'EMB_P', 'EMB_P', 'EMB_P', 'EMB_P', 'EMB_P', 'EMB_P', 'EMB_P', 'EMB_P', 'EMB_P', 'EMB_P', 'EMB_P', 'EMB_P', 'EMB_P', 'EMB_P', 'EMB_P', 'EMB_P', 'EMB_P', 'EMB_P', 'EMB_P', 'EMB_P', 'EMB_P', 'EMB_P', 'EMB_P', 'EMB_P', 'EMB_P', 'EMB_P', 'EMB_P', 'EMB_P', 'EMB_P', 'EMB_P', 'EMB_P', 'EMB_P', 'EMB_P', 'EMB_P', 'EMB_P', 'EMB_P', 'EMB_P', 'EMB_P', 'EMB_P', 'EMB_P', 'EMB_P', 'EMB_P', 'EMB_P', 'EMB_P', 'EMB_P']","['EMB_O', 'EMB_O', 'EMB_O', 'EMB_O', 'EMB_O', 'EMB_O', 'EMB_O', 'EMB_O', 'EMB_O', 'EMB_O', 'EMB_O', 'EMB_O', 'EMB_O', 'EMB_O', 'EMB_O', 'EMB_O', 'EMB_O', 'EMB_O', 'EMB_O', 'EMB_O', 'EMB_O', 'EMB_O', 'EMB_O', 'EMB_O', 'EMB_O', 'EMB_O', 'EMB_O', 'EMB_O', 'EMB_O', 'EMB_O', 'EMB_O', 'EMB_O', 'EMB_O', 'OPN_B', 'OPN_I', 'OPN_I', 'OPN_E', 'EMB_O', 'EMB_O', 'EMB_O', 'EMB_O', 'EMB_O', 'EMB_O', 'EMB_O', 'EMB_O', 'EMB_P', 'EMB_P', 'EMB_P', 'EMB_P', 'EMB_P', 'EMB_P', 'EMB_P', 'EMB_P', 'EMB_P', 'EMB_P', 'EMB_P', 'EMB_P', 'EMB_P', 'EMB_P', 'EMB_P', 'EMB_P', 'EMB_P', 'EMB_P', 'EMB_P', 'EMB_P', 'EMB_P', 'EMB_P', 'EMB_P', 'EMB_P', 'EMB_P', 'EMB_P', 'EMB_P', 'EMB_P', 'EMB_P', 'EMB_P', 'EMB_P', 'EMB_P', 'EMB_P', 'EMB_P', 'EMB_P', 'EMB_P', 'EMB_P', 'EMB_P', 'EMB_P', 'EMB_P', 'EMB_P', 'EMB_P', 'EMB_P', 'EMB_P', 'EMB_P', 'EMB_P', 'EMB_P', 'EMB_P', 'EMB_P', 'EMB_P', 'EMB_P', 'EMB_P', 'EMB_P', 'EMB_P', 'EMB_P', 'EMB_P', 'EMB_P', 'EMB_P', 'EMB_P', 'EMB_P', 'EMB_P', 'EMB_P', 'EMB_P', 'EMB_P', 'EMB_P', 'EMB_P', 'EMB_P', 'EMB_P', 'EMB_P', 'EMB_P', 'EMB_P', 'EMB_P', 'EMB_P', 'EMB_P', 'EMB_P', 'EMB_P', 'EMB_P', 'EMB_P', 'EMB_P', 'EMB_P', 'EMB_P', 'EMB_P', 'EMB_P']"
115,порції,хороші,27169:7_1076,"Ціни прийнятні, страви оригінальні, зі смаком оформлені, і, найголовніше, все дуже смачно, порції хороші.",6.8,6.2,"['EMB_O', 'EMB_O', 'EMB_O', 'EMB_O', 'EMB_O', 'EMB_O', 'EMB_O', 'EMB_O', 'EMB_O', 'EMB_O', 'EMB_O', 'EMB_O', 'EMB_O', 'EMB_O', 'EMB_O', 'EMB_O', 'EMB_O', 'EMB_O', 'EMB_O', 'EMB_O', 'EMB_O', 'EMB_O', 'EMB_O', 'EMB_O', 'EMB_O', 'EMB_O', 'EMB_O', 'EMB_O', 'EMB_O', 'EMB_O', 'EMB_O', 'EMB_O', 'EMB_O', 'EMB_O', 'EMB_O', 'EMB_O', 'EMB_O', 'EMB_O', 'ASP_B', 'ASP_E', 'EMB_O', 'EMB_O', 'EMB_O', 'EMB_O', 'EMB_O', 'EMB_P', 'EMB_P', 'EMB_P', 'EMB_P', 'EMB_P', 'EMB_P', 'EMB_P', 'EMB_P', 'EMB_P', 'EMB_P', 'EMB_P', 'EMB_P', 'EMB_P', 'EMB_P', 'EMB_P', 'EMB_P', 'EMB_P', 'EMB_P', 'EMB_P', 'EMB_P', 'EMB_P', 'EMB_P', 'EMB_P', 'EMB_P', 'EMB_P', 'EMB_P', 'EMB_P', 'EMB_P', 'EMB_P', 'EMB_P', 'EMB_P', 'EMB_P', 'EMB_P', 'EMB_P', 'EMB_P', 'EMB_P', 'EMB_P', 'EMB_P', 'EMB_P', 'EMB_P', 'EMB_P', 'EMB_P', 'EMB_P', 'EMB_P', 'EMB_P', 'EMB_P', 'EMB_P', 'EMB_P', 'EMB_P', 'EMB_P', 'EMB_P', 'EMB_P', 'EMB_P', 'EMB_P', 'EMB_P', 'EMB_P', 'EMB_P', 'EMB_P', 'EMB_P', 'EMB_P', 'EMB_P', 'EMB_P', 'EMB_P', 'EMB_P', 'EMB_P', 'EMB_P', 'EMB_P', 'EMB_P', 'EMB_P', 'EMB_P', 'EMB_P', 'EMB_P', 'EMB_P', 'EMB_P', 'EMB_P', 'EMB_P', 'EMB_P', 'EMB_P', 'EMB_P', 'EMB_P', 'EMB_P', 'EMB_P', 'EMB_P']","['EMB_O', 'EMB_O', 'EMB_O', 'EMB_O', 'EMB_O', 'EMB_O', 'EMB_O', 'EMB_O', 'EMB_O', 'EMB_O', 'EMB_O', 'EMB_O', 'EMB_O', 'EMB_O', 'EMB_O', 'EMB_O', 'EMB_O', 'EMB_O', 'EMB_O', 'EMB_O', 'EMB_O', 'EMB_O', 'EMB_O', 'EMB_O', 'EMB_O', 'EMB_O', 'EMB_O', 'EMB_O', 'EMB_O', 'EMB_O', 'EMB_O', 'EMB_O', 'EMB_O', 'EMB_O', 'EMB_O', 'EMB_O', 'EMB_O', 'EMB_O', 'EMB_O', 'EMB_O', 'OPN_B', 'OPN_I', 'OPN_E', 'EMB_O', 'EMB_O', 'EMB_P', 'EMB_P', 'EMB_P', 'EMB_P', 'EMB_P', 'EMB_P', 'EMB_P', 'EMB_P', 'EMB_P', 'EMB_P', 'EMB_P', 'EMB_P', 'EMB_P', 'EMB_P', 'EMB_P', 'EMB_P', 'EMB_P', 'EMB_P', 'EMB_P', 'EMB_P', 'EMB_P', 'EMB_P', 'EMB_P', 'EMB_P', 'EMB_P', 'EMB_P', 'EMB_P', 'EMB_P', 'EMB_P', 'EMB_P', 'EMB_P', 'EMB_P', 'EMB_P', 'EMB_P', 'EMB_P', 'EMB_P', 'EMB_P', 'EMB_P', 'EMB_P', 'EMB_P', 'EMB_P', 'EMB_P', 'EMB_P', 'EMB_P', 'EMB_P', 'EMB_P', 'EMB_P', 'EMB_P', 'EMB_P', 'EMB_P', 'EMB_P', 'EMB_P', 'EMB_P', 'EMB_P', 'EMB_P', 'EMB_P', 'EMB_P', 'EMB_P', 'EMB_P', 'EMB_P', 'EMB_P', 'EMB_P', 'EMB_P', 'EMB_P', 'EMB_P', 'EMB_P', 'EMB_P', 'EMB_P', 'EMB_P', 'EMB_P', 'EMB_P', 'EMB_P', 'EMB_P', 'EMB_P', 'EMB_P', 'EMB_P', 'EMB_P', 'EMB_P', 'EMB_P', 'EMB_P', 'EMB_P', 'EMB_P', 'EMB_P']"
116,продукти,свіжі,27169:8_1077,"Відразу було видно, що всі продукти свіжі!",6.9,6.3,"['EMB_O', 'EMB_O', 'EMB_O', 'EMB_O', 'EMB_O', 'EMB_O', 'EMB_O', 'EMB_O', 'EMB_O', 'ASP_B', 'ASP_E', 'EMB_O', 'EMB_O', 'EMB_O', 'EMB_O', 'EMB_O', 'EMB_P', 'EMB_P', 'EMB_P', 'EMB_P', 'EMB_P', 'EMB_P', 'EMB_P', 'EMB_P', 'EMB_P', 'EMB_P', 'EMB_P', 'EMB_P', 'EMB_P', 'EMB_P', 'EMB_P', 'EMB_P', 'EMB_P', 'EMB_P', 'EMB_P', 'EMB_P', 'EMB_P', 'EMB_P', 'EMB_P', 'EMB_P', 'EMB_P', 'EMB_P', 'EMB_P', 'EMB_P', 'EMB_P', 'EMB_P', 'EMB_P', 'EMB_P', 'EMB_P', 'EMB_P', 'EMB_P', 'EMB_P', 'EMB_P', 'EMB_P', 'EMB_P', 'EMB_P', 'EMB_P', 'EMB_P', 'EMB_P', 'EMB_P', 'EMB_P', 'EMB_P', 'EMB_P', 'EMB_P', 'EMB_P', 'EMB_P', 'EMB_P', 'EMB_P', 'EMB_P', 'EMB_P', 'EMB_P', 'EMB_P', 'EMB_P', 'EMB_P', 'EMB_P', 'EMB_P', 'EMB_P', 'EMB_P', 'EMB_P', 'EMB_P', 'EMB_P', 'EMB_P', 'EMB_P', 'EMB_P', 'EMB_P', 'EMB_P', 'EMB_P', 'EMB_P', 'EMB_P', 'EMB_P', 'EMB_P', 'EMB_P', 'EMB_P', 'EMB_P', 'EMB_P', 'EMB_P', 'EMB_P', 'EMB_P', 'EMB_P', 'EMB_P', 'EMB_P', 'EMB_P', 'EMB_P', 'EMB_P', 'EMB_P', 'EMB_P', 'EMB_P', 'EMB_P', 'EMB_P', 'EMB_P', 'EMB_P', 'EMB_P', 'EMB_P', 'EMB_P', 'EMB_P', 'EMB_P', 'EMB_P', 'EMB_P', 'EMB_P', 'EMB_P', 'EMB_P', 'EMB_P', 'EMB_P', 'EMB_P', 'EMB_P', 'EMB_P', 'EMB_P', 'EMB_P']","['EMB_O', 'EMB_O', 'EMB_O', 'EMB_O', 'EMB_O', 'EMB_O', 'EMB_O', 'EMB_O', 'EMB_O', 'EMB_O', 'EMB_O', 'OPN_B', 'OPN_I', 'OPN_E', 'EMB_O', 'EMB_O', 'EMB_P', 'EMB_P', 'EMB_P', 'EMB_P', 'EMB_P', 'EMB_P', 'EMB_P', 'EMB_P', 'EMB_P', 'EMB_P', 'EMB_P', 'EMB_P', 'EMB_P', 'EMB_P', 'EMB_P', 'EMB_P', 'EMB_P', 'EMB_P', 'EMB_P', 'EMB_P', 'EMB_P', 'EMB_P', 'EMB_P', 'EMB_P', 'EMB_P', 'EMB_P', 'EMB_P', 'EMB_P', 'EMB_P', 'EMB_P', 'EMB_P', 'EMB_P', 'EMB_P', 'EMB_P', 'EMB_P', 'EMB_P', 'EMB_P', 'EMB_P', 'EMB_P', 'EMB_P', 'EMB_P', 'EMB_P', 'EMB_P', 'EMB_P', 'EMB_P', 'EMB_P', 'EMB_P', 'EMB_P', 'EMB_P', 'EMB_P', 'EMB_P', 'EMB_P', 'EMB_P', 'EMB_P', 'EMB_P', 'EMB_P', 'EMB_P', 'EMB_P', 'EMB_P', 'EMB_P', 'EMB_P', 'EMB_P', 'EMB_P', 'EMB_P', 'EMB_P', 'EMB_P', 'EMB_P', 'EMB_P', 'EMB_P', 'EMB_P', 'EMB_P', 'EMB_P', 'EMB_P', 'EMB_P', 'EMB_P', 'EMB_P', 'EMB_P', 'EMB_P', 'EMB_P', 'EMB_P', 'EMB_P', 'EMB_P', 'EMB_P', 'EMB_P', 'EMB_P', 'EMB_P', 'EMB_P', 'EMB_P', 'EMB_P', 'EMB_P', 'EMB_P', 'EMB_P', 'EMB_P', 'EMB_P', 'EMB_P', 'EMB_P', 'EMB_P', 'EMB_P', 'EMB_P', 'EMB_P', 'EMB_P', 'EMB_P', 'EMB_P', 'EMB_P', 'EMB_P', 'EMB_P', 'EMB_P', 'EMB_P', 'EMB_P', 'EMB_P', 'EMB_P', 'EMB_P']"
117,страві,небайдуже,27169:9_1078,У кожній страві помічаєш небайдуже ставлення його автора.,7.0,6.5,"['EMB_O', 'EMB_O', 'EMB_O', 'EMB_O', 'ASP_B', 'ASP_I', 'ASP_E', 'EMB_O', 'EMB_O', 'EMB_O', 'EMB_O', 'EMB_O', 'EMB_O', 'EMB_O', 'EMB_O', 'EMB_O', 'EMB_O', 'EMB_O', 'EMB_O', 'EMB_O', 'EMB_O', 'EMB_P', 'EMB_P', 'EMB_P', 'EMB_P', 'EMB_P', 'EMB_P', 'EMB_P', 'EMB_P', 'EMB_P', 'EMB_P', 'EMB_P', 'EMB_P', 'EMB_P', 'EMB_P', 'EMB_P', 'EMB_P', 'EMB_P', 'EMB_P', 'EMB_P', 'EMB_P', 'EMB_P', 'EMB_P', 'EMB_P', 'EMB_P', 'EMB_P', 'EMB_P', 'EMB_P', 'EMB_P', 'EMB_P', 'EMB_P', 'EMB_P', 'EMB_P', 'EMB_P', 'EMB_P', 'EMB_P', 'EMB_P', 'EMB_P', 'EMB_P', 'EMB_P', 'EMB_P', 'EMB_P', 'EMB_P', 'EMB_P', 'EMB_P', 'EMB_P', 'EMB_P', 'EMB_P', 'EMB_P', 'EMB_P', 'EMB_P', 'EMB_P', 'EMB_P', 'EMB_P', 'EMB_P', 'EMB_P', 'EMB_P', 'EMB_P', 'EMB_P', 'EMB_P', 'EMB_P', 'EMB_P', 'EMB_P', 'EMB_P', 'EMB_P', 'EMB_P', 'EMB_P', 'EMB_P', 'EMB_P', 'EMB_P', 'EMB_P', 'EMB_P', 'EMB_P', 'EMB_P', 'EMB_P', 'EMB_P', 'EMB_P', 'EMB_P', 'EMB_P', 'EMB_P', 'EMB_P', 'EMB_P', 'EMB_P', 'EMB_P', 'EMB_P', 'EMB_P', 'EMB_P', 'EMB_P', 'EMB_P', 'EMB_P', 'EMB_P', 'EMB_P', 'EMB_P', 'EMB_P', 'EMB_P', 'EMB_P', 'EMB_P', 'EMB_P', 'EMB_P', 'EMB_P', 'EMB_P', 'EMB_P', 'EMB_P', 'EMB_P', 'EMB_P', 'EMB_P', 'EMB_P', 'EMB_P']","['EMB_O', 'EMB_O', 'EMB_O', 'EMB_O', 'EMB_O', 'EMB_O', 'EMB_O', 'EMB_O', 'EMB_O', 'EMB_O', 'EMB_O', 'OPN_B', 'OPN_I', 'OPN_I', 'OPN_E', 'EMB_O', 'EMB_O', 'EMB_O', 'EMB_O', 'EMB_O', 'EMB_O', 'EMB_P', 'EMB_P', 'EMB_P', 'EMB_P', 'EMB_P', 'EMB_P', 'EMB_P', 'EMB_P', 'EMB_P', 'EMB_P', 'EMB_P', 'EMB_P', 'EMB_P', 'EMB_P', 'EMB_P', 'EMB_P', 'EMB_P', 'EMB_P', 'EMB_P', 'EMB_P', 'EMB_P', 'EMB_P', 'EMB_P', 'EMB_P', 'EMB_P', 'EMB_P', 'EMB_P', 'EMB_P', 'EMB_P', 'EMB_P', 'EMB_P', 'EMB_P', 'EMB_P', 'EMB_P', 'EMB_P', 'EMB_P', 'EMB_P', 'EMB_P', 'EMB_P', 'EMB_P', 'EMB_P', 'EMB_P', 'EMB_P', 'EMB_P', 'EMB_P', 'EMB_P', 'EMB_P', 'EMB_P', 'EMB_P', 'EMB_P', 'EMB_P', 'EMB_P', 'EMB_P', 'EMB_P', 'EMB_P', 'EMB_P', 'EMB_P', 'EMB_P', 'EMB_P', 'EMB_P', 'EMB_P', 'EMB_P', 'EMB_P', 'EMB_P', 'EMB_P', 'EMB_P', 'EMB_P', 'EMB_P', 'EMB_P', 'EMB_P', 'EMB_P', 'EMB_P', 'EMB_P', 'EMB_P', 'EMB_P', 'EMB_P', 'EMB_P', 'EMB_P', 'EMB_P', 'EMB_P', 'EMB_P', 'EMB_P', 'EMB_P', 'EMB_P', 'EMB_P', 'EMB_P', 'EMB_P', 'EMB_P', 'EMB_P', 'EMB_P', 'EMB_P', 'EMB_P', 'EMB_P', 'EMB_P', 'EMB_P', 'EMB_P', 'EMB_P', 'EMB_P', 'EMB_P', 'EMB_P', 'EMB_P', 'EMB_P', 'EMB_P', 'EMB_P', 'EMB_P', 'EMB_P', 'EMB_P']"
118,персонал,Дуже порадував,27169:10_1079,"Дуже порадував персонал: адміністратори Олена, Марина, офіціант Микола.",8.0,7.62,"['EMB_O', 'EMB_O', 'EMB_O', 'EMB_O', 'EMB_O', 'EMB_O', 'EMB_O', 'ASP_B', 'ASP_I', 'ASP_E', 'EMB_O', 'EMB_O', 'EMB_O', 'EMB_O', 'EMB_O', 'EMB_O', 'EMB_O', 'EMB_O', 'EMB_O', 'EMB_O', 'EMB_O', 'EMB_O', 'EMB_O', 'EMB_O', 'EMB_O', 'EMB_O', 'EMB_O', 'EMB_O', 'EMB_P', 'EMB_P', 'EMB_P', 'EMB_P', 'EMB_P', 'EMB_P', 'EMB_P', 'EMB_P', 'EMB_P', 'EMB_P', 'EMB_P', 'EMB_P', 'EMB_P', 'EMB_P', 'EMB_P', 'EMB_P', 'EMB_P', 'EMB_P', 'EMB_P', 'EMB_P', 'EMB_P', 'EMB_P', 'EMB_P', 'EMB_P', 'EMB_P', 'EMB_P', 'EMB_P', 'EMB_P', 'EMB_P', 'EMB_P', 'EMB_P', 'EMB_P', 'EMB_P', 'EMB_P', 'EMB_P', 'EMB_P', 'EMB_P', 'EMB_P', 'EMB_P', 'EMB_P', 'EMB_P', 'EMB_P', 'EMB_P', 'EMB_P', 'EMB_P', 'EMB_P', 'EMB_P', 'EMB_P', 'EMB_P', 'EMB_P', 'EMB_P', 'EMB_P', 'EMB_P', 'EMB_P', 'EMB_P', 'EMB_P', 'EMB_P', 'EMB_P', 'EMB_P', 'EMB_P', 'EMB_P', 'EMB_P', 'EMB_P', 'EMB_P', 'EMB_P', 'EMB_P', 'EMB_P', 'EMB_P', 'EMB_P', 'EMB_P', 'EMB_P', 'EMB_P', 'EMB_P', 'EMB_P', 'EMB_P', 'EMB_P', 'EMB_P', 'EMB_P', 'EMB_P', 'EMB_P', 'EMB_P', 'EMB_P', 'EMB_P', 'EMB_P', 'EMB_P', 'EMB_P', 'EMB_P', 'EMB_P', 'EMB_P', 'EMB_P', 'EMB_P', 'EMB_P', 'EMB_P', 'EMB_P', 'EMB_P', 'EMB_P', 'EMB_P', 'EMB_P', 'EMB_P', 'EMB_P']","['EMB_O', 'OPN_B', 'OPN_I', 'OPN_I', 'OPN_I', 'OPN_I', 'OPN_E', 'EMB_O', 'EMB_O', 'EMB_O', 'EMB_O', 'EMB_O', 'EMB_O', 'EMB_O', 'EMB_O', 'EMB_O', 'EMB_O', 'EMB_O', 'EMB_O', 'EMB_O', 'EMB_O', 'EMB_O', 'EMB_O', 'EMB_O', 'EMB_O', 'EMB_O', 'EMB_O', 'EMB_O', 'EMB_P', 'EMB_P', 'EMB_P', 'EMB_P', 'EMB_P', 'EMB_P', 'EMB_P', 'EMB_P', 'EMB_P', 'EMB_P', 'EMB_P', 'EMB_P', 'EMB_P', 'EMB_P', 'EMB_P', 'EMB_P', 'EMB_P', 'EMB_P', 'EMB_P', 'EMB_P', 'EMB_P', 'EMB_P', 'EMB_P', 'EMB_P', 'EMB_P', 'EMB_P', 'EMB_P', 'EMB_P', 'EMB_P', 'EMB_P', 'EMB_P', 'EMB_P', 'EMB_P', 'EMB_P', 'EMB_P', 'EMB_P', 'EMB_P', 'EMB_P', 'EMB_P', 'EMB_P', 'EMB_P', 'EMB_P', 'EMB_P', 'EMB_P', 'EMB_P', 'EMB_P', 'EMB_P', 'EMB_P', 'EMB_P', 'EMB_P', 'EMB_P', 'EMB_P', 'EMB_P', 'EMB_P', 'EMB_P', 'EMB_P', 'EMB_P', 'EMB_P', 'EMB_P', 'EMB_P', 'EMB_P', 'EMB_P', 'EMB_P', 'EMB_P', 'EMB_P', 'EMB_P', 'EMB_P', 'EMB_P', 'EMB_P', 'EMB_P', 'EMB_P', 'EMB_P', 'EMB_P', 'EMB_P', 'EMB_P', 'EMB_P', 'EMB_P', 'EMB_P', 'EMB_P', 'EMB_P', 'EMB_P', 'EMB_P', 'EMB_P', 'EMB_P', 'EMB_P', 'EMB_P', 'EMB_P', 'EMB_P', 'EMB_P', 'EMB_P', 'EMB_P', 'EMB_P', 'EMB_P', 'EMB_P', 'EMB_P', 'EMB_P', 'EMB_P', 'EMB_P', 'EMB_P', 'EMB_P']"
119,адміністратори,Дуже порадував,27169:10_1079,"Дуже порадував персонал: адміністратори Олена, Марина, офіціант Микола.",8.0,7.62,"['EMB_O', 'EMB_O', 'EMB_O', 'EMB_O', 'EMB_O', 'EMB_O', 'EMB_O', 'EMB_O', 'EMB_O', 'EMB_O', 'EMB_O', 'ASP_B', 'ASP_I', 'ASP_I', 'ASP_I', 'ASP_E', 'EMB_O', 'EMB_O', 'EMB_O', 'EMB_O', 'EMB_O', 'EMB_O', 'EMB_O', 'EMB_O', 'EMB_O', 'EMB_O', 'EMB_O', 'EMB_O', 'EMB_P', 'EMB_P', 'EMB_P', 'EMB_P', 'EMB_P', 'EMB_P', 'EMB_P', 'EMB_P', 'EMB_P', 'EMB_P', 'EMB_P', 'EMB_P', 'EMB_P', 'EMB_P', 'EMB_P', 'EMB_P', 'EMB_P', 'EMB_P', 'EMB_P', 'EMB_P', 'EMB_P', 'EMB_P', 'EMB_P', 'EMB_P', 'EMB_P', 'EMB_P', 'EMB_P', 'EMB_P', 'EMB_P', 'EMB_P', 'EMB_P', 'EMB_P', 'EMB_P', 'EMB_P', 'EMB_P', 'EMB_P', 'EMB_P', 'EMB_P', 'EMB_P', 'EMB_P', 'EMB_P', 'EMB_P', 'EMB_P', 'EMB_P', 'EMB_P', 'EMB_P', 'EMB_P', 'EMB_P', 'EMB_P', 'EMB_P', 'EMB_P', 'EMB_P', 'EMB_P', 'EMB_P', 'EMB_P', 'EMB_P', 'EMB_P', 'EMB_P', 'EMB_P', 'EMB_P', 'EMB_P', 'EMB_P', 'EMB_P', 'EMB_P', 'EMB_P', 'EMB_P', 'EMB_P', 'EMB_P', 'EMB_P', 'EMB_P', 'EMB_P', 'EMB_P', 'EMB_P', 'EMB_P', 'EMB_P', 'EMB_P', 'EMB_P', 'EMB_P', 'EMB_P', 'EMB_P', 'EMB_P', 'EMB_P', 'EMB_P', 'EMB_P', 'EMB_P', 'EMB_P', 'EMB_P', 'EMB_P', 'EMB_P', 'EMB_P', 'EMB_P', 'EMB_P', 'EMB_P', 'EMB_P', 'EMB_P', 'EMB_P', 'EMB_P', 'EMB_P', 'EMB_P', 'EMB_P']","['EMB_O', 'OPN_B', 'OPN_I', 'OPN_I', 'OPN_I', 'OPN_I', 'OPN_E', 'EMB_O', 'EMB_O', 'EMB_O', 'EMB_O', 'EMB_O', 'EMB_O', 'EMB_O', 'EMB_O', 'EMB_O', 'EMB_O', 'EMB_O', 'EMB_O', 'EMB_O', 'EMB_O', 'EMB_O', 'EMB_O', 'EMB_O', 'EMB_O', 'EMB_O', 'EMB_O', 'EMB_O', 'EMB_P', 'EMB_P', 'EMB_P', 'EMB_P', 'EMB_P', 'EMB_P', 'EMB_P', 'EMB_P', 'EMB_P', 'EMB_P', 'EMB_P', 'EMB_P', 'EMB_P', 'EMB_P', 'EMB_P', 'EMB_P', 'EMB_P', 'EMB_P', 'EMB_P', 'EMB_P', 'EMB_P', 'EMB_P', 'EMB_P', 'EMB_P', 'EMB_P', 'EMB_P', 'EMB_P', 'EMB_P', 'EMB_P', 'EMB_P', 'EMB_P', 'EMB_P', 'EMB_P', 'EMB_P', 'EMB_P', 'EMB_P', 'EMB_P', 'EMB_P', 'EMB_P', 'EMB_P', 'EMB_P', 'EMB_P', 'EMB_P', 'EMB_P', 'EMB_P', 'EMB_P', 'EMB_P', 'EMB_P', 'EMB_P', 'EMB_P', 'EMB_P', 'EMB_P', 'EMB_P', 'EMB_P', 'EMB_P', 'EMB_P', 'EMB_P', 'EMB_P', 'EMB_P', 'EMB_P', 'EMB_P', 'EMB_P', 'EMB_P', 'EMB_P', 'EMB_P', 'EMB_P', 'EMB_P', 'EMB_P', 'EMB_P', 'EMB_P', 'EMB_P', 'EMB_P', 'EMB_P', 'EMB_P', 'EMB_P', 'EMB_P', 'EMB_P', 'EMB_P', 'EMB_P', 'EMB_P', 'EMB_P', 'EMB_P', 'EMB_P', 'EMB_P', 'EMB_P', 'EMB_P', 'EMB_P', 'EMB_P', 'EMB_P', 'EMB_P', 'EMB_P', 'EMB_P', 'EMB_P', 'EMB_P', 'EMB_P', 'EMB_P', 'EMB_P', 'EMB_P', 'EMB_P', 'EMB_P']"
120,офіціант,Дуже порадував,27169:10_1079,"Дуже порадував персонал: адміністратори Олена, Марина, офіціант Микола.",8.0,7.62,"['EMB_O', 'EMB_O', 'EMB_O', 'EMB_O', 'EMB_O', 'EMB_O', 'EMB_O', 'EMB_O', 'EMB_O', 'EMB_O', 'EMB_O', 'EMB_O', 'EMB_O', 'EMB_O', 'EMB_O', 'EMB_O', 'EMB_O', 'EMB_O', 'EMB_O', 'EMB_O', 'EMB_O', 'ASP_B', 'ASP_I', 'ASP_I', 'ASP_E', 'EMB_O', 'EMB_O', 'EMB_O', 'EMB_P', 'EMB_P', 'EMB_P', 'EMB_P', 'EMB_P', 'EMB_P', 'EMB_P', 'EMB_P', 'EMB_P', 'EMB_P', 'EMB_P', 'EMB_P', 'EMB_P', 'EMB_P', 'EMB_P', 'EMB_P', 'EMB_P', 'EMB_P', 'EMB_P', 'EMB_P', 'EMB_P', 'EMB_P', 'EMB_P', 'EMB_P', 'EMB_P', 'EMB_P', 'EMB_P', 'EMB_P', 'EMB_P', 'EMB_P', 'EMB_P', 'EMB_P', 'EMB_P', 'EMB_P', 'EMB_P', 'EMB_P', 'EMB_P', 'EMB_P', 'EMB_P', 'EMB_P', 'EMB_P', 'EMB_P', 'EMB_P', 'EMB_P', 'EMB_P', 'EMB_P', 'EMB_P', 'EMB_P', 'EMB_P', 'EMB_P', 'EMB_P', 'EMB_P', 'EMB_P', 'EMB_P', 'EMB_P', 'EMB_P', 'EMB_P', 'EMB_P', 'EMB_P', 'EMB_P', 'EMB_P', 'EMB_P', 'EMB_P', 'EMB_P', 'EMB_P', 'EMB_P', 'EMB_P', 'EMB_P', 'EMB_P', 'EMB_P', 'EMB_P', 'EMB_P', 'EMB_P', 'EMB_P', 'EMB_P', 'EMB_P', 'EMB_P', 'EMB_P', 'EMB_P', 'EMB_P', 'EMB_P', 'EMB_P', 'EMB_P', 'EMB_P', 'EMB_P', 'EMB_P', 'EMB_P', 'EMB_P', 'EMB_P', 'EMB_P', 'EMB_P', 'EMB_P', 'EMB_P', 'EMB_P', 'EMB_P', 'EMB_P', 'EMB_P', 'EMB_P', 'EMB_P', 'EMB_P']","['EMB_O', 'OPN_B', 'OPN_I', 'OPN_I', 'OPN_I', 'OPN_I', 'OPN_E', 'EMB_O', 'EMB_O', 'EMB_O', 'EMB_O', 'EMB_O', 'EMB_O', 'EMB_O', 'EMB_O', 'EMB_O', 'EMB_O', 'EMB_O', 'EMB_O', 'EMB_O', 'EMB_O', 'EMB_O', 'EMB_O', 'EMB_O', 'EMB_O', 'EMB_O', 'EMB_O', 'EMB_O', 'EMB_P', 'EMB_P', 'EMB_P', 'EMB_P', 'EMB_P', 'EMB_P', 'EMB_P', 'EMB_P', 'EMB_P', 'EMB_P', 'EMB_P', 'EMB_P', 'EMB_P', 'EMB_P', 'EMB_P', 'EMB_P', 'EMB_P', 'EMB_P', 'EMB_P', 'EMB_P', 'EMB_P', 'EMB_P', 'EMB_P', 'EMB_P', 'EMB_P', 'EMB_P', 'EMB_P', 'EMB_P', 'EMB_P', 'EMB_P', 'EMB_P', 'EMB_P', 'EMB_P', 'EMB_P', 'EMB_P', 'EMB_P', 'EMB_P', 'EMB_P', 'EMB_P', 'EMB_P', 'EMB_P', 'EMB_P', 'EMB_P', 'EMB_P', 'EMB_P', 'EMB_P', 'EMB_P', 'EMB_P', 'EMB_P', 'EMB_P', 'EMB_P', 'EMB_P', 'EMB_P', 'EMB_P', 'EMB_P', 'EMB_P', 'EMB_P', 'EMB_P', 'EMB_P', 'EMB_P', 'EMB_P', 'EMB_P', 'EMB_P', 'EMB_P', 'EMB_P', 'EMB_P', 'EMB_P', 'EMB_P', 'EMB_P', 'EMB_P', 'EMB_P', 'EMB_P', 'EMB_P', 'EMB_P', 'EMB_P', 'EMB_P', 'EMB_P', 'EMB_P', 'EMB_P', 'EMB_P', 'EMB_P', 'EMB_P', 'EMB_P', 'EMB_P', 'EMB_P', 'EMB_P', 'EMB_P', 'EMB_P', 'EMB_P', 'EMB_P', 'EMB_P', 'EMB_P', 'EMB_P', 'EMB_P', 'EMB_P', 'EMB_P', 'EMB_P', 'EMB_P', 'EMB_P', 'EMB_P']"
121,обслуговування,доброзичливе,27169:11_1080,"Хочу відзначити доброзичливе, ввічливе, уважне і при цьому ненав'язливе обслуговування!",6.9,6.4,"['EMB_O', 'EMB_O', 'EMB_O', 'EMB_O', 'EMB_O', 'EMB_O', 'EMB_O', 'EMB_O', 'EMB_O', 'EMB_O', 'EMB_O', 'EMB_O', 'EMB_O', 'EMB_O', 'EMB_O', 'EMB_O', 'EMB_O', 'EMB_O', 'EMB_O', 'EMB_O', 'EMB_O', 'EMB_O', 'EMB_O', 'EMB_O', 'EMB_O', 'EMB_O', 'ASP_B', 'ASP_I', 'ASP_I', 'ASP_E', 'EMB_O', 'EMB_O', 'EMB_P', 'EMB_P', 'EMB_P', 'EMB_P', 'EMB_P', 'EMB_P', 'EMB_P', 'EMB_P', 'EMB_P', 'EMB_P', 'EMB_P', 'EMB_P', 'EMB_P', 'EMB_P', 'EMB_P', 'EMB_P', 'EMB_P', 'EMB_P', 'EMB_P', 'EMB_P', 'EMB_P', 'EMB_P', 'EMB_P', 'EMB_P', 'EMB_P', 'EMB_P', 'EMB_P', 'EMB_P', 'EMB_P', 'EMB_P', 'EMB_P', 'EMB_P', 'EMB_P', 'EMB_P', 'EMB_P', 'EMB_P', 'EMB_P', 'EMB_P', 'EMB_P', 'EMB_P', 'EMB_P', 'EMB_P', 'EMB_P', 'EMB_P', 'EMB_P', 'EMB_P', 'EMB_P', 'EMB_P', 'EMB_P', 'EMB_P', 'EMB_P', 'EMB_P', 'EMB_P', 'EMB_P', 'EMB_P', 'EMB_P', 'EMB_P', 'EMB_P', 'EMB_P', 'EMB_P', 'EMB_P', 'EMB_P', 'EMB_P', 'EMB_P', 'EMB_P', 'EMB_P', 'EMB_P', 'EMB_P', 'EMB_P', 'EMB_P', 'EMB_P', 'EMB_P', 'EMB_P', 'EMB_P', 'EMB_P', 'EMB_P', 'EMB_P', 'EMB_P', 'EMB_P', 'EMB_P', 'EMB_P', 'EMB_P', 'EMB_P', 'EMB_P', 'EMB_P', 'EMB_P', 'EMB_P', 'EMB_P', 'EMB_P', 'EMB_P', 'EMB_P', 'EMB_P', 'EMB_P', 'EMB_P', 'EMB_P', 'EMB_P']","['EMB_O', 'EMB_O', 'EMB_O', 'EMB_O', 'EMB_O', 'OPN_B', 'OPN_I', 'OPN_I', 'OPN_E', 'EMB_O', 'EMB_O', 'EMB_O', 'EMB_O', 'EMB_O', 'EMB_O', 'EMB_O', 'EMB_O', 'EMB_O', 'EMB_O', 'EMB_O', 'EMB_O', 'EMB_O', 'EMB_O', 'EMB_O', 'EMB_O', 'EMB_O', 'EMB_O', 'EMB_O', 'EMB_O', 'EMB_O', 'EMB_O', 'EMB_O', 'EMB_P', 'EMB_P', 'EMB_P', 'EMB_P', 'EMB_P', 'EMB_P', 'EMB_P', 'EMB_P', 'EMB_P', 'EMB_P', 'EMB_P', 'EMB_P', 'EMB_P', 'EMB_P', 'EMB_P', 'EMB_P', 'EMB_P', 'EMB_P', 'EMB_P', 'EMB_P', 'EMB_P', 'EMB_P', 'EMB_P', 'EMB_P', 'EMB_P', 'EMB_P', 'EMB_P', 'EMB_P', 'EMB_P', 'EMB_P', 'EMB_P', 'EMB_P', 'EMB_P', 'EMB_P', 'EMB_P', 'EMB_P', 'EMB_P', 'EMB_P', 'EMB_P', 'EMB_P', 'EMB_P', 'EMB_P', 'EMB_P', 'EMB_P', 'EMB_P', 'EMB_P', 'EMB_P', 'EMB_P', 'EMB_P', 'EMB_P', 'EMB_P', 'EMB_P', 'EMB_P', 'EMB_P', 'EMB_P', 'EMB_P', 'EMB_P', 'EMB_P', 'EMB_P', 'EMB_P', 'EMB_P', 'EMB_P', 'EMB_P', 'EMB_P', 'EMB_P', 'EMB_P', 'EMB_P', 'EMB_P', 'EMB_P', 'EMB_P', 'EMB_P', 'EMB_P', 'EMB_P', 'EMB_P', 'EMB_P', 'EMB_P', 'EMB_P', 'EMB_P', 'EMB_P', 'EMB_P', 'EMB_P', 'EMB_P', 'EMB_P', 'EMB_P', 'EMB_P', 'EMB_P', 'EMB_P', 'EMB_P', 'EMB_P', 'EMB_P', 'EMB_P', 'EMB_P', 'EMB_P', 'EMB_P', 'EMB_P', 'EMB_P']"
122,інтер'єру,чудового,27169:14_1081,"Зазначу також як людина, що захоплюється фотографією, що фотографії на тлі цього чудового середньовічного інтер'єру виходять просто фантастичні!",7.8,7.3,"['EMB_O', 'EMB_O', 'EMB_O', 'EMB_O', 'EMB_O', 'EMB_O', 'EMB_O', 'EMB_O', 'EMB_O', 'EMB_O', 'EMB_O', 'EMB_O', 'EMB_O', 'EMB_O', 'EMB_O', 'EMB_O', 'EMB_O', 'EMB_O', 'EMB_O', 'EMB_O', 'EMB_O', 'EMB_O', 'EMB_O', 'EMB_O', 'EMB_O', 'EMB_O', 'EMB_O', 'EMB_O', 'EMB_O', 'EMB_O', 'EMB_O', 'EMB_O', 'EMB_O', 'EMB_O', 'ASP_B', 'ASP_I', 'ASP_I', 'ASP_E', 'EMB_O', 'EMB_O', 'EMB_O', 'EMB_O', 'EMB_O', 'EMB_O', 'EMB_O', 'EMB_O', 'EMB_O', 'EMB_O', 'EMB_P', 'EMB_P', 'EMB_P', 'EMB_P', 'EMB_P', 'EMB_P', 'EMB_P', 'EMB_P', 'EMB_P', 'EMB_P', 'EMB_P', 'EMB_P', 'EMB_P', 'EMB_P', 'EMB_P', 'EMB_P', 'EMB_P', 'EMB_P', 'EMB_P', 'EMB_P', 'EMB_P', 'EMB_P', 'EMB_P', 'EMB_P', 'EMB_P', 'EMB_P', 'EMB_P', 'EMB_P', 'EMB_P', 'EMB_P', 'EMB_P', 'EMB_P', 'EMB_P', 'EMB_P', 'EMB_P', 'EMB_P', 'EMB_P', 'EMB_P', 'EMB_P', 'EMB_P', 'EMB_P', 'EMB_P', 'EMB_P', 'EMB_P', 'EMB_P', 'EMB_P', 'EMB_P', 'EMB_P', 'EMB_P', 'EMB_P', 'EMB_P', 'EMB_P', 'EMB_P', 'EMB_P', 'EMB_P', 'EMB_P', 'EMB_P', 'EMB_P', 'EMB_P', 'EMB_P', 'EMB_P', 'EMB_P', 'EMB_P', 'EMB_P', 'EMB_P', 'EMB_P', 'EMB_P', 'EMB_P', 'EMB_P', 'EMB_P', 'EMB_P', 'EMB_P', 'EMB_P', 'EMB_P', 'EMB_P', 'EMB_P', 'EMB_P', 'EMB_P', 'EMB_P', 'EMB_P']","['EMB_O', 'EMB_O', 'EMB_O', 'EMB_O', 'EMB_O', 'EMB_O', 'EMB_O', 'EMB_O', 'EMB_O', 'EMB_O', 'EMB_O', 'EMB_O', 'EMB_O', 'EMB_O', 'EMB_O', 'EMB_O', 'EMB_O', 'EMB_O', 'EMB_O', 'EMB_O', 'EMB_O', 'EMB_O', 'EMB_O', 'EMB_O', 'EMB_O', 'EMB_O', 'EMB_O', 'OPN_B', 'OPN_I', 'OPN_E', 'EMB_O', 'EMB_O', 'EMB_O', 'EMB_O', 'EMB_O', 'EMB_O', 'EMB_O', 'EMB_O', 'EMB_O', 'EMB_O', 'EMB_O', 'EMB_O', 'EMB_O', 'EMB_O', 'EMB_O', 'EMB_O', 'EMB_O', 'EMB_O', 'EMB_P', 'EMB_P', 'EMB_P', 'EMB_P', 'EMB_P', 'EMB_P', 'EMB_P', 'EMB_P', 'EMB_P', 'EMB_P', 'EMB_P', 'EMB_P', 'EMB_P', 'EMB_P', 'EMB_P', 'EMB_P', 'EMB_P', 'EMB_P', 'EMB_P', 'EMB_P', 'EMB_P', 'EMB_P', 'EMB_P', 'EMB_P', 'EMB_P', 'EMB_P', 'EMB_P', 'EMB_P', 'EMB_P', 'EMB_P', 'EMB_P', 'EMB_P', 'EMB_P', 'EMB_P', 'EMB_P', 'EMB_P', 'EMB_P', 'EMB_P', 'EMB_P', 'EMB_P', 'EMB_P', 'EMB_P', 'EMB_P', 'EMB_P', 'EMB_P', 'EMB_P', 'EMB_P', 'EMB_P', 'EMB_P', 'EMB_P', 'EMB_P', 'EMB_P', 'EMB_P', 'EMB_P', 'EMB_P', 'EMB_P', 'EMB_P', 'EMB_P', 'EMB_P', 'EMB_P', 'EMB_P', 'EMB_P', 'EMB_P', 'EMB_P', 'EMB_P', 'EMB_P', 'EMB_P', 'EMB_P', 'EMB_P', 'EMB_P', 'EMB_P', 'EMB_P', 'EMB_P', 'EMB_P', 'EMB_P', 'EMB_P', 'EMB_P', 'EMB_P', 'EMB_P', 'EMB_P']"
123,Колір,дуже поєднується,27169:15_1082,"Колір, світло, оформлення стін — все дуже поєднується.",7.75,7.25,"['EMB_O', 'ASP_B', 'ASP_I', 'ASP_E', 'EMB_O', 'EMB_O', 'EMB_O', 'EMB_O', 'EMB_O', 'EMB_O', 'EMB_O', 'EMB_O', 'EMB_O', 'EMB_O', 'EMB_O', 'EMB_O', 'EMB_O', 'EMB_O', 'EMB_O', 'EMB_O', 'EMB_O', 'EMB_O', 'EMB_O', 'EMB_O', 'EMB_P', 'EMB_P', 'EMB_P', 'EMB_P', 'EMB_P', 'EMB_P', 'EMB_P', 'EMB_P', 'EMB_P', 'EMB_P', 'EMB_P', 'EMB_P', 'EMB_P', 'EMB_P', 'EMB_P', 'EMB_P', 'EMB_P', 'EMB_P', 'EMB_P', 'EMB_P', 'EMB_P', 'EMB_P', 'EMB_P', 'EMB_P', 'EMB_P', 'EMB_P', 'EMB_P', 'EMB_P', 'EMB_P', 'EMB_P', 'EMB_P', 'EMB_P', 'EMB_P', 'EMB_P', 'EMB_P', 'EMB_P', 'EMB_P', 'EMB_P', 'EMB_P', 'EMB_P', 'EMB_P', 'EMB_P', 'EMB_P', 'EMB_P', 'EMB_P', 'EMB_P', 'EMB_P', 'EMB_P', 'EMB_P', 'EMB_P', 'EMB_P', 'EMB_P', 'EMB_P', 'EMB_P', 'EMB_P', 'EMB_P', 'EMB_P', 'EMB_P', 'EMB_P', 'EMB_P', 'EMB_P', 'EMB_P', 'EMB_P', 'EMB_P', 'EMB_P', 'EMB_P', 'EMB_P', 'EMB_P', 'EMB_P', 'EMB_P', 'EMB_P', 'EMB_P', 'EMB_P', 'EMB_P', 'EMB_P', 'EMB_P', 'EMB_P', 'EMB_P', 'EMB_P', 'EMB_P', 'EMB_P', 'EMB_P', 'EMB_P', 'EMB_P', 'EMB_P', 'EMB_P', 'EMB_P', 'EMB_P', 'EMB_P', 'EMB_P', 'EMB_P', 'EMB_P', 'EMB_P', 'EMB_P', 'EMB_P', 'EMB_P', 'EMB_P', 'EMB_P', 'EMB_P', 'EMB_P', 'EMB_P', 'EMB_P', 'EMB_P', 'EMB_P']","['EMB_O', 'EMB_O', 'EMB_O', 'EMB_O', 'EMB_O', 'EMB_O', 'EMB_O', 'EMB_O', 'EMB_O', 'EMB_O', 'EMB_O', 'EMB_O', 'EMB_O', 'EMB_O', 'EMB_O', 'EMB_O', 'OPN_B', 'OPN_I', 'OPN_I', 'OPN_I', 'OPN_I', 'OPN_E', 'EMB_O', 'EMB_O', 'EMB_P', 'EMB_P', 'EMB_P', 'EMB_P', 'EMB_P', 'EMB_P', 'EMB_P', 'EMB_P', 'EMB_P', 'EMB_P', 'EMB_P', 'EMB_P', 'EMB_P', 'EMB_P', 'EMB_P', 'EMB_P', 'EMB_P', 'EMB_P', 'EMB_P', 'EMB_P', 'EMB_P', 'EMB_P', 'EMB_P', 'EMB_P', 'EMB_P', 'EMB_P', 'EMB_P', 'EMB_P', 'EMB_P', 'EMB_P', 'EMB_P', 'EMB_P', 'EMB_P', 'EMB_P', 'EMB_P', 'EMB_P', 'EMB_P', 'EMB_P', 'EMB_P', 'EMB_P', 'EMB_P', 'EMB_P', 'EMB_P', 'EMB_P', 'EMB_P', 'EMB_P', 'EMB_P', 'EMB_P', 'EMB_P', 'EMB_P', 'EMB_P', 'EMB_P', 'EMB_P', 'EMB_P', 'EMB_P', 'EMB_P', 'EMB_P', 'EMB_P', 'EMB_P', 'EMB_P', 'EMB_P', 'EMB_P', 'EMB_P', 'EMB_P', 'EMB_P', 'EMB_P', 'EMB_P', 'EMB_P', 'EMB_P', 'EMB_P', 'EMB_P', 'EMB_P', 'EMB_P', 'EMB_P', 'EMB_P', 'EMB_P', 'EMB_P', 'EMB_P', 'EMB_P', 'EMB_P', 'EMB_P', 'EMB_P', 'EMB_P', 'EMB_P', 'EMB_P', 'EMB_P', 'EMB_P', 'EMB_P', 'EMB_P', 'EMB_P', 'EMB_P', 'EMB_P', 'EMB_P', 'EMB_P', 'EMB_P', 'EMB_P', 'EMB_P', 'EMB_P', 'EMB_P', 'EMB_P', 'EMB_P', 'EMB_P', 'EMB_P', 'EMB_P']"
124,світло,дуже поєднується,27169:15_1082,"Колір, світло, оформлення стін — все дуже поєднується.",7.75,7.25,"['EMB_O', 'EMB_O', 'EMB_O', 'EMB_O', 'EMB_O', 'ASP_B', 'ASP_E', 'EMB_O', 'EMB_O', 'EMB_O', 'EMB_O', 'EMB_O', 'EMB_O', 'EMB_O', 'EMB_O', 'EMB_O', 'EMB_O', 'EMB_O', 'EMB_O', 'EMB_O', 'EMB_O', 'EMB_O', 'EMB_O', 'EMB_O', 'EMB_P', 'EMB_P', 'EMB_P', 'EMB_P', 'EMB_P', 'EMB_P', 'EMB_P', 'EMB_P', 'EMB_P', 'EMB_P', 'EMB_P', 'EMB_P', 'EMB_P', 'EMB_P', 'EMB_P', 'EMB_P', 'EMB_P', 'EMB_P', 'EMB_P', 'EMB_P', 'EMB_P', 'EMB_P', 'EMB_P', 'EMB_P', 'EMB_P', 'EMB_P', 'EMB_P', 'EMB_P', 'EMB_P', 'EMB_P', 'EMB_P', 'EMB_P', 'EMB_P', 'EMB_P', 'EMB_P', 'EMB_P', 'EMB_P', 'EMB_P', 'EMB_P', 'EMB_P', 'EMB_P', 'EMB_P', 'EMB_P', 'EMB_P', 'EMB_P', 'EMB_P', 'EMB_P', 'EMB_P', 'EMB_P', 'EMB_P', 'EMB_P', 'EMB_P', 'EMB_P', 'EMB_P', 'EMB_P', 'EMB_P', 'EMB_P', 'EMB_P', 'EMB_P', 'EMB_P', 'EMB_P', 'EMB_P', 'EMB_P', 'EMB_P', 'EMB_P', 'EMB_P', 'EMB_P', 'EMB_P', 'EMB_P', 'EMB_P', 'EMB_P', 'EMB_P', 'EMB_P', 'EMB_P', 'EMB_P', 'EMB_P', 'EMB_P', 'EMB_P', 'EMB_P', 'EMB_P', 'EMB_P', 'EMB_P', 'EMB_P', 'EMB_P', 'EMB_P', 'EMB_P', 'EMB_P', 'EMB_P', 'EMB_P', 'EMB_P', 'EMB_P', 'EMB_P', 'EMB_P', 'EMB_P', 'EMB_P', 'EMB_P', 'EMB_P', 'EMB_P', 'EMB_P', 'EMB_P', 'EMB_P', 'EMB_P', 'EMB_P', 'EMB_P']","['EMB_O', 'EMB_O', 'EMB_O', 'EMB_O', 'EMB_O', 'EMB_O', 'EMB_O', 'EMB_O', 'EMB_O', 'EMB_O', 'EMB_O', 'EMB_O', 'EMB_O', 'EMB_O', 'EMB_O', 'EMB_O', 'OPN_B', 'OPN_I', 'OPN_I', 'OPN_I', 'OPN_I', 'OPN_E', 'EMB_O', 'EMB_O', 'EMB_P', 'EMB_P', 'EMB_P', 'EMB_P', 'EMB_P', 'EMB_P', 'EMB_P', 'EMB_P', 'EMB_P', 'EMB_P', 'EMB_P', 'EMB_P', 'EMB_P', 'EMB_P', 'EMB_P', 'EMB_P', 'EMB_P', 'EMB_P', 'EMB_P', 'EMB_P', 'EMB_P', 'EMB_P', 'EMB_P', 'EMB_P', 'EMB_P', 'EMB_P', 'EMB_P', 'EMB_P', 'EMB_P', 'EMB_P', 'EMB_P', 'EMB_P', 'EMB_P', 'EMB_P', 'EMB_P', 'EMB_P', 'EMB_P', 'EMB_P', 'EMB_P', 'EMB_P', 'EMB_P', 'EMB_P', 'EMB_P', 'EMB_P', 'EMB_P', 'EMB_P', 'EMB_P', 'EMB_P', 'EMB_P', 'EMB_P', 'EMB_P', 'EMB_P', 'EMB_P', 'EMB_P', 'EMB_P', 'EMB_P', 'EMB_P', 'EMB_P', 'EMB_P', 'EMB_P', 'EMB_P', 'EMB_P', 'EMB_P', 'EMB_P', 'EMB_P', 'EMB_P', 'EMB_P', 'EMB_P', 'EMB_P', 'EMB_P', 'EMB_P', 'EMB_P', 'EMB_P', 'EMB_P', 'EMB_P', 'EMB_P', 'EMB_P', 'EMB_P', 'EMB_P', 'EMB_P', 'EMB_P', 'EMB_P', 'EMB_P', 'EMB_P', 'EMB_P', 'EMB_P', 'EMB_P', 'EMB_P', 'EMB_P', 'EMB_P', 'EMB_P', 'EMB_P', 'EMB_P', 'EMB_P', 'EMB_P', 'EMB_P', 'EMB_P', 'EMB_P', 'EMB_P', 'EMB_P', 'EMB_P', 'EMB_P', 'EMB_P', 'EMB_P']"
125,оформлення стін,дуже поєднується,27169:15_1082,"Колір, світло, оформлення стін — все дуже поєднується.",7.75,7.25,"['EMB_O', 'EMB_O', 'EMB_O', 'EMB_O', 'EMB_O', 'EMB_O', 'EMB_O', 'EMB_O', 'ASP_B', 'ASP_I', 'ASP_I', 'ASP_I', 'ASP_I', 'ASP_E', 'EMB_O', 'EMB_O', 'EMB_O', 'EMB_O', 'EMB_O', 'EMB_O', 'EMB_O', 'EMB_O', 'EMB_O', 'EMB_O', 'EMB_P', 'EMB_P', 'EMB_P', 'EMB_P', 'EMB_P', 'EMB_P', 'EMB_P', 'EMB_P', 'EMB_P', 'EMB_P', 'EMB_P', 'EMB_P', 'EMB_P', 'EMB_P', 'EMB_P', 'EMB_P', 'EMB_P', 'EMB_P', 'EMB_P', 'EMB_P', 'EMB_P', 'EMB_P', 'EMB_P', 'EMB_P', 'EMB_P', 'EMB_P', 'EMB_P', 'EMB_P', 'EMB_P', 'EMB_P', 'EMB_P', 'EMB_P', 'EMB_P', 'EMB_P', 'EMB_P', 'EMB_P', 'EMB_P', 'EMB_P', 'EMB_P', 'EMB_P', 'EMB_P', 'EMB_P', 'EMB_P', 'EMB_P', 'EMB_P', 'EMB_P', 'EMB_P', 'EMB_P', 'EMB_P', 'EMB_P', 'EMB_P', 'EMB_P', 'EMB_P', 'EMB_P', 'EMB_P', 'EMB_P', 'EMB_P', 'EMB_P', 'EMB_P', 'EMB_P', 'EMB_P', 'EMB_P', 'EMB_P', 'EMB_P', 'EMB_P', 'EMB_P', 'EMB_P', 'EMB_P', 'EMB_P', 'EMB_P', 'EMB_P', 'EMB_P', 'EMB_P', 'EMB_P', 'EMB_P', 'EMB_P', 'EMB_P', 'EMB_P', 'EMB_P', 'EMB_P', 'EMB_P', 'EMB_P', 'EMB_P', 'EMB_P', 'EMB_P', 'EMB_P', 'EMB_P', 'EMB_P', 'EMB_P', 'EMB_P', 'EMB_P', 'EMB_P', 'EMB_P', 'EMB_P', 'EMB_P', 'EMB_P', 'EMB_P', 'EMB_P', 'EMB_P', 'EMB_P', 'EMB_P', 'EMB_P', 'EMB_P', 'EMB_P']","['EMB_O', 'EMB_O', 'EMB_O', 'EMB_O', 'EMB_O', 'EMB_O', 'EMB_O', 'EMB_O', 'EMB_O', 'EMB_O', 'EMB_O', 'EMB_O', 'EMB_O', 'EMB_O', 'EMB_O', 'EMB_O', 'OPN_B', 'OPN_I', 'OPN_I', 'OPN_I', 'OPN_I', 'OPN_E', 'EMB_O', 'EMB_O', 'EMB_P', 'EMB_P', 'EMB_P', 'EMB_P', 'EMB_P', 'EMB_P', 'EMB_P', 'EMB_P', 'EMB_P', 'EMB_P', 'EMB_P', 'EMB_P', 'EMB_P', 'EMB_P', 'EMB_P', 'EMB_P', 'EMB_P', 'EMB_P', 'EMB_P', 'EMB_P', 'EMB_P', 'EMB_P', 'EMB_P', 'EMB_P', 'EMB_P', 'EMB_P', 'EMB_P', 'EMB_P', 'EMB_P', 'EMB_P', 'EMB_P', 'EMB_P', 'EMB_P', 'EMB_P', 'EMB_P', 'EMB_P', 'EMB_P', 'EMB_P', 'EMB_P', 'EMB_P', 'EMB_P', 'EMB_P', 'EMB_P', 'EMB_P', 'EMB_P', 'EMB_P', 'EMB_P', 'EMB_P', 'EMB_P', 'EMB_P', 'EMB_P', 'EMB_P', 'EMB_P', 'EMB_P', 'EMB_P', 'EMB_P', 'EMB_P', 'EMB_P', 'EMB_P', 'EMB_P', 'EMB_P', 'EMB_P', 'EMB_P', 'EMB_P', 'EMB_P', 'EMB_P', 'EMB_P', 'EMB_P', 'EMB_P', 'EMB_P', 'EMB_P', 'EMB_P', 'EMB_P', 'EMB_P', 'EMB_P', 'EMB_P', 'EMB_P', 'EMB_P', 'EMB_P', 'EMB_P', 'EMB_P', 'EMB_P', 'EMB_P', 'EMB_P', 'EMB_P', 'EMB_P', 'EMB_P', 'EMB_P', 'EMB_P', 'EMB_P', 'EMB_P', 'EMB_P', 'EMB_P', 'EMB_P', 'EMB_P', 'EMB_P', 'EMB_P', 'EMB_P', 'EMB_P', 'EMB_P', 'EMB_P', 'EMB_P', 'EMB_P', 'EMB_P']"
126,ресторанчик,затишний,27375:0_1083,Перший раз відвідали з друзями цей затишний ресторанчик місяці два тому.,7.0,6.4,"['EMB_O', 'EMB_O', 'EMB_O', 'EMB_O', 'EMB_O', 'EMB_O', 'EMB_O', 'EMB_O', 'EMB_O', 'EMB_O', 'EMB_O', 'EMB_O', 'EMB_O', 'EMB_O', 'ASP_B', 'ASP_I', 'ASP_I', 'ASP_E', 'EMB_O', 'EMB_O', 'EMB_O', 'EMB_O', 'EMB_O', 'EMB_O', 'EMB_O', 'EMB_P', 'EMB_P', 'EMB_P', 'EMB_P', 'EMB_P', 'EMB_P', 'EMB_P', 'EMB_P', 'EMB_P', 'EMB_P', 'EMB_P', 'EMB_P', 'EMB_P', 'EMB_P', 'EMB_P', 'EMB_P', 'EMB_P', 'EMB_P', 'EMB_P', 'EMB_P', 'EMB_P', 'EMB_P', 'EMB_P', 'EMB_P', 'EMB_P', 'EMB_P', 'EMB_P', 'EMB_P', 'EMB_P', 'EMB_P', 'EMB_P', 'EMB_P', 'EMB_P', 'EMB_P', 'EMB_P', 'EMB_P', 'EMB_P', 'EMB_P', 'EMB_P', 'EMB_P', 'EMB_P', 'EMB_P', 'EMB_P', 'EMB_P', 'EMB_P', 'EMB_P', 'EMB_P', 'EMB_P', 'EMB_P', 'EMB_P', 'EMB_P', 'EMB_P', 'EMB_P', 'EMB_P', 'EMB_P', 'EMB_P', 'EMB_P', 'EMB_P', 'EMB_P', 'EMB_P', 'EMB_P', 'EMB_P', 'EMB_P', 'EMB_P', 'EMB_P', 'EMB_P', 'EMB_P', 'EMB_P', 'EMB_P', 'EMB_P', 'EMB_P', 'EMB_P', 'EMB_P', 'EMB_P', 'EMB_P', 'EMB_P', 'EMB_P', 'EMB_P', 'EMB_P', 'EMB_P', 'EMB_P', 'EMB_P', 'EMB_P', 'EMB_P', 'EMB_P', 'EMB_P', 'EMB_P', 'EMB_P', 'EMB_P', 'EMB_P', 'EMB_P', 'EMB_P', 'EMB_P', 'EMB_P', 'EMB_P', 'EMB_P', 'EMB_P', 'EMB_P', 'EMB_P', 'EMB_P', 'EMB_P', 'EMB_P', 'EMB_P']","['EMB_O', 'EMB_O', 'EMB_O', 'EMB_O', 'EMB_O', 'EMB_O', 'EMB_O', 'EMB_O', 'EMB_O', 'EMB_O', 'EMB_O', 'OPN_B', 'OPN_I', 'OPN_E', 'EMB_O', 'EMB_O', 'EMB_O', 'EMB_O', 'EMB_O', 'EMB_O', 'EMB_O', 'EMB_O', 'EMB_O', 'EMB_O', 'EMB_O', 'EMB_P', 'EMB_P', 'EMB_P', 'EMB_P', 'EMB_P', 'EMB_P', 'EMB_P', 'EMB_P', 'EMB_P', 'EMB_P', 'EMB_P', 'EMB_P', 'EMB_P', 'EMB_P', 'EMB_P', 'EMB_P', 'EMB_P', 'EMB_P', 'EMB_P', 'EMB_P', 'EMB_P', 'EMB_P', 'EMB_P', 'EMB_P', 'EMB_P', 'EMB_P', 'EMB_P', 'EMB_P', 'EMB_P', 'EMB_P', 'EMB_P', 'EMB_P', 'EMB_P', 'EMB_P', 'EMB_P', 'EMB_P', 'EMB_P', 'EMB_P', 'EMB_P', 'EMB_P', 'EMB_P', 'EMB_P', 'EMB_P', 'EMB_P', 'EMB_P', 'EMB_P', 'EMB_P', 'EMB_P', 'EMB_P', 'EMB_P', 'EMB_P', 'EMB_P', 'EMB_P', 'EMB_P', 'EMB_P', 'EMB_P', 'EMB_P', 'EMB_P', 'EMB_P', 'EMB_P', 'EMB_P', 'EMB_P', 'EMB_P', 'EMB_P', 'EMB_P', 'EMB_P', 'EMB_P', 'EMB_P', 'EMB_P', 'EMB_P', 'EMB_P', 'EMB_P', 'EMB_P', 'EMB_P', 'EMB_P', 'EMB_P', 'EMB_P', 'EMB_P', 'EMB_P', 'EMB_P', 'EMB_P', 'EMB_P', 'EMB_P', 'EMB_P', 'EMB_P', 'EMB_P', 'EMB_P', 'EMB_P', 'EMB_P', 'EMB_P', 'EMB_P', 'EMB_P', 'EMB_P', 'EMB_P', 'EMB_P', 'EMB_P', 'EMB_P', 'EMB_P', 'EMB_P', 'EMB_P', 'EMB_P', 'EMB_P', 'EMB_P']"
127,пиво,Смачне,27375:2_1084,"Смачне пиво (особливо ячмінне:) і суджук до нього у вигляді закуски:), атмосфера, привітний персонал!",7.33,7.0,"['EMB_O', 'EMB_O', 'EMB_O', 'EMB_O', 'ASP_B', 'ASP_E', 'EMB_O', 'EMB_O', 'EMB_O', 'EMB_O', 'EMB_O', 'EMB_O', 'EMB_O', 'EMB_O', 'EMB_O', 'EMB_O', 'EMB_O', 'EMB_O', 'EMB_O', 'EMB_O', 'EMB_O', 'EMB_O', 'EMB_O', 'EMB_O', 'EMB_O', 'EMB_O', 'EMB_O', 'EMB_O', 'EMB_O', 'EMB_O', 'EMB_O', 'EMB_O', 'EMB_O', 'EMB_O', 'EMB_O', 'EMB_O', 'EMB_O', 'EMB_O', 'EMB_O', 'EMB_O', 'EMB_P', 'EMB_P', 'EMB_P', 'EMB_P', 'EMB_P', 'EMB_P', 'EMB_P', 'EMB_P', 'EMB_P', 'EMB_P', 'EMB_P', 'EMB_P', 'EMB_P', 'EMB_P', 'EMB_P', 'EMB_P', 'EMB_P', 'EMB_P', 'EMB_P', 'EMB_P', 'EMB_P', 'EMB_P', 'EMB_P', 'EMB_P', 'EMB_P', 'EMB_P', 'EMB_P', 'EMB_P', 'EMB_P', 'EMB_P', 'EMB_P', 'EMB_P', 'EMB_P', 'EMB_P', 'EMB_P', 'EMB_P', 'EMB_P', 'EMB_P', 'EMB_P', 'EMB_P', 'EMB_P', 'EMB_P', 'EMB_P', 'EMB_P', 'EMB_P', 'EMB_P', 'EMB_P', 'EMB_P', 'EMB_P', 'EMB_P', 'EMB_P', 'EMB_P', 'EMB_P', 'EMB_P', 'EMB_P', 'EMB_P', 'EMB_P', 'EMB_P', 'EMB_P', 'EMB_P', 'EMB_P', 'EMB_P', 'EMB_P', 'EMB_P', 'EMB_P', 'EMB_P', 'EMB_P', 'EMB_P', 'EMB_P', 'EMB_P', 'EMB_P', 'EMB_P', 'EMB_P', 'EMB_P', 'EMB_P', 'EMB_P', 'EMB_P', 'EMB_P', 'EMB_P', 'EMB_P', 'EMB_P', 'EMB_P', 'EMB_P', 'EMB_P', 'EMB_P', 'EMB_P', 'EMB_P', 'EMB_P']","['EMB_O', 'OPN_B', 'OPN_I', 'OPN_E', 'EMB_O', 'EMB_O', 'EMB_O', 'EMB_O', 'EMB_O', 'EMB_O', 'EMB_O', 'EMB_O', 'EMB_O', 'EMB_O', 'EMB_O', 'EMB_O', 'EMB_O', 'EMB_O', 'EMB_O', 'EMB_O', 'EMB_O', 'EMB_O', 'EMB_O', 'EMB_O', 'EMB_O', 'EMB_O', 'EMB_O', 'EMB_O', 'EMB_O', 'EMB_O', 'EMB_O', 'EMB_O', 'EMB_O', 'EMB_O', 'EMB_O', 'EMB_O', 'EMB_O', 'EMB_O', 'EMB_O', 'EMB_O', 'EMB_P', 'EMB_P', 'EMB_P', 'EMB_P', 'EMB_P', 'EMB_P', 'EMB_P', 'EMB_P', 'EMB_P', 'EMB_P', 'EMB_P', 'EMB_P', 'EMB_P', 'EMB_P', 'EMB_P', 'EMB_P', 'EMB_P', 'EMB_P', 'EMB_P', 'EMB_P', 'EMB_P', 'EMB_P', 'EMB_P', 'EMB_P', 'EMB_P', 'EMB_P', 'EMB_P', 'EMB_P', 'EMB_P', 'EMB_P', 'EMB_P', 'EMB_P', 'EMB_P', 'EMB_P', 'EMB_P', 'EMB_P', 'EMB_P', 'EMB_P', 'EMB_P', 'EMB_P', 'EMB_P', 'EMB_P', 'EMB_P', 'EMB_P', 'EMB_P', 'EMB_P', 'EMB_P', 'EMB_P', 'EMB_P', 'EMB_P', 'EMB_P', 'EMB_P', 'EMB_P', 'EMB_P', 'EMB_P', 'EMB_P', 'EMB_P', 'EMB_P', 'EMB_P', 'EMB_P', 'EMB_P', 'EMB_P', 'EMB_P', 'EMB_P', 'EMB_P', 'EMB_P', 'EMB_P', 'EMB_P', 'EMB_P', 'EMB_P', 'EMB_P', 'EMB_P', 'EMB_P', 'EMB_P', 'EMB_P', 'EMB_P', 'EMB_P', 'EMB_P', 'EMB_P', 'EMB_P', 'EMB_P', 'EMB_P', 'EMB_P', 'EMB_P', 'EMB_P', 'EMB_P', 'EMB_P', 'EMB_P']"
128,персонал,привітний,27375:2_1084,"Смачне пиво (особливо ячмінне:) і суджук до нього у вигляді закуски:), атмосфера, привітний персонал!",6.8,6.3,"['EMB_O', 'EMB_O', 'EMB_O', 'EMB_O', 'EMB_O', 'EMB_O', 'EMB_O', 'EMB_O', 'EMB_O', 'EMB_O', 'EMB_O', 'EMB_O', 'EMB_O', 'EMB_O', 'EMB_O', 'EMB_O', 'EMB_O', 'EMB_O', 'EMB_O', 'EMB_O', 'EMB_O', 'EMB_O', 'EMB_O', 'EMB_O', 'EMB_O', 'EMB_O', 'EMB_O', 'EMB_O', 'EMB_O', 'EMB_O', 'EMB_O', 'EMB_O', 'EMB_O', 'EMB_O', 'EMB_O', 'ASP_B', 'ASP_I', 'ASP_E', 'EMB_O', 'EMB_O', 'EMB_P', 'EMB_P', 'EMB_P', 'EMB_P', 'EMB_P', 'EMB_P', 'EMB_P', 'EMB_P', 'EMB_P', 'EMB_P', 'EMB_P', 'EMB_P', 'EMB_P', 'EMB_P', 'EMB_P', 'EMB_P', 'EMB_P', 'EMB_P', 'EMB_P', 'EMB_P', 'EMB_P', 'EMB_P', 'EMB_P', 'EMB_P', 'EMB_P', 'EMB_P', 'EMB_P', 'EMB_P', 'EMB_P', 'EMB_P', 'EMB_P', 'EMB_P', 'EMB_P', 'EMB_P', 'EMB_P', 'EMB_P', 'EMB_P', 'EMB_P', 'EMB_P', 'EMB_P', 'EMB_P', 'EMB_P', 'EMB_P', 'EMB_P', 'EMB_P', 'EMB_P', 'EMB_P', 'EMB_P', 'EMB_P', 'EMB_P', 'EMB_P', 'EMB_P', 'EMB_P', 'EMB_P', 'EMB_P', 'EMB_P', 'EMB_P', 'EMB_P', 'EMB_P', 'EMB_P', 'EMB_P', 'EMB_P', 'EMB_P', 'EMB_P', 'EMB_P', 'EMB_P', 'EMB_P', 'EMB_P', 'EMB_P', 'EMB_P', 'EMB_P', 'EMB_P', 'EMB_P', 'EMB_P', 'EMB_P', 'EMB_P', 'EMB_P', 'EMB_P', 'EMB_P', 'EMB_P', 'EMB_P', 'EMB_P', 'EMB_P', 'EMB_P', 'EMB_P', 'EMB_P', 'EMB_P', 'EMB_P']","['EMB_O', 'EMB_O', 'EMB_O', 'EMB_O', 'EMB_O', 'EMB_O', 'EMB_O', 'EMB_O', 'EMB_O', 'EMB_O', 'EMB_O', 'EMB_O', 'EMB_O', 'EMB_O', 'EMB_O', 'EMB_O', 'EMB_O', 'EMB_O', 'EMB_O', 'EMB_O', 'EMB_O', 'EMB_O', 'EMB_O', 'EMB_O', 'EMB_O', 'EMB_O', 'EMB_O', 'EMB_O', 'EMB_O', 'EMB_O', 'EMB_O', 'EMB_O', 'OPN_B', 'OPN_I', 'OPN_E', 'EMB_O', 'EMB_O', 'EMB_O', 'EMB_O', 'EMB_O', 'EMB_P', 'EMB_P', 'EMB_P', 'EMB_P', 'EMB_P', 'EMB_P', 'EMB_P', 'EMB_P', 'EMB_P', 'EMB_P', 'EMB_P', 'EMB_P', 'EMB_P', 'EMB_P', 'EMB_P', 'EMB_P', 'EMB_P', 'EMB_P', 'EMB_P', 'EMB_P', 'EMB_P', 'EMB_P', 'EMB_P', 'EMB_P', 'EMB_P', 'EMB_P', 'EMB_P', 'EMB_P', 'EMB_P', 'EMB_P', 'EMB_P', 'EMB_P', 'EMB_P', 'EMB_P', 'EMB_P', 'EMB_P', 'EMB_P', 'EMB_P', 'EMB_P', 'EMB_P', 'EMB_P', 'EMB_P', 'EMB_P', 'EMB_P', 'EMB_P', 'EMB_P', 'EMB_P', 'EMB_P', 'EMB_P', 'EMB_P', 'EMB_P', 'EMB_P', 'EMB_P', 'EMB_P', 'EMB_P', 'EMB_P', 'EMB_P', 'EMB_P', 'EMB_P', 'EMB_P', 'EMB_P', 'EMB_P', 'EMB_P', 'EMB_P', 'EMB_P', 'EMB_P', 'EMB_P', 'EMB_P', 'EMB_P', 'EMB_P', 'EMB_P', 'EMB_P', 'EMB_P', 'EMB_P', 'EMB_P', 'EMB_P', 'EMB_P', 'EMB_P', 'EMB_P', 'EMB_P', 'EMB_P', 'EMB_P', 'EMB_P', 'EMB_P', 'EMB_P', 'EMB_P', 'EMB_P', 'EMB_P']"
129,дівчина,високий професіонал,27375:3_1085,"Мініатюрна дівчина (по-моєму, адміністратор ресторану)високий професіонал своєї справи: ненав'язливе обслуговування, доброзичливий підхід до відвідувачів, уважне ставлення до клієнтів.",8.12,7.62,"['EMB_O', 'EMB_O', 'EMB_O', 'EMB_O', 'EMB_O', 'EMB_O', 'ASP_B', 'ASP_I', 'ASP_E', 'EMB_O', 'EMB_O', 'EMB_O', 'EMB_O', 'EMB_O', 'EMB_O', 'EMB_O', 'EMB_O', 'EMB_O', 'EMB_O', 'EMB_O', 'EMB_O', 'EMB_O', 'EMB_O', 'EMB_O', 'EMB_O', 'EMB_O', 'EMB_O', 'EMB_O', 'EMB_O', 'EMB_O', 'EMB_O', 'EMB_O', 'EMB_O', 'EMB_O', 'EMB_O', 'EMB_O', 'EMB_O', 'EMB_O', 'EMB_O', 'EMB_O', 'EMB_O', 'EMB_O', 'EMB_O', 'EMB_O', 'EMB_O', 'EMB_O', 'EMB_O', 'EMB_O', 'EMB_O', 'EMB_O', 'EMB_O', 'EMB_O', 'EMB_O', 'EMB_O', 'EMB_O', 'EMB_O', 'EMB_O', 'EMB_O', 'EMB_O', 'EMB_O', 'EMB_O', 'EMB_O', 'EMB_O', 'EMB_O', 'EMB_O', 'EMB_O', 'EMB_O', 'EMB_O', 'EMB_O', 'EMB_O', 'EMB_P', 'EMB_P', 'EMB_P', 'EMB_P', 'EMB_P', 'EMB_P', 'EMB_P', 'EMB_P', 'EMB_P', 'EMB_P', 'EMB_P', 'EMB_P', 'EMB_P', 'EMB_P', 'EMB_P', 'EMB_P', 'EMB_P', 'EMB_P', 'EMB_P', 'EMB_P', 'EMB_P', 'EMB_P', 'EMB_P', 'EMB_P', 'EMB_P', 'EMB_P', 'EMB_P', 'EMB_P', 'EMB_P', 'EMB_P', 'EMB_P', 'EMB_P', 'EMB_P', 'EMB_P', 'EMB_P', 'EMB_P', 'EMB_P', 'EMB_P', 'EMB_P', 'EMB_P', 'EMB_P', 'EMB_P', 'EMB_P', 'EMB_P', 'EMB_P', 'EMB_P', 'EMB_P', 'EMB_P', 'EMB_P', 'EMB_P', 'EMB_P', 'EMB_P', 'EMB_P', 'EMB_P', 'EMB_P', 'EMB_P', 'EMB_P', 'EMB_P']","['EMB_O', 'EMB_O', 'EMB_O', 'EMB_O', 'EMB_O', 'EMB_O', 'EMB_O', 'EMB_O', 'EMB_O', 'EMB_O', 'EMB_O', 'EMB_O', 'EMB_O', 'EMB_O', 'EMB_O', 'EMB_O', 'EMB_O', 'EMB_O', 'EMB_O', 'EMB_O', 'EMB_O', 'EMB_O', 'EMB_O', 'EMB_O', 'EMB_O', 'EMB_O', 'OPN_B', 'OPN_I', 'OPN_I', 'OPN_I', 'OPN_I', 'OPN_E', 'EMB_O', 'EMB_O', 'EMB_O', 'EMB_O', 'EMB_O', 'EMB_O', 'EMB_O', 'EMB_O', 'EMB_O', 'EMB_O', 'EMB_O', 'EMB_O', 'EMB_O', 'EMB_O', 'EMB_O', 'EMB_O', 'EMB_O', 'EMB_O', 'EMB_O', 'EMB_O', 'EMB_O', 'EMB_O', 'EMB_O', 'EMB_O', 'EMB_O', 'EMB_O', 'EMB_O', 'EMB_O', 'EMB_O', 'EMB_O', 'EMB_O', 'EMB_O', 'EMB_O', 'EMB_O', 'EMB_O', 'EMB_O', 'EMB_O', 'EMB_O', 'EMB_P', 'EMB_P', 'EMB_P', 'EMB_P', 'EMB_P', 'EMB_P', 'EMB_P', 'EMB_P', 'EMB_P', 'EMB_P', 'EMB_P', 'EMB_P', 'EMB_P', 'EMB_P', 'EMB_P', 'EMB_P', 'EMB_P', 'EMB_P', 'EMB_P', 'EMB_P', 'EMB_P', 'EMB_P', 'EMB_P', 'EMB_P', 'EMB_P', 'EMB_P', 'EMB_P', 'EMB_P', 'EMB_P', 'EMB_P', 'EMB_P', 'EMB_P', 'EMB_P', 'EMB_P', 'EMB_P', 'EMB_P', 'EMB_P', 'EMB_P', 'EMB_P', 'EMB_P', 'EMB_P', 'EMB_P', 'EMB_P', 'EMB_P', 'EMB_P', 'EMB_P', 'EMB_P', 'EMB_P', 'EMB_P', 'EMB_P', 'EMB_P', 'EMB_P', 'EMB_P', 'EMB_P', 'EMB_P', 'EMB_P', 'EMB_P', 'EMB_P']"
130,адміністратор ресторану,високий професіонал,27375:3_1085,"Мініатюрна дівчина (по-моєму, адміністратор ресторану)високий професіонал своєї справи: ненав'язливе обслуговування, доброзичливий підхід до відвідувачів, уважне ставлення до клієнтів.",8.12,7.62,"['EMB_O', 'EMB_O', 'EMB_O', 'EMB_O', 'EMB_O', 'EMB_O', 'EMB_O', 'EMB_O', 'EMB_O', 'EMB_O', 'EMB_O', 'EMB_O', 'EMB_O', 'EMB_O', 'EMB_O', 'EMB_O', 'EMB_O', 'ASP_B', 'ASP_I', 'ASP_I', 'ASP_I', 'ASP_I', 'ASP_I', 'ASP_I', 'ASP_E', 'EMB_O', 'EMB_O', 'EMB_O', 'EMB_O', 'EMB_O', 'EMB_O', 'EMB_O', 'EMB_O', 'EMB_O', 'EMB_O', 'EMB_O', 'EMB_O', 'EMB_O', 'EMB_O', 'EMB_O', 'EMB_O', 'EMB_O', 'EMB_O', 'EMB_O', 'EMB_O', 'EMB_O', 'EMB_O', 'EMB_O', 'EMB_O', 'EMB_O', 'EMB_O', 'EMB_O', 'EMB_O', 'EMB_O', 'EMB_O', 'EMB_O', 'EMB_O', 'EMB_O', 'EMB_O', 'EMB_O', 'EMB_O', 'EMB_O', 'EMB_O', 'EMB_O', 'EMB_O', 'EMB_O', 'EMB_O', 'EMB_O', 'EMB_O', 'EMB_O', 'EMB_P', 'EMB_P', 'EMB_P', 'EMB_P', 'EMB_P', 'EMB_P', 'EMB_P', 'EMB_P', 'EMB_P', 'EMB_P', 'EMB_P', 'EMB_P', 'EMB_P', 'EMB_P', 'EMB_P', 'EMB_P', 'EMB_P', 'EMB_P', 'EMB_P', 'EMB_P', 'EMB_P', 'EMB_P', 'EMB_P', 'EMB_P', 'EMB_P', 'EMB_P', 'EMB_P', 'EMB_P', 'EMB_P', 'EMB_P', 'EMB_P', 'EMB_P', 'EMB_P', 'EMB_P', 'EMB_P', 'EMB_P', 'EMB_P', 'EMB_P', 'EMB_P', 'EMB_P', 'EMB_P', 'EMB_P', 'EMB_P', 'EMB_P', 'EMB_P', 'EMB_P', 'EMB_P', 'EMB_P', 'EMB_P', 'EMB_P', 'EMB_P', 'EMB_P', 'EMB_P', 'EMB_P', 'EMB_P', 'EMB_P', 'EMB_P', 'EMB_P']","['EMB_O', 'EMB_O', 'EMB_O', 'EMB_O', 'EMB_O', 'EMB_O', 'EMB_O', 'EMB_O', 'EMB_O', 'EMB_O', 'EMB_O', 'EMB_O', 'EMB_O', 'EMB_O', 'EMB_O', 'EMB_O', 'EMB_O', 'EMB_O', 'EMB_O', 'EMB_O', 'EMB_O', 'EMB_O', 'EMB_O', 'EMB_O', 'EMB_O', 'EMB_O', 'OPN_B', 'OPN_I', 'OPN_I', 'OPN_I', 'OPN_I', 'OPN_E', 'EMB_O', 'EMB_O', 'EMB_O', 'EMB_O', 'EMB_O', 'EMB_O', 'EMB_O', 'EMB_O', 'EMB_O', 'EMB_O', 'EMB_O', 'EMB_O', 'EMB_O', 'EMB_O', 'EMB_O', 'EMB_O', 'EMB_O', 'EMB_O', 'EMB_O', 'EMB_O', 'EMB_O', 'EMB_O', 'EMB_O', 'EMB_O', 'EMB_O', 'EMB_O', 'EMB_O', 'EMB_O', 'EMB_O', 'EMB_O', 'EMB_O', 'EMB_O', 'EMB_O', 'EMB_O', 'EMB_O', 'EMB_O', 'EMB_O', 'EMB_O', 'EMB_P', 'EMB_P', 'EMB_P', 'EMB_P', 'EMB_P', 'EMB_P', 'EMB_P', 'EMB_P', 'EMB_P', 'EMB_P', 'EMB_P', 'EMB_P', 'EMB_P', 'EMB_P', 'EMB_P', 'EMB_P', 'EMB_P', 'EMB_P', 'EMB_P', 'EMB_P', 'EMB_P', 'EMB_P', 'EMB_P', 'EMB_P', 'EMB_P', 'EMB_P', 'EMB_P', 'EMB_P', 'EMB_P', 'EMB_P', 'EMB_P', 'EMB_P', 'EMB_P', 'EMB_P', 'EMB_P', 'EMB_P', 'EMB_P', 'EMB_P', 'EMB_P', 'EMB_P', 'EMB_P', 'EMB_P', 'EMB_P', 'EMB_P', 'EMB_P', 'EMB_P', 'EMB_P', 'EMB_P', 'EMB_P', 'EMB_P', 'EMB_P', 'EMB_P', 'EMB_P', 'EMB_P', 'EMB_P', 'EMB_P', 'EMB_P', 'EMB_P']"
131,обслуговування,ненав'язливе,27375:3_1085,"Мініатюрна дівчина (по-моєму, адміністратор ресторану)високий професіонал своєї справи: ненав'язливе обслуговування, доброзичливий підхід до відвідувачів, уважне ставлення до клієнтів.",6.7,6.0,"['EMB_O', 'EMB_O', 'EMB_O', 'EMB_O', 'EMB_O', 'EMB_O', 'EMB_O', 'EMB_O', 'EMB_O', 'EMB_O', 'EMB_O', 'EMB_O', 'EMB_O', 'EMB_O', 'EMB_O', 'EMB_O', 'EMB_O', 'EMB_O', 'EMB_O', 'EMB_O', 'EMB_O', 'EMB_O', 'EMB_O', 'EMB_O', 'EMB_O', 'EMB_O', 'EMB_O', 'EMB_O', 'EMB_O', 'EMB_O', 'EMB_O', 'EMB_O', 'EMB_O', 'EMB_O', 'EMB_O', 'EMB_O', 'EMB_O', 'EMB_O', 'EMB_O', 'EMB_O', 'EMB_O', 'ASP_B', 'ASP_I', 'ASP_I', 'ASP_E', 'EMB_O', 'EMB_O', 'EMB_O', 'EMB_O', 'EMB_O', 'EMB_O', 'EMB_O', 'EMB_O', 'EMB_O', 'EMB_O', 'EMB_O', 'EMB_O', 'EMB_O', 'EMB_O', 'EMB_O', 'EMB_O', 'EMB_O', 'EMB_O', 'EMB_O', 'EMB_O', 'EMB_O', 'EMB_O', 'EMB_O', 'EMB_O', 'EMB_O', 'EMB_P', 'EMB_P', 'EMB_P', 'EMB_P', 'EMB_P', 'EMB_P', 'EMB_P', 'EMB_P', 'EMB_P', 'EMB_P', 'EMB_P', 'EMB_P', 'EMB_P', 'EMB_P', 'EMB_P', 'EMB_P', 'EMB_P', 'EMB_P', 'EMB_P', 'EMB_P', 'EMB_P', 'EMB_P', 'EMB_P', 'EMB_P', 'EMB_P', 'EMB_P', 'EMB_P', 'EMB_P', 'EMB_P', 'EMB_P', 'EMB_P', 'EMB_P', 'EMB_P', 'EMB_P', 'EMB_P', 'EMB_P', 'EMB_P', 'EMB_P', 'EMB_P', 'EMB_P', 'EMB_P', 'EMB_P', 'EMB_P', 'EMB_P', 'EMB_P', 'EMB_P', 'EMB_P', 'EMB_P', 'EMB_P', 'EMB_P', 'EMB_P', 'EMB_P', 'EMB_P', 'EMB_P', 'EMB_P', 'EMB_P', 'EMB_P', 'EMB_P']","['EMB_O', 'EMB_O', 'EMB_O', 'EMB_O', 'EMB_O', 'EMB_O', 'EMB_O', 'EMB_O', 'EMB_O', 'EMB_O', 'EMB_O', 'EMB_O', 'EMB_O', 'EMB_O', 'EMB_O', 'EMB_O', 'EMB_O', 'EMB_O', 'EMB_O', 'EMB_O', 'EMB_O', 'EMB_O', 'EMB_O', 'EMB_O', 'EMB_O', 'EMB_O', 'EMB_O', 'EMB_O', 'EMB_O', 'EMB_O', 'EMB_O', 'EMB_O', 'EMB_O', 'EMB_O', 'EMB_O', 'OPN_B', 'OPN_I', 'OPN_I', 'OPN_I', 'OPN_I', 'OPN_E', 'EMB_O', 'EMB_O', 'EMB_O', 'EMB_O', 'EMB_O', 'EMB_O', 'EMB_O', 'EMB_O', 'EMB_O', 'EMB_O', 'EMB_O', 'EMB_O', 'EMB_O', 'EMB_O', 'EMB_O', 'EMB_O', 'EMB_O', 'EMB_O', 'EMB_O', 'EMB_O', 'EMB_O', 'EMB_O', 'EMB_O', 'EMB_O', 'EMB_O', 'EMB_O', 'EMB_O', 'EMB_O', 'EMB_O', 'EMB_P', 'EMB_P', 'EMB_P', 'EMB_P', 'EMB_P', 'EMB_P', 'EMB_P', 'EMB_P', 'EMB_P', 'EMB_P', 'EMB_P', 'EMB_P', 'EMB_P', 'EMB_P', 'EMB_P', 'EMB_P', 'EMB_P', 'EMB_P', 'EMB_P', 'EMB_P', 'EMB_P', 'EMB_P', 'EMB_P', 'EMB_P', 'EMB_P', 'EMB_P', 'EMB_P', 'EMB_P', 'EMB_P', 'EMB_P', 'EMB_P', 'EMB_P', 'EMB_P', 'EMB_P', 'EMB_P', 'EMB_P', 'EMB_P', 'EMB_P', 'EMB_P', 'EMB_P', 'EMB_P', 'EMB_P', 'EMB_P', 'EMB_P', 'EMB_P', 'EMB_P', 'EMB_P', 'EMB_P', 'EMB_P', 'EMB_P', 'EMB_P', 'EMB_P', 'EMB_P', 'EMB_P', 'EMB_P', 'EMB_P', 'EMB_P', 'EMB_P']"
132,підхід до відвідувачів,доброзичливий,27375:3_1085,"Мініатюрна дівчина (по-моєму, адміністратор ресторану)високий професіонал своєї справи: ненав'язливе обслуговування, доброзичливий підхід до відвідувачів, уважне ставлення до клієнтів.",6.9,6.5,"['EMB_O', 'EMB_O', 'EMB_O', 'EMB_O', 'EMB_O', 'EMB_O', 'EMB_O', 'EMB_O', 'EMB_O', 'EMB_O', 'EMB_O', 'EMB_O', 'EMB_O', 'EMB_O', 'EMB_O', 'EMB_O', 'EMB_O', 'EMB_O', 'EMB_O', 'EMB_O', 'EMB_O', 'EMB_O', 'EMB_O', 'EMB_O', 'EMB_O', 'EMB_O', 'EMB_O', 'EMB_O', 'EMB_O', 'EMB_O', 'EMB_O', 'EMB_O', 'EMB_O', 'EMB_O', 'EMB_O', 'EMB_O', 'EMB_O', 'EMB_O', 'EMB_O', 'EMB_O', 'EMB_O', 'EMB_O', 'EMB_O', 'EMB_O', 'EMB_O', 'EMB_O', 'EMB_O', 'EMB_O', 'EMB_O', 'EMB_O', 'ASP_B', 'ASP_I', 'ASP_I', 'ASP_I', 'ASP_I', 'ASP_I', 'ASP_E', 'EMB_O', 'EMB_O', 'EMB_O', 'EMB_O', 'EMB_O', 'EMB_O', 'EMB_O', 'EMB_O', 'EMB_O', 'EMB_O', 'EMB_O', 'EMB_O', 'EMB_O', 'EMB_P', 'EMB_P', 'EMB_P', 'EMB_P', 'EMB_P', 'EMB_P', 'EMB_P', 'EMB_P', 'EMB_P', 'EMB_P', 'EMB_P', 'EMB_P', 'EMB_P', 'EMB_P', 'EMB_P', 'EMB_P', 'EMB_P', 'EMB_P', 'EMB_P', 'EMB_P', 'EMB_P', 'EMB_P', 'EMB_P', 'EMB_P', 'EMB_P', 'EMB_P', 'EMB_P', 'EMB_P', 'EMB_P', 'EMB_P', 'EMB_P', 'EMB_P', 'EMB_P', 'EMB_P', 'EMB_P', 'EMB_P', 'EMB_P', 'EMB_P', 'EMB_P', 'EMB_P', 'EMB_P', 'EMB_P', 'EMB_P', 'EMB_P', 'EMB_P', 'EMB_P', 'EMB_P', 'EMB_P', 'EMB_P', 'EMB_P', 'EMB_P', 'EMB_P', 'EMB_P', 'EMB_P', 'EMB_P', 'EMB_P', 'EMB_P', 'EMB_P']","['EMB_O', 'EMB_O', 'EMB_O', 'EMB_O', 'EMB_O', 'EMB_O', 'EMB_O', 'EMB_O', 'EMB_O', 'EMB_O', 'EMB_O', 'EMB_O', 'EMB_O', 'EMB_O', 'EMB_O', 'EMB_O', 'EMB_O', 'EMB_O', 'EMB_O', 'EMB_O', 'EMB_O', 'EMB_O', 'EMB_O', 'EMB_O', 'EMB_O', 'EMB_O', 'EMB_O', 'EMB_O', 'EMB_O', 'EMB_O', 'EMB_O', 'EMB_O', 'EMB_O', 'EMB_O', 'EMB_O', 'EMB_O', 'EMB_O', 'EMB_O', 'EMB_O', 'EMB_O', 'EMB_O', 'EMB_O', 'EMB_O', 'EMB_O', 'EMB_O', 'EMB_O', 'OPN_B', 'OPN_I', 'OPN_I', 'OPN_E', 'EMB_O', 'EMB_O', 'EMB_O', 'EMB_O', 'EMB_O', 'EMB_O', 'EMB_O', 'EMB_O', 'EMB_O', 'EMB_O', 'EMB_O', 'EMB_O', 'EMB_O', 'EMB_O', 'EMB_O', 'EMB_O', 'EMB_O', 'EMB_O', 'EMB_O', 'EMB_O', 'EMB_P', 'EMB_P', 'EMB_P', 'EMB_P', 'EMB_P', 'EMB_P', 'EMB_P', 'EMB_P', 'EMB_P', 'EMB_P', 'EMB_P', 'EMB_P', 'EMB_P', 'EMB_P', 'EMB_P', 'EMB_P', 'EMB_P', 'EMB_P', 'EMB_P', 'EMB_P', 'EMB_P', 'EMB_P', 'EMB_P', 'EMB_P', 'EMB_P', 'EMB_P', 'EMB_P', 'EMB_P', 'EMB_P', 'EMB_P', 'EMB_P', 'EMB_P', 'EMB_P', 'EMB_P', 'EMB_P', 'EMB_P', 'EMB_P', 'EMB_P', 'EMB_P', 'EMB_P', 'EMB_P', 'EMB_P', 'EMB_P', 'EMB_P', 'EMB_P', 'EMB_P', 'EMB_P', 'EMB_P', 'EMB_P', 'EMB_P', 'EMB_P', 'EMB_P', 'EMB_P', 'EMB_P', 'EMB_P', 'EMB_P', 'EMB_P', 'EMB_P']"
133,ставлення до клієнтів,уважне,27375:3_1085,"Мініатюрна дівчина (по-моєму, адміністратор ресторану)високий професіонал своєї справи: ненав'язливе обслуговування, доброзичливий підхід до відвідувачів, уважне ставлення до клієнтів.",7.1,6.5,"['EMB_O', 'EMB_O', 'EMB_O', 'EMB_O', 'EMB_O', 'EMB_O', 'EMB_O', 'EMB_O', 'EMB_O', 'EMB_O', 'EMB_O', 'EMB_O', 'EMB_O', 'EMB_O', 'EMB_O', 'EMB_O', 'EMB_O', 'EMB_O', 'EMB_O', 'EMB_O', 'EMB_O', 'EMB_O', 'EMB_O', 'EMB_O', 'EMB_O', 'EMB_O', 'EMB_O', 'EMB_O', 'EMB_O', 'EMB_O', 'EMB_O', 'EMB_O', 'EMB_O', 'EMB_O', 'EMB_O', 'EMB_O', 'EMB_O', 'EMB_O', 'EMB_O', 'EMB_O', 'EMB_O', 'EMB_O', 'EMB_O', 'EMB_O', 'EMB_O', 'EMB_O', 'EMB_O', 'EMB_O', 'EMB_O', 'EMB_O', 'EMB_O', 'EMB_O', 'EMB_O', 'EMB_O', 'EMB_O', 'EMB_O', 'EMB_O', 'EMB_O', 'EMB_O', 'EMB_O', 'EMB_O', 'ASP_B', 'ASP_I', 'ASP_I', 'ASP_I', 'ASP_I', 'ASP_I', 'ASP_E', 'EMB_O', 'EMB_O', 'EMB_P', 'EMB_P', 'EMB_P', 'EMB_P', 'EMB_P', 'EMB_P', 'EMB_P', 'EMB_P', 'EMB_P', 'EMB_P', 'EMB_P', 'EMB_P', 'EMB_P', 'EMB_P', 'EMB_P', 'EMB_P', 'EMB_P', 'EMB_P', 'EMB_P', 'EMB_P', 'EMB_P', 'EMB_P', 'EMB_P', 'EMB_P', 'EMB_P', 'EMB_P', 'EMB_P', 'EMB_P', 'EMB_P', 'EMB_P', 'EMB_P', 'EMB_P', 'EMB_P', 'EMB_P', 'EMB_P', 'EMB_P', 'EMB_P', 'EMB_P', 'EMB_P', 'EMB_P', 'EMB_P', 'EMB_P', 'EMB_P', 'EMB_P', 'EMB_P', 'EMB_P', 'EMB_P', 'EMB_P', 'EMB_P', 'EMB_P', 'EMB_P', 'EMB_P', 'EMB_P', 'EMB_P', 'EMB_P', 'EMB_P', 'EMB_P', 'EMB_P']","['EMB_O', 'EMB_O', 'EMB_O', 'EMB_O', 'EMB_O', 'EMB_O', 'EMB_O', 'EMB_O', 'EMB_O', 'EMB_O', 'EMB_O', 'EMB_O', 'EMB_O', 'EMB_O', 'EMB_O', 'EMB_O', 'EMB_O', 'EMB_O', 'EMB_O', 'EMB_O', 'EMB_O', 'EMB_O', 'EMB_O', 'EMB_O', 'EMB_O', 'EMB_O', 'EMB_O', 'EMB_O', 'EMB_O', 'EMB_O', 'EMB_O', 'EMB_O', 'EMB_O', 'EMB_O', 'EMB_O', 'EMB_O', 'EMB_O', 'EMB_O', 'EMB_O', 'EMB_O', 'EMB_O', 'EMB_O', 'EMB_O', 'EMB_O', 'EMB_O', 'EMB_O', 'EMB_O', 'EMB_O', 'EMB_O', 'EMB_O', 'EMB_O', 'EMB_O', 'EMB_O', 'EMB_O', 'EMB_O', 'EMB_O', 'EMB_O', 'EMB_O', 'OPN_B', 'OPN_I', 'OPN_E', 'EMB_O', 'EMB_O', 'EMB_O', 'EMB_O', 'EMB_O', 'EMB_O', 'EMB_O', 'EMB_O', 'EMB_O', 'EMB_P', 'EMB_P', 'EMB_P', 'EMB_P', 'EMB_P', 'EMB_P', 'EMB_P', 'EMB_P', 'EMB_P', 'EMB_P', 'EMB_P', 'EMB_P', 'EMB_P', 'EMB_P', 'EMB_P', 'EMB_P', 'EMB_P', 'EMB_P', 'EMB_P', 'EMB_P', 'EMB_P', 'EMB_P', 'EMB_P', 'EMB_P', 'EMB_P', 'EMB_P', 'EMB_P', 'EMB_P', 'EMB_P', 'EMB_P', 'EMB_P', 'EMB_P', 'EMB_P', 'EMB_P', 'EMB_P', 'EMB_P', 'EMB_P', 'EMB_P', 'EMB_P', 'EMB_P', 'EMB_P', 'EMB_P', 'EMB_P', 'EMB_P', 'EMB_P', 'EMB_P', 'EMB_P', 'EMB_P', 'EMB_P', 'EMB_P', 'EMB_P', 'EMB_P', 'EMB_P', 'EMB_P', 'EMB_P', 'EMB_P', 'EMB_P', 'EMB_P']"
134,атмосфера,Приємна,27539:1_1086,"Приємна атмосфера, жива музика (трохи голосно правда здалося).",7.12,6.88,"['EMB_O', 'EMB_O', 'EMB_O', 'EMB_O', 'ASP_B', 'ASP_I', 'ASP_E', 'EMB_O', 'EMB_O', 'EMB_O', 'EMB_O', 'EMB_O', 'EMB_O', 'EMB_O', 'EMB_O', 'EMB_O', 'EMB_O', 'EMB_O', 'EMB_O', 'EMB_O', 'EMB_O', 'EMB_O', 'EMB_O', 'EMB_P', 'EMB_P', 'EMB_P', 'EMB_P', 'EMB_P', 'EMB_P', 'EMB_P', 'EMB_P', 'EMB_P', 'EMB_P', 'EMB_P', 'EMB_P', 'EMB_P', 'EMB_P', 'EMB_P', 'EMB_P', 'EMB_P', 'EMB_P', 'EMB_P', 'EMB_P', 'EMB_P', 'EMB_P', 'EMB_P', 'EMB_P', 'EMB_P', 'EMB_P', 'EMB_P', 'EMB_P', 'EMB_P', 'EMB_P', 'EMB_P', 'EMB_P', 'EMB_P', 'EMB_P', 'EMB_P', 'EMB_P', 'EMB_P', 'EMB_P', 'EMB_P', 'EMB_P', 'EMB_P', 'EMB_P', 'EMB_P', 'EMB_P', 'EMB_P', 'EMB_P', 'EMB_P', 'EMB_P', 'EMB_P', 'EMB_P', 'EMB_P', 'EMB_P', 'EMB_P', 'EMB_P', 'EMB_P', 'EMB_P', 'EMB_P', 'EMB_P', 'EMB_P', 'EMB_P', 'EMB_P', 'EMB_P', 'EMB_P', 'EMB_P', 'EMB_P', 'EMB_P', 'EMB_P', 'EMB_P', 'EMB_P', 'EMB_P', 'EMB_P', 'EMB_P', 'EMB_P', 'EMB_P', 'EMB_P', 'EMB_P', 'EMB_P', 'EMB_P', 'EMB_P', 'EMB_P', 'EMB_P', 'EMB_P', 'EMB_P', 'EMB_P', 'EMB_P', 'EMB_P', 'EMB_P', 'EMB_P', 'EMB_P', 'EMB_P', 'EMB_P', 'EMB_P', 'EMB_P', 'EMB_P', 'EMB_P', 'EMB_P', 'EMB_P', 'EMB_P', 'EMB_P', 'EMB_P', 'EMB_P', 'EMB_P', 'EMB_P', 'EMB_P', 'EMB_P']","['EMB_O', 'OPN_B', 'OPN_I', 'OPN_E', 'EMB_O', 'EMB_O', 'EMB_O', 'EMB_O', 'EMB_O', 'EMB_O', 'EMB_O', 'EMB_O', 'EMB_O', 'EMB_O', 'EMB_O', 'EMB_O', 'EMB_O', 'EMB_O', 'EMB_O', 'EMB_O', 'EMB_O', 'EMB_O', 'EMB_O', 'EMB_P', 'EMB_P', 'EMB_P', 'EMB_P', 'EMB_P', 'EMB_P', 'EMB_P', 'EMB_P', 'EMB_P', 'EMB_P', 'EMB_P', 'EMB_P', 'EMB_P', 'EMB_P', 'EMB_P', 'EMB_P', 'EMB_P', 'EMB_P', 'EMB_P', 'EMB_P', 'EMB_P', 'EMB_P', 'EMB_P', 'EMB_P', 'EMB_P', 'EMB_P', 'EMB_P', 'EMB_P', 'EMB_P', 'EMB_P', 'EMB_P', 'EMB_P', 'EMB_P', 'EMB_P', 'EMB_P', 'EMB_P', 'EMB_P', 'EMB_P', 'EMB_P', 'EMB_P', 'EMB_P', 'EMB_P', 'EMB_P', 'EMB_P', 'EMB_P', 'EMB_P', 'EMB_P', 'EMB_P', 'EMB_P', 'EMB_P', 'EMB_P', 'EMB_P', 'EMB_P', 'EMB_P', 'EMB_P', 'EMB_P', 'EMB_P', 'EMB_P', 'EMB_P', 'EMB_P', 'EMB_P', 'EMB_P', 'EMB_P', 'EMB_P', 'EMB_P', 'EMB_P', 'EMB_P', 'EMB_P', 'EMB_P', 'EMB_P', 'EMB_P', 'EMB_P', 'EMB_P', 'EMB_P', 'EMB_P', 'EMB_P', 'EMB_P', 'EMB_P', 'EMB_P', 'EMB_P', 'EMB_P', 'EMB_P', 'EMB_P', 'EMB_P', 'EMB_P', 'EMB_P', 'EMB_P', 'EMB_P', 'EMB_P', 'EMB_P', 'EMB_P', 'EMB_P', 'EMB_P', 'EMB_P', 'EMB_P', 'EMB_P', 'EMB_P', 'EMB_P', 'EMB_P', 'EMB_P', 'EMB_P', 'EMB_P', 'EMB_P', 'EMB_P', 'EMB_P']"
135,жива музика,трохи голосно,27539:1_1086,"Приємна атмосфера, жива музика (трохи голосно правда здалося).",4.83,4.83,"['EMB_O', 'EMB_O', 'EMB_O', 'EMB_O', 'EMB_O', 'EMB_O', 'EMB_O', 'EMB_O', 'ASP_B', 'ASP_I', 'ASP_E', 'EMB_O', 'EMB_O', 'EMB_O', 'EMB_O', 'EMB_O', 'EMB_O', 'EMB_O', 'EMB_O', 'EMB_O', 'EMB_O', 'EMB_O', 'EMB_O', 'EMB_P', 'EMB_P', 'EMB_P', 'EMB_P', 'EMB_P', 'EMB_P', 'EMB_P', 'EMB_P', 'EMB_P', 'EMB_P', 'EMB_P', 'EMB_P', 'EMB_P', 'EMB_P', 'EMB_P', 'EMB_P', 'EMB_P', 'EMB_P', 'EMB_P', 'EMB_P', 'EMB_P', 'EMB_P', 'EMB_P', 'EMB_P', 'EMB_P', 'EMB_P', 'EMB_P', 'EMB_P', 'EMB_P', 'EMB_P', 'EMB_P', 'EMB_P', 'EMB_P', 'EMB_P', 'EMB_P', 'EMB_P', 'EMB_P', 'EMB_P', 'EMB_P', 'EMB_P', 'EMB_P', 'EMB_P', 'EMB_P', 'EMB_P', 'EMB_P', 'EMB_P', 'EMB_P', 'EMB_P', 'EMB_P', 'EMB_P', 'EMB_P', 'EMB_P', 'EMB_P', 'EMB_P', 'EMB_P', 'EMB_P', 'EMB_P', 'EMB_P', 'EMB_P', 'EMB_P', 'EMB_P', 'EMB_P', 'EMB_P', 'EMB_P', 'EMB_P', 'EMB_P', 'EMB_P', 'EMB_P', 'EMB_P', 'EMB_P', 'EMB_P', 'EMB_P', 'EMB_P', 'EMB_P', 'EMB_P', 'EMB_P', 'EMB_P', 'EMB_P', 'EMB_P', 'EMB_P', 'EMB_P', 'EMB_P', 'EMB_P', 'EMB_P', 'EMB_P', 'EMB_P', 'EMB_P', 'EMB_P', 'EMB_P', 'EMB_P', 'EMB_P', 'EMB_P', 'EMB_P', 'EMB_P', 'EMB_P', 'EMB_P', 'EMB_P', 'EMB_P', 'EMB_P', 'EMB_P', 'EMB_P', 'EMB_P', 'EMB_P', 'EMB_P', 'EMB_P']","['EMB_O', 'EMB_O', 'EMB_O', 'EMB_O', 'EMB_O', 'EMB_O', 'EMB_O', 'EMB_O', 'EMB_O', 'EMB_O', 'EMB_O', 'EMB_O', 'OPN_B', 'OPN_I', 'OPN_I', 'OPN_E', 'EMB_O', 'EMB_O', 'EMB_O', 'EMB_O', 'EMB_O', 'EMB_O', 'EMB_O', 'EMB_P', 'EMB_P', 'EMB_P', 'EMB_P', 'EMB_P', 'EMB_P', 'EMB_P', 'EMB_P', 'EMB_P', 'EMB_P', 'EMB_P', 'EMB_P', 'EMB_P', 'EMB_P', 'EMB_P', 'EMB_P', 'EMB_P', 'EMB_P', 'EMB_P', 'EMB_P', 'EMB_P', 'EMB_P', 'EMB_P', 'EMB_P', 'EMB_P', 'EMB_P', 'EMB_P', 'EMB_P', 'EMB_P', 'EMB_P', 'EMB_P', 'EMB_P', 'EMB_P', 'EMB_P', 'EMB_P', 'EMB_P', 'EMB_P', 'EMB_P', 'EMB_P', 'EMB_P', 'EMB_P', 'EMB_P', 'EMB_P', 'EMB_P', 'EMB_P', 'EMB_P', 'EMB_P', 'EMB_P', 'EMB_P', 'EMB_P', 'EMB_P', 'EMB_P', 'EMB_P', 'EMB_P', 'EMB_P', 'EMB_P', 'EMB_P', 'EMB_P', 'EMB_P', 'EMB_P', 'EMB_P', 'EMB_P', 'EMB_P', 'EMB_P', 'EMB_P', 'EMB_P', 'EMB_P', 'EMB_P', 'EMB_P', 'EMB_P', 'EMB_P', 'EMB_P', 'EMB_P', 'EMB_P', 'EMB_P', 'EMB_P', 'EMB_P', 'EMB_P', 'EMB_P', 'EMB_P', 'EMB_P', 'EMB_P', 'EMB_P', 'EMB_P', 'EMB_P', 'EMB_P', 'EMB_P', 'EMB_P', 'EMB_P', 'EMB_P', 'EMB_P', 'EMB_P', 'EMB_P', 'EMB_P', 'EMB_P', 'EMB_P', 'EMB_P', 'EMB_P', 'EMB_P', 'EMB_P', 'EMB_P', 'EMB_P', 'EMB_P', 'EMB_P', 'EMB_P']"
136,качку по пекінськи з супом,насолоджувалися,27539:2_1087,"Замовляли ще вдень качку по пекінськи з супом (важливо!), ввечері насолоджувалися їжею.",8.17,7.83,"['EMB_O', 'EMB_O', 'EMB_O', 'EMB_O', 'EMB_O', 'EMB_O', 'EMB_O', 'EMB_O', 'ASP_B', 'ASP_I', 'ASP_I', 'ASP_I', 'ASP_I', 'ASP_I', 'ASP_I', 'ASP_I', 'ASP_I', 'ASP_I', 'ASP_E', 'EMB_O', 'EMB_O', 'EMB_O', 'EMB_O', 'EMB_O', 'EMB_O', 'EMB_O', 'EMB_O', 'EMB_O', 'EMB_O', 'EMB_O', 'EMB_O', 'EMB_O', 'EMB_O', 'EMB_O', 'EMB_O', 'EMB_O', 'EMB_O', 'EMB_O', 'EMB_P', 'EMB_P', 'EMB_P', 'EMB_P', 'EMB_P', 'EMB_P', 'EMB_P', 'EMB_P', 'EMB_P', 'EMB_P', 'EMB_P', 'EMB_P', 'EMB_P', 'EMB_P', 'EMB_P', 'EMB_P', 'EMB_P', 'EMB_P', 'EMB_P', 'EMB_P', 'EMB_P', 'EMB_P', 'EMB_P', 'EMB_P', 'EMB_P', 'EMB_P', 'EMB_P', 'EMB_P', 'EMB_P', 'EMB_P', 'EMB_P', 'EMB_P', 'EMB_P', 'EMB_P', 'EMB_P', 'EMB_P', 'EMB_P', 'EMB_P', 'EMB_P', 'EMB_P', 'EMB_P', 'EMB_P', 'EMB_P', 'EMB_P', 'EMB_P', 'EMB_P', 'EMB_P', 'EMB_P', 'EMB_P', 'EMB_P', 'EMB_P', 'EMB_P', 'EMB_P', 'EMB_P', 'EMB_P', 'EMB_P', 'EMB_P', 'EMB_P', 'EMB_P', 'EMB_P', 'EMB_P', 'EMB_P', 'EMB_P', 'EMB_P', 'EMB_P', 'EMB_P', 'EMB_P', 'EMB_P', 'EMB_P', 'EMB_P', 'EMB_P', 'EMB_P', 'EMB_P', 'EMB_P', 'EMB_P', 'EMB_P', 'EMB_P', 'EMB_P', 'EMB_P', 'EMB_P', 'EMB_P', 'EMB_P', 'EMB_P', 'EMB_P', 'EMB_P', 'EMB_P', 'EMB_P', 'EMB_P', 'EMB_P', 'EMB_P']","['EMB_O', 'EMB_O', 'EMB_O', 'EMB_O', 'EMB_O', 'EMB_O', 'EMB_O', 'EMB_O', 'EMB_O', 'EMB_O', 'EMB_O', 'EMB_O', 'EMB_O', 'EMB_O', 'EMB_O', 'EMB_O', 'EMB_O', 'EMB_O', 'EMB_O', 'EMB_O', 'EMB_O', 'EMB_O', 'EMB_O', 'EMB_O', 'EMB_O', 'EMB_O', 'EMB_O', 'EMB_O', 'EMB_O', 'OPN_B', 'OPN_I', 'OPN_I', 'OPN_E', 'EMB_O', 'EMB_O', 'EMB_O', 'EMB_O', 'EMB_O', 'EMB_P', 'EMB_P', 'EMB_P', 'EMB_P', 'EMB_P', 'EMB_P', 'EMB_P', 'EMB_P', 'EMB_P', 'EMB_P', 'EMB_P', 'EMB_P', 'EMB_P', 'EMB_P', 'EMB_P', 'EMB_P', 'EMB_P', 'EMB_P', 'EMB_P', 'EMB_P', 'EMB_P', 'EMB_P', 'EMB_P', 'EMB_P', 'EMB_P', 'EMB_P', 'EMB_P', 'EMB_P', 'EMB_P', 'EMB_P', 'EMB_P', 'EMB_P', 'EMB_P', 'EMB_P', 'EMB_P', 'EMB_P', 'EMB_P', 'EMB_P', 'EMB_P', 'EMB_P', 'EMB_P', 'EMB_P', 'EMB_P', 'EMB_P', 'EMB_P', 'EMB_P', 'EMB_P', 'EMB_P', 'EMB_P', 'EMB_P', 'EMB_P', 'EMB_P', 'EMB_P', 'EMB_P', 'EMB_P', 'EMB_P', 'EMB_P', 'EMB_P', 'EMB_P', 'EMB_P', 'EMB_P', 'EMB_P', 'EMB_P', 'EMB_P', 'EMB_P', 'EMB_P', 'EMB_P', 'EMB_P', 'EMB_P', 'EMB_P', 'EMB_P', 'EMB_P', 'EMB_P', 'EMB_P', 'EMB_P', 'EMB_P', 'EMB_P', 'EMB_P', 'EMB_P', 'EMB_P', 'EMB_P', 'EMB_P', 'EMB_P', 'EMB_P', 'EMB_P', 'EMB_P', 'EMB_P', 'EMB_P', 'EMB_P', 'EMB_P']"
137,їжею,насолоджувалися,27539:2_1087,"Замовляли ще вдень качку по пекінськи з супом (важливо!), ввечері насолоджувалися їжею.",8.12,7.62,"['EMB_O', 'EMB_O', 'EMB_O', 'EMB_O', 'EMB_O', 'EMB_O', 'EMB_O', 'EMB_O', 'EMB_O', 'EMB_O', 'EMB_O', 'EMB_O', 'EMB_O', 'EMB_O', 'EMB_O', 'EMB_O', 'EMB_O', 'EMB_O', 'EMB_O', 'EMB_O', 'EMB_O', 'EMB_O', 'EMB_O', 'EMB_O', 'EMB_O', 'EMB_O', 'EMB_O', 'EMB_O', 'EMB_O', 'EMB_O', 'EMB_O', 'EMB_O', 'EMB_O', 'ASP_B', 'ASP_I', 'ASP_E', 'EMB_O', 'EMB_O', 'EMB_P', 'EMB_P', 'EMB_P', 'EMB_P', 'EMB_P', 'EMB_P', 'EMB_P', 'EMB_P', 'EMB_P', 'EMB_P', 'EMB_P', 'EMB_P', 'EMB_P', 'EMB_P', 'EMB_P', 'EMB_P', 'EMB_P', 'EMB_P', 'EMB_P', 'EMB_P', 'EMB_P', 'EMB_P', 'EMB_P', 'EMB_P', 'EMB_P', 'EMB_P', 'EMB_P', 'EMB_P', 'EMB_P', 'EMB_P', 'EMB_P', 'EMB_P', 'EMB_P', 'EMB_P', 'EMB_P', 'EMB_P', 'EMB_P', 'EMB_P', 'EMB_P', 'EMB_P', 'EMB_P', 'EMB_P', 'EMB_P', 'EMB_P', 'EMB_P', 'EMB_P', 'EMB_P', 'EMB_P', 'EMB_P', 'EMB_P', 'EMB_P', 'EMB_P', 'EMB_P', 'EMB_P', 'EMB_P', 'EMB_P', 'EMB_P', 'EMB_P', 'EMB_P', 'EMB_P', 'EMB_P', 'EMB_P', 'EMB_P', 'EMB_P', 'EMB_P', 'EMB_P', 'EMB_P', 'EMB_P', 'EMB_P', 'EMB_P', 'EMB_P', 'EMB_P', 'EMB_P', 'EMB_P', 'EMB_P', 'EMB_P', 'EMB_P', 'EMB_P', 'EMB_P', 'EMB_P', 'EMB_P', 'EMB_P', 'EMB_P', 'EMB_P', 'EMB_P', 'EMB_P', 'EMB_P', 'EMB_P', 'EMB_P', 'EMB_P']","['EMB_O', 'EMB_O', 'EMB_O', 'EMB_O', 'EMB_O', 'EMB_O', 'EMB_O', 'EMB_O', 'EMB_O', 'EMB_O', 'EMB_O', 'EMB_O', 'EMB_O', 'EMB_O', 'EMB_O', 'EMB_O', 'EMB_O', 'EMB_O', 'EMB_O', 'EMB_O', 'EMB_O', 'EMB_O', 'EMB_O', 'EMB_O', 'EMB_O', 'EMB_O', 'EMB_O', 'EMB_O', 'EMB_O', 'OPN_B', 'OPN_I', 'OPN_I', 'OPN_E', 'EMB_O', 'EMB_O', 'EMB_O', 'EMB_O', 'EMB_O', 'EMB_P', 'EMB_P', 'EMB_P', 'EMB_P', 'EMB_P', 'EMB_P', 'EMB_P', 'EMB_P', 'EMB_P', 'EMB_P', 'EMB_P', 'EMB_P', 'EMB_P', 'EMB_P', 'EMB_P', 'EMB_P', 'EMB_P', 'EMB_P', 'EMB_P', 'EMB_P', 'EMB_P', 'EMB_P', 'EMB_P', 'EMB_P', 'EMB_P', 'EMB_P', 'EMB_P', 'EMB_P', 'EMB_P', 'EMB_P', 'EMB_P', 'EMB_P', 'EMB_P', 'EMB_P', 'EMB_P', 'EMB_P', 'EMB_P', 'EMB_P', 'EMB_P', 'EMB_P', 'EMB_P', 'EMB_P', 'EMB_P', 'EMB_P', 'EMB_P', 'EMB_P', 'EMB_P', 'EMB_P', 'EMB_P', 'EMB_P', 'EMB_P', 'EMB_P', 'EMB_P', 'EMB_P', 'EMB_P', 'EMB_P', 'EMB_P', 'EMB_P', 'EMB_P', 'EMB_P', 'EMB_P', 'EMB_P', 'EMB_P', 'EMB_P', 'EMB_P', 'EMB_P', 'EMB_P', 'EMB_P', 'EMB_P', 'EMB_P', 'EMB_P', 'EMB_P', 'EMB_P', 'EMB_P', 'EMB_P', 'EMB_P', 'EMB_P', 'EMB_P', 'EMB_P', 'EMB_P', 'EMB_P', 'EMB_P', 'EMB_P', 'EMB_P', 'EMB_P', 'EMB_P', 'EMB_P', 'EMB_P', 'EMB_P', 'EMB_P']"
138,місце,чудове,27539:3_1088,"Загальне враження — чудове місце, хоча є кілька недоліків: чай чомусь принесли на самому початку (просили дівчину зупинитися під час церемонії наливання чаю, але, схоже, вона зовсім не розуміє по-російськи :))), порції, звісно, не такі великі, як зазвичай буває в китайських ресторанах (особливо рис — такого більше ніде не зустрічав :))), і суп до качки так і не принесли.",7.7,7.1,"['EMB_O', 'EMB_O', 'EMB_O', 'EMB_O', 'EMB_O', 'EMB_O', 'EMB_O', 'EMB_O', 'EMB_O', 'EMB_O', 'ASP_S', 'EMB_O', 'EMB_O', 'EMB_O', 'EMB_O', 'EMB_O', 'EMB_O', 'EMB_O', 'EMB_O', 'EMB_O', 'EMB_O', 'EMB_O', 'EMB_O', 'EMB_O', 'EMB_O', 'EMB_O', 'EMB_O', 'EMB_O', 'EMB_O', 'EMB_O', 'EMB_O', 'EMB_O', 'EMB_O', 'EMB_O', 'EMB_O', 'EMB_O', 'EMB_O', 'EMB_O', 'EMB_O', 'EMB_O', 'EMB_O', 'EMB_O', 'EMB_O', 'EMB_O', 'EMB_O', 'EMB_O', 'EMB_O', 'EMB_O', 'EMB_O', 'EMB_O', 'EMB_O', 'EMB_O', 'EMB_O', 'EMB_O', 'EMB_O', 'EMB_O', 'EMB_O', 'EMB_O', 'EMB_O', 'EMB_O', 'EMB_O', 'EMB_O', 'EMB_O', 'EMB_O', 'EMB_O', 'EMB_O', 'EMB_O', 'EMB_O', 'EMB_O', 'EMB_O', 'EMB_O', 'EMB_O', 'EMB_O', 'EMB_O', 'EMB_O', 'EMB_O', 'EMB_O', 'EMB_O', 'EMB_O', 'EMB_O', 'EMB_O', 'EMB_O', 'EMB_O', 'EMB_O', 'EMB_O', 'EMB_O', 'EMB_O', 'EMB_O', 'EMB_O', 'EMB_O', 'EMB_O', 'EMB_O', 'EMB_O', 'EMB_O', 'EMB_O', 'EMB_O', 'EMB_O', 'EMB_O', 'EMB_O', 'EMB_O', 'EMB_O', 'EMB_O', 'EMB_O', 'EMB_O', 'EMB_O', 'EMB_O', 'EMB_O', 'EMB_O', 'EMB_O', 'EMB_O', 'EMB_O', 'EMB_O', 'EMB_O', 'EMB_O', 'EMB_O', 'EMB_O', 'EMB_O', 'EMB_O', 'EMB_O', 'EMB_O', 'EMB_O', 'EMB_O', 'EMB_O', 'EMB_O', 'EMB_O', 'EMB_O', 'EMB_O', 'EMB_O']","['EMB_O', 'EMB_O', 'EMB_O', 'EMB_O', 'EMB_O', 'EMB_O', 'EMB_O', 'OPN_B', 'OPN_I', 'OPN_E', 'EMB_O', 'EMB_O', 'EMB_O', 'EMB_O', 'EMB_O', 'EMB_O', 'EMB_O', 'EMB_O', 'EMB_O', 'EMB_O', 'EMB_O', 'EMB_O', 'EMB_O', 'EMB_O', 'EMB_O', 'EMB_O', 'EMB_O', 'EMB_O', 'EMB_O', 'EMB_O', 'EMB_O', 'EMB_O', 'EMB_O', 'EMB_O', 'EMB_O', 'EMB_O', 'EMB_O', 'EMB_O', 'EMB_O', 'EMB_O', 'EMB_O', 'EMB_O', 'EMB_O', 'EMB_O', 'EMB_O', 'EMB_O', 'EMB_O', 'EMB_O', 'EMB_O', 'EMB_O', 'EMB_O', 'EMB_O', 'EMB_O', 'EMB_O', 'EMB_O', 'EMB_O', 'EMB_O', 'EMB_O', 'EMB_O', 'EMB_O', 'EMB_O', 'EMB_O', 'EMB_O', 'EMB_O', 'EMB_O', 'EMB_O', 'EMB_O', 'EMB_O', 'EMB_O', 'EMB_O', 'EMB_O', 'EMB_O', 'EMB_O', 'EMB_O', 'EMB_O', 'EMB_O', 'EMB_O', 'EMB_O', 'EMB_O', 'EMB_O', 'EMB_O', 'EMB_O', 'EMB_O', 'EMB_O', 'EMB_O', 'EMB_O', 'EMB_O', 'EMB_O', 'EMB_O', 'EMB_O', 'EMB_O', 'EMB_O', 'EMB_O', 'EMB_O', 'EMB_O', 'EMB_O', 'EMB_O', 'EMB_O', 'EMB_O', 'EMB_O', 'EMB_O', 'EMB_O', 'EMB_O', 'EMB_O', 'EMB_O', 'EMB_O', 'EMB_O', 'EMB_O', 'EMB_O', 'EMB_O', 'EMB_O', 'EMB_O', 'EMB_O', 'EMB_O', 'EMB_O', 'EMB_O', 'EMB_O', 'EMB_O', 'EMB_O', 'EMB_O', 'EMB_O', 'EMB_O', 'EMB_O', 'EMB_O', 'EMB_O', 'EMB_O', 'EMB_O', 'EMB_O']"
139,дівчину,зовсім не розуміє по-російськи,27539:3_1088,"Загальне враження — чудове місце, хоча є кілька недоліків: чай чомусь принесли на самому початку (просили дівчину зупинитися під час церемонії наливання чаю, але, схоже, вона зовсім не розуміє по-російськи :))), порції, звісно, не такі великі, як зазвичай буває в китайських ресторанах (особливо рис — такого більше ніде не зустрічав :))), і суп до качки так і не принесли.",3.0,6.12,"['EMB_O', 'EMB_O', 'EMB_O', 'EMB_O', 'EMB_O', 'EMB_O', 'EMB_O', 'EMB_O', 'EMB_O', 'EMB_O', 'EMB_O', 'EMB_O', 'EMB_O', 'EMB_O', 'EMB_O', 'EMB_O', 'EMB_O', 'EMB_O', 'EMB_O', 'EMB_O', 'EMB_O', 'EMB_O', 'EMB_O', 'EMB_O', 'EMB_O', 'EMB_O', 'EMB_O', 'EMB_O', 'EMB_O', 'EMB_O', 'EMB_O', 'EMB_O', 'EMB_O', 'ASP_B', 'ASP_I', 'ASP_E', 'EMB_O', 'EMB_O', 'EMB_O', 'EMB_O', 'EMB_O', 'EMB_O', 'EMB_O', 'EMB_O', 'EMB_O', 'EMB_O', 'EMB_O', 'EMB_O', 'EMB_O', 'EMB_O', 'EMB_O', 'EMB_O', 'EMB_O', 'EMB_O', 'EMB_O', 'EMB_O', 'EMB_O', 'EMB_O', 'EMB_O', 'EMB_O', 'EMB_O', 'EMB_O', 'EMB_O', 'EMB_O', 'EMB_O', 'EMB_O', 'EMB_O', 'EMB_O', 'EMB_O', 'EMB_O', 'EMB_O', 'EMB_O', 'EMB_O', 'EMB_O', 'EMB_O', 'EMB_O', 'EMB_O', 'EMB_O', 'EMB_O', 'EMB_O', 'EMB_O', 'EMB_O', 'EMB_O', 'EMB_O', 'EMB_O', 'EMB_O', 'EMB_O', 'EMB_O', 'EMB_O', 'EMB_O', 'EMB_O', 'EMB_O', 'EMB_O', 'EMB_O', 'EMB_O', 'EMB_O', 'EMB_O', 'EMB_O', 'EMB_O', 'EMB_O', 'EMB_O', 'EMB_O', 'EMB_O', 'EMB_O', 'EMB_O', 'EMB_O', 'EMB_O', 'EMB_O', 'EMB_O', 'EMB_O', 'EMB_O', 'EMB_O', 'EMB_O', 'EMB_O', 'EMB_O', 'EMB_O', 'EMB_O', 'EMB_O', 'EMB_O', 'EMB_O', 'EMB_O', 'EMB_O', 'EMB_O', 'EMB_O', 'EMB_O', 'EMB_O', 'EMB_O', 'EMB_O']","['EMB_O', 'EMB_O', 'EMB_O', 'EMB_O', 'EMB_O', 'EMB_O', 'EMB_O', 'EMB_O', 'EMB_O', 'EMB_O', 'EMB_O', 'EMB_O', 'EMB_O', 'EMB_O', 'EMB_O', 'EMB_O', 'EMB_O', 'EMB_O', 'EMB_O', 'EMB_O', 'EMB_O', 'EMB_O', 'EMB_O', 'EMB_O', 'EMB_O', 'EMB_O', 'EMB_O', 'EMB_O', 'EMB_O', 'EMB_O', 'EMB_O', 'EMB_O', 'EMB_O', 'EMB_O', 'EMB_O', 'EMB_O', 'EMB_O', 'EMB_O', 'EMB_O', 'EMB_O', 'EMB_O', 'EMB_O', 'EMB_O', 'EMB_O', 'EMB_O', 'EMB_O', 'EMB_O', 'EMB_O', 'EMB_O', 'EMB_O', 'EMB_O', 'EMB_O', 'EMB_O', 'EMB_O', 'EMB_O', 'EMB_O', 'EMB_O', 'EMB_O', 'EMB_O', 'OPN_B', 'OPN_I', 'OPN_I', 'OPN_I', 'OPN_I', 'OPN_I', 'OPN_I', 'OPN_I', 'OPN_I', 'OPN_I', 'OPN_I', 'OPN_I', 'OPN_I', 'OPN_E', 'EMB_O', 'EMB_O', 'EMB_O', 'EMB_O', 'EMB_O', 'EMB_O', 'EMB_O', 'EMB_O', 'EMB_O', 'EMB_O', 'EMB_O', 'EMB_O', 'EMB_O', 'EMB_O', 'EMB_O', 'EMB_O', 'EMB_O', 'EMB_O', 'EMB_O', 'EMB_O', 'EMB_O', 'EMB_O', 'EMB_O', 'EMB_O', 'EMB_O', 'EMB_O', 'EMB_O', 'EMB_O', 'EMB_O', 'EMB_O', 'EMB_O', 'EMB_O', 'EMB_O', 'EMB_O', 'EMB_O', 'EMB_O', 'EMB_O', 'EMB_O', 'EMB_O', 'EMB_O', 'EMB_O', 'EMB_O', 'EMB_O', 'EMB_O', 'EMB_O', 'EMB_O', 'EMB_O', 'EMB_O', 'EMB_O', 'EMB_O', 'EMB_O', 'EMB_O', 'EMB_O', 'EMB_O', 'EMB_O']"
140,порції,не такі великі,27539:3_1088,"Загальне враження — чудове місце, хоча є кілька недоліків: чай чомусь принесли на самому початку (просили дівчину зупинитися під час церемонії наливання чаю, але, схоже, вона зовсім не розуміє по-російськи :))), порції, звісно, не такі великі, як зазвичай буває в китайських ресторанах (особливо рис — такого більше ніде не зустрічав :))), і суп до качки так і не принесли.",3.38,5.88,"['EMB_O', 'EMB_O', 'EMB_O', 'EMB_O', 'EMB_O', 'EMB_O', 'EMB_O', 'EMB_O', 'EMB_O', 'EMB_O', 'EMB_O', 'EMB_O', 'EMB_O', 'EMB_O', 'EMB_O', 'EMB_O', 'EMB_O', 'EMB_O', 'EMB_O', 'EMB_O', 'EMB_O', 'EMB_O', 'EMB_O', 'EMB_O', 'EMB_O', 'EMB_O', 'EMB_O', 'EMB_O', 'EMB_O', 'EMB_O', 'EMB_O', 'EMB_O', 'EMB_O', 'EMB_O', 'EMB_O', 'EMB_O', 'EMB_O', 'EMB_O', 'EMB_O', 'EMB_O', 'EMB_O', 'EMB_O', 'EMB_O', 'EMB_O', 'EMB_O', 'EMB_O', 'EMB_O', 'EMB_O', 'EMB_O', 'EMB_O', 'EMB_O', 'EMB_O', 'EMB_O', 'EMB_O', 'EMB_O', 'EMB_O', 'EMB_O', 'EMB_O', 'EMB_O', 'EMB_O', 'EMB_O', 'EMB_O', 'EMB_O', 'EMB_O', 'EMB_O', 'EMB_O', 'EMB_O', 'EMB_O', 'EMB_O', 'EMB_O', 'EMB_O', 'EMB_O', 'EMB_O', 'EMB_O', 'EMB_O', 'EMB_O', 'EMB_O', 'EMB_O', 'ASP_B', 'ASP_E', 'EMB_O', 'EMB_O', 'EMB_O', 'EMB_O', 'EMB_O', 'EMB_O', 'EMB_O', 'EMB_O', 'EMB_O', 'EMB_O', 'EMB_O', 'EMB_O', 'EMB_O', 'EMB_O', 'EMB_O', 'EMB_O', 'EMB_O', 'EMB_O', 'EMB_O', 'EMB_O', 'EMB_O', 'EMB_O', 'EMB_O', 'EMB_O', 'EMB_O', 'EMB_O', 'EMB_O', 'EMB_O', 'EMB_O', 'EMB_O', 'EMB_O', 'EMB_O', 'EMB_O', 'EMB_O', 'EMB_O', 'EMB_O', 'EMB_O', 'EMB_O', 'EMB_O', 'EMB_O', 'EMB_O', 'EMB_O', 'EMB_O', 'EMB_O', 'EMB_O', 'EMB_O', 'EMB_O', 'EMB_O']","['EMB_O', 'EMB_O', 'EMB_O', 'EMB_O', 'EMB_O', 'EMB_O', 'EMB_O', 'EMB_O', 'EMB_O', 'EMB_O', 'EMB_O', 'EMB_O', 'EMB_O', 'EMB_O', 'EMB_O', 'EMB_O', 'EMB_O', 'EMB_O', 'EMB_O', 'EMB_O', 'EMB_O', 'EMB_O', 'EMB_O', 'EMB_O', 'EMB_O', 'EMB_O', 'EMB_O', 'EMB_O', 'EMB_O', 'EMB_O', 'EMB_O', 'EMB_O', 'EMB_O', 'EMB_O', 'EMB_O', 'EMB_O', 'EMB_O', 'EMB_O', 'EMB_O', 'EMB_O', 'EMB_O', 'EMB_O', 'EMB_O', 'EMB_O', 'EMB_O', 'EMB_O', 'EMB_O', 'EMB_O', 'EMB_O', 'EMB_O', 'EMB_O', 'EMB_O', 'EMB_O', 'EMB_O', 'EMB_O', 'EMB_O', 'EMB_O', 'EMB_O', 'EMB_O', 'EMB_O', 'EMB_O', 'EMB_O', 'EMB_O', 'EMB_O', 'EMB_O', 'EMB_O', 'EMB_O', 'EMB_O', 'EMB_O', 'EMB_O', 'EMB_O', 'EMB_O', 'EMB_O', 'EMB_O', 'EMB_O', 'EMB_O', 'EMB_O', 'EMB_O', 'EMB_O', 'EMB_O', 'EMB_O', 'EMB_O', 'EMB_O', 'EMB_O', 'EMB_O', 'OPN_B', 'OPN_I', 'OPN_E', 'EMB_O', 'EMB_O', 'EMB_O', 'EMB_O', 'EMB_O', 'EMB_O', 'EMB_O', 'EMB_O', 'EMB_O', 'EMB_O', 'EMB_O', 'EMB_O', 'EMB_O', 'EMB_O', 'EMB_O', 'EMB_O', 'EMB_O', 'EMB_O', 'EMB_O', 'EMB_O', 'EMB_O', 'EMB_O', 'EMB_O', 'EMB_O', 'EMB_O', 'EMB_O', 'EMB_O', 'EMB_O', 'EMB_O', 'EMB_O', 'EMB_O', 'EMB_O', 'EMB_O', 'EMB_O', 'EMB_O', 'EMB_O', 'EMB_O', 'EMB_O', 'EMB_O', 'EMB_O']"
141,суп до качки,не принесли,27539:3_1088,"Загальне враження — чудове місце, хоча є кілька недоліків: чай чомусь принесли на самому початку (просили дівчину зупинитися під час церемонії наливання чаю, але, схоже, вона зовсім не розуміє по-російськи :))), порції, звісно, не такі великі, як зазвичай буває в китайських ресторанах (особливо рис — такого більше ніде не зустрічав :))), і суп до качки так і не принесли.",2.17,7.17,"['EMB_O', 'EMB_O', 'EMB_O', 'EMB_O', 'EMB_O', 'EMB_O', 'EMB_O', 'EMB_O', 'EMB_O', 'EMB_O', 'EMB_O', 'EMB_O', 'EMB_O', 'EMB_O', 'EMB_O', 'EMB_O', 'EMB_O', 'EMB_O', 'EMB_O', 'EMB_O', 'EMB_O', 'EMB_O', 'EMB_O', 'EMB_O', 'EMB_O', 'EMB_O', 'EMB_O', 'EMB_O', 'EMB_O', 'EMB_O', 'EMB_O', 'EMB_O', 'EMB_O', 'EMB_O', 'EMB_O', 'EMB_O', 'EMB_O', 'EMB_O', 'EMB_O', 'EMB_O', 'EMB_O', 'EMB_O', 'EMB_O', 'EMB_O', 'EMB_O', 'EMB_O', 'EMB_O', 'EMB_O', 'EMB_O', 'EMB_O', 'EMB_O', 'EMB_O', 'EMB_O', 'EMB_O', 'EMB_O', 'EMB_O', 'EMB_O', 'EMB_O', 'EMB_O', 'EMB_O', 'EMB_O', 'EMB_O', 'EMB_O', 'EMB_O', 'EMB_O', 'EMB_O', 'EMB_O', 'EMB_O', 'EMB_O', 'EMB_O', 'EMB_O', 'EMB_O', 'EMB_O', 'EMB_O', 'EMB_O', 'EMB_O', 'EMB_O', 'EMB_O', 'EMB_O', 'EMB_O', 'EMB_O', 'EMB_O', 'EMB_O', 'EMB_O', 'EMB_O', 'EMB_O', 'EMB_O', 'EMB_O', 'EMB_O', 'EMB_O', 'EMB_O', 'EMB_O', 'EMB_O', 'EMB_O', 'EMB_O', 'EMB_O', 'EMB_O', 'EMB_O', 'EMB_O', 'EMB_O', 'EMB_O', 'EMB_O', 'EMB_O', 'EMB_O', 'EMB_O', 'EMB_O', 'EMB_O', 'EMB_O', 'EMB_O', 'EMB_O', 'EMB_O', 'EMB_O', 'EMB_O', 'EMB_O', 'EMB_O', 'EMB_O', 'EMB_O', 'EMB_O', 'EMB_O', 'EMB_O', 'EMB_O', 'EMB_O', 'ASP_B', 'ASP_I', 'ASP_I', 'ASP_I', 'ASP_E', 'EMB_O']","['EMB_O', 'EMB_O', 'EMB_O', 'EMB_O', 'EMB_O', 'EMB_O', 'EMB_O', 'EMB_O', 'EMB_O', 'EMB_O', 'EMB_O', 'EMB_O', 'EMB_O', 'EMB_O', 'EMB_O', 'EMB_O', 'EMB_O', 'EMB_O', 'EMB_O', 'EMB_O', 'EMB_O', 'EMB_O', 'EMB_O', 'EMB_O', 'EMB_O', 'EMB_O', 'EMB_O', 'EMB_O', 'EMB_O', 'EMB_O', 'EMB_O', 'EMB_O', 'EMB_O', 'EMB_O', 'EMB_O', 'EMB_O', 'EMB_O', 'EMB_O', 'EMB_O', 'EMB_O', 'EMB_O', 'EMB_O', 'EMB_O', 'EMB_O', 'EMB_O', 'EMB_O', 'EMB_O', 'EMB_O', 'EMB_O', 'EMB_O', 'EMB_O', 'EMB_O', 'EMB_O', 'EMB_O', 'EMB_O', 'EMB_O', 'EMB_O', 'EMB_O', 'EMB_O', 'EMB_O', 'EMB_O', 'EMB_O', 'EMB_O', 'EMB_O', 'EMB_O', 'EMB_O', 'EMB_O', 'EMB_O', 'EMB_O', 'EMB_O', 'EMB_O', 'EMB_O', 'EMB_O', 'EMB_O', 'EMB_O', 'EMB_O', 'EMB_O', 'EMB_O', 'EMB_O', 'EMB_O', 'EMB_O', 'EMB_O', 'EMB_O', 'EMB_O', 'EMB_O', 'EMB_O', 'EMB_O', 'EMB_O', 'EMB_O', 'EMB_O', 'EMB_O', 'EMB_O', 'EMB_O', 'EMB_O', 'EMB_O', 'EMB_O', 'EMB_O', 'EMB_O', 'EMB_O', 'EMB_O', 'EMB_O', 'EMB_O', 'EMB_O', 'EMB_O', 'EMB_O', 'EMB_O', 'EMB_O', 'EMB_O', 'EMB_O', 'EMB_O', 'EMB_O', 'EMB_O', 'EMB_O', 'EMB_O', 'EMB_O', 'EMB_O', 'EMB_O', 'EMB_O', 'EMB_O', 'EMB_O', 'EMB_O', 'EMB_O', 'EMB_O', 'EMB_O', 'EMB_O', 'EMB_O', 'EMB_O', 'EMB_O']"
142,дівчина адміністратор,прекрасно,27539:4_1089,"А в іншому все прекрасно: і дівчина адміністратор (допомогла нам зробити вибір страв), затишна атмосфера, в залі не накуренно, обслуговування дуже навіть швидке, офіціатки уважні, їжа смачна.",8.0,7.67,"['EMB_O', 'EMB_O', 'EMB_O', 'EMB_O', 'EMB_O', 'EMB_O', 'EMB_O', 'EMB_O', 'EMB_O', 'EMB_O', 'EMB_O', 'EMB_O', 'ASP_B', 'ASP_I', 'ASP_I', 'ASP_I', 'ASP_I', 'ASP_I', 'ASP_I', 'ASP_E', 'EMB_O', 'EMB_O', 'EMB_O', 'EMB_O', 'EMB_O', 'EMB_O', 'EMB_O', 'EMB_O', 'EMB_O', 'EMB_O', 'EMB_O', 'EMB_O', 'EMB_O', 'EMB_O', 'EMB_O', 'EMB_O', 'EMB_O', 'EMB_O', 'EMB_O', 'EMB_O', 'EMB_O', 'EMB_O', 'EMB_O', 'EMB_O', 'EMB_O', 'EMB_O', 'EMB_O', 'EMB_O', 'EMB_O', 'EMB_O', 'EMB_O', 'EMB_O', 'EMB_O', 'EMB_O', 'EMB_O', 'EMB_O', 'EMB_O', 'EMB_O', 'EMB_O', 'EMB_O', 'EMB_O', 'EMB_O', 'EMB_O', 'EMB_O', 'EMB_O', 'EMB_O', 'EMB_O', 'EMB_O', 'EMB_O', 'EMB_O', 'EMB_O', 'EMB_O', 'EMB_O', 'EMB_O', 'EMB_P', 'EMB_P', 'EMB_P', 'EMB_P', 'EMB_P', 'EMB_P', 'EMB_P', 'EMB_P', 'EMB_P', 'EMB_P', 'EMB_P', 'EMB_P', 'EMB_P', 'EMB_P', 'EMB_P', 'EMB_P', 'EMB_P', 'EMB_P', 'EMB_P', 'EMB_P', 'EMB_P', 'EMB_P', 'EMB_P', 'EMB_P', 'EMB_P', 'EMB_P', 'EMB_P', 'EMB_P', 'EMB_P', 'EMB_P', 'EMB_P', 'EMB_P', 'EMB_P', 'EMB_P', 'EMB_P', 'EMB_P', 'EMB_P', 'EMB_P', 'EMB_P', 'EMB_P', 'EMB_P', 'EMB_P', 'EMB_P', 'EMB_P', 'EMB_P', 'EMB_P', 'EMB_P', 'EMB_P', 'EMB_P', 'EMB_P', 'EMB_P', 'EMB_P', 'EMB_P', 'EMB_P']","['EMB_O', 'EMB_O', 'EMB_O', 'EMB_O', 'EMB_O', 'EMB_O', 'OPN_B', 'OPN_I', 'OPN_I', 'OPN_E', 'EMB_O', 'EMB_O', 'EMB_O', 'EMB_O', 'EMB_O', 'EMB_O', 'EMB_O', 'EMB_O', 'EMB_O', 'EMB_O', 'EMB_O', 'EMB_O', 'EMB_O', 'EMB_O', 'EMB_O', 'EMB_O', 'EMB_O', 'EMB_O', 'EMB_O', 'EMB_O', 'EMB_O', 'EMB_O', 'EMB_O', 'EMB_O', 'EMB_O', 'EMB_O', 'EMB_O', 'EMB_O', 'EMB_O', 'EMB_O', 'EMB_O', 'EMB_O', 'EMB_O', 'EMB_O', 'EMB_O', 'EMB_O', 'EMB_O', 'EMB_O', 'EMB_O', 'EMB_O', 'EMB_O', 'EMB_O', 'EMB_O', 'EMB_O', 'EMB_O', 'EMB_O', 'EMB_O', 'EMB_O', 'EMB_O', 'EMB_O', 'EMB_O', 'EMB_O', 'EMB_O', 'EMB_O', 'EMB_O', 'EMB_O', 'EMB_O', 'EMB_O', 'EMB_O', 'EMB_O', 'EMB_O', 'EMB_O', 'EMB_O', 'EMB_O', 'EMB_P', 'EMB_P', 'EMB_P', 'EMB_P', 'EMB_P', 'EMB_P', 'EMB_P', 'EMB_P', 'EMB_P', 'EMB_P', 'EMB_P', 'EMB_P', 'EMB_P', 'EMB_P', 'EMB_P', 'EMB_P', 'EMB_P', 'EMB_P', 'EMB_P', 'EMB_P', 'EMB_P', 'EMB_P', 'EMB_P', 'EMB_P', 'EMB_P', 'EMB_P', 'EMB_P', 'EMB_P', 'EMB_P', 'EMB_P', 'EMB_P', 'EMB_P', 'EMB_P', 'EMB_P', 'EMB_P', 'EMB_P', 'EMB_P', 'EMB_P', 'EMB_P', 'EMB_P', 'EMB_P', 'EMB_P', 'EMB_P', 'EMB_P', 'EMB_P', 'EMB_P', 'EMB_P', 'EMB_P', 'EMB_P', 'EMB_P', 'EMB_P', 'EMB_P', 'EMB_P', 'EMB_P']"
143,атмосфера,затишна,27539:4_1089,"А в іншому все прекрасно: і дівчина адміністратор (допомогла нам зробити вибір страв), затишна атмосфера, в залі не накуренно, обслуговування дуже навіть швидке, офіціатки уважні, їжа смачна.",7.1,6.4,"['EMB_O', 'EMB_O', 'EMB_O', 'EMB_O', 'EMB_O', 'EMB_O', 'EMB_O', 'EMB_O', 'EMB_O', 'EMB_O', 'EMB_O', 'EMB_O', 'EMB_O', 'EMB_O', 'EMB_O', 'EMB_O', 'EMB_O', 'EMB_O', 'EMB_O', 'EMB_O', 'EMB_O', 'EMB_O', 'EMB_O', 'EMB_O', 'EMB_O', 'EMB_O', 'EMB_O', 'EMB_O', 'EMB_O', 'EMB_O', 'EMB_O', 'EMB_O', 'EMB_O', 'EMB_O', 'EMB_O', 'ASP_B', 'ASP_I', 'ASP_E', 'EMB_O', 'EMB_O', 'EMB_O', 'EMB_O', 'EMB_O', 'EMB_O', 'EMB_O', 'EMB_O', 'EMB_O', 'EMB_O', 'EMB_O', 'EMB_O', 'EMB_O', 'EMB_O', 'EMB_O', 'EMB_O', 'EMB_O', 'EMB_O', 'EMB_O', 'EMB_O', 'EMB_O', 'EMB_O', 'EMB_O', 'EMB_O', 'EMB_O', 'EMB_O', 'EMB_O', 'EMB_O', 'EMB_O', 'EMB_O', 'EMB_O', 'EMB_O', 'EMB_O', 'EMB_O', 'EMB_O', 'EMB_O', 'EMB_P', 'EMB_P', 'EMB_P', 'EMB_P', 'EMB_P', 'EMB_P', 'EMB_P', 'EMB_P', 'EMB_P', 'EMB_P', 'EMB_P', 'EMB_P', 'EMB_P', 'EMB_P', 'EMB_P', 'EMB_P', 'EMB_P', 'EMB_P', 'EMB_P', 'EMB_P', 'EMB_P', 'EMB_P', 'EMB_P', 'EMB_P', 'EMB_P', 'EMB_P', 'EMB_P', 'EMB_P', 'EMB_P', 'EMB_P', 'EMB_P', 'EMB_P', 'EMB_P', 'EMB_P', 'EMB_P', 'EMB_P', 'EMB_P', 'EMB_P', 'EMB_P', 'EMB_P', 'EMB_P', 'EMB_P', 'EMB_P', 'EMB_P', 'EMB_P', 'EMB_P', 'EMB_P', 'EMB_P', 'EMB_P', 'EMB_P', 'EMB_P', 'EMB_P', 'EMB_P', 'EMB_P']","['EMB_O', 'EMB_O', 'EMB_O', 'EMB_O', 'EMB_O', 'EMB_O', 'EMB_O', 'EMB_O', 'EMB_O', 'EMB_O', 'EMB_O', 'EMB_O', 'EMB_O', 'EMB_O', 'EMB_O', 'EMB_O', 'EMB_O', 'EMB_O', 'EMB_O', 'EMB_O', 'EMB_O', 'EMB_O', 'EMB_O', 'EMB_O', 'EMB_O', 'EMB_O', 'EMB_O', 'EMB_O', 'EMB_O', 'EMB_O', 'EMB_O', 'EMB_O', 'OPN_B', 'OPN_I', 'OPN_E', 'EMB_O', 'EMB_O', 'EMB_O', 'EMB_O', 'EMB_O', 'EMB_O', 'EMB_O', 'EMB_O', 'EMB_O', 'EMB_O', 'EMB_O', 'EMB_O', 'EMB_O', 'EMB_O', 'EMB_O', 'EMB_O', 'EMB_O', 'EMB_O', 'EMB_O', 'EMB_O', 'EMB_O', 'EMB_O', 'EMB_O', 'EMB_O', 'EMB_O', 'EMB_O', 'EMB_O', 'EMB_O', 'EMB_O', 'EMB_O', 'EMB_O', 'EMB_O', 'EMB_O', 'EMB_O', 'EMB_O', 'EMB_O', 'EMB_O', 'EMB_O', 'EMB_O', 'EMB_P', 'EMB_P', 'EMB_P', 'EMB_P', 'EMB_P', 'EMB_P', 'EMB_P', 'EMB_P', 'EMB_P', 'EMB_P', 'EMB_P', 'EMB_P', 'EMB_P', 'EMB_P', 'EMB_P', 'EMB_P', 'EMB_P', 'EMB_P', 'EMB_P', 'EMB_P', 'EMB_P', 'EMB_P', 'EMB_P', 'EMB_P', 'EMB_P', 'EMB_P', 'EMB_P', 'EMB_P', 'EMB_P', 'EMB_P', 'EMB_P', 'EMB_P', 'EMB_P', 'EMB_P', 'EMB_P', 'EMB_P', 'EMB_P', 'EMB_P', 'EMB_P', 'EMB_P', 'EMB_P', 'EMB_P', 'EMB_P', 'EMB_P', 'EMB_P', 'EMB_P', 'EMB_P', 'EMB_P', 'EMB_P', 'EMB_P', 'EMB_P', 'EMB_P', 'EMB_P', 'EMB_P']"
144,залі,не накуренно,27539:4_1089,"А в іншому все прекрасно: і дівчина адміністратор (допомогла нам зробити вибір страв), затишна атмосфера, в залі не накуренно, обслуговування дуже навіть швидке, офіціатки уважні, їжа смачна.",6.7,6.3,"['EMB_O', 'EMB_O', 'EMB_O', 'EMB_O', 'EMB_O', 'EMB_O', 'EMB_O', 'EMB_O', 'EMB_O', 'EMB_O', 'EMB_O', 'EMB_O', 'EMB_O', 'EMB_O', 'EMB_O', 'EMB_O', 'EMB_O', 'EMB_O', 'EMB_O', 'EMB_O', 'EMB_O', 'EMB_O', 'EMB_O', 'EMB_O', 'EMB_O', 'EMB_O', 'EMB_O', 'EMB_O', 'EMB_O', 'EMB_O', 'EMB_O', 'EMB_O', 'EMB_O', 'EMB_O', 'EMB_O', 'EMB_O', 'EMB_O', 'EMB_O', 'EMB_O', 'EMB_O', 'ASP_B', 'ASP_E', 'EMB_O', 'EMB_O', 'EMB_O', 'EMB_O', 'EMB_O', 'EMB_O', 'EMB_O', 'EMB_O', 'EMB_O', 'EMB_O', 'EMB_O', 'EMB_O', 'EMB_O', 'EMB_O', 'EMB_O', 'EMB_O', 'EMB_O', 'EMB_O', 'EMB_O', 'EMB_O', 'EMB_O', 'EMB_O', 'EMB_O', 'EMB_O', 'EMB_O', 'EMB_O', 'EMB_O', 'EMB_O', 'EMB_O', 'EMB_O', 'EMB_O', 'EMB_O', 'EMB_P', 'EMB_P', 'EMB_P', 'EMB_P', 'EMB_P', 'EMB_P', 'EMB_P', 'EMB_P', 'EMB_P', 'EMB_P', 'EMB_P', 'EMB_P', 'EMB_P', 'EMB_P', 'EMB_P', 'EMB_P', 'EMB_P', 'EMB_P', 'EMB_P', 'EMB_P', 'EMB_P', 'EMB_P', 'EMB_P', 'EMB_P', 'EMB_P', 'EMB_P', 'EMB_P', 'EMB_P', 'EMB_P', 'EMB_P', 'EMB_P', 'EMB_P', 'EMB_P', 'EMB_P', 'EMB_P', 'EMB_P', 'EMB_P', 'EMB_P', 'EMB_P', 'EMB_P', 'EMB_P', 'EMB_P', 'EMB_P', 'EMB_P', 'EMB_P', 'EMB_P', 'EMB_P', 'EMB_P', 'EMB_P', 'EMB_P', 'EMB_P', 'EMB_P', 'EMB_P', 'EMB_P']","['EMB_O', 'EMB_O', 'EMB_O', 'EMB_O', 'EMB_O', 'EMB_O', 'EMB_O', 'EMB_O', 'EMB_O', 'EMB_O', 'EMB_O', 'EMB_O', 'EMB_O', 'EMB_O', 'EMB_O', 'EMB_O', 'EMB_O', 'EMB_O', 'EMB_O', 'EMB_O', 'EMB_O', 'EMB_O', 'EMB_O', 'EMB_O', 'EMB_O', 'EMB_O', 'EMB_O', 'EMB_O', 'EMB_O', 'EMB_O', 'EMB_O', 'EMB_O', 'EMB_O', 'EMB_O', 'EMB_O', 'EMB_O', 'EMB_O', 'EMB_O', 'EMB_O', 'EMB_O', 'EMB_O', 'EMB_O', 'OPN_B', 'OPN_I', 'OPN_I', 'OPN_I', 'OPN_E', 'EMB_O', 'EMB_O', 'EMB_O', 'EMB_O', 'EMB_O', 'EMB_O', 'EMB_O', 'EMB_O', 'EMB_O', 'EMB_O', 'EMB_O', 'EMB_O', 'EMB_O', 'EMB_O', 'EMB_O', 'EMB_O', 'EMB_O', 'EMB_O', 'EMB_O', 'EMB_O', 'EMB_O', 'EMB_O', 'EMB_O', 'EMB_O', 'EMB_O', 'EMB_O', 'EMB_O', 'EMB_P', 'EMB_P', 'EMB_P', 'EMB_P', 'EMB_P', 'EMB_P', 'EMB_P', 'EMB_P', 'EMB_P', 'EMB_P', 'EMB_P', 'EMB_P', 'EMB_P', 'EMB_P', 'EMB_P', 'EMB_P', 'EMB_P', 'EMB_P', 'EMB_P', 'EMB_P', 'EMB_P', 'EMB_P', 'EMB_P', 'EMB_P', 'EMB_P', 'EMB_P', 'EMB_P', 'EMB_P', 'EMB_P', 'EMB_P', 'EMB_P', 'EMB_P', 'EMB_P', 'EMB_P', 'EMB_P', 'EMB_P', 'EMB_P', 'EMB_P', 'EMB_P', 'EMB_P', 'EMB_P', 'EMB_P', 'EMB_P', 'EMB_P', 'EMB_P', 'EMB_P', 'EMB_P', 'EMB_P', 'EMB_P', 'EMB_P', 'EMB_P', 'EMB_P', 'EMB_P', 'EMB_P']"
145,обслуговування,дуже навіть швидке,27539:4_1089,"А в іншому все прекрасно: і дівчина адміністратор (допомогла нам зробити вибір страв), затишна атмосфера, в залі не накуренно, обслуговування дуже навіть швидке, офіціатки уважні, їжа смачна.",7.5,6.7,"['EMB_O', 'EMB_O', 'EMB_O', 'EMB_O', 'EMB_O', 'EMB_O', 'EMB_O', 'EMB_O', 'EMB_O', 'EMB_O', 'EMB_O', 'EMB_O', 'EMB_O', 'EMB_O', 'EMB_O', 'EMB_O', 'EMB_O', 'EMB_O', 'EMB_O', 'EMB_O', 'EMB_O', 'EMB_O', 'EMB_O', 'EMB_O', 'EMB_O', 'EMB_O', 'EMB_O', 'EMB_O', 'EMB_O', 'EMB_O', 'EMB_O', 'EMB_O', 'EMB_O', 'EMB_O', 'EMB_O', 'EMB_O', 'EMB_O', 'EMB_O', 'EMB_O', 'EMB_O', 'EMB_O', 'EMB_O', 'EMB_O', 'EMB_O', 'EMB_O', 'EMB_O', 'EMB_O', 'EMB_O', 'ASP_B', 'ASP_I', 'ASP_I', 'ASP_E', 'EMB_O', 'EMB_O', 'EMB_O', 'EMB_O', 'EMB_O', 'EMB_O', 'EMB_O', 'EMB_O', 'EMB_O', 'EMB_O', 'EMB_O', 'EMB_O', 'EMB_O', 'EMB_O', 'EMB_O', 'EMB_O', 'EMB_O', 'EMB_O', 'EMB_O', 'EMB_O', 'EMB_O', 'EMB_O', 'EMB_P', 'EMB_P', 'EMB_P', 'EMB_P', 'EMB_P', 'EMB_P', 'EMB_P', 'EMB_P', 'EMB_P', 'EMB_P', 'EMB_P', 'EMB_P', 'EMB_P', 'EMB_P', 'EMB_P', 'EMB_P', 'EMB_P', 'EMB_P', 'EMB_P', 'EMB_P', 'EMB_P', 'EMB_P', 'EMB_P', 'EMB_P', 'EMB_P', 'EMB_P', 'EMB_P', 'EMB_P', 'EMB_P', 'EMB_P', 'EMB_P', 'EMB_P', 'EMB_P', 'EMB_P', 'EMB_P', 'EMB_P', 'EMB_P', 'EMB_P', 'EMB_P', 'EMB_P', 'EMB_P', 'EMB_P', 'EMB_P', 'EMB_P', 'EMB_P', 'EMB_P', 'EMB_P', 'EMB_P', 'EMB_P', 'EMB_P', 'EMB_P', 'EMB_P', 'EMB_P', 'EMB_P']","['EMB_O', 'EMB_O', 'EMB_O', 'EMB_O', 'EMB_O', 'EMB_O', 'EMB_O', 'EMB_O', 'EMB_O', 'EMB_O', 'EMB_O', 'EMB_O', 'EMB_O', 'EMB_O', 'EMB_O', 'EMB_O', 'EMB_O', 'EMB_O', 'EMB_O', 'EMB_O', 'EMB_O', 'EMB_O', 'EMB_O', 'EMB_O', 'EMB_O', 'EMB_O', 'EMB_O', 'EMB_O', 'EMB_O', 'EMB_O', 'EMB_O', 'EMB_O', 'EMB_O', 'EMB_O', 'EMB_O', 'EMB_O', 'EMB_O', 'EMB_O', 'EMB_O', 'EMB_O', 'EMB_O', 'EMB_O', 'EMB_O', 'EMB_O', 'EMB_O', 'EMB_O', 'EMB_O', 'EMB_O', 'EMB_O', 'EMB_O', 'EMB_O', 'EMB_O', 'OPN_B', 'OPN_I', 'OPN_I', 'OPN_I', 'OPN_E', 'EMB_O', 'EMB_O', 'EMB_O', 'EMB_O', 'EMB_O', 'EMB_O', 'EMB_O', 'EMB_O', 'EMB_O', 'EMB_O', 'EMB_O', 'EMB_O', 'EMB_O', 'EMB_O', 'EMB_O', 'EMB_O', 'EMB_O', 'EMB_P', 'EMB_P', 'EMB_P', 'EMB_P', 'EMB_P', 'EMB_P', 'EMB_P', 'EMB_P', 'EMB_P', 'EMB_P', 'EMB_P', 'EMB_P', 'EMB_P', 'EMB_P', 'EMB_P', 'EMB_P', 'EMB_P', 'EMB_P', 'EMB_P', 'EMB_P', 'EMB_P', 'EMB_P', 'EMB_P', 'EMB_P', 'EMB_P', 'EMB_P', 'EMB_P', 'EMB_P', 'EMB_P', 'EMB_P', 'EMB_P', 'EMB_P', 'EMB_P', 'EMB_P', 'EMB_P', 'EMB_P', 'EMB_P', 'EMB_P', 'EMB_P', 'EMB_P', 'EMB_P', 'EMB_P', 'EMB_P', 'EMB_P', 'EMB_P', 'EMB_P', 'EMB_P', 'EMB_P', 'EMB_P', 'EMB_P', 'EMB_P', 'EMB_P', 'EMB_P', 'EMB_P']"
146,офіціатки,уважні,27539:4_1089,"А в іншому все прекрасно: і дівчина адміністратор (допомогла нам зробити вибір страв), затишна атмосфера, в залі не накуренно, обслуговування дуже навіть швидке, офіціатки уважні, їжа смачна.",7.0,6.6,"['EMB_O', 'EMB_O', 'EMB_O', 'EMB_O', 'EMB_O', 'EMB_O', 'EMB_O', 'EMB_O', 'EMB_O', 'EMB_O', 'EMB_O', 'EMB_O', 'EMB_O', 'EMB_O', 'EMB_O', 'EMB_O', 'EMB_O', 'EMB_O', 'EMB_O', 'EMB_O', 'EMB_O', 'EMB_O', 'EMB_O', 'EMB_O', 'EMB_O', 'EMB_O', 'EMB_O', 'EMB_O', 'EMB_O', 'EMB_O', 'EMB_O', 'EMB_O', 'EMB_O', 'EMB_O', 'EMB_O', 'EMB_O', 'EMB_O', 'EMB_O', 'EMB_O', 'EMB_O', 'EMB_O', 'EMB_O', 'EMB_O', 'EMB_O', 'EMB_O', 'EMB_O', 'EMB_O', 'EMB_O', 'EMB_O', 'EMB_O', 'EMB_O', 'EMB_O', 'EMB_O', 'EMB_O', 'EMB_O', 'EMB_O', 'EMB_O', 'EMB_O', 'ASP_B', 'ASP_I', 'ASP_I', 'ASP_I', 'ASP_E', 'EMB_O', 'EMB_O', 'EMB_O', 'EMB_O', 'EMB_O', 'EMB_O', 'EMB_O', 'EMB_O', 'EMB_O', 'EMB_O', 'EMB_O', 'EMB_P', 'EMB_P', 'EMB_P', 'EMB_P', 'EMB_P', 'EMB_P', 'EMB_P', 'EMB_P', 'EMB_P', 'EMB_P', 'EMB_P', 'EMB_P', 'EMB_P', 'EMB_P', 'EMB_P', 'EMB_P', 'EMB_P', 'EMB_P', 'EMB_P', 'EMB_P', 'EMB_P', 'EMB_P', 'EMB_P', 'EMB_P', 'EMB_P', 'EMB_P', 'EMB_P', 'EMB_P', 'EMB_P', 'EMB_P', 'EMB_P', 'EMB_P', 'EMB_P', 'EMB_P', 'EMB_P', 'EMB_P', 'EMB_P', 'EMB_P', 'EMB_P', 'EMB_P', 'EMB_P', 'EMB_P', 'EMB_P', 'EMB_P', 'EMB_P', 'EMB_P', 'EMB_P', 'EMB_P', 'EMB_P', 'EMB_P', 'EMB_P', 'EMB_P', 'EMB_P', 'EMB_P']","['EMB_O', 'EMB_O', 'EMB_O', 'EMB_O', 'EMB_O', 'EMB_O', 'EMB_O', 'EMB_O', 'EMB_O', 'EMB_O', 'EMB_O', 'EMB_O', 'EMB_O', 'EMB_O', 'EMB_O', 'EMB_O', 'EMB_O', 'EMB_O', 'EMB_O', 'EMB_O', 'EMB_O', 'EMB_O', 'EMB_O', 'EMB_O', 'EMB_O', 'EMB_O', 'EMB_O', 'EMB_O', 'EMB_O', 'EMB_O', 'EMB_O', 'EMB_O', 'EMB_O', 'EMB_O', 'EMB_O', 'EMB_O', 'EMB_O', 'EMB_O', 'EMB_O', 'EMB_O', 'EMB_O', 'EMB_O', 'EMB_O', 'EMB_O', 'EMB_O', 'EMB_O', 'EMB_O', 'EMB_O', 'EMB_O', 'EMB_O', 'EMB_O', 'EMB_O', 'EMB_O', 'EMB_O', 'EMB_O', 'EMB_O', 'EMB_O', 'EMB_O', 'EMB_O', 'EMB_O', 'EMB_O', 'EMB_O', 'EMB_O', 'OPN_B', 'OPN_I', 'OPN_E', 'EMB_O', 'EMB_O', 'EMB_O', 'EMB_O', 'EMB_O', 'EMB_O', 'EMB_O', 'EMB_O', 'EMB_P', 'EMB_P', 'EMB_P', 'EMB_P', 'EMB_P', 'EMB_P', 'EMB_P', 'EMB_P', 'EMB_P', 'EMB_P', 'EMB_P', 'EMB_P', 'EMB_P', 'EMB_P', 'EMB_P', 'EMB_P', 'EMB_P', 'EMB_P', 'EMB_P', 'EMB_P', 'EMB_P', 'EMB_P', 'EMB_P', 'EMB_P', 'EMB_P', 'EMB_P', 'EMB_P', 'EMB_P', 'EMB_P', 'EMB_P', 'EMB_P', 'EMB_P', 'EMB_P', 'EMB_P', 'EMB_P', 'EMB_P', 'EMB_P', 'EMB_P', 'EMB_P', 'EMB_P', 'EMB_P', 'EMB_P', 'EMB_P', 'EMB_P', 'EMB_P', 'EMB_P', 'EMB_P', 'EMB_P', 'EMB_P', 'EMB_P', 'EMB_P', 'EMB_P', 'EMB_P', 'EMB_P']"
147,їжа,смачна,27539:4_1089,"А в іншому все прекрасно: і дівчина адміністратор (допомогла нам зробити вибір страв), затишна атмосфера, в залі не накуренно, обслуговування дуже навіть швидке, офіціатки уважні, їжа смачна.",7.0,6.6,"['EMB_O', 'EMB_O', 'EMB_O', 'EMB_O', 'EMB_O', 'EMB_O', 'EMB_O', 'EMB_O', 'EMB_O', 'EMB_O', 'EMB_O', 'EMB_O', 'EMB_O', 'EMB_O', 'EMB_O', 'EMB_O', 'EMB_O', 'EMB_O', 'EMB_O', 'EMB_O', 'EMB_O', 'EMB_O', 'EMB_O', 'EMB_O', 'EMB_O', 'EMB_O', 'EMB_O', 'EMB_O', 'EMB_O', 'EMB_O', 'EMB_O', 'EMB_O', 'EMB_O', 'EMB_O', 'EMB_O', 'EMB_O', 'EMB_O', 'EMB_O', 'EMB_O', 'EMB_O', 'EMB_O', 'EMB_O', 'EMB_O', 'EMB_O', 'EMB_O', 'EMB_O', 'EMB_O', 'EMB_O', 'EMB_O', 'EMB_O', 'EMB_O', 'EMB_O', 'EMB_O', 'EMB_O', 'EMB_O', 'EMB_O', 'EMB_O', 'EMB_O', 'EMB_O', 'EMB_O', 'EMB_O', 'EMB_O', 'EMB_O', 'EMB_O', 'EMB_O', 'EMB_O', 'EMB_O', 'ASP_B', 'ASP_E', 'EMB_O', 'EMB_O', 'EMB_O', 'EMB_O', 'EMB_O', 'EMB_P', 'EMB_P', 'EMB_P', 'EMB_P', 'EMB_P', 'EMB_P', 'EMB_P', 'EMB_P', 'EMB_P', 'EMB_P', 'EMB_P', 'EMB_P', 'EMB_P', 'EMB_P', 'EMB_P', 'EMB_P', 'EMB_P', 'EMB_P', 'EMB_P', 'EMB_P', 'EMB_P', 'EMB_P', 'EMB_P', 'EMB_P', 'EMB_P', 'EMB_P', 'EMB_P', 'EMB_P', 'EMB_P', 'EMB_P', 'EMB_P', 'EMB_P', 'EMB_P', 'EMB_P', 'EMB_P', 'EMB_P', 'EMB_P', 'EMB_P', 'EMB_P', 'EMB_P', 'EMB_P', 'EMB_P', 'EMB_P', 'EMB_P', 'EMB_P', 'EMB_P', 'EMB_P', 'EMB_P', 'EMB_P', 'EMB_P', 'EMB_P', 'EMB_P', 'EMB_P', 'EMB_P']","['EMB_O', 'EMB_O', 'EMB_O', 'EMB_O', 'EMB_O', 'EMB_O', 'EMB_O', 'EMB_O', 'EMB_O', 'EMB_O', 'EMB_O', 'EMB_O', 'EMB_O', 'EMB_O', 'EMB_O', 'EMB_O', 'EMB_O', 'EMB_O', 'EMB_O', 'EMB_O', 'EMB_O', 'EMB_O', 'EMB_O', 'EMB_O', 'EMB_O', 'EMB_O', 'EMB_O', 'EMB_O', 'EMB_O', 'EMB_O', 'EMB_O', 'EMB_O', 'EMB_O', 'EMB_O', 'EMB_O', 'EMB_O', 'EMB_O', 'EMB_O', 'EMB_O', 'EMB_O', 'EMB_O', 'EMB_O', 'EMB_O', 'EMB_O', 'EMB_O', 'EMB_O', 'EMB_O', 'EMB_O', 'EMB_O', 'EMB_O', 'EMB_O', 'EMB_O', 'EMB_O', 'EMB_O', 'EMB_O', 'EMB_O', 'EMB_O', 'EMB_O', 'EMB_O', 'EMB_O', 'EMB_O', 'EMB_O', 'EMB_O', 'EMB_O', 'EMB_O', 'EMB_O', 'EMB_O', 'EMB_O', 'EMB_O', 'OPN_B', 'OPN_I', 'OPN_E', 'EMB_O', 'EMB_O', 'EMB_P', 'EMB_P', 'EMB_P', 'EMB_P', 'EMB_P', 'EMB_P', 'EMB_P', 'EMB_P', 'EMB_P', 'EMB_P', 'EMB_P', 'EMB_P', 'EMB_P', 'EMB_P', 'EMB_P', 'EMB_P', 'EMB_P', 'EMB_P', 'EMB_P', 'EMB_P', 'EMB_P', 'EMB_P', 'EMB_P', 'EMB_P', 'EMB_P', 'EMB_P', 'EMB_P', 'EMB_P', 'EMB_P', 'EMB_P', 'EMB_P', 'EMB_P', 'EMB_P', 'EMB_P', 'EMB_P', 'EMB_P', 'EMB_P', 'EMB_P', 'EMB_P', 'EMB_P', 'EMB_P', 'EMB_P', 'EMB_P', 'EMB_P', 'EMB_P', 'EMB_P', 'EMB_P', 'EMB_P', 'EMB_P', 'EMB_P', 'EMB_P', 'EMB_P', 'EMB_P', 'EMB_P']"
148,китайський ресторан,трохи дорожче,27539:5_1090,"В цілому пристойний китайський ресторан, їжа звичайно трохи дорожче, ніж скажімо в ""Харбіні"", але ресторан того вартий.",4.75,3.62,"['EMB_O', 'EMB_O', 'EMB_O', 'EMB_O', 'EMB_O', 'EMB_O', 'EMB_O', 'ASP_B', 'ASP_I', 'ASP_I', 'ASP_I', 'ASP_I', 'ASP_E', 'EMB_O', 'EMB_O', 'EMB_O', 'EMB_O', 'EMB_O', 'EMB_O', 'EMB_O', 'EMB_O', 'EMB_O', 'EMB_O', 'EMB_O', 'EMB_O', 'EMB_O', 'EMB_O', 'EMB_O', 'EMB_O', 'EMB_O', 'EMB_O', 'EMB_O', 'EMB_O', 'EMB_O', 'EMB_O', 'EMB_O', 'EMB_O', 'EMB_O', 'EMB_O', 'EMB_O', 'EMB_O', 'EMB_O', 'EMB_O', 'EMB_O', 'EMB_O', 'EMB_O', 'EMB_O', 'EMB_O', 'EMB_P', 'EMB_P', 'EMB_P', 'EMB_P', 'EMB_P', 'EMB_P', 'EMB_P', 'EMB_P', 'EMB_P', 'EMB_P', 'EMB_P', 'EMB_P', 'EMB_P', 'EMB_P', 'EMB_P', 'EMB_P', 'EMB_P', 'EMB_P', 'EMB_P', 'EMB_P', 'EMB_P', 'EMB_P', 'EMB_P', 'EMB_P', 'EMB_P', 'EMB_P', 'EMB_P', 'EMB_P', 'EMB_P', 'EMB_P', 'EMB_P', 'EMB_P', 'EMB_P', 'EMB_P', 'EMB_P', 'EMB_P', 'EMB_P', 'EMB_P', 'EMB_P', 'EMB_P', 'EMB_P', 'EMB_P', 'EMB_P', 'EMB_P', 'EMB_P', 'EMB_P', 'EMB_P', 'EMB_P', 'EMB_P', 'EMB_P', 'EMB_P', 'EMB_P', 'EMB_P', 'EMB_P', 'EMB_P', 'EMB_P', 'EMB_P', 'EMB_P', 'EMB_P', 'EMB_P', 'EMB_P', 'EMB_P', 'EMB_P', 'EMB_P', 'EMB_P', 'EMB_P', 'EMB_P', 'EMB_P', 'EMB_P', 'EMB_P', 'EMB_P', 'EMB_P', 'EMB_P', 'EMB_P', 'EMB_P', 'EMB_P', 'EMB_P', 'EMB_P', 'EMB_P', 'EMB_P']","['EMB_O', 'EMB_O', 'EMB_O', 'EMB_O', 'EMB_O', 'EMB_O', 'EMB_O', 'EMB_O', 'EMB_O', 'EMB_O', 'EMB_O', 'EMB_O', 'EMB_O', 'EMB_O', 'EMB_O', 'EMB_O', 'EMB_O', 'EMB_O', 'OPN_B', 'OPN_I', 'OPN_I', 'OPN_I', 'OPN_I', 'OPN_E', 'EMB_O', 'EMB_O', 'EMB_O', 'EMB_O', 'EMB_O', 'EMB_O', 'EMB_O', 'EMB_O', 'EMB_O', 'EMB_O', 'EMB_O', 'EMB_O', 'EMB_O', 'EMB_O', 'EMB_O', 'EMB_O', 'EMB_O', 'EMB_O', 'EMB_O', 'EMB_O', 'EMB_O', 'EMB_O', 'EMB_O', 'EMB_O', 'EMB_P', 'EMB_P', 'EMB_P', 'EMB_P', 'EMB_P', 'EMB_P', 'EMB_P', 'EMB_P', 'EMB_P', 'EMB_P', 'EMB_P', 'EMB_P', 'EMB_P', 'EMB_P', 'EMB_P', 'EMB_P', 'EMB_P', 'EMB_P', 'EMB_P', 'EMB_P', 'EMB_P', 'EMB_P', 'EMB_P', 'EMB_P', 'EMB_P', 'EMB_P', 'EMB_P', 'EMB_P', 'EMB_P', 'EMB_P', 'EMB_P', 'EMB_P', 'EMB_P', 'EMB_P', 'EMB_P', 'EMB_P', 'EMB_P', 'EMB_P', 'EMB_P', 'EMB_P', 'EMB_P', 'EMB_P', 'EMB_P', 'EMB_P', 'EMB_P', 'EMB_P', 'EMB_P', 'EMB_P', 'EMB_P', 'EMB_P', 'EMB_P', 'EMB_P', 'EMB_P', 'EMB_P', 'EMB_P', 'EMB_P', 'EMB_P', 'EMB_P', 'EMB_P', 'EMB_P', 'EMB_P', 'EMB_P', 'EMB_P', 'EMB_P', 'EMB_P', 'EMB_P', 'EMB_P', 'EMB_P', 'EMB_P', 'EMB_P', 'EMB_P', 'EMB_P', 'EMB_P', 'EMB_P', 'EMB_P', 'EMB_P', 'EMB_P', 'EMB_P', 'EMB_P', 'EMB_P']"
149,ресторан,улюбленим,27569:2_1091,"Все дуже сподобалося-і кухня, і обслуговування, і обстановка. цей ресторан відразу став улюбленим, тому час від часу туди заглядаємо.",8.5,7.88,"['EMB_O', 'EMB_O', 'EMB_O', 'EMB_O', 'EMB_O', 'EMB_O', 'EMB_O', 'EMB_O', 'EMB_O', 'EMB_O', 'EMB_O', 'EMB_O', 'EMB_O', 'EMB_O', 'EMB_O', 'EMB_O', 'EMB_O', 'EMB_O', 'EMB_O', 'EMB_O', 'EMB_O', 'EMB_O', 'EMB_O', 'EMB_O', 'EMB_O', 'EMB_O', 'ASP_B', 'ASP_I', 'ASP_E', 'EMB_O', 'EMB_O', 'EMB_O', 'EMB_O', 'EMB_O', 'EMB_O', 'EMB_O', 'EMB_O', 'EMB_O', 'EMB_O', 'EMB_O', 'EMB_O', 'EMB_O', 'EMB_O', 'EMB_O', 'EMB_O', 'EMB_O', 'EMB_O', 'EMB_O', 'EMB_O', 'EMB_P', 'EMB_P', 'EMB_P', 'EMB_P', 'EMB_P', 'EMB_P', 'EMB_P', 'EMB_P', 'EMB_P', 'EMB_P', 'EMB_P', 'EMB_P', 'EMB_P', 'EMB_P', 'EMB_P', 'EMB_P', 'EMB_P', 'EMB_P', 'EMB_P', 'EMB_P', 'EMB_P', 'EMB_P', 'EMB_P', 'EMB_P', 'EMB_P', 'EMB_P', 'EMB_P', 'EMB_P', 'EMB_P', 'EMB_P', 'EMB_P', 'EMB_P', 'EMB_P', 'EMB_P', 'EMB_P', 'EMB_P', 'EMB_P', 'EMB_P', 'EMB_P', 'EMB_P', 'EMB_P', 'EMB_P', 'EMB_P', 'EMB_P', 'EMB_P', 'EMB_P', 'EMB_P', 'EMB_P', 'EMB_P', 'EMB_P', 'EMB_P', 'EMB_P', 'EMB_P', 'EMB_P', 'EMB_P', 'EMB_P', 'EMB_P', 'EMB_P', 'EMB_P', 'EMB_P', 'EMB_P', 'EMB_P', 'EMB_P', 'EMB_P', 'EMB_P', 'EMB_P', 'EMB_P', 'EMB_P', 'EMB_P', 'EMB_P', 'EMB_P', 'EMB_P', 'EMB_P', 'EMB_P', 'EMB_P', 'EMB_P', 'EMB_P', 'EMB_P', 'EMB_P']","['EMB_O', 'EMB_O', 'EMB_O', 'EMB_O', 'EMB_O', 'EMB_O', 'EMB_O', 'EMB_O', 'EMB_O', 'EMB_O', 'EMB_O', 'EMB_O', 'EMB_O', 'EMB_O', 'EMB_O', 'EMB_O', 'EMB_O', 'EMB_O', 'EMB_O', 'EMB_O', 'EMB_O', 'EMB_O', 'EMB_O', 'EMB_O', 'EMB_O', 'EMB_O', 'EMB_O', 'EMB_O', 'EMB_O', 'EMB_O', 'EMB_O', 'EMB_O', 'OPN_B', 'OPN_I', 'OPN_I', 'OPN_E', 'EMB_O', 'EMB_O', 'EMB_O', 'EMB_O', 'EMB_O', 'EMB_O', 'EMB_O', 'EMB_O', 'EMB_O', 'EMB_O', 'EMB_O', 'EMB_O', 'EMB_O', 'EMB_P', 'EMB_P', 'EMB_P', 'EMB_P', 'EMB_P', 'EMB_P', 'EMB_P', 'EMB_P', 'EMB_P', 'EMB_P', 'EMB_P', 'EMB_P', 'EMB_P', 'EMB_P', 'EMB_P', 'EMB_P', 'EMB_P', 'EMB_P', 'EMB_P', 'EMB_P', 'EMB_P', 'EMB_P', 'EMB_P', 'EMB_P', 'EMB_P', 'EMB_P', 'EMB_P', 'EMB_P', 'EMB_P', 'EMB_P', 'EMB_P', 'EMB_P', 'EMB_P', 'EMB_P', 'EMB_P', 'EMB_P', 'EMB_P', 'EMB_P', 'EMB_P', 'EMB_P', 'EMB_P', 'EMB_P', 'EMB_P', 'EMB_P', 'EMB_P', 'EMB_P', 'EMB_P', 'EMB_P', 'EMB_P', 'EMB_P', 'EMB_P', 'EMB_P', 'EMB_P', 'EMB_P', 'EMB_P', 'EMB_P', 'EMB_P', 'EMB_P', 'EMB_P', 'EMB_P', 'EMB_P', 'EMB_P', 'EMB_P', 'EMB_P', 'EMB_P', 'EMB_P', 'EMB_P', 'EMB_P', 'EMB_P', 'EMB_P', 'EMB_P', 'EMB_P', 'EMB_P', 'EMB_P', 'EMB_P', 'EMB_P', 'EMB_P', 'EMB_P', 'EMB_P']"
150,їжу,дуже смачно,27569:6_1092,"Готують в Арагві дуже смачно, чекати їжу доводиться недовго.",7.8,7.2,"['EMB_O', 'EMB_O', 'EMB_O', 'EMB_O', 'EMB_O', 'EMB_O', 'EMB_O', 'EMB_O', 'EMB_O', 'EMB_O', 'EMB_O', 'EMB_O', 'EMB_O', 'EMB_O', 'EMB_O', 'ASP_B', 'ASP_E', 'EMB_O', 'EMB_O', 'EMB_O', 'EMB_O', 'EMB_O', 'EMB_O', 'EMB_O', 'EMB_O', 'EMB_P', 'EMB_P', 'EMB_P', 'EMB_P', 'EMB_P', 'EMB_P', 'EMB_P', 'EMB_P', 'EMB_P', 'EMB_P', 'EMB_P', 'EMB_P', 'EMB_P', 'EMB_P', 'EMB_P', 'EMB_P', 'EMB_P', 'EMB_P', 'EMB_P', 'EMB_P', 'EMB_P', 'EMB_P', 'EMB_P', 'EMB_P', 'EMB_P', 'EMB_P', 'EMB_P', 'EMB_P', 'EMB_P', 'EMB_P', 'EMB_P', 'EMB_P', 'EMB_P', 'EMB_P', 'EMB_P', 'EMB_P', 'EMB_P', 'EMB_P', 'EMB_P', 'EMB_P', 'EMB_P', 'EMB_P', 'EMB_P', 'EMB_P', 'EMB_P', 'EMB_P', 'EMB_P', 'EMB_P', 'EMB_P', 'EMB_P', 'EMB_P', 'EMB_P', 'EMB_P', 'EMB_P', 'EMB_P', 'EMB_P', 'EMB_P', 'EMB_P', 'EMB_P', 'EMB_P', 'EMB_P', 'EMB_P', 'EMB_P', 'EMB_P', 'EMB_P', 'EMB_P', 'EMB_P', 'EMB_P', 'EMB_P', 'EMB_P', 'EMB_P', 'EMB_P', 'EMB_P', 'EMB_P', 'EMB_P', 'EMB_P', 'EMB_P', 'EMB_P', 'EMB_P', 'EMB_P', 'EMB_P', 'EMB_P', 'EMB_P', 'EMB_P', 'EMB_P', 'EMB_P', 'EMB_P', 'EMB_P', 'EMB_P', 'EMB_P', 'EMB_P', 'EMB_P', 'EMB_P', 'EMB_P', 'EMB_P', 'EMB_P', 'EMB_P', 'EMB_P', 'EMB_P', 'EMB_P', 'EMB_P', 'EMB_P', 'EMB_P']","['EMB_O', 'EMB_O', 'EMB_O', 'EMB_O', 'EMB_O', 'EMB_O', 'EMB_O', 'EMB_O', 'OPN_B', 'OPN_I', 'OPN_I', 'OPN_E', 'EMB_O', 'EMB_O', 'EMB_O', 'EMB_O', 'EMB_O', 'EMB_O', 'EMB_O', 'EMB_O', 'EMB_O', 'EMB_O', 'EMB_O', 'EMB_O', 'EMB_O', 'EMB_P', 'EMB_P', 'EMB_P', 'EMB_P', 'EMB_P', 'EMB_P', 'EMB_P', 'EMB_P', 'EMB_P', 'EMB_P', 'EMB_P', 'EMB_P', 'EMB_P', 'EMB_P', 'EMB_P', 'EMB_P', 'EMB_P', 'EMB_P', 'EMB_P', 'EMB_P', 'EMB_P', 'EMB_P', 'EMB_P', 'EMB_P', 'EMB_P', 'EMB_P', 'EMB_P', 'EMB_P', 'EMB_P', 'EMB_P', 'EMB_P', 'EMB_P', 'EMB_P', 'EMB_P', 'EMB_P', 'EMB_P', 'EMB_P', 'EMB_P', 'EMB_P', 'EMB_P', 'EMB_P', 'EMB_P', 'EMB_P', 'EMB_P', 'EMB_P', 'EMB_P', 'EMB_P', 'EMB_P', 'EMB_P', 'EMB_P', 'EMB_P', 'EMB_P', 'EMB_P', 'EMB_P', 'EMB_P', 'EMB_P', 'EMB_P', 'EMB_P', 'EMB_P', 'EMB_P', 'EMB_P', 'EMB_P', 'EMB_P', 'EMB_P', 'EMB_P', 'EMB_P', 'EMB_P', 'EMB_P', 'EMB_P', 'EMB_P', 'EMB_P', 'EMB_P', 'EMB_P', 'EMB_P', 'EMB_P', 'EMB_P', 'EMB_P', 'EMB_P', 'EMB_P', 'EMB_P', 'EMB_P', 'EMB_P', 'EMB_P', 'EMB_P', 'EMB_P', 'EMB_P', 'EMB_P', 'EMB_P', 'EMB_P', 'EMB_P', 'EMB_P', 'EMB_P', 'EMB_P', 'EMB_P', 'EMB_P', 'EMB_P', 'EMB_P', 'EMB_P', 'EMB_P', 'EMB_P', 'EMB_P', 'EMB_P', 'EMB_P']"
151,зелень з овочами,цілий кошик,27569:7_1093,"Замовляли зелень з овочами, так там принесли цього добра цілий кошик.))",7.33,7.17,"['EMB_O', 'EMB_O', 'EMB_O', 'EMB_O', 'ASP_B', 'ASP_I', 'ASP_I', 'ASP_I', 'ASP_I', 'ASP_I', 'ASP_E', 'EMB_O', 'EMB_O', 'EMB_O', 'EMB_O', 'EMB_O', 'EMB_O', 'EMB_O', 'EMB_O', 'EMB_O', 'EMB_O', 'EMB_O', 'EMB_O', 'EMB_O', 'EMB_O', 'EMB_O', 'EMB_O', 'EMB_P', 'EMB_P', 'EMB_P', 'EMB_P', 'EMB_P', 'EMB_P', 'EMB_P', 'EMB_P', 'EMB_P', 'EMB_P', 'EMB_P', 'EMB_P', 'EMB_P', 'EMB_P', 'EMB_P', 'EMB_P', 'EMB_P', 'EMB_P', 'EMB_P', 'EMB_P', 'EMB_P', 'EMB_P', 'EMB_P', 'EMB_P', 'EMB_P', 'EMB_P', 'EMB_P', 'EMB_P', 'EMB_P', 'EMB_P', 'EMB_P', 'EMB_P', 'EMB_P', 'EMB_P', 'EMB_P', 'EMB_P', 'EMB_P', 'EMB_P', 'EMB_P', 'EMB_P', 'EMB_P', 'EMB_P', 'EMB_P', 'EMB_P', 'EMB_P', 'EMB_P', 'EMB_P', 'EMB_P', 'EMB_P', 'EMB_P', 'EMB_P', 'EMB_P', 'EMB_P', 'EMB_P', 'EMB_P', 'EMB_P', 'EMB_P', 'EMB_P', 'EMB_P', 'EMB_P', 'EMB_P', 'EMB_P', 'EMB_P', 'EMB_P', 'EMB_P', 'EMB_P', 'EMB_P', 'EMB_P', 'EMB_P', 'EMB_P', 'EMB_P', 'EMB_P', 'EMB_P', 'EMB_P', 'EMB_P', 'EMB_P', 'EMB_P', 'EMB_P', 'EMB_P', 'EMB_P', 'EMB_P', 'EMB_P', 'EMB_P', 'EMB_P', 'EMB_P', 'EMB_P', 'EMB_P', 'EMB_P', 'EMB_P', 'EMB_P', 'EMB_P', 'EMB_P', 'EMB_P', 'EMB_P', 'EMB_P', 'EMB_P', 'EMB_P', 'EMB_P', 'EMB_P', 'EMB_P', 'EMB_P']","['EMB_O', 'EMB_O', 'EMB_O', 'EMB_O', 'EMB_O', 'EMB_O', 'EMB_O', 'EMB_O', 'EMB_O', 'EMB_O', 'EMB_O', 'EMB_O', 'EMB_O', 'EMB_O', 'EMB_O', 'EMB_O', 'EMB_O', 'EMB_O', 'OPN_B', 'OPN_I', 'OPN_I', 'OPN_I', 'OPN_E', 'EMB_O', 'EMB_O', 'EMB_O', 'EMB_O', 'EMB_P', 'EMB_P', 'EMB_P', 'EMB_P', 'EMB_P', 'EMB_P', 'EMB_P', 'EMB_P', 'EMB_P', 'EMB_P', 'EMB_P', 'EMB_P', 'EMB_P', 'EMB_P', 'EMB_P', 'EMB_P', 'EMB_P', 'EMB_P', 'EMB_P', 'EMB_P', 'EMB_P', 'EMB_P', 'EMB_P', 'EMB_P', 'EMB_P', 'EMB_P', 'EMB_P', 'EMB_P', 'EMB_P', 'EMB_P', 'EMB_P', 'EMB_P', 'EMB_P', 'EMB_P', 'EMB_P', 'EMB_P', 'EMB_P', 'EMB_P', 'EMB_P', 'EMB_P', 'EMB_P', 'EMB_P', 'EMB_P', 'EMB_P', 'EMB_P', 'EMB_P', 'EMB_P', 'EMB_P', 'EMB_P', 'EMB_P', 'EMB_P', 'EMB_P', 'EMB_P', 'EMB_P', 'EMB_P', 'EMB_P', 'EMB_P', 'EMB_P', 'EMB_P', 'EMB_P', 'EMB_P', 'EMB_P', 'EMB_P', 'EMB_P', 'EMB_P', 'EMB_P', 'EMB_P', 'EMB_P', 'EMB_P', 'EMB_P', 'EMB_P', 'EMB_P', 'EMB_P', 'EMB_P', 'EMB_P', 'EMB_P', 'EMB_P', 'EMB_P', 'EMB_P', 'EMB_P', 'EMB_P', 'EMB_P', 'EMB_P', 'EMB_P', 'EMB_P', 'EMB_P', 'EMB_P', 'EMB_P', 'EMB_P', 'EMB_P', 'EMB_P', 'EMB_P', 'EMB_P', 'EMB_P', 'EMB_P', 'EMB_P', 'EMB_P', 'EMB_P', 'EMB_P', 'EMB_P', 'EMB_P']"
152,шашлик,на любителя,27569:8_1094,"шашлик на любителя-комусь подобається з телятини, комусь зі свинини.",5.1,3.4,"['EMB_O', 'ASP_B', 'ASP_I', 'ASP_E', 'EMB_O', 'EMB_O', 'EMB_O', 'EMB_O', 'EMB_O', 'EMB_O', 'EMB_O', 'EMB_O', 'EMB_O', 'EMB_O', 'EMB_O', 'EMB_O', 'EMB_O', 'EMB_O', 'EMB_O', 'EMB_O', 'EMB_O', 'EMB_O', 'EMB_O', 'EMB_O', 'EMB_O', 'EMB_O', 'EMB_O', 'EMB_O', 'EMB_O', 'EMB_O', 'EMB_P', 'EMB_P', 'EMB_P', 'EMB_P', 'EMB_P', 'EMB_P', 'EMB_P', 'EMB_P', 'EMB_P', 'EMB_P', 'EMB_P', 'EMB_P', 'EMB_P', 'EMB_P', 'EMB_P', 'EMB_P', 'EMB_P', 'EMB_P', 'EMB_P', 'EMB_P', 'EMB_P', 'EMB_P', 'EMB_P', 'EMB_P', 'EMB_P', 'EMB_P', 'EMB_P', 'EMB_P', 'EMB_P', 'EMB_P', 'EMB_P', 'EMB_P', 'EMB_P', 'EMB_P', 'EMB_P', 'EMB_P', 'EMB_P', 'EMB_P', 'EMB_P', 'EMB_P', 'EMB_P', 'EMB_P', 'EMB_P', 'EMB_P', 'EMB_P', 'EMB_P', 'EMB_P', 'EMB_P', 'EMB_P', 'EMB_P', 'EMB_P', 'EMB_P', 'EMB_P', 'EMB_P', 'EMB_P', 'EMB_P', 'EMB_P', 'EMB_P', 'EMB_P', 'EMB_P', 'EMB_P', 'EMB_P', 'EMB_P', 'EMB_P', 'EMB_P', 'EMB_P', 'EMB_P', 'EMB_P', 'EMB_P', 'EMB_P', 'EMB_P', 'EMB_P', 'EMB_P', 'EMB_P', 'EMB_P', 'EMB_P', 'EMB_P', 'EMB_P', 'EMB_P', 'EMB_P', 'EMB_P', 'EMB_P', 'EMB_P', 'EMB_P', 'EMB_P', 'EMB_P', 'EMB_P', 'EMB_P', 'EMB_P', 'EMB_P', 'EMB_P', 'EMB_P', 'EMB_P', 'EMB_P', 'EMB_P', 'EMB_P', 'EMB_P', 'EMB_P']","['EMB_O', 'EMB_O', 'EMB_O', 'EMB_O', 'OPN_B', 'OPN_I', 'OPN_I', 'OPN_I', 'OPN_E', 'EMB_O', 'EMB_O', 'EMB_O', 'EMB_O', 'EMB_O', 'EMB_O', 'EMB_O', 'EMB_O', 'EMB_O', 'EMB_O', 'EMB_O', 'EMB_O', 'EMB_O', 'EMB_O', 'EMB_O', 'EMB_O', 'EMB_O', 'EMB_O', 'EMB_O', 'EMB_O', 'EMB_O', 'EMB_P', 'EMB_P', 'EMB_P', 'EMB_P', 'EMB_P', 'EMB_P', 'EMB_P', 'EMB_P', 'EMB_P', 'EMB_P', 'EMB_P', 'EMB_P', 'EMB_P', 'EMB_P', 'EMB_P', 'EMB_P', 'EMB_P', 'EMB_P', 'EMB_P', 'EMB_P', 'EMB_P', 'EMB_P', 'EMB_P', 'EMB_P', 'EMB_P', 'EMB_P', 'EMB_P', 'EMB_P', 'EMB_P', 'EMB_P', 'EMB_P', 'EMB_P', 'EMB_P', 'EMB_P', 'EMB_P', 'EMB_P', 'EMB_P', 'EMB_P', 'EMB_P', 'EMB_P', 'EMB_P', 'EMB_P', 'EMB_P', 'EMB_P', 'EMB_P', 'EMB_P', 'EMB_P', 'EMB_P', 'EMB_P', 'EMB_P', 'EMB_P', 'EMB_P', 'EMB_P', 'EMB_P', 'EMB_P', 'EMB_P', 'EMB_P', 'EMB_P', 'EMB_P', 'EMB_P', 'EMB_P', 'EMB_P', 'EMB_P', 'EMB_P', 'EMB_P', 'EMB_P', 'EMB_P', 'EMB_P', 'EMB_P', 'EMB_P', 'EMB_P', 'EMB_P', 'EMB_P', 'EMB_P', 'EMB_P', 'EMB_P', 'EMB_P', 'EMB_P', 'EMB_P', 'EMB_P', 'EMB_P', 'EMB_P', 'EMB_P', 'EMB_P', 'EMB_P', 'EMB_P', 'EMB_P', 'EMB_P', 'EMB_P', 'EMB_P', 'EMB_P', 'EMB_P', 'EMB_P', 'EMB_P', 'EMB_P', 'EMB_P', 'EMB_P', 'EMB_P']"
153,чебуреки,Дуже смачні,27569:9_1095,Дуже смачні чебуреки!,8.12,7.88,"['EMB_O', 'EMB_O', 'EMB_O', 'EMB_O', 'EMB_O', 'EMB_O', 'EMB_O', 'ASP_B', 'ASP_I', 'ASP_E', 'EMB_O', 'EMB_O', 'EMB_P', 'EMB_P', 'EMB_P', 'EMB_P', 'EMB_P', 'EMB_P', 'EMB_P', 'EMB_P', 'EMB_P', 'EMB_P', 'EMB_P', 'EMB_P', 'EMB_P', 'EMB_P', 'EMB_P', 'EMB_P', 'EMB_P', 'EMB_P', 'EMB_P', 'EMB_P', 'EMB_P', 'EMB_P', 'EMB_P', 'EMB_P', 'EMB_P', 'EMB_P', 'EMB_P', 'EMB_P', 'EMB_P', 'EMB_P', 'EMB_P', 'EMB_P', 'EMB_P', 'EMB_P', 'EMB_P', 'EMB_P', 'EMB_P', 'EMB_P', 'EMB_P', 'EMB_P', 'EMB_P', 'EMB_P', 'EMB_P', 'EMB_P', 'EMB_P', 'EMB_P', 'EMB_P', 'EMB_P', 'EMB_P', 'EMB_P', 'EMB_P', 'EMB_P', 'EMB_P', 'EMB_P', 'EMB_P', 'EMB_P', 'EMB_P', 'EMB_P', 'EMB_P', 'EMB_P', 'EMB_P', 'EMB_P', 'EMB_P', 'EMB_P', 'EMB_P', 'EMB_P', 'EMB_P', 'EMB_P', 'EMB_P', 'EMB_P', 'EMB_P', 'EMB_P', 'EMB_P', 'EMB_P', 'EMB_P', 'EMB_P', 'EMB_P', 'EMB_P', 'EMB_P', 'EMB_P', 'EMB_P', 'EMB_P', 'EMB_P', 'EMB_P', 'EMB_P', 'EMB_P', 'EMB_P', 'EMB_P', 'EMB_P', 'EMB_P', 'EMB_P', 'EMB_P', 'EMB_P', 'EMB_P', 'EMB_P', 'EMB_P', 'EMB_P', 'EMB_P', 'EMB_P', 'EMB_P', 'EMB_P', 'EMB_P', 'EMB_P', 'EMB_P', 'EMB_P', 'EMB_P', 'EMB_P', 'EMB_P', 'EMB_P', 'EMB_P', 'EMB_P', 'EMB_P', 'EMB_P', 'EMB_P', 'EMB_P', 'EMB_P']","['EMB_O', 'OPN_B', 'OPN_I', 'OPN_I', 'OPN_I', 'OPN_I', 'OPN_E', 'EMB_O', 'EMB_O', 'EMB_O', 'EMB_O', 'EMB_O', 'EMB_P', 'EMB_P', 'EMB_P', 'EMB_P', 'EMB_P', 'EMB_P', 'EMB_P', 'EMB_P', 'EMB_P', 'EMB_P', 'EMB_P', 'EMB_P', 'EMB_P', 'EMB_P', 'EMB_P', 'EMB_P', 'EMB_P', 'EMB_P', 'EMB_P', 'EMB_P', 'EMB_P', 'EMB_P', 'EMB_P', 'EMB_P', 'EMB_P', 'EMB_P', 'EMB_P', 'EMB_P', 'EMB_P', 'EMB_P', 'EMB_P', 'EMB_P', 'EMB_P', 'EMB_P', 'EMB_P', 'EMB_P', 'EMB_P', 'EMB_P', 'EMB_P', 'EMB_P', 'EMB_P', 'EMB_P', 'EMB_P', 'EMB_P', 'EMB_P', 'EMB_P', 'EMB_P', 'EMB_P', 'EMB_P', 'EMB_P', 'EMB_P', 'EMB_P', 'EMB_P', 'EMB_P', 'EMB_P', 'EMB_P', 'EMB_P', 'EMB_P', 'EMB_P', 'EMB_P', 'EMB_P', 'EMB_P', 'EMB_P', 'EMB_P', 'EMB_P', 'EMB_P', 'EMB_P', 'EMB_P', 'EMB_P', 'EMB_P', 'EMB_P', 'EMB_P', 'EMB_P', 'EMB_P', 'EMB_P', 'EMB_P', 'EMB_P', 'EMB_P', 'EMB_P', 'EMB_P', 'EMB_P', 'EMB_P', 'EMB_P', 'EMB_P', 'EMB_P', 'EMB_P', 'EMB_P', 'EMB_P', 'EMB_P', 'EMB_P', 'EMB_P', 'EMB_P', 'EMB_P', 'EMB_P', 'EMB_P', 'EMB_P', 'EMB_P', 'EMB_P', 'EMB_P', 'EMB_P', 'EMB_P', 'EMB_P', 'EMB_P', 'EMB_P', 'EMB_P', 'EMB_P', 'EMB_P', 'EMB_P', 'EMB_P', 'EMB_P', 'EMB_P', 'EMB_P', 'EMB_P', 'EMB_P', 'EMB_P', 'EMB_P']"
154,десертів,дуже смачні,27569:10_1096,"десертів небагато, але теж дуже смачні.",7.8,7.0,"['EMB_O', 'ASP_B', 'ASP_I', 'ASP_E', 'EMB_O', 'EMB_O', 'EMB_O', 'EMB_O', 'EMB_O', 'EMB_O', 'EMB_O', 'EMB_O', 'EMB_O', 'EMB_O', 'EMB_O', 'EMB_O', 'EMB_P', 'EMB_P', 'EMB_P', 'EMB_P', 'EMB_P', 'EMB_P', 'EMB_P', 'EMB_P', 'EMB_P', 'EMB_P', 'EMB_P', 'EMB_P', 'EMB_P', 'EMB_P', 'EMB_P', 'EMB_P', 'EMB_P', 'EMB_P', 'EMB_P', 'EMB_P', 'EMB_P', 'EMB_P', 'EMB_P', 'EMB_P', 'EMB_P', 'EMB_P', 'EMB_P', 'EMB_P', 'EMB_P', 'EMB_P', 'EMB_P', 'EMB_P', 'EMB_P', 'EMB_P', 'EMB_P', 'EMB_P', 'EMB_P', 'EMB_P', 'EMB_P', 'EMB_P', 'EMB_P', 'EMB_P', 'EMB_P', 'EMB_P', 'EMB_P', 'EMB_P', 'EMB_P', 'EMB_P', 'EMB_P', 'EMB_P', 'EMB_P', 'EMB_P', 'EMB_P', 'EMB_P', 'EMB_P', 'EMB_P', 'EMB_P', 'EMB_P', 'EMB_P', 'EMB_P', 'EMB_P', 'EMB_P', 'EMB_P', 'EMB_P', 'EMB_P', 'EMB_P', 'EMB_P', 'EMB_P', 'EMB_P', 'EMB_P', 'EMB_P', 'EMB_P', 'EMB_P', 'EMB_P', 'EMB_P', 'EMB_P', 'EMB_P', 'EMB_P', 'EMB_P', 'EMB_P', 'EMB_P', 'EMB_P', 'EMB_P', 'EMB_P', 'EMB_P', 'EMB_P', 'EMB_P', 'EMB_P', 'EMB_P', 'EMB_P', 'EMB_P', 'EMB_P', 'EMB_P', 'EMB_P', 'EMB_P', 'EMB_P', 'EMB_P', 'EMB_P', 'EMB_P', 'EMB_P', 'EMB_P', 'EMB_P', 'EMB_P', 'EMB_P', 'EMB_P', 'EMB_P', 'EMB_P', 'EMB_P', 'EMB_P', 'EMB_P', 'EMB_P', 'EMB_P']","['EMB_O', 'EMB_O', 'EMB_O', 'EMB_O', 'EMB_O', 'EMB_O', 'EMB_O', 'EMB_O', 'EMB_O', 'EMB_O', 'OPN_B', 'OPN_I', 'OPN_I', 'OPN_E', 'EMB_O', 'EMB_O', 'EMB_P', 'EMB_P', 'EMB_P', 'EMB_P', 'EMB_P', 'EMB_P', 'EMB_P', 'EMB_P', 'EMB_P', 'EMB_P', 'EMB_P', 'EMB_P', 'EMB_P', 'EMB_P', 'EMB_P', 'EMB_P', 'EMB_P', 'EMB_P', 'EMB_P', 'EMB_P', 'EMB_P', 'EMB_P', 'EMB_P', 'EMB_P', 'EMB_P', 'EMB_P', 'EMB_P', 'EMB_P', 'EMB_P', 'EMB_P', 'EMB_P', 'EMB_P', 'EMB_P', 'EMB_P', 'EMB_P', 'EMB_P', 'EMB_P', 'EMB_P', 'EMB_P', 'EMB_P', 'EMB_P', 'EMB_P', 'EMB_P', 'EMB_P', 'EMB_P', 'EMB_P', 'EMB_P', 'EMB_P', 'EMB_P', 'EMB_P', 'EMB_P', 'EMB_P', 'EMB_P', 'EMB_P', 'EMB_P', 'EMB_P', 'EMB_P', 'EMB_P', 'EMB_P', 'EMB_P', 'EMB_P', 'EMB_P', 'EMB_P', 'EMB_P', 'EMB_P', 'EMB_P', 'EMB_P', 'EMB_P', 'EMB_P', 'EMB_P', 'EMB_P', 'EMB_P', 'EMB_P', 'EMB_P', 'EMB_P', 'EMB_P', 'EMB_P', 'EMB_P', 'EMB_P', 'EMB_P', 'EMB_P', 'EMB_P', 'EMB_P', 'EMB_P', 'EMB_P', 'EMB_P', 'EMB_P', 'EMB_P', 'EMB_P', 'EMB_P', 'EMB_P', 'EMB_P', 'EMB_P', 'EMB_P', 'EMB_P', 'EMB_P', 'EMB_P', 'EMB_P', 'EMB_P', 'EMB_P', 'EMB_P', 'EMB_P', 'EMB_P', 'EMB_P', 'EMB_P', 'EMB_P', 'EMB_P', 'EMB_P', 'EMB_P', 'EMB_P', 'EMB_P', 'EMB_P']"
155,грузинських вин,немає,27569:11_1097,"Пробували легкий десерт і печену грушу. шкода, що немає грузинських вин... але їх ніде немає.",3.33,5.67,"['EMB_O', 'EMB_O', 'EMB_O', 'EMB_O', 'EMB_O', 'EMB_O', 'EMB_O', 'EMB_O', 'EMB_O', 'EMB_O', 'EMB_O', 'EMB_O', 'EMB_O', 'EMB_O', 'EMB_O', 'EMB_O', 'EMB_O', 'EMB_O', 'EMB_O', 'EMB_O', 'EMB_O', 'EMB_O', 'EMB_O', 'EMB_O', 'ASP_B', 'ASP_I', 'ASP_I', 'ASP_I', 'ASP_I', 'ASP_E', 'EMB_O', 'EMB_O', 'EMB_O', 'EMB_O', 'EMB_O', 'EMB_O', 'EMB_O', 'EMB_O', 'EMB_O', 'EMB_O', 'EMB_P', 'EMB_P', 'EMB_P', 'EMB_P', 'EMB_P', 'EMB_P', 'EMB_P', 'EMB_P', 'EMB_P', 'EMB_P', 'EMB_P', 'EMB_P', 'EMB_P', 'EMB_P', 'EMB_P', 'EMB_P', 'EMB_P', 'EMB_P', 'EMB_P', 'EMB_P', 'EMB_P', 'EMB_P', 'EMB_P', 'EMB_P', 'EMB_P', 'EMB_P', 'EMB_P', 'EMB_P', 'EMB_P', 'EMB_P', 'EMB_P', 'EMB_P', 'EMB_P', 'EMB_P', 'EMB_P', 'EMB_P', 'EMB_P', 'EMB_P', 'EMB_P', 'EMB_P', 'EMB_P', 'EMB_P', 'EMB_P', 'EMB_P', 'EMB_P', 'EMB_P', 'EMB_P', 'EMB_P', 'EMB_P', 'EMB_P', 'EMB_P', 'EMB_P', 'EMB_P', 'EMB_P', 'EMB_P', 'EMB_P', 'EMB_P', 'EMB_P', 'EMB_P', 'EMB_P', 'EMB_P', 'EMB_P', 'EMB_P', 'EMB_P', 'EMB_P', 'EMB_P', 'EMB_P', 'EMB_P', 'EMB_P', 'EMB_P', 'EMB_P', 'EMB_P', 'EMB_P', 'EMB_P', 'EMB_P', 'EMB_P', 'EMB_P', 'EMB_P', 'EMB_P', 'EMB_P', 'EMB_P', 'EMB_P', 'EMB_P', 'EMB_P', 'EMB_P', 'EMB_P', 'EMB_P', 'EMB_P']","['EMB_O', 'EMB_O', 'EMB_O', 'EMB_O', 'EMB_O', 'EMB_O', 'EMB_O', 'EMB_O', 'EMB_O', 'EMB_O', 'EMB_O', 'EMB_O', 'EMB_O', 'EMB_O', 'EMB_O', 'EMB_O', 'EMB_O', 'EMB_O', 'EMB_O', 'EMB_O', 'EMB_O', 'EMB_O', 'EMB_O', 'OPN_S', 'EMB_O', 'EMB_O', 'EMB_O', 'EMB_O', 'EMB_O', 'EMB_O', 'EMB_O', 'EMB_O', 'EMB_O', 'EMB_O', 'EMB_O', 'EMB_O', 'EMB_O', 'EMB_O', 'EMB_O', 'EMB_O', 'EMB_P', 'EMB_P', 'EMB_P', 'EMB_P', 'EMB_P', 'EMB_P', 'EMB_P', 'EMB_P', 'EMB_P', 'EMB_P', 'EMB_P', 'EMB_P', 'EMB_P', 'EMB_P', 'EMB_P', 'EMB_P', 'EMB_P', 'EMB_P', 'EMB_P', 'EMB_P', 'EMB_P', 'EMB_P', 'EMB_P', 'EMB_P', 'EMB_P', 'EMB_P', 'EMB_P', 'EMB_P', 'EMB_P', 'EMB_P', 'EMB_P', 'EMB_P', 'EMB_P', 'EMB_P', 'EMB_P', 'EMB_P', 'EMB_P', 'EMB_P', 'EMB_P', 'EMB_P', 'EMB_P', 'EMB_P', 'EMB_P', 'EMB_P', 'EMB_P', 'EMB_P', 'EMB_P', 'EMB_P', 'EMB_P', 'EMB_P', 'EMB_P', 'EMB_P', 'EMB_P', 'EMB_P', 'EMB_P', 'EMB_P', 'EMB_P', 'EMB_P', 'EMB_P', 'EMB_P', 'EMB_P', 'EMB_P', 'EMB_P', 'EMB_P', 'EMB_P', 'EMB_P', 'EMB_P', 'EMB_P', 'EMB_P', 'EMB_P', 'EMB_P', 'EMB_P', 'EMB_P', 'EMB_P', 'EMB_P', 'EMB_P', 'EMB_P', 'EMB_P', 'EMB_P', 'EMB_P', 'EMB_P', 'EMB_P', 'EMB_P', 'EMB_P', 'EMB_P', 'EMB_P', 'EMB_P', 'EMB_P']"
156,Музика,неголосна,27569:12_1098,"Музика в ресторані неголосна, обстановка розташовує до спілкування.",6.3,5.5,"['EMB_O', 'ASP_B', 'ASP_I', 'ASP_E', 'EMB_O', 'EMB_O', 'EMB_O', 'EMB_O', 'EMB_O', 'EMB_O', 'EMB_O', 'EMB_O', 'EMB_O', 'EMB_O', 'EMB_O', 'EMB_O', 'EMB_O', 'EMB_O', 'EMB_O', 'EMB_O', 'EMB_O', 'EMB_O', 'EMB_O', 'EMB_O', 'EMB_O', 'EMB_O', 'EMB_O', 'EMB_O', 'EMB_P', 'EMB_P', 'EMB_P', 'EMB_P', 'EMB_P', 'EMB_P', 'EMB_P', 'EMB_P', 'EMB_P', 'EMB_P', 'EMB_P', 'EMB_P', 'EMB_P', 'EMB_P', 'EMB_P', 'EMB_P', 'EMB_P', 'EMB_P', 'EMB_P', 'EMB_P', 'EMB_P', 'EMB_P', 'EMB_P', 'EMB_P', 'EMB_P', 'EMB_P', 'EMB_P', 'EMB_P', 'EMB_P', 'EMB_P', 'EMB_P', 'EMB_P', 'EMB_P', 'EMB_P', 'EMB_P', 'EMB_P', 'EMB_P', 'EMB_P', 'EMB_P', 'EMB_P', 'EMB_P', 'EMB_P', 'EMB_P', 'EMB_P', 'EMB_P', 'EMB_P', 'EMB_P', 'EMB_P', 'EMB_P', 'EMB_P', 'EMB_P', 'EMB_P', 'EMB_P', 'EMB_P', 'EMB_P', 'EMB_P', 'EMB_P', 'EMB_P', 'EMB_P', 'EMB_P', 'EMB_P', 'EMB_P', 'EMB_P', 'EMB_P', 'EMB_P', 'EMB_P', 'EMB_P', 'EMB_P', 'EMB_P', 'EMB_P', 'EMB_P', 'EMB_P', 'EMB_P', 'EMB_P', 'EMB_P', 'EMB_P', 'EMB_P', 'EMB_P', 'EMB_P', 'EMB_P', 'EMB_P', 'EMB_P', 'EMB_P', 'EMB_P', 'EMB_P', 'EMB_P', 'EMB_P', 'EMB_P', 'EMB_P', 'EMB_P', 'EMB_P', 'EMB_P', 'EMB_P', 'EMB_P', 'EMB_P', 'EMB_P', 'EMB_P', 'EMB_P', 'EMB_P', 'EMB_P']","['EMB_O', 'EMB_O', 'EMB_O', 'EMB_O', 'EMB_O', 'EMB_O', 'EMB_O', 'EMB_O', 'EMB_O', 'OPN_B', 'OPN_I', 'OPN_E', 'EMB_O', 'EMB_O', 'EMB_O', 'EMB_O', 'EMB_O', 'EMB_O', 'EMB_O', 'EMB_O', 'EMB_O', 'EMB_O', 'EMB_O', 'EMB_O', 'EMB_O', 'EMB_O', 'EMB_O', 'EMB_O', 'EMB_P', 'EMB_P', 'EMB_P', 'EMB_P', 'EMB_P', 'EMB_P', 'EMB_P', 'EMB_P', 'EMB_P', 'EMB_P', 'EMB_P', 'EMB_P', 'EMB_P', 'EMB_P', 'EMB_P', 'EMB_P', 'EMB_P', 'EMB_P', 'EMB_P', 'EMB_P', 'EMB_P', 'EMB_P', 'EMB_P', 'EMB_P', 'EMB_P', 'EMB_P', 'EMB_P', 'EMB_P', 'EMB_P', 'EMB_P', 'EMB_P', 'EMB_P', 'EMB_P', 'EMB_P', 'EMB_P', 'EMB_P', 'EMB_P', 'EMB_P', 'EMB_P', 'EMB_P', 'EMB_P', 'EMB_P', 'EMB_P', 'EMB_P', 'EMB_P', 'EMB_P', 'EMB_P', 'EMB_P', 'EMB_P', 'EMB_P', 'EMB_P', 'EMB_P', 'EMB_P', 'EMB_P', 'EMB_P', 'EMB_P', 'EMB_P', 'EMB_P', 'EMB_P', 'EMB_P', 'EMB_P', 'EMB_P', 'EMB_P', 'EMB_P', 'EMB_P', 'EMB_P', 'EMB_P', 'EMB_P', 'EMB_P', 'EMB_P', 'EMB_P', 'EMB_P', 'EMB_P', 'EMB_P', 'EMB_P', 'EMB_P', 'EMB_P', 'EMB_P', 'EMB_P', 'EMB_P', 'EMB_P', 'EMB_P', 'EMB_P', 'EMB_P', 'EMB_P', 'EMB_P', 'EMB_P', 'EMB_P', 'EMB_P', 'EMB_P', 'EMB_P', 'EMB_P', 'EMB_P', 'EMB_P', 'EMB_P', 'EMB_P', 'EMB_P', 'EMB_P', 'EMB_P', 'EMB_P']"
157,обстановка,розташовує,27569:12_1098,"Музика в ресторані неголосна, обстановка розташовує до спілкування.",6.88,6.38,"['EMB_O', 'EMB_O', 'EMB_O', 'EMB_O', 'EMB_O', 'EMB_O', 'EMB_O', 'EMB_O', 'EMB_O', 'EMB_O', 'EMB_O', 'EMB_O', 'EMB_O', 'ASP_B', 'ASP_I', 'ASP_E', 'EMB_O', 'EMB_O', 'EMB_O', 'EMB_O', 'EMB_O', 'EMB_O', 'EMB_O', 'EMB_O', 'EMB_O', 'EMB_O', 'EMB_O', 'EMB_O', 'EMB_P', 'EMB_P', 'EMB_P', 'EMB_P', 'EMB_P', 'EMB_P', 'EMB_P', 'EMB_P', 'EMB_P', 'EMB_P', 'EMB_P', 'EMB_P', 'EMB_P', 'EMB_P', 'EMB_P', 'EMB_P', 'EMB_P', 'EMB_P', 'EMB_P', 'EMB_P', 'EMB_P', 'EMB_P', 'EMB_P', 'EMB_P', 'EMB_P', 'EMB_P', 'EMB_P', 'EMB_P', 'EMB_P', 'EMB_P', 'EMB_P', 'EMB_P', 'EMB_P', 'EMB_P', 'EMB_P', 'EMB_P', 'EMB_P', 'EMB_P', 'EMB_P', 'EMB_P', 'EMB_P', 'EMB_P', 'EMB_P', 'EMB_P', 'EMB_P', 'EMB_P', 'EMB_P', 'EMB_P', 'EMB_P', 'EMB_P', 'EMB_P', 'EMB_P', 'EMB_P', 'EMB_P', 'EMB_P', 'EMB_P', 'EMB_P', 'EMB_P', 'EMB_P', 'EMB_P', 'EMB_P', 'EMB_P', 'EMB_P', 'EMB_P', 'EMB_P', 'EMB_P', 'EMB_P', 'EMB_P', 'EMB_P', 'EMB_P', 'EMB_P', 'EMB_P', 'EMB_P', 'EMB_P', 'EMB_P', 'EMB_P', 'EMB_P', 'EMB_P', 'EMB_P', 'EMB_P', 'EMB_P', 'EMB_P', 'EMB_P', 'EMB_P', 'EMB_P', 'EMB_P', 'EMB_P', 'EMB_P', 'EMB_P', 'EMB_P', 'EMB_P', 'EMB_P', 'EMB_P', 'EMB_P', 'EMB_P', 'EMB_P', 'EMB_P', 'EMB_P', 'EMB_P', 'EMB_P']","['EMB_O', 'EMB_O', 'EMB_O', 'EMB_O', 'EMB_O', 'EMB_O', 'EMB_O', 'EMB_O', 'EMB_O', 'EMB_O', 'EMB_O', 'EMB_O', 'EMB_O', 'EMB_O', 'EMB_O', 'EMB_O', 'OPN_B', 'OPN_I', 'OPN_I', 'OPN_I', 'OPN_E', 'EMB_O', 'EMB_O', 'EMB_O', 'EMB_O', 'EMB_O', 'EMB_O', 'EMB_O', 'EMB_P', 'EMB_P', 'EMB_P', 'EMB_P', 'EMB_P', 'EMB_P', 'EMB_P', 'EMB_P', 'EMB_P', 'EMB_P', 'EMB_P', 'EMB_P', 'EMB_P', 'EMB_P', 'EMB_P', 'EMB_P', 'EMB_P', 'EMB_P', 'EMB_P', 'EMB_P', 'EMB_P', 'EMB_P', 'EMB_P', 'EMB_P', 'EMB_P', 'EMB_P', 'EMB_P', 'EMB_P', 'EMB_P', 'EMB_P', 'EMB_P', 'EMB_P', 'EMB_P', 'EMB_P', 'EMB_P', 'EMB_P', 'EMB_P', 'EMB_P', 'EMB_P', 'EMB_P', 'EMB_P', 'EMB_P', 'EMB_P', 'EMB_P', 'EMB_P', 'EMB_P', 'EMB_P', 'EMB_P', 'EMB_P', 'EMB_P', 'EMB_P', 'EMB_P', 'EMB_P', 'EMB_P', 'EMB_P', 'EMB_P', 'EMB_P', 'EMB_P', 'EMB_P', 'EMB_P', 'EMB_P', 'EMB_P', 'EMB_P', 'EMB_P', 'EMB_P', 'EMB_P', 'EMB_P', 'EMB_P', 'EMB_P', 'EMB_P', 'EMB_P', 'EMB_P', 'EMB_P', 'EMB_P', 'EMB_P', 'EMB_P', 'EMB_P', 'EMB_P', 'EMB_P', 'EMB_P', 'EMB_P', 'EMB_P', 'EMB_P', 'EMB_P', 'EMB_P', 'EMB_P', 'EMB_P', 'EMB_P', 'EMB_P', 'EMB_P', 'EMB_P', 'EMB_P', 'EMB_P', 'EMB_P', 'EMB_P', 'EMB_P', 'EMB_P', 'EMB_P', 'EMB_P', 'EMB_P']"
158,Арагві,недорого,27569:13_1099,"Так що якщо потрібно спокійне, приємне місце, де можна смачно і недорого поїсти, Арагві - найкращий варіант!приходьте, не пошкодуєте!",6.88,6.38,"['EMB_O', 'EMB_O', 'EMB_O', 'EMB_O', 'EMB_O', 'EMB_O', 'EMB_O', 'EMB_O', 'EMB_O', 'EMB_O', 'EMB_O', 'EMB_O', 'EMB_O', 'EMB_O', 'EMB_O', 'EMB_O', 'EMB_O', 'EMB_O', 'EMB_O', 'EMB_O', 'EMB_O', 'EMB_O', 'EMB_O', 'EMB_O', 'EMB_O', 'EMB_O', 'EMB_O', 'EMB_O', 'ASP_B', 'ASP_I', 'ASP_E', 'EMB_O', 'EMB_O', 'EMB_O', 'EMB_O', 'EMB_O', 'EMB_O', 'EMB_O', 'EMB_O', 'EMB_O', 'EMB_O', 'EMB_O', 'EMB_O', 'EMB_O', 'EMB_O', 'EMB_O', 'EMB_O', 'EMB_O', 'EMB_O', 'EMB_O', 'EMB_O', 'EMB_P', 'EMB_P', 'EMB_P', 'EMB_P', 'EMB_P', 'EMB_P', 'EMB_P', 'EMB_P', 'EMB_P', 'EMB_P', 'EMB_P', 'EMB_P', 'EMB_P', 'EMB_P', 'EMB_P', 'EMB_P', 'EMB_P', 'EMB_P', 'EMB_P', 'EMB_P', 'EMB_P', 'EMB_P', 'EMB_P', 'EMB_P', 'EMB_P', 'EMB_P', 'EMB_P', 'EMB_P', 'EMB_P', 'EMB_P', 'EMB_P', 'EMB_P', 'EMB_P', 'EMB_P', 'EMB_P', 'EMB_P', 'EMB_P', 'EMB_P', 'EMB_P', 'EMB_P', 'EMB_P', 'EMB_P', 'EMB_P', 'EMB_P', 'EMB_P', 'EMB_P', 'EMB_P', 'EMB_P', 'EMB_P', 'EMB_P', 'EMB_P', 'EMB_P', 'EMB_P', 'EMB_P', 'EMB_P', 'EMB_P', 'EMB_P', 'EMB_P', 'EMB_P', 'EMB_P', 'EMB_P', 'EMB_P', 'EMB_P', 'EMB_P', 'EMB_P', 'EMB_P', 'EMB_P', 'EMB_P', 'EMB_P', 'EMB_P', 'EMB_P', 'EMB_P', 'EMB_P', 'EMB_P', 'EMB_P', 'EMB_P', 'EMB_P']","['EMB_O', 'EMB_O', 'EMB_O', 'EMB_O', 'EMB_O', 'EMB_O', 'EMB_O', 'EMB_O', 'EMB_O', 'EMB_O', 'EMB_O', 'EMB_O', 'EMB_O', 'EMB_O', 'EMB_O', 'EMB_O', 'EMB_O', 'EMB_O', 'EMB_O', 'EMB_O', 'EMB_O', 'OPN_B', 'OPN_I', 'OPN_E', 'EMB_O', 'EMB_O', 'EMB_O', 'EMB_O', 'EMB_O', 'EMB_O', 'EMB_O', 'EMB_O', 'EMB_O', 'EMB_O', 'EMB_O', 'EMB_O', 'EMB_O', 'EMB_O', 'EMB_O', 'EMB_O', 'EMB_O', 'EMB_O', 'EMB_O', 'EMB_O', 'EMB_O', 'EMB_O', 'EMB_O', 'EMB_O', 'EMB_O', 'EMB_O', 'EMB_O', 'EMB_P', 'EMB_P', 'EMB_P', 'EMB_P', 'EMB_P', 'EMB_P', 'EMB_P', 'EMB_P', 'EMB_P', 'EMB_P', 'EMB_P', 'EMB_P', 'EMB_P', 'EMB_P', 'EMB_P', 'EMB_P', 'EMB_P', 'EMB_P', 'EMB_P', 'EMB_P', 'EMB_P', 'EMB_P', 'EMB_P', 'EMB_P', 'EMB_P', 'EMB_P', 'EMB_P', 'EMB_P', 'EMB_P', 'EMB_P', 'EMB_P', 'EMB_P', 'EMB_P', 'EMB_P', 'EMB_P', 'EMB_P', 'EMB_P', 'EMB_P', 'EMB_P', 'EMB_P', 'EMB_P', 'EMB_P', 'EMB_P', 'EMB_P', 'EMB_P', 'EMB_P', 'EMB_P', 'EMB_P', 'EMB_P', 'EMB_P', 'EMB_P', 'EMB_P', 'EMB_P', 'EMB_P', 'EMB_P', 'EMB_P', 'EMB_P', 'EMB_P', 'EMB_P', 'EMB_P', 'EMB_P', 'EMB_P', 'EMB_P', 'EMB_P', 'EMB_P', 'EMB_P', 'EMB_P', 'EMB_P', 'EMB_P', 'EMB_P', 'EMB_P', 'EMB_P', 'EMB_P', 'EMB_P', 'EMB_P', 'EMB_P', 'EMB_P']"
159,інтер'єр,вже дуже мені сподобався,27620:0_1100,"Я читала негативні відгуки про цей ресторан, але вже дуже мені сподобався інтер'єр, тому визнала їх перебільшеними.",8.25,7.88,"['EMB_O', 'EMB_O', 'EMB_O', 'EMB_O', 'EMB_O', 'EMB_O', 'EMB_O', 'EMB_O', 'EMB_O', 'EMB_O', 'EMB_O', 'EMB_O', 'EMB_O', 'EMB_O', 'EMB_O', 'EMB_O', 'EMB_O', 'EMB_O', 'EMB_O', 'EMB_O', 'EMB_O', 'EMB_O', 'EMB_O', 'EMB_O', 'EMB_O', 'EMB_O', 'ASP_B', 'ASP_I', 'ASP_I', 'ASP_E', 'EMB_O', 'EMB_O', 'EMB_O', 'EMB_O', 'EMB_O', 'EMB_O', 'EMB_O', 'EMB_O', 'EMB_O', 'EMB_O', 'EMB_O', 'EMB_O', 'EMB_O', 'EMB_P', 'EMB_P', 'EMB_P', 'EMB_P', 'EMB_P', 'EMB_P', 'EMB_P', 'EMB_P', 'EMB_P', 'EMB_P', 'EMB_P', 'EMB_P', 'EMB_P', 'EMB_P', 'EMB_P', 'EMB_P', 'EMB_P', 'EMB_P', 'EMB_P', 'EMB_P', 'EMB_P', 'EMB_P', 'EMB_P', 'EMB_P', 'EMB_P', 'EMB_P', 'EMB_P', 'EMB_P', 'EMB_P', 'EMB_P', 'EMB_P', 'EMB_P', 'EMB_P', 'EMB_P', 'EMB_P', 'EMB_P', 'EMB_P', 'EMB_P', 'EMB_P', 'EMB_P', 'EMB_P', 'EMB_P', 'EMB_P', 'EMB_P', 'EMB_P', 'EMB_P', 'EMB_P', 'EMB_P', 'EMB_P', 'EMB_P', 'EMB_P', 'EMB_P', 'EMB_P', 'EMB_P', 'EMB_P', 'EMB_P', 'EMB_P', 'EMB_P', 'EMB_P', 'EMB_P', 'EMB_P', 'EMB_P', 'EMB_P', 'EMB_P', 'EMB_P', 'EMB_P', 'EMB_P', 'EMB_P', 'EMB_P', 'EMB_P', 'EMB_P', 'EMB_P', 'EMB_P', 'EMB_P', 'EMB_P', 'EMB_P', 'EMB_P', 'EMB_P', 'EMB_P', 'EMB_P', 'EMB_P', 'EMB_P', 'EMB_P', 'EMB_P', 'EMB_P']","['EMB_O', 'EMB_O', 'EMB_O', 'EMB_O', 'EMB_O', 'EMB_O', 'EMB_O', 'EMB_O', 'EMB_O', 'EMB_O', 'EMB_O', 'EMB_O', 'EMB_O', 'EMB_O', 'EMB_O', 'EMB_O', 'EMB_O', 'OPN_B', 'OPN_I', 'OPN_I', 'OPN_I', 'OPN_I', 'OPN_I', 'OPN_I', 'OPN_I', 'OPN_E', 'EMB_O', 'EMB_O', 'EMB_O', 'EMB_O', 'EMB_O', 'EMB_O', 'EMB_O', 'EMB_O', 'EMB_O', 'EMB_O', 'EMB_O', 'EMB_O', 'EMB_O', 'EMB_O', 'EMB_O', 'EMB_O', 'EMB_O', 'EMB_P', 'EMB_P', 'EMB_P', 'EMB_P', 'EMB_P', 'EMB_P', 'EMB_P', 'EMB_P', 'EMB_P', 'EMB_P', 'EMB_P', 'EMB_P', 'EMB_P', 'EMB_P', 'EMB_P', 'EMB_P', 'EMB_P', 'EMB_P', 'EMB_P', 'EMB_P', 'EMB_P', 'EMB_P', 'EMB_P', 'EMB_P', 'EMB_P', 'EMB_P', 'EMB_P', 'EMB_P', 'EMB_P', 'EMB_P', 'EMB_P', 'EMB_P', 'EMB_P', 'EMB_P', 'EMB_P', 'EMB_P', 'EMB_P', 'EMB_P', 'EMB_P', 'EMB_P', 'EMB_P', 'EMB_P', 'EMB_P', 'EMB_P', 'EMB_P', 'EMB_P', 'EMB_P', 'EMB_P', 'EMB_P', 'EMB_P', 'EMB_P', 'EMB_P', 'EMB_P', 'EMB_P', 'EMB_P', 'EMB_P', 'EMB_P', 'EMB_P', 'EMB_P', 'EMB_P', 'EMB_P', 'EMB_P', 'EMB_P', 'EMB_P', 'EMB_P', 'EMB_P', 'EMB_P', 'EMB_P', 'EMB_P', 'EMB_P', 'EMB_P', 'EMB_P', 'EMB_P', 'EMB_P', 'EMB_P', 'EMB_P', 'EMB_P', 'EMB_P', 'EMB_P', 'EMB_P', 'EMB_P', 'EMB_P', 'EMB_P', 'EMB_P', 'EMB_P']"
160,обслуговування,як таке там просто відсутнє,27620:1_1101,"Я вам скажу, тепер уже на власному досвіді, обслуговування як таке там просто відсутнє.",1.9,7.4,"['EMB_O', 'EMB_O', 'EMB_O', 'EMB_O', 'EMB_O', 'EMB_O', 'EMB_O', 'EMB_O', 'EMB_O', 'EMB_O', 'EMB_O', 'EMB_O', 'EMB_O', 'EMB_O', 'EMB_O', 'EMB_O', 'EMB_O', 'EMB_O', 'EMB_O', 'ASP_B', 'ASP_I', 'ASP_I', 'ASP_E', 'EMB_O', 'EMB_O', 'EMB_O', 'EMB_O', 'EMB_O', 'EMB_O', 'EMB_O', 'EMB_O', 'EMB_O', 'EMB_O', 'EMB_O', 'EMB_P', 'EMB_P', 'EMB_P', 'EMB_P', 'EMB_P', 'EMB_P', 'EMB_P', 'EMB_P', 'EMB_P', 'EMB_P', 'EMB_P', 'EMB_P', 'EMB_P', 'EMB_P', 'EMB_P', 'EMB_P', 'EMB_P', 'EMB_P', 'EMB_P', 'EMB_P', 'EMB_P', 'EMB_P', 'EMB_P', 'EMB_P', 'EMB_P', 'EMB_P', 'EMB_P', 'EMB_P', 'EMB_P', 'EMB_P', 'EMB_P', 'EMB_P', 'EMB_P', 'EMB_P', 'EMB_P', 'EMB_P', 'EMB_P', 'EMB_P', 'EMB_P', 'EMB_P', 'EMB_P', 'EMB_P', 'EMB_P', 'EMB_P', 'EMB_P', 'EMB_P', 'EMB_P', 'EMB_P', 'EMB_P', 'EMB_P', 'EMB_P', 'EMB_P', 'EMB_P', 'EMB_P', 'EMB_P', 'EMB_P', 'EMB_P', 'EMB_P', 'EMB_P', 'EMB_P', 'EMB_P', 'EMB_P', 'EMB_P', 'EMB_P', 'EMB_P', 'EMB_P', 'EMB_P', 'EMB_P', 'EMB_P', 'EMB_P', 'EMB_P', 'EMB_P', 'EMB_P', 'EMB_P', 'EMB_P', 'EMB_P', 'EMB_P', 'EMB_P', 'EMB_P', 'EMB_P', 'EMB_P', 'EMB_P', 'EMB_P', 'EMB_P', 'EMB_P', 'EMB_P', 'EMB_P', 'EMB_P', 'EMB_P', 'EMB_P', 'EMB_P', 'EMB_P', 'EMB_P', 'EMB_P']","['EMB_O', 'EMB_O', 'EMB_O', 'EMB_O', 'EMB_O', 'EMB_O', 'EMB_O', 'EMB_O', 'EMB_O', 'EMB_O', 'EMB_O', 'EMB_O', 'EMB_O', 'EMB_O', 'EMB_O', 'EMB_O', 'EMB_O', 'EMB_O', 'EMB_O', 'EMB_O', 'EMB_O', 'EMB_O', 'EMB_O', 'OPN_B', 'OPN_I', 'OPN_I', 'OPN_I', 'OPN_I', 'OPN_I', 'OPN_I', 'OPN_I', 'OPN_E', 'EMB_O', 'EMB_O', 'EMB_P', 'EMB_P', 'EMB_P', 'EMB_P', 'EMB_P', 'EMB_P', 'EMB_P', 'EMB_P', 'EMB_P', 'EMB_P', 'EMB_P', 'EMB_P', 'EMB_P', 'EMB_P', 'EMB_P', 'EMB_P', 'EMB_P', 'EMB_P', 'EMB_P', 'EMB_P', 'EMB_P', 'EMB_P', 'EMB_P', 'EMB_P', 'EMB_P', 'EMB_P', 'EMB_P', 'EMB_P', 'EMB_P', 'EMB_P', 'EMB_P', 'EMB_P', 'EMB_P', 'EMB_P', 'EMB_P', 'EMB_P', 'EMB_P', 'EMB_P', 'EMB_P', 'EMB_P', 'EMB_P', 'EMB_P', 'EMB_P', 'EMB_P', 'EMB_P', 'EMB_P', 'EMB_P', 'EMB_P', 'EMB_P', 'EMB_P', 'EMB_P', 'EMB_P', 'EMB_P', 'EMB_P', 'EMB_P', 'EMB_P', 'EMB_P', 'EMB_P', 'EMB_P', 'EMB_P', 'EMB_P', 'EMB_P', 'EMB_P', 'EMB_P', 'EMB_P', 'EMB_P', 'EMB_P', 'EMB_P', 'EMB_P', 'EMB_P', 'EMB_P', 'EMB_P', 'EMB_P', 'EMB_P', 'EMB_P', 'EMB_P', 'EMB_P', 'EMB_P', 'EMB_P', 'EMB_P', 'EMB_P', 'EMB_P', 'EMB_P', 'EMB_P', 'EMB_P', 'EMB_P', 'EMB_P', 'EMB_P', 'EMB_P', 'EMB_P', 'EMB_P', 'EMB_P', 'EMB_P', 'EMB_P']"
161,офіціант,пішла,27620:4_1102,"Один сік принесли, а ось апельсинового соку не виявилося (!), офіціант уточнила на який замінити і пішла.",3.25,6.0,"['EMB_O', 'EMB_O', 'EMB_O', 'EMB_O', 'EMB_O', 'EMB_O', 'EMB_O', 'EMB_O', 'EMB_O', 'EMB_O', 'EMB_O', 'EMB_O', 'EMB_O', 'EMB_O', 'EMB_O', 'EMB_O', 'EMB_O', 'EMB_O', 'EMB_O', 'EMB_O', 'EMB_O', 'EMB_O', 'EMB_O', 'EMB_O', 'EMB_O', 'ASP_B', 'ASP_I', 'ASP_I', 'ASP_E', 'EMB_O', 'EMB_O', 'EMB_O', 'EMB_O', 'EMB_O', 'EMB_O', 'EMB_O', 'EMB_O', 'EMB_O', 'EMB_O', 'EMB_O', 'EMB_O', 'EMB_O', 'EMB_O', 'EMB_O', 'EMB_P', 'EMB_P', 'EMB_P', 'EMB_P', 'EMB_P', 'EMB_P', 'EMB_P', 'EMB_P', 'EMB_P', 'EMB_P', 'EMB_P', 'EMB_P', 'EMB_P', 'EMB_P', 'EMB_P', 'EMB_P', 'EMB_P', 'EMB_P', 'EMB_P', 'EMB_P', 'EMB_P', 'EMB_P', 'EMB_P', 'EMB_P', 'EMB_P', 'EMB_P', 'EMB_P', 'EMB_P', 'EMB_P', 'EMB_P', 'EMB_P', 'EMB_P', 'EMB_P', 'EMB_P', 'EMB_P', 'EMB_P', 'EMB_P', 'EMB_P', 'EMB_P', 'EMB_P', 'EMB_P', 'EMB_P', 'EMB_P', 'EMB_P', 'EMB_P', 'EMB_P', 'EMB_P', 'EMB_P', 'EMB_P', 'EMB_P', 'EMB_P', 'EMB_P', 'EMB_P', 'EMB_P', 'EMB_P', 'EMB_P', 'EMB_P', 'EMB_P', 'EMB_P', 'EMB_P', 'EMB_P', 'EMB_P', 'EMB_P', 'EMB_P', 'EMB_P', 'EMB_P', 'EMB_P', 'EMB_P', 'EMB_P', 'EMB_P', 'EMB_P', 'EMB_P', 'EMB_P', 'EMB_P', 'EMB_P', 'EMB_P', 'EMB_P', 'EMB_P', 'EMB_P', 'EMB_P', 'EMB_P', 'EMB_P', 'EMB_P', 'EMB_P']","['EMB_O', 'EMB_O', 'EMB_O', 'EMB_O', 'EMB_O', 'EMB_O', 'EMB_O', 'EMB_O', 'EMB_O', 'EMB_O', 'EMB_O', 'EMB_O', 'EMB_O', 'EMB_O', 'EMB_O', 'EMB_O', 'EMB_O', 'EMB_O', 'EMB_O', 'EMB_O', 'EMB_O', 'EMB_O', 'EMB_O', 'EMB_O', 'EMB_O', 'EMB_O', 'EMB_O', 'EMB_O', 'EMB_O', 'EMB_O', 'EMB_O', 'EMB_O', 'EMB_O', 'EMB_O', 'EMB_O', 'EMB_O', 'EMB_O', 'EMB_O', 'EMB_O', 'OPN_B', 'OPN_I', 'OPN_E', 'EMB_O', 'EMB_O', 'EMB_P', 'EMB_P', 'EMB_P', 'EMB_P', 'EMB_P', 'EMB_P', 'EMB_P', 'EMB_P', 'EMB_P', 'EMB_P', 'EMB_P', 'EMB_P', 'EMB_P', 'EMB_P', 'EMB_P', 'EMB_P', 'EMB_P', 'EMB_P', 'EMB_P', 'EMB_P', 'EMB_P', 'EMB_P', 'EMB_P', 'EMB_P', 'EMB_P', 'EMB_P', 'EMB_P', 'EMB_P', 'EMB_P', 'EMB_P', 'EMB_P', 'EMB_P', 'EMB_P', 'EMB_P', 'EMB_P', 'EMB_P', 'EMB_P', 'EMB_P', 'EMB_P', 'EMB_P', 'EMB_P', 'EMB_P', 'EMB_P', 'EMB_P', 'EMB_P', 'EMB_P', 'EMB_P', 'EMB_P', 'EMB_P', 'EMB_P', 'EMB_P', 'EMB_P', 'EMB_P', 'EMB_P', 'EMB_P', 'EMB_P', 'EMB_P', 'EMB_P', 'EMB_P', 'EMB_P', 'EMB_P', 'EMB_P', 'EMB_P', 'EMB_P', 'EMB_P', 'EMB_P', 'EMB_P', 'EMB_P', 'EMB_P', 'EMB_P', 'EMB_P', 'EMB_P', 'EMB_P', 'EMB_P', 'EMB_P', 'EMB_P', 'EMB_P', 'EMB_P', 'EMB_P', 'EMB_P', 'EMB_P', 'EMB_P', 'EMB_P', 'EMB_P']"
162,Їжа,не сподобалася,27620:10_1103,Їжа не сподобалася.,2.5,6.6,"['EMB_O', 'ASP_B', 'ASP_E', 'EMB_O', 'EMB_O', 'EMB_O', 'EMB_O', 'EMB_O', 'EMB_O', 'EMB_O', 'EMB_O', 'EMB_P', 'EMB_P', 'EMB_P', 'EMB_P', 'EMB_P', 'EMB_P', 'EMB_P', 'EMB_P', 'EMB_P', 'EMB_P', 'EMB_P', 'EMB_P', 'EMB_P', 'EMB_P', 'EMB_P', 'EMB_P', 'EMB_P', 'EMB_P', 'EMB_P', 'EMB_P', 'EMB_P', 'EMB_P', 'EMB_P', 'EMB_P', 'EMB_P', 'EMB_P', 'EMB_P', 'EMB_P', 'EMB_P', 'EMB_P', 'EMB_P', 'EMB_P', 'EMB_P', 'EMB_P', 'EMB_P', 'EMB_P', 'EMB_P', 'EMB_P', 'EMB_P', 'EMB_P', 'EMB_P', 'EMB_P', 'EMB_P', 'EMB_P', 'EMB_P', 'EMB_P', 'EMB_P', 'EMB_P', 'EMB_P', 'EMB_P', 'EMB_P', 'EMB_P', 'EMB_P', 'EMB_P', 'EMB_P', 'EMB_P', 'EMB_P', 'EMB_P', 'EMB_P', 'EMB_P', 'EMB_P', 'EMB_P', 'EMB_P', 'EMB_P', 'EMB_P', 'EMB_P', 'EMB_P', 'EMB_P', 'EMB_P', 'EMB_P', 'EMB_P', 'EMB_P', 'EMB_P', 'EMB_P', 'EMB_P', 'EMB_P', 'EMB_P', 'EMB_P', 'EMB_P', 'EMB_P', 'EMB_P', 'EMB_P', 'EMB_P', 'EMB_P', 'EMB_P', 'EMB_P', 'EMB_P', 'EMB_P', 'EMB_P', 'EMB_P', 'EMB_P', 'EMB_P', 'EMB_P', 'EMB_P', 'EMB_P', 'EMB_P', 'EMB_P', 'EMB_P', 'EMB_P', 'EMB_P', 'EMB_P', 'EMB_P', 'EMB_P', 'EMB_P', 'EMB_P', 'EMB_P', 'EMB_P', 'EMB_P', 'EMB_P', 'EMB_P', 'EMB_P', 'EMB_P', 'EMB_P', 'EMB_P', 'EMB_P', 'EMB_P', 'EMB_P']","['EMB_O', 'EMB_O', 'EMB_O', 'OPN_B', 'OPN_I', 'OPN_I', 'OPN_I', 'OPN_I', 'OPN_E', 'EMB_O', 'EMB_O', 'EMB_P', 'EMB_P', 'EMB_P', 'EMB_P', 'EMB_P', 'EMB_P', 'EMB_P', 'EMB_P', 'EMB_P', 'EMB_P', 'EMB_P', 'EMB_P', 'EMB_P', 'EMB_P', 'EMB_P', 'EMB_P', 'EMB_P', 'EMB_P', 'EMB_P', 'EMB_P', 'EMB_P', 'EMB_P', 'EMB_P', 'EMB_P', 'EMB_P', 'EMB_P', 'EMB_P', 'EMB_P', 'EMB_P', 'EMB_P', 'EMB_P', 'EMB_P', 'EMB_P', 'EMB_P', 'EMB_P', 'EMB_P', 'EMB_P', 'EMB_P', 'EMB_P', 'EMB_P', 'EMB_P', 'EMB_P', 'EMB_P', 'EMB_P', 'EMB_P', 'EMB_P', 'EMB_P', 'EMB_P', 'EMB_P', 'EMB_P', 'EMB_P', 'EMB_P', 'EMB_P', 'EMB_P', 'EMB_P', 'EMB_P', 'EMB_P', 'EMB_P', 'EMB_P', 'EMB_P', 'EMB_P', 'EMB_P', 'EMB_P', 'EMB_P', 'EMB_P', 'EMB_P', 'EMB_P', 'EMB_P', 'EMB_P', 'EMB_P', 'EMB_P', 'EMB_P', 'EMB_P', 'EMB_P', 'EMB_P', 'EMB_P', 'EMB_P', 'EMB_P', 'EMB_P', 'EMB_P', 'EMB_P', 'EMB_P', 'EMB_P', 'EMB_P', 'EMB_P', 'EMB_P', 'EMB_P', 'EMB_P', 'EMB_P', 'EMB_P', 'EMB_P', 'EMB_P', 'EMB_P', 'EMB_P', 'EMB_P', 'EMB_P', 'EMB_P', 'EMB_P', 'EMB_P', 'EMB_P', 'EMB_P', 'EMB_P', 'EMB_P', 'EMB_P', 'EMB_P', 'EMB_P', 'EMB_P', 'EMB_P', 'EMB_P', 'EMB_P', 'EMB_P', 'EMB_P', 'EMB_P', 'EMB_P', 'EMB_P', 'EMB_P', 'EMB_P']"
163,кава,Сподобалася,27620:13_1104,Сподобалася тільки кава.,7.17,6.83,"['EMB_O', 'EMB_O', 'EMB_O', 'EMB_O', 'EMB_O', 'EMB_O', 'EMB_O', 'ASP_B', 'ASP_E', 'EMB_O', 'EMB_O', 'EMB_P', 'EMB_P', 'EMB_P', 'EMB_P', 'EMB_P', 'EMB_P', 'EMB_P', 'EMB_P', 'EMB_P', 'EMB_P', 'EMB_P', 'EMB_P', 'EMB_P', 'EMB_P', 'EMB_P', 'EMB_P', 'EMB_P', 'EMB_P', 'EMB_P', 'EMB_P', 'EMB_P', 'EMB_P', 'EMB_P', 'EMB_P', 'EMB_P', 'EMB_P', 'EMB_P', 'EMB_P', 'EMB_P', 'EMB_P', 'EMB_P', 'EMB_P', 'EMB_P', 'EMB_P', 'EMB_P', 'EMB_P', 'EMB_P', 'EMB_P', 'EMB_P', 'EMB_P', 'EMB_P', 'EMB_P', 'EMB_P', 'EMB_P', 'EMB_P', 'EMB_P', 'EMB_P', 'EMB_P', 'EMB_P', 'EMB_P', 'EMB_P', 'EMB_P', 'EMB_P', 'EMB_P', 'EMB_P', 'EMB_P', 'EMB_P', 'EMB_P', 'EMB_P', 'EMB_P', 'EMB_P', 'EMB_P', 'EMB_P', 'EMB_P', 'EMB_P', 'EMB_P', 'EMB_P', 'EMB_P', 'EMB_P', 'EMB_P', 'EMB_P', 'EMB_P', 'EMB_P', 'EMB_P', 'EMB_P', 'EMB_P', 'EMB_P', 'EMB_P', 'EMB_P', 'EMB_P', 'EMB_P', 'EMB_P', 'EMB_P', 'EMB_P', 'EMB_P', 'EMB_P', 'EMB_P', 'EMB_P', 'EMB_P', 'EMB_P', 'EMB_P', 'EMB_P', 'EMB_P', 'EMB_P', 'EMB_P', 'EMB_P', 'EMB_P', 'EMB_P', 'EMB_P', 'EMB_P', 'EMB_P', 'EMB_P', 'EMB_P', 'EMB_P', 'EMB_P', 'EMB_P', 'EMB_P', 'EMB_P', 'EMB_P', 'EMB_P', 'EMB_P', 'EMB_P', 'EMB_P', 'EMB_P', 'EMB_P', 'EMB_P', 'EMB_P']","['EMB_O', 'OPN_B', 'OPN_I', 'OPN_I', 'OPN_I', 'OPN_E', 'EMB_O', 'EMB_O', 'EMB_O', 'EMB_O', 'EMB_O', 'EMB_P', 'EMB_P', 'EMB_P', 'EMB_P', 'EMB_P', 'EMB_P', 'EMB_P', 'EMB_P', 'EMB_P', 'EMB_P', 'EMB_P', 'EMB_P', 'EMB_P', 'EMB_P', 'EMB_P', 'EMB_P', 'EMB_P', 'EMB_P', 'EMB_P', 'EMB_P', 'EMB_P', 'EMB_P', 'EMB_P', 'EMB_P', 'EMB_P', 'EMB_P', 'EMB_P', 'EMB_P', 'EMB_P', 'EMB_P', 'EMB_P', 'EMB_P', 'EMB_P', 'EMB_P', 'EMB_P', 'EMB_P', 'EMB_P', 'EMB_P', 'EMB_P', 'EMB_P', 'EMB_P', 'EMB_P', 'EMB_P', 'EMB_P', 'EMB_P', 'EMB_P', 'EMB_P', 'EMB_P', 'EMB_P', 'EMB_P', 'EMB_P', 'EMB_P', 'EMB_P', 'EMB_P', 'EMB_P', 'EMB_P', 'EMB_P', 'EMB_P', 'EMB_P', 'EMB_P', 'EMB_P', 'EMB_P', 'EMB_P', 'EMB_P', 'EMB_P', 'EMB_P', 'EMB_P', 'EMB_P', 'EMB_P', 'EMB_P', 'EMB_P', 'EMB_P', 'EMB_P', 'EMB_P', 'EMB_P', 'EMB_P', 'EMB_P', 'EMB_P', 'EMB_P', 'EMB_P', 'EMB_P', 'EMB_P', 'EMB_P', 'EMB_P', 'EMB_P', 'EMB_P', 'EMB_P', 'EMB_P', 'EMB_P', 'EMB_P', 'EMB_P', 'EMB_P', 'EMB_P', 'EMB_P', 'EMB_P', 'EMB_P', 'EMB_P', 'EMB_P', 'EMB_P', 'EMB_P', 'EMB_P', 'EMB_P', 'EMB_P', 'EMB_P', 'EMB_P', 'EMB_P', 'EMB_P', 'EMB_P', 'EMB_P', 'EMB_P', 'EMB_P', 'EMB_P', 'EMB_P', 'EMB_P', 'EMB_P', 'EMB_P', 'EMB_P']"
164,Тістечок,не було,27620:14_1105,Тістечок зазначених в меню не було.,2.75,6.62,"['EMB_O', 'ASP_B', 'ASP_I', 'ASP_I', 'ASP_E', 'EMB_O', 'EMB_O', 'EMB_O', 'EMB_O', 'EMB_O', 'EMB_O', 'EMB_O', 'EMB_O', 'EMB_O', 'EMB_O', 'EMB_P', 'EMB_P', 'EMB_P', 'EMB_P', 'EMB_P', 'EMB_P', 'EMB_P', 'EMB_P', 'EMB_P', 'EMB_P', 'EMB_P', 'EMB_P', 'EMB_P', 'EMB_P', 'EMB_P', 'EMB_P', 'EMB_P', 'EMB_P', 'EMB_P', 'EMB_P', 'EMB_P', 'EMB_P', 'EMB_P', 'EMB_P', 'EMB_P', 'EMB_P', 'EMB_P', 'EMB_P', 'EMB_P', 'EMB_P', 'EMB_P', 'EMB_P', 'EMB_P', 'EMB_P', 'EMB_P', 'EMB_P', 'EMB_P', 'EMB_P', 'EMB_P', 'EMB_P', 'EMB_P', 'EMB_P', 'EMB_P', 'EMB_P', 'EMB_P', 'EMB_P', 'EMB_P', 'EMB_P', 'EMB_P', 'EMB_P', 'EMB_P', 'EMB_P', 'EMB_P', 'EMB_P', 'EMB_P', 'EMB_P', 'EMB_P', 'EMB_P', 'EMB_P', 'EMB_P', 'EMB_P', 'EMB_P', 'EMB_P', 'EMB_P', 'EMB_P', 'EMB_P', 'EMB_P', 'EMB_P', 'EMB_P', 'EMB_P', 'EMB_P', 'EMB_P', 'EMB_P', 'EMB_P', 'EMB_P', 'EMB_P', 'EMB_P', 'EMB_P', 'EMB_P', 'EMB_P', 'EMB_P', 'EMB_P', 'EMB_P', 'EMB_P', 'EMB_P', 'EMB_P', 'EMB_P', 'EMB_P', 'EMB_P', 'EMB_P', 'EMB_P', 'EMB_P', 'EMB_P', 'EMB_P', 'EMB_P', 'EMB_P', 'EMB_P', 'EMB_P', 'EMB_P', 'EMB_P', 'EMB_P', 'EMB_P', 'EMB_P', 'EMB_P', 'EMB_P', 'EMB_P', 'EMB_P', 'EMB_P', 'EMB_P', 'EMB_P', 'EMB_P', 'EMB_P', 'EMB_P']","['EMB_O', 'EMB_O', 'EMB_O', 'EMB_O', 'EMB_O', 'EMB_O', 'EMB_O', 'EMB_O', 'EMB_O', 'EMB_O', 'EMB_O', 'OPN_B', 'OPN_E', 'EMB_O', 'EMB_O', 'EMB_P', 'EMB_P', 'EMB_P', 'EMB_P', 'EMB_P', 'EMB_P', 'EMB_P', 'EMB_P', 'EMB_P', 'EMB_P', 'EMB_P', 'EMB_P', 'EMB_P', 'EMB_P', 'EMB_P', 'EMB_P', 'EMB_P', 'EMB_P', 'EMB_P', 'EMB_P', 'EMB_P', 'EMB_P', 'EMB_P', 'EMB_P', 'EMB_P', 'EMB_P', 'EMB_P', 'EMB_P', 'EMB_P', 'EMB_P', 'EMB_P', 'EMB_P', 'EMB_P', 'EMB_P', 'EMB_P', 'EMB_P', 'EMB_P', 'EMB_P', 'EMB_P', 'EMB_P', 'EMB_P', 'EMB_P', 'EMB_P', 'EMB_P', 'EMB_P', 'EMB_P', 'EMB_P', 'EMB_P', 'EMB_P', 'EMB_P', 'EMB_P', 'EMB_P', 'EMB_P', 'EMB_P', 'EMB_P', 'EMB_P', 'EMB_P', 'EMB_P', 'EMB_P', 'EMB_P', 'EMB_P', 'EMB_P', 'EMB_P', 'EMB_P', 'EMB_P', 'EMB_P', 'EMB_P', 'EMB_P', 'EMB_P', 'EMB_P', 'EMB_P', 'EMB_P', 'EMB_P', 'EMB_P', 'EMB_P', 'EMB_P', 'EMB_P', 'EMB_P', 'EMB_P', 'EMB_P', 'EMB_P', 'EMB_P', 'EMB_P', 'EMB_P', 'EMB_P', 'EMB_P', 'EMB_P', 'EMB_P', 'EMB_P', 'EMB_P', 'EMB_P', 'EMB_P', 'EMB_P', 'EMB_P', 'EMB_P', 'EMB_P', 'EMB_P', 'EMB_P', 'EMB_P', 'EMB_P', 'EMB_P', 'EMB_P', 'EMB_P', 'EMB_P', 'EMB_P', 'EMB_P', 'EMB_P', 'EMB_P', 'EMB_P', 'EMB_P', 'EMB_P', 'EMB_P', 'EMB_P']"
165,Офіціантка,не уважно,27629:4_1106,"Офіціантка, як ніби під легкими наркотиками слухала не уважно і не чого не записувала, в результаті після 25 хвилинного очікування принесли не те блюдо, яке замовляли.",3.0,6.33,"['EMB_O', 'ASP_B', 'ASP_I', 'ASP_I', 'ASP_I', 'ASP_E', 'EMB_O', 'EMB_O', 'EMB_O', 'EMB_O', 'EMB_O', 'EMB_O', 'EMB_O', 'EMB_O', 'EMB_O', 'EMB_O', 'EMB_O', 'EMB_O', 'EMB_O', 'EMB_O', 'EMB_O', 'EMB_O', 'EMB_O', 'EMB_O', 'EMB_O', 'EMB_O', 'EMB_O', 'EMB_O', 'EMB_O', 'EMB_O', 'EMB_O', 'EMB_O', 'EMB_O', 'EMB_O', 'EMB_O', 'EMB_O', 'EMB_O', 'EMB_O', 'EMB_O', 'EMB_O', 'EMB_O', 'EMB_O', 'EMB_O', 'EMB_O', 'EMB_O', 'EMB_O', 'EMB_O', 'EMB_O', 'EMB_O', 'EMB_O', 'EMB_O', 'EMB_O', 'EMB_O', 'EMB_O', 'EMB_O', 'EMB_O', 'EMB_P', 'EMB_P', 'EMB_P', 'EMB_P', 'EMB_P', 'EMB_P', 'EMB_P', 'EMB_P', 'EMB_P', 'EMB_P', 'EMB_P', 'EMB_P', 'EMB_P', 'EMB_P', 'EMB_P', 'EMB_P', 'EMB_P', 'EMB_P', 'EMB_P', 'EMB_P', 'EMB_P', 'EMB_P', 'EMB_P', 'EMB_P', 'EMB_P', 'EMB_P', 'EMB_P', 'EMB_P', 'EMB_P', 'EMB_P', 'EMB_P', 'EMB_P', 'EMB_P', 'EMB_P', 'EMB_P', 'EMB_P', 'EMB_P', 'EMB_P', 'EMB_P', 'EMB_P', 'EMB_P', 'EMB_P', 'EMB_P', 'EMB_P', 'EMB_P', 'EMB_P', 'EMB_P', 'EMB_P', 'EMB_P', 'EMB_P', 'EMB_P', 'EMB_P', 'EMB_P', 'EMB_P', 'EMB_P', 'EMB_P', 'EMB_P', 'EMB_P', 'EMB_P', 'EMB_P', 'EMB_P', 'EMB_P', 'EMB_P', 'EMB_P', 'EMB_P', 'EMB_P', 'EMB_P', 'EMB_P', 'EMB_P', 'EMB_P', 'EMB_P', 'EMB_P']","['EMB_O', 'EMB_O', 'EMB_O', 'EMB_O', 'EMB_O', 'EMB_O', 'EMB_O', 'EMB_O', 'EMB_O', 'EMB_O', 'EMB_O', 'EMB_O', 'EMB_O', 'EMB_O', 'EMB_O', 'EMB_O', 'EMB_O', 'EMB_O', 'EMB_O', 'EMB_O', 'EMB_O', 'OPN_B', 'OPN_I', 'OPN_I', 'OPN_E', 'EMB_O', 'EMB_O', 'EMB_O', 'EMB_O', 'EMB_O', 'EMB_O', 'EMB_O', 'EMB_O', 'EMB_O', 'EMB_O', 'EMB_O', 'EMB_O', 'EMB_O', 'EMB_O', 'EMB_O', 'EMB_O', 'EMB_O', 'EMB_O', 'EMB_O', 'EMB_O', 'EMB_O', 'EMB_O', 'EMB_O', 'EMB_O', 'EMB_O', 'EMB_O', 'EMB_O', 'EMB_O', 'EMB_O', 'EMB_O', 'EMB_O', 'EMB_P', 'EMB_P', 'EMB_P', 'EMB_P', 'EMB_P', 'EMB_P', 'EMB_P', 'EMB_P', 'EMB_P', 'EMB_P', 'EMB_P', 'EMB_P', 'EMB_P', 'EMB_P', 'EMB_P', 'EMB_P', 'EMB_P', 'EMB_P', 'EMB_P', 'EMB_P', 'EMB_P', 'EMB_P', 'EMB_P', 'EMB_P', 'EMB_P', 'EMB_P', 'EMB_P', 'EMB_P', 'EMB_P', 'EMB_P', 'EMB_P', 'EMB_P', 'EMB_P', 'EMB_P', 'EMB_P', 'EMB_P', 'EMB_P', 'EMB_P', 'EMB_P', 'EMB_P', 'EMB_P', 'EMB_P', 'EMB_P', 'EMB_P', 'EMB_P', 'EMB_P', 'EMB_P', 'EMB_P', 'EMB_P', 'EMB_P', 'EMB_P', 'EMB_P', 'EMB_P', 'EMB_P', 'EMB_P', 'EMB_P', 'EMB_P', 'EMB_P', 'EMB_P', 'EMB_P', 'EMB_P', 'EMB_P', 'EMB_P', 'EMB_P', 'EMB_P', 'EMB_P', 'EMB_P', 'EMB_P', 'EMB_P', 'EMB_P', 'EMB_P', 'EMB_P']"
166,страви китайської кухні,не одного дійсно смачного,27629:6_1107,"Час було пізніше багато їсти ми не могли , але сказавши 3 страви китайської кухні і 2 японської ми не знайшли не одного дійсно смачного.",2.17,7.33,"['EMB_O', 'EMB_O', 'EMB_O', 'EMB_O', 'EMB_O', 'EMB_O', 'EMB_O', 'EMB_O', 'EMB_O', 'EMB_O', 'EMB_O', 'EMB_O', 'EMB_O', 'EMB_O', 'EMB_O', 'EMB_O', 'EMB_O', 'ASP_B', 'ASP_I', 'ASP_I', 'ASP_I', 'ASP_I', 'ASP_I', 'ASP_I', 'ASP_E', 'EMB_O', 'EMB_O', 'EMB_O', 'EMB_O', 'EMB_O', 'EMB_O', 'EMB_O', 'EMB_O', 'EMB_O', 'EMB_O', 'EMB_O', 'EMB_O', 'EMB_O', 'EMB_O', 'EMB_O', 'EMB_O', 'EMB_O', 'EMB_O', 'EMB_O', 'EMB_P', 'EMB_P', 'EMB_P', 'EMB_P', 'EMB_P', 'EMB_P', 'EMB_P', 'EMB_P', 'EMB_P', 'EMB_P', 'EMB_P', 'EMB_P', 'EMB_P', 'EMB_P', 'EMB_P', 'EMB_P', 'EMB_P', 'EMB_P', 'EMB_P', 'EMB_P', 'EMB_P', 'EMB_P', 'EMB_P', 'EMB_P', 'EMB_P', 'EMB_P', 'EMB_P', 'EMB_P', 'EMB_P', 'EMB_P', 'EMB_P', 'EMB_P', 'EMB_P', 'EMB_P', 'EMB_P', 'EMB_P', 'EMB_P', 'EMB_P', 'EMB_P', 'EMB_P', 'EMB_P', 'EMB_P', 'EMB_P', 'EMB_P', 'EMB_P', 'EMB_P', 'EMB_P', 'EMB_P', 'EMB_P', 'EMB_P', 'EMB_P', 'EMB_P', 'EMB_P', 'EMB_P', 'EMB_P', 'EMB_P', 'EMB_P', 'EMB_P', 'EMB_P', 'EMB_P', 'EMB_P', 'EMB_P', 'EMB_P', 'EMB_P', 'EMB_P', 'EMB_P', 'EMB_P', 'EMB_P', 'EMB_P', 'EMB_P', 'EMB_P', 'EMB_P', 'EMB_P', 'EMB_P', 'EMB_P', 'EMB_P', 'EMB_P', 'EMB_P', 'EMB_P', 'EMB_P', 'EMB_P', 'EMB_P', 'EMB_P', 'EMB_P']","['EMB_O', 'EMB_O', 'EMB_O', 'EMB_O', 'EMB_O', 'EMB_O', 'EMB_O', 'EMB_O', 'EMB_O', 'EMB_O', 'EMB_O', 'EMB_O', 'EMB_O', 'EMB_O', 'EMB_O', 'EMB_O', 'EMB_O', 'EMB_O', 'EMB_O', 'EMB_O', 'EMB_O', 'EMB_O', 'EMB_O', 'EMB_O', 'EMB_O', 'EMB_O', 'EMB_O', 'EMB_O', 'EMB_O', 'EMB_O', 'EMB_O', 'EMB_O', 'EMB_O', 'EMB_O', 'EMB_O', 'OPN_B', 'OPN_I', 'OPN_I', 'OPN_I', 'OPN_I', 'OPN_I', 'OPN_E', 'EMB_O', 'EMB_O', 'EMB_P', 'EMB_P', 'EMB_P', 'EMB_P', 'EMB_P', 'EMB_P', 'EMB_P', 'EMB_P', 'EMB_P', 'EMB_P', 'EMB_P', 'EMB_P', 'EMB_P', 'EMB_P', 'EMB_P', 'EMB_P', 'EMB_P', 'EMB_P', 'EMB_P', 'EMB_P', 'EMB_P', 'EMB_P', 'EMB_P', 'EMB_P', 'EMB_P', 'EMB_P', 'EMB_P', 'EMB_P', 'EMB_P', 'EMB_P', 'EMB_P', 'EMB_P', 'EMB_P', 'EMB_P', 'EMB_P', 'EMB_P', 'EMB_P', 'EMB_P', 'EMB_P', 'EMB_P', 'EMB_P', 'EMB_P', 'EMB_P', 'EMB_P', 'EMB_P', 'EMB_P', 'EMB_P', 'EMB_P', 'EMB_P', 'EMB_P', 'EMB_P', 'EMB_P', 'EMB_P', 'EMB_P', 'EMB_P', 'EMB_P', 'EMB_P', 'EMB_P', 'EMB_P', 'EMB_P', 'EMB_P', 'EMB_P', 'EMB_P', 'EMB_P', 'EMB_P', 'EMB_P', 'EMB_P', 'EMB_P', 'EMB_P', 'EMB_P', 'EMB_P', 'EMB_P', 'EMB_P', 'EMB_P', 'EMB_P', 'EMB_P', 'EMB_P', 'EMB_P', 'EMB_P', 'EMB_P', 'EMB_P', 'EMB_P', 'EMB_P', 'EMB_P']"
167,Кухня,претензійна,27629:7_1108,Кухня претензійна і не смачна.,2.8,6.6,"['EMB_O', 'ASP_B', 'ASP_I', 'ASP_E', 'EMB_O', 'EMB_O', 'EMB_O', 'EMB_O', 'EMB_O', 'EMB_O', 'EMB_O', 'EMB_O', 'EMB_O', 'EMB_O', 'EMB_O', 'EMB_P', 'EMB_P', 'EMB_P', 'EMB_P', 'EMB_P', 'EMB_P', 'EMB_P', 'EMB_P', 'EMB_P', 'EMB_P', 'EMB_P', 'EMB_P', 'EMB_P', 'EMB_P', 'EMB_P', 'EMB_P', 'EMB_P', 'EMB_P', 'EMB_P', 'EMB_P', 'EMB_P', 'EMB_P', 'EMB_P', 'EMB_P', 'EMB_P', 'EMB_P', 'EMB_P', 'EMB_P', 'EMB_P', 'EMB_P', 'EMB_P', 'EMB_P', 'EMB_P', 'EMB_P', 'EMB_P', 'EMB_P', 'EMB_P', 'EMB_P', 'EMB_P', 'EMB_P', 'EMB_P', 'EMB_P', 'EMB_P', 'EMB_P', 'EMB_P', 'EMB_P', 'EMB_P', 'EMB_P', 'EMB_P', 'EMB_P', 'EMB_P', 'EMB_P', 'EMB_P', 'EMB_P', 'EMB_P', 'EMB_P', 'EMB_P', 'EMB_P', 'EMB_P', 'EMB_P', 'EMB_P', 'EMB_P', 'EMB_P', 'EMB_P', 'EMB_P', 'EMB_P', 'EMB_P', 'EMB_P', 'EMB_P', 'EMB_P', 'EMB_P', 'EMB_P', 'EMB_P', 'EMB_P', 'EMB_P', 'EMB_P', 'EMB_P', 'EMB_P', 'EMB_P', 'EMB_P', 'EMB_P', 'EMB_P', 'EMB_P', 'EMB_P', 'EMB_P', 'EMB_P', 'EMB_P', 'EMB_P', 'EMB_P', 'EMB_P', 'EMB_P', 'EMB_P', 'EMB_P', 'EMB_P', 'EMB_P', 'EMB_P', 'EMB_P', 'EMB_P', 'EMB_P', 'EMB_P', 'EMB_P', 'EMB_P', 'EMB_P', 'EMB_P', 'EMB_P', 'EMB_P', 'EMB_P', 'EMB_P', 'EMB_P', 'EMB_P', 'EMB_P', 'EMB_P', 'EMB_P']","['EMB_O', 'EMB_O', 'EMB_O', 'EMB_O', 'OPN_B', 'OPN_I', 'OPN_I', 'OPN_E', 'EMB_O', 'EMB_O', 'EMB_O', 'EMB_O', 'EMB_O', 'EMB_O', 'EMB_O', 'EMB_P', 'EMB_P', 'EMB_P', 'EMB_P', 'EMB_P', 'EMB_P', 'EMB_P', 'EMB_P', 'EMB_P', 'EMB_P', 'EMB_P', 'EMB_P', 'EMB_P', 'EMB_P', 'EMB_P', 'EMB_P', 'EMB_P', 'EMB_P', 'EMB_P', 'EMB_P', 'EMB_P', 'EMB_P', 'EMB_P', 'EMB_P', 'EMB_P', 'EMB_P', 'EMB_P', 'EMB_P', 'EMB_P', 'EMB_P', 'EMB_P', 'EMB_P', 'EMB_P', 'EMB_P', 'EMB_P', 'EMB_P', 'EMB_P', 'EMB_P', 'EMB_P', 'EMB_P', 'EMB_P', 'EMB_P', 'EMB_P', 'EMB_P', 'EMB_P', 'EMB_P', 'EMB_P', 'EMB_P', 'EMB_P', 'EMB_P', 'EMB_P', 'EMB_P', 'EMB_P', 'EMB_P', 'EMB_P', 'EMB_P', 'EMB_P', 'EMB_P', 'EMB_P', 'EMB_P', 'EMB_P', 'EMB_P', 'EMB_P', 'EMB_P', 'EMB_P', 'EMB_P', 'EMB_P', 'EMB_P', 'EMB_P', 'EMB_P', 'EMB_P', 'EMB_P', 'EMB_P', 'EMB_P', 'EMB_P', 'EMB_P', 'EMB_P', 'EMB_P', 'EMB_P', 'EMB_P', 'EMB_P', 'EMB_P', 'EMB_P', 'EMB_P', 'EMB_P', 'EMB_P', 'EMB_P', 'EMB_P', 'EMB_P', 'EMB_P', 'EMB_P', 'EMB_P', 'EMB_P', 'EMB_P', 'EMB_P', 'EMB_P', 'EMB_P', 'EMB_P', 'EMB_P', 'EMB_P', 'EMB_P', 'EMB_P', 'EMB_P', 'EMB_P', 'EMB_P', 'EMB_P', 'EMB_P', 'EMB_P', 'EMB_P', 'EMB_P', 'EMB_P', 'EMB_P', 'EMB_P']"
168,обслуговування,не дала і 2 х,27629:8_1109,"Крім того в рахунок вже включені чайові, а це 10 % , за таке обслуговування Я не дала і 2 х..",2.0,6.7,"['EMB_O', 'EMB_O', 'EMB_O', 'EMB_O', 'EMB_O', 'EMB_O', 'EMB_O', 'EMB_O', 'EMB_O', 'EMB_O', 'EMB_O', 'EMB_O', 'EMB_O', 'EMB_O', 'EMB_O', 'EMB_O', 'EMB_O', 'EMB_O', 'EMB_O', 'EMB_O', 'EMB_O', 'ASP_B', 'ASP_I', 'ASP_I', 'ASP_E', 'EMB_O', 'EMB_O', 'EMB_O', 'EMB_O', 'EMB_O', 'EMB_O', 'EMB_O', 'EMB_O', 'EMB_O', 'EMB_P', 'EMB_P', 'EMB_P', 'EMB_P', 'EMB_P', 'EMB_P', 'EMB_P', 'EMB_P', 'EMB_P', 'EMB_P', 'EMB_P', 'EMB_P', 'EMB_P', 'EMB_P', 'EMB_P', 'EMB_P', 'EMB_P', 'EMB_P', 'EMB_P', 'EMB_P', 'EMB_P', 'EMB_P', 'EMB_P', 'EMB_P', 'EMB_P', 'EMB_P', 'EMB_P', 'EMB_P', 'EMB_P', 'EMB_P', 'EMB_P', 'EMB_P', 'EMB_P', 'EMB_P', 'EMB_P', 'EMB_P', 'EMB_P', 'EMB_P', 'EMB_P', 'EMB_P', 'EMB_P', 'EMB_P', 'EMB_P', 'EMB_P', 'EMB_P', 'EMB_P', 'EMB_P', 'EMB_P', 'EMB_P', 'EMB_P', 'EMB_P', 'EMB_P', 'EMB_P', 'EMB_P', 'EMB_P', 'EMB_P', 'EMB_P', 'EMB_P', 'EMB_P', 'EMB_P', 'EMB_P', 'EMB_P', 'EMB_P', 'EMB_P', 'EMB_P', 'EMB_P', 'EMB_P', 'EMB_P', 'EMB_P', 'EMB_P', 'EMB_P', 'EMB_P', 'EMB_P', 'EMB_P', 'EMB_P', 'EMB_P', 'EMB_P', 'EMB_P', 'EMB_P', 'EMB_P', 'EMB_P', 'EMB_P', 'EMB_P', 'EMB_P', 'EMB_P', 'EMB_P', 'EMB_P', 'EMB_P', 'EMB_P', 'EMB_P', 'EMB_P', 'EMB_P', 'EMB_P', 'EMB_P']","['EMB_O', 'EMB_O', 'EMB_O', 'EMB_O', 'EMB_O', 'EMB_O', 'EMB_O', 'EMB_O', 'EMB_O', 'EMB_O', 'EMB_O', 'EMB_O', 'EMB_O', 'EMB_O', 'EMB_O', 'EMB_O', 'EMB_O', 'EMB_O', 'EMB_O', 'EMB_O', 'EMB_O', 'EMB_O', 'EMB_O', 'EMB_O', 'EMB_O', 'EMB_O', 'OPN_B', 'OPN_I', 'OPN_I', 'OPN_I', 'OPN_E', 'EMB_O', 'EMB_O', 'EMB_O', 'EMB_P', 'EMB_P', 'EMB_P', 'EMB_P', 'EMB_P', 'EMB_P', 'EMB_P', 'EMB_P', 'EMB_P', 'EMB_P', 'EMB_P', 'EMB_P', 'EMB_P', 'EMB_P', 'EMB_P', 'EMB_P', 'EMB_P', 'EMB_P', 'EMB_P', 'EMB_P', 'EMB_P', 'EMB_P', 'EMB_P', 'EMB_P', 'EMB_P', 'EMB_P', 'EMB_P', 'EMB_P', 'EMB_P', 'EMB_P', 'EMB_P', 'EMB_P', 'EMB_P', 'EMB_P', 'EMB_P', 'EMB_P', 'EMB_P', 'EMB_P', 'EMB_P', 'EMB_P', 'EMB_P', 'EMB_P', 'EMB_P', 'EMB_P', 'EMB_P', 'EMB_P', 'EMB_P', 'EMB_P', 'EMB_P', 'EMB_P', 'EMB_P', 'EMB_P', 'EMB_P', 'EMB_P', 'EMB_P', 'EMB_P', 'EMB_P', 'EMB_P', 'EMB_P', 'EMB_P', 'EMB_P', 'EMB_P', 'EMB_P', 'EMB_P', 'EMB_P', 'EMB_P', 'EMB_P', 'EMB_P', 'EMB_P', 'EMB_P', 'EMB_P', 'EMB_P', 'EMB_P', 'EMB_P', 'EMB_P', 'EMB_P', 'EMB_P', 'EMB_P', 'EMB_P', 'EMB_P', 'EMB_P', 'EMB_P', 'EMB_P', 'EMB_P', 'EMB_P', 'EMB_P', 'EMB_P', 'EMB_P', 'EMB_P', 'EMB_P', 'EMB_P', 'EMB_P', 'EMB_P', 'EMB_P']"
169,інтер'єр,позитивного,27629:9_1110,З позитивного тільки інтер'єр.,6.67,6.0,"['EMB_O', 'EMB_O', 'EMB_O', 'EMB_O', 'EMB_O', 'EMB_O', 'ASP_B', 'ASP_I', 'ASP_I', 'ASP_E', 'EMB_O', 'EMB_O', 'EMB_P', 'EMB_P', 'EMB_P', 'EMB_P', 'EMB_P', 'EMB_P', 'EMB_P', 'EMB_P', 'EMB_P', 'EMB_P', 'EMB_P', 'EMB_P', 'EMB_P', 'EMB_P', 'EMB_P', 'EMB_P', 'EMB_P', 'EMB_P', 'EMB_P', 'EMB_P', 'EMB_P', 'EMB_P', 'EMB_P', 'EMB_P', 'EMB_P', 'EMB_P', 'EMB_P', 'EMB_P', 'EMB_P', 'EMB_P', 'EMB_P', 'EMB_P', 'EMB_P', 'EMB_P', 'EMB_P', 'EMB_P', 'EMB_P', 'EMB_P', 'EMB_P', 'EMB_P', 'EMB_P', 'EMB_P', 'EMB_P', 'EMB_P', 'EMB_P', 'EMB_P', 'EMB_P', 'EMB_P', 'EMB_P', 'EMB_P', 'EMB_P', 'EMB_P', 'EMB_P', 'EMB_P', 'EMB_P', 'EMB_P', 'EMB_P', 'EMB_P', 'EMB_P', 'EMB_P', 'EMB_P', 'EMB_P', 'EMB_P', 'EMB_P', 'EMB_P', 'EMB_P', 'EMB_P', 'EMB_P', 'EMB_P', 'EMB_P', 'EMB_P', 'EMB_P', 'EMB_P', 'EMB_P', 'EMB_P', 'EMB_P', 'EMB_P', 'EMB_P', 'EMB_P', 'EMB_P', 'EMB_P', 'EMB_P', 'EMB_P', 'EMB_P', 'EMB_P', 'EMB_P', 'EMB_P', 'EMB_P', 'EMB_P', 'EMB_P', 'EMB_P', 'EMB_P', 'EMB_P', 'EMB_P', 'EMB_P', 'EMB_P', 'EMB_P', 'EMB_P', 'EMB_P', 'EMB_P', 'EMB_P', 'EMB_P', 'EMB_P', 'EMB_P', 'EMB_P', 'EMB_P', 'EMB_P', 'EMB_P', 'EMB_P', 'EMB_P', 'EMB_P', 'EMB_P', 'EMB_P', 'EMB_P', 'EMB_P', 'EMB_P']","['EMB_O', 'EMB_O', 'OPN_B', 'OPN_I', 'OPN_E', 'EMB_O', 'EMB_O', 'EMB_O', 'EMB_O', 'EMB_O', 'EMB_O', 'EMB_O', 'EMB_P', 'EMB_P', 'EMB_P', 'EMB_P', 'EMB_P', 'EMB_P', 'EMB_P', 'EMB_P', 'EMB_P', 'EMB_P', 'EMB_P', 'EMB_P', 'EMB_P', 'EMB_P', 'EMB_P', 'EMB_P', 'EMB_P', 'EMB_P', 'EMB_P', 'EMB_P', 'EMB_P', 'EMB_P', 'EMB_P', 'EMB_P', 'EMB_P', 'EMB_P', 'EMB_P', 'EMB_P', 'EMB_P', 'EMB_P', 'EMB_P', 'EMB_P', 'EMB_P', 'EMB_P', 'EMB_P', 'EMB_P', 'EMB_P', 'EMB_P', 'EMB_P', 'EMB_P', 'EMB_P', 'EMB_P', 'EMB_P', 'EMB_P', 'EMB_P', 'EMB_P', 'EMB_P', 'EMB_P', 'EMB_P', 'EMB_P', 'EMB_P', 'EMB_P', 'EMB_P', 'EMB_P', 'EMB_P', 'EMB_P', 'EMB_P', 'EMB_P', 'EMB_P', 'EMB_P', 'EMB_P', 'EMB_P', 'EMB_P', 'EMB_P', 'EMB_P', 'EMB_P', 'EMB_P', 'EMB_P', 'EMB_P', 'EMB_P', 'EMB_P', 'EMB_P', 'EMB_P', 'EMB_P', 'EMB_P', 'EMB_P', 'EMB_P', 'EMB_P', 'EMB_P', 'EMB_P', 'EMB_P', 'EMB_P', 'EMB_P', 'EMB_P', 'EMB_P', 'EMB_P', 'EMB_P', 'EMB_P', 'EMB_P', 'EMB_P', 'EMB_P', 'EMB_P', 'EMB_P', 'EMB_P', 'EMB_P', 'EMB_P', 'EMB_P', 'EMB_P', 'EMB_P', 'EMB_P', 'EMB_P', 'EMB_P', 'EMB_P', 'EMB_P', 'EMB_P', 'EMB_P', 'EMB_P', 'EMB_P', 'EMB_P', 'EMB_P', 'EMB_P', 'EMB_P', 'EMB_P', 'EMB_P', 'EMB_P', 'EMB_P']"
170,меблі,дуже не зручні,27629:10_1111,Але дуже не зручні меблі.,2.2,7.2,"['EMB_O', 'EMB_O', 'EMB_O', 'EMB_O', 'EMB_O', 'EMB_O', 'EMB_O', 'ASP_B', 'ASP_I', 'ASP_E', 'EMB_O', 'EMB_O', 'EMB_P', 'EMB_P', 'EMB_P', 'EMB_P', 'EMB_P', 'EMB_P', 'EMB_P', 'EMB_P', 'EMB_P', 'EMB_P', 'EMB_P', 'EMB_P', 'EMB_P', 'EMB_P', 'EMB_P', 'EMB_P', 'EMB_P', 'EMB_P', 'EMB_P', 'EMB_P', 'EMB_P', 'EMB_P', 'EMB_P', 'EMB_P', 'EMB_P', 'EMB_P', 'EMB_P', 'EMB_P', 'EMB_P', 'EMB_P', 'EMB_P', 'EMB_P', 'EMB_P', 'EMB_P', 'EMB_P', 'EMB_P', 'EMB_P', 'EMB_P', 'EMB_P', 'EMB_P', 'EMB_P', 'EMB_P', 'EMB_P', 'EMB_P', 'EMB_P', 'EMB_P', 'EMB_P', 'EMB_P', 'EMB_P', 'EMB_P', 'EMB_P', 'EMB_P', 'EMB_P', 'EMB_P', 'EMB_P', 'EMB_P', 'EMB_P', 'EMB_P', 'EMB_P', 'EMB_P', 'EMB_P', 'EMB_P', 'EMB_P', 'EMB_P', 'EMB_P', 'EMB_P', 'EMB_P', 'EMB_P', 'EMB_P', 'EMB_P', 'EMB_P', 'EMB_P', 'EMB_P', 'EMB_P', 'EMB_P', 'EMB_P', 'EMB_P', 'EMB_P', 'EMB_P', 'EMB_P', 'EMB_P', 'EMB_P', 'EMB_P', 'EMB_P', 'EMB_P', 'EMB_P', 'EMB_P', 'EMB_P', 'EMB_P', 'EMB_P', 'EMB_P', 'EMB_P', 'EMB_P', 'EMB_P', 'EMB_P', 'EMB_P', 'EMB_P', 'EMB_P', 'EMB_P', 'EMB_P', 'EMB_P', 'EMB_P', 'EMB_P', 'EMB_P', 'EMB_P', 'EMB_P', 'EMB_P', 'EMB_P', 'EMB_P', 'EMB_P', 'EMB_P', 'EMB_P', 'EMB_P', 'EMB_P', 'EMB_P', 'EMB_P']","['EMB_O', 'EMB_O', 'OPN_B', 'OPN_I', 'OPN_I', 'OPN_I', 'OPN_E', 'EMB_O', 'EMB_O', 'EMB_O', 'EMB_O', 'EMB_O', 'EMB_P', 'EMB_P', 'EMB_P', 'EMB_P', 'EMB_P', 'EMB_P', 'EMB_P', 'EMB_P', 'EMB_P', 'EMB_P', 'EMB_P', 'EMB_P', 'EMB_P', 'EMB_P', 'EMB_P', 'EMB_P', 'EMB_P', 'EMB_P', 'EMB_P', 'EMB_P', 'EMB_P', 'EMB_P', 'EMB_P', 'EMB_P', 'EMB_P', 'EMB_P', 'EMB_P', 'EMB_P', 'EMB_P', 'EMB_P', 'EMB_P', 'EMB_P', 'EMB_P', 'EMB_P', 'EMB_P', 'EMB_P', 'EMB_P', 'EMB_P', 'EMB_P', 'EMB_P', 'EMB_P', 'EMB_P', 'EMB_P', 'EMB_P', 'EMB_P', 'EMB_P', 'EMB_P', 'EMB_P', 'EMB_P', 'EMB_P', 'EMB_P', 'EMB_P', 'EMB_P', 'EMB_P', 'EMB_P', 'EMB_P', 'EMB_P', 'EMB_P', 'EMB_P', 'EMB_P', 'EMB_P', 'EMB_P', 'EMB_P', 'EMB_P', 'EMB_P', 'EMB_P', 'EMB_P', 'EMB_P', 'EMB_P', 'EMB_P', 'EMB_P', 'EMB_P', 'EMB_P', 'EMB_P', 'EMB_P', 'EMB_P', 'EMB_P', 'EMB_P', 'EMB_P', 'EMB_P', 'EMB_P', 'EMB_P', 'EMB_P', 'EMB_P', 'EMB_P', 'EMB_P', 'EMB_P', 'EMB_P', 'EMB_P', 'EMB_P', 'EMB_P', 'EMB_P', 'EMB_P', 'EMB_P', 'EMB_P', 'EMB_P', 'EMB_P', 'EMB_P', 'EMB_P', 'EMB_P', 'EMB_P', 'EMB_P', 'EMB_P', 'EMB_P', 'EMB_P', 'EMB_P', 'EMB_P', 'EMB_P', 'EMB_P', 'EMB_P', 'EMB_P', 'EMB_P', 'EMB_P', 'EMB_P', 'EMB_P', 'EMB_P']"
171,заклад,більше не підемо,27629:11_1112,"Загалом, в цей заклад ми більше не підемо.",2.0,6.83,"['EMB_O', 'EMB_O', 'EMB_O', 'EMB_O', 'EMB_O', 'EMB_O', 'ASP_B', 'ASP_E', 'EMB_O', 'EMB_O', 'EMB_O', 'EMB_O', 'EMB_O', 'EMB_O', 'EMB_O', 'EMB_O', 'EMB_P', 'EMB_P', 'EMB_P', 'EMB_P', 'EMB_P', 'EMB_P', 'EMB_P', 'EMB_P', 'EMB_P', 'EMB_P', 'EMB_P', 'EMB_P', 'EMB_P', 'EMB_P', 'EMB_P', 'EMB_P', 'EMB_P', 'EMB_P', 'EMB_P', 'EMB_P', 'EMB_P', 'EMB_P', 'EMB_P', 'EMB_P', 'EMB_P', 'EMB_P', 'EMB_P', 'EMB_P', 'EMB_P', 'EMB_P', 'EMB_P', 'EMB_P', 'EMB_P', 'EMB_P', 'EMB_P', 'EMB_P', 'EMB_P', 'EMB_P', 'EMB_P', 'EMB_P', 'EMB_P', 'EMB_P', 'EMB_P', 'EMB_P', 'EMB_P', 'EMB_P', 'EMB_P', 'EMB_P', 'EMB_P', 'EMB_P', 'EMB_P', 'EMB_P', 'EMB_P', 'EMB_P', 'EMB_P', 'EMB_P', 'EMB_P', 'EMB_P', 'EMB_P', 'EMB_P', 'EMB_P', 'EMB_P', 'EMB_P', 'EMB_P', 'EMB_P', 'EMB_P', 'EMB_P', 'EMB_P', 'EMB_P', 'EMB_P', 'EMB_P', 'EMB_P', 'EMB_P', 'EMB_P', 'EMB_P', 'EMB_P', 'EMB_P', 'EMB_P', 'EMB_P', 'EMB_P', 'EMB_P', 'EMB_P', 'EMB_P', 'EMB_P', 'EMB_P', 'EMB_P', 'EMB_P', 'EMB_P', 'EMB_P', 'EMB_P', 'EMB_P', 'EMB_P', 'EMB_P', 'EMB_P', 'EMB_P', 'EMB_P', 'EMB_P', 'EMB_P', 'EMB_P', 'EMB_P', 'EMB_P', 'EMB_P', 'EMB_P', 'EMB_P', 'EMB_P', 'EMB_P', 'EMB_P', 'EMB_P', 'EMB_P', 'EMB_P', 'EMB_P', 'EMB_P']","['EMB_O', 'EMB_O', 'EMB_O', 'EMB_O', 'EMB_O', 'EMB_O', 'EMB_O', 'EMB_O', 'EMB_O', 'OPN_B', 'OPN_I', 'OPN_I', 'OPN_I', 'OPN_E', 'EMB_O', 'EMB_O', 'EMB_P', 'EMB_P', 'EMB_P', 'EMB_P', 'EMB_P', 'EMB_P', 'EMB_P', 'EMB_P', 'EMB_P', 'EMB_P', 'EMB_P', 'EMB_P', 'EMB_P', 'EMB_P', 'EMB_P', 'EMB_P', 'EMB_P', 'EMB_P', 'EMB_P', 'EMB_P', 'EMB_P', 'EMB_P', 'EMB_P', 'EMB_P', 'EMB_P', 'EMB_P', 'EMB_P', 'EMB_P', 'EMB_P', 'EMB_P', 'EMB_P', 'EMB_P', 'EMB_P', 'EMB_P', 'EMB_P', 'EMB_P', 'EMB_P', 'EMB_P', 'EMB_P', 'EMB_P', 'EMB_P', 'EMB_P', 'EMB_P', 'EMB_P', 'EMB_P', 'EMB_P', 'EMB_P', 'EMB_P', 'EMB_P', 'EMB_P', 'EMB_P', 'EMB_P', 'EMB_P', 'EMB_P', 'EMB_P', 'EMB_P', 'EMB_P', 'EMB_P', 'EMB_P', 'EMB_P', 'EMB_P', 'EMB_P', 'EMB_P', 'EMB_P', 'EMB_P', 'EMB_P', 'EMB_P', 'EMB_P', 'EMB_P', 'EMB_P', 'EMB_P', 'EMB_P', 'EMB_P', 'EMB_P', 'EMB_P', 'EMB_P', 'EMB_P', 'EMB_P', 'EMB_P', 'EMB_P', 'EMB_P', 'EMB_P', 'EMB_P', 'EMB_P', 'EMB_P', 'EMB_P', 'EMB_P', 'EMB_P', 'EMB_P', 'EMB_P', 'EMB_P', 'EMB_P', 'EMB_P', 'EMB_P', 'EMB_P', 'EMB_P', 'EMB_P', 'EMB_P', 'EMB_P', 'EMB_P', 'EMB_P', 'EMB_P', 'EMB_P', 'EMB_P', 'EMB_P', 'EMB_P', 'EMB_P', 'EMB_P', 'EMB_P', 'EMB_P', 'EMB_P', 'EMB_P']"
172,ресторан,Дуже хороший,27816:1_1113,Дуже хороший ресторан.,7.62,7.12,"['EMB_O', 'EMB_O', 'EMB_O', 'EMB_O', 'EMB_O', 'EMB_O', 'EMB_O', 'ASP_B', 'ASP_I', 'ASP_E', 'EMB_O', 'EMB_O', 'EMB_P', 'EMB_P', 'EMB_P', 'EMB_P', 'EMB_P', 'EMB_P', 'EMB_P', 'EMB_P', 'EMB_P', 'EMB_P', 'EMB_P', 'EMB_P', 'EMB_P', 'EMB_P', 'EMB_P', 'EMB_P', 'EMB_P', 'EMB_P', 'EMB_P', 'EMB_P', 'EMB_P', 'EMB_P', 'EMB_P', 'EMB_P', 'EMB_P', 'EMB_P', 'EMB_P', 'EMB_P', 'EMB_P', 'EMB_P', 'EMB_P', 'EMB_P', 'EMB_P', 'EMB_P', 'EMB_P', 'EMB_P', 'EMB_P', 'EMB_P', 'EMB_P', 'EMB_P', 'EMB_P', 'EMB_P', 'EMB_P', 'EMB_P', 'EMB_P', 'EMB_P', 'EMB_P', 'EMB_P', 'EMB_P', 'EMB_P', 'EMB_P', 'EMB_P', 'EMB_P', 'EMB_P', 'EMB_P', 'EMB_P', 'EMB_P', 'EMB_P', 'EMB_P', 'EMB_P', 'EMB_P', 'EMB_P', 'EMB_P', 'EMB_P', 'EMB_P', 'EMB_P', 'EMB_P', 'EMB_P', 'EMB_P', 'EMB_P', 'EMB_P', 'EMB_P', 'EMB_P', 'EMB_P', 'EMB_P', 'EMB_P', 'EMB_P', 'EMB_P', 'EMB_P', 'EMB_P', 'EMB_P', 'EMB_P', 'EMB_P', 'EMB_P', 'EMB_P', 'EMB_P', 'EMB_P', 'EMB_P', 'EMB_P', 'EMB_P', 'EMB_P', 'EMB_P', 'EMB_P', 'EMB_P', 'EMB_P', 'EMB_P', 'EMB_P', 'EMB_P', 'EMB_P', 'EMB_P', 'EMB_P', 'EMB_P', 'EMB_P', 'EMB_P', 'EMB_P', 'EMB_P', 'EMB_P', 'EMB_P', 'EMB_P', 'EMB_P', 'EMB_P', 'EMB_P', 'EMB_P', 'EMB_P', 'EMB_P', 'EMB_P']","['EMB_O', 'OPN_B', 'OPN_I', 'OPN_I', 'OPN_I', 'OPN_I', 'OPN_E', 'EMB_O', 'EMB_O', 'EMB_O', 'EMB_O', 'EMB_O', 'EMB_P', 'EMB_P', 'EMB_P', 'EMB_P', 'EMB_P', 'EMB_P', 'EMB_P', 'EMB_P', 'EMB_P', 'EMB_P', 'EMB_P', 'EMB_P', 'EMB_P', 'EMB_P', 'EMB_P', 'EMB_P', 'EMB_P', 'EMB_P', 'EMB_P', 'EMB_P', 'EMB_P', 'EMB_P', 'EMB_P', 'EMB_P', 'EMB_P', 'EMB_P', 'EMB_P', 'EMB_P', 'EMB_P', 'EMB_P', 'EMB_P', 'EMB_P', 'EMB_P', 'EMB_P', 'EMB_P', 'EMB_P', 'EMB_P', 'EMB_P', 'EMB_P', 'EMB_P', 'EMB_P', 'EMB_P', 'EMB_P', 'EMB_P', 'EMB_P', 'EMB_P', 'EMB_P', 'EMB_P', 'EMB_P', 'EMB_P', 'EMB_P', 'EMB_P', 'EMB_P', 'EMB_P', 'EMB_P', 'EMB_P', 'EMB_P', 'EMB_P', 'EMB_P', 'EMB_P', 'EMB_P', 'EMB_P', 'EMB_P', 'EMB_P', 'EMB_P', 'EMB_P', 'EMB_P', 'EMB_P', 'EMB_P', 'EMB_P', 'EMB_P', 'EMB_P', 'EMB_P', 'EMB_P', 'EMB_P', 'EMB_P', 'EMB_P', 'EMB_P', 'EMB_P', 'EMB_P', 'EMB_P', 'EMB_P', 'EMB_P', 'EMB_P', 'EMB_P', 'EMB_P', 'EMB_P', 'EMB_P', 'EMB_P', 'EMB_P', 'EMB_P', 'EMB_P', 'EMB_P', 'EMB_P', 'EMB_P', 'EMB_P', 'EMB_P', 'EMB_P', 'EMB_P', 'EMB_P', 'EMB_P', 'EMB_P', 'EMB_P', 'EMB_P', 'EMB_P', 'EMB_P', 'EMB_P', 'EMB_P', 'EMB_P', 'EMB_P', 'EMB_P', 'EMB_P', 'EMB_P', 'EMB_P', 'EMB_P', 'EMB_P']"
173,банкетне меню,Прекрасне,27816:2_1114,"Прекрасне банкетне меню, гарна кухня та дуже демократичні ціни.",8.0,7.75,"['EMB_O', 'EMB_O', 'EMB_O', 'EMB_O', 'EMB_O', 'ASP_B', 'ASP_I', 'ASP_I', 'ASP_I', 'ASP_E', 'EMB_O', 'EMB_O', 'EMB_O', 'EMB_O', 'EMB_O', 'EMB_O', 'EMB_O', 'EMB_O', 'EMB_O', 'EMB_O', 'EMB_O', 'EMB_O', 'EMB_O', 'EMB_O', 'EMB_O', 'EMB_O', 'EMB_P', 'EMB_P', 'EMB_P', 'EMB_P', 'EMB_P', 'EMB_P', 'EMB_P', 'EMB_P', 'EMB_P', 'EMB_P', 'EMB_P', 'EMB_P', 'EMB_P', 'EMB_P', 'EMB_P', 'EMB_P', 'EMB_P', 'EMB_P', 'EMB_P', 'EMB_P', 'EMB_P', 'EMB_P', 'EMB_P', 'EMB_P', 'EMB_P', 'EMB_P', 'EMB_P', 'EMB_P', 'EMB_P', 'EMB_P', 'EMB_P', 'EMB_P', 'EMB_P', 'EMB_P', 'EMB_P', 'EMB_P', 'EMB_P', 'EMB_P', 'EMB_P', 'EMB_P', 'EMB_P', 'EMB_P', 'EMB_P', 'EMB_P', 'EMB_P', 'EMB_P', 'EMB_P', 'EMB_P', 'EMB_P', 'EMB_P', 'EMB_P', 'EMB_P', 'EMB_P', 'EMB_P', 'EMB_P', 'EMB_P', 'EMB_P', 'EMB_P', 'EMB_P', 'EMB_P', 'EMB_P', 'EMB_P', 'EMB_P', 'EMB_P', 'EMB_P', 'EMB_P', 'EMB_P', 'EMB_P', 'EMB_P', 'EMB_P', 'EMB_P', 'EMB_P', 'EMB_P', 'EMB_P', 'EMB_P', 'EMB_P', 'EMB_P', 'EMB_P', 'EMB_P', 'EMB_P', 'EMB_P', 'EMB_P', 'EMB_P', 'EMB_P', 'EMB_P', 'EMB_P', 'EMB_P', 'EMB_P', 'EMB_P', 'EMB_P', 'EMB_P', 'EMB_P', 'EMB_P', 'EMB_P', 'EMB_P', 'EMB_P', 'EMB_P', 'EMB_P', 'EMB_P', 'EMB_P', 'EMB_P', 'EMB_P']","['EMB_O', 'OPN_B', 'OPN_I', 'OPN_I', 'OPN_E', 'EMB_O', 'EMB_O', 'EMB_O', 'EMB_O', 'EMB_O', 'EMB_O', 'EMB_O', 'EMB_O', 'EMB_O', 'EMB_O', 'EMB_O', 'EMB_O', 'EMB_O', 'EMB_O', 'EMB_O', 'EMB_O', 'EMB_O', 'EMB_O', 'EMB_O', 'EMB_O', 'EMB_O', 'EMB_P', 'EMB_P', 'EMB_P', 'EMB_P', 'EMB_P', 'EMB_P', 'EMB_P', 'EMB_P', 'EMB_P', 'EMB_P', 'EMB_P', 'EMB_P', 'EMB_P', 'EMB_P', 'EMB_P', 'EMB_P', 'EMB_P', 'EMB_P', 'EMB_P', 'EMB_P', 'EMB_P', 'EMB_P', 'EMB_P', 'EMB_P', 'EMB_P', 'EMB_P', 'EMB_P', 'EMB_P', 'EMB_P', 'EMB_P', 'EMB_P', 'EMB_P', 'EMB_P', 'EMB_P', 'EMB_P', 'EMB_P', 'EMB_P', 'EMB_P', 'EMB_P', 'EMB_P', 'EMB_P', 'EMB_P', 'EMB_P', 'EMB_P', 'EMB_P', 'EMB_P', 'EMB_P', 'EMB_P', 'EMB_P', 'EMB_P', 'EMB_P', 'EMB_P', 'EMB_P', 'EMB_P', 'EMB_P', 'EMB_P', 'EMB_P', 'EMB_P', 'EMB_P', 'EMB_P', 'EMB_P', 'EMB_P', 'EMB_P', 'EMB_P', 'EMB_P', 'EMB_P', 'EMB_P', 'EMB_P', 'EMB_P', 'EMB_P', 'EMB_P', 'EMB_P', 'EMB_P', 'EMB_P', 'EMB_P', 'EMB_P', 'EMB_P', 'EMB_P', 'EMB_P', 'EMB_P', 'EMB_P', 'EMB_P', 'EMB_P', 'EMB_P', 'EMB_P', 'EMB_P', 'EMB_P', 'EMB_P', 'EMB_P', 'EMB_P', 'EMB_P', 'EMB_P', 'EMB_P', 'EMB_P', 'EMB_P', 'EMB_P', 'EMB_P', 'EMB_P', 'EMB_P', 'EMB_P', 'EMB_P', 'EMB_P']"
174,кухня,гарна,27816:2_1114,"Прекрасне банкетне меню, гарна кухня та дуже демократичні ціни.",6.9,6.4,"['EMB_O', 'EMB_O', 'EMB_O', 'EMB_O', 'EMB_O', 'EMB_O', 'EMB_O', 'EMB_O', 'EMB_O', 'EMB_O', 'EMB_O', 'EMB_O', 'EMB_O', 'ASP_B', 'ASP_I', 'ASP_E', 'EMB_O', 'EMB_O', 'EMB_O', 'EMB_O', 'EMB_O', 'EMB_O', 'EMB_O', 'EMB_O', 'EMB_O', 'EMB_O', 'EMB_P', 'EMB_P', 'EMB_P', 'EMB_P', 'EMB_P', 'EMB_P', 'EMB_P', 'EMB_P', 'EMB_P', 'EMB_P', 'EMB_P', 'EMB_P', 'EMB_P', 'EMB_P', 'EMB_P', 'EMB_P', 'EMB_P', 'EMB_P', 'EMB_P', 'EMB_P', 'EMB_P', 'EMB_P', 'EMB_P', 'EMB_P', 'EMB_P', 'EMB_P', 'EMB_P', 'EMB_P', 'EMB_P', 'EMB_P', 'EMB_P', 'EMB_P', 'EMB_P', 'EMB_P', 'EMB_P', 'EMB_P', 'EMB_P', 'EMB_P', 'EMB_P', 'EMB_P', 'EMB_P', 'EMB_P', 'EMB_P', 'EMB_P', 'EMB_P', 'EMB_P', 'EMB_P', 'EMB_P', 'EMB_P', 'EMB_P', 'EMB_P', 'EMB_P', 'EMB_P', 'EMB_P', 'EMB_P', 'EMB_P', 'EMB_P', 'EMB_P', 'EMB_P', 'EMB_P', 'EMB_P', 'EMB_P', 'EMB_P', 'EMB_P', 'EMB_P', 'EMB_P', 'EMB_P', 'EMB_P', 'EMB_P', 'EMB_P', 'EMB_P', 'EMB_P', 'EMB_P', 'EMB_P', 'EMB_P', 'EMB_P', 'EMB_P', 'EMB_P', 'EMB_P', 'EMB_P', 'EMB_P', 'EMB_P', 'EMB_P', 'EMB_P', 'EMB_P', 'EMB_P', 'EMB_P', 'EMB_P', 'EMB_P', 'EMB_P', 'EMB_P', 'EMB_P', 'EMB_P', 'EMB_P', 'EMB_P', 'EMB_P', 'EMB_P', 'EMB_P', 'EMB_P', 'EMB_P', 'EMB_P', 'EMB_P']","['EMB_O', 'EMB_O', 'EMB_O', 'EMB_O', 'EMB_O', 'EMB_O', 'EMB_O', 'EMB_O', 'EMB_O', 'EMB_O', 'EMB_O', 'OPN_B', 'OPN_E', 'EMB_O', 'EMB_O', 'EMB_O', 'EMB_O', 'EMB_O', 'EMB_O', 'EMB_O', 'EMB_O', 'EMB_O', 'EMB_O', 'EMB_O', 'EMB_O', 'EMB_O', 'EMB_P', 'EMB_P', 'EMB_P', 'EMB_P', 'EMB_P', 'EMB_P', 'EMB_P', 'EMB_P', 'EMB_P', 'EMB_P', 'EMB_P', 'EMB_P', 'EMB_P', 'EMB_P', 'EMB_P', 'EMB_P', 'EMB_P', 'EMB_P', 'EMB_P', 'EMB_P', 'EMB_P', 'EMB_P', 'EMB_P', 'EMB_P', 'EMB_P', 'EMB_P', 'EMB_P', 'EMB_P', 'EMB_P', 'EMB_P', 'EMB_P', 'EMB_P', 'EMB_P', 'EMB_P', 'EMB_P', 'EMB_P', 'EMB_P', 'EMB_P', 'EMB_P', 'EMB_P', 'EMB_P', 'EMB_P', 'EMB_P', 'EMB_P', 'EMB_P', 'EMB_P', 'EMB_P', 'EMB_P', 'EMB_P', 'EMB_P', 'EMB_P', 'EMB_P', 'EMB_P', 'EMB_P', 'EMB_P', 'EMB_P', 'EMB_P', 'EMB_P', 'EMB_P', 'EMB_P', 'EMB_P', 'EMB_P', 'EMB_P', 'EMB_P', 'EMB_P', 'EMB_P', 'EMB_P', 'EMB_P', 'EMB_P', 'EMB_P', 'EMB_P', 'EMB_P', 'EMB_P', 'EMB_P', 'EMB_P', 'EMB_P', 'EMB_P', 'EMB_P', 'EMB_P', 'EMB_P', 'EMB_P', 'EMB_P', 'EMB_P', 'EMB_P', 'EMB_P', 'EMB_P', 'EMB_P', 'EMB_P', 'EMB_P', 'EMB_P', 'EMB_P', 'EMB_P', 'EMB_P', 'EMB_P', 'EMB_P', 'EMB_P', 'EMB_P', 'EMB_P', 'EMB_P', 'EMB_P', 'EMB_P', 'EMB_P']"
175,шашлик,Смачний,27816:3_1115,"Смачний шашлик, гарний асортимент страв.",7.5,7.25,"['EMB_O', 'EMB_O', 'EMB_O', 'EMB_O', 'ASP_B', 'ASP_I', 'ASP_E', 'EMB_O', 'EMB_O', 'EMB_O', 'EMB_O', 'EMB_O', 'EMB_O', 'EMB_O', 'EMB_O', 'EMB_O', 'EMB_O', 'EMB_O', 'EMB_P', 'EMB_P', 'EMB_P', 'EMB_P', 'EMB_P', 'EMB_P', 'EMB_P', 'EMB_P', 'EMB_P', 'EMB_P', 'EMB_P', 'EMB_P', 'EMB_P', 'EMB_P', 'EMB_P', 'EMB_P', 'EMB_P', 'EMB_P', 'EMB_P', 'EMB_P', 'EMB_P', 'EMB_P', 'EMB_P', 'EMB_P', 'EMB_P', 'EMB_P', 'EMB_P', 'EMB_P', 'EMB_P', 'EMB_P', 'EMB_P', 'EMB_P', 'EMB_P', 'EMB_P', 'EMB_P', 'EMB_P', 'EMB_P', 'EMB_P', 'EMB_P', 'EMB_P', 'EMB_P', 'EMB_P', 'EMB_P', 'EMB_P', 'EMB_P', 'EMB_P', 'EMB_P', 'EMB_P', 'EMB_P', 'EMB_P', 'EMB_P', 'EMB_P', 'EMB_P', 'EMB_P', 'EMB_P', 'EMB_P', 'EMB_P', 'EMB_P', 'EMB_P', 'EMB_P', 'EMB_P', 'EMB_P', 'EMB_P', 'EMB_P', 'EMB_P', 'EMB_P', 'EMB_P', 'EMB_P', 'EMB_P', 'EMB_P', 'EMB_P', 'EMB_P', 'EMB_P', 'EMB_P', 'EMB_P', 'EMB_P', 'EMB_P', 'EMB_P', 'EMB_P', 'EMB_P', 'EMB_P', 'EMB_P', 'EMB_P', 'EMB_P', 'EMB_P', 'EMB_P', 'EMB_P', 'EMB_P', 'EMB_P', 'EMB_P', 'EMB_P', 'EMB_P', 'EMB_P', 'EMB_P', 'EMB_P', 'EMB_P', 'EMB_P', 'EMB_P', 'EMB_P', 'EMB_P', 'EMB_P', 'EMB_P', 'EMB_P', 'EMB_P', 'EMB_P', 'EMB_P', 'EMB_P', 'EMB_P', 'EMB_P', 'EMB_P']","['EMB_O', 'OPN_B', 'OPN_I', 'OPN_E', 'EMB_O', 'EMB_O', 'EMB_O', 'EMB_O', 'EMB_O', 'EMB_O', 'EMB_O', 'EMB_O', 'EMB_O', 'EMB_O', 'EMB_O', 'EMB_O', 'EMB_O', 'EMB_O', 'EMB_P', 'EMB_P', 'EMB_P', 'EMB_P', 'EMB_P', 'EMB_P', 'EMB_P', 'EMB_P', 'EMB_P', 'EMB_P', 'EMB_P', 'EMB_P', 'EMB_P', 'EMB_P', 'EMB_P', 'EMB_P', 'EMB_P', 'EMB_P', 'EMB_P', 'EMB_P', 'EMB_P', 'EMB_P', 'EMB_P', 'EMB_P', 'EMB_P', 'EMB_P', 'EMB_P', 'EMB_P', 'EMB_P', 'EMB_P', 'EMB_P', 'EMB_P', 'EMB_P', 'EMB_P', 'EMB_P', 'EMB_P', 'EMB_P', 'EMB_P', 'EMB_P', 'EMB_P', 'EMB_P', 'EMB_P', 'EMB_P', 'EMB_P', 'EMB_P', 'EMB_P', 'EMB_P', 'EMB_P', 'EMB_P', 'EMB_P', 'EMB_P', 'EMB_P', 'EMB_P', 'EMB_P', 'EMB_P', 'EMB_P', 'EMB_P', 'EMB_P', 'EMB_P', 'EMB_P', 'EMB_P', 'EMB_P', 'EMB_P', 'EMB_P', 'EMB_P', 'EMB_P', 'EMB_P', 'EMB_P', 'EMB_P', 'EMB_P', 'EMB_P', 'EMB_P', 'EMB_P', 'EMB_P', 'EMB_P', 'EMB_P', 'EMB_P', 'EMB_P', 'EMB_P', 'EMB_P', 'EMB_P', 'EMB_P', 'EMB_P', 'EMB_P', 'EMB_P', 'EMB_P', 'EMB_P', 'EMB_P', 'EMB_P', 'EMB_P', 'EMB_P', 'EMB_P', 'EMB_P', 'EMB_P', 'EMB_P', 'EMB_P', 'EMB_P', 'EMB_P', 'EMB_P', 'EMB_P', 'EMB_P', 'EMB_P', 'EMB_P', 'EMB_P', 'EMB_P', 'EMB_P', 'EMB_P', 'EMB_P', 'EMB_P', 'EMB_P']"
176,страв,гарний асортимент,27816:3_1115,"Смачний шашлик, гарний асортимент страв.",7.17,6.67,"['EMB_O', 'EMB_O', 'EMB_O', 'EMB_O', 'EMB_O', 'EMB_O', 'EMB_O', 'EMB_O', 'EMB_O', 'EMB_O', 'EMB_O', 'EMB_O', 'EMB_O', 'EMB_O', 'ASP_B', 'ASP_E', 'EMB_O', 'EMB_O', 'EMB_P', 'EMB_P', 'EMB_P', 'EMB_P', 'EMB_P', 'EMB_P', 'EMB_P', 'EMB_P', 'EMB_P', 'EMB_P', 'EMB_P', 'EMB_P', 'EMB_P', 'EMB_P', 'EMB_P', 'EMB_P', 'EMB_P', 'EMB_P', 'EMB_P', 'EMB_P', 'EMB_P', 'EMB_P', 'EMB_P', 'EMB_P', 'EMB_P', 'EMB_P', 'EMB_P', 'EMB_P', 'EMB_P', 'EMB_P', 'EMB_P', 'EMB_P', 'EMB_P', 'EMB_P', 'EMB_P', 'EMB_P', 'EMB_P', 'EMB_P', 'EMB_P', 'EMB_P', 'EMB_P', 'EMB_P', 'EMB_P', 'EMB_P', 'EMB_P', 'EMB_P', 'EMB_P', 'EMB_P', 'EMB_P', 'EMB_P', 'EMB_P', 'EMB_P', 'EMB_P', 'EMB_P', 'EMB_P', 'EMB_P', 'EMB_P', 'EMB_P', 'EMB_P', 'EMB_P', 'EMB_P', 'EMB_P', 'EMB_P', 'EMB_P', 'EMB_P', 'EMB_P', 'EMB_P', 'EMB_P', 'EMB_P', 'EMB_P', 'EMB_P', 'EMB_P', 'EMB_P', 'EMB_P', 'EMB_P', 'EMB_P', 'EMB_P', 'EMB_P', 'EMB_P', 'EMB_P', 'EMB_P', 'EMB_P', 'EMB_P', 'EMB_P', 'EMB_P', 'EMB_P', 'EMB_P', 'EMB_P', 'EMB_P', 'EMB_P', 'EMB_P', 'EMB_P', 'EMB_P', 'EMB_P', 'EMB_P', 'EMB_P', 'EMB_P', 'EMB_P', 'EMB_P', 'EMB_P', 'EMB_P', 'EMB_P', 'EMB_P', 'EMB_P', 'EMB_P', 'EMB_P', 'EMB_P', 'EMB_P', 'EMB_P', 'EMB_P']","['EMB_O', 'EMB_O', 'EMB_O', 'EMB_O', 'EMB_O', 'EMB_O', 'EMB_O', 'EMB_O', 'OPN_B', 'OPN_I', 'OPN_I', 'OPN_I', 'OPN_I', 'OPN_E', 'EMB_O', 'EMB_O', 'EMB_O', 'EMB_O', 'EMB_P', 'EMB_P', 'EMB_P', 'EMB_P', 'EMB_P', 'EMB_P', 'EMB_P', 'EMB_P', 'EMB_P', 'EMB_P', 'EMB_P', 'EMB_P', 'EMB_P', 'EMB_P', 'EMB_P', 'EMB_P', 'EMB_P', 'EMB_P', 'EMB_P', 'EMB_P', 'EMB_P', 'EMB_P', 'EMB_P', 'EMB_P', 'EMB_P', 'EMB_P', 'EMB_P', 'EMB_P', 'EMB_P', 'EMB_P', 'EMB_P', 'EMB_P', 'EMB_P', 'EMB_P', 'EMB_P', 'EMB_P', 'EMB_P', 'EMB_P', 'EMB_P', 'EMB_P', 'EMB_P', 'EMB_P', 'EMB_P', 'EMB_P', 'EMB_P', 'EMB_P', 'EMB_P', 'EMB_P', 'EMB_P', 'EMB_P', 'EMB_P', 'EMB_P', 'EMB_P', 'EMB_P', 'EMB_P', 'EMB_P', 'EMB_P', 'EMB_P', 'EMB_P', 'EMB_P', 'EMB_P', 'EMB_P', 'EMB_P', 'EMB_P', 'EMB_P', 'EMB_P', 'EMB_P', 'EMB_P', 'EMB_P', 'EMB_P', 'EMB_P', 'EMB_P', 'EMB_P', 'EMB_P', 'EMB_P', 'EMB_P', 'EMB_P', 'EMB_P', 'EMB_P', 'EMB_P', 'EMB_P', 'EMB_P', 'EMB_P', 'EMB_P', 'EMB_P', 'EMB_P', 'EMB_P', 'EMB_P', 'EMB_P', 'EMB_P', 'EMB_P', 'EMB_P', 'EMB_P', 'EMB_P', 'EMB_P', 'EMB_P', 'EMB_P', 'EMB_P', 'EMB_P', 'EMB_P', 'EMB_P', 'EMB_P', 'EMB_P', 'EMB_P', 'EMB_P', 'EMB_P', 'EMB_P', 'EMB_P', 'EMB_P', 'EMB_P']"
177,Атмосфера,позитивна,27816:6_1116,"Атмосфера позитивна домашня, тому що затишна обстановка і привітний персонал.",6.75,6.25,"['EMB_O', 'ASP_B', 'ASP_I', 'ASP_I', 'ASP_E', 'EMB_O', 'EMB_O', 'EMB_O', 'EMB_O', 'EMB_O', 'EMB_O', 'EMB_O', 'EMB_O', 'EMB_O', 'EMB_O', 'EMB_O', 'EMB_O', 'EMB_O', 'EMB_O', 'EMB_O', 'EMB_O', 'EMB_O', 'EMB_O', 'EMB_O', 'EMB_O', 'EMB_O', 'EMB_O', 'EMB_O', 'EMB_P', 'EMB_P', 'EMB_P', 'EMB_P', 'EMB_P', 'EMB_P', 'EMB_P', 'EMB_P', 'EMB_P', 'EMB_P', 'EMB_P', 'EMB_P', 'EMB_P', 'EMB_P', 'EMB_P', 'EMB_P', 'EMB_P', 'EMB_P', 'EMB_P', 'EMB_P', 'EMB_P', 'EMB_P', 'EMB_P', 'EMB_P', 'EMB_P', 'EMB_P', 'EMB_P', 'EMB_P', 'EMB_P', 'EMB_P', 'EMB_P', 'EMB_P', 'EMB_P', 'EMB_P', 'EMB_P', 'EMB_P', 'EMB_P', 'EMB_P', 'EMB_P', 'EMB_P', 'EMB_P', 'EMB_P', 'EMB_P', 'EMB_P', 'EMB_P', 'EMB_P', 'EMB_P', 'EMB_P', 'EMB_P', 'EMB_P', 'EMB_P', 'EMB_P', 'EMB_P', 'EMB_P', 'EMB_P', 'EMB_P', 'EMB_P', 'EMB_P', 'EMB_P', 'EMB_P', 'EMB_P', 'EMB_P', 'EMB_P', 'EMB_P', 'EMB_P', 'EMB_P', 'EMB_P', 'EMB_P', 'EMB_P', 'EMB_P', 'EMB_P', 'EMB_P', 'EMB_P', 'EMB_P', 'EMB_P', 'EMB_P', 'EMB_P', 'EMB_P', 'EMB_P', 'EMB_P', 'EMB_P', 'EMB_P', 'EMB_P', 'EMB_P', 'EMB_P', 'EMB_P', 'EMB_P', 'EMB_P', 'EMB_P', 'EMB_P', 'EMB_P', 'EMB_P', 'EMB_P', 'EMB_P', 'EMB_P', 'EMB_P', 'EMB_P', 'EMB_P', 'EMB_P', 'EMB_P']","['EMB_O', 'EMB_O', 'EMB_O', 'EMB_O', 'EMB_O', 'OPN_B', 'OPN_I', 'OPN_E', 'EMB_O', 'EMB_O', 'EMB_O', 'EMB_O', 'EMB_O', 'EMB_O', 'EMB_O', 'EMB_O', 'EMB_O', 'EMB_O', 'EMB_O', 'EMB_O', 'EMB_O', 'EMB_O', 'EMB_O', 'EMB_O', 'EMB_O', 'EMB_O', 'EMB_O', 'EMB_O', 'EMB_P', 'EMB_P', 'EMB_P', 'EMB_P', 'EMB_P', 'EMB_P', 'EMB_P', 'EMB_P', 'EMB_P', 'EMB_P', 'EMB_P', 'EMB_P', 'EMB_P', 'EMB_P', 'EMB_P', 'EMB_P', 'EMB_P', 'EMB_P', 'EMB_P', 'EMB_P', 'EMB_P', 'EMB_P', 'EMB_P', 'EMB_P', 'EMB_P', 'EMB_P', 'EMB_P', 'EMB_P', 'EMB_P', 'EMB_P', 'EMB_P', 'EMB_P', 'EMB_P', 'EMB_P', 'EMB_P', 'EMB_P', 'EMB_P', 'EMB_P', 'EMB_P', 'EMB_P', 'EMB_P', 'EMB_P', 'EMB_P', 'EMB_P', 'EMB_P', 'EMB_P', 'EMB_P', 'EMB_P', 'EMB_P', 'EMB_P', 'EMB_P', 'EMB_P', 'EMB_P', 'EMB_P', 'EMB_P', 'EMB_P', 'EMB_P', 'EMB_P', 'EMB_P', 'EMB_P', 'EMB_P', 'EMB_P', 'EMB_P', 'EMB_P', 'EMB_P', 'EMB_P', 'EMB_P', 'EMB_P', 'EMB_P', 'EMB_P', 'EMB_P', 'EMB_P', 'EMB_P', 'EMB_P', 'EMB_P', 'EMB_P', 'EMB_P', 'EMB_P', 'EMB_P', 'EMB_P', 'EMB_P', 'EMB_P', 'EMB_P', 'EMB_P', 'EMB_P', 'EMB_P', 'EMB_P', 'EMB_P', 'EMB_P', 'EMB_P', 'EMB_P', 'EMB_P', 'EMB_P', 'EMB_P', 'EMB_P', 'EMB_P', 'EMB_P', 'EMB_P', 'EMB_P', 'EMB_P']"
178,обстановка,затишна,27816:6_1116,"Атмосфера позитивна домашня, тому що затишна обстановка і привітний персонал.",7.0,6.4,"['EMB_O', 'EMB_O', 'EMB_O', 'EMB_O', 'EMB_O', 'EMB_O', 'EMB_O', 'EMB_O', 'EMB_O', 'EMB_O', 'EMB_O', 'EMB_O', 'EMB_O', 'EMB_O', 'EMB_O', 'EMB_O', 'ASP_B', 'ASP_I', 'ASP_E', 'EMB_O', 'EMB_O', 'EMB_O', 'EMB_O', 'EMB_O', 'EMB_O', 'EMB_O', 'EMB_O', 'EMB_O', 'EMB_P', 'EMB_P', 'EMB_P', 'EMB_P', 'EMB_P', 'EMB_P', 'EMB_P', 'EMB_P', 'EMB_P', 'EMB_P', 'EMB_P', 'EMB_P', 'EMB_P', 'EMB_P', 'EMB_P', 'EMB_P', 'EMB_P', 'EMB_P', 'EMB_P', 'EMB_P', 'EMB_P', 'EMB_P', 'EMB_P', 'EMB_P', 'EMB_P', 'EMB_P', 'EMB_P', 'EMB_P', 'EMB_P', 'EMB_P', 'EMB_P', 'EMB_P', 'EMB_P', 'EMB_P', 'EMB_P', 'EMB_P', 'EMB_P', 'EMB_P', 'EMB_P', 'EMB_P', 'EMB_P', 'EMB_P', 'EMB_P', 'EMB_P', 'EMB_P', 'EMB_P', 'EMB_P', 'EMB_P', 'EMB_P', 'EMB_P', 'EMB_P', 'EMB_P', 'EMB_P', 'EMB_P', 'EMB_P', 'EMB_P', 'EMB_P', 'EMB_P', 'EMB_P', 'EMB_P', 'EMB_P', 'EMB_P', 'EMB_P', 'EMB_P', 'EMB_P', 'EMB_P', 'EMB_P', 'EMB_P', 'EMB_P', 'EMB_P', 'EMB_P', 'EMB_P', 'EMB_P', 'EMB_P', 'EMB_P', 'EMB_P', 'EMB_P', 'EMB_P', 'EMB_P', 'EMB_P', 'EMB_P', 'EMB_P', 'EMB_P', 'EMB_P', 'EMB_P', 'EMB_P', 'EMB_P', 'EMB_P', 'EMB_P', 'EMB_P', 'EMB_P', 'EMB_P', 'EMB_P', 'EMB_P', 'EMB_P', 'EMB_P', 'EMB_P', 'EMB_P', 'EMB_P', 'EMB_P']","['EMB_O', 'EMB_O', 'EMB_O', 'EMB_O', 'EMB_O', 'EMB_O', 'EMB_O', 'EMB_O', 'EMB_O', 'EMB_O', 'EMB_O', 'EMB_O', 'EMB_O', 'OPN_B', 'OPN_I', 'OPN_E', 'EMB_O', 'EMB_O', 'EMB_O', 'EMB_O', 'EMB_O', 'EMB_O', 'EMB_O', 'EMB_O', 'EMB_O', 'EMB_O', 'EMB_O', 'EMB_O', 'EMB_P', 'EMB_P', 'EMB_P', 'EMB_P', 'EMB_P', 'EMB_P', 'EMB_P', 'EMB_P', 'EMB_P', 'EMB_P', 'EMB_P', 'EMB_P', 'EMB_P', 'EMB_P', 'EMB_P', 'EMB_P', 'EMB_P', 'EMB_P', 'EMB_P', 'EMB_P', 'EMB_P', 'EMB_P', 'EMB_P', 'EMB_P', 'EMB_P', 'EMB_P', 'EMB_P', 'EMB_P', 'EMB_P', 'EMB_P', 'EMB_P', 'EMB_P', 'EMB_P', 'EMB_P', 'EMB_P', 'EMB_P', 'EMB_P', 'EMB_P', 'EMB_P', 'EMB_P', 'EMB_P', 'EMB_P', 'EMB_P', 'EMB_P', 'EMB_P', 'EMB_P', 'EMB_P', 'EMB_P', 'EMB_P', 'EMB_P', 'EMB_P', 'EMB_P', 'EMB_P', 'EMB_P', 'EMB_P', 'EMB_P', 'EMB_P', 'EMB_P', 'EMB_P', 'EMB_P', 'EMB_P', 'EMB_P', 'EMB_P', 'EMB_P', 'EMB_P', 'EMB_P', 'EMB_P', 'EMB_P', 'EMB_P', 'EMB_P', 'EMB_P', 'EMB_P', 'EMB_P', 'EMB_P', 'EMB_P', 'EMB_P', 'EMB_P', 'EMB_P', 'EMB_P', 'EMB_P', 'EMB_P', 'EMB_P', 'EMB_P', 'EMB_P', 'EMB_P', 'EMB_P', 'EMB_P', 'EMB_P', 'EMB_P', 'EMB_P', 'EMB_P', 'EMB_P', 'EMB_P', 'EMB_P', 'EMB_P', 'EMB_P', 'EMB_P', 'EMB_P', 'EMB_P', 'EMB_P']"
179,персонал,привітний,27816:6_1116,"Атмосфера позитивна домашня, тому що затишна обстановка і привітний персонал.",6.9,6.3,"['EMB_O', 'EMB_O', 'EMB_O', 'EMB_O', 'EMB_O', 'EMB_O', 'EMB_O', 'EMB_O', 'EMB_O', 'EMB_O', 'EMB_O', 'EMB_O', 'EMB_O', 'EMB_O', 'EMB_O', 'EMB_O', 'EMB_O', 'EMB_O', 'EMB_O', 'EMB_O', 'EMB_O', 'EMB_O', 'EMB_O', 'ASP_B', 'ASP_I', 'ASP_E', 'EMB_O', 'EMB_O', 'EMB_P', 'EMB_P', 'EMB_P', 'EMB_P', 'EMB_P', 'EMB_P', 'EMB_P', 'EMB_P', 'EMB_P', 'EMB_P', 'EMB_P', 'EMB_P', 'EMB_P', 'EMB_P', 'EMB_P', 'EMB_P', 'EMB_P', 'EMB_P', 'EMB_P', 'EMB_P', 'EMB_P', 'EMB_P', 'EMB_P', 'EMB_P', 'EMB_P', 'EMB_P', 'EMB_P', 'EMB_P', 'EMB_P', 'EMB_P', 'EMB_P', 'EMB_P', 'EMB_P', 'EMB_P', 'EMB_P', 'EMB_P', 'EMB_P', 'EMB_P', 'EMB_P', 'EMB_P', 'EMB_P', 'EMB_P', 'EMB_P', 'EMB_P', 'EMB_P', 'EMB_P', 'EMB_P', 'EMB_P', 'EMB_P', 'EMB_P', 'EMB_P', 'EMB_P', 'EMB_P', 'EMB_P', 'EMB_P', 'EMB_P', 'EMB_P', 'EMB_P', 'EMB_P', 'EMB_P', 'EMB_P', 'EMB_P', 'EMB_P', 'EMB_P', 'EMB_P', 'EMB_P', 'EMB_P', 'EMB_P', 'EMB_P', 'EMB_P', 'EMB_P', 'EMB_P', 'EMB_P', 'EMB_P', 'EMB_P', 'EMB_P', 'EMB_P', 'EMB_P', 'EMB_P', 'EMB_P', 'EMB_P', 'EMB_P', 'EMB_P', 'EMB_P', 'EMB_P', 'EMB_P', 'EMB_P', 'EMB_P', 'EMB_P', 'EMB_P', 'EMB_P', 'EMB_P', 'EMB_P', 'EMB_P', 'EMB_P', 'EMB_P', 'EMB_P', 'EMB_P', 'EMB_P', 'EMB_P']","['EMB_O', 'EMB_O', 'EMB_O', 'EMB_O', 'EMB_O', 'EMB_O', 'EMB_O', 'EMB_O', 'EMB_O', 'EMB_O', 'EMB_O', 'EMB_O', 'EMB_O', 'EMB_O', 'EMB_O', 'EMB_O', 'EMB_O', 'EMB_O', 'EMB_O', 'EMB_O', 'OPN_B', 'OPN_I', 'OPN_E', 'EMB_O', 'EMB_O', 'EMB_O', 'EMB_O', 'EMB_O', 'EMB_P', 'EMB_P', 'EMB_P', 'EMB_P', 'EMB_P', 'EMB_P', 'EMB_P', 'EMB_P', 'EMB_P', 'EMB_P', 'EMB_P', 'EMB_P', 'EMB_P', 'EMB_P', 'EMB_P', 'EMB_P', 'EMB_P', 'EMB_P', 'EMB_P', 'EMB_P', 'EMB_P', 'EMB_P', 'EMB_P', 'EMB_P', 'EMB_P', 'EMB_P', 'EMB_P', 'EMB_P', 'EMB_P', 'EMB_P', 'EMB_P', 'EMB_P', 'EMB_P', 'EMB_P', 'EMB_P', 'EMB_P', 'EMB_P', 'EMB_P', 'EMB_P', 'EMB_P', 'EMB_P', 'EMB_P', 'EMB_P', 'EMB_P', 'EMB_P', 'EMB_P', 'EMB_P', 'EMB_P', 'EMB_P', 'EMB_P', 'EMB_P', 'EMB_P', 'EMB_P', 'EMB_P', 'EMB_P', 'EMB_P', 'EMB_P', 'EMB_P', 'EMB_P', 'EMB_P', 'EMB_P', 'EMB_P', 'EMB_P', 'EMB_P', 'EMB_P', 'EMB_P', 'EMB_P', 'EMB_P', 'EMB_P', 'EMB_P', 'EMB_P', 'EMB_P', 'EMB_P', 'EMB_P', 'EMB_P', 'EMB_P', 'EMB_P', 'EMB_P', 'EMB_P', 'EMB_P', 'EMB_P', 'EMB_P', 'EMB_P', 'EMB_P', 'EMB_P', 'EMB_P', 'EMB_P', 'EMB_P', 'EMB_P', 'EMB_P', 'EMB_P', 'EMB_P', 'EMB_P', 'EMB_P', 'EMB_P', 'EMB_P', 'EMB_P', 'EMB_P', 'EMB_P', 'EMB_P']"
180,розважальна програма,Цікава,27816:7_1117,Цікава розважальна програма і жива музика на вищому рівні.,7.38,7.0,"['EMB_O', 'EMB_O', 'EMB_O', 'EMB_O', 'ASP_B', 'ASP_I', 'ASP_I', 'ASP_I', 'ASP_E', 'EMB_O', 'EMB_O', 'EMB_O', 'EMB_O', 'EMB_O', 'EMB_O', 'EMB_O', 'EMB_O', 'EMB_O', 'EMB_O', 'EMB_O', 'EMB_P', 'EMB_P', 'EMB_P', 'EMB_P', 'EMB_P', 'EMB_P', 'EMB_P', 'EMB_P', 'EMB_P', 'EMB_P', 'EMB_P', 'EMB_P', 'EMB_P', 'EMB_P', 'EMB_P', 'EMB_P', 'EMB_P', 'EMB_P', 'EMB_P', 'EMB_P', 'EMB_P', 'EMB_P', 'EMB_P', 'EMB_P', 'EMB_P', 'EMB_P', 'EMB_P', 'EMB_P', 'EMB_P', 'EMB_P', 'EMB_P', 'EMB_P', 'EMB_P', 'EMB_P', 'EMB_P', 'EMB_P', 'EMB_P', 'EMB_P', 'EMB_P', 'EMB_P', 'EMB_P', 'EMB_P', 'EMB_P', 'EMB_P', 'EMB_P', 'EMB_P', 'EMB_P', 'EMB_P', 'EMB_P', 'EMB_P', 'EMB_P', 'EMB_P', 'EMB_P', 'EMB_P', 'EMB_P', 'EMB_P', 'EMB_P', 'EMB_P', 'EMB_P', 'EMB_P', 'EMB_P', 'EMB_P', 'EMB_P', 'EMB_P', 'EMB_P', 'EMB_P', 'EMB_P', 'EMB_P', 'EMB_P', 'EMB_P', 'EMB_P', 'EMB_P', 'EMB_P', 'EMB_P', 'EMB_P', 'EMB_P', 'EMB_P', 'EMB_P', 'EMB_P', 'EMB_P', 'EMB_P', 'EMB_P', 'EMB_P', 'EMB_P', 'EMB_P', 'EMB_P', 'EMB_P', 'EMB_P', 'EMB_P', 'EMB_P', 'EMB_P', 'EMB_P', 'EMB_P', 'EMB_P', 'EMB_P', 'EMB_P', 'EMB_P', 'EMB_P', 'EMB_P', 'EMB_P', 'EMB_P', 'EMB_P', 'EMB_P', 'EMB_P', 'EMB_P', 'EMB_P', 'EMB_P', 'EMB_P']","['EMB_O', 'OPN_B', 'OPN_I', 'OPN_E', 'EMB_O', 'EMB_O', 'EMB_O', 'EMB_O', 'EMB_O', 'EMB_O', 'EMB_O', 'EMB_O', 'EMB_O', 'EMB_O', 'EMB_O', 'EMB_O', 'EMB_O', 'EMB_O', 'EMB_O', 'EMB_O', 'EMB_P', 'EMB_P', 'EMB_P', 'EMB_P', 'EMB_P', 'EMB_P', 'EMB_P', 'EMB_P', 'EMB_P', 'EMB_P', 'EMB_P', 'EMB_P', 'EMB_P', 'EMB_P', 'EMB_P', 'EMB_P', 'EMB_P', 'EMB_P', 'EMB_P', 'EMB_P', 'EMB_P', 'EMB_P', 'EMB_P', 'EMB_P', 'EMB_P', 'EMB_P', 'EMB_P', 'EMB_P', 'EMB_P', 'EMB_P', 'EMB_P', 'EMB_P', 'EMB_P', 'EMB_P', 'EMB_P', 'EMB_P', 'EMB_P', 'EMB_P', 'EMB_P', 'EMB_P', 'EMB_P', 'EMB_P', 'EMB_P', 'EMB_P', 'EMB_P', 'EMB_P', 'EMB_P', 'EMB_P', 'EMB_P', 'EMB_P', 'EMB_P', 'EMB_P', 'EMB_P', 'EMB_P', 'EMB_P', 'EMB_P', 'EMB_P', 'EMB_P', 'EMB_P', 'EMB_P', 'EMB_P', 'EMB_P', 'EMB_P', 'EMB_P', 'EMB_P', 'EMB_P', 'EMB_P', 'EMB_P', 'EMB_P', 'EMB_P', 'EMB_P', 'EMB_P', 'EMB_P', 'EMB_P', 'EMB_P', 'EMB_P', 'EMB_P', 'EMB_P', 'EMB_P', 'EMB_P', 'EMB_P', 'EMB_P', 'EMB_P', 'EMB_P', 'EMB_P', 'EMB_P', 'EMB_P', 'EMB_P', 'EMB_P', 'EMB_P', 'EMB_P', 'EMB_P', 'EMB_P', 'EMB_P', 'EMB_P', 'EMB_P', 'EMB_P', 'EMB_P', 'EMB_P', 'EMB_P', 'EMB_P', 'EMB_P', 'EMB_P', 'EMB_P', 'EMB_P', 'EMB_P', 'EMB_P', 'EMB_P']"
181,жива музика,на вищому рівні,27816:7_1117,Цікава розважальна програма і жива музика на вищому рівні.,7.67,7.0,"['EMB_O', 'EMB_O', 'EMB_O', 'EMB_O', 'EMB_O', 'EMB_O', 'EMB_O', 'EMB_O', 'EMB_O', 'EMB_O', 'ASP_B', 'ASP_I', 'ASP_E', 'EMB_O', 'EMB_O', 'EMB_O', 'EMB_O', 'EMB_O', 'EMB_O', 'EMB_O', 'EMB_P', 'EMB_P', 'EMB_P', 'EMB_P', 'EMB_P', 'EMB_P', 'EMB_P', 'EMB_P', 'EMB_P', 'EMB_P', 'EMB_P', 'EMB_P', 'EMB_P', 'EMB_P', 'EMB_P', 'EMB_P', 'EMB_P', 'EMB_P', 'EMB_P', 'EMB_P', 'EMB_P', 'EMB_P', 'EMB_P', 'EMB_P', 'EMB_P', 'EMB_P', 'EMB_P', 'EMB_P', 'EMB_P', 'EMB_P', 'EMB_P', 'EMB_P', 'EMB_P', 'EMB_P', 'EMB_P', 'EMB_P', 'EMB_P', 'EMB_P', 'EMB_P', 'EMB_P', 'EMB_P', 'EMB_P', 'EMB_P', 'EMB_P', 'EMB_P', 'EMB_P', 'EMB_P', 'EMB_P', 'EMB_P', 'EMB_P', 'EMB_P', 'EMB_P', 'EMB_P', 'EMB_P', 'EMB_P', 'EMB_P', 'EMB_P', 'EMB_P', 'EMB_P', 'EMB_P', 'EMB_P', 'EMB_P', 'EMB_P', 'EMB_P', 'EMB_P', 'EMB_P', 'EMB_P', 'EMB_P', 'EMB_P', 'EMB_P', 'EMB_P', 'EMB_P', 'EMB_P', 'EMB_P', 'EMB_P', 'EMB_P', 'EMB_P', 'EMB_P', 'EMB_P', 'EMB_P', 'EMB_P', 'EMB_P', 'EMB_P', 'EMB_P', 'EMB_P', 'EMB_P', 'EMB_P', 'EMB_P', 'EMB_P', 'EMB_P', 'EMB_P', 'EMB_P', 'EMB_P', 'EMB_P', 'EMB_P', 'EMB_P', 'EMB_P', 'EMB_P', 'EMB_P', 'EMB_P', 'EMB_P', 'EMB_P', 'EMB_P', 'EMB_P', 'EMB_P', 'EMB_P', 'EMB_P', 'EMB_P']","['EMB_O', 'EMB_O', 'EMB_O', 'EMB_O', 'EMB_O', 'EMB_O', 'EMB_O', 'EMB_O', 'EMB_O', 'EMB_O', 'EMB_O', 'EMB_O', 'EMB_O', 'OPN_B', 'OPN_I', 'OPN_I', 'OPN_I', 'OPN_E', 'EMB_O', 'EMB_O', 'EMB_P', 'EMB_P', 'EMB_P', 'EMB_P', 'EMB_P', 'EMB_P', 'EMB_P', 'EMB_P', 'EMB_P', 'EMB_P', 'EMB_P', 'EMB_P', 'EMB_P', 'EMB_P', 'EMB_P', 'EMB_P', 'EMB_P', 'EMB_P', 'EMB_P', 'EMB_P', 'EMB_P', 'EMB_P', 'EMB_P', 'EMB_P', 'EMB_P', 'EMB_P', 'EMB_P', 'EMB_P', 'EMB_P', 'EMB_P', 'EMB_P', 'EMB_P', 'EMB_P', 'EMB_P', 'EMB_P', 'EMB_P', 'EMB_P', 'EMB_P', 'EMB_P', 'EMB_P', 'EMB_P', 'EMB_P', 'EMB_P', 'EMB_P', 'EMB_P', 'EMB_P', 'EMB_P', 'EMB_P', 'EMB_P', 'EMB_P', 'EMB_P', 'EMB_P', 'EMB_P', 'EMB_P', 'EMB_P', 'EMB_P', 'EMB_P', 'EMB_P', 'EMB_P', 'EMB_P', 'EMB_P', 'EMB_P', 'EMB_P', 'EMB_P', 'EMB_P', 'EMB_P', 'EMB_P', 'EMB_P', 'EMB_P', 'EMB_P', 'EMB_P', 'EMB_P', 'EMB_P', 'EMB_P', 'EMB_P', 'EMB_P', 'EMB_P', 'EMB_P', 'EMB_P', 'EMB_P', 'EMB_P', 'EMB_P', 'EMB_P', 'EMB_P', 'EMB_P', 'EMB_P', 'EMB_P', 'EMB_P', 'EMB_P', 'EMB_P', 'EMB_P', 'EMB_P', 'EMB_P', 'EMB_P', 'EMB_P', 'EMB_P', 'EMB_P', 'EMB_P', 'EMB_P', 'EMB_P', 'EMB_P', 'EMB_P', 'EMB_P', 'EMB_P', 'EMB_P', 'EMB_P', 'EMB_P', 'EMB_P']"
182,музиканти,не дали нудьгувати,27816:11_1118,Все було як і в Новий рік на вищому рівні а музиканти не дали нудьгувати.,7.25,6.38,"['EMB_O', 'EMB_O', 'EMB_O', 'EMB_O', 'EMB_O', 'EMB_O', 'EMB_O', 'EMB_O', 'EMB_O', 'EMB_O', 'EMB_O', 'EMB_O', 'EMB_O', 'EMB_O', 'ASP_B', 'ASP_E', 'EMB_O', 'EMB_O', 'EMB_O', 'EMB_O', 'EMB_O', 'EMB_O', 'EMB_O', 'EMB_O', 'EMB_O', 'EMB_P', 'EMB_P', 'EMB_P', 'EMB_P', 'EMB_P', 'EMB_P', 'EMB_P', 'EMB_P', 'EMB_P', 'EMB_P', 'EMB_P', 'EMB_P', 'EMB_P', 'EMB_P', 'EMB_P', 'EMB_P', 'EMB_P', 'EMB_P', 'EMB_P', 'EMB_P', 'EMB_P', 'EMB_P', 'EMB_P', 'EMB_P', 'EMB_P', 'EMB_P', 'EMB_P', 'EMB_P', 'EMB_P', 'EMB_P', 'EMB_P', 'EMB_P', 'EMB_P', 'EMB_P', 'EMB_P', 'EMB_P', 'EMB_P', 'EMB_P', 'EMB_P', 'EMB_P', 'EMB_P', 'EMB_P', 'EMB_P', 'EMB_P', 'EMB_P', 'EMB_P', 'EMB_P', 'EMB_P', 'EMB_P', 'EMB_P', 'EMB_P', 'EMB_P', 'EMB_P', 'EMB_P', 'EMB_P', 'EMB_P', 'EMB_P', 'EMB_P', 'EMB_P', 'EMB_P', 'EMB_P', 'EMB_P', 'EMB_P', 'EMB_P', 'EMB_P', 'EMB_P', 'EMB_P', 'EMB_P', 'EMB_P', 'EMB_P', 'EMB_P', 'EMB_P', 'EMB_P', 'EMB_P', 'EMB_P', 'EMB_P', 'EMB_P', 'EMB_P', 'EMB_P', 'EMB_P', 'EMB_P', 'EMB_P', 'EMB_P', 'EMB_P', 'EMB_P', 'EMB_P', 'EMB_P', 'EMB_P', 'EMB_P', 'EMB_P', 'EMB_P', 'EMB_P', 'EMB_P', 'EMB_P', 'EMB_P', 'EMB_P', 'EMB_P', 'EMB_P', 'EMB_P', 'EMB_P', 'EMB_P', 'EMB_P', 'EMB_P']","['EMB_O', 'EMB_O', 'EMB_O', 'EMB_O', 'EMB_O', 'EMB_O', 'EMB_O', 'EMB_O', 'EMB_O', 'EMB_O', 'EMB_O', 'EMB_O', 'EMB_O', 'EMB_O', 'EMB_O', 'EMB_O', 'OPN_B', 'OPN_I', 'OPN_I', 'OPN_I', 'OPN_I', 'OPN_I', 'OPN_E', 'EMB_O', 'EMB_O', 'EMB_P', 'EMB_P', 'EMB_P', 'EMB_P', 'EMB_P', 'EMB_P', 'EMB_P', 'EMB_P', 'EMB_P', 'EMB_P', 'EMB_P', 'EMB_P', 'EMB_P', 'EMB_P', 'EMB_P', 'EMB_P', 'EMB_P', 'EMB_P', 'EMB_P', 'EMB_P', 'EMB_P', 'EMB_P', 'EMB_P', 'EMB_P', 'EMB_P', 'EMB_P', 'EMB_P', 'EMB_P', 'EMB_P', 'EMB_P', 'EMB_P', 'EMB_P', 'EMB_P', 'EMB_P', 'EMB_P', 'EMB_P', 'EMB_P', 'EMB_P', 'EMB_P', 'EMB_P', 'EMB_P', 'EMB_P', 'EMB_P', 'EMB_P', 'EMB_P', 'EMB_P', 'EMB_P', 'EMB_P', 'EMB_P', 'EMB_P', 'EMB_P', 'EMB_P', 'EMB_P', 'EMB_P', 'EMB_P', 'EMB_P', 'EMB_P', 'EMB_P', 'EMB_P', 'EMB_P', 'EMB_P', 'EMB_P', 'EMB_P', 'EMB_P', 'EMB_P', 'EMB_P', 'EMB_P', 'EMB_P', 'EMB_P', 'EMB_P', 'EMB_P', 'EMB_P', 'EMB_P', 'EMB_P', 'EMB_P', 'EMB_P', 'EMB_P', 'EMB_P', 'EMB_P', 'EMB_P', 'EMB_P', 'EMB_P', 'EMB_P', 'EMB_P', 'EMB_P', 'EMB_P', 'EMB_P', 'EMB_P', 'EMB_P', 'EMB_P', 'EMB_P', 'EMB_P', 'EMB_P', 'EMB_P', 'EMB_P', 'EMB_P', 'EMB_P', 'EMB_P', 'EMB_P', 'EMB_P', 'EMB_P', 'EMB_P', 'EMB_P']"
183,кальян,Хороший,27816:12_1119,Хороший кальян за прийнятними цінами.,7.0,6.75,"['EMB_O', 'EMB_O', 'EMB_O', 'EMB_O', 'ASP_B', 'ASP_I', 'ASP_E', 'EMB_O', 'EMB_O', 'EMB_O', 'EMB_O', 'EMB_O', 'EMB_O', 'EMB_O', 'EMB_O', 'EMB_O', 'EMB_P', 'EMB_P', 'EMB_P', 'EMB_P', 'EMB_P', 'EMB_P', 'EMB_P', 'EMB_P', 'EMB_P', 'EMB_P', 'EMB_P', 'EMB_P', 'EMB_P', 'EMB_P', 'EMB_P', 'EMB_P', 'EMB_P', 'EMB_P', 'EMB_P', 'EMB_P', 'EMB_P', 'EMB_P', 'EMB_P', 'EMB_P', 'EMB_P', 'EMB_P', 'EMB_P', 'EMB_P', 'EMB_P', 'EMB_P', 'EMB_P', 'EMB_P', 'EMB_P', 'EMB_P', 'EMB_P', 'EMB_P', 'EMB_P', 'EMB_P', 'EMB_P', 'EMB_P', 'EMB_P', 'EMB_P', 'EMB_P', 'EMB_P', 'EMB_P', 'EMB_P', 'EMB_P', 'EMB_P', 'EMB_P', 'EMB_P', 'EMB_P', 'EMB_P', 'EMB_P', 'EMB_P', 'EMB_P', 'EMB_P', 'EMB_P', 'EMB_P', 'EMB_P', 'EMB_P', 'EMB_P', 'EMB_P', 'EMB_P', 'EMB_P', 'EMB_P', 'EMB_P', 'EMB_P', 'EMB_P', 'EMB_P', 'EMB_P', 'EMB_P', 'EMB_P', 'EMB_P', 'EMB_P', 'EMB_P', 'EMB_P', 'EMB_P', 'EMB_P', 'EMB_P', 'EMB_P', 'EMB_P', 'EMB_P', 'EMB_P', 'EMB_P', 'EMB_P', 'EMB_P', 'EMB_P', 'EMB_P', 'EMB_P', 'EMB_P', 'EMB_P', 'EMB_P', 'EMB_P', 'EMB_P', 'EMB_P', 'EMB_P', 'EMB_P', 'EMB_P', 'EMB_P', 'EMB_P', 'EMB_P', 'EMB_P', 'EMB_P', 'EMB_P', 'EMB_P', 'EMB_P', 'EMB_P', 'EMB_P', 'EMB_P', 'EMB_P', 'EMB_P', 'EMB_P']","['EMB_O', 'OPN_B', 'OPN_I', 'OPN_E', 'EMB_O', 'EMB_O', 'EMB_O', 'EMB_O', 'EMB_O', 'EMB_O', 'EMB_O', 'EMB_O', 'EMB_O', 'EMB_O', 'EMB_O', 'EMB_O', 'EMB_P', 'EMB_P', 'EMB_P', 'EMB_P', 'EMB_P', 'EMB_P', 'EMB_P', 'EMB_P', 'EMB_P', 'EMB_P', 'EMB_P', 'EMB_P', 'EMB_P', 'EMB_P', 'EMB_P', 'EMB_P', 'EMB_P', 'EMB_P', 'EMB_P', 'EMB_P', 'EMB_P', 'EMB_P', 'EMB_P', 'EMB_P', 'EMB_P', 'EMB_P', 'EMB_P', 'EMB_P', 'EMB_P', 'EMB_P', 'EMB_P', 'EMB_P', 'EMB_P', 'EMB_P', 'EMB_P', 'EMB_P', 'EMB_P', 'EMB_P', 'EMB_P', 'EMB_P', 'EMB_P', 'EMB_P', 'EMB_P', 'EMB_P', 'EMB_P', 'EMB_P', 'EMB_P', 'EMB_P', 'EMB_P', 'EMB_P', 'EMB_P', 'EMB_P', 'EMB_P', 'EMB_P', 'EMB_P', 'EMB_P', 'EMB_P', 'EMB_P', 'EMB_P', 'EMB_P', 'EMB_P', 'EMB_P', 'EMB_P', 'EMB_P', 'EMB_P', 'EMB_P', 'EMB_P', 'EMB_P', 'EMB_P', 'EMB_P', 'EMB_P', 'EMB_P', 'EMB_P', 'EMB_P', 'EMB_P', 'EMB_P', 'EMB_P', 'EMB_P', 'EMB_P', 'EMB_P', 'EMB_P', 'EMB_P', 'EMB_P', 'EMB_P', 'EMB_P', 'EMB_P', 'EMB_P', 'EMB_P', 'EMB_P', 'EMB_P', 'EMB_P', 'EMB_P', 'EMB_P', 'EMB_P', 'EMB_P', 'EMB_P', 'EMB_P', 'EMB_P', 'EMB_P', 'EMB_P', 'EMB_P', 'EMB_P', 'EMB_P', 'EMB_P', 'EMB_P', 'EMB_P', 'EMB_P', 'EMB_P', 'EMB_P', 'EMB_P', 'EMB_P', 'EMB_P']"
184,обслуговуючим персоналом,зачарована,27841:1_1120,"Відразу було зачарована обслуговуючим персоналом: зустрічають так, як ніби чекали саме тебе і дуже раді візиту.",7.9,7.6,"['EMB_O', 'EMB_O', 'EMB_O', 'EMB_O', 'EMB_O', 'EMB_O', 'EMB_O', 'ASP_B', 'ASP_I', 'ASP_I', 'ASP_I', 'ASP_I', 'ASP_I', 'ASP_E', 'EMB_O', 'EMB_O', 'EMB_O', 'EMB_O', 'EMB_O', 'EMB_O', 'EMB_O', 'EMB_O', 'EMB_O', 'EMB_O', 'EMB_O', 'EMB_O', 'EMB_O', 'EMB_O', 'EMB_O', 'EMB_O', 'EMB_O', 'EMB_O', 'EMB_O', 'EMB_O', 'EMB_O', 'EMB_O', 'EMB_O', 'EMB_O', 'EMB_O', 'EMB_P', 'EMB_P', 'EMB_P', 'EMB_P', 'EMB_P', 'EMB_P', 'EMB_P', 'EMB_P', 'EMB_P', 'EMB_P', 'EMB_P', 'EMB_P', 'EMB_P', 'EMB_P', 'EMB_P', 'EMB_P', 'EMB_P', 'EMB_P', 'EMB_P', 'EMB_P', 'EMB_P', 'EMB_P', 'EMB_P', 'EMB_P', 'EMB_P', 'EMB_P', 'EMB_P', 'EMB_P', 'EMB_P', 'EMB_P', 'EMB_P', 'EMB_P', 'EMB_P', 'EMB_P', 'EMB_P', 'EMB_P', 'EMB_P', 'EMB_P', 'EMB_P', 'EMB_P', 'EMB_P', 'EMB_P', 'EMB_P', 'EMB_P', 'EMB_P', 'EMB_P', 'EMB_P', 'EMB_P', 'EMB_P', 'EMB_P', 'EMB_P', 'EMB_P', 'EMB_P', 'EMB_P', 'EMB_P', 'EMB_P', 'EMB_P', 'EMB_P', 'EMB_P', 'EMB_P', 'EMB_P', 'EMB_P', 'EMB_P', 'EMB_P', 'EMB_P', 'EMB_P', 'EMB_P', 'EMB_P', 'EMB_P', 'EMB_P', 'EMB_P', 'EMB_P', 'EMB_P', 'EMB_P', 'EMB_P', 'EMB_P', 'EMB_P', 'EMB_P', 'EMB_P', 'EMB_P', 'EMB_P', 'EMB_P', 'EMB_P', 'EMB_P', 'EMB_P', 'EMB_P', 'EMB_P', 'EMB_P', 'EMB_P']","['EMB_O', 'EMB_O', 'EMB_O', 'EMB_O', 'OPN_B', 'OPN_I', 'OPN_E', 'EMB_O', 'EMB_O', 'EMB_O', 'EMB_O', 'EMB_O', 'EMB_O', 'EMB_O', 'EMB_O', 'EMB_O', 'EMB_O', 'EMB_O', 'EMB_O', 'EMB_O', 'EMB_O', 'EMB_O', 'EMB_O', 'EMB_O', 'EMB_O', 'EMB_O', 'EMB_O', 'EMB_O', 'EMB_O', 'EMB_O', 'EMB_O', 'EMB_O', 'EMB_O', 'EMB_O', 'EMB_O', 'EMB_O', 'EMB_O', 'EMB_O', 'EMB_O', 'EMB_P', 'EMB_P', 'EMB_P', 'EMB_P', 'EMB_P', 'EMB_P', 'EMB_P', 'EMB_P', 'EMB_P', 'EMB_P', 'EMB_P', 'EMB_P', 'EMB_P', 'EMB_P', 'EMB_P', 'EMB_P', 'EMB_P', 'EMB_P', 'EMB_P', 'EMB_P', 'EMB_P', 'EMB_P', 'EMB_P', 'EMB_P', 'EMB_P', 'EMB_P', 'EMB_P', 'EMB_P', 'EMB_P', 'EMB_P', 'EMB_P', 'EMB_P', 'EMB_P', 'EMB_P', 'EMB_P', 'EMB_P', 'EMB_P', 'EMB_P', 'EMB_P', 'EMB_P', 'EMB_P', 'EMB_P', 'EMB_P', 'EMB_P', 'EMB_P', 'EMB_P', 'EMB_P', 'EMB_P', 'EMB_P', 'EMB_P', 'EMB_P', 'EMB_P', 'EMB_P', 'EMB_P', 'EMB_P', 'EMB_P', 'EMB_P', 'EMB_P', 'EMB_P', 'EMB_P', 'EMB_P', 'EMB_P', 'EMB_P', 'EMB_P', 'EMB_P', 'EMB_P', 'EMB_P', 'EMB_P', 'EMB_P', 'EMB_P', 'EMB_P', 'EMB_P', 'EMB_P', 'EMB_P', 'EMB_P', 'EMB_P', 'EMB_P', 'EMB_P', 'EMB_P', 'EMB_P', 'EMB_P', 'EMB_P', 'EMB_P', 'EMB_P', 'EMB_P', 'EMB_P', 'EMB_P', 'EMB_P', 'EMB_P']"
185,Кава,смачна,27841:2_1121,"Кава смачна, тортики відмінні.",7.0,6.4,"['EMB_O', 'ASP_B', 'ASP_E', 'EMB_O', 'EMB_O', 'EMB_O', 'EMB_O', 'EMB_O', 'EMB_O', 'EMB_O', 'EMB_O', 'EMB_O', 'EMB_O', 'EMB_O', 'EMB_O', 'EMB_P', 'EMB_P', 'EMB_P', 'EMB_P', 'EMB_P', 'EMB_P', 'EMB_P', 'EMB_P', 'EMB_P', 'EMB_P', 'EMB_P', 'EMB_P', 'EMB_P', 'EMB_P', 'EMB_P', 'EMB_P', 'EMB_P', 'EMB_P', 'EMB_P', 'EMB_P', 'EMB_P', 'EMB_P', 'EMB_P', 'EMB_P', 'EMB_P', 'EMB_P', 'EMB_P', 'EMB_P', 'EMB_P', 'EMB_P', 'EMB_P', 'EMB_P', 'EMB_P', 'EMB_P', 'EMB_P', 'EMB_P', 'EMB_P', 'EMB_P', 'EMB_P', 'EMB_P', 'EMB_P', 'EMB_P', 'EMB_P', 'EMB_P', 'EMB_P', 'EMB_P', 'EMB_P', 'EMB_P', 'EMB_P', 'EMB_P', 'EMB_P', 'EMB_P', 'EMB_P', 'EMB_P', 'EMB_P', 'EMB_P', 'EMB_P', 'EMB_P', 'EMB_P', 'EMB_P', 'EMB_P', 'EMB_P', 'EMB_P', 'EMB_P', 'EMB_P', 'EMB_P', 'EMB_P', 'EMB_P', 'EMB_P', 'EMB_P', 'EMB_P', 'EMB_P', 'EMB_P', 'EMB_P', 'EMB_P', 'EMB_P', 'EMB_P', 'EMB_P', 'EMB_P', 'EMB_P', 'EMB_P', 'EMB_P', 'EMB_P', 'EMB_P', 'EMB_P', 'EMB_P', 'EMB_P', 'EMB_P', 'EMB_P', 'EMB_P', 'EMB_P', 'EMB_P', 'EMB_P', 'EMB_P', 'EMB_P', 'EMB_P', 'EMB_P', 'EMB_P', 'EMB_P', 'EMB_P', 'EMB_P', 'EMB_P', 'EMB_P', 'EMB_P', 'EMB_P', 'EMB_P', 'EMB_P', 'EMB_P', 'EMB_P', 'EMB_P', 'EMB_P', 'EMB_P', 'EMB_P']","['EMB_O', 'EMB_O', 'EMB_O', 'OPN_B', 'OPN_I', 'OPN_E', 'EMB_O', 'EMB_O', 'EMB_O', 'EMB_O', 'EMB_O', 'EMB_O', 'EMB_O', 'EMB_O', 'EMB_O', 'EMB_P', 'EMB_P', 'EMB_P', 'EMB_P', 'EMB_P', 'EMB_P', 'EMB_P', 'EMB_P', 'EMB_P', 'EMB_P', 'EMB_P', 'EMB_P', 'EMB_P', 'EMB_P', 'EMB_P', 'EMB_P', 'EMB_P', 'EMB_P', 'EMB_P', 'EMB_P', 'EMB_P', 'EMB_P', 'EMB_P', 'EMB_P', 'EMB_P', 'EMB_P', 'EMB_P', 'EMB_P', 'EMB_P', 'EMB_P', 'EMB_P', 'EMB_P', 'EMB_P', 'EMB_P', 'EMB_P', 'EMB_P', 'EMB_P', 'EMB_P', 'EMB_P', 'EMB_P', 'EMB_P', 'EMB_P', 'EMB_P', 'EMB_P', 'EMB_P', 'EMB_P', 'EMB_P', 'EMB_P', 'EMB_P', 'EMB_P', 'EMB_P', 'EMB_P', 'EMB_P', 'EMB_P', 'EMB_P', 'EMB_P', 'EMB_P', 'EMB_P', 'EMB_P', 'EMB_P', 'EMB_P', 'EMB_P', 'EMB_P', 'EMB_P', 'EMB_P', 'EMB_P', 'EMB_P', 'EMB_P', 'EMB_P', 'EMB_P', 'EMB_P', 'EMB_P', 'EMB_P', 'EMB_P', 'EMB_P', 'EMB_P', 'EMB_P', 'EMB_P', 'EMB_P', 'EMB_P', 'EMB_P', 'EMB_P', 'EMB_P', 'EMB_P', 'EMB_P', 'EMB_P', 'EMB_P', 'EMB_P', 'EMB_P', 'EMB_P', 'EMB_P', 'EMB_P', 'EMB_P', 'EMB_P', 'EMB_P', 'EMB_P', 'EMB_P', 'EMB_P', 'EMB_P', 'EMB_P', 'EMB_P', 'EMB_P', 'EMB_P', 'EMB_P', 'EMB_P', 'EMB_P', 'EMB_P', 'EMB_P', 'EMB_P', 'EMB_P', 'EMB_P', 'EMB_P', 'EMB_P']"
186,тортики,відмінні,27841:2_1121,"Кава смачна, тортики відмінні.",8.0,7.5,"['EMB_O', 'EMB_O', 'EMB_O', 'EMB_O', 'EMB_O', 'EMB_O', 'EMB_O', 'ASP_B', 'ASP_I', 'ASP_E', 'EMB_O', 'EMB_O', 'EMB_O', 'EMB_O', 'EMB_O', 'EMB_P', 'EMB_P', 'EMB_P', 'EMB_P', 'EMB_P', 'EMB_P', 'EMB_P', 'EMB_P', 'EMB_P', 'EMB_P', 'EMB_P', 'EMB_P', 'EMB_P', 'EMB_P', 'EMB_P', 'EMB_P', 'EMB_P', 'EMB_P', 'EMB_P', 'EMB_P', 'EMB_P', 'EMB_P', 'EMB_P', 'EMB_P', 'EMB_P', 'EMB_P', 'EMB_P', 'EMB_P', 'EMB_P', 'EMB_P', 'EMB_P', 'EMB_P', 'EMB_P', 'EMB_P', 'EMB_P', 'EMB_P', 'EMB_P', 'EMB_P', 'EMB_P', 'EMB_P', 'EMB_P', 'EMB_P', 'EMB_P', 'EMB_P', 'EMB_P', 'EMB_P', 'EMB_P', 'EMB_P', 'EMB_P', 'EMB_P', 'EMB_P', 'EMB_P', 'EMB_P', 'EMB_P', 'EMB_P', 'EMB_P', 'EMB_P', 'EMB_P', 'EMB_P', 'EMB_P', 'EMB_P', 'EMB_P', 'EMB_P', 'EMB_P', 'EMB_P', 'EMB_P', 'EMB_P', 'EMB_P', 'EMB_P', 'EMB_P', 'EMB_P', 'EMB_P', 'EMB_P', 'EMB_P', 'EMB_P', 'EMB_P', 'EMB_P', 'EMB_P', 'EMB_P', 'EMB_P', 'EMB_P', 'EMB_P', 'EMB_P', 'EMB_P', 'EMB_P', 'EMB_P', 'EMB_P', 'EMB_P', 'EMB_P', 'EMB_P', 'EMB_P', 'EMB_P', 'EMB_P', 'EMB_P', 'EMB_P', 'EMB_P', 'EMB_P', 'EMB_P', 'EMB_P', 'EMB_P', 'EMB_P', 'EMB_P', 'EMB_P', 'EMB_P', 'EMB_P', 'EMB_P', 'EMB_P', 'EMB_P', 'EMB_P', 'EMB_P', 'EMB_P', 'EMB_P', 'EMB_P']","['EMB_O', 'EMB_O', 'EMB_O', 'EMB_O', 'EMB_O', 'EMB_O', 'EMB_O', 'EMB_O', 'EMB_O', 'EMB_O', 'OPN_B', 'OPN_I', 'OPN_E', 'EMB_O', 'EMB_O', 'EMB_P', 'EMB_P', 'EMB_P', 'EMB_P', 'EMB_P', 'EMB_P', 'EMB_P', 'EMB_P', 'EMB_P', 'EMB_P', 'EMB_P', 'EMB_P', 'EMB_P', 'EMB_P', 'EMB_P', 'EMB_P', 'EMB_P', 'EMB_P', 'EMB_P', 'EMB_P', 'EMB_P', 'EMB_P', 'EMB_P', 'EMB_P', 'EMB_P', 'EMB_P', 'EMB_P', 'EMB_P', 'EMB_P', 'EMB_P', 'EMB_P', 'EMB_P', 'EMB_P', 'EMB_P', 'EMB_P', 'EMB_P', 'EMB_P', 'EMB_P', 'EMB_P', 'EMB_P', 'EMB_P', 'EMB_P', 'EMB_P', 'EMB_P', 'EMB_P', 'EMB_P', 'EMB_P', 'EMB_P', 'EMB_P', 'EMB_P', 'EMB_P', 'EMB_P', 'EMB_P', 'EMB_P', 'EMB_P', 'EMB_P', 'EMB_P', 'EMB_P', 'EMB_P', 'EMB_P', 'EMB_P', 'EMB_P', 'EMB_P', 'EMB_P', 'EMB_P', 'EMB_P', 'EMB_P', 'EMB_P', 'EMB_P', 'EMB_P', 'EMB_P', 'EMB_P', 'EMB_P', 'EMB_P', 'EMB_P', 'EMB_P', 'EMB_P', 'EMB_P', 'EMB_P', 'EMB_P', 'EMB_P', 'EMB_P', 'EMB_P', 'EMB_P', 'EMB_P', 'EMB_P', 'EMB_P', 'EMB_P', 'EMB_P', 'EMB_P', 'EMB_P', 'EMB_P', 'EMB_P', 'EMB_P', 'EMB_P', 'EMB_P', 'EMB_P', 'EMB_P', 'EMB_P', 'EMB_P', 'EMB_P', 'EMB_P', 'EMB_P', 'EMB_P', 'EMB_P', 'EMB_P', 'EMB_P', 'EMB_P', 'EMB_P', 'EMB_P', 'EMB_P', 'EMB_P', 'EMB_P']"
187,пива,невеликий,27841:4_1122,"Вибір пива невеликий, але це нормально — все-таки це більше кондитерська...﻿",4.88,3.75,"['EMB_O', 'EMB_O', 'EMB_O', 'EMB_O', 'ASP_B', 'ASP_E', 'EMB_O', 'EMB_O', 'EMB_O', 'EMB_O', 'EMB_O', 'EMB_O', 'EMB_O', 'EMB_O', 'EMB_O', 'EMB_O', 'EMB_O', 'EMB_O', 'EMB_O', 'EMB_O', 'EMB_O', 'EMB_O', 'EMB_O', 'EMB_O', 'EMB_O', 'EMB_O', 'EMB_O', 'EMB_O', 'EMB_P', 'EMB_P', 'EMB_P', 'EMB_P', 'EMB_P', 'EMB_P', 'EMB_P', 'EMB_P', 'EMB_P', 'EMB_P', 'EMB_P', 'EMB_P', 'EMB_P', 'EMB_P', 'EMB_P', 'EMB_P', 'EMB_P', 'EMB_P', 'EMB_P', 'EMB_P', 'EMB_P', 'EMB_P', 'EMB_P', 'EMB_P', 'EMB_P', 'EMB_P', 'EMB_P', 'EMB_P', 'EMB_P', 'EMB_P', 'EMB_P', 'EMB_P', 'EMB_P', 'EMB_P', 'EMB_P', 'EMB_P', 'EMB_P', 'EMB_P', 'EMB_P', 'EMB_P', 'EMB_P', 'EMB_P', 'EMB_P', 'EMB_P', 'EMB_P', 'EMB_P', 'EMB_P', 'EMB_P', 'EMB_P', 'EMB_P', 'EMB_P', 'EMB_P', 'EMB_P', 'EMB_P', 'EMB_P', 'EMB_P', 'EMB_P', 'EMB_P', 'EMB_P', 'EMB_P', 'EMB_P', 'EMB_P', 'EMB_P', 'EMB_P', 'EMB_P', 'EMB_P', 'EMB_P', 'EMB_P', 'EMB_P', 'EMB_P', 'EMB_P', 'EMB_P', 'EMB_P', 'EMB_P', 'EMB_P', 'EMB_P', 'EMB_P', 'EMB_P', 'EMB_P', 'EMB_P', 'EMB_P', 'EMB_P', 'EMB_P', 'EMB_P', 'EMB_P', 'EMB_P', 'EMB_P', 'EMB_P', 'EMB_P', 'EMB_P', 'EMB_P', 'EMB_P', 'EMB_P', 'EMB_P', 'EMB_P', 'EMB_P', 'EMB_P', 'EMB_P', 'EMB_P', 'EMB_P']","['EMB_O', 'EMB_O', 'EMB_O', 'EMB_O', 'EMB_O', 'EMB_O', 'OPN_B', 'OPN_I', 'OPN_E', 'EMB_O', 'EMB_O', 'EMB_O', 'EMB_O', 'EMB_O', 'EMB_O', 'EMB_O', 'EMB_O', 'EMB_O', 'EMB_O', 'EMB_O', 'EMB_O', 'EMB_O', 'EMB_O', 'EMB_O', 'EMB_O', 'EMB_O', 'EMB_O', 'EMB_O', 'EMB_P', 'EMB_P', 'EMB_P', 'EMB_P', 'EMB_P', 'EMB_P', 'EMB_P', 'EMB_P', 'EMB_P', 'EMB_P', 'EMB_P', 'EMB_P', 'EMB_P', 'EMB_P', 'EMB_P', 'EMB_P', 'EMB_P', 'EMB_P', 'EMB_P', 'EMB_P', 'EMB_P', 'EMB_P', 'EMB_P', 'EMB_P', 'EMB_P', 'EMB_P', 'EMB_P', 'EMB_P', 'EMB_P', 'EMB_P', 'EMB_P', 'EMB_P', 'EMB_P', 'EMB_P', 'EMB_P', 'EMB_P', 'EMB_P', 'EMB_P', 'EMB_P', 'EMB_P', 'EMB_P', 'EMB_P', 'EMB_P', 'EMB_P', 'EMB_P', 'EMB_P', 'EMB_P', 'EMB_P', 'EMB_P', 'EMB_P', 'EMB_P', 'EMB_P', 'EMB_P', 'EMB_P', 'EMB_P', 'EMB_P', 'EMB_P', 'EMB_P', 'EMB_P', 'EMB_P', 'EMB_P', 'EMB_P', 'EMB_P', 'EMB_P', 'EMB_P', 'EMB_P', 'EMB_P', 'EMB_P', 'EMB_P', 'EMB_P', 'EMB_P', 'EMB_P', 'EMB_P', 'EMB_P', 'EMB_P', 'EMB_P', 'EMB_P', 'EMB_P', 'EMB_P', 'EMB_P', 'EMB_P', 'EMB_P', 'EMB_P', 'EMB_P', 'EMB_P', 'EMB_P', 'EMB_P', 'EMB_P', 'EMB_P', 'EMB_P', 'EMB_P', 'EMB_P', 'EMB_P', 'EMB_P', 'EMB_P', 'EMB_P', 'EMB_P', 'EMB_P', 'EMB_P', 'EMB_P']"
188,напій,до смаку,27841:5_1123,"Хоча всі знайшли собі напій до смаку, є і Тіммерманс і Невське.",6.75,6.38,"['EMB_O', 'EMB_O', 'EMB_O', 'EMB_O', 'EMB_O', 'EMB_O', 'EMB_O', 'ASP_B', 'ASP_I', 'ASP_E', 'EMB_O', 'EMB_O', 'EMB_O', 'EMB_O', 'EMB_O', 'EMB_O', 'EMB_O', 'EMB_O', 'EMB_O', 'EMB_O', 'EMB_O', 'EMB_O', 'EMB_O', 'EMB_O', 'EMB_O', 'EMB_O', 'EMB_O', 'EMB_P', 'EMB_P', 'EMB_P', 'EMB_P', 'EMB_P', 'EMB_P', 'EMB_P', 'EMB_P', 'EMB_P', 'EMB_P', 'EMB_P', 'EMB_P', 'EMB_P', 'EMB_P', 'EMB_P', 'EMB_P', 'EMB_P', 'EMB_P', 'EMB_P', 'EMB_P', 'EMB_P', 'EMB_P', 'EMB_P', 'EMB_P', 'EMB_P', 'EMB_P', 'EMB_P', 'EMB_P', 'EMB_P', 'EMB_P', 'EMB_P', 'EMB_P', 'EMB_P', 'EMB_P', 'EMB_P', 'EMB_P', 'EMB_P', 'EMB_P', 'EMB_P', 'EMB_P', 'EMB_P', 'EMB_P', 'EMB_P', 'EMB_P', 'EMB_P', 'EMB_P', 'EMB_P', 'EMB_P', 'EMB_P', 'EMB_P', 'EMB_P', 'EMB_P', 'EMB_P', 'EMB_P', 'EMB_P', 'EMB_P', 'EMB_P', 'EMB_P', 'EMB_P', 'EMB_P', 'EMB_P', 'EMB_P', 'EMB_P', 'EMB_P', 'EMB_P', 'EMB_P', 'EMB_P', 'EMB_P', 'EMB_P', 'EMB_P', 'EMB_P', 'EMB_P', 'EMB_P', 'EMB_P', 'EMB_P', 'EMB_P', 'EMB_P', 'EMB_P', 'EMB_P', 'EMB_P', 'EMB_P', 'EMB_P', 'EMB_P', 'EMB_P', 'EMB_P', 'EMB_P', 'EMB_P', 'EMB_P', 'EMB_P', 'EMB_P', 'EMB_P', 'EMB_P', 'EMB_P', 'EMB_P', 'EMB_P', 'EMB_P', 'EMB_P', 'EMB_P', 'EMB_P', 'EMB_P', 'EMB_P']","['EMB_O', 'EMB_O', 'EMB_O', 'EMB_O', 'EMB_O', 'EMB_O', 'EMB_O', 'EMB_O', 'EMB_O', 'EMB_O', 'OPN_B', 'OPN_I', 'OPN_E', 'EMB_O', 'EMB_O', 'EMB_O', 'EMB_O', 'EMB_O', 'EMB_O', 'EMB_O', 'EMB_O', 'EMB_O', 'EMB_O', 'EMB_O', 'EMB_O', 'EMB_O', 'EMB_O', 'EMB_P', 'EMB_P', 'EMB_P', 'EMB_P', 'EMB_P', 'EMB_P', 'EMB_P', 'EMB_P', 'EMB_P', 'EMB_P', 'EMB_P', 'EMB_P', 'EMB_P', 'EMB_P', 'EMB_P', 'EMB_P', 'EMB_P', 'EMB_P', 'EMB_P', 'EMB_P', 'EMB_P', 'EMB_P', 'EMB_P', 'EMB_P', 'EMB_P', 'EMB_P', 'EMB_P', 'EMB_P', 'EMB_P', 'EMB_P', 'EMB_P', 'EMB_P', 'EMB_P', 'EMB_P', 'EMB_P', 'EMB_P', 'EMB_P', 'EMB_P', 'EMB_P', 'EMB_P', 'EMB_P', 'EMB_P', 'EMB_P', 'EMB_P', 'EMB_P', 'EMB_P', 'EMB_P', 'EMB_P', 'EMB_P', 'EMB_P', 'EMB_P', 'EMB_P', 'EMB_P', 'EMB_P', 'EMB_P', 'EMB_P', 'EMB_P', 'EMB_P', 'EMB_P', 'EMB_P', 'EMB_P', 'EMB_P', 'EMB_P', 'EMB_P', 'EMB_P', 'EMB_P', 'EMB_P', 'EMB_P', 'EMB_P', 'EMB_P', 'EMB_P', 'EMB_P', 'EMB_P', 'EMB_P', 'EMB_P', 'EMB_P', 'EMB_P', 'EMB_P', 'EMB_P', 'EMB_P', 'EMB_P', 'EMB_P', 'EMB_P', 'EMB_P', 'EMB_P', 'EMB_P', 'EMB_P', 'EMB_P', 'EMB_P', 'EMB_P', 'EMB_P', 'EMB_P', 'EMB_P', 'EMB_P', 'EMB_P', 'EMB_P', 'EMB_P', 'EMB_P', 'EMB_P', 'EMB_P', 'EMB_P']"
189,Тіммерманс,є,27841:5_1123,"Хоча всі знайшли собі напій до смаку, є і Тіммерманс і Невське.",6.33,6.0,"['EMB_O', 'EMB_O', 'EMB_O', 'EMB_O', 'EMB_O', 'EMB_O', 'EMB_O', 'EMB_O', 'EMB_O', 'EMB_O', 'EMB_O', 'EMB_O', 'EMB_O', 'EMB_O', 'EMB_O', 'EMB_O', 'ASP_B', 'ASP_I', 'ASP_I', 'ASP_I', 'ASP_E', 'EMB_O', 'EMB_O', 'EMB_O', 'EMB_O', 'EMB_O', 'EMB_O', 'EMB_P', 'EMB_P', 'EMB_P', 'EMB_P', 'EMB_P', 'EMB_P', 'EMB_P', 'EMB_P', 'EMB_P', 'EMB_P', 'EMB_P', 'EMB_P', 'EMB_P', 'EMB_P', 'EMB_P', 'EMB_P', 'EMB_P', 'EMB_P', 'EMB_P', 'EMB_P', 'EMB_P', 'EMB_P', 'EMB_P', 'EMB_P', 'EMB_P', 'EMB_P', 'EMB_P', 'EMB_P', 'EMB_P', 'EMB_P', 'EMB_P', 'EMB_P', 'EMB_P', 'EMB_P', 'EMB_P', 'EMB_P', 'EMB_P', 'EMB_P', 'EMB_P', 'EMB_P', 'EMB_P', 'EMB_P', 'EMB_P', 'EMB_P', 'EMB_P', 'EMB_P', 'EMB_P', 'EMB_P', 'EMB_P', 'EMB_P', 'EMB_P', 'EMB_P', 'EMB_P', 'EMB_P', 'EMB_P', 'EMB_P', 'EMB_P', 'EMB_P', 'EMB_P', 'EMB_P', 'EMB_P', 'EMB_P', 'EMB_P', 'EMB_P', 'EMB_P', 'EMB_P', 'EMB_P', 'EMB_P', 'EMB_P', 'EMB_P', 'EMB_P', 'EMB_P', 'EMB_P', 'EMB_P', 'EMB_P', 'EMB_P', 'EMB_P', 'EMB_P', 'EMB_P', 'EMB_P', 'EMB_P', 'EMB_P', 'EMB_P', 'EMB_P', 'EMB_P', 'EMB_P', 'EMB_P', 'EMB_P', 'EMB_P', 'EMB_P', 'EMB_P', 'EMB_P', 'EMB_P', 'EMB_P', 'EMB_P', 'EMB_P', 'EMB_P', 'EMB_P', 'EMB_P', 'EMB_P', 'EMB_P']","['EMB_O', 'EMB_O', 'EMB_O', 'EMB_O', 'EMB_O', 'EMB_O', 'EMB_O', 'EMB_O', 'EMB_O', 'EMB_O', 'EMB_O', 'EMB_O', 'EMB_O', 'EMB_O', 'OPN_S', 'EMB_O', 'EMB_O', 'EMB_O', 'EMB_O', 'EMB_O', 'EMB_O', 'EMB_O', 'EMB_O', 'EMB_O', 'EMB_O', 'EMB_O', 'EMB_O', 'EMB_P', 'EMB_P', 'EMB_P', 'EMB_P', 'EMB_P', 'EMB_P', 'EMB_P', 'EMB_P', 'EMB_P', 'EMB_P', 'EMB_P', 'EMB_P', 'EMB_P', 'EMB_P', 'EMB_P', 'EMB_P', 'EMB_P', 'EMB_P', 'EMB_P', 'EMB_P', 'EMB_P', 'EMB_P', 'EMB_P', 'EMB_P', 'EMB_P', 'EMB_P', 'EMB_P', 'EMB_P', 'EMB_P', 'EMB_P', 'EMB_P', 'EMB_P', 'EMB_P', 'EMB_P', 'EMB_P', 'EMB_P', 'EMB_P', 'EMB_P', 'EMB_P', 'EMB_P', 'EMB_P', 'EMB_P', 'EMB_P', 'EMB_P', 'EMB_P', 'EMB_P', 'EMB_P', 'EMB_P', 'EMB_P', 'EMB_P', 'EMB_P', 'EMB_P', 'EMB_P', 'EMB_P', 'EMB_P', 'EMB_P', 'EMB_P', 'EMB_P', 'EMB_P', 'EMB_P', 'EMB_P', 'EMB_P', 'EMB_P', 'EMB_P', 'EMB_P', 'EMB_P', 'EMB_P', 'EMB_P', 'EMB_P', 'EMB_P', 'EMB_P', 'EMB_P', 'EMB_P', 'EMB_P', 'EMB_P', 'EMB_P', 'EMB_P', 'EMB_P', 'EMB_P', 'EMB_P', 'EMB_P', 'EMB_P', 'EMB_P', 'EMB_P', 'EMB_P', 'EMB_P', 'EMB_P', 'EMB_P', 'EMB_P', 'EMB_P', 'EMB_P', 'EMB_P', 'EMB_P', 'EMB_P', 'EMB_P', 'EMB_P', 'EMB_P', 'EMB_P', 'EMB_P', 'EMB_P', 'EMB_P']"
190,Невське,є,27841:5_1123,"Хоча всі знайшли собі напій до смаку, є і Тіммерманс і Невське.",6.33,6.0,"['EMB_O', 'EMB_O', 'EMB_O', 'EMB_O', 'EMB_O', 'EMB_O', 'EMB_O', 'EMB_O', 'EMB_O', 'EMB_O', 'EMB_O', 'EMB_O', 'EMB_O', 'EMB_O', 'EMB_O', 'EMB_O', 'EMB_O', 'EMB_O', 'EMB_O', 'EMB_O', 'EMB_O', 'EMB_O', 'ASP_B', 'ASP_I', 'ASP_E', 'EMB_O', 'EMB_O', 'EMB_P', 'EMB_P', 'EMB_P', 'EMB_P', 'EMB_P', 'EMB_P', 'EMB_P', 'EMB_P', 'EMB_P', 'EMB_P', 'EMB_P', 'EMB_P', 'EMB_P', 'EMB_P', 'EMB_P', 'EMB_P', 'EMB_P', 'EMB_P', 'EMB_P', 'EMB_P', 'EMB_P', 'EMB_P', 'EMB_P', 'EMB_P', 'EMB_P', 'EMB_P', 'EMB_P', 'EMB_P', 'EMB_P', 'EMB_P', 'EMB_P', 'EMB_P', 'EMB_P', 'EMB_P', 'EMB_P', 'EMB_P', 'EMB_P', 'EMB_P', 'EMB_P', 'EMB_P', 'EMB_P', 'EMB_P', 'EMB_P', 'EMB_P', 'EMB_P', 'EMB_P', 'EMB_P', 'EMB_P', 'EMB_P', 'EMB_P', 'EMB_P', 'EMB_P', 'EMB_P', 'EMB_P', 'EMB_P', 'EMB_P', 'EMB_P', 'EMB_P', 'EMB_P', 'EMB_P', 'EMB_P', 'EMB_P', 'EMB_P', 'EMB_P', 'EMB_P', 'EMB_P', 'EMB_P', 'EMB_P', 'EMB_P', 'EMB_P', 'EMB_P', 'EMB_P', 'EMB_P', 'EMB_P', 'EMB_P', 'EMB_P', 'EMB_P', 'EMB_P', 'EMB_P', 'EMB_P', 'EMB_P', 'EMB_P', 'EMB_P', 'EMB_P', 'EMB_P', 'EMB_P', 'EMB_P', 'EMB_P', 'EMB_P', 'EMB_P', 'EMB_P', 'EMB_P', 'EMB_P', 'EMB_P', 'EMB_P', 'EMB_P', 'EMB_P', 'EMB_P', 'EMB_P', 'EMB_P', 'EMB_P']","['EMB_O', 'EMB_O', 'EMB_O', 'EMB_O', 'EMB_O', 'EMB_O', 'EMB_O', 'EMB_O', 'EMB_O', 'EMB_O', 'EMB_O', 'EMB_O', 'EMB_O', 'EMB_O', 'OPN_S', 'EMB_O', 'EMB_O', 'EMB_O', 'EMB_O', 'EMB_O', 'EMB_O', 'EMB_O', 'EMB_O', 'EMB_O', 'EMB_O', 'EMB_O', 'EMB_O', 'EMB_P', 'EMB_P', 'EMB_P', 'EMB_P', 'EMB_P', 'EMB_P', 'EMB_P', 'EMB_P', 'EMB_P', 'EMB_P', 'EMB_P', 'EMB_P', 'EMB_P', 'EMB_P', 'EMB_P', 'EMB_P', 'EMB_P', 'EMB_P', 'EMB_P', 'EMB_P', 'EMB_P', 'EMB_P', 'EMB_P', 'EMB_P', 'EMB_P', 'EMB_P', 'EMB_P', 'EMB_P', 'EMB_P', 'EMB_P', 'EMB_P', 'EMB_P', 'EMB_P', 'EMB_P', 'EMB_P', 'EMB_P', 'EMB_P', 'EMB_P', 'EMB_P', 'EMB_P', 'EMB_P', 'EMB_P', 'EMB_P', 'EMB_P', 'EMB_P', 'EMB_P', 'EMB_P', 'EMB_P', 'EMB_P', 'EMB_P', 'EMB_P', 'EMB_P', 'EMB_P', 'EMB_P', 'EMB_P', 'EMB_P', 'EMB_P', 'EMB_P', 'EMB_P', 'EMB_P', 'EMB_P', 'EMB_P', 'EMB_P', 'EMB_P', 'EMB_P', 'EMB_P', 'EMB_P', 'EMB_P', 'EMB_P', 'EMB_P', 'EMB_P', 'EMB_P', 'EMB_P', 'EMB_P', 'EMB_P', 'EMB_P', 'EMB_P', 'EMB_P', 'EMB_P', 'EMB_P', 'EMB_P', 'EMB_P', 'EMB_P', 'EMB_P', 'EMB_P', 'EMB_P', 'EMB_P', 'EMB_P', 'EMB_P', 'EMB_P', 'EMB_P', 'EMB_P', 'EMB_P', 'EMB_P', 'EMB_P', 'EMB_P', 'EMB_P', 'EMB_P', 'EMB_P', 'EMB_P', 'EMB_P']"
191,закусочки,Дуже сподобалися,27841:6_1124,"Дуже сподобалися закусочки: і смажені крильця, і особливо кальмари.",8.12,7.88,"['EMB_O', 'EMB_O', 'EMB_O', 'EMB_O', 'EMB_O', 'EMB_O', 'EMB_O', 'EMB_O', 'EMB_O', 'ASP_B', 'ASP_I', 'ASP_I', 'ASP_E', 'EMB_O', 'EMB_O', 'EMB_O', 'EMB_O', 'EMB_O', 'EMB_O', 'EMB_O', 'EMB_O', 'EMB_O', 'EMB_O', 'EMB_O', 'EMB_O', 'EMB_O', 'EMB_O', 'EMB_O', 'EMB_O', 'EMB_O', 'EMB_O', 'EMB_P', 'EMB_P', 'EMB_P', 'EMB_P', 'EMB_P', 'EMB_P', 'EMB_P', 'EMB_P', 'EMB_P', 'EMB_P', 'EMB_P', 'EMB_P', 'EMB_P', 'EMB_P', 'EMB_P', 'EMB_P', 'EMB_P', 'EMB_P', 'EMB_P', 'EMB_P', 'EMB_P', 'EMB_P', 'EMB_P', 'EMB_P', 'EMB_P', 'EMB_P', 'EMB_P', 'EMB_P', 'EMB_P', 'EMB_P', 'EMB_P', 'EMB_P', 'EMB_P', 'EMB_P', 'EMB_P', 'EMB_P', 'EMB_P', 'EMB_P', 'EMB_P', 'EMB_P', 'EMB_P', 'EMB_P', 'EMB_P', 'EMB_P', 'EMB_P', 'EMB_P', 'EMB_P', 'EMB_P', 'EMB_P', 'EMB_P', 'EMB_P', 'EMB_P', 'EMB_P', 'EMB_P', 'EMB_P', 'EMB_P', 'EMB_P', 'EMB_P', 'EMB_P', 'EMB_P', 'EMB_P', 'EMB_P', 'EMB_P', 'EMB_P', 'EMB_P', 'EMB_P', 'EMB_P', 'EMB_P', 'EMB_P', 'EMB_P', 'EMB_P', 'EMB_P', 'EMB_P', 'EMB_P', 'EMB_P', 'EMB_P', 'EMB_P', 'EMB_P', 'EMB_P', 'EMB_P', 'EMB_P', 'EMB_P', 'EMB_P', 'EMB_P', 'EMB_P', 'EMB_P', 'EMB_P', 'EMB_P', 'EMB_P', 'EMB_P', 'EMB_P', 'EMB_P', 'EMB_P', 'EMB_P', 'EMB_P', 'EMB_P', 'EMB_P']","['EMB_O', 'OPN_B', 'OPN_I', 'OPN_I', 'OPN_I', 'OPN_I', 'OPN_I', 'OPN_I', 'OPN_E', 'EMB_O', 'EMB_O', 'EMB_O', 'EMB_O', 'EMB_O', 'EMB_O', 'EMB_O', 'EMB_O', 'EMB_O', 'EMB_O', 'EMB_O', 'EMB_O', 'EMB_O', 'EMB_O', 'EMB_O', 'EMB_O', 'EMB_O', 'EMB_O', 'EMB_O', 'EMB_O', 'EMB_O', 'EMB_O', 'EMB_P', 'EMB_P', 'EMB_P', 'EMB_P', 'EMB_P', 'EMB_P', 'EMB_P', 'EMB_P', 'EMB_P', 'EMB_P', 'EMB_P', 'EMB_P', 'EMB_P', 'EMB_P', 'EMB_P', 'EMB_P', 'EMB_P', 'EMB_P', 'EMB_P', 'EMB_P', 'EMB_P', 'EMB_P', 'EMB_P', 'EMB_P', 'EMB_P', 'EMB_P', 'EMB_P', 'EMB_P', 'EMB_P', 'EMB_P', 'EMB_P', 'EMB_P', 'EMB_P', 'EMB_P', 'EMB_P', 'EMB_P', 'EMB_P', 'EMB_P', 'EMB_P', 'EMB_P', 'EMB_P', 'EMB_P', 'EMB_P', 'EMB_P', 'EMB_P', 'EMB_P', 'EMB_P', 'EMB_P', 'EMB_P', 'EMB_P', 'EMB_P', 'EMB_P', 'EMB_P', 'EMB_P', 'EMB_P', 'EMB_P', 'EMB_P', 'EMB_P', 'EMB_P', 'EMB_P', 'EMB_P', 'EMB_P', 'EMB_P', 'EMB_P', 'EMB_P', 'EMB_P', 'EMB_P', 'EMB_P', 'EMB_P', 'EMB_P', 'EMB_P', 'EMB_P', 'EMB_P', 'EMB_P', 'EMB_P', 'EMB_P', 'EMB_P', 'EMB_P', 'EMB_P', 'EMB_P', 'EMB_P', 'EMB_P', 'EMB_P', 'EMB_P', 'EMB_P', 'EMB_P', 'EMB_P', 'EMB_P', 'EMB_P', 'EMB_P', 'EMB_P', 'EMB_P', 'EMB_P', 'EMB_P', 'EMB_P', 'EMB_P', 'EMB_P']"
192,смажені крильця,Дуже сподобалися,27841:6_1124,"Дуже сподобалися закусочки: і смажені крильця, і особливо кальмари.",8.12,7.88,"['EMB_O', 'EMB_O', 'EMB_O', 'EMB_O', 'EMB_O', 'EMB_O', 'EMB_O', 'EMB_O', 'EMB_O', 'EMB_O', 'EMB_O', 'EMB_O', 'EMB_O', 'EMB_O', 'EMB_O', 'ASP_B', 'ASP_I', 'ASP_I', 'ASP_I', 'ASP_I', 'ASP_I', 'ASP_E', 'EMB_O', 'EMB_O', 'EMB_O', 'EMB_O', 'EMB_O', 'EMB_O', 'EMB_O', 'EMB_O', 'EMB_O', 'EMB_P', 'EMB_P', 'EMB_P', 'EMB_P', 'EMB_P', 'EMB_P', 'EMB_P', 'EMB_P', 'EMB_P', 'EMB_P', 'EMB_P', 'EMB_P', 'EMB_P', 'EMB_P', 'EMB_P', 'EMB_P', 'EMB_P', 'EMB_P', 'EMB_P', 'EMB_P', 'EMB_P', 'EMB_P', 'EMB_P', 'EMB_P', 'EMB_P', 'EMB_P', 'EMB_P', 'EMB_P', 'EMB_P', 'EMB_P', 'EMB_P', 'EMB_P', 'EMB_P', 'EMB_P', 'EMB_P', 'EMB_P', 'EMB_P', 'EMB_P', 'EMB_P', 'EMB_P', 'EMB_P', 'EMB_P', 'EMB_P', 'EMB_P', 'EMB_P', 'EMB_P', 'EMB_P', 'EMB_P', 'EMB_P', 'EMB_P', 'EMB_P', 'EMB_P', 'EMB_P', 'EMB_P', 'EMB_P', 'EMB_P', 'EMB_P', 'EMB_P', 'EMB_P', 'EMB_P', 'EMB_P', 'EMB_P', 'EMB_P', 'EMB_P', 'EMB_P', 'EMB_P', 'EMB_P', 'EMB_P', 'EMB_P', 'EMB_P', 'EMB_P', 'EMB_P', 'EMB_P', 'EMB_P', 'EMB_P', 'EMB_P', 'EMB_P', 'EMB_P', 'EMB_P', 'EMB_P', 'EMB_P', 'EMB_P', 'EMB_P', 'EMB_P', 'EMB_P', 'EMB_P', 'EMB_P', 'EMB_P', 'EMB_P', 'EMB_P', 'EMB_P', 'EMB_P', 'EMB_P', 'EMB_P', 'EMB_P', 'EMB_P', 'EMB_P']","['EMB_O', 'OPN_B', 'OPN_I', 'OPN_I', 'OPN_I', 'OPN_I', 'OPN_I', 'OPN_I', 'OPN_E', 'EMB_O', 'EMB_O', 'EMB_O', 'EMB_O', 'EMB_O', 'EMB_O', 'EMB_O', 'EMB_O', 'EMB_O', 'EMB_O', 'EMB_O', 'EMB_O', 'EMB_O', 'EMB_O', 'EMB_O', 'EMB_O', 'EMB_O', 'EMB_O', 'EMB_O', 'EMB_O', 'EMB_O', 'EMB_O', 'EMB_P', 'EMB_P', 'EMB_P', 'EMB_P', 'EMB_P', 'EMB_P', 'EMB_P', 'EMB_P', 'EMB_P', 'EMB_P', 'EMB_P', 'EMB_P', 'EMB_P', 'EMB_P', 'EMB_P', 'EMB_P', 'EMB_P', 'EMB_P', 'EMB_P', 'EMB_P', 'EMB_P', 'EMB_P', 'EMB_P', 'EMB_P', 'EMB_P', 'EMB_P', 'EMB_P', 'EMB_P', 'EMB_P', 'EMB_P', 'EMB_P', 'EMB_P', 'EMB_P', 'EMB_P', 'EMB_P', 'EMB_P', 'EMB_P', 'EMB_P', 'EMB_P', 'EMB_P', 'EMB_P', 'EMB_P', 'EMB_P', 'EMB_P', 'EMB_P', 'EMB_P', 'EMB_P', 'EMB_P', 'EMB_P', 'EMB_P', 'EMB_P', 'EMB_P', 'EMB_P', 'EMB_P', 'EMB_P', 'EMB_P', 'EMB_P', 'EMB_P', 'EMB_P', 'EMB_P', 'EMB_P', 'EMB_P', 'EMB_P', 'EMB_P', 'EMB_P', 'EMB_P', 'EMB_P', 'EMB_P', 'EMB_P', 'EMB_P', 'EMB_P', 'EMB_P', 'EMB_P', 'EMB_P', 'EMB_P', 'EMB_P', 'EMB_P', 'EMB_P', 'EMB_P', 'EMB_P', 'EMB_P', 'EMB_P', 'EMB_P', 'EMB_P', 'EMB_P', 'EMB_P', 'EMB_P', 'EMB_P', 'EMB_P', 'EMB_P', 'EMB_P', 'EMB_P', 'EMB_P', 'EMB_P', 'EMB_P', 'EMB_P', 'EMB_P']"
193,кальмари,Дуже сподобалися,27841:6_1124,"Дуже сподобалися закусочки: і смажені крильця, і особливо кальмари.",8.17,7.83,"['EMB_O', 'EMB_O', 'EMB_O', 'EMB_O', 'EMB_O', 'EMB_O', 'EMB_O', 'EMB_O', 'EMB_O', 'EMB_O', 'EMB_O', 'EMB_O', 'EMB_O', 'EMB_O', 'EMB_O', 'EMB_O', 'EMB_O', 'EMB_O', 'EMB_O', 'EMB_O', 'EMB_O', 'EMB_O', 'EMB_O', 'EMB_O', 'EMB_O', 'ASP_B', 'ASP_I', 'ASP_I', 'ASP_E', 'EMB_O', 'EMB_O', 'EMB_P', 'EMB_P', 'EMB_P', 'EMB_P', 'EMB_P', 'EMB_P', 'EMB_P', 'EMB_P', 'EMB_P', 'EMB_P', 'EMB_P', 'EMB_P', 'EMB_P', 'EMB_P', 'EMB_P', 'EMB_P', 'EMB_P', 'EMB_P', 'EMB_P', 'EMB_P', 'EMB_P', 'EMB_P', 'EMB_P', 'EMB_P', 'EMB_P', 'EMB_P', 'EMB_P', 'EMB_P', 'EMB_P', 'EMB_P', 'EMB_P', 'EMB_P', 'EMB_P', 'EMB_P', 'EMB_P', 'EMB_P', 'EMB_P', 'EMB_P', 'EMB_P', 'EMB_P', 'EMB_P', 'EMB_P', 'EMB_P', 'EMB_P', 'EMB_P', 'EMB_P', 'EMB_P', 'EMB_P', 'EMB_P', 'EMB_P', 'EMB_P', 'EMB_P', 'EMB_P', 'EMB_P', 'EMB_P', 'EMB_P', 'EMB_P', 'EMB_P', 'EMB_P', 'EMB_P', 'EMB_P', 'EMB_P', 'EMB_P', 'EMB_P', 'EMB_P', 'EMB_P', 'EMB_P', 'EMB_P', 'EMB_P', 'EMB_P', 'EMB_P', 'EMB_P', 'EMB_P', 'EMB_P', 'EMB_P', 'EMB_P', 'EMB_P', 'EMB_P', 'EMB_P', 'EMB_P', 'EMB_P', 'EMB_P', 'EMB_P', 'EMB_P', 'EMB_P', 'EMB_P', 'EMB_P', 'EMB_P', 'EMB_P', 'EMB_P', 'EMB_P', 'EMB_P', 'EMB_P', 'EMB_P', 'EMB_P', 'EMB_P', 'EMB_P']","['EMB_O', 'OPN_B', 'OPN_I', 'OPN_I', 'OPN_I', 'OPN_I', 'OPN_I', 'OPN_I', 'OPN_E', 'EMB_O', 'EMB_O', 'EMB_O', 'EMB_O', 'EMB_O', 'EMB_O', 'EMB_O', 'EMB_O', 'EMB_O', 'EMB_O', 'EMB_O', 'EMB_O', 'EMB_O', 'EMB_O', 'EMB_O', 'EMB_O', 'EMB_O', 'EMB_O', 'EMB_O', 'EMB_O', 'EMB_O', 'EMB_O', 'EMB_P', 'EMB_P', 'EMB_P', 'EMB_P', 'EMB_P', 'EMB_P', 'EMB_P', 'EMB_P', 'EMB_P', 'EMB_P', 'EMB_P', 'EMB_P', 'EMB_P', 'EMB_P', 'EMB_P', 'EMB_P', 'EMB_P', 'EMB_P', 'EMB_P', 'EMB_P', 'EMB_P', 'EMB_P', 'EMB_P', 'EMB_P', 'EMB_P', 'EMB_P', 'EMB_P', 'EMB_P', 'EMB_P', 'EMB_P', 'EMB_P', 'EMB_P', 'EMB_P', 'EMB_P', 'EMB_P', 'EMB_P', 'EMB_P', 'EMB_P', 'EMB_P', 'EMB_P', 'EMB_P', 'EMB_P', 'EMB_P', 'EMB_P', 'EMB_P', 'EMB_P', 'EMB_P', 'EMB_P', 'EMB_P', 'EMB_P', 'EMB_P', 'EMB_P', 'EMB_P', 'EMB_P', 'EMB_P', 'EMB_P', 'EMB_P', 'EMB_P', 'EMB_P', 'EMB_P', 'EMB_P', 'EMB_P', 'EMB_P', 'EMB_P', 'EMB_P', 'EMB_P', 'EMB_P', 'EMB_P', 'EMB_P', 'EMB_P', 'EMB_P', 'EMB_P', 'EMB_P', 'EMB_P', 'EMB_P', 'EMB_P', 'EMB_P', 'EMB_P', 'EMB_P', 'EMB_P', 'EMB_P', 'EMB_P', 'EMB_P', 'EMB_P', 'EMB_P', 'EMB_P', 'EMB_P', 'EMB_P', 'EMB_P', 'EMB_P', 'EMB_P', 'EMB_P', 'EMB_P', 'EMB_P', 'EMB_P', 'EMB_P', 'EMB_P']"
194,соусу,не виявили,27841:8_1125,"Правда без соусу, в меню ми соусу теж не виявили, але привітна дівчина-офіціантка на наше питання про соус, запропонувала 2 види і відразу ж принесла.",3.25,6.12,"['EMB_O', 'EMB_O', 'EMB_O', 'ASP_B', 'ASP_E', 'EMB_O', 'EMB_O', 'EMB_O', 'EMB_O', 'EMB_O', 'EMB_O', 'EMB_O', 'EMB_O', 'EMB_O', 'EMB_O', 'EMB_O', 'EMB_O', 'EMB_O', 'EMB_O', 'EMB_O', 'EMB_O', 'EMB_O', 'EMB_O', 'EMB_O', 'EMB_O', 'EMB_O', 'EMB_O', 'EMB_O', 'EMB_O', 'EMB_O', 'EMB_O', 'EMB_O', 'EMB_O', 'EMB_O', 'EMB_O', 'EMB_O', 'EMB_O', 'EMB_O', 'EMB_O', 'EMB_O', 'EMB_O', 'EMB_O', 'EMB_O', 'EMB_O', 'EMB_O', 'EMB_O', 'EMB_O', 'EMB_O', 'EMB_O', 'EMB_O', 'EMB_O', 'EMB_O', 'EMB_O', 'EMB_P', 'EMB_P', 'EMB_P', 'EMB_P', 'EMB_P', 'EMB_P', 'EMB_P', 'EMB_P', 'EMB_P', 'EMB_P', 'EMB_P', 'EMB_P', 'EMB_P', 'EMB_P', 'EMB_P', 'EMB_P', 'EMB_P', 'EMB_P', 'EMB_P', 'EMB_P', 'EMB_P', 'EMB_P', 'EMB_P', 'EMB_P', 'EMB_P', 'EMB_P', 'EMB_P', 'EMB_P', 'EMB_P', 'EMB_P', 'EMB_P', 'EMB_P', 'EMB_P', 'EMB_P', 'EMB_P', 'EMB_P', 'EMB_P', 'EMB_P', 'EMB_P', 'EMB_P', 'EMB_P', 'EMB_P', 'EMB_P', 'EMB_P', 'EMB_P', 'EMB_P', 'EMB_P', 'EMB_P', 'EMB_P', 'EMB_P', 'EMB_P', 'EMB_P', 'EMB_P', 'EMB_P', 'EMB_P', 'EMB_P', 'EMB_P', 'EMB_P', 'EMB_P', 'EMB_P', 'EMB_P', 'EMB_P', 'EMB_P', 'EMB_P', 'EMB_P', 'EMB_P', 'EMB_P', 'EMB_P', 'EMB_P', 'EMB_P', 'EMB_P', 'EMB_P', 'EMB_P', 'EMB_P', 'EMB_P']","['EMB_O', 'EMB_O', 'EMB_O', 'EMB_O', 'EMB_O', 'EMB_O', 'EMB_O', 'EMB_O', 'EMB_O', 'EMB_O', 'EMB_O', 'EMB_O', 'EMB_O', 'OPN_B', 'OPN_I', 'OPN_I', 'OPN_E', 'EMB_O', 'EMB_O', 'EMB_O', 'EMB_O', 'EMB_O', 'EMB_O', 'EMB_O', 'EMB_O', 'EMB_O', 'EMB_O', 'EMB_O', 'EMB_O', 'EMB_O', 'EMB_O', 'EMB_O', 'EMB_O', 'EMB_O', 'EMB_O', 'EMB_O', 'EMB_O', 'EMB_O', 'EMB_O', 'EMB_O', 'EMB_O', 'EMB_O', 'EMB_O', 'EMB_O', 'EMB_O', 'EMB_O', 'EMB_O', 'EMB_O', 'EMB_O', 'EMB_O', 'EMB_O', 'EMB_O', 'EMB_O', 'EMB_P', 'EMB_P', 'EMB_P', 'EMB_P', 'EMB_P', 'EMB_P', 'EMB_P', 'EMB_P', 'EMB_P', 'EMB_P', 'EMB_P', 'EMB_P', 'EMB_P', 'EMB_P', 'EMB_P', 'EMB_P', 'EMB_P', 'EMB_P', 'EMB_P', 'EMB_P', 'EMB_P', 'EMB_P', 'EMB_P', 'EMB_P', 'EMB_P', 'EMB_P', 'EMB_P', 'EMB_P', 'EMB_P', 'EMB_P', 'EMB_P', 'EMB_P', 'EMB_P', 'EMB_P', 'EMB_P', 'EMB_P', 'EMB_P', 'EMB_P', 'EMB_P', 'EMB_P', 'EMB_P', 'EMB_P', 'EMB_P', 'EMB_P', 'EMB_P', 'EMB_P', 'EMB_P', 'EMB_P', 'EMB_P', 'EMB_P', 'EMB_P', 'EMB_P', 'EMB_P', 'EMB_P', 'EMB_P', 'EMB_P', 'EMB_P', 'EMB_P', 'EMB_P', 'EMB_P', 'EMB_P', 'EMB_P', 'EMB_P', 'EMB_P', 'EMB_P', 'EMB_P', 'EMB_P', 'EMB_P', 'EMB_P', 'EMB_P', 'EMB_P', 'EMB_P', 'EMB_P', 'EMB_P', 'EMB_P']"
195,дівчина-офіціантка,привітна,27841:8_1125,"Правда без соусу, в меню ми соусу теж не виявили, але привітна дівчина-офіціантка на наше питання про соус, запропонувала 2 види і відразу ж принесла.",6.8,6.2,"['EMB_O', 'EMB_O', 'EMB_O', 'EMB_O', 'EMB_O', 'EMB_O', 'EMB_O', 'EMB_O', 'EMB_O', 'EMB_O', 'EMB_O', 'EMB_O', 'EMB_O', 'EMB_O', 'EMB_O', 'EMB_O', 'EMB_O', 'EMB_O', 'EMB_O', 'EMB_O', 'EMB_O', 'EMB_O', 'ASP_B', 'ASP_I', 'ASP_I', 'ASP_I', 'ASP_I', 'ASP_I', 'ASP_I', 'ASP_I', 'ASP_E', 'EMB_O', 'EMB_O', 'EMB_O', 'EMB_O', 'EMB_O', 'EMB_O', 'EMB_O', 'EMB_O', 'EMB_O', 'EMB_O', 'EMB_O', 'EMB_O', 'EMB_O', 'EMB_O', 'EMB_O', 'EMB_O', 'EMB_O', 'EMB_O', 'EMB_O', 'EMB_O', 'EMB_O', 'EMB_O', 'EMB_P', 'EMB_P', 'EMB_P', 'EMB_P', 'EMB_P', 'EMB_P', 'EMB_P', 'EMB_P', 'EMB_P', 'EMB_P', 'EMB_P', 'EMB_P', 'EMB_P', 'EMB_P', 'EMB_P', 'EMB_P', 'EMB_P', 'EMB_P', 'EMB_P', 'EMB_P', 'EMB_P', 'EMB_P', 'EMB_P', 'EMB_P', 'EMB_P', 'EMB_P', 'EMB_P', 'EMB_P', 'EMB_P', 'EMB_P', 'EMB_P', 'EMB_P', 'EMB_P', 'EMB_P', 'EMB_P', 'EMB_P', 'EMB_P', 'EMB_P', 'EMB_P', 'EMB_P', 'EMB_P', 'EMB_P', 'EMB_P', 'EMB_P', 'EMB_P', 'EMB_P', 'EMB_P', 'EMB_P', 'EMB_P', 'EMB_P', 'EMB_P', 'EMB_P', 'EMB_P', 'EMB_P', 'EMB_P', 'EMB_P', 'EMB_P', 'EMB_P', 'EMB_P', 'EMB_P', 'EMB_P', 'EMB_P', 'EMB_P', 'EMB_P', 'EMB_P', 'EMB_P', 'EMB_P', 'EMB_P', 'EMB_P', 'EMB_P', 'EMB_P', 'EMB_P', 'EMB_P', 'EMB_P', 'EMB_P']","['EMB_O', 'EMB_O', 'EMB_O', 'EMB_O', 'EMB_O', 'EMB_O', 'EMB_O', 'EMB_O', 'EMB_O', 'EMB_O', 'EMB_O', 'EMB_O', 'EMB_O', 'EMB_O', 'EMB_O', 'EMB_O', 'EMB_O', 'EMB_O', 'EMB_O', 'OPN_B', 'OPN_I', 'OPN_E', 'EMB_O', 'EMB_O', 'EMB_O', 'EMB_O', 'EMB_O', 'EMB_O', 'EMB_O', 'EMB_O', 'EMB_O', 'EMB_O', 'EMB_O', 'EMB_O', 'EMB_O', 'EMB_O', 'EMB_O', 'EMB_O', 'EMB_O', 'EMB_O', 'EMB_O', 'EMB_O', 'EMB_O', 'EMB_O', 'EMB_O', 'EMB_O', 'EMB_O', 'EMB_O', 'EMB_O', 'EMB_O', 'EMB_O', 'EMB_O', 'EMB_O', 'EMB_P', 'EMB_P', 'EMB_P', 'EMB_P', 'EMB_P', 'EMB_P', 'EMB_P', 'EMB_P', 'EMB_P', 'EMB_P', 'EMB_P', 'EMB_P', 'EMB_P', 'EMB_P', 'EMB_P', 'EMB_P', 'EMB_P', 'EMB_P', 'EMB_P', 'EMB_P', 'EMB_P', 'EMB_P', 'EMB_P', 'EMB_P', 'EMB_P', 'EMB_P', 'EMB_P', 'EMB_P', 'EMB_P', 'EMB_P', 'EMB_P', 'EMB_P', 'EMB_P', 'EMB_P', 'EMB_P', 'EMB_P', 'EMB_P', 'EMB_P', 'EMB_P', 'EMB_P', 'EMB_P', 'EMB_P', 'EMB_P', 'EMB_P', 'EMB_P', 'EMB_P', 'EMB_P', 'EMB_P', 'EMB_P', 'EMB_P', 'EMB_P', 'EMB_P', 'EMB_P', 'EMB_P', 'EMB_P', 'EMB_P', 'EMB_P', 'EMB_P', 'EMB_P', 'EMB_P', 'EMB_P', 'EMB_P', 'EMB_P', 'EMB_P', 'EMB_P', 'EMB_P', 'EMB_P', 'EMB_P', 'EMB_P', 'EMB_P', 'EMB_P', 'EMB_P', 'EMB_P', 'EMB_P', 'EMB_P']"
196,Інтер'єр,непоганий,27841:9_1126,"Інтер'єр непоганий, шкода тільки, що диванчики і плазмова панель тільки в залі для некурящих.",6.2,5.3,"['EMB_O', 'ASP_B', 'ASP_I', 'ASP_I', 'ASP_I', 'ASP_E', 'EMB_O', 'EMB_O', 'EMB_O', 'EMB_O', 'EMB_O', 'EMB_O', 'EMB_O', 'EMB_O', 'EMB_O', 'EMB_O', 'EMB_O', 'EMB_O', 'EMB_O', 'EMB_O', 'EMB_O', 'EMB_O', 'EMB_O', 'EMB_O', 'EMB_O', 'EMB_O', 'EMB_O', 'EMB_O', 'EMB_O', 'EMB_O', 'EMB_O', 'EMB_O', 'EMB_O', 'EMB_O', 'EMB_O', 'EMB_O', 'EMB_O', 'EMB_O', 'EMB_O', 'EMB_P', 'EMB_P', 'EMB_P', 'EMB_P', 'EMB_P', 'EMB_P', 'EMB_P', 'EMB_P', 'EMB_P', 'EMB_P', 'EMB_P', 'EMB_P', 'EMB_P', 'EMB_P', 'EMB_P', 'EMB_P', 'EMB_P', 'EMB_P', 'EMB_P', 'EMB_P', 'EMB_P', 'EMB_P', 'EMB_P', 'EMB_P', 'EMB_P', 'EMB_P', 'EMB_P', 'EMB_P', 'EMB_P', 'EMB_P', 'EMB_P', 'EMB_P', 'EMB_P', 'EMB_P', 'EMB_P', 'EMB_P', 'EMB_P', 'EMB_P', 'EMB_P', 'EMB_P', 'EMB_P', 'EMB_P', 'EMB_P', 'EMB_P', 'EMB_P', 'EMB_P', 'EMB_P', 'EMB_P', 'EMB_P', 'EMB_P', 'EMB_P', 'EMB_P', 'EMB_P', 'EMB_P', 'EMB_P', 'EMB_P', 'EMB_P', 'EMB_P', 'EMB_P', 'EMB_P', 'EMB_P', 'EMB_P', 'EMB_P', 'EMB_P', 'EMB_P', 'EMB_P', 'EMB_P', 'EMB_P', 'EMB_P', 'EMB_P', 'EMB_P', 'EMB_P', 'EMB_P', 'EMB_P', 'EMB_P', 'EMB_P', 'EMB_P', 'EMB_P', 'EMB_P', 'EMB_P', 'EMB_P', 'EMB_P', 'EMB_P', 'EMB_P', 'EMB_P', 'EMB_P', 'EMB_P', 'EMB_P', 'EMB_P']","['EMB_O', 'EMB_O', 'EMB_O', 'EMB_O', 'EMB_O', 'EMB_O', 'OPN_B', 'OPN_I', 'OPN_I', 'OPN_E', 'EMB_O', 'EMB_O', 'EMB_O', 'EMB_O', 'EMB_O', 'EMB_O', 'EMB_O', 'EMB_O', 'EMB_O', 'EMB_O', 'EMB_O', 'EMB_O', 'EMB_O', 'EMB_O', 'EMB_O', 'EMB_O', 'EMB_O', 'EMB_O', 'EMB_O', 'EMB_O', 'EMB_O', 'EMB_O', 'EMB_O', 'EMB_O', 'EMB_O', 'EMB_O', 'EMB_O', 'EMB_O', 'EMB_O', 'EMB_P', 'EMB_P', 'EMB_P', 'EMB_P', 'EMB_P', 'EMB_P', 'EMB_P', 'EMB_P', 'EMB_P', 'EMB_P', 'EMB_P', 'EMB_P', 'EMB_P', 'EMB_P', 'EMB_P', 'EMB_P', 'EMB_P', 'EMB_P', 'EMB_P', 'EMB_P', 'EMB_P', 'EMB_P', 'EMB_P', 'EMB_P', 'EMB_P', 'EMB_P', 'EMB_P', 'EMB_P', 'EMB_P', 'EMB_P', 'EMB_P', 'EMB_P', 'EMB_P', 'EMB_P', 'EMB_P', 'EMB_P', 'EMB_P', 'EMB_P', 'EMB_P', 'EMB_P', 'EMB_P', 'EMB_P', 'EMB_P', 'EMB_P', 'EMB_P', 'EMB_P', 'EMB_P', 'EMB_P', 'EMB_P', 'EMB_P', 'EMB_P', 'EMB_P', 'EMB_P', 'EMB_P', 'EMB_P', 'EMB_P', 'EMB_P', 'EMB_P', 'EMB_P', 'EMB_P', 'EMB_P', 'EMB_P', 'EMB_P', 'EMB_P', 'EMB_P', 'EMB_P', 'EMB_P', 'EMB_P', 'EMB_P', 'EMB_P', 'EMB_P', 'EMB_P', 'EMB_P', 'EMB_P', 'EMB_P', 'EMB_P', 'EMB_P', 'EMB_P', 'EMB_P', 'EMB_P', 'EMB_P', 'EMB_P', 'EMB_P', 'EMB_P', 'EMB_P', 'EMB_P', 'EMB_P', 'EMB_P', 'EMB_P']"
197,Обслуговування,все вчасно,27841:10_1127,"Обслуговування на 10, все вчасно, мило і з посмішкою.",7.5,7.5,"['EMB_O', 'ASP_B', 'ASP_I', 'ASP_I', 'ASP_E', 'EMB_O', 'EMB_O', 'EMB_O', 'EMB_O', 'EMB_O', 'EMB_O', 'EMB_O', 'EMB_O', 'EMB_O', 'EMB_O', 'EMB_O', 'EMB_O', 'EMB_O', 'EMB_O', 'EMB_O', 'EMB_O', 'EMB_O', 'EMB_O', 'EMB_O', 'EMB_P', 'EMB_P', 'EMB_P', 'EMB_P', 'EMB_P', 'EMB_P', 'EMB_P', 'EMB_P', 'EMB_P', 'EMB_P', 'EMB_P', 'EMB_P', 'EMB_P', 'EMB_P', 'EMB_P', 'EMB_P', 'EMB_P', 'EMB_P', 'EMB_P', 'EMB_P', 'EMB_P', 'EMB_P', 'EMB_P', 'EMB_P', 'EMB_P', 'EMB_P', 'EMB_P', 'EMB_P', 'EMB_P', 'EMB_P', 'EMB_P', 'EMB_P', 'EMB_P', 'EMB_P', 'EMB_P', 'EMB_P', 'EMB_P', 'EMB_P', 'EMB_P', 'EMB_P', 'EMB_P', 'EMB_P', 'EMB_P', 'EMB_P', 'EMB_P', 'EMB_P', 'EMB_P', 'EMB_P', 'EMB_P', 'EMB_P', 'EMB_P', 'EMB_P', 'EMB_P', 'EMB_P', 'EMB_P', 'EMB_P', 'EMB_P', 'EMB_P', 'EMB_P', 'EMB_P', 'EMB_P', 'EMB_P', 'EMB_P', 'EMB_P', 'EMB_P', 'EMB_P', 'EMB_P', 'EMB_P', 'EMB_P', 'EMB_P', 'EMB_P', 'EMB_P', 'EMB_P', 'EMB_P', 'EMB_P', 'EMB_P', 'EMB_P', 'EMB_P', 'EMB_P', 'EMB_P', 'EMB_P', 'EMB_P', 'EMB_P', 'EMB_P', 'EMB_P', 'EMB_P', 'EMB_P', 'EMB_P', 'EMB_P', 'EMB_P', 'EMB_P', 'EMB_P', 'EMB_P', 'EMB_P', 'EMB_P', 'EMB_P', 'EMB_P', 'EMB_P', 'EMB_P', 'EMB_P', 'EMB_P', 'EMB_P', 'EMB_P', 'EMB_P']","['EMB_O', 'EMB_O', 'EMB_O', 'EMB_O', 'EMB_O', 'EMB_O', 'EMB_O', 'EMB_O', 'OPN_B', 'OPN_I', 'OPN_I', 'OPN_E', 'EMB_O', 'EMB_O', 'EMB_O', 'EMB_O', 'EMB_O', 'EMB_O', 'EMB_O', 'EMB_O', 'EMB_O', 'EMB_O', 'EMB_O', 'EMB_O', 'EMB_P', 'EMB_P', 'EMB_P', 'EMB_P', 'EMB_P', 'EMB_P', 'EMB_P', 'EMB_P', 'EMB_P', 'EMB_P', 'EMB_P', 'EMB_P', 'EMB_P', 'EMB_P', 'EMB_P', 'EMB_P', 'EMB_P', 'EMB_P', 'EMB_P', 'EMB_P', 'EMB_P', 'EMB_P', 'EMB_P', 'EMB_P', 'EMB_P', 'EMB_P', 'EMB_P', 'EMB_P', 'EMB_P', 'EMB_P', 'EMB_P', 'EMB_P', 'EMB_P', 'EMB_P', 'EMB_P', 'EMB_P', 'EMB_P', 'EMB_P', 'EMB_P', 'EMB_P', 'EMB_P', 'EMB_P', 'EMB_P', 'EMB_P', 'EMB_P', 'EMB_P', 'EMB_P', 'EMB_P', 'EMB_P', 'EMB_P', 'EMB_P', 'EMB_P', 'EMB_P', 'EMB_P', 'EMB_P', 'EMB_P', 'EMB_P', 'EMB_P', 'EMB_P', 'EMB_P', 'EMB_P', 'EMB_P', 'EMB_P', 'EMB_P', 'EMB_P', 'EMB_P', 'EMB_P', 'EMB_P', 'EMB_P', 'EMB_P', 'EMB_P', 'EMB_P', 'EMB_P', 'EMB_P', 'EMB_P', 'EMB_P', 'EMB_P', 'EMB_P', 'EMB_P', 'EMB_P', 'EMB_P', 'EMB_P', 'EMB_P', 'EMB_P', 'EMB_P', 'EMB_P', 'EMB_P', 'EMB_P', 'EMB_P', 'EMB_P', 'EMB_P', 'EMB_P', 'EMB_P', 'EMB_P', 'EMB_P', 'EMB_P', 'EMB_P', 'EMB_P', 'EMB_P', 'EMB_P', 'EMB_P', 'EMB_P', 'EMB_P', 'EMB_P']"
198,містечко,приємне,27841:11_1128,"Добре, що з'явилося таке приємне містечко в нашому районі.",6.9,6.5,"['EMB_O', 'EMB_O', 'EMB_O', 'EMB_O', 'EMB_O', 'EMB_O', 'EMB_O', 'EMB_O', 'EMB_O', 'EMB_O', 'EMB_O', 'EMB_O', 'EMB_O', 'EMB_O', 'EMB_O', 'EMB_O', 'ASP_B', 'ASP_I', 'ASP_E', 'EMB_O', 'EMB_O', 'EMB_O', 'EMB_O', 'EMB_O', 'EMB_O', 'EMB_P', 'EMB_P', 'EMB_P', 'EMB_P', 'EMB_P', 'EMB_P', 'EMB_P', 'EMB_P', 'EMB_P', 'EMB_P', 'EMB_P', 'EMB_P', 'EMB_P', 'EMB_P', 'EMB_P', 'EMB_P', 'EMB_P', 'EMB_P', 'EMB_P', 'EMB_P', 'EMB_P', 'EMB_P', 'EMB_P', 'EMB_P', 'EMB_P', 'EMB_P', 'EMB_P', 'EMB_P', 'EMB_P', 'EMB_P', 'EMB_P', 'EMB_P', 'EMB_P', 'EMB_P', 'EMB_P', 'EMB_P', 'EMB_P', 'EMB_P', 'EMB_P', 'EMB_P', 'EMB_P', 'EMB_P', 'EMB_P', 'EMB_P', 'EMB_P', 'EMB_P', 'EMB_P', 'EMB_P', 'EMB_P', 'EMB_P', 'EMB_P', 'EMB_P', 'EMB_P', 'EMB_P', 'EMB_P', 'EMB_P', 'EMB_P', 'EMB_P', 'EMB_P', 'EMB_P', 'EMB_P', 'EMB_P', 'EMB_P', 'EMB_P', 'EMB_P', 'EMB_P', 'EMB_P', 'EMB_P', 'EMB_P', 'EMB_P', 'EMB_P', 'EMB_P', 'EMB_P', 'EMB_P', 'EMB_P', 'EMB_P', 'EMB_P', 'EMB_P', 'EMB_P', 'EMB_P', 'EMB_P', 'EMB_P', 'EMB_P', 'EMB_P', 'EMB_P', 'EMB_P', 'EMB_P', 'EMB_P', 'EMB_P', 'EMB_P', 'EMB_P', 'EMB_P', 'EMB_P', 'EMB_P', 'EMB_P', 'EMB_P', 'EMB_P', 'EMB_P', 'EMB_P', 'EMB_P', 'EMB_P', 'EMB_P', 'EMB_P']","['EMB_O', 'EMB_O', 'EMB_O', 'EMB_O', 'EMB_O', 'EMB_O', 'EMB_O', 'EMB_O', 'EMB_O', 'EMB_O', 'EMB_O', 'EMB_O', 'EMB_O', 'OPN_B', 'OPN_I', 'OPN_E', 'EMB_O', 'EMB_O', 'EMB_O', 'EMB_O', 'EMB_O', 'EMB_O', 'EMB_O', 'EMB_O', 'EMB_O', 'EMB_P', 'EMB_P', 'EMB_P', 'EMB_P', 'EMB_P', 'EMB_P', 'EMB_P', 'EMB_P', 'EMB_P', 'EMB_P', 'EMB_P', 'EMB_P', 'EMB_P', 'EMB_P', 'EMB_P', 'EMB_P', 'EMB_P', 'EMB_P', 'EMB_P', 'EMB_P', 'EMB_P', 'EMB_P', 'EMB_P', 'EMB_P', 'EMB_P', 'EMB_P', 'EMB_P', 'EMB_P', 'EMB_P', 'EMB_P', 'EMB_P', 'EMB_P', 'EMB_P', 'EMB_P', 'EMB_P', 'EMB_P', 'EMB_P', 'EMB_P', 'EMB_P', 'EMB_P', 'EMB_P', 'EMB_P', 'EMB_P', 'EMB_P', 'EMB_P', 'EMB_P', 'EMB_P', 'EMB_P', 'EMB_P', 'EMB_P', 'EMB_P', 'EMB_P', 'EMB_P', 'EMB_P', 'EMB_P', 'EMB_P', 'EMB_P', 'EMB_P', 'EMB_P', 'EMB_P', 'EMB_P', 'EMB_P', 'EMB_P', 'EMB_P', 'EMB_P', 'EMB_P', 'EMB_P', 'EMB_P', 'EMB_P', 'EMB_P', 'EMB_P', 'EMB_P', 'EMB_P', 'EMB_P', 'EMB_P', 'EMB_P', 'EMB_P', 'EMB_P', 'EMB_P', 'EMB_P', 'EMB_P', 'EMB_P', 'EMB_P', 'EMB_P', 'EMB_P', 'EMB_P', 'EMB_P', 'EMB_P', 'EMB_P', 'EMB_P', 'EMB_P', 'EMB_P', 'EMB_P', 'EMB_P', 'EMB_P', 'EMB_P', 'EMB_P', 'EMB_P', 'EMB_P', 'EMB_P', 'EMB_P', 'EMB_P', 'EMB_P']"
199,Обслуговування,хороше,27925:3_1129,Обслуговування хороше нас зустрів метрдотель і провів до столика який відмінно нам подашел.,6.6,6.0,"['EMB_O', 'ASP_B', 'ASP_I', 'ASP_I', 'ASP_E', 'EMB_O', 'EMB_O', 'EMB_O', 'EMB_O', 'EMB_O', 'EMB_O', 'EMB_O', 'EMB_O', 'EMB_O', 'EMB_O', 'EMB_O', 'EMB_O', 'EMB_O', 'EMB_O', 'EMB_O', 'EMB_O', 'EMB_O', 'EMB_O', 'EMB_O', 'EMB_O', 'EMB_O', 'EMB_O', 'EMB_O', 'EMB_O', 'EMB_O', 'EMB_O', 'EMB_P', 'EMB_P', 'EMB_P', 'EMB_P', 'EMB_P', 'EMB_P', 'EMB_P', 'EMB_P', 'EMB_P', 'EMB_P', 'EMB_P', 'EMB_P', 'EMB_P', 'EMB_P', 'EMB_P', 'EMB_P', 'EMB_P', 'EMB_P', 'EMB_P', 'EMB_P', 'EMB_P', 'EMB_P', 'EMB_P', 'EMB_P', 'EMB_P', 'EMB_P', 'EMB_P', 'EMB_P', 'EMB_P', 'EMB_P', 'EMB_P', 'EMB_P', 'EMB_P', 'EMB_P', 'EMB_P', 'EMB_P', 'EMB_P', 'EMB_P', 'EMB_P', 'EMB_P', 'EMB_P', 'EMB_P', 'EMB_P', 'EMB_P', 'EMB_P', 'EMB_P', 'EMB_P', 'EMB_P', 'EMB_P', 'EMB_P', 'EMB_P', 'EMB_P', 'EMB_P', 'EMB_P', 'EMB_P', 'EMB_P', 'EMB_P', 'EMB_P', 'EMB_P', 'EMB_P', 'EMB_P', 'EMB_P', 'EMB_P', 'EMB_P', 'EMB_P', 'EMB_P', 'EMB_P', 'EMB_P', 'EMB_P', 'EMB_P', 'EMB_P', 'EMB_P', 'EMB_P', 'EMB_P', 'EMB_P', 'EMB_P', 'EMB_P', 'EMB_P', 'EMB_P', 'EMB_P', 'EMB_P', 'EMB_P', 'EMB_P', 'EMB_P', 'EMB_P', 'EMB_P', 'EMB_P', 'EMB_P', 'EMB_P', 'EMB_P', 'EMB_P', 'EMB_P', 'EMB_P', 'EMB_P', 'EMB_P', 'EMB_P', 'EMB_P']","['EMB_O', 'EMB_O', 'EMB_O', 'EMB_O', 'EMB_O', 'OPN_B', 'OPN_I', 'OPN_E', 'EMB_O', 'EMB_O', 'EMB_O', 'EMB_O', 'EMB_O', 'EMB_O', 'EMB_O', 'EMB_O', 'EMB_O', 'EMB_O', 'EMB_O', 'EMB_O', 'EMB_O', 'EMB_O', 'EMB_O', 'EMB_O', 'EMB_O', 'EMB_O', 'EMB_O', 'EMB_O', 'EMB_O', 'EMB_O', 'EMB_O', 'EMB_P', 'EMB_P', 'EMB_P', 'EMB_P', 'EMB_P', 'EMB_P', 'EMB_P', 'EMB_P', 'EMB_P', 'EMB_P', 'EMB_P', 'EMB_P', 'EMB_P', 'EMB_P', 'EMB_P', 'EMB_P', 'EMB_P', 'EMB_P', 'EMB_P', 'EMB_P', 'EMB_P', 'EMB_P', 'EMB_P', 'EMB_P', 'EMB_P', 'EMB_P', 'EMB_P', 'EMB_P', 'EMB_P', 'EMB_P', 'EMB_P', 'EMB_P', 'EMB_P', 'EMB_P', 'EMB_P', 'EMB_P', 'EMB_P', 'EMB_P', 'EMB_P', 'EMB_P', 'EMB_P', 'EMB_P', 'EMB_P', 'EMB_P', 'EMB_P', 'EMB_P', 'EMB_P', 'EMB_P', 'EMB_P', 'EMB_P', 'EMB_P', 'EMB_P', 'EMB_P', 'EMB_P', 'EMB_P', 'EMB_P', 'EMB_P', 'EMB_P', 'EMB_P', 'EMB_P', 'EMB_P', 'EMB_P', 'EMB_P', 'EMB_P', 'EMB_P', 'EMB_P', 'EMB_P', 'EMB_P', 'EMB_P', 'EMB_P', 'EMB_P', 'EMB_P', 'EMB_P', 'EMB_P', 'EMB_P', 'EMB_P', 'EMB_P', 'EMB_P', 'EMB_P', 'EMB_P', 'EMB_P', 'EMB_P', 'EMB_P', 'EMB_P', 'EMB_P', 'EMB_P', 'EMB_P', 'EMB_P', 'EMB_P', 'EMB_P', 'EMB_P', 'EMB_P', 'EMB_P', 'EMB_P', 'EMB_P', 'EMB_P', 'EMB_P']"
200,метрдотель,зустрів,27925:3_1129,Обслуговування хороше нас зустрів метрдотель і провів до столика який відмінно нам подашел.,6.17,5.67,"['EMB_O', 'EMB_O', 'EMB_O', 'EMB_O', 'EMB_O', 'EMB_O', 'EMB_O', 'EMB_O', 'EMB_O', 'EMB_O', 'EMB_O', 'EMB_O', 'EMB_O', 'ASP_B', 'ASP_I', 'ASP_E', 'EMB_O', 'EMB_O', 'EMB_O', 'EMB_O', 'EMB_O', 'EMB_O', 'EMB_O', 'EMB_O', 'EMB_O', 'EMB_O', 'EMB_O', 'EMB_O', 'EMB_O', 'EMB_O', 'EMB_O', 'EMB_P', 'EMB_P', 'EMB_P', 'EMB_P', 'EMB_P', 'EMB_P', 'EMB_P', 'EMB_P', 'EMB_P', 'EMB_P', 'EMB_P', 'EMB_P', 'EMB_P', 'EMB_P', 'EMB_P', 'EMB_P', 'EMB_P', 'EMB_P', 'EMB_P', 'EMB_P', 'EMB_P', 'EMB_P', 'EMB_P', 'EMB_P', 'EMB_P', 'EMB_P', 'EMB_P', 'EMB_P', 'EMB_P', 'EMB_P', 'EMB_P', 'EMB_P', 'EMB_P', 'EMB_P', 'EMB_P', 'EMB_P', 'EMB_P', 'EMB_P', 'EMB_P', 'EMB_P', 'EMB_P', 'EMB_P', 'EMB_P', 'EMB_P', 'EMB_P', 'EMB_P', 'EMB_P', 'EMB_P', 'EMB_P', 'EMB_P', 'EMB_P', 'EMB_P', 'EMB_P', 'EMB_P', 'EMB_P', 'EMB_P', 'EMB_P', 'EMB_P', 'EMB_P', 'EMB_P', 'EMB_P', 'EMB_P', 'EMB_P', 'EMB_P', 'EMB_P', 'EMB_P', 'EMB_P', 'EMB_P', 'EMB_P', 'EMB_P', 'EMB_P', 'EMB_P', 'EMB_P', 'EMB_P', 'EMB_P', 'EMB_P', 'EMB_P', 'EMB_P', 'EMB_P', 'EMB_P', 'EMB_P', 'EMB_P', 'EMB_P', 'EMB_P', 'EMB_P', 'EMB_P', 'EMB_P', 'EMB_P', 'EMB_P', 'EMB_P', 'EMB_P', 'EMB_P', 'EMB_P', 'EMB_P', 'EMB_P', 'EMB_P', 'EMB_P']","['EMB_O', 'EMB_O', 'EMB_O', 'EMB_O', 'EMB_O', 'EMB_O', 'EMB_O', 'EMB_O', 'EMB_O', 'OPN_B', 'OPN_I', 'OPN_I', 'OPN_E', 'EMB_O', 'EMB_O', 'EMB_O', 'EMB_O', 'EMB_O', 'EMB_O', 'EMB_O', 'EMB_O', 'EMB_O', 'EMB_O', 'EMB_O', 'EMB_O', 'EMB_O', 'EMB_O', 'EMB_O', 'EMB_O', 'EMB_O', 'EMB_O', 'EMB_P', 'EMB_P', 'EMB_P', 'EMB_P', 'EMB_P', 'EMB_P', 'EMB_P', 'EMB_P', 'EMB_P', 'EMB_P', 'EMB_P', 'EMB_P', 'EMB_P', 'EMB_P', 'EMB_P', 'EMB_P', 'EMB_P', 'EMB_P', 'EMB_P', 'EMB_P', 'EMB_P', 'EMB_P', 'EMB_P', 'EMB_P', 'EMB_P', 'EMB_P', 'EMB_P', 'EMB_P', 'EMB_P', 'EMB_P', 'EMB_P', 'EMB_P', 'EMB_P', 'EMB_P', 'EMB_P', 'EMB_P', 'EMB_P', 'EMB_P', 'EMB_P', 'EMB_P', 'EMB_P', 'EMB_P', 'EMB_P', 'EMB_P', 'EMB_P', 'EMB_P', 'EMB_P', 'EMB_P', 'EMB_P', 'EMB_P', 'EMB_P', 'EMB_P', 'EMB_P', 'EMB_P', 'EMB_P', 'EMB_P', 'EMB_P', 'EMB_P', 'EMB_P', 'EMB_P', 'EMB_P', 'EMB_P', 'EMB_P', 'EMB_P', 'EMB_P', 'EMB_P', 'EMB_P', 'EMB_P', 'EMB_P', 'EMB_P', 'EMB_P', 'EMB_P', 'EMB_P', 'EMB_P', 'EMB_P', 'EMB_P', 'EMB_P', 'EMB_P', 'EMB_P', 'EMB_P', 'EMB_P', 'EMB_P', 'EMB_P', 'EMB_P', 'EMB_P', 'EMB_P', 'EMB_P', 'EMB_P', 'EMB_P', 'EMB_P', 'EMB_P', 'EMB_P', 'EMB_P', 'EMB_P', 'EMB_P', 'EMB_P', 'EMB_P']"
201,куточку,затишному,27925:4_1130,"Він був у затишному куточку в кінці головного залу, приглушене світло це основна частина цього ресторану там немає денного освітлення це було великим плюсом для нашого дня народження!",7.0,6.5,"['EMB_O', 'EMB_O', 'EMB_O', 'EMB_O', 'EMB_O', 'EMB_O', 'EMB_O', 'EMB_O', 'ASP_B', 'ASP_I', 'ASP_E', 'EMB_O', 'EMB_O', 'EMB_O', 'EMB_O', 'EMB_O', 'EMB_O', 'EMB_O', 'EMB_O', 'EMB_O', 'EMB_O', 'EMB_O', 'EMB_O', 'EMB_O', 'EMB_O', 'EMB_O', 'EMB_O', 'EMB_O', 'EMB_O', 'EMB_O', 'EMB_O', 'EMB_O', 'EMB_O', 'EMB_O', 'EMB_O', 'EMB_O', 'EMB_O', 'EMB_O', 'EMB_O', 'EMB_O', 'EMB_O', 'EMB_O', 'EMB_O', 'EMB_O', 'EMB_O', 'EMB_O', 'EMB_O', 'EMB_O', 'EMB_O', 'EMB_O', 'EMB_O', 'EMB_P', 'EMB_P', 'EMB_P', 'EMB_P', 'EMB_P', 'EMB_P', 'EMB_P', 'EMB_P', 'EMB_P', 'EMB_P', 'EMB_P', 'EMB_P', 'EMB_P', 'EMB_P', 'EMB_P', 'EMB_P', 'EMB_P', 'EMB_P', 'EMB_P', 'EMB_P', 'EMB_P', 'EMB_P', 'EMB_P', 'EMB_P', 'EMB_P', 'EMB_P', 'EMB_P', 'EMB_P', 'EMB_P', 'EMB_P', 'EMB_P', 'EMB_P', 'EMB_P', 'EMB_P', 'EMB_P', 'EMB_P', 'EMB_P', 'EMB_P', 'EMB_P', 'EMB_P', 'EMB_P', 'EMB_P', 'EMB_P', 'EMB_P', 'EMB_P', 'EMB_P', 'EMB_P', 'EMB_P', 'EMB_P', 'EMB_P', 'EMB_P', 'EMB_P', 'EMB_P', 'EMB_P', 'EMB_P', 'EMB_P', 'EMB_P', 'EMB_P', 'EMB_P', 'EMB_P', 'EMB_P', 'EMB_P', 'EMB_P', 'EMB_P', 'EMB_P', 'EMB_P', 'EMB_P', 'EMB_P', 'EMB_P', 'EMB_P', 'EMB_P', 'EMB_P', 'EMB_P', 'EMB_P', 'EMB_P', 'EMB_P', 'EMB_P']","['EMB_O', 'EMB_O', 'EMB_O', 'EMB_O', 'OPN_B', 'OPN_I', 'OPN_I', 'OPN_E', 'EMB_O', 'EMB_O', 'EMB_O', 'EMB_O', 'EMB_O', 'EMB_O', 'EMB_O', 'EMB_O', 'EMB_O', 'EMB_O', 'EMB_O', 'EMB_O', 'EMB_O', 'EMB_O', 'EMB_O', 'EMB_O', 'EMB_O', 'EMB_O', 'EMB_O', 'EMB_O', 'EMB_O', 'EMB_O', 'EMB_O', 'EMB_O', 'EMB_O', 'EMB_O', 'EMB_O', 'EMB_O', 'EMB_O', 'EMB_O', 'EMB_O', 'EMB_O', 'EMB_O', 'EMB_O', 'EMB_O', 'EMB_O', 'EMB_O', 'EMB_O', 'EMB_O', 'EMB_O', 'EMB_O', 'EMB_O', 'EMB_O', 'EMB_P', 'EMB_P', 'EMB_P', 'EMB_P', 'EMB_P', 'EMB_P', 'EMB_P', 'EMB_P', 'EMB_P', 'EMB_P', 'EMB_P', 'EMB_P', 'EMB_P', 'EMB_P', 'EMB_P', 'EMB_P', 'EMB_P', 'EMB_P', 'EMB_P', 'EMB_P', 'EMB_P', 'EMB_P', 'EMB_P', 'EMB_P', 'EMB_P', 'EMB_P', 'EMB_P', 'EMB_P', 'EMB_P', 'EMB_P', 'EMB_P', 'EMB_P', 'EMB_P', 'EMB_P', 'EMB_P', 'EMB_P', 'EMB_P', 'EMB_P', 'EMB_P', 'EMB_P', 'EMB_P', 'EMB_P', 'EMB_P', 'EMB_P', 'EMB_P', 'EMB_P', 'EMB_P', 'EMB_P', 'EMB_P', 'EMB_P', 'EMB_P', 'EMB_P', 'EMB_P', 'EMB_P', 'EMB_P', 'EMB_P', 'EMB_P', 'EMB_P', 'EMB_P', 'EMB_P', 'EMB_P', 'EMB_P', 'EMB_P', 'EMB_P', 'EMB_P', 'EMB_P', 'EMB_P', 'EMB_P', 'EMB_P', 'EMB_P', 'EMB_P', 'EMB_P', 'EMB_P', 'EMB_P', 'EMB_P', 'EMB_P', 'EMB_P']"
202,залу,затишному,27925:4_1130,"Він був у затишному куточку в кінці головного залу, приглушене світло це основна частина цього ресторану там немає денного освітлення це було великим плюсом для нашого дня народження!",7.0,6.62,"['EMB_O', 'EMB_O', 'EMB_O', 'EMB_O', 'EMB_O', 'EMB_O', 'EMB_O', 'EMB_O', 'EMB_O', 'EMB_O', 'EMB_O', 'EMB_O', 'EMB_O', 'EMB_O', 'ASP_B', 'ASP_E', 'EMB_O', 'EMB_O', 'EMB_O', 'EMB_O', 'EMB_O', 'EMB_O', 'EMB_O', 'EMB_O', 'EMB_O', 'EMB_O', 'EMB_O', 'EMB_O', 'EMB_O', 'EMB_O', 'EMB_O', 'EMB_O', 'EMB_O', 'EMB_O', 'EMB_O', 'EMB_O', 'EMB_O', 'EMB_O', 'EMB_O', 'EMB_O', 'EMB_O', 'EMB_O', 'EMB_O', 'EMB_O', 'EMB_O', 'EMB_O', 'EMB_O', 'EMB_O', 'EMB_O', 'EMB_O', 'EMB_O', 'EMB_P', 'EMB_P', 'EMB_P', 'EMB_P', 'EMB_P', 'EMB_P', 'EMB_P', 'EMB_P', 'EMB_P', 'EMB_P', 'EMB_P', 'EMB_P', 'EMB_P', 'EMB_P', 'EMB_P', 'EMB_P', 'EMB_P', 'EMB_P', 'EMB_P', 'EMB_P', 'EMB_P', 'EMB_P', 'EMB_P', 'EMB_P', 'EMB_P', 'EMB_P', 'EMB_P', 'EMB_P', 'EMB_P', 'EMB_P', 'EMB_P', 'EMB_P', 'EMB_P', 'EMB_P', 'EMB_P', 'EMB_P', 'EMB_P', 'EMB_P', 'EMB_P', 'EMB_P', 'EMB_P', 'EMB_P', 'EMB_P', 'EMB_P', 'EMB_P', 'EMB_P', 'EMB_P', 'EMB_P', 'EMB_P', 'EMB_P', 'EMB_P', 'EMB_P', 'EMB_P', 'EMB_P', 'EMB_P', 'EMB_P', 'EMB_P', 'EMB_P', 'EMB_P', 'EMB_P', 'EMB_P', 'EMB_P', 'EMB_P', 'EMB_P', 'EMB_P', 'EMB_P', 'EMB_P', 'EMB_P', 'EMB_P', 'EMB_P', 'EMB_P', 'EMB_P', 'EMB_P', 'EMB_P', 'EMB_P', 'EMB_P', 'EMB_P']","['EMB_O', 'EMB_O', 'EMB_O', 'EMB_O', 'OPN_B', 'OPN_I', 'OPN_I', 'OPN_E', 'EMB_O', 'EMB_O', 'EMB_O', 'EMB_O', 'EMB_O', 'EMB_O', 'EMB_O', 'EMB_O', 'EMB_O', 'EMB_O', 'EMB_O', 'EMB_O', 'EMB_O', 'EMB_O', 'EMB_O', 'EMB_O', 'EMB_O', 'EMB_O', 'EMB_O', 'EMB_O', 'EMB_O', 'EMB_O', 'EMB_O', 'EMB_O', 'EMB_O', 'EMB_O', 'EMB_O', 'EMB_O', 'EMB_O', 'EMB_O', 'EMB_O', 'EMB_O', 'EMB_O', 'EMB_O', 'EMB_O', 'EMB_O', 'EMB_O', 'EMB_O', 'EMB_O', 'EMB_O', 'EMB_O', 'EMB_O', 'EMB_O', 'EMB_P', 'EMB_P', 'EMB_P', 'EMB_P', 'EMB_P', 'EMB_P', 'EMB_P', 'EMB_P', 'EMB_P', 'EMB_P', 'EMB_P', 'EMB_P', 'EMB_P', 'EMB_P', 'EMB_P', 'EMB_P', 'EMB_P', 'EMB_P', 'EMB_P', 'EMB_P', 'EMB_P', 'EMB_P', 'EMB_P', 'EMB_P', 'EMB_P', 'EMB_P', 'EMB_P', 'EMB_P', 'EMB_P', 'EMB_P', 'EMB_P', 'EMB_P', 'EMB_P', 'EMB_P', 'EMB_P', 'EMB_P', 'EMB_P', 'EMB_P', 'EMB_P', 'EMB_P', 'EMB_P', 'EMB_P', 'EMB_P', 'EMB_P', 'EMB_P', 'EMB_P', 'EMB_P', 'EMB_P', 'EMB_P', 'EMB_P', 'EMB_P', 'EMB_P', 'EMB_P', 'EMB_P', 'EMB_P', 'EMB_P', 'EMB_P', 'EMB_P', 'EMB_P', 'EMB_P', 'EMB_P', 'EMB_P', 'EMB_P', 'EMB_P', 'EMB_P', 'EMB_P', 'EMB_P', 'EMB_P', 'EMB_P', 'EMB_P', 'EMB_P', 'EMB_P', 'EMB_P', 'EMB_P', 'EMB_P', 'EMB_P', 'EMB_P']"
203,приглушене світло,великим плюсом,27925:4_1130,"Він був у затишному куточку в кінці головного залу, приглушене світло це основна частина цього ресторану там немає денного освітлення це було великим плюсом для нашого дня народження!",7.75,7.5,"['EMB_O', 'EMB_O', 'EMB_O', 'EMB_O', 'EMB_O', 'EMB_O', 'EMB_O', 'EMB_O', 'EMB_O', 'EMB_O', 'EMB_O', 'EMB_O', 'EMB_O', 'EMB_O', 'EMB_O', 'EMB_O', 'EMB_O', 'ASP_B', 'ASP_I', 'ASP_I', 'ASP_I', 'ASP_I', 'ASP_E', 'EMB_O', 'EMB_O', 'EMB_O', 'EMB_O', 'EMB_O', 'EMB_O', 'EMB_O', 'EMB_O', 'EMB_O', 'EMB_O', 'EMB_O', 'EMB_O', 'EMB_O', 'EMB_O', 'EMB_O', 'EMB_O', 'EMB_O', 'EMB_O', 'EMB_O', 'EMB_O', 'EMB_O', 'EMB_O', 'EMB_O', 'EMB_O', 'EMB_O', 'EMB_O', 'EMB_O', 'EMB_O', 'EMB_P', 'EMB_P', 'EMB_P', 'EMB_P', 'EMB_P', 'EMB_P', 'EMB_P', 'EMB_P', 'EMB_P', 'EMB_P', 'EMB_P', 'EMB_P', 'EMB_P', 'EMB_P', 'EMB_P', 'EMB_P', 'EMB_P', 'EMB_P', 'EMB_P', 'EMB_P', 'EMB_P', 'EMB_P', 'EMB_P', 'EMB_P', 'EMB_P', 'EMB_P', 'EMB_P', 'EMB_P', 'EMB_P', 'EMB_P', 'EMB_P', 'EMB_P', 'EMB_P', 'EMB_P', 'EMB_P', 'EMB_P', 'EMB_P', 'EMB_P', 'EMB_P', 'EMB_P', 'EMB_P', 'EMB_P', 'EMB_P', 'EMB_P', 'EMB_P', 'EMB_P', 'EMB_P', 'EMB_P', 'EMB_P', 'EMB_P', 'EMB_P', 'EMB_P', 'EMB_P', 'EMB_P', 'EMB_P', 'EMB_P', 'EMB_P', 'EMB_P', 'EMB_P', 'EMB_P', 'EMB_P', 'EMB_P', 'EMB_P', 'EMB_P', 'EMB_P', 'EMB_P', 'EMB_P', 'EMB_P', 'EMB_P', 'EMB_P', 'EMB_P', 'EMB_P', 'EMB_P', 'EMB_P', 'EMB_P', 'EMB_P', 'EMB_P']","['EMB_O', 'EMB_O', 'EMB_O', 'EMB_O', 'EMB_O', 'EMB_O', 'EMB_O', 'EMB_O', 'EMB_O', 'EMB_O', 'EMB_O', 'EMB_O', 'EMB_O', 'EMB_O', 'EMB_O', 'EMB_O', 'EMB_O', 'EMB_O', 'EMB_O', 'EMB_O', 'EMB_O', 'EMB_O', 'EMB_O', 'EMB_O', 'EMB_O', 'EMB_O', 'EMB_O', 'EMB_O', 'EMB_O', 'EMB_O', 'EMB_O', 'EMB_O', 'EMB_O', 'EMB_O', 'EMB_O', 'EMB_O', 'EMB_O', 'EMB_O', 'EMB_O', 'EMB_O', 'OPN_B', 'OPN_I', 'OPN_I', 'OPN_E', 'EMB_O', 'EMB_O', 'EMB_O', 'EMB_O', 'EMB_O', 'EMB_O', 'EMB_O', 'EMB_P', 'EMB_P', 'EMB_P', 'EMB_P', 'EMB_P', 'EMB_P', 'EMB_P', 'EMB_P', 'EMB_P', 'EMB_P', 'EMB_P', 'EMB_P', 'EMB_P', 'EMB_P', 'EMB_P', 'EMB_P', 'EMB_P', 'EMB_P', 'EMB_P', 'EMB_P', 'EMB_P', 'EMB_P', 'EMB_P', 'EMB_P', 'EMB_P', 'EMB_P', 'EMB_P', 'EMB_P', 'EMB_P', 'EMB_P', 'EMB_P', 'EMB_P', 'EMB_P', 'EMB_P', 'EMB_P', 'EMB_P', 'EMB_P', 'EMB_P', 'EMB_P', 'EMB_P', 'EMB_P', 'EMB_P', 'EMB_P', 'EMB_P', 'EMB_P', 'EMB_P', 'EMB_P', 'EMB_P', 'EMB_P', 'EMB_P', 'EMB_P', 'EMB_P', 'EMB_P', 'EMB_P', 'EMB_P', 'EMB_P', 'EMB_P', 'EMB_P', 'EMB_P', 'EMB_P', 'EMB_P', 'EMB_P', 'EMB_P', 'EMB_P', 'EMB_P', 'EMB_P', 'EMB_P', 'EMB_P', 'EMB_P', 'EMB_P', 'EMB_P', 'EMB_P', 'EMB_P', 'EMB_P', 'EMB_P', 'EMB_P', 'EMB_P']"
204,страв,приємних,27925:6_1131,"На наш не великий банкетик ми замовили пару приємних страв, я замовила собі равлики дуже смачно було і зовсім недорого приблизно 300 рублів по-моєму, мій хлопець замовив страви з м'яса на мангалі, яких у них повно, йому не догодиш зазвичай, а тут сподобалося його друзі теж замовили по порції різного м'яса на мангалі теж дуже сподобалися!",6.8,6.4,"['EMB_O', 'EMB_O', 'EMB_O', 'EMB_O', 'EMB_O', 'EMB_O', 'EMB_O', 'EMB_O', 'EMB_O', 'EMB_O', 'EMB_O', 'EMB_O', 'EMB_O', 'EMB_O', 'EMB_O', 'EMB_O', 'EMB_O', 'ASP_B', 'ASP_E', 'EMB_O', 'EMB_O', 'EMB_O', 'EMB_O', 'EMB_O', 'EMB_O', 'EMB_O', 'EMB_O', 'EMB_O', 'EMB_O', 'EMB_O', 'EMB_O', 'EMB_O', 'EMB_O', 'EMB_O', 'EMB_O', 'EMB_O', 'EMB_O', 'EMB_O', 'EMB_O', 'EMB_O', 'EMB_O', 'EMB_O', 'EMB_O', 'EMB_O', 'EMB_O', 'EMB_O', 'EMB_O', 'EMB_O', 'EMB_O', 'EMB_O', 'EMB_O', 'EMB_O', 'EMB_O', 'EMB_O', 'EMB_O', 'EMB_O', 'EMB_O', 'EMB_O', 'EMB_O', 'EMB_O', 'EMB_O', 'EMB_O', 'EMB_O', 'EMB_O', 'EMB_O', 'EMB_O', 'EMB_O', 'EMB_O', 'EMB_O', 'EMB_O', 'EMB_O', 'EMB_O', 'EMB_O', 'EMB_O', 'EMB_O', 'EMB_O', 'EMB_O', 'EMB_O', 'EMB_O', 'EMB_O', 'EMB_O', 'EMB_O', 'EMB_O', 'EMB_O', 'EMB_O', 'EMB_O', 'EMB_O', 'EMB_O', 'EMB_O', 'EMB_O', 'EMB_O', 'EMB_O', 'EMB_O', 'EMB_O', 'EMB_O', 'EMB_O', 'EMB_O', 'EMB_O', 'EMB_O', 'EMB_O', 'EMB_O', 'EMB_O', 'EMB_O', 'EMB_O', 'EMB_O', 'EMB_O', 'EMB_O', 'EMB_O', 'EMB_O', 'EMB_O', 'EMB_O', 'EMB_O', 'EMB_O', 'EMB_O', 'EMB_O', 'EMB_O', 'EMB_O', 'EMB_O', 'EMB_O', 'EMB_O', 'EMB_O', 'EMB_O', 'EMB_O', 'EMB_P', 'EMB_P', 'EMB_P', 'EMB_P', 'EMB_P']","['EMB_O', 'EMB_O', 'EMB_O', 'EMB_O', 'EMB_O', 'EMB_O', 'EMB_O', 'EMB_O', 'EMB_O', 'EMB_O', 'EMB_O', 'EMB_O', 'EMB_O', 'EMB_O', 'OPN_B', 'OPN_I', 'OPN_E', 'EMB_O', 'EMB_O', 'EMB_O', 'EMB_O', 'EMB_O', 'EMB_O', 'EMB_O', 'EMB_O', 'EMB_O', 'EMB_O', 'EMB_O', 'EMB_O', 'EMB_O', 'EMB_O', 'EMB_O', 'EMB_O', 'EMB_O', 'EMB_O', 'EMB_O', 'EMB_O', 'EMB_O', 'EMB_O', 'EMB_O', 'EMB_O', 'EMB_O', 'EMB_O', 'EMB_O', 'EMB_O', 'EMB_O', 'EMB_O', 'EMB_O', 'EMB_O', 'EMB_O', 'EMB_O', 'EMB_O', 'EMB_O', 'EMB_O', 'EMB_O', 'EMB_O', 'EMB_O', 'EMB_O', 'EMB_O', 'EMB_O', 'EMB_O', 'EMB_O', 'EMB_O', 'EMB_O', 'EMB_O', 'EMB_O', 'EMB_O', 'EMB_O', 'EMB_O', 'EMB_O', 'EMB_O', 'EMB_O', 'EMB_O', 'EMB_O', 'EMB_O', 'EMB_O', 'EMB_O', 'EMB_O', 'EMB_O', 'EMB_O', 'EMB_O', 'EMB_O', 'EMB_O', 'EMB_O', 'EMB_O', 'EMB_O', 'EMB_O', 'EMB_O', 'EMB_O', 'EMB_O', 'EMB_O', 'EMB_O', 'EMB_O', 'EMB_O', 'EMB_O', 'EMB_O', 'EMB_O', 'EMB_O', 'EMB_O', 'EMB_O', 'EMB_O', 'EMB_O', 'EMB_O', 'EMB_O', 'EMB_O', 'EMB_O', 'EMB_O', 'EMB_O', 'EMB_O', 'EMB_O', 'EMB_O', 'EMB_O', 'EMB_O', 'EMB_O', 'EMB_O', 'EMB_O', 'EMB_O', 'EMB_O', 'EMB_O', 'EMB_O', 'EMB_O', 'EMB_O', 'EMB_O', 'EMB_P', 'EMB_P', 'EMB_P', 'EMB_P', 'EMB_P']"
205,равлики,дуже смачно,27925:6_1131,"На наш не великий банкетик ми замовили пару приємних страв, я замовила собі равлики дуже смачно було і зовсім недорого приблизно 300 рублів по-моєму, мій хлопець замовив страви з м'яса на мангалі, яких у них повно, йому не догодиш зазвичай, а тут сподобалося його друзі теж замовили по порції різного м'яса на мангалі теж дуже сподобалися!",7.8,7.0,"['EMB_O', 'EMB_O', 'EMB_O', 'EMB_O', 'EMB_O', 'EMB_O', 'EMB_O', 'EMB_O', 'EMB_O', 'EMB_O', 'EMB_O', 'EMB_O', 'EMB_O', 'EMB_O', 'EMB_O', 'EMB_O', 'EMB_O', 'EMB_O', 'EMB_O', 'EMB_O', 'EMB_O', 'EMB_O', 'EMB_O', 'EMB_O', 'EMB_O', 'ASP_B', 'ASP_I', 'ASP_E', 'EMB_O', 'EMB_O', 'EMB_O', 'EMB_O', 'EMB_O', 'EMB_O', 'EMB_O', 'EMB_O', 'EMB_O', 'EMB_O', 'EMB_O', 'EMB_O', 'EMB_O', 'EMB_O', 'EMB_O', 'EMB_O', 'EMB_O', 'EMB_O', 'EMB_O', 'EMB_O', 'EMB_O', 'EMB_O', 'EMB_O', 'EMB_O', 'EMB_O', 'EMB_O', 'EMB_O', 'EMB_O', 'EMB_O', 'EMB_O', 'EMB_O', 'EMB_O', 'EMB_O', 'EMB_O', 'EMB_O', 'EMB_O', 'EMB_O', 'EMB_O', 'EMB_O', 'EMB_O', 'EMB_O', 'EMB_O', 'EMB_O', 'EMB_O', 'EMB_O', 'EMB_O', 'EMB_O', 'EMB_O', 'EMB_O', 'EMB_O', 'EMB_O', 'EMB_O', 'EMB_O', 'EMB_O', 'EMB_O', 'EMB_O', 'EMB_O', 'EMB_O', 'EMB_O', 'EMB_O', 'EMB_O', 'EMB_O', 'EMB_O', 'EMB_O', 'EMB_O', 'EMB_O', 'EMB_O', 'EMB_O', 'EMB_O', 'EMB_O', 'EMB_O', 'EMB_O', 'EMB_O', 'EMB_O', 'EMB_O', 'EMB_O', 'EMB_O', 'EMB_O', 'EMB_O', 'EMB_O', 'EMB_O', 'EMB_O', 'EMB_O', 'EMB_O', 'EMB_O', 'EMB_O', 'EMB_O', 'EMB_O', 'EMB_O', 'EMB_O', 'EMB_O', 'EMB_O', 'EMB_O', 'EMB_O', 'EMB_O', 'EMB_P', 'EMB_P', 'EMB_P', 'EMB_P', 'EMB_P']","['EMB_O', 'EMB_O', 'EMB_O', 'EMB_O', 'EMB_O', 'EMB_O', 'EMB_O', 'EMB_O', 'EMB_O', 'EMB_O', 'EMB_O', 'EMB_O', 'EMB_O', 'EMB_O', 'EMB_O', 'EMB_O', 'EMB_O', 'EMB_O', 'EMB_O', 'EMB_O', 'EMB_O', 'EMB_O', 'EMB_O', 'EMB_O', 'EMB_O', 'EMB_O', 'EMB_O', 'EMB_O', 'OPN_B', 'OPN_I', 'OPN_I', 'OPN_E', 'EMB_O', 'EMB_O', 'EMB_O', 'EMB_O', 'EMB_O', 'EMB_O', 'EMB_O', 'EMB_O', 'EMB_O', 'EMB_O', 'EMB_O', 'EMB_O', 'EMB_O', 'EMB_O', 'EMB_O', 'EMB_O', 'EMB_O', 'EMB_O', 'EMB_O', 'EMB_O', 'EMB_O', 'EMB_O', 'EMB_O', 'EMB_O', 'EMB_O', 'EMB_O', 'EMB_O', 'EMB_O', 'EMB_O', 'EMB_O', 'EMB_O', 'EMB_O', 'EMB_O', 'EMB_O', 'EMB_O', 'EMB_O', 'EMB_O', 'EMB_O', 'EMB_O', 'EMB_O', 'EMB_O', 'EMB_O', 'EMB_O', 'EMB_O', 'EMB_O', 'EMB_O', 'EMB_O', 'EMB_O', 'EMB_O', 'EMB_O', 'EMB_O', 'EMB_O', 'EMB_O', 'EMB_O', 'EMB_O', 'EMB_O', 'EMB_O', 'EMB_O', 'EMB_O', 'EMB_O', 'EMB_O', 'EMB_O', 'EMB_O', 'EMB_O', 'EMB_O', 'EMB_O', 'EMB_O', 'EMB_O', 'EMB_O', 'EMB_O', 'EMB_O', 'EMB_O', 'EMB_O', 'EMB_O', 'EMB_O', 'EMB_O', 'EMB_O', 'EMB_O', 'EMB_O', 'EMB_O', 'EMB_O', 'EMB_O', 'EMB_O', 'EMB_O', 'EMB_O', 'EMB_O', 'EMB_O', 'EMB_O', 'EMB_O', 'EMB_O', 'EMB_O', 'EMB_P', 'EMB_P', 'EMB_P', 'EMB_P', 'EMB_P']"
206,страви з м'яса на мангалі,сподобалося,27925:6_1131,"На наш не великий банкетик ми замовили пару приємних страв, я замовила собі равлики дуже смачно було і зовсім недорого приблизно 300 рублів по-моєму, мій хлопець замовив страви з м'яса на мангалі, яких у них повно, йому не догодиш зазвичай, а тут сподобалося його друзі теж замовили по порції різного м'яса на мангалі теж дуже сподобалися!",7.25,6.88,"['EMB_O', 'EMB_O', 'EMB_O', 'EMB_O', 'EMB_O', 'EMB_O', 'EMB_O', 'EMB_O', 'EMB_O', 'EMB_O', 'EMB_O', 'EMB_O', 'EMB_O', 'EMB_O', 'EMB_O', 'EMB_O', 'EMB_O', 'EMB_O', 'EMB_O', 'EMB_O', 'EMB_O', 'EMB_O', 'EMB_O', 'EMB_O', 'EMB_O', 'EMB_O', 'EMB_O', 'EMB_O', 'EMB_O', 'EMB_O', 'EMB_O', 'EMB_O', 'EMB_O', 'EMB_O', 'EMB_O', 'EMB_O', 'EMB_O', 'EMB_O', 'EMB_O', 'EMB_O', 'EMB_O', 'EMB_O', 'EMB_O', 'EMB_O', 'EMB_O', 'EMB_O', 'EMB_O', 'EMB_O', 'EMB_O', 'EMB_O', 'EMB_O', 'EMB_O', 'EMB_O', 'EMB_O', 'EMB_O', 'EMB_O', 'EMB_O', 'EMB_O', 'EMB_O', 'EMB_O', 'EMB_O', 'ASP_B', 'ASP_I', 'ASP_I', 'ASP_I', 'ASP_I', 'ASP_I', 'ASP_I', 'ASP_I', 'ASP_I', 'ASP_I', 'ASP_E', 'EMB_O', 'EMB_O', 'EMB_O', 'EMB_O', 'EMB_O', 'EMB_O', 'EMB_O', 'EMB_O', 'EMB_O', 'EMB_O', 'EMB_O', 'EMB_O', 'EMB_O', 'EMB_O', 'EMB_O', 'EMB_O', 'EMB_O', 'EMB_O', 'EMB_O', 'EMB_O', 'EMB_O', 'EMB_O', 'EMB_O', 'EMB_O', 'EMB_O', 'EMB_O', 'EMB_O', 'EMB_O', 'EMB_O', 'EMB_O', 'EMB_O', 'EMB_O', 'EMB_O', 'EMB_O', 'EMB_O', 'EMB_O', 'EMB_O', 'EMB_O', 'EMB_O', 'EMB_O', 'EMB_O', 'EMB_O', 'EMB_O', 'EMB_O', 'EMB_O', 'EMB_O', 'EMB_O', 'EMB_O', 'EMB_O', 'EMB_O', 'EMB_O', 'EMB_P', 'EMB_P', 'EMB_P', 'EMB_P', 'EMB_P']","['EMB_O', 'EMB_O', 'EMB_O', 'EMB_O', 'EMB_O', 'EMB_O', 'EMB_O', 'EMB_O', 'EMB_O', 'EMB_O', 'EMB_O', 'EMB_O', 'EMB_O', 'EMB_O', 'EMB_O', 'EMB_O', 'EMB_O', 'EMB_O', 'EMB_O', 'EMB_O', 'EMB_O', 'EMB_O', 'EMB_O', 'EMB_O', 'EMB_O', 'EMB_O', 'EMB_O', 'EMB_O', 'EMB_O', 'EMB_O', 'EMB_O', 'EMB_O', 'EMB_O', 'EMB_O', 'EMB_O', 'EMB_O', 'EMB_O', 'EMB_O', 'EMB_O', 'EMB_O', 'EMB_O', 'EMB_O', 'EMB_O', 'EMB_O', 'EMB_O', 'EMB_O', 'EMB_O', 'EMB_O', 'EMB_O', 'EMB_O', 'EMB_O', 'EMB_O', 'EMB_O', 'EMB_O', 'EMB_O', 'EMB_O', 'EMB_O', 'EMB_O', 'EMB_O', 'EMB_O', 'EMB_O', 'EMB_O', 'EMB_O', 'EMB_O', 'EMB_O', 'EMB_O', 'EMB_O', 'EMB_O', 'EMB_O', 'EMB_O', 'EMB_O', 'EMB_O', 'EMB_O', 'EMB_O', 'EMB_O', 'EMB_O', 'EMB_O', 'EMB_O', 'EMB_O', 'EMB_O', 'EMB_O', 'EMB_O', 'EMB_O', 'EMB_O', 'EMB_O', 'EMB_O', 'EMB_O', 'EMB_O', 'OPN_B', 'OPN_I', 'OPN_I', 'OPN_I', 'OPN_E', 'EMB_O', 'EMB_O', 'EMB_O', 'EMB_O', 'EMB_O', 'EMB_O', 'EMB_O', 'EMB_O', 'EMB_O', 'EMB_O', 'EMB_O', 'EMB_O', 'EMB_O', 'EMB_O', 'EMB_O', 'EMB_O', 'EMB_O', 'EMB_O', 'EMB_O', 'EMB_O', 'EMB_O', 'EMB_O', 'EMB_O', 'EMB_O', 'EMB_O', 'EMB_O', 'EMB_O', 'EMB_O', 'EMB_O', 'EMB_O', 'EMB_P', 'EMB_P', 'EMB_P', 'EMB_P', 'EMB_P']"
207,м'яса на мангалі,дуже сподобалися,27925:6_1131,"На наш не великий банкетик ми замовили пару приємних страв, я замовила собі равлики дуже смачно було і зовсім недорого приблизно 300 рублів по-моєму, мій хлопець замовив страви з м'яса на мангалі, яких у них повно, йому не догодиш зазвичай, а тут сподобалося його друзі теж замовили по порції різного м'яса на мангалі теж дуже сподобалися!",7.8,7.2,"['EMB_O', 'EMB_O', 'EMB_O', 'EMB_O', 'EMB_O', 'EMB_O', 'EMB_O', 'EMB_O', 'EMB_O', 'EMB_O', 'EMB_O', 'EMB_O', 'EMB_O', 'EMB_O', 'EMB_O', 'EMB_O', 'EMB_O', 'EMB_O', 'EMB_O', 'EMB_O', 'EMB_O', 'EMB_O', 'EMB_O', 'EMB_O', 'EMB_O', 'EMB_O', 'EMB_O', 'EMB_O', 'EMB_O', 'EMB_O', 'EMB_O', 'EMB_O', 'EMB_O', 'EMB_O', 'EMB_O', 'EMB_O', 'EMB_O', 'EMB_O', 'EMB_O', 'EMB_O', 'EMB_O', 'EMB_O', 'EMB_O', 'EMB_O', 'EMB_O', 'EMB_O', 'EMB_O', 'EMB_O', 'EMB_O', 'EMB_O', 'EMB_O', 'EMB_O', 'EMB_O', 'EMB_O', 'EMB_O', 'EMB_O', 'EMB_O', 'EMB_O', 'EMB_O', 'EMB_O', 'EMB_O', 'EMB_O', 'EMB_O', 'EMB_O', 'ASP_B', 'ASP_I', 'ASP_I', 'ASP_I', 'ASP_I', 'ASP_I', 'ASP_I', 'ASP_E', 'EMB_O', 'EMB_O', 'EMB_O', 'EMB_O', 'EMB_O', 'EMB_O', 'EMB_O', 'EMB_O', 'EMB_O', 'EMB_O', 'EMB_O', 'EMB_O', 'EMB_O', 'EMB_O', 'EMB_O', 'EMB_O', 'EMB_O', 'EMB_O', 'EMB_O', 'EMB_O', 'EMB_O', 'EMB_O', 'EMB_O', 'EMB_O', 'EMB_O', 'EMB_O', 'EMB_O', 'EMB_O', 'EMB_O', 'EMB_O', 'EMB_O', 'EMB_O', 'EMB_O', 'EMB_O', 'EMB_O', 'EMB_O', 'EMB_O', 'EMB_O', 'EMB_O', 'EMB_O', 'EMB_O', 'EMB_O', 'EMB_O', 'EMB_O', 'EMB_O', 'EMB_O', 'EMB_O', 'EMB_O', 'EMB_O', 'EMB_O', 'EMB_O', 'EMB_P', 'EMB_P', 'EMB_P', 'EMB_P', 'EMB_P']","['EMB_O', 'EMB_O', 'EMB_O', 'EMB_O', 'EMB_O', 'EMB_O', 'EMB_O', 'EMB_O', 'EMB_O', 'EMB_O', 'EMB_O', 'EMB_O', 'EMB_O', 'EMB_O', 'EMB_O', 'EMB_O', 'EMB_O', 'EMB_O', 'EMB_O', 'EMB_O', 'EMB_O', 'EMB_O', 'EMB_O', 'EMB_O', 'EMB_O', 'EMB_O', 'EMB_O', 'EMB_O', 'EMB_O', 'EMB_O', 'EMB_O', 'EMB_O', 'EMB_O', 'EMB_O', 'EMB_O', 'EMB_O', 'EMB_O', 'EMB_O', 'EMB_O', 'EMB_O', 'EMB_O', 'EMB_O', 'EMB_O', 'EMB_O', 'EMB_O', 'EMB_O', 'EMB_O', 'EMB_O', 'EMB_O', 'EMB_O', 'EMB_O', 'EMB_O', 'EMB_O', 'EMB_O', 'EMB_O', 'EMB_O', 'EMB_O', 'EMB_O', 'EMB_O', 'EMB_O', 'EMB_O', 'EMB_O', 'EMB_O', 'EMB_O', 'EMB_O', 'EMB_O', 'EMB_O', 'EMB_O', 'EMB_O', 'EMB_O', 'EMB_O', 'EMB_O', 'EMB_O', 'EMB_O', 'EMB_O', 'EMB_O', 'EMB_O', 'EMB_O', 'EMB_O', 'EMB_O', 'EMB_O', 'EMB_O', 'EMB_O', 'EMB_O', 'EMB_O', 'EMB_O', 'EMB_O', 'EMB_O', 'EMB_O', 'EMB_O', 'EMB_O', 'EMB_O', 'EMB_O', 'EMB_O', 'EMB_O', 'EMB_O', 'EMB_O', 'EMB_O', 'EMB_O', 'EMB_O', 'EMB_O', 'EMB_O', 'EMB_O', 'EMB_O', 'EMB_O', 'EMB_O', 'EMB_O', 'EMB_O', 'EMB_O', 'EMB_O', 'EMB_O', 'EMB_O', 'EMB_O', 'EMB_O', 'EMB_O', 'OPN_B', 'OPN_I', 'OPN_I', 'OPN_I', 'OPN_I', 'OPN_E', 'EMB_O', 'EMB_O', 'EMB_P', 'EMB_P', 'EMB_P', 'EMB_P', 'EMB_P']"
208,жива музика,зраділи,27925:7_1132,"Ближче до вечора нас попередили про те, що буде жива музика, ми так зраділи цьому несподіваному сюрпризу у нас якраз підійшов час для танців, а тут супроводжує такий прекрасний голос солістки......!!!",8.0,7.83,"['EMB_O', 'EMB_O', 'EMB_O', 'EMB_O', 'EMB_O', 'EMB_O', 'EMB_O', 'EMB_O', 'EMB_O', 'EMB_O', 'EMB_O', 'EMB_O', 'EMB_O', 'EMB_O', 'EMB_O', 'EMB_O', 'EMB_O', 'EMB_O', 'ASP_B', 'ASP_I', 'ASP_E', 'EMB_O', 'EMB_O', 'EMB_O', 'EMB_O', 'EMB_O', 'EMB_O', 'EMB_O', 'EMB_O', 'EMB_O', 'EMB_O', 'EMB_O', 'EMB_O', 'EMB_O', 'EMB_O', 'EMB_O', 'EMB_O', 'EMB_O', 'EMB_O', 'EMB_O', 'EMB_O', 'EMB_O', 'EMB_O', 'EMB_O', 'EMB_O', 'EMB_O', 'EMB_O', 'EMB_O', 'EMB_O', 'EMB_O', 'EMB_O', 'EMB_O', 'EMB_O', 'EMB_O', 'EMB_O', 'EMB_O', 'EMB_O', 'EMB_O', 'EMB_O', 'EMB_O', 'EMB_O', 'EMB_O', 'EMB_O', 'EMB_O', 'EMB_O', 'EMB_O', 'EMB_O', 'EMB_O', 'EMB_O', 'EMB_O', 'EMB_O', 'EMB_O', 'EMB_O', 'EMB_O', 'EMB_O', 'EMB_O', 'EMB_P', 'EMB_P', 'EMB_P', 'EMB_P', 'EMB_P', 'EMB_P', 'EMB_P', 'EMB_P', 'EMB_P', 'EMB_P', 'EMB_P', 'EMB_P', 'EMB_P', 'EMB_P', 'EMB_P', 'EMB_P', 'EMB_P', 'EMB_P', 'EMB_P', 'EMB_P', 'EMB_P', 'EMB_P', 'EMB_P', 'EMB_P', 'EMB_P', 'EMB_P', 'EMB_P', 'EMB_P', 'EMB_P', 'EMB_P', 'EMB_P', 'EMB_P', 'EMB_P', 'EMB_P', 'EMB_P', 'EMB_P', 'EMB_P', 'EMB_P', 'EMB_P', 'EMB_P', 'EMB_P', 'EMB_P', 'EMB_P', 'EMB_P', 'EMB_P', 'EMB_P', 'EMB_P', 'EMB_P', 'EMB_P', 'EMB_P', 'EMB_P', 'EMB_P']","['EMB_O', 'EMB_O', 'EMB_O', 'EMB_O', 'EMB_O', 'EMB_O', 'EMB_O', 'EMB_O', 'EMB_O', 'EMB_O', 'EMB_O', 'EMB_O', 'EMB_O', 'EMB_O', 'EMB_O', 'EMB_O', 'EMB_O', 'EMB_O', 'EMB_O', 'EMB_O', 'EMB_O', 'EMB_O', 'EMB_O', 'EMB_O', 'OPN_B', 'OPN_I', 'OPN_E', 'EMB_O', 'EMB_O', 'EMB_O', 'EMB_O', 'EMB_O', 'EMB_O', 'EMB_O', 'EMB_O', 'EMB_O', 'EMB_O', 'EMB_O', 'EMB_O', 'EMB_O', 'EMB_O', 'EMB_O', 'EMB_O', 'EMB_O', 'EMB_O', 'EMB_O', 'EMB_O', 'EMB_O', 'EMB_O', 'EMB_O', 'EMB_O', 'EMB_O', 'EMB_O', 'EMB_O', 'EMB_O', 'EMB_O', 'EMB_O', 'EMB_O', 'EMB_O', 'EMB_O', 'EMB_O', 'EMB_O', 'EMB_O', 'EMB_O', 'EMB_O', 'EMB_O', 'EMB_O', 'EMB_O', 'EMB_O', 'EMB_O', 'EMB_O', 'EMB_O', 'EMB_O', 'EMB_O', 'EMB_O', 'EMB_O', 'EMB_P', 'EMB_P', 'EMB_P', 'EMB_P', 'EMB_P', 'EMB_P', 'EMB_P', 'EMB_P', 'EMB_P', 'EMB_P', 'EMB_P', 'EMB_P', 'EMB_P', 'EMB_P', 'EMB_P', 'EMB_P', 'EMB_P', 'EMB_P', 'EMB_P', 'EMB_P', 'EMB_P', 'EMB_P', 'EMB_P', 'EMB_P', 'EMB_P', 'EMB_P', 'EMB_P', 'EMB_P', 'EMB_P', 'EMB_P', 'EMB_P', 'EMB_P', 'EMB_P', 'EMB_P', 'EMB_P', 'EMB_P', 'EMB_P', 'EMB_P', 'EMB_P', 'EMB_P', 'EMB_P', 'EMB_P', 'EMB_P', 'EMB_P', 'EMB_P', 'EMB_P', 'EMB_P', 'EMB_P', 'EMB_P', 'EMB_P', 'EMB_P', 'EMB_P']"
209,голос солістки,прекрасний,27925:7_1132,"Ближче до вечора нас попередили про те, що буде жива музика, ми так зраділи цьому несподіваному сюрпризу у нас якраз підійшов час для танців, а тут супроводжує такий прекрасний голос солістки......!!!",7.75,7.25,"['EMB_O', 'EMB_O', 'EMB_O', 'EMB_O', 'EMB_O', 'EMB_O', 'EMB_O', 'EMB_O', 'EMB_O', 'EMB_O', 'EMB_O', 'EMB_O', 'EMB_O', 'EMB_O', 'EMB_O', 'EMB_O', 'EMB_O', 'EMB_O', 'EMB_O', 'EMB_O', 'EMB_O', 'EMB_O', 'EMB_O', 'EMB_O', 'EMB_O', 'EMB_O', 'EMB_O', 'EMB_O', 'EMB_O', 'EMB_O', 'EMB_O', 'EMB_O', 'EMB_O', 'EMB_O', 'EMB_O', 'EMB_O', 'EMB_O', 'EMB_O', 'EMB_O', 'EMB_O', 'EMB_O', 'EMB_O', 'EMB_O', 'EMB_O', 'EMB_O', 'EMB_O', 'EMB_O', 'EMB_O', 'EMB_O', 'EMB_O', 'EMB_O', 'EMB_O', 'EMB_O', 'EMB_O', 'EMB_O', 'EMB_O', 'EMB_O', 'EMB_O', 'EMB_O', 'EMB_O', 'EMB_O', 'EMB_O', 'ASP_B', 'ASP_I', 'ASP_I', 'ASP_E', 'EMB_O', 'EMB_O', 'EMB_O', 'EMB_O', 'EMB_O', 'EMB_O', 'EMB_O', 'EMB_O', 'EMB_O', 'EMB_O', 'EMB_P', 'EMB_P', 'EMB_P', 'EMB_P', 'EMB_P', 'EMB_P', 'EMB_P', 'EMB_P', 'EMB_P', 'EMB_P', 'EMB_P', 'EMB_P', 'EMB_P', 'EMB_P', 'EMB_P', 'EMB_P', 'EMB_P', 'EMB_P', 'EMB_P', 'EMB_P', 'EMB_P', 'EMB_P', 'EMB_P', 'EMB_P', 'EMB_P', 'EMB_P', 'EMB_P', 'EMB_P', 'EMB_P', 'EMB_P', 'EMB_P', 'EMB_P', 'EMB_P', 'EMB_P', 'EMB_P', 'EMB_P', 'EMB_P', 'EMB_P', 'EMB_P', 'EMB_P', 'EMB_P', 'EMB_P', 'EMB_P', 'EMB_P', 'EMB_P', 'EMB_P', 'EMB_P', 'EMB_P', 'EMB_P', 'EMB_P', 'EMB_P', 'EMB_P']","['EMB_O', 'EMB_O', 'EMB_O', 'EMB_O', 'EMB_O', 'EMB_O', 'EMB_O', 'EMB_O', 'EMB_O', 'EMB_O', 'EMB_O', 'EMB_O', 'EMB_O', 'EMB_O', 'EMB_O', 'EMB_O', 'EMB_O', 'EMB_O', 'EMB_O', 'EMB_O', 'EMB_O', 'EMB_O', 'EMB_O', 'EMB_O', 'EMB_O', 'EMB_O', 'EMB_O', 'EMB_O', 'EMB_O', 'EMB_O', 'EMB_O', 'EMB_O', 'EMB_O', 'EMB_O', 'EMB_O', 'EMB_O', 'EMB_O', 'EMB_O', 'EMB_O', 'EMB_O', 'EMB_O', 'EMB_O', 'EMB_O', 'EMB_O', 'EMB_O', 'EMB_O', 'EMB_O', 'EMB_O', 'EMB_O', 'EMB_O', 'EMB_O', 'EMB_O', 'EMB_O', 'EMB_O', 'EMB_O', 'EMB_O', 'EMB_O', 'EMB_O', 'OPN_B', 'OPN_I', 'OPN_I', 'OPN_E', 'EMB_O', 'EMB_O', 'EMB_O', 'EMB_O', 'EMB_O', 'EMB_O', 'EMB_O', 'EMB_O', 'EMB_O', 'EMB_O', 'EMB_O', 'EMB_O', 'EMB_O', 'EMB_O', 'EMB_P', 'EMB_P', 'EMB_P', 'EMB_P', 'EMB_P', 'EMB_P', 'EMB_P', 'EMB_P', 'EMB_P', 'EMB_P', 'EMB_P', 'EMB_P', 'EMB_P', 'EMB_P', 'EMB_P', 'EMB_P', 'EMB_P', 'EMB_P', 'EMB_P', 'EMB_P', 'EMB_P', 'EMB_P', 'EMB_P', 'EMB_P', 'EMB_P', 'EMB_P', 'EMB_P', 'EMB_P', 'EMB_P', 'EMB_P', 'EMB_P', 'EMB_P', 'EMB_P', 'EMB_P', 'EMB_P', 'EMB_P', 'EMB_P', 'EMB_P', 'EMB_P', 'EMB_P', 'EMB_P', 'EMB_P', 'EMB_P', 'EMB_P', 'EMB_P', 'EMB_P', 'EMB_P', 'EMB_P', 'EMB_P', 'EMB_P', 'EMB_P', 'EMB_P']"
210,ресторані,шалено задоволені,27925:8_1133,"Загалом ми залишилися шалено задоволені проведеним ввечері в цьому ресторані, так що всім радимо))",8.5,7.9,"['EMB_O', 'EMB_O', 'EMB_O', 'EMB_O', 'EMB_O', 'EMB_O', 'EMB_O', 'EMB_O', 'EMB_O', 'EMB_O', 'EMB_O', 'EMB_O', 'EMB_O', 'EMB_O', 'EMB_O', 'EMB_O', 'EMB_O', 'EMB_O', 'EMB_O', 'EMB_O', 'EMB_O', 'ASP_B', 'ASP_I', 'ASP_I', 'ASP_E', 'EMB_O', 'EMB_O', 'EMB_O', 'EMB_O', 'EMB_O', 'EMB_O', 'EMB_O', 'EMB_O', 'EMB_O', 'EMB_O', 'EMB_P', 'EMB_P', 'EMB_P', 'EMB_P', 'EMB_P', 'EMB_P', 'EMB_P', 'EMB_P', 'EMB_P', 'EMB_P', 'EMB_P', 'EMB_P', 'EMB_P', 'EMB_P', 'EMB_P', 'EMB_P', 'EMB_P', 'EMB_P', 'EMB_P', 'EMB_P', 'EMB_P', 'EMB_P', 'EMB_P', 'EMB_P', 'EMB_P', 'EMB_P', 'EMB_P', 'EMB_P', 'EMB_P', 'EMB_P', 'EMB_P', 'EMB_P', 'EMB_P', 'EMB_P', 'EMB_P', 'EMB_P', 'EMB_P', 'EMB_P', 'EMB_P', 'EMB_P', 'EMB_P', 'EMB_P', 'EMB_P', 'EMB_P', 'EMB_P', 'EMB_P', 'EMB_P', 'EMB_P', 'EMB_P', 'EMB_P', 'EMB_P', 'EMB_P', 'EMB_P', 'EMB_P', 'EMB_P', 'EMB_P', 'EMB_P', 'EMB_P', 'EMB_P', 'EMB_P', 'EMB_P', 'EMB_P', 'EMB_P', 'EMB_P', 'EMB_P', 'EMB_P', 'EMB_P', 'EMB_P', 'EMB_P', 'EMB_P', 'EMB_P', 'EMB_P', 'EMB_P', 'EMB_P', 'EMB_P', 'EMB_P', 'EMB_P', 'EMB_P', 'EMB_P', 'EMB_P', 'EMB_P', 'EMB_P', 'EMB_P', 'EMB_P', 'EMB_P', 'EMB_P', 'EMB_P', 'EMB_P', 'EMB_P', 'EMB_P', 'EMB_P', 'EMB_P', 'EMB_P']","['EMB_O', 'EMB_O', 'EMB_O', 'EMB_O', 'EMB_O', 'EMB_O', 'EMB_O', 'OPN_B', 'OPN_I', 'OPN_I', 'OPN_I', 'OPN_I', 'OPN_E', 'EMB_O', 'EMB_O', 'EMB_O', 'EMB_O', 'EMB_O', 'EMB_O', 'EMB_O', 'EMB_O', 'EMB_O', 'EMB_O', 'EMB_O', 'EMB_O', 'EMB_O', 'EMB_O', 'EMB_O', 'EMB_O', 'EMB_O', 'EMB_O', 'EMB_O', 'EMB_O', 'EMB_O', 'EMB_O', 'EMB_P', 'EMB_P', 'EMB_P', 'EMB_P', 'EMB_P', 'EMB_P', 'EMB_P', 'EMB_P', 'EMB_P', 'EMB_P', 'EMB_P', 'EMB_P', 'EMB_P', 'EMB_P', 'EMB_P', 'EMB_P', 'EMB_P', 'EMB_P', 'EMB_P', 'EMB_P', 'EMB_P', 'EMB_P', 'EMB_P', 'EMB_P', 'EMB_P', 'EMB_P', 'EMB_P', 'EMB_P', 'EMB_P', 'EMB_P', 'EMB_P', 'EMB_P', 'EMB_P', 'EMB_P', 'EMB_P', 'EMB_P', 'EMB_P', 'EMB_P', 'EMB_P', 'EMB_P', 'EMB_P', 'EMB_P', 'EMB_P', 'EMB_P', 'EMB_P', 'EMB_P', 'EMB_P', 'EMB_P', 'EMB_P', 'EMB_P', 'EMB_P', 'EMB_P', 'EMB_P', 'EMB_P', 'EMB_P', 'EMB_P', 'EMB_P', 'EMB_P', 'EMB_P', 'EMB_P', 'EMB_P', 'EMB_P', 'EMB_P', 'EMB_P', 'EMB_P', 'EMB_P', 'EMB_P', 'EMB_P', 'EMB_P', 'EMB_P', 'EMB_P', 'EMB_P', 'EMB_P', 'EMB_P', 'EMB_P', 'EMB_P', 'EMB_P', 'EMB_P', 'EMB_P', 'EMB_P', 'EMB_P', 'EMB_P', 'EMB_P', 'EMB_P', 'EMB_P', 'EMB_P', 'EMB_P', 'EMB_P', 'EMB_P', 'EMB_P', 'EMB_P', 'EMB_P', 'EMB_P']"
211,паулайнері,гарне,28083:4_1134,"Я сама в паулайнері була не вперше, і завжди тут гарне обслуговування та смачна кухня.",6.67,6.0,"['EMB_O', 'EMB_O', 'EMB_O', 'EMB_O', 'ASP_B', 'ASP_I', 'ASP_I', 'ASP_E', 'EMB_O', 'EMB_O', 'EMB_O', 'EMB_O', 'EMB_O', 'EMB_O', 'EMB_O', 'EMB_O', 'EMB_O', 'EMB_O', 'EMB_O', 'EMB_O', 'EMB_O', 'EMB_O', 'EMB_O', 'EMB_O', 'EMB_O', 'EMB_O', 'EMB_O', 'EMB_O', 'EMB_O', 'EMB_O', 'EMB_P', 'EMB_P', 'EMB_P', 'EMB_P', 'EMB_P', 'EMB_P', 'EMB_P', 'EMB_P', 'EMB_P', 'EMB_P', 'EMB_P', 'EMB_P', 'EMB_P', 'EMB_P', 'EMB_P', 'EMB_P', 'EMB_P', 'EMB_P', 'EMB_P', 'EMB_P', 'EMB_P', 'EMB_P', 'EMB_P', 'EMB_P', 'EMB_P', 'EMB_P', 'EMB_P', 'EMB_P', 'EMB_P', 'EMB_P', 'EMB_P', 'EMB_P', 'EMB_P', 'EMB_P', 'EMB_P', 'EMB_P', 'EMB_P', 'EMB_P', 'EMB_P', 'EMB_P', 'EMB_P', 'EMB_P', 'EMB_P', 'EMB_P', 'EMB_P', 'EMB_P', 'EMB_P', 'EMB_P', 'EMB_P', 'EMB_P', 'EMB_P', 'EMB_P', 'EMB_P', 'EMB_P', 'EMB_P', 'EMB_P', 'EMB_P', 'EMB_P', 'EMB_P', 'EMB_P', 'EMB_P', 'EMB_P', 'EMB_P', 'EMB_P', 'EMB_P', 'EMB_P', 'EMB_P', 'EMB_P', 'EMB_P', 'EMB_P', 'EMB_P', 'EMB_P', 'EMB_P', 'EMB_P', 'EMB_P', 'EMB_P', 'EMB_P', 'EMB_P', 'EMB_P', 'EMB_P', 'EMB_P', 'EMB_P', 'EMB_P', 'EMB_P', 'EMB_P', 'EMB_P', 'EMB_P', 'EMB_P', 'EMB_P', 'EMB_P', 'EMB_P', 'EMB_P', 'EMB_P', 'EMB_P', 'EMB_P', 'EMB_P', 'EMB_P', 'EMB_P']","['EMB_O', 'EMB_O', 'EMB_O', 'EMB_O', 'EMB_O', 'EMB_O', 'EMB_O', 'EMB_O', 'EMB_O', 'EMB_O', 'EMB_O', 'EMB_O', 'EMB_O', 'EMB_O', 'EMB_O', 'OPN_B', 'OPN_E', 'EMB_O', 'EMB_O', 'EMB_O', 'EMB_O', 'EMB_O', 'EMB_O', 'EMB_O', 'EMB_O', 'EMB_O', 'EMB_O', 'EMB_O', 'EMB_O', 'EMB_O', 'EMB_P', 'EMB_P', 'EMB_P', 'EMB_P', 'EMB_P', 'EMB_P', 'EMB_P', 'EMB_P', 'EMB_P', 'EMB_P', 'EMB_P', 'EMB_P', 'EMB_P', 'EMB_P', 'EMB_P', 'EMB_P', 'EMB_P', 'EMB_P', 'EMB_P', 'EMB_P', 'EMB_P', 'EMB_P', 'EMB_P', 'EMB_P', 'EMB_P', 'EMB_P', 'EMB_P', 'EMB_P', 'EMB_P', 'EMB_P', 'EMB_P', 'EMB_P', 'EMB_P', 'EMB_P', 'EMB_P', 'EMB_P', 'EMB_P', 'EMB_P', 'EMB_P', 'EMB_P', 'EMB_P', 'EMB_P', 'EMB_P', 'EMB_P', 'EMB_P', 'EMB_P', 'EMB_P', 'EMB_P', 'EMB_P', 'EMB_P', 'EMB_P', 'EMB_P', 'EMB_P', 'EMB_P', 'EMB_P', 'EMB_P', 'EMB_P', 'EMB_P', 'EMB_P', 'EMB_P', 'EMB_P', 'EMB_P', 'EMB_P', 'EMB_P', 'EMB_P', 'EMB_P', 'EMB_P', 'EMB_P', 'EMB_P', 'EMB_P', 'EMB_P', 'EMB_P', 'EMB_P', 'EMB_P', 'EMB_P', 'EMB_P', 'EMB_P', 'EMB_P', 'EMB_P', 'EMB_P', 'EMB_P', 'EMB_P', 'EMB_P', 'EMB_P', 'EMB_P', 'EMB_P', 'EMB_P', 'EMB_P', 'EMB_P', 'EMB_P', 'EMB_P', 'EMB_P', 'EMB_P', 'EMB_P', 'EMB_P', 'EMB_P', 'EMB_P', 'EMB_P']"
212,обслуговування,гарне,28083:4_1134,"Я сама в паулайнері була не вперше, і завжди тут гарне обслуговування та смачна кухня.",6.8,6.2,"['EMB_O', 'EMB_O', 'EMB_O', 'EMB_O', 'EMB_O', 'EMB_O', 'EMB_O', 'EMB_O', 'EMB_O', 'EMB_O', 'EMB_O', 'EMB_O', 'EMB_O', 'EMB_O', 'EMB_O', 'EMB_O', 'EMB_O', 'ASP_B', 'ASP_I', 'ASP_I', 'ASP_E', 'EMB_O', 'EMB_O', 'EMB_O', 'EMB_O', 'EMB_O', 'EMB_O', 'EMB_O', 'EMB_O', 'EMB_O', 'EMB_P', 'EMB_P', 'EMB_P', 'EMB_P', 'EMB_P', 'EMB_P', 'EMB_P', 'EMB_P', 'EMB_P', 'EMB_P', 'EMB_P', 'EMB_P', 'EMB_P', 'EMB_P', 'EMB_P', 'EMB_P', 'EMB_P', 'EMB_P', 'EMB_P', 'EMB_P', 'EMB_P', 'EMB_P', 'EMB_P', 'EMB_P', 'EMB_P', 'EMB_P', 'EMB_P', 'EMB_P', 'EMB_P', 'EMB_P', 'EMB_P', 'EMB_P', 'EMB_P', 'EMB_P', 'EMB_P', 'EMB_P', 'EMB_P', 'EMB_P', 'EMB_P', 'EMB_P', 'EMB_P', 'EMB_P', 'EMB_P', 'EMB_P', 'EMB_P', 'EMB_P', 'EMB_P', 'EMB_P', 'EMB_P', 'EMB_P', 'EMB_P', 'EMB_P', 'EMB_P', 'EMB_P', 'EMB_P', 'EMB_P', 'EMB_P', 'EMB_P', 'EMB_P', 'EMB_P', 'EMB_P', 'EMB_P', 'EMB_P', 'EMB_P', 'EMB_P', 'EMB_P', 'EMB_P', 'EMB_P', 'EMB_P', 'EMB_P', 'EMB_P', 'EMB_P', 'EMB_P', 'EMB_P', 'EMB_P', 'EMB_P', 'EMB_P', 'EMB_P', 'EMB_P', 'EMB_P', 'EMB_P', 'EMB_P', 'EMB_P', 'EMB_P', 'EMB_P', 'EMB_P', 'EMB_P', 'EMB_P', 'EMB_P', 'EMB_P', 'EMB_P', 'EMB_P', 'EMB_P', 'EMB_P', 'EMB_P', 'EMB_P', 'EMB_P', 'EMB_P']","['EMB_O', 'EMB_O', 'EMB_O', 'EMB_O', 'EMB_O', 'EMB_O', 'EMB_O', 'EMB_O', 'EMB_O', 'EMB_O', 'EMB_O', 'EMB_O', 'EMB_O', 'EMB_O', 'EMB_O', 'OPN_B', 'OPN_E', 'EMB_O', 'EMB_O', 'EMB_O', 'EMB_O', 'EMB_O', 'EMB_O', 'EMB_O', 'EMB_O', 'EMB_O', 'EMB_O', 'EMB_O', 'EMB_O', 'EMB_O', 'EMB_P', 'EMB_P', 'EMB_P', 'EMB_P', 'EMB_P', 'EMB_P', 'EMB_P', 'EMB_P', 'EMB_P', 'EMB_P', 'EMB_P', 'EMB_P', 'EMB_P', 'EMB_P', 'EMB_P', 'EMB_P', 'EMB_P', 'EMB_P', 'EMB_P', 'EMB_P', 'EMB_P', 'EMB_P', 'EMB_P', 'EMB_P', 'EMB_P', 'EMB_P', 'EMB_P', 'EMB_P', 'EMB_P', 'EMB_P', 'EMB_P', 'EMB_P', 'EMB_P', 'EMB_P', 'EMB_P', 'EMB_P', 'EMB_P', 'EMB_P', 'EMB_P', 'EMB_P', 'EMB_P', 'EMB_P', 'EMB_P', 'EMB_P', 'EMB_P', 'EMB_P', 'EMB_P', 'EMB_P', 'EMB_P', 'EMB_P', 'EMB_P', 'EMB_P', 'EMB_P', 'EMB_P', 'EMB_P', 'EMB_P', 'EMB_P', 'EMB_P', 'EMB_P', 'EMB_P', 'EMB_P', 'EMB_P', 'EMB_P', 'EMB_P', 'EMB_P', 'EMB_P', 'EMB_P', 'EMB_P', 'EMB_P', 'EMB_P', 'EMB_P', 'EMB_P', 'EMB_P', 'EMB_P', 'EMB_P', 'EMB_P', 'EMB_P', 'EMB_P', 'EMB_P', 'EMB_P', 'EMB_P', 'EMB_P', 'EMB_P', 'EMB_P', 'EMB_P', 'EMB_P', 'EMB_P', 'EMB_P', 'EMB_P', 'EMB_P', 'EMB_P', 'EMB_P', 'EMB_P', 'EMB_P', 'EMB_P', 'EMB_P', 'EMB_P', 'EMB_P']"
213,кухня,смачна,28083:4_1134,"Я сама в паулайнері була не вперше, і завжди тут гарне обслуговування та смачна кухня.",7.0,6.4,"['EMB_O', 'EMB_O', 'EMB_O', 'EMB_O', 'EMB_O', 'EMB_O', 'EMB_O', 'EMB_O', 'EMB_O', 'EMB_O', 'EMB_O', 'EMB_O', 'EMB_O', 'EMB_O', 'EMB_O', 'EMB_O', 'EMB_O', 'EMB_O', 'EMB_O', 'EMB_O', 'EMB_O', 'EMB_O', 'EMB_O', 'EMB_O', 'EMB_O', 'ASP_B', 'ASP_I', 'ASP_E', 'EMB_O', 'EMB_O', 'EMB_P', 'EMB_P', 'EMB_P', 'EMB_P', 'EMB_P', 'EMB_P', 'EMB_P', 'EMB_P', 'EMB_P', 'EMB_P', 'EMB_P', 'EMB_P', 'EMB_P', 'EMB_P', 'EMB_P', 'EMB_P', 'EMB_P', 'EMB_P', 'EMB_P', 'EMB_P', 'EMB_P', 'EMB_P', 'EMB_P', 'EMB_P', 'EMB_P', 'EMB_P', 'EMB_P', 'EMB_P', 'EMB_P', 'EMB_P', 'EMB_P', 'EMB_P', 'EMB_P', 'EMB_P', 'EMB_P', 'EMB_P', 'EMB_P', 'EMB_P', 'EMB_P', 'EMB_P', 'EMB_P', 'EMB_P', 'EMB_P', 'EMB_P', 'EMB_P', 'EMB_P', 'EMB_P', 'EMB_P', 'EMB_P', 'EMB_P', 'EMB_P', 'EMB_P', 'EMB_P', 'EMB_P', 'EMB_P', 'EMB_P', 'EMB_P', 'EMB_P', 'EMB_P', 'EMB_P', 'EMB_P', 'EMB_P', 'EMB_P', 'EMB_P', 'EMB_P', 'EMB_P', 'EMB_P', 'EMB_P', 'EMB_P', 'EMB_P', 'EMB_P', 'EMB_P', 'EMB_P', 'EMB_P', 'EMB_P', 'EMB_P', 'EMB_P', 'EMB_P', 'EMB_P', 'EMB_P', 'EMB_P', 'EMB_P', 'EMB_P', 'EMB_P', 'EMB_P', 'EMB_P', 'EMB_P', 'EMB_P', 'EMB_P', 'EMB_P', 'EMB_P', 'EMB_P', 'EMB_P', 'EMB_P', 'EMB_P', 'EMB_P', 'EMB_P', 'EMB_P']","['EMB_O', 'EMB_O', 'EMB_O', 'EMB_O', 'EMB_O', 'EMB_O', 'EMB_O', 'EMB_O', 'EMB_O', 'EMB_O', 'EMB_O', 'EMB_O', 'EMB_O', 'EMB_O', 'EMB_O', 'EMB_O', 'EMB_O', 'EMB_O', 'EMB_O', 'EMB_O', 'EMB_O', 'EMB_O', 'OPN_B', 'OPN_I', 'OPN_E', 'EMB_O', 'EMB_O', 'EMB_O', 'EMB_O', 'EMB_O', 'EMB_P', 'EMB_P', 'EMB_P', 'EMB_P', 'EMB_P', 'EMB_P', 'EMB_P', 'EMB_P', 'EMB_P', 'EMB_P', 'EMB_P', 'EMB_P', 'EMB_P', 'EMB_P', 'EMB_P', 'EMB_P', 'EMB_P', 'EMB_P', 'EMB_P', 'EMB_P', 'EMB_P', 'EMB_P', 'EMB_P', 'EMB_P', 'EMB_P', 'EMB_P', 'EMB_P', 'EMB_P', 'EMB_P', 'EMB_P', 'EMB_P', 'EMB_P', 'EMB_P', 'EMB_P', 'EMB_P', 'EMB_P', 'EMB_P', 'EMB_P', 'EMB_P', 'EMB_P', 'EMB_P', 'EMB_P', 'EMB_P', 'EMB_P', 'EMB_P', 'EMB_P', 'EMB_P', 'EMB_P', 'EMB_P', 'EMB_P', 'EMB_P', 'EMB_P', 'EMB_P', 'EMB_P', 'EMB_P', 'EMB_P', 'EMB_P', 'EMB_P', 'EMB_P', 'EMB_P', 'EMB_P', 'EMB_P', 'EMB_P', 'EMB_P', 'EMB_P', 'EMB_P', 'EMB_P', 'EMB_P', 'EMB_P', 'EMB_P', 'EMB_P', 'EMB_P', 'EMB_P', 'EMB_P', 'EMB_P', 'EMB_P', 'EMB_P', 'EMB_P', 'EMB_P', 'EMB_P', 'EMB_P', 'EMB_P', 'EMB_P', 'EMB_P', 'EMB_P', 'EMB_P', 'EMB_P', 'EMB_P', 'EMB_P', 'EMB_P', 'EMB_P', 'EMB_P', 'EMB_P', 'EMB_P', 'EMB_P', 'EMB_P', 'EMB_P', 'EMB_P']"
214,пиво,вище всіх похвал,28083:5_1135,"Про пиво взагалі говорити нічого, воно вище всіх похвал!",8.88,8.88,"['EMB_O', 'EMB_O', 'ASP_B', 'ASP_E', 'EMB_O', 'EMB_O', 'EMB_O', 'EMB_O', 'EMB_O', 'EMB_O', 'EMB_O', 'EMB_O', 'EMB_O', 'EMB_O', 'EMB_O', 'EMB_O', 'EMB_O', 'EMB_O', 'EMB_O', 'EMB_O', 'EMB_O', 'EMB_P', 'EMB_P', 'EMB_P', 'EMB_P', 'EMB_P', 'EMB_P', 'EMB_P', 'EMB_P', 'EMB_P', 'EMB_P', 'EMB_P', 'EMB_P', 'EMB_P', 'EMB_P', 'EMB_P', 'EMB_P', 'EMB_P', 'EMB_P', 'EMB_P', 'EMB_P', 'EMB_P', 'EMB_P', 'EMB_P', 'EMB_P', 'EMB_P', 'EMB_P', 'EMB_P', 'EMB_P', 'EMB_P', 'EMB_P', 'EMB_P', 'EMB_P', 'EMB_P', 'EMB_P', 'EMB_P', 'EMB_P', 'EMB_P', 'EMB_P', 'EMB_P', 'EMB_P', 'EMB_P', 'EMB_P', 'EMB_P', 'EMB_P', 'EMB_P', 'EMB_P', 'EMB_P', 'EMB_P', 'EMB_P', 'EMB_P', 'EMB_P', 'EMB_P', 'EMB_P', 'EMB_P', 'EMB_P', 'EMB_P', 'EMB_P', 'EMB_P', 'EMB_P', 'EMB_P', 'EMB_P', 'EMB_P', 'EMB_P', 'EMB_P', 'EMB_P', 'EMB_P', 'EMB_P', 'EMB_P', 'EMB_P', 'EMB_P', 'EMB_P', 'EMB_P', 'EMB_P', 'EMB_P', 'EMB_P', 'EMB_P', 'EMB_P', 'EMB_P', 'EMB_P', 'EMB_P', 'EMB_P', 'EMB_P', 'EMB_P', 'EMB_P', 'EMB_P', 'EMB_P', 'EMB_P', 'EMB_P', 'EMB_P', 'EMB_P', 'EMB_P', 'EMB_P', 'EMB_P', 'EMB_P', 'EMB_P', 'EMB_P', 'EMB_P', 'EMB_P', 'EMB_P', 'EMB_P', 'EMB_P', 'EMB_P', 'EMB_P', 'EMB_P', 'EMB_P', 'EMB_P', 'EMB_P']","['EMB_O', 'EMB_O', 'EMB_O', 'EMB_O', 'EMB_O', 'EMB_O', 'EMB_O', 'EMB_O', 'EMB_O', 'EMB_O', 'EMB_O', 'EMB_O', 'EMB_O', 'EMB_O', 'OPN_B', 'OPN_I', 'OPN_I', 'OPN_I', 'OPN_E', 'EMB_O', 'EMB_O', 'EMB_P', 'EMB_P', 'EMB_P', 'EMB_P', 'EMB_P', 'EMB_P', 'EMB_P', 'EMB_P', 'EMB_P', 'EMB_P', 'EMB_P', 'EMB_P', 'EMB_P', 'EMB_P', 'EMB_P', 'EMB_P', 'EMB_P', 'EMB_P', 'EMB_P', 'EMB_P', 'EMB_P', 'EMB_P', 'EMB_P', 'EMB_P', 'EMB_P', 'EMB_P', 'EMB_P', 'EMB_P', 'EMB_P', 'EMB_P', 'EMB_P', 'EMB_P', 'EMB_P', 'EMB_P', 'EMB_P', 'EMB_P', 'EMB_P', 'EMB_P', 'EMB_P', 'EMB_P', 'EMB_P', 'EMB_P', 'EMB_P', 'EMB_P', 'EMB_P', 'EMB_P', 'EMB_P', 'EMB_P', 'EMB_P', 'EMB_P', 'EMB_P', 'EMB_P', 'EMB_P', 'EMB_P', 'EMB_P', 'EMB_P', 'EMB_P', 'EMB_P', 'EMB_P', 'EMB_P', 'EMB_P', 'EMB_P', 'EMB_P', 'EMB_P', 'EMB_P', 'EMB_P', 'EMB_P', 'EMB_P', 'EMB_P', 'EMB_P', 'EMB_P', 'EMB_P', 'EMB_P', 'EMB_P', 'EMB_P', 'EMB_P', 'EMB_P', 'EMB_P', 'EMB_P', 'EMB_P', 'EMB_P', 'EMB_P', 'EMB_P', 'EMB_P', 'EMB_P', 'EMB_P', 'EMB_P', 'EMB_P', 'EMB_P', 'EMB_P', 'EMB_P', 'EMB_P', 'EMB_P', 'EMB_P', 'EMB_P', 'EMB_P', 'EMB_P', 'EMB_P', 'EMB_P', 'EMB_P', 'EMB_P', 'EMB_P', 'EMB_P', 'EMB_P', 'EMB_P', 'EMB_P', 'EMB_P']"
215,Персонал,ввічливий,28083:8_1136,"Персонал ввічливий, ніхто нам не хамив і не обраховував.",6.9,6.3,"['EMB_O', 'ASP_B', 'ASP_I', 'ASP_E', 'EMB_O', 'EMB_O', 'EMB_O', 'EMB_O', 'EMB_O', 'EMB_O', 'EMB_O', 'EMB_O', 'EMB_O', 'EMB_O', 'EMB_O', 'EMB_O', 'EMB_O', 'EMB_O', 'EMB_O', 'EMB_O', 'EMB_O', 'EMB_O', 'EMB_O', 'EMB_O', 'EMB_P', 'EMB_P', 'EMB_P', 'EMB_P', 'EMB_P', 'EMB_P', 'EMB_P', 'EMB_P', 'EMB_P', 'EMB_P', 'EMB_P', 'EMB_P', 'EMB_P', 'EMB_P', 'EMB_P', 'EMB_P', 'EMB_P', 'EMB_P', 'EMB_P', 'EMB_P', 'EMB_P', 'EMB_P', 'EMB_P', 'EMB_P', 'EMB_P', 'EMB_P', 'EMB_P', 'EMB_P', 'EMB_P', 'EMB_P', 'EMB_P', 'EMB_P', 'EMB_P', 'EMB_P', 'EMB_P', 'EMB_P', 'EMB_P', 'EMB_P', 'EMB_P', 'EMB_P', 'EMB_P', 'EMB_P', 'EMB_P', 'EMB_P', 'EMB_P', 'EMB_P', 'EMB_P', 'EMB_P', 'EMB_P', 'EMB_P', 'EMB_P', 'EMB_P', 'EMB_P', 'EMB_P', 'EMB_P', 'EMB_P', 'EMB_P', 'EMB_P', 'EMB_P', 'EMB_P', 'EMB_P', 'EMB_P', 'EMB_P', 'EMB_P', 'EMB_P', 'EMB_P', 'EMB_P', 'EMB_P', 'EMB_P', 'EMB_P', 'EMB_P', 'EMB_P', 'EMB_P', 'EMB_P', 'EMB_P', 'EMB_P', 'EMB_P', 'EMB_P', 'EMB_P', 'EMB_P', 'EMB_P', 'EMB_P', 'EMB_P', 'EMB_P', 'EMB_P', 'EMB_P', 'EMB_P', 'EMB_P', 'EMB_P', 'EMB_P', 'EMB_P', 'EMB_P', 'EMB_P', 'EMB_P', 'EMB_P', 'EMB_P', 'EMB_P', 'EMB_P', 'EMB_P', 'EMB_P', 'EMB_P', 'EMB_P', 'EMB_P', 'EMB_P']","['EMB_O', 'EMB_O', 'EMB_O', 'EMB_O', 'OPN_B', 'OPN_I', 'OPN_E', 'EMB_O', 'EMB_O', 'EMB_O', 'EMB_O', 'EMB_O', 'EMB_O', 'EMB_O', 'EMB_O', 'EMB_O', 'EMB_O', 'EMB_O', 'EMB_O', 'EMB_O', 'EMB_O', 'EMB_O', 'EMB_O', 'EMB_O', 'EMB_P', 'EMB_P', 'EMB_P', 'EMB_P', 'EMB_P', 'EMB_P', 'EMB_P', 'EMB_P', 'EMB_P', 'EMB_P', 'EMB_P', 'EMB_P', 'EMB_P', 'EMB_P', 'EMB_P', 'EMB_P', 'EMB_P', 'EMB_P', 'EMB_P', 'EMB_P', 'EMB_P', 'EMB_P', 'EMB_P', 'EMB_P', 'EMB_P', 'EMB_P', 'EMB_P', 'EMB_P', 'EMB_P', 'EMB_P', 'EMB_P', 'EMB_P', 'EMB_P', 'EMB_P', 'EMB_P', 'EMB_P', 'EMB_P', 'EMB_P', 'EMB_P', 'EMB_P', 'EMB_P', 'EMB_P', 'EMB_P', 'EMB_P', 'EMB_P', 'EMB_P', 'EMB_P', 'EMB_P', 'EMB_P', 'EMB_P', 'EMB_P', 'EMB_P', 'EMB_P', 'EMB_P', 'EMB_P', 'EMB_P', 'EMB_P', 'EMB_P', 'EMB_P', 'EMB_P', 'EMB_P', 'EMB_P', 'EMB_P', 'EMB_P', 'EMB_P', 'EMB_P', 'EMB_P', 'EMB_P', 'EMB_P', 'EMB_P', 'EMB_P', 'EMB_P', 'EMB_P', 'EMB_P', 'EMB_P', 'EMB_P', 'EMB_P', 'EMB_P', 'EMB_P', 'EMB_P', 'EMB_P', 'EMB_P', 'EMB_P', 'EMB_P', 'EMB_P', 'EMB_P', 'EMB_P', 'EMB_P', 'EMB_P', 'EMB_P', 'EMB_P', 'EMB_P', 'EMB_P', 'EMB_P', 'EMB_P', 'EMB_P', 'EMB_P', 'EMB_P', 'EMB_P', 'EMB_P', 'EMB_P', 'EMB_P', 'EMB_P', 'EMB_P']"
216,дівчина,велике спасибі,28083:9_1137,"Обслуговувала наш столик дівчина Марія, ще раз хочеться сказати їй велике спасибі!",7.62,7.0,"['EMB_O', 'EMB_O', 'EMB_O', 'EMB_O', 'EMB_O', 'EMB_O', 'EMB_O', 'EMB_O', 'ASP_B', 'ASP_I', 'ASP_E', 'EMB_O', 'EMB_O', 'EMB_O', 'EMB_O', 'EMB_O', 'EMB_O', 'EMB_O', 'EMB_O', 'EMB_O', 'EMB_O', 'EMB_O', 'EMB_O', 'EMB_O', 'EMB_O', 'EMB_O', 'EMB_O', 'EMB_O', 'EMB_P', 'EMB_P', 'EMB_P', 'EMB_P', 'EMB_P', 'EMB_P', 'EMB_P', 'EMB_P', 'EMB_P', 'EMB_P', 'EMB_P', 'EMB_P', 'EMB_P', 'EMB_P', 'EMB_P', 'EMB_P', 'EMB_P', 'EMB_P', 'EMB_P', 'EMB_P', 'EMB_P', 'EMB_P', 'EMB_P', 'EMB_P', 'EMB_P', 'EMB_P', 'EMB_P', 'EMB_P', 'EMB_P', 'EMB_P', 'EMB_P', 'EMB_P', 'EMB_P', 'EMB_P', 'EMB_P', 'EMB_P', 'EMB_P', 'EMB_P', 'EMB_P', 'EMB_P', 'EMB_P', 'EMB_P', 'EMB_P', 'EMB_P', 'EMB_P', 'EMB_P', 'EMB_P', 'EMB_P', 'EMB_P', 'EMB_P', 'EMB_P', 'EMB_P', 'EMB_P', 'EMB_P', 'EMB_P', 'EMB_P', 'EMB_P', 'EMB_P', 'EMB_P', 'EMB_P', 'EMB_P', 'EMB_P', 'EMB_P', 'EMB_P', 'EMB_P', 'EMB_P', 'EMB_P', 'EMB_P', 'EMB_P', 'EMB_P', 'EMB_P', 'EMB_P', 'EMB_P', 'EMB_P', 'EMB_P', 'EMB_P', 'EMB_P', 'EMB_P', 'EMB_P', 'EMB_P', 'EMB_P', 'EMB_P', 'EMB_P', 'EMB_P', 'EMB_P', 'EMB_P', 'EMB_P', 'EMB_P', 'EMB_P', 'EMB_P', 'EMB_P', 'EMB_P', 'EMB_P', 'EMB_P', 'EMB_P', 'EMB_P', 'EMB_P', 'EMB_P', 'EMB_P', 'EMB_P']","['EMB_O', 'EMB_O', 'EMB_O', 'EMB_O', 'EMB_O', 'EMB_O', 'EMB_O', 'EMB_O', 'EMB_O', 'EMB_O', 'EMB_O', 'EMB_O', 'EMB_O', 'EMB_O', 'EMB_O', 'EMB_O', 'EMB_O', 'EMB_O', 'EMB_O', 'EMB_O', 'EMB_O', 'EMB_O', 'OPN_B', 'OPN_I', 'OPN_I', 'OPN_E', 'EMB_O', 'EMB_O', 'EMB_P', 'EMB_P', 'EMB_P', 'EMB_P', 'EMB_P', 'EMB_P', 'EMB_P', 'EMB_P', 'EMB_P', 'EMB_P', 'EMB_P', 'EMB_P', 'EMB_P', 'EMB_P', 'EMB_P', 'EMB_P', 'EMB_P', 'EMB_P', 'EMB_P', 'EMB_P', 'EMB_P', 'EMB_P', 'EMB_P', 'EMB_P', 'EMB_P', 'EMB_P', 'EMB_P', 'EMB_P', 'EMB_P', 'EMB_P', 'EMB_P', 'EMB_P', 'EMB_P', 'EMB_P', 'EMB_P', 'EMB_P', 'EMB_P', 'EMB_P', 'EMB_P', 'EMB_P', 'EMB_P', 'EMB_P', 'EMB_P', 'EMB_P', 'EMB_P', 'EMB_P', 'EMB_P', 'EMB_P', 'EMB_P', 'EMB_P', 'EMB_P', 'EMB_P', 'EMB_P', 'EMB_P', 'EMB_P', 'EMB_P', 'EMB_P', 'EMB_P', 'EMB_P', 'EMB_P', 'EMB_P', 'EMB_P', 'EMB_P', 'EMB_P', 'EMB_P', 'EMB_P', 'EMB_P', 'EMB_P', 'EMB_P', 'EMB_P', 'EMB_P', 'EMB_P', 'EMB_P', 'EMB_P', 'EMB_P', 'EMB_P', 'EMB_P', 'EMB_P', 'EMB_P', 'EMB_P', 'EMB_P', 'EMB_P', 'EMB_P', 'EMB_P', 'EMB_P', 'EMB_P', 'EMB_P', 'EMB_P', 'EMB_P', 'EMB_P', 'EMB_P', 'EMB_P', 'EMB_P', 'EMB_P', 'EMB_P', 'EMB_P', 'EMB_P', 'EMB_P', 'EMB_P', 'EMB_P']"
217,дівчина,Дуже привітна,28083:10_1138,Дуже привітна дівчина!,7.88,7.62,"['EMB_O', 'EMB_O', 'EMB_O', 'EMB_O', 'EMB_O', 'EMB_O', 'EMB_O', 'ASP_B', 'ASP_I', 'ASP_E', 'EMB_O', 'EMB_O', 'EMB_P', 'EMB_P', 'EMB_P', 'EMB_P', 'EMB_P', 'EMB_P', 'EMB_P', 'EMB_P', 'EMB_P', 'EMB_P', 'EMB_P', 'EMB_P', 'EMB_P', 'EMB_P', 'EMB_P', 'EMB_P', 'EMB_P', 'EMB_P', 'EMB_P', 'EMB_P', 'EMB_P', 'EMB_P', 'EMB_P', 'EMB_P', 'EMB_P', 'EMB_P', 'EMB_P', 'EMB_P', 'EMB_P', 'EMB_P', 'EMB_P', 'EMB_P', 'EMB_P', 'EMB_P', 'EMB_P', 'EMB_P', 'EMB_P', 'EMB_P', 'EMB_P', 'EMB_P', 'EMB_P', 'EMB_P', 'EMB_P', 'EMB_P', 'EMB_P', 'EMB_P', 'EMB_P', 'EMB_P', 'EMB_P', 'EMB_P', 'EMB_P', 'EMB_P', 'EMB_P', 'EMB_P', 'EMB_P', 'EMB_P', 'EMB_P', 'EMB_P', 'EMB_P', 'EMB_P', 'EMB_P', 'EMB_P', 'EMB_P', 'EMB_P', 'EMB_P', 'EMB_P', 'EMB_P', 'EMB_P', 'EMB_P', 'EMB_P', 'EMB_P', 'EMB_P', 'EMB_P', 'EMB_P', 'EMB_P', 'EMB_P', 'EMB_P', 'EMB_P', 'EMB_P', 'EMB_P', 'EMB_P', 'EMB_P', 'EMB_P', 'EMB_P', 'EMB_P', 'EMB_P', 'EMB_P', 'EMB_P', 'EMB_P', 'EMB_P', 'EMB_P', 'EMB_P', 'EMB_P', 'EMB_P', 'EMB_P', 'EMB_P', 'EMB_P', 'EMB_P', 'EMB_P', 'EMB_P', 'EMB_P', 'EMB_P', 'EMB_P', 'EMB_P', 'EMB_P', 'EMB_P', 'EMB_P', 'EMB_P', 'EMB_P', 'EMB_P', 'EMB_P', 'EMB_P', 'EMB_P', 'EMB_P', 'EMB_P', 'EMB_P']","['EMB_O', 'OPN_B', 'OPN_I', 'OPN_I', 'OPN_I', 'OPN_I', 'OPN_E', 'EMB_O', 'EMB_O', 'EMB_O', 'EMB_O', 'EMB_O', 'EMB_P', 'EMB_P', 'EMB_P', 'EMB_P', 'EMB_P', 'EMB_P', 'EMB_P', 'EMB_P', 'EMB_P', 'EMB_P', 'EMB_P', 'EMB_P', 'EMB_P', 'EMB_P', 'EMB_P', 'EMB_P', 'EMB_P', 'EMB_P', 'EMB_P', 'EMB_P', 'EMB_P', 'EMB_P', 'EMB_P', 'EMB_P', 'EMB_P', 'EMB_P', 'EMB_P', 'EMB_P', 'EMB_P', 'EMB_P', 'EMB_P', 'EMB_P', 'EMB_P', 'EMB_P', 'EMB_P', 'EMB_P', 'EMB_P', 'EMB_P', 'EMB_P', 'EMB_P', 'EMB_P', 'EMB_P', 'EMB_P', 'EMB_P', 'EMB_P', 'EMB_P', 'EMB_P', 'EMB_P', 'EMB_P', 'EMB_P', 'EMB_P', 'EMB_P', 'EMB_P', 'EMB_P', 'EMB_P', 'EMB_P', 'EMB_P', 'EMB_P', 'EMB_P', 'EMB_P', 'EMB_P', 'EMB_P', 'EMB_P', 'EMB_P', 'EMB_P', 'EMB_P', 'EMB_P', 'EMB_P', 'EMB_P', 'EMB_P', 'EMB_P', 'EMB_P', 'EMB_P', 'EMB_P', 'EMB_P', 'EMB_P', 'EMB_P', 'EMB_P', 'EMB_P', 'EMB_P', 'EMB_P', 'EMB_P', 'EMB_P', 'EMB_P', 'EMB_P', 'EMB_P', 'EMB_P', 'EMB_P', 'EMB_P', 'EMB_P', 'EMB_P', 'EMB_P', 'EMB_P', 'EMB_P', 'EMB_P', 'EMB_P', 'EMB_P', 'EMB_P', 'EMB_P', 'EMB_P', 'EMB_P', 'EMB_P', 'EMB_P', 'EMB_P', 'EMB_P', 'EMB_P', 'EMB_P', 'EMB_P', 'EMB_P', 'EMB_P', 'EMB_P', 'EMB_P', 'EMB_P', 'EMB_P', 'EMB_P', 'EMB_P']"
218,Порції,великі,28112:5_1140,Порції великі і дуже ситні.,7.1,6.6,"['EMB_O', 'ASP_B', 'ASP_I', 'ASP_E', 'EMB_O', 'EMB_O', 'EMB_O', 'EMB_O', 'EMB_O', 'EMB_O', 'EMB_O', 'EMB_P', 'EMB_P', 'EMB_P', 'EMB_P', 'EMB_P', 'EMB_P', 'EMB_P', 'EMB_P', 'EMB_P', 'EMB_P', 'EMB_P', 'EMB_P', 'EMB_P', 'EMB_P', 'EMB_P', 'EMB_P', 'EMB_P', 'EMB_P', 'EMB_P', 'EMB_P', 'EMB_P', 'EMB_P', 'EMB_P', 'EMB_P', 'EMB_P', 'EMB_P', 'EMB_P', 'EMB_P', 'EMB_P', 'EMB_P', 'EMB_P', 'EMB_P', 'EMB_P', 'EMB_P', 'EMB_P', 'EMB_P', 'EMB_P', 'EMB_P', 'EMB_P', 'EMB_P', 'EMB_P', 'EMB_P', 'EMB_P', 'EMB_P', 'EMB_P', 'EMB_P', 'EMB_P', 'EMB_P', 'EMB_P', 'EMB_P', 'EMB_P', 'EMB_P', 'EMB_P', 'EMB_P', 'EMB_P', 'EMB_P', 'EMB_P', 'EMB_P', 'EMB_P', 'EMB_P', 'EMB_P', 'EMB_P', 'EMB_P', 'EMB_P', 'EMB_P', 'EMB_P', 'EMB_P', 'EMB_P', 'EMB_P', 'EMB_P', 'EMB_P', 'EMB_P', 'EMB_P', 'EMB_P', 'EMB_P', 'EMB_P', 'EMB_P', 'EMB_P', 'EMB_P', 'EMB_P', 'EMB_P', 'EMB_P', 'EMB_P', 'EMB_P', 'EMB_P', 'EMB_P', 'EMB_P', 'EMB_P', 'EMB_P', 'EMB_P', 'EMB_P', 'EMB_P', 'EMB_P', 'EMB_P', 'EMB_P', 'EMB_P', 'EMB_P', 'EMB_P', 'EMB_P', 'EMB_P', 'EMB_P', 'EMB_P', 'EMB_P', 'EMB_P', 'EMB_P', 'EMB_P', 'EMB_P', 'EMB_P', 'EMB_P', 'EMB_P', 'EMB_P', 'EMB_P', 'EMB_P', 'EMB_P', 'EMB_P', 'EMB_P', 'EMB_P']","['EMB_O', 'EMB_O', 'EMB_O', 'EMB_O', 'OPN_S', 'EMB_O', 'EMB_O', 'EMB_O', 'EMB_O', 'EMB_O', 'EMB_O', 'EMB_P', 'EMB_P', 'EMB_P', 'EMB_P', 'EMB_P', 'EMB_P', 'EMB_P', 'EMB_P', 'EMB_P', 'EMB_P', 'EMB_P', 'EMB_P', 'EMB_P', 'EMB_P', 'EMB_P', 'EMB_P', 'EMB_P', 'EMB_P', 'EMB_P', 'EMB_P', 'EMB_P', 'EMB_P', 'EMB_P', 'EMB_P', 'EMB_P', 'EMB_P', 'EMB_P', 'EMB_P', 'EMB_P', 'EMB_P', 'EMB_P', 'EMB_P', 'EMB_P', 'EMB_P', 'EMB_P', 'EMB_P', 'EMB_P', 'EMB_P', 'EMB_P', 'EMB_P', 'EMB_P', 'EMB_P', 'EMB_P', 'EMB_P', 'EMB_P', 'EMB_P', 'EMB_P', 'EMB_P', 'EMB_P', 'EMB_P', 'EMB_P', 'EMB_P', 'EMB_P', 'EMB_P', 'EMB_P', 'EMB_P', 'EMB_P', 'EMB_P', 'EMB_P', 'EMB_P', 'EMB_P', 'EMB_P', 'EMB_P', 'EMB_P', 'EMB_P', 'EMB_P', 'EMB_P', 'EMB_P', 'EMB_P', 'EMB_P', 'EMB_P', 'EMB_P', 'EMB_P', 'EMB_P', 'EMB_P', 'EMB_P', 'EMB_P', 'EMB_P', 'EMB_P', 'EMB_P', 'EMB_P', 'EMB_P', 'EMB_P', 'EMB_P', 'EMB_P', 'EMB_P', 'EMB_P', 'EMB_P', 'EMB_P', 'EMB_P', 'EMB_P', 'EMB_P', 'EMB_P', 'EMB_P', 'EMB_P', 'EMB_P', 'EMB_P', 'EMB_P', 'EMB_P', 'EMB_P', 'EMB_P', 'EMB_P', 'EMB_P', 'EMB_P', 'EMB_P', 'EMB_P', 'EMB_P', 'EMB_P', 'EMB_P', 'EMB_P', 'EMB_P', 'EMB_P', 'EMB_P', 'EMB_P', 'EMB_P', 'EMB_P', 'EMB_P']"
219,Якість м'яса,чудова,28112:6_1141,Якість м'яса чудова.,8.62,8.38,"['EMB_O', 'ASP_B', 'ASP_I', 'ASP_I', 'ASP_I', 'ASP_I', 'ASP_E', 'EMB_O', 'EMB_O', 'EMB_O', 'EMB_O', 'EMB_P', 'EMB_P', 'EMB_P', 'EMB_P', 'EMB_P', 'EMB_P', 'EMB_P', 'EMB_P', 'EMB_P', 'EMB_P', 'EMB_P', 'EMB_P', 'EMB_P', 'EMB_P', 'EMB_P', 'EMB_P', 'EMB_P', 'EMB_P', 'EMB_P', 'EMB_P', 'EMB_P', 'EMB_P', 'EMB_P', 'EMB_P', 'EMB_P', 'EMB_P', 'EMB_P', 'EMB_P', 'EMB_P', 'EMB_P', 'EMB_P', 'EMB_P', 'EMB_P', 'EMB_P', 'EMB_P', 'EMB_P', 'EMB_P', 'EMB_P', 'EMB_P', 'EMB_P', 'EMB_P', 'EMB_P', 'EMB_P', 'EMB_P', 'EMB_P', 'EMB_P', 'EMB_P', 'EMB_P', 'EMB_P', 'EMB_P', 'EMB_P', 'EMB_P', 'EMB_P', 'EMB_P', 'EMB_P', 'EMB_P', 'EMB_P', 'EMB_P', 'EMB_P', 'EMB_P', 'EMB_P', 'EMB_P', 'EMB_P', 'EMB_P', 'EMB_P', 'EMB_P', 'EMB_P', 'EMB_P', 'EMB_P', 'EMB_P', 'EMB_P', 'EMB_P', 'EMB_P', 'EMB_P', 'EMB_P', 'EMB_P', 'EMB_P', 'EMB_P', 'EMB_P', 'EMB_P', 'EMB_P', 'EMB_P', 'EMB_P', 'EMB_P', 'EMB_P', 'EMB_P', 'EMB_P', 'EMB_P', 'EMB_P', 'EMB_P', 'EMB_P', 'EMB_P', 'EMB_P', 'EMB_P', 'EMB_P', 'EMB_P', 'EMB_P', 'EMB_P', 'EMB_P', 'EMB_P', 'EMB_P', 'EMB_P', 'EMB_P', 'EMB_P', 'EMB_P', 'EMB_P', 'EMB_P', 'EMB_P', 'EMB_P', 'EMB_P', 'EMB_P', 'EMB_P', 'EMB_P', 'EMB_P', 'EMB_P', 'EMB_P', 'EMB_P']","['EMB_O', 'EMB_O', 'EMB_O', 'EMB_O', 'EMB_O', 'EMB_O', 'EMB_O', 'OPN_B', 'OPN_E', 'EMB_O', 'EMB_O', 'EMB_P', 'EMB_P', 'EMB_P', 'EMB_P', 'EMB_P', 'EMB_P', 'EMB_P', 'EMB_P', 'EMB_P', 'EMB_P', 'EMB_P', 'EMB_P', 'EMB_P', 'EMB_P', 'EMB_P', 'EMB_P', 'EMB_P', 'EMB_P', 'EMB_P', 'EMB_P', 'EMB_P', 'EMB_P', 'EMB_P', 'EMB_P', 'EMB_P', 'EMB_P', 'EMB_P', 'EMB_P', 'EMB_P', 'EMB_P', 'EMB_P', 'EMB_P', 'EMB_P', 'EMB_P', 'EMB_P', 'EMB_P', 'EMB_P', 'EMB_P', 'EMB_P', 'EMB_P', 'EMB_P', 'EMB_P', 'EMB_P', 'EMB_P', 'EMB_P', 'EMB_P', 'EMB_P', 'EMB_P', 'EMB_P', 'EMB_P', 'EMB_P', 'EMB_P', 'EMB_P', 'EMB_P', 'EMB_P', 'EMB_P', 'EMB_P', 'EMB_P', 'EMB_P', 'EMB_P', 'EMB_P', 'EMB_P', 'EMB_P', 'EMB_P', 'EMB_P', 'EMB_P', 'EMB_P', 'EMB_P', 'EMB_P', 'EMB_P', 'EMB_P', 'EMB_P', 'EMB_P', 'EMB_P', 'EMB_P', 'EMB_P', 'EMB_P', 'EMB_P', 'EMB_P', 'EMB_P', 'EMB_P', 'EMB_P', 'EMB_P', 'EMB_P', 'EMB_P', 'EMB_P', 'EMB_P', 'EMB_P', 'EMB_P', 'EMB_P', 'EMB_P', 'EMB_P', 'EMB_P', 'EMB_P', 'EMB_P', 'EMB_P', 'EMB_P', 'EMB_P', 'EMB_P', 'EMB_P', 'EMB_P', 'EMB_P', 'EMB_P', 'EMB_P', 'EMB_P', 'EMB_P', 'EMB_P', 'EMB_P', 'EMB_P', 'EMB_P', 'EMB_P', 'EMB_P', 'EMB_P', 'EMB_P', 'EMB_P', 'EMB_P', 'EMB_P']"
220,їжу,5,28112:8_1142,Загалом 5 за їжу.,7.75,7.12,"['EMB_O', 'EMB_O', 'EMB_O', 'EMB_O', 'EMB_O', 'ASP_B', 'ASP_E', 'EMB_O', 'EMB_O', 'EMB_P', 'EMB_P', 'EMB_P', 'EMB_P', 'EMB_P', 'EMB_P', 'EMB_P', 'EMB_P', 'EMB_P', 'EMB_P', 'EMB_P', 'EMB_P', 'EMB_P', 'EMB_P', 'EMB_P', 'EMB_P', 'EMB_P', 'EMB_P', 'EMB_P', 'EMB_P', 'EMB_P', 'EMB_P', 'EMB_P', 'EMB_P', 'EMB_P', 'EMB_P', 'EMB_P', 'EMB_P', 'EMB_P', 'EMB_P', 'EMB_P', 'EMB_P', 'EMB_P', 'EMB_P', 'EMB_P', 'EMB_P', 'EMB_P', 'EMB_P', 'EMB_P', 'EMB_P', 'EMB_P', 'EMB_P', 'EMB_P', 'EMB_P', 'EMB_P', 'EMB_P', 'EMB_P', 'EMB_P', 'EMB_P', 'EMB_P', 'EMB_P', 'EMB_P', 'EMB_P', 'EMB_P', 'EMB_P', 'EMB_P', 'EMB_P', 'EMB_P', 'EMB_P', 'EMB_P', 'EMB_P', 'EMB_P', 'EMB_P', 'EMB_P', 'EMB_P', 'EMB_P', 'EMB_P', 'EMB_P', 'EMB_P', 'EMB_P', 'EMB_P', 'EMB_P', 'EMB_P', 'EMB_P', 'EMB_P', 'EMB_P', 'EMB_P', 'EMB_P', 'EMB_P', 'EMB_P', 'EMB_P', 'EMB_P', 'EMB_P', 'EMB_P', 'EMB_P', 'EMB_P', 'EMB_P', 'EMB_P', 'EMB_P', 'EMB_P', 'EMB_P', 'EMB_P', 'EMB_P', 'EMB_P', 'EMB_P', 'EMB_P', 'EMB_P', 'EMB_P', 'EMB_P', 'EMB_P', 'EMB_P', 'EMB_P', 'EMB_P', 'EMB_P', 'EMB_P', 'EMB_P', 'EMB_P', 'EMB_P', 'EMB_P', 'EMB_P', 'EMB_P', 'EMB_P', 'EMB_P', 'EMB_P', 'EMB_P', 'EMB_P', 'EMB_P', 'EMB_P', 'EMB_P']","['EMB_O', 'EMB_O', 'EMB_O', 'OPN_S', 'EMB_O', 'EMB_O', 'EMB_O', 'EMB_O', 'EMB_O', 'EMB_P', 'EMB_P', 'EMB_P', 'EMB_P', 'EMB_P', 'EMB_P', 'EMB_P', 'EMB_P', 'EMB_P', 'EMB_P', 'EMB_P', 'EMB_P', 'EMB_P', 'EMB_P', 'EMB_P', 'EMB_P', 'EMB_P', 'EMB_P', 'EMB_P', 'EMB_P', 'EMB_P', 'EMB_P', 'EMB_P', 'EMB_P', 'EMB_P', 'EMB_P', 'EMB_P', 'EMB_P', 'EMB_P', 'EMB_P', 'EMB_P', 'EMB_P', 'EMB_P', 'EMB_P', 'EMB_P', 'EMB_P', 'EMB_P', 'EMB_P', 'EMB_P', 'EMB_P', 'EMB_P', 'EMB_P', 'EMB_P', 'EMB_P', 'EMB_P', 'EMB_P', 'EMB_P', 'EMB_P', 'EMB_P', 'EMB_P', 'EMB_P', 'EMB_P', 'EMB_P', 'EMB_P', 'EMB_P', 'EMB_P', 'EMB_P', 'EMB_P', 'EMB_P', 'EMB_P', 'EMB_P', 'EMB_P', 'EMB_P', 'EMB_P', 'EMB_P', 'EMB_P', 'EMB_P', 'EMB_P', 'EMB_P', 'EMB_P', 'EMB_P', 'EMB_P', 'EMB_P', 'EMB_P', 'EMB_P', 'EMB_P', 'EMB_P', 'EMB_P', 'EMB_P', 'EMB_P', 'EMB_P', 'EMB_P', 'EMB_P', 'EMB_P', 'EMB_P', 'EMB_P', 'EMB_P', 'EMB_P', 'EMB_P', 'EMB_P', 'EMB_P', 'EMB_P', 'EMB_P', 'EMB_P', 'EMB_P', 'EMB_P', 'EMB_P', 'EMB_P', 'EMB_P', 'EMB_P', 'EMB_P', 'EMB_P', 'EMB_P', 'EMB_P', 'EMB_P', 'EMB_P', 'EMB_P', 'EMB_P', 'EMB_P', 'EMB_P', 'EMB_P', 'EMB_P', 'EMB_P', 'EMB_P', 'EMB_P', 'EMB_P', 'EMB_P', 'EMB_P', 'EMB_P']"
221,великі вікна,завісив,28112:12_1143,"Єдине, я б все ж таки завісив великі вікна, що виходять на Некрасова, якоюсь напівпрозорою тюлью",3.17,6.5,"['EMB_O', 'EMB_O', 'EMB_O', 'EMB_O', 'EMB_O', 'EMB_O', 'EMB_O', 'EMB_O', 'EMB_O', 'EMB_O', 'EMB_O', 'EMB_O', 'EMB_O', 'ASP_B', 'ASP_I', 'ASP_I', 'ASP_E', 'EMB_O', 'EMB_O', 'EMB_O', 'EMB_O', 'EMB_O', 'EMB_O', 'EMB_O', 'EMB_O', 'EMB_O', 'EMB_O', 'EMB_O', 'EMB_O', 'EMB_O', 'EMB_O', 'EMB_O', 'EMB_O', 'EMB_O', 'EMB_O', 'EMB_O', 'EMB_O', 'EMB_O', 'EMB_O', 'EMB_O', 'EMB_O', 'EMB_P', 'EMB_P', 'EMB_P', 'EMB_P', 'EMB_P', 'EMB_P', 'EMB_P', 'EMB_P', 'EMB_P', 'EMB_P', 'EMB_P', 'EMB_P', 'EMB_P', 'EMB_P', 'EMB_P', 'EMB_P', 'EMB_P', 'EMB_P', 'EMB_P', 'EMB_P', 'EMB_P', 'EMB_P', 'EMB_P', 'EMB_P', 'EMB_P', 'EMB_P', 'EMB_P', 'EMB_P', 'EMB_P', 'EMB_P', 'EMB_P', 'EMB_P', 'EMB_P', 'EMB_P', 'EMB_P', 'EMB_P', 'EMB_P', 'EMB_P', 'EMB_P', 'EMB_P', 'EMB_P', 'EMB_P', 'EMB_P', 'EMB_P', 'EMB_P', 'EMB_P', 'EMB_P', 'EMB_P', 'EMB_P', 'EMB_P', 'EMB_P', 'EMB_P', 'EMB_P', 'EMB_P', 'EMB_P', 'EMB_P', 'EMB_P', 'EMB_P', 'EMB_P', 'EMB_P', 'EMB_P', 'EMB_P', 'EMB_P', 'EMB_P', 'EMB_P', 'EMB_P', 'EMB_P', 'EMB_P', 'EMB_P', 'EMB_P', 'EMB_P', 'EMB_P', 'EMB_P', 'EMB_P', 'EMB_P', 'EMB_P', 'EMB_P', 'EMB_P', 'EMB_P', 'EMB_P', 'EMB_P', 'EMB_P', 'EMB_P', 'EMB_P', 'EMB_P', 'EMB_P', 'EMB_P']","['EMB_O', 'EMB_O', 'EMB_O', 'EMB_O', 'EMB_O', 'EMB_O', 'EMB_O', 'EMB_O', 'EMB_O', 'EMB_O', 'OPN_B', 'OPN_I', 'OPN_E', 'EMB_O', 'EMB_O', 'EMB_O', 'EMB_O', 'EMB_O', 'EMB_O', 'EMB_O', 'EMB_O', 'EMB_O', 'EMB_O', 'EMB_O', 'EMB_O', 'EMB_O', 'EMB_O', 'EMB_O', 'EMB_O', 'EMB_O', 'EMB_O', 'EMB_O', 'EMB_O', 'EMB_O', 'EMB_O', 'EMB_O', 'EMB_O', 'EMB_O', 'EMB_O', 'EMB_O', 'EMB_O', 'EMB_P', 'EMB_P', 'EMB_P', 'EMB_P', 'EMB_P', 'EMB_P', 'EMB_P', 'EMB_P', 'EMB_P', 'EMB_P', 'EMB_P', 'EMB_P', 'EMB_P', 'EMB_P', 'EMB_P', 'EMB_P', 'EMB_P', 'EMB_P', 'EMB_P', 'EMB_P', 'EMB_P', 'EMB_P', 'EMB_P', 'EMB_P', 'EMB_P', 'EMB_P', 'EMB_P', 'EMB_P', 'EMB_P', 'EMB_P', 'EMB_P', 'EMB_P', 'EMB_P', 'EMB_P', 'EMB_P', 'EMB_P', 'EMB_P', 'EMB_P', 'EMB_P', 'EMB_P', 'EMB_P', 'EMB_P', 'EMB_P', 'EMB_P', 'EMB_P', 'EMB_P', 'EMB_P', 'EMB_P', 'EMB_P', 'EMB_P', 'EMB_P', 'EMB_P', 'EMB_P', 'EMB_P', 'EMB_P', 'EMB_P', 'EMB_P', 'EMB_P', 'EMB_P', 'EMB_P', 'EMB_P', 'EMB_P', 'EMB_P', 'EMB_P', 'EMB_P', 'EMB_P', 'EMB_P', 'EMB_P', 'EMB_P', 'EMB_P', 'EMB_P', 'EMB_P', 'EMB_P', 'EMB_P', 'EMB_P', 'EMB_P', 'EMB_P', 'EMB_P', 'EMB_P', 'EMB_P', 'EMB_P', 'EMB_P', 'EMB_P', 'EMB_P', 'EMB_P', 'EMB_P', 'EMB_P']"
222,отвори вікон,трохи голо,28112:13_1144,Великі отвори вікон виглядають трохи голо.,3.5,5.62,"['EMB_O', 'EMB_O', 'EMB_O', 'EMB_O', 'ASP_B', 'ASP_I', 'ASP_I', 'ASP_I', 'ASP_E', 'EMB_O', 'EMB_O', 'EMB_O', 'EMB_O', 'EMB_O', 'EMB_O', 'EMB_O', 'EMB_O', 'EMB_P', 'EMB_P', 'EMB_P', 'EMB_P', 'EMB_P', 'EMB_P', 'EMB_P', 'EMB_P', 'EMB_P', 'EMB_P', 'EMB_P', 'EMB_P', 'EMB_P', 'EMB_P', 'EMB_P', 'EMB_P', 'EMB_P', 'EMB_P', 'EMB_P', 'EMB_P', 'EMB_P', 'EMB_P', 'EMB_P', 'EMB_P', 'EMB_P', 'EMB_P', 'EMB_P', 'EMB_P', 'EMB_P', 'EMB_P', 'EMB_P', 'EMB_P', 'EMB_P', 'EMB_P', 'EMB_P', 'EMB_P', 'EMB_P', 'EMB_P', 'EMB_P', 'EMB_P', 'EMB_P', 'EMB_P', 'EMB_P', 'EMB_P', 'EMB_P', 'EMB_P', 'EMB_P', 'EMB_P', 'EMB_P', 'EMB_P', 'EMB_P', 'EMB_P', 'EMB_P', 'EMB_P', 'EMB_P', 'EMB_P', 'EMB_P', 'EMB_P', 'EMB_P', 'EMB_P', 'EMB_P', 'EMB_P', 'EMB_P', 'EMB_P', 'EMB_P', 'EMB_P', 'EMB_P', 'EMB_P', 'EMB_P', 'EMB_P', 'EMB_P', 'EMB_P', 'EMB_P', 'EMB_P', 'EMB_P', 'EMB_P', 'EMB_P', 'EMB_P', 'EMB_P', 'EMB_P', 'EMB_P', 'EMB_P', 'EMB_P', 'EMB_P', 'EMB_P', 'EMB_P', 'EMB_P', 'EMB_P', 'EMB_P', 'EMB_P', 'EMB_P', 'EMB_P', 'EMB_P', 'EMB_P', 'EMB_P', 'EMB_P', 'EMB_P', 'EMB_P', 'EMB_P', 'EMB_P', 'EMB_P', 'EMB_P', 'EMB_P', 'EMB_P', 'EMB_P', 'EMB_P', 'EMB_P', 'EMB_P', 'EMB_P', 'EMB_P', 'EMB_P']","['EMB_O', 'EMB_O', 'EMB_O', 'EMB_O', 'EMB_O', 'EMB_O', 'EMB_O', 'EMB_O', 'EMB_O', 'EMB_O', 'EMB_O', 'EMB_O', 'OPN_B', 'OPN_I', 'OPN_E', 'EMB_O', 'EMB_O', 'EMB_P', 'EMB_P', 'EMB_P', 'EMB_P', 'EMB_P', 'EMB_P', 'EMB_P', 'EMB_P', 'EMB_P', 'EMB_P', 'EMB_P', 'EMB_P', 'EMB_P', 'EMB_P', 'EMB_P', 'EMB_P', 'EMB_P', 'EMB_P', 'EMB_P', 'EMB_P', 'EMB_P', 'EMB_P', 'EMB_P', 'EMB_P', 'EMB_P', 'EMB_P', 'EMB_P', 'EMB_P', 'EMB_P', 'EMB_P', 'EMB_P', 'EMB_P', 'EMB_P', 'EMB_P', 'EMB_P', 'EMB_P', 'EMB_P', 'EMB_P', 'EMB_P', 'EMB_P', 'EMB_P', 'EMB_P', 'EMB_P', 'EMB_P', 'EMB_P', 'EMB_P', 'EMB_P', 'EMB_P', 'EMB_P', 'EMB_P', 'EMB_P', 'EMB_P', 'EMB_P', 'EMB_P', 'EMB_P', 'EMB_P', 'EMB_P', 'EMB_P', 'EMB_P', 'EMB_P', 'EMB_P', 'EMB_P', 'EMB_P', 'EMB_P', 'EMB_P', 'EMB_P', 'EMB_P', 'EMB_P', 'EMB_P', 'EMB_P', 'EMB_P', 'EMB_P', 'EMB_P', 'EMB_P', 'EMB_P', 'EMB_P', 'EMB_P', 'EMB_P', 'EMB_P', 'EMB_P', 'EMB_P', 'EMB_P', 'EMB_P', 'EMB_P', 'EMB_P', 'EMB_P', 'EMB_P', 'EMB_P', 'EMB_P', 'EMB_P', 'EMB_P', 'EMB_P', 'EMB_P', 'EMB_P', 'EMB_P', 'EMB_P', 'EMB_P', 'EMB_P', 'EMB_P', 'EMB_P', 'EMB_P', 'EMB_P', 'EMB_P', 'EMB_P', 'EMB_P', 'EMB_P', 'EMB_P', 'EMB_P', 'EMB_P', 'EMB_P', 'EMB_P']"
223,Обслуговуванню,4-ку,28112:14_1145,Обслуговуванню я би поставив 4-ку.,6.33,5.67,"['EMB_O', 'ASP_B', 'ASP_I', 'ASP_I', 'ASP_I', 'ASP_E', 'EMB_O', 'EMB_O', 'EMB_O', 'EMB_O', 'EMB_O', 'EMB_O', 'EMB_O', 'EMB_O', 'EMB_O', 'EMB_O', 'EMB_P', 'EMB_P', 'EMB_P', 'EMB_P', 'EMB_P', 'EMB_P', 'EMB_P', 'EMB_P', 'EMB_P', 'EMB_P', 'EMB_P', 'EMB_P', 'EMB_P', 'EMB_P', 'EMB_P', 'EMB_P', 'EMB_P', 'EMB_P', 'EMB_P', 'EMB_P', 'EMB_P', 'EMB_P', 'EMB_P', 'EMB_P', 'EMB_P', 'EMB_P', 'EMB_P', 'EMB_P', 'EMB_P', 'EMB_P', 'EMB_P', 'EMB_P', 'EMB_P', 'EMB_P', 'EMB_P', 'EMB_P', 'EMB_P', 'EMB_P', 'EMB_P', 'EMB_P', 'EMB_P', 'EMB_P', 'EMB_P', 'EMB_P', 'EMB_P', 'EMB_P', 'EMB_P', 'EMB_P', 'EMB_P', 'EMB_P', 'EMB_P', 'EMB_P', 'EMB_P', 'EMB_P', 'EMB_P', 'EMB_P', 'EMB_P', 'EMB_P', 'EMB_P', 'EMB_P', 'EMB_P', 'EMB_P', 'EMB_P', 'EMB_P', 'EMB_P', 'EMB_P', 'EMB_P', 'EMB_P', 'EMB_P', 'EMB_P', 'EMB_P', 'EMB_P', 'EMB_P', 'EMB_P', 'EMB_P', 'EMB_P', 'EMB_P', 'EMB_P', 'EMB_P', 'EMB_P', 'EMB_P', 'EMB_P', 'EMB_P', 'EMB_P', 'EMB_P', 'EMB_P', 'EMB_P', 'EMB_P', 'EMB_P', 'EMB_P', 'EMB_P', 'EMB_P', 'EMB_P', 'EMB_P', 'EMB_P', 'EMB_P', 'EMB_P', 'EMB_P', 'EMB_P', 'EMB_P', 'EMB_P', 'EMB_P', 'EMB_P', 'EMB_P', 'EMB_P', 'EMB_P', 'EMB_P', 'EMB_P', 'EMB_P', 'EMB_P', 'EMB_P', 'EMB_P']","['EMB_O', 'EMB_O', 'EMB_O', 'EMB_O', 'EMB_O', 'EMB_O', 'EMB_O', 'EMB_O', 'EMB_O', 'EMB_O', 'OPN_B', 'OPN_I', 'OPN_I', 'OPN_E', 'EMB_O', 'EMB_O', 'EMB_P', 'EMB_P', 'EMB_P', 'EMB_P', 'EMB_P', 'EMB_P', 'EMB_P', 'EMB_P', 'EMB_P', 'EMB_P', 'EMB_P', 'EMB_P', 'EMB_P', 'EMB_P', 'EMB_P', 'EMB_P', 'EMB_P', 'EMB_P', 'EMB_P', 'EMB_P', 'EMB_P', 'EMB_P', 'EMB_P', 'EMB_P', 'EMB_P', 'EMB_P', 'EMB_P', 'EMB_P', 'EMB_P', 'EMB_P', 'EMB_P', 'EMB_P', 'EMB_P', 'EMB_P', 'EMB_P', 'EMB_P', 'EMB_P', 'EMB_P', 'EMB_P', 'EMB_P', 'EMB_P', 'EMB_P', 'EMB_P', 'EMB_P', 'EMB_P', 'EMB_P', 'EMB_P', 'EMB_P', 'EMB_P', 'EMB_P', 'EMB_P', 'EMB_P', 'EMB_P', 'EMB_P', 'EMB_P', 'EMB_P', 'EMB_P', 'EMB_P', 'EMB_P', 'EMB_P', 'EMB_P', 'EMB_P', 'EMB_P', 'EMB_P', 'EMB_P', 'EMB_P', 'EMB_P', 'EMB_P', 'EMB_P', 'EMB_P', 'EMB_P', 'EMB_P', 'EMB_P', 'EMB_P', 'EMB_P', 'EMB_P', 'EMB_P', 'EMB_P', 'EMB_P', 'EMB_P', 'EMB_P', 'EMB_P', 'EMB_P', 'EMB_P', 'EMB_P', 'EMB_P', 'EMB_P', 'EMB_P', 'EMB_P', 'EMB_P', 'EMB_P', 'EMB_P', 'EMB_P', 'EMB_P', 'EMB_P', 'EMB_P', 'EMB_P', 'EMB_P', 'EMB_P', 'EMB_P', 'EMB_P', 'EMB_P', 'EMB_P', 'EMB_P', 'EMB_P', 'EMB_P', 'EMB_P', 'EMB_P', 'EMB_P', 'EMB_P', 'EMB_P', 'EMB_P']"
224,офіціанти,не профі,28112:15_1146,"Все добре, швидко, але видно, що офіціанти не профі.",4.9,4.0,"['EMB_O', 'EMB_O', 'EMB_O', 'EMB_O', 'EMB_O', 'EMB_O', 'EMB_O', 'EMB_O', 'EMB_O', 'EMB_O', 'EMB_O', 'ASP_B', 'ASP_I', 'ASP_I', 'ASP_I', 'ASP_E', 'EMB_O', 'EMB_O', 'EMB_O', 'EMB_O', 'EMB_O', 'EMB_P', 'EMB_P', 'EMB_P', 'EMB_P', 'EMB_P', 'EMB_P', 'EMB_P', 'EMB_P', 'EMB_P', 'EMB_P', 'EMB_P', 'EMB_P', 'EMB_P', 'EMB_P', 'EMB_P', 'EMB_P', 'EMB_P', 'EMB_P', 'EMB_P', 'EMB_P', 'EMB_P', 'EMB_P', 'EMB_P', 'EMB_P', 'EMB_P', 'EMB_P', 'EMB_P', 'EMB_P', 'EMB_P', 'EMB_P', 'EMB_P', 'EMB_P', 'EMB_P', 'EMB_P', 'EMB_P', 'EMB_P', 'EMB_P', 'EMB_P', 'EMB_P', 'EMB_P', 'EMB_P', 'EMB_P', 'EMB_P', 'EMB_P', 'EMB_P', 'EMB_P', 'EMB_P', 'EMB_P', 'EMB_P', 'EMB_P', 'EMB_P', 'EMB_P', 'EMB_P', 'EMB_P', 'EMB_P', 'EMB_P', 'EMB_P', 'EMB_P', 'EMB_P', 'EMB_P', 'EMB_P', 'EMB_P', 'EMB_P', 'EMB_P', 'EMB_P', 'EMB_P', 'EMB_P', 'EMB_P', 'EMB_P', 'EMB_P', 'EMB_P', 'EMB_P', 'EMB_P', 'EMB_P', 'EMB_P', 'EMB_P', 'EMB_P', 'EMB_P', 'EMB_P', 'EMB_P', 'EMB_P', 'EMB_P', 'EMB_P', 'EMB_P', 'EMB_P', 'EMB_P', 'EMB_P', 'EMB_P', 'EMB_P', 'EMB_P', 'EMB_P', 'EMB_P', 'EMB_P', 'EMB_P', 'EMB_P', 'EMB_P', 'EMB_P', 'EMB_P', 'EMB_P', 'EMB_P', 'EMB_P', 'EMB_P', 'EMB_P', 'EMB_P', 'EMB_P', 'EMB_P', 'EMB_P']","['EMB_O', 'EMB_O', 'EMB_O', 'EMB_O', 'EMB_O', 'EMB_O', 'EMB_O', 'EMB_O', 'EMB_O', 'EMB_O', 'EMB_O', 'EMB_O', 'EMB_O', 'EMB_O', 'EMB_O', 'EMB_O', 'OPN_B', 'OPN_I', 'OPN_E', 'EMB_O', 'EMB_O', 'EMB_P', 'EMB_P', 'EMB_P', 'EMB_P', 'EMB_P', 'EMB_P', 'EMB_P', 'EMB_P', 'EMB_P', 'EMB_P', 'EMB_P', 'EMB_P', 'EMB_P', 'EMB_P', 'EMB_P', 'EMB_P', 'EMB_P', 'EMB_P', 'EMB_P', 'EMB_P', 'EMB_P', 'EMB_P', 'EMB_P', 'EMB_P', 'EMB_P', 'EMB_P', 'EMB_P', 'EMB_P', 'EMB_P', 'EMB_P', 'EMB_P', 'EMB_P', 'EMB_P', 'EMB_P', 'EMB_P', 'EMB_P', 'EMB_P', 'EMB_P', 'EMB_P', 'EMB_P', 'EMB_P', 'EMB_P', 'EMB_P', 'EMB_P', 'EMB_P', 'EMB_P', 'EMB_P', 'EMB_P', 'EMB_P', 'EMB_P', 'EMB_P', 'EMB_P', 'EMB_P', 'EMB_P', 'EMB_P', 'EMB_P', 'EMB_P', 'EMB_P', 'EMB_P', 'EMB_P', 'EMB_P', 'EMB_P', 'EMB_P', 'EMB_P', 'EMB_P', 'EMB_P', 'EMB_P', 'EMB_P', 'EMB_P', 'EMB_P', 'EMB_P', 'EMB_P', 'EMB_P', 'EMB_P', 'EMB_P', 'EMB_P', 'EMB_P', 'EMB_P', 'EMB_P', 'EMB_P', 'EMB_P', 'EMB_P', 'EMB_P', 'EMB_P', 'EMB_P', 'EMB_P', 'EMB_P', 'EMB_P', 'EMB_P', 'EMB_P', 'EMB_P', 'EMB_P', 'EMB_P', 'EMB_P', 'EMB_P', 'EMB_P', 'EMB_P', 'EMB_P', 'EMB_P', 'EMB_P', 'EMB_P', 'EMB_P', 'EMB_P', 'EMB_P', 'EMB_P', 'EMB_P', 'EMB_P']"
225,музика,дуже приємна,28112:20_1147,"І поїсти можна, і поговорити (музика дуже приємна і неголосна) і даму привести і День народження відзначити.",7.4,6.6,"['EMB_O', 'EMB_O', 'EMB_O', 'EMB_O', 'EMB_O', 'EMB_O', 'EMB_O', 'EMB_O', 'EMB_O', 'EMB_O', 'EMB_O', 'EMB_O', 'ASP_S', 'EMB_O', 'EMB_O', 'EMB_O', 'EMB_O', 'EMB_O', 'EMB_O', 'EMB_O', 'EMB_O', 'EMB_O', 'EMB_O', 'EMB_O', 'EMB_O', 'EMB_O', 'EMB_O', 'EMB_O', 'EMB_O', 'EMB_O', 'EMB_O', 'EMB_O', 'EMB_O', 'EMB_O', 'EMB_P', 'EMB_P', 'EMB_P', 'EMB_P', 'EMB_P', 'EMB_P', 'EMB_P', 'EMB_P', 'EMB_P', 'EMB_P', 'EMB_P', 'EMB_P', 'EMB_P', 'EMB_P', 'EMB_P', 'EMB_P', 'EMB_P', 'EMB_P', 'EMB_P', 'EMB_P', 'EMB_P', 'EMB_P', 'EMB_P', 'EMB_P', 'EMB_P', 'EMB_P', 'EMB_P', 'EMB_P', 'EMB_P', 'EMB_P', 'EMB_P', 'EMB_P', 'EMB_P', 'EMB_P', 'EMB_P', 'EMB_P', 'EMB_P', 'EMB_P', 'EMB_P', 'EMB_P', 'EMB_P', 'EMB_P', 'EMB_P', 'EMB_P', 'EMB_P', 'EMB_P', 'EMB_P', 'EMB_P', 'EMB_P', 'EMB_P', 'EMB_P', 'EMB_P', 'EMB_P', 'EMB_P', 'EMB_P', 'EMB_P', 'EMB_P', 'EMB_P', 'EMB_P', 'EMB_P', 'EMB_P', 'EMB_P', 'EMB_P', 'EMB_P', 'EMB_P', 'EMB_P', 'EMB_P', 'EMB_P', 'EMB_P', 'EMB_P', 'EMB_P', 'EMB_P', 'EMB_P', 'EMB_P', 'EMB_P', 'EMB_P', 'EMB_P', 'EMB_P', 'EMB_P', 'EMB_P', 'EMB_P', 'EMB_P', 'EMB_P', 'EMB_P', 'EMB_P', 'EMB_P', 'EMB_P', 'EMB_P', 'EMB_P', 'EMB_P', 'EMB_P', 'EMB_P', 'EMB_P', 'EMB_P']","['EMB_O', 'EMB_O', 'EMB_O', 'EMB_O', 'EMB_O', 'EMB_O', 'EMB_O', 'EMB_O', 'EMB_O', 'EMB_O', 'EMB_O', 'EMB_O', 'EMB_O', 'OPN_B', 'OPN_I', 'OPN_I', 'OPN_E', 'EMB_O', 'EMB_O', 'EMB_O', 'EMB_O', 'EMB_O', 'EMB_O', 'EMB_O', 'EMB_O', 'EMB_O', 'EMB_O', 'EMB_O', 'EMB_O', 'EMB_O', 'EMB_O', 'EMB_O', 'EMB_O', 'EMB_O', 'EMB_P', 'EMB_P', 'EMB_P', 'EMB_P', 'EMB_P', 'EMB_P', 'EMB_P', 'EMB_P', 'EMB_P', 'EMB_P', 'EMB_P', 'EMB_P', 'EMB_P', 'EMB_P', 'EMB_P', 'EMB_P', 'EMB_P', 'EMB_P', 'EMB_P', 'EMB_P', 'EMB_P', 'EMB_P', 'EMB_P', 'EMB_P', 'EMB_P', 'EMB_P', 'EMB_P', 'EMB_P', 'EMB_P', 'EMB_P', 'EMB_P', 'EMB_P', 'EMB_P', 'EMB_P', 'EMB_P', 'EMB_P', 'EMB_P', 'EMB_P', 'EMB_P', 'EMB_P', 'EMB_P', 'EMB_P', 'EMB_P', 'EMB_P', 'EMB_P', 'EMB_P', 'EMB_P', 'EMB_P', 'EMB_P', 'EMB_P', 'EMB_P', 'EMB_P', 'EMB_P', 'EMB_P', 'EMB_P', 'EMB_P', 'EMB_P', 'EMB_P', 'EMB_P', 'EMB_P', 'EMB_P', 'EMB_P', 'EMB_P', 'EMB_P', 'EMB_P', 'EMB_P', 'EMB_P', 'EMB_P', 'EMB_P', 'EMB_P', 'EMB_P', 'EMB_P', 'EMB_P', 'EMB_P', 'EMB_P', 'EMB_P', 'EMB_P', 'EMB_P', 'EMB_P', 'EMB_P', 'EMB_P', 'EMB_P', 'EMB_P', 'EMB_P', 'EMB_P', 'EMB_P', 'EMB_P', 'EMB_P', 'EMB_P', 'EMB_P', 'EMB_P', 'EMB_P', 'EMB_P', 'EMB_P']"
226,паркувальник,допоміг,28258:1_1148,"Першим нас зустрів паркувальник, допоміг припаркуватися і навіть відчинив двері та ввічливо нас привітав.",7.17,7.17,"['EMB_O', 'EMB_O', 'EMB_O', 'EMB_O', 'EMB_O', 'EMB_O', 'EMB_O', 'EMB_O', 'ASP_B', 'ASP_I', 'ASP_I', 'ASP_E', 'EMB_O', 'EMB_O', 'EMB_O', 'EMB_O', 'EMB_O', 'EMB_O', 'EMB_O', 'EMB_O', 'EMB_O', 'EMB_O', 'EMB_O', 'EMB_O', 'EMB_O', 'EMB_O', 'EMB_O', 'EMB_O', 'EMB_O', 'EMB_O', 'EMB_O', 'EMB_O', 'EMB_O', 'EMB_O', 'EMB_O', 'EMB_O', 'EMB_O', 'EMB_P', 'EMB_P', 'EMB_P', 'EMB_P', 'EMB_P', 'EMB_P', 'EMB_P', 'EMB_P', 'EMB_P', 'EMB_P', 'EMB_P', 'EMB_P', 'EMB_P', 'EMB_P', 'EMB_P', 'EMB_P', 'EMB_P', 'EMB_P', 'EMB_P', 'EMB_P', 'EMB_P', 'EMB_P', 'EMB_P', 'EMB_P', 'EMB_P', 'EMB_P', 'EMB_P', 'EMB_P', 'EMB_P', 'EMB_P', 'EMB_P', 'EMB_P', 'EMB_P', 'EMB_P', 'EMB_P', 'EMB_P', 'EMB_P', 'EMB_P', 'EMB_P', 'EMB_P', 'EMB_P', 'EMB_P', 'EMB_P', 'EMB_P', 'EMB_P', 'EMB_P', 'EMB_P', 'EMB_P', 'EMB_P', 'EMB_P', 'EMB_P', 'EMB_P', 'EMB_P', 'EMB_P', 'EMB_P', 'EMB_P', 'EMB_P', 'EMB_P', 'EMB_P', 'EMB_P', 'EMB_P', 'EMB_P', 'EMB_P', 'EMB_P', 'EMB_P', 'EMB_P', 'EMB_P', 'EMB_P', 'EMB_P', 'EMB_P', 'EMB_P', 'EMB_P', 'EMB_P', 'EMB_P', 'EMB_P', 'EMB_P', 'EMB_P', 'EMB_P', 'EMB_P', 'EMB_P', 'EMB_P', 'EMB_P', 'EMB_P', 'EMB_P', 'EMB_P', 'EMB_P', 'EMB_P', 'EMB_P', 'EMB_P', 'EMB_P', 'EMB_P']","['EMB_O', 'EMB_O', 'EMB_O', 'EMB_O', 'EMB_O', 'EMB_O', 'EMB_O', 'EMB_O', 'EMB_O', 'EMB_O', 'EMB_O', 'EMB_O', 'EMB_O', 'OPN_B', 'OPN_I', 'OPN_E', 'EMB_O', 'EMB_O', 'EMB_O', 'EMB_O', 'EMB_O', 'EMB_O', 'EMB_O', 'EMB_O', 'EMB_O', 'EMB_O', 'EMB_O', 'EMB_O', 'EMB_O', 'EMB_O', 'EMB_O', 'EMB_O', 'EMB_O', 'EMB_O', 'EMB_O', 'EMB_O', 'EMB_O', 'EMB_P', 'EMB_P', 'EMB_P', 'EMB_P', 'EMB_P', 'EMB_P', 'EMB_P', 'EMB_P', 'EMB_P', 'EMB_P', 'EMB_P', 'EMB_P', 'EMB_P', 'EMB_P', 'EMB_P', 'EMB_P', 'EMB_P', 'EMB_P', 'EMB_P', 'EMB_P', 'EMB_P', 'EMB_P', 'EMB_P', 'EMB_P', 'EMB_P', 'EMB_P', 'EMB_P', 'EMB_P', 'EMB_P', 'EMB_P', 'EMB_P', 'EMB_P', 'EMB_P', 'EMB_P', 'EMB_P', 'EMB_P', 'EMB_P', 'EMB_P', 'EMB_P', 'EMB_P', 'EMB_P', 'EMB_P', 'EMB_P', 'EMB_P', 'EMB_P', 'EMB_P', 'EMB_P', 'EMB_P', 'EMB_P', 'EMB_P', 'EMB_P', 'EMB_P', 'EMB_P', 'EMB_P', 'EMB_P', 'EMB_P', 'EMB_P', 'EMB_P', 'EMB_P', 'EMB_P', 'EMB_P', 'EMB_P', 'EMB_P', 'EMB_P', 'EMB_P', 'EMB_P', 'EMB_P', 'EMB_P', 'EMB_P', 'EMB_P', 'EMB_P', 'EMB_P', 'EMB_P', 'EMB_P', 'EMB_P', 'EMB_P', 'EMB_P', 'EMB_P', 'EMB_P', 'EMB_P', 'EMB_P', 'EMB_P', 'EMB_P', 'EMB_P', 'EMB_P', 'EMB_P', 'EMB_P', 'EMB_P', 'EMB_P', 'EMB_P', 'EMB_P']"
227,Інтер'єр,подобається,28258:2_1149,"Інтер'єр ресторану мені подобається, я люблю такий дизайн.",6.8,6.2,"['EMB_O', 'ASP_B', 'ASP_I', 'ASP_I', 'ASP_I', 'ASP_E', 'EMB_O', 'EMB_O', 'EMB_O', 'EMB_O', 'EMB_O', 'EMB_O', 'EMB_O', 'EMB_O', 'EMB_O', 'EMB_O', 'EMB_O', 'EMB_O', 'EMB_O', 'EMB_O', 'EMB_O', 'EMB_O', 'EMB_O', 'EMB_O', 'EMB_P', 'EMB_P', 'EMB_P', 'EMB_P', 'EMB_P', 'EMB_P', 'EMB_P', 'EMB_P', 'EMB_P', 'EMB_P', 'EMB_P', 'EMB_P', 'EMB_P', 'EMB_P', 'EMB_P', 'EMB_P', 'EMB_P', 'EMB_P', 'EMB_P', 'EMB_P', 'EMB_P', 'EMB_P', 'EMB_P', 'EMB_P', 'EMB_P', 'EMB_P', 'EMB_P', 'EMB_P', 'EMB_P', 'EMB_P', 'EMB_P', 'EMB_P', 'EMB_P', 'EMB_P', 'EMB_P', 'EMB_P', 'EMB_P', 'EMB_P', 'EMB_P', 'EMB_P', 'EMB_P', 'EMB_P', 'EMB_P', 'EMB_P', 'EMB_P', 'EMB_P', 'EMB_P', 'EMB_P', 'EMB_P', 'EMB_P', 'EMB_P', 'EMB_P', 'EMB_P', 'EMB_P', 'EMB_P', 'EMB_P', 'EMB_P', 'EMB_P', 'EMB_P', 'EMB_P', 'EMB_P', 'EMB_P', 'EMB_P', 'EMB_P', 'EMB_P', 'EMB_P', 'EMB_P', 'EMB_P', 'EMB_P', 'EMB_P', 'EMB_P', 'EMB_P', 'EMB_P', 'EMB_P', 'EMB_P', 'EMB_P', 'EMB_P', 'EMB_P', 'EMB_P', 'EMB_P', 'EMB_P', 'EMB_P', 'EMB_P', 'EMB_P', 'EMB_P', 'EMB_P', 'EMB_P', 'EMB_P', 'EMB_P', 'EMB_P', 'EMB_P', 'EMB_P', 'EMB_P', 'EMB_P', 'EMB_P', 'EMB_P', 'EMB_P', 'EMB_P', 'EMB_P', 'EMB_P', 'EMB_P', 'EMB_P', 'EMB_P', 'EMB_P']","['EMB_O', 'EMB_O', 'EMB_O', 'EMB_O', 'EMB_O', 'EMB_O', 'EMB_O', 'EMB_O', 'EMB_O', 'EMB_O', 'EMB_O', 'OPN_B', 'OPN_I', 'OPN_E', 'EMB_O', 'EMB_O', 'EMB_O', 'EMB_O', 'EMB_O', 'EMB_O', 'EMB_O', 'EMB_O', 'EMB_O', 'EMB_O', 'EMB_P', 'EMB_P', 'EMB_P', 'EMB_P', 'EMB_P', 'EMB_P', 'EMB_P', 'EMB_P', 'EMB_P', 'EMB_P', 'EMB_P', 'EMB_P', 'EMB_P', 'EMB_P', 'EMB_P', 'EMB_P', 'EMB_P', 'EMB_P', 'EMB_P', 'EMB_P', 'EMB_P', 'EMB_P', 'EMB_P', 'EMB_P', 'EMB_P', 'EMB_P', 'EMB_P', 'EMB_P', 'EMB_P', 'EMB_P', 'EMB_P', 'EMB_P', 'EMB_P', 'EMB_P', 'EMB_P', 'EMB_P', 'EMB_P', 'EMB_P', 'EMB_P', 'EMB_P', 'EMB_P', 'EMB_P', 'EMB_P', 'EMB_P', 'EMB_P', 'EMB_P', 'EMB_P', 'EMB_P', 'EMB_P', 'EMB_P', 'EMB_P', 'EMB_P', 'EMB_P', 'EMB_P', 'EMB_P', 'EMB_P', 'EMB_P', 'EMB_P', 'EMB_P', 'EMB_P', 'EMB_P', 'EMB_P', 'EMB_P', 'EMB_P', 'EMB_P', 'EMB_P', 'EMB_P', 'EMB_P', 'EMB_P', 'EMB_P', 'EMB_P', 'EMB_P', 'EMB_P', 'EMB_P', 'EMB_P', 'EMB_P', 'EMB_P', 'EMB_P', 'EMB_P', 'EMB_P', 'EMB_P', 'EMB_P', 'EMB_P', 'EMB_P', 'EMB_P', 'EMB_P', 'EMB_P', 'EMB_P', 'EMB_P', 'EMB_P', 'EMB_P', 'EMB_P', 'EMB_P', 'EMB_P', 'EMB_P', 'EMB_P', 'EMB_P', 'EMB_P', 'EMB_P', 'EMB_P', 'EMB_P', 'EMB_P', 'EMB_P', 'EMB_P']"
228,дизайн,люблю,28258:2_1149,"Інтер'єр ресторану мені подобається, я люблю такий дизайн.",7.4,6.9,"['EMB_O', 'EMB_O', 'EMB_O', 'EMB_O', 'EMB_O', 'EMB_O', 'EMB_O', 'EMB_O', 'EMB_O', 'EMB_O', 'EMB_O', 'EMB_O', 'EMB_O', 'EMB_O', 'EMB_O', 'EMB_O', 'EMB_O', 'EMB_O', 'EMB_O', 'EMB_O', 'EMB_O', 'ASP_S', 'EMB_O', 'EMB_O', 'EMB_P', 'EMB_P', 'EMB_P', 'EMB_P', 'EMB_P', 'EMB_P', 'EMB_P', 'EMB_P', 'EMB_P', 'EMB_P', 'EMB_P', 'EMB_P', 'EMB_P', 'EMB_P', 'EMB_P', 'EMB_P', 'EMB_P', 'EMB_P', 'EMB_P', 'EMB_P', 'EMB_P', 'EMB_P', 'EMB_P', 'EMB_P', 'EMB_P', 'EMB_P', 'EMB_P', 'EMB_P', 'EMB_P', 'EMB_P', 'EMB_P', 'EMB_P', 'EMB_P', 'EMB_P', 'EMB_P', 'EMB_P', 'EMB_P', 'EMB_P', 'EMB_P', 'EMB_P', 'EMB_P', 'EMB_P', 'EMB_P', 'EMB_P', 'EMB_P', 'EMB_P', 'EMB_P', 'EMB_P', 'EMB_P', 'EMB_P', 'EMB_P', 'EMB_P', 'EMB_P', 'EMB_P', 'EMB_P', 'EMB_P', 'EMB_P', 'EMB_P', 'EMB_P', 'EMB_P', 'EMB_P', 'EMB_P', 'EMB_P', 'EMB_P', 'EMB_P', 'EMB_P', 'EMB_P', 'EMB_P', 'EMB_P', 'EMB_P', 'EMB_P', 'EMB_P', 'EMB_P', 'EMB_P', 'EMB_P', 'EMB_P', 'EMB_P', 'EMB_P', 'EMB_P', 'EMB_P', 'EMB_P', 'EMB_P', 'EMB_P', 'EMB_P', 'EMB_P', 'EMB_P', 'EMB_P', 'EMB_P', 'EMB_P', 'EMB_P', 'EMB_P', 'EMB_P', 'EMB_P', 'EMB_P', 'EMB_P', 'EMB_P', 'EMB_P', 'EMB_P', 'EMB_P', 'EMB_P', 'EMB_P', 'EMB_P', 'EMB_P', 'EMB_P']","['EMB_O', 'EMB_O', 'EMB_O', 'EMB_O', 'EMB_O', 'EMB_O', 'EMB_O', 'EMB_O', 'EMB_O', 'EMB_O', 'EMB_O', 'EMB_O', 'EMB_O', 'EMB_O', 'EMB_O', 'EMB_O', 'OPN_B', 'OPN_I', 'OPN_I', 'OPN_E', 'EMB_O', 'EMB_O', 'EMB_O', 'EMB_O', 'EMB_P', 'EMB_P', 'EMB_P', 'EMB_P', 'EMB_P', 'EMB_P', 'EMB_P', 'EMB_P', 'EMB_P', 'EMB_P', 'EMB_P', 'EMB_P', 'EMB_P', 'EMB_P', 'EMB_P', 'EMB_P', 'EMB_P', 'EMB_P', 'EMB_P', 'EMB_P', 'EMB_P', 'EMB_P', 'EMB_P', 'EMB_P', 'EMB_P', 'EMB_P', 'EMB_P', 'EMB_P', 'EMB_P', 'EMB_P', 'EMB_P', 'EMB_P', 'EMB_P', 'EMB_P', 'EMB_P', 'EMB_P', 'EMB_P', 'EMB_P', 'EMB_P', 'EMB_P', 'EMB_P', 'EMB_P', 'EMB_P', 'EMB_P', 'EMB_P', 'EMB_P', 'EMB_P', 'EMB_P', 'EMB_P', 'EMB_P', 'EMB_P', 'EMB_P', 'EMB_P', 'EMB_P', 'EMB_P', 'EMB_P', 'EMB_P', 'EMB_P', 'EMB_P', 'EMB_P', 'EMB_P', 'EMB_P', 'EMB_P', 'EMB_P', 'EMB_P', 'EMB_P', 'EMB_P', 'EMB_P', 'EMB_P', 'EMB_P', 'EMB_P', 'EMB_P', 'EMB_P', 'EMB_P', 'EMB_P', 'EMB_P', 'EMB_P', 'EMB_P', 'EMB_P', 'EMB_P', 'EMB_P', 'EMB_P', 'EMB_P', 'EMB_P', 'EMB_P', 'EMB_P', 'EMB_P', 'EMB_P', 'EMB_P', 'EMB_P', 'EMB_P', 'EMB_P', 'EMB_P', 'EMB_P', 'EMB_P', 'EMB_P', 'EMB_P', 'EMB_P', 'EMB_P', 'EMB_P', 'EMB_P', 'EMB_P', 'EMB_P', 'EMB_P']"
229,дівчина,приємна,28258:4_1150,Нас обслуговувала приємна дівчина.,6.8,6.2,"['EMB_O', 'EMB_O', 'EMB_O', 'EMB_O', 'EMB_O', 'EMB_O', 'EMB_O', 'EMB_O', 'EMB_O', 'EMB_O', 'ASP_B', 'ASP_I', 'ASP_E', 'EMB_O', 'EMB_O', 'EMB_P', 'EMB_P', 'EMB_P', 'EMB_P', 'EMB_P', 'EMB_P', 'EMB_P', 'EMB_P', 'EMB_P', 'EMB_P', 'EMB_P', 'EMB_P', 'EMB_P', 'EMB_P', 'EMB_P', 'EMB_P', 'EMB_P', 'EMB_P', 'EMB_P', 'EMB_P', 'EMB_P', 'EMB_P', 'EMB_P', 'EMB_P', 'EMB_P', 'EMB_P', 'EMB_P', 'EMB_P', 'EMB_P', 'EMB_P', 'EMB_P', 'EMB_P', 'EMB_P', 'EMB_P', 'EMB_P', 'EMB_P', 'EMB_P', 'EMB_P', 'EMB_P', 'EMB_P', 'EMB_P', 'EMB_P', 'EMB_P', 'EMB_P', 'EMB_P', 'EMB_P', 'EMB_P', 'EMB_P', 'EMB_P', 'EMB_P', 'EMB_P', 'EMB_P', 'EMB_P', 'EMB_P', 'EMB_P', 'EMB_P', 'EMB_P', 'EMB_P', 'EMB_P', 'EMB_P', 'EMB_P', 'EMB_P', 'EMB_P', 'EMB_P', 'EMB_P', 'EMB_P', 'EMB_P', 'EMB_P', 'EMB_P', 'EMB_P', 'EMB_P', 'EMB_P', 'EMB_P', 'EMB_P', 'EMB_P', 'EMB_P', 'EMB_P', 'EMB_P', 'EMB_P', 'EMB_P', 'EMB_P', 'EMB_P', 'EMB_P', 'EMB_P', 'EMB_P', 'EMB_P', 'EMB_P', 'EMB_P', 'EMB_P', 'EMB_P', 'EMB_P', 'EMB_P', 'EMB_P', 'EMB_P', 'EMB_P', 'EMB_P', 'EMB_P', 'EMB_P', 'EMB_P', 'EMB_P', 'EMB_P', 'EMB_P', 'EMB_P', 'EMB_P', 'EMB_P', 'EMB_P', 'EMB_P', 'EMB_P', 'EMB_P', 'EMB_P', 'EMB_P', 'EMB_P', 'EMB_P']","['EMB_O', 'EMB_O', 'EMB_O', 'EMB_O', 'EMB_O', 'EMB_O', 'EMB_O', 'OPN_B', 'OPN_I', 'OPN_E', 'EMB_O', 'EMB_O', 'EMB_O', 'EMB_O', 'EMB_O', 'EMB_P', 'EMB_P', 'EMB_P', 'EMB_P', 'EMB_P', 'EMB_P', 'EMB_P', 'EMB_P', 'EMB_P', 'EMB_P', 'EMB_P', 'EMB_P', 'EMB_P', 'EMB_P', 'EMB_P', 'EMB_P', 'EMB_P', 'EMB_P', 'EMB_P', 'EMB_P', 'EMB_P', 'EMB_P', 'EMB_P', 'EMB_P', 'EMB_P', 'EMB_P', 'EMB_P', 'EMB_P', 'EMB_P', 'EMB_P', 'EMB_P', 'EMB_P', 'EMB_P', 'EMB_P', 'EMB_P', 'EMB_P', 'EMB_P', 'EMB_P', 'EMB_P', 'EMB_P', 'EMB_P', 'EMB_P', 'EMB_P', 'EMB_P', 'EMB_P', 'EMB_P', 'EMB_P', 'EMB_P', 'EMB_P', 'EMB_P', 'EMB_P', 'EMB_P', 'EMB_P', 'EMB_P', 'EMB_P', 'EMB_P', 'EMB_P', 'EMB_P', 'EMB_P', 'EMB_P', 'EMB_P', 'EMB_P', 'EMB_P', 'EMB_P', 'EMB_P', 'EMB_P', 'EMB_P', 'EMB_P', 'EMB_P', 'EMB_P', 'EMB_P', 'EMB_P', 'EMB_P', 'EMB_P', 'EMB_P', 'EMB_P', 'EMB_P', 'EMB_P', 'EMB_P', 'EMB_P', 'EMB_P', 'EMB_P', 'EMB_P', 'EMB_P', 'EMB_P', 'EMB_P', 'EMB_P', 'EMB_P', 'EMB_P', 'EMB_P', 'EMB_P', 'EMB_P', 'EMB_P', 'EMB_P', 'EMB_P', 'EMB_P', 'EMB_P', 'EMB_P', 'EMB_P', 'EMB_P', 'EMB_P', 'EMB_P', 'EMB_P', 'EMB_P', 'EMB_P', 'EMB_P', 'EMB_P', 'EMB_P', 'EMB_P', 'EMB_P', 'EMB_P', 'EMB_P', 'EMB_P']"
230,Меню,велике,28258:7_1151,"Меню ресторану велике у вигляді журналу, є все що завгодно....вареники, Суші, вок, пасти і т. д.",7.25,6.5,"['EMB_O', 'ASP_B', 'ASP_I', 'ASP_E', 'EMB_O', 'EMB_O', 'EMB_O', 'EMB_O', 'EMB_O', 'EMB_O', 'EMB_O', 'EMB_O', 'EMB_O', 'EMB_O', 'EMB_O', 'EMB_O', 'EMB_O', 'EMB_O', 'EMB_O', 'EMB_O', 'EMB_O', 'EMB_O', 'EMB_O', 'EMB_O', 'EMB_O', 'EMB_O', 'EMB_O', 'EMB_O', 'EMB_O', 'EMB_O', 'EMB_O', 'EMB_O', 'EMB_O', 'EMB_O', 'EMB_O', 'EMB_O', 'EMB_O', 'EMB_O', 'EMB_O', 'EMB_O', 'EMB_O', 'EMB_P', 'EMB_P', 'EMB_P', 'EMB_P', 'EMB_P', 'EMB_P', 'EMB_P', 'EMB_P', 'EMB_P', 'EMB_P', 'EMB_P', 'EMB_P', 'EMB_P', 'EMB_P', 'EMB_P', 'EMB_P', 'EMB_P', 'EMB_P', 'EMB_P', 'EMB_P', 'EMB_P', 'EMB_P', 'EMB_P', 'EMB_P', 'EMB_P', 'EMB_P', 'EMB_P', 'EMB_P', 'EMB_P', 'EMB_P', 'EMB_P', 'EMB_P', 'EMB_P', 'EMB_P', 'EMB_P', 'EMB_P', 'EMB_P', 'EMB_P', 'EMB_P', 'EMB_P', 'EMB_P', 'EMB_P', 'EMB_P', 'EMB_P', 'EMB_P', 'EMB_P', 'EMB_P', 'EMB_P', 'EMB_P', 'EMB_P', 'EMB_P', 'EMB_P', 'EMB_P', 'EMB_P', 'EMB_P', 'EMB_P', 'EMB_P', 'EMB_P', 'EMB_P', 'EMB_P', 'EMB_P', 'EMB_P', 'EMB_P', 'EMB_P', 'EMB_P', 'EMB_P', 'EMB_P', 'EMB_P', 'EMB_P', 'EMB_P', 'EMB_P', 'EMB_P', 'EMB_P', 'EMB_P', 'EMB_P', 'EMB_P', 'EMB_P', 'EMB_P', 'EMB_P', 'EMB_P', 'EMB_P', 'EMB_P', 'EMB_P', 'EMB_P', 'EMB_P', 'EMB_P', 'EMB_P']","['EMB_O', 'EMB_O', 'EMB_O', 'EMB_O', 'EMB_O', 'EMB_O', 'EMB_O', 'OPN_S', 'EMB_O', 'EMB_O', 'EMB_O', 'EMB_O', 'EMB_O', 'EMB_O', 'EMB_O', 'EMB_O', 'EMB_O', 'EMB_O', 'EMB_O', 'EMB_O', 'EMB_O', 'EMB_O', 'EMB_O', 'EMB_O', 'EMB_O', 'EMB_O', 'EMB_O', 'EMB_O', 'EMB_O', 'EMB_O', 'EMB_O', 'EMB_O', 'EMB_O', 'EMB_O', 'EMB_O', 'EMB_O', 'EMB_O', 'EMB_O', 'EMB_O', 'EMB_O', 'EMB_O', 'EMB_P', 'EMB_P', 'EMB_P', 'EMB_P', 'EMB_P', 'EMB_P', 'EMB_P', 'EMB_P', 'EMB_P', 'EMB_P', 'EMB_P', 'EMB_P', 'EMB_P', 'EMB_P', 'EMB_P', 'EMB_P', 'EMB_P', 'EMB_P', 'EMB_P', 'EMB_P', 'EMB_P', 'EMB_P', 'EMB_P', 'EMB_P', 'EMB_P', 'EMB_P', 'EMB_P', 'EMB_P', 'EMB_P', 'EMB_P', 'EMB_P', 'EMB_P', 'EMB_P', 'EMB_P', 'EMB_P', 'EMB_P', 'EMB_P', 'EMB_P', 'EMB_P', 'EMB_P', 'EMB_P', 'EMB_P', 'EMB_P', 'EMB_P', 'EMB_P', 'EMB_P', 'EMB_P', 'EMB_P', 'EMB_P', 'EMB_P', 'EMB_P', 'EMB_P', 'EMB_P', 'EMB_P', 'EMB_P', 'EMB_P', 'EMB_P', 'EMB_P', 'EMB_P', 'EMB_P', 'EMB_P', 'EMB_P', 'EMB_P', 'EMB_P', 'EMB_P', 'EMB_P', 'EMB_P', 'EMB_P', 'EMB_P', 'EMB_P', 'EMB_P', 'EMB_P', 'EMB_P', 'EMB_P', 'EMB_P', 'EMB_P', 'EMB_P', 'EMB_P', 'EMB_P', 'EMB_P', 'EMB_P', 'EMB_P', 'EMB_P', 'EMB_P', 'EMB_P', 'EMB_P', 'EMB_P']"
231,Дизайн меню,цікавий,28258:8_1152,"Дизайн меню цікавий, дизайнери молодці!",7.1,6.5,"['EMB_O', 'ASP_B', 'ASP_I', 'ASP_I', 'ASP_I', 'ASP_E', 'EMB_O', 'EMB_O', 'EMB_O', 'EMB_O', 'EMB_O', 'EMB_O', 'EMB_O', 'EMB_O', 'EMB_O', 'EMB_O', 'EMB_O', 'EMB_O', 'EMB_P', 'EMB_P', 'EMB_P', 'EMB_P', 'EMB_P', 'EMB_P', 'EMB_P', 'EMB_P', 'EMB_P', 'EMB_P', 'EMB_P', 'EMB_P', 'EMB_P', 'EMB_P', 'EMB_P', 'EMB_P', 'EMB_P', 'EMB_P', 'EMB_P', 'EMB_P', 'EMB_P', 'EMB_P', 'EMB_P', 'EMB_P', 'EMB_P', 'EMB_P', 'EMB_P', 'EMB_P', 'EMB_P', 'EMB_P', 'EMB_P', 'EMB_P', 'EMB_P', 'EMB_P', 'EMB_P', 'EMB_P', 'EMB_P', 'EMB_P', 'EMB_P', 'EMB_P', 'EMB_P', 'EMB_P', 'EMB_P', 'EMB_P', 'EMB_P', 'EMB_P', 'EMB_P', 'EMB_P', 'EMB_P', 'EMB_P', 'EMB_P', 'EMB_P', 'EMB_P', 'EMB_P', 'EMB_P', 'EMB_P', 'EMB_P', 'EMB_P', 'EMB_P', 'EMB_P', 'EMB_P', 'EMB_P', 'EMB_P', 'EMB_P', 'EMB_P', 'EMB_P', 'EMB_P', 'EMB_P', 'EMB_P', 'EMB_P', 'EMB_P', 'EMB_P', 'EMB_P', 'EMB_P', 'EMB_P', 'EMB_P', 'EMB_P', 'EMB_P', 'EMB_P', 'EMB_P', 'EMB_P', 'EMB_P', 'EMB_P', 'EMB_P', 'EMB_P', 'EMB_P', 'EMB_P', 'EMB_P', 'EMB_P', 'EMB_P', 'EMB_P', 'EMB_P', 'EMB_P', 'EMB_P', 'EMB_P', 'EMB_P', 'EMB_P', 'EMB_P', 'EMB_P', 'EMB_P', 'EMB_P', 'EMB_P', 'EMB_P', 'EMB_P', 'EMB_P', 'EMB_P', 'EMB_P', 'EMB_P', 'EMB_P', 'EMB_P']","['EMB_O', 'EMB_O', 'EMB_O', 'EMB_O', 'EMB_O', 'EMB_O', 'OPN_B', 'OPN_I', 'OPN_E', 'EMB_O', 'EMB_O', 'EMB_O', 'EMB_O', 'EMB_O', 'EMB_O', 'EMB_O', 'EMB_O', 'EMB_O', 'EMB_P', 'EMB_P', 'EMB_P', 'EMB_P', 'EMB_P', 'EMB_P', 'EMB_P', 'EMB_P', 'EMB_P', 'EMB_P', 'EMB_P', 'EMB_P', 'EMB_P', 'EMB_P', 'EMB_P', 'EMB_P', 'EMB_P', 'EMB_P', 'EMB_P', 'EMB_P', 'EMB_P', 'EMB_P', 'EMB_P', 'EMB_P', 'EMB_P', 'EMB_P', 'EMB_P', 'EMB_P', 'EMB_P', 'EMB_P', 'EMB_P', 'EMB_P', 'EMB_P', 'EMB_P', 'EMB_P', 'EMB_P', 'EMB_P', 'EMB_P', 'EMB_P', 'EMB_P', 'EMB_P', 'EMB_P', 'EMB_P', 'EMB_P', 'EMB_P', 'EMB_P', 'EMB_P', 'EMB_P', 'EMB_P', 'EMB_P', 'EMB_P', 'EMB_P', 'EMB_P', 'EMB_P', 'EMB_P', 'EMB_P', 'EMB_P', 'EMB_P', 'EMB_P', 'EMB_P', 'EMB_P', 'EMB_P', 'EMB_P', 'EMB_P', 'EMB_P', 'EMB_P', 'EMB_P', 'EMB_P', 'EMB_P', 'EMB_P', 'EMB_P', 'EMB_P', 'EMB_P', 'EMB_P', 'EMB_P', 'EMB_P', 'EMB_P', 'EMB_P', 'EMB_P', 'EMB_P', 'EMB_P', 'EMB_P', 'EMB_P', 'EMB_P', 'EMB_P', 'EMB_P', 'EMB_P', 'EMB_P', 'EMB_P', 'EMB_P', 'EMB_P', 'EMB_P', 'EMB_P', 'EMB_P', 'EMB_P', 'EMB_P', 'EMB_P', 'EMB_P', 'EMB_P', 'EMB_P', 'EMB_P', 'EMB_P', 'EMB_P', 'EMB_P', 'EMB_P', 'EMB_P', 'EMB_P', 'EMB_P', 'EMB_P', 'EMB_P']"
232,Суп,смачний,28258:10_1153,"Суп був смачний, але паста була просто божественна.",7.0,6.4,"['EMB_O', 'ASP_B', 'ASP_E', 'EMB_O', 'EMB_O', 'EMB_O', 'EMB_O', 'EMB_O', 'EMB_O', 'EMB_O', 'EMB_O', 'EMB_O', 'EMB_O', 'EMB_O', 'EMB_O', 'EMB_O', 'EMB_O', 'EMB_O', 'EMB_O', 'EMB_P', 'EMB_P', 'EMB_P', 'EMB_P', 'EMB_P', 'EMB_P', 'EMB_P', 'EMB_P', 'EMB_P', 'EMB_P', 'EMB_P', 'EMB_P', 'EMB_P', 'EMB_P', 'EMB_P', 'EMB_P', 'EMB_P', 'EMB_P', 'EMB_P', 'EMB_P', 'EMB_P', 'EMB_P', 'EMB_P', 'EMB_P', 'EMB_P', 'EMB_P', 'EMB_P', 'EMB_P', 'EMB_P', 'EMB_P', 'EMB_P', 'EMB_P', 'EMB_P', 'EMB_P', 'EMB_P', 'EMB_P', 'EMB_P', 'EMB_P', 'EMB_P', 'EMB_P', 'EMB_P', 'EMB_P', 'EMB_P', 'EMB_P', 'EMB_P', 'EMB_P', 'EMB_P', 'EMB_P', 'EMB_P', 'EMB_P', 'EMB_P', 'EMB_P', 'EMB_P', 'EMB_P', 'EMB_P', 'EMB_P', 'EMB_P', 'EMB_P', 'EMB_P', 'EMB_P', 'EMB_P', 'EMB_P', 'EMB_P', 'EMB_P', 'EMB_P', 'EMB_P', 'EMB_P', 'EMB_P', 'EMB_P', 'EMB_P', 'EMB_P', 'EMB_P', 'EMB_P', 'EMB_P', 'EMB_P', 'EMB_P', 'EMB_P', 'EMB_P', 'EMB_P', 'EMB_P', 'EMB_P', 'EMB_P', 'EMB_P', 'EMB_P', 'EMB_P', 'EMB_P', 'EMB_P', 'EMB_P', 'EMB_P', 'EMB_P', 'EMB_P', 'EMB_P', 'EMB_P', 'EMB_P', 'EMB_P', 'EMB_P', 'EMB_P', 'EMB_P', 'EMB_P', 'EMB_P', 'EMB_P', 'EMB_P', 'EMB_P', 'EMB_P', 'EMB_P', 'EMB_P', 'EMB_P', 'EMB_P', 'EMB_P']","['EMB_O', 'EMB_O', 'EMB_O', 'EMB_O', 'OPN_B', 'OPN_I', 'OPN_E', 'EMB_O', 'EMB_O', 'EMB_O', 'EMB_O', 'EMB_O', 'EMB_O', 'EMB_O', 'EMB_O', 'EMB_O', 'EMB_O', 'EMB_O', 'EMB_O', 'EMB_P', 'EMB_P', 'EMB_P', 'EMB_P', 'EMB_P', 'EMB_P', 'EMB_P', 'EMB_P', 'EMB_P', 'EMB_P', 'EMB_P', 'EMB_P', 'EMB_P', 'EMB_P', 'EMB_P', 'EMB_P', 'EMB_P', 'EMB_P', 'EMB_P', 'EMB_P', 'EMB_P', 'EMB_P', 'EMB_P', 'EMB_P', 'EMB_P', 'EMB_P', 'EMB_P', 'EMB_P', 'EMB_P', 'EMB_P', 'EMB_P', 'EMB_P', 'EMB_P', 'EMB_P', 'EMB_P', 'EMB_P', 'EMB_P', 'EMB_P', 'EMB_P', 'EMB_P', 'EMB_P', 'EMB_P', 'EMB_P', 'EMB_P', 'EMB_P', 'EMB_P', 'EMB_P', 'EMB_P', 'EMB_P', 'EMB_P', 'EMB_P', 'EMB_P', 'EMB_P', 'EMB_P', 'EMB_P', 'EMB_P', 'EMB_P', 'EMB_P', 'EMB_P', 'EMB_P', 'EMB_P', 'EMB_P', 'EMB_P', 'EMB_P', 'EMB_P', 'EMB_P', 'EMB_P', 'EMB_P', 'EMB_P', 'EMB_P', 'EMB_P', 'EMB_P', 'EMB_P', 'EMB_P', 'EMB_P', 'EMB_P', 'EMB_P', 'EMB_P', 'EMB_P', 'EMB_P', 'EMB_P', 'EMB_P', 'EMB_P', 'EMB_P', 'EMB_P', 'EMB_P', 'EMB_P', 'EMB_P', 'EMB_P', 'EMB_P', 'EMB_P', 'EMB_P', 'EMB_P', 'EMB_P', 'EMB_P', 'EMB_P', 'EMB_P', 'EMB_P', 'EMB_P', 'EMB_P', 'EMB_P', 'EMB_P', 'EMB_P', 'EMB_P', 'EMB_P', 'EMB_P', 'EMB_P', 'EMB_P', 'EMB_P']"
233,паста,божественна,28258:10_1153,"Суп був смачний, але паста була просто божественна.",9.0,8.33,"['EMB_O', 'EMB_O', 'EMB_O', 'EMB_O', 'EMB_O', 'EMB_O', 'EMB_O', 'EMB_O', 'EMB_O', 'ASP_B', 'ASP_E', 'EMB_O', 'EMB_O', 'EMB_O', 'EMB_O', 'EMB_O', 'EMB_O', 'EMB_O', 'EMB_O', 'EMB_P', 'EMB_P', 'EMB_P', 'EMB_P', 'EMB_P', 'EMB_P', 'EMB_P', 'EMB_P', 'EMB_P', 'EMB_P', 'EMB_P', 'EMB_P', 'EMB_P', 'EMB_P', 'EMB_P', 'EMB_P', 'EMB_P', 'EMB_P', 'EMB_P', 'EMB_P', 'EMB_P', 'EMB_P', 'EMB_P', 'EMB_P', 'EMB_P', 'EMB_P', 'EMB_P', 'EMB_P', 'EMB_P', 'EMB_P', 'EMB_P', 'EMB_P', 'EMB_P', 'EMB_P', 'EMB_P', 'EMB_P', 'EMB_P', 'EMB_P', 'EMB_P', 'EMB_P', 'EMB_P', 'EMB_P', 'EMB_P', 'EMB_P', 'EMB_P', 'EMB_P', 'EMB_P', 'EMB_P', 'EMB_P', 'EMB_P', 'EMB_P', 'EMB_P', 'EMB_P', 'EMB_P', 'EMB_P', 'EMB_P', 'EMB_P', 'EMB_P', 'EMB_P', 'EMB_P', 'EMB_P', 'EMB_P', 'EMB_P', 'EMB_P', 'EMB_P', 'EMB_P', 'EMB_P', 'EMB_P', 'EMB_P', 'EMB_P', 'EMB_P', 'EMB_P', 'EMB_P', 'EMB_P', 'EMB_P', 'EMB_P', 'EMB_P', 'EMB_P', 'EMB_P', 'EMB_P', 'EMB_P', 'EMB_P', 'EMB_P', 'EMB_P', 'EMB_P', 'EMB_P', 'EMB_P', 'EMB_P', 'EMB_P', 'EMB_P', 'EMB_P', 'EMB_P', 'EMB_P', 'EMB_P', 'EMB_P', 'EMB_P', 'EMB_P', 'EMB_P', 'EMB_P', 'EMB_P', 'EMB_P', 'EMB_P', 'EMB_P', 'EMB_P', 'EMB_P', 'EMB_P', 'EMB_P', 'EMB_P', 'EMB_P']","['EMB_O', 'EMB_O', 'EMB_O', 'EMB_O', 'EMB_O', 'EMB_O', 'EMB_O', 'EMB_O', 'EMB_O', 'EMB_O', 'EMB_O', 'EMB_O', 'EMB_O', 'OPN_B', 'OPN_I', 'OPN_I', 'OPN_E', 'EMB_O', 'EMB_O', 'EMB_P', 'EMB_P', 'EMB_P', 'EMB_P', 'EMB_P', 'EMB_P', 'EMB_P', 'EMB_P', 'EMB_P', 'EMB_P', 'EMB_P', 'EMB_P', 'EMB_P', 'EMB_P', 'EMB_P', 'EMB_P', 'EMB_P', 'EMB_P', 'EMB_P', 'EMB_P', 'EMB_P', 'EMB_P', 'EMB_P', 'EMB_P', 'EMB_P', 'EMB_P', 'EMB_P', 'EMB_P', 'EMB_P', 'EMB_P', 'EMB_P', 'EMB_P', 'EMB_P', 'EMB_P', 'EMB_P', 'EMB_P', 'EMB_P', 'EMB_P', 'EMB_P', 'EMB_P', 'EMB_P', 'EMB_P', 'EMB_P', 'EMB_P', 'EMB_P', 'EMB_P', 'EMB_P', 'EMB_P', 'EMB_P', 'EMB_P', 'EMB_P', 'EMB_P', 'EMB_P', 'EMB_P', 'EMB_P', 'EMB_P', 'EMB_P', 'EMB_P', 'EMB_P', 'EMB_P', 'EMB_P', 'EMB_P', 'EMB_P', 'EMB_P', 'EMB_P', 'EMB_P', 'EMB_P', 'EMB_P', 'EMB_P', 'EMB_P', 'EMB_P', 'EMB_P', 'EMB_P', 'EMB_P', 'EMB_P', 'EMB_P', 'EMB_P', 'EMB_P', 'EMB_P', 'EMB_P', 'EMB_P', 'EMB_P', 'EMB_P', 'EMB_P', 'EMB_P', 'EMB_P', 'EMB_P', 'EMB_P', 'EMB_P', 'EMB_P', 'EMB_P', 'EMB_P', 'EMB_P', 'EMB_P', 'EMB_P', 'EMB_P', 'EMB_P', 'EMB_P', 'EMB_P', 'EMB_P', 'EMB_P', 'EMB_P', 'EMB_P', 'EMB_P', 'EMB_P', 'EMB_P', 'EMB_P', 'EMB_P', 'EMB_P']"
234,соусу,Багато,28258:11_1154,"Багато соусу, м'яке м'ясо качки.",7.33,7.0,"['EMB_O', 'EMB_O', 'ASP_B', 'ASP_E', 'EMB_O', 'EMB_O', 'EMB_O', 'EMB_O', 'EMB_O', 'EMB_O', 'EMB_O', 'EMB_O', 'EMB_O', 'EMB_O', 'EMB_O', 'EMB_O', 'EMB_P', 'EMB_P', 'EMB_P', 'EMB_P', 'EMB_P', 'EMB_P', 'EMB_P', 'EMB_P', 'EMB_P', 'EMB_P', 'EMB_P', 'EMB_P', 'EMB_P', 'EMB_P', 'EMB_P', 'EMB_P', 'EMB_P', 'EMB_P', 'EMB_P', 'EMB_P', 'EMB_P', 'EMB_P', 'EMB_P', 'EMB_P', 'EMB_P', 'EMB_P', 'EMB_P', 'EMB_P', 'EMB_P', 'EMB_P', 'EMB_P', 'EMB_P', 'EMB_P', 'EMB_P', 'EMB_P', 'EMB_P', 'EMB_P', 'EMB_P', 'EMB_P', 'EMB_P', 'EMB_P', 'EMB_P', 'EMB_P', 'EMB_P', 'EMB_P', 'EMB_P', 'EMB_P', 'EMB_P', 'EMB_P', 'EMB_P', 'EMB_P', 'EMB_P', 'EMB_P', 'EMB_P', 'EMB_P', 'EMB_P', 'EMB_P', 'EMB_P', 'EMB_P', 'EMB_P', 'EMB_P', 'EMB_P', 'EMB_P', 'EMB_P', 'EMB_P', 'EMB_P', 'EMB_P', 'EMB_P', 'EMB_P', 'EMB_P', 'EMB_P', 'EMB_P', 'EMB_P', 'EMB_P', 'EMB_P', 'EMB_P', 'EMB_P', 'EMB_P', 'EMB_P', 'EMB_P', 'EMB_P', 'EMB_P', 'EMB_P', 'EMB_P', 'EMB_P', 'EMB_P', 'EMB_P', 'EMB_P', 'EMB_P', 'EMB_P', 'EMB_P', 'EMB_P', 'EMB_P', 'EMB_P', 'EMB_P', 'EMB_P', 'EMB_P', 'EMB_P', 'EMB_P', 'EMB_P', 'EMB_P', 'EMB_P', 'EMB_P', 'EMB_P', 'EMB_P', 'EMB_P', 'EMB_P', 'EMB_P', 'EMB_P', 'EMB_P', 'EMB_P', 'EMB_P']","['EMB_O', 'OPN_S', 'EMB_O', 'EMB_O', 'EMB_O', 'EMB_O', 'EMB_O', 'EMB_O', 'EMB_O', 'EMB_O', 'EMB_O', 'EMB_O', 'EMB_O', 'EMB_O', 'EMB_O', 'EMB_O', 'EMB_P', 'EMB_P', 'EMB_P', 'EMB_P', 'EMB_P', 'EMB_P', 'EMB_P', 'EMB_P', 'EMB_P', 'EMB_P', 'EMB_P', 'EMB_P', 'EMB_P', 'EMB_P', 'EMB_P', 'EMB_P', 'EMB_P', 'EMB_P', 'EMB_P', 'EMB_P', 'EMB_P', 'EMB_P', 'EMB_P', 'EMB_P', 'EMB_P', 'EMB_P', 'EMB_P', 'EMB_P', 'EMB_P', 'EMB_P', 'EMB_P', 'EMB_P', 'EMB_P', 'EMB_P', 'EMB_P', 'EMB_P', 'EMB_P', 'EMB_P', 'EMB_P', 'EMB_P', 'EMB_P', 'EMB_P', 'EMB_P', 'EMB_P', 'EMB_P', 'EMB_P', 'EMB_P', 'EMB_P', 'EMB_P', 'EMB_P', 'EMB_P', 'EMB_P', 'EMB_P', 'EMB_P', 'EMB_P', 'EMB_P', 'EMB_P', 'EMB_P', 'EMB_P', 'EMB_P', 'EMB_P', 'EMB_P', 'EMB_P', 'EMB_P', 'EMB_P', 'EMB_P', 'EMB_P', 'EMB_P', 'EMB_P', 'EMB_P', 'EMB_P', 'EMB_P', 'EMB_P', 'EMB_P', 'EMB_P', 'EMB_P', 'EMB_P', 'EMB_P', 'EMB_P', 'EMB_P', 'EMB_P', 'EMB_P', 'EMB_P', 'EMB_P', 'EMB_P', 'EMB_P', 'EMB_P', 'EMB_P', 'EMB_P', 'EMB_P', 'EMB_P', 'EMB_P', 'EMB_P', 'EMB_P', 'EMB_P', 'EMB_P', 'EMB_P', 'EMB_P', 'EMB_P', 'EMB_P', 'EMB_P', 'EMB_P', 'EMB_P', 'EMB_P', 'EMB_P', 'EMB_P', 'EMB_P', 'EMB_P', 'EMB_P', 'EMB_P', 'EMB_P', 'EMB_P']"
235,м'ясо качки,м'яке,28258:11_1154,"Багато соусу, м'яке м'ясо качки.",7.0,6.4,"['EMB_O', 'EMB_O', 'EMB_O', 'EMB_O', 'EMB_O', 'EMB_O', 'EMB_O', 'EMB_O', 'ASP_B', 'ASP_I', 'ASP_I', 'ASP_I', 'ASP_I', 'ASP_E', 'EMB_O', 'EMB_O', 'EMB_P', 'EMB_P', 'EMB_P', 'EMB_P', 'EMB_P', 'EMB_P', 'EMB_P', 'EMB_P', 'EMB_P', 'EMB_P', 'EMB_P', 'EMB_P', 'EMB_P', 'EMB_P', 'EMB_P', 'EMB_P', 'EMB_P', 'EMB_P', 'EMB_P', 'EMB_P', 'EMB_P', 'EMB_P', 'EMB_P', 'EMB_P', 'EMB_P', 'EMB_P', 'EMB_P', 'EMB_P', 'EMB_P', 'EMB_P', 'EMB_P', 'EMB_P', 'EMB_P', 'EMB_P', 'EMB_P', 'EMB_P', 'EMB_P', 'EMB_P', 'EMB_P', 'EMB_P', 'EMB_P', 'EMB_P', 'EMB_P', 'EMB_P', 'EMB_P', 'EMB_P', 'EMB_P', 'EMB_P', 'EMB_P', 'EMB_P', 'EMB_P', 'EMB_P', 'EMB_P', 'EMB_P', 'EMB_P', 'EMB_P', 'EMB_P', 'EMB_P', 'EMB_P', 'EMB_P', 'EMB_P', 'EMB_P', 'EMB_P', 'EMB_P', 'EMB_P', 'EMB_P', 'EMB_P', 'EMB_P', 'EMB_P', 'EMB_P', 'EMB_P', 'EMB_P', 'EMB_P', 'EMB_P', 'EMB_P', 'EMB_P', 'EMB_P', 'EMB_P', 'EMB_P', 'EMB_P', 'EMB_P', 'EMB_P', 'EMB_P', 'EMB_P', 'EMB_P', 'EMB_P', 'EMB_P', 'EMB_P', 'EMB_P', 'EMB_P', 'EMB_P', 'EMB_P', 'EMB_P', 'EMB_P', 'EMB_P', 'EMB_P', 'EMB_P', 'EMB_P', 'EMB_P', 'EMB_P', 'EMB_P', 'EMB_P', 'EMB_P', 'EMB_P', 'EMB_P', 'EMB_P', 'EMB_P', 'EMB_P', 'EMB_P', 'EMB_P', 'EMB_P', 'EMB_P']","['EMB_O', 'EMB_O', 'EMB_O', 'EMB_O', 'EMB_O', 'OPN_B', 'OPN_I', 'OPN_E', 'EMB_O', 'EMB_O', 'EMB_O', 'EMB_O', 'EMB_O', 'EMB_O', 'EMB_O', 'EMB_O', 'EMB_P', 'EMB_P', 'EMB_P', 'EMB_P', 'EMB_P', 'EMB_P', 'EMB_P', 'EMB_P', 'EMB_P', 'EMB_P', 'EMB_P', 'EMB_P', 'EMB_P', 'EMB_P', 'EMB_P', 'EMB_P', 'EMB_P', 'EMB_P', 'EMB_P', 'EMB_P', 'EMB_P', 'EMB_P', 'EMB_P', 'EMB_P', 'EMB_P', 'EMB_P', 'EMB_P', 'EMB_P', 'EMB_P', 'EMB_P', 'EMB_P', 'EMB_P', 'EMB_P', 'EMB_P', 'EMB_P', 'EMB_P', 'EMB_P', 'EMB_P', 'EMB_P', 'EMB_P', 'EMB_P', 'EMB_P', 'EMB_P', 'EMB_P', 'EMB_P', 'EMB_P', 'EMB_P', 'EMB_P', 'EMB_P', 'EMB_P', 'EMB_P', 'EMB_P', 'EMB_P', 'EMB_P', 'EMB_P', 'EMB_P', 'EMB_P', 'EMB_P', 'EMB_P', 'EMB_P', 'EMB_P', 'EMB_P', 'EMB_P', 'EMB_P', 'EMB_P', 'EMB_P', 'EMB_P', 'EMB_P', 'EMB_P', 'EMB_P', 'EMB_P', 'EMB_P', 'EMB_P', 'EMB_P', 'EMB_P', 'EMB_P', 'EMB_P', 'EMB_P', 'EMB_P', 'EMB_P', 'EMB_P', 'EMB_P', 'EMB_P', 'EMB_P', 'EMB_P', 'EMB_P', 'EMB_P', 'EMB_P', 'EMB_P', 'EMB_P', 'EMB_P', 'EMB_P', 'EMB_P', 'EMB_P', 'EMB_P', 'EMB_P', 'EMB_P', 'EMB_P', 'EMB_P', 'EMB_P', 'EMB_P', 'EMB_P', 'EMB_P', 'EMB_P', 'EMB_P', 'EMB_P', 'EMB_P', 'EMB_P', 'EMB_P', 'EMB_P', 'EMB_P', 'EMB_P']"
236,Пастою,дуже задоволена,28258:12_1155,Пастою я була дуже задоволена))),7.8,7.3,"['EMB_O', 'ASP_B', 'ASP_I', 'ASP_E', 'EMB_O', 'EMB_O', 'EMB_O', 'EMB_O', 'EMB_O', 'EMB_O', 'EMB_O', 'EMB_O', 'EMB_O', 'EMB_O', 'EMB_O', 'EMB_P', 'EMB_P', 'EMB_P', 'EMB_P', 'EMB_P', 'EMB_P', 'EMB_P', 'EMB_P', 'EMB_P', 'EMB_P', 'EMB_P', 'EMB_P', 'EMB_P', 'EMB_P', 'EMB_P', 'EMB_P', 'EMB_P', 'EMB_P', 'EMB_P', 'EMB_P', 'EMB_P', 'EMB_P', 'EMB_P', 'EMB_P', 'EMB_P', 'EMB_P', 'EMB_P', 'EMB_P', 'EMB_P', 'EMB_P', 'EMB_P', 'EMB_P', 'EMB_P', 'EMB_P', 'EMB_P', 'EMB_P', 'EMB_P', 'EMB_P', 'EMB_P', 'EMB_P', 'EMB_P', 'EMB_P', 'EMB_P', 'EMB_P', 'EMB_P', 'EMB_P', 'EMB_P', 'EMB_P', 'EMB_P', 'EMB_P', 'EMB_P', 'EMB_P', 'EMB_P', 'EMB_P', 'EMB_P', 'EMB_P', 'EMB_P', 'EMB_P', 'EMB_P', 'EMB_P', 'EMB_P', 'EMB_P', 'EMB_P', 'EMB_P', 'EMB_P', 'EMB_P', 'EMB_P', 'EMB_P', 'EMB_P', 'EMB_P', 'EMB_P', 'EMB_P', 'EMB_P', 'EMB_P', 'EMB_P', 'EMB_P', 'EMB_P', 'EMB_P', 'EMB_P', 'EMB_P', 'EMB_P', 'EMB_P', 'EMB_P', 'EMB_P', 'EMB_P', 'EMB_P', 'EMB_P', 'EMB_P', 'EMB_P', 'EMB_P', 'EMB_P', 'EMB_P', 'EMB_P', 'EMB_P', 'EMB_P', 'EMB_P', 'EMB_P', 'EMB_P', 'EMB_P', 'EMB_P', 'EMB_P', 'EMB_P', 'EMB_P', 'EMB_P', 'EMB_P', 'EMB_P', 'EMB_P', 'EMB_P', 'EMB_P', 'EMB_P', 'EMB_P', 'EMB_P', 'EMB_P']","['EMB_O', 'EMB_O', 'EMB_O', 'EMB_O', 'EMB_O', 'EMB_O', 'OPN_B', 'OPN_I', 'OPN_I', 'OPN_I', 'OPN_E', 'EMB_O', 'EMB_O', 'EMB_O', 'EMB_O', 'EMB_P', 'EMB_P', 'EMB_P', 'EMB_P', 'EMB_P', 'EMB_P', 'EMB_P', 'EMB_P', 'EMB_P', 'EMB_P', 'EMB_P', 'EMB_P', 'EMB_P', 'EMB_P', 'EMB_P', 'EMB_P', 'EMB_P', 'EMB_P', 'EMB_P', 'EMB_P', 'EMB_P', 'EMB_P', 'EMB_P', 'EMB_P', 'EMB_P', 'EMB_P', 'EMB_P', 'EMB_P', 'EMB_P', 'EMB_P', 'EMB_P', 'EMB_P', 'EMB_P', 'EMB_P', 'EMB_P', 'EMB_P', 'EMB_P', 'EMB_P', 'EMB_P', 'EMB_P', 'EMB_P', 'EMB_P', 'EMB_P', 'EMB_P', 'EMB_P', 'EMB_P', 'EMB_P', 'EMB_P', 'EMB_P', 'EMB_P', 'EMB_P', 'EMB_P', 'EMB_P', 'EMB_P', 'EMB_P', 'EMB_P', 'EMB_P', 'EMB_P', 'EMB_P', 'EMB_P', 'EMB_P', 'EMB_P', 'EMB_P', 'EMB_P', 'EMB_P', 'EMB_P', 'EMB_P', 'EMB_P', 'EMB_P', 'EMB_P', 'EMB_P', 'EMB_P', 'EMB_P', 'EMB_P', 'EMB_P', 'EMB_P', 'EMB_P', 'EMB_P', 'EMB_P', 'EMB_P', 'EMB_P', 'EMB_P', 'EMB_P', 'EMB_P', 'EMB_P', 'EMB_P', 'EMB_P', 'EMB_P', 'EMB_P', 'EMB_P', 'EMB_P', 'EMB_P', 'EMB_P', 'EMB_P', 'EMB_P', 'EMB_P', 'EMB_P', 'EMB_P', 'EMB_P', 'EMB_P', 'EMB_P', 'EMB_P', 'EMB_P', 'EMB_P', 'EMB_P', 'EMB_P', 'EMB_P', 'EMB_P', 'EMB_P', 'EMB_P', 'EMB_P', 'EMB_P', 'EMB_P']"
237,ресторан,приїжджати ще,28258:16_1156,Будемо приїжджати ще в цей ресторан.,7.2,6.4,"['EMB_O', 'EMB_O', 'EMB_O', 'EMB_O', 'EMB_O', 'EMB_O', 'EMB_O', 'EMB_O', 'EMB_O', 'EMB_O', 'EMB_O', 'EMB_O', 'ASP_B', 'ASP_I', 'ASP_E', 'EMB_O', 'EMB_O', 'EMB_P', 'EMB_P', 'EMB_P', 'EMB_P', 'EMB_P', 'EMB_P', 'EMB_P', 'EMB_P', 'EMB_P', 'EMB_P', 'EMB_P', 'EMB_P', 'EMB_P', 'EMB_P', 'EMB_P', 'EMB_P', 'EMB_P', 'EMB_P', 'EMB_P', 'EMB_P', 'EMB_P', 'EMB_P', 'EMB_P', 'EMB_P', 'EMB_P', 'EMB_P', 'EMB_P', 'EMB_P', 'EMB_P', 'EMB_P', 'EMB_P', 'EMB_P', 'EMB_P', 'EMB_P', 'EMB_P', 'EMB_P', 'EMB_P', 'EMB_P', 'EMB_P', 'EMB_P', 'EMB_P', 'EMB_P', 'EMB_P', 'EMB_P', 'EMB_P', 'EMB_P', 'EMB_P', 'EMB_P', 'EMB_P', 'EMB_P', 'EMB_P', 'EMB_P', 'EMB_P', 'EMB_P', 'EMB_P', 'EMB_P', 'EMB_P', 'EMB_P', 'EMB_P', 'EMB_P', 'EMB_P', 'EMB_P', 'EMB_P', 'EMB_P', 'EMB_P', 'EMB_P', 'EMB_P', 'EMB_P', 'EMB_P', 'EMB_P', 'EMB_P', 'EMB_P', 'EMB_P', 'EMB_P', 'EMB_P', 'EMB_P', 'EMB_P', 'EMB_P', 'EMB_P', 'EMB_P', 'EMB_P', 'EMB_P', 'EMB_P', 'EMB_P', 'EMB_P', 'EMB_P', 'EMB_P', 'EMB_P', 'EMB_P', 'EMB_P', 'EMB_P', 'EMB_P', 'EMB_P', 'EMB_P', 'EMB_P', 'EMB_P', 'EMB_P', 'EMB_P', 'EMB_P', 'EMB_P', 'EMB_P', 'EMB_P', 'EMB_P', 'EMB_P', 'EMB_P', 'EMB_P', 'EMB_P', 'EMB_P', 'EMB_P', 'EMB_P', 'EMB_P']","['EMB_O', 'EMB_O', 'EMB_O', 'EMB_O', 'OPN_B', 'OPN_I', 'OPN_I', 'OPN_I', 'OPN_I', 'OPN_E', 'EMB_O', 'EMB_O', 'EMB_O', 'EMB_O', 'EMB_O', 'EMB_O', 'EMB_O', 'EMB_P', 'EMB_P', 'EMB_P', 'EMB_P', 'EMB_P', 'EMB_P', 'EMB_P', 'EMB_P', 'EMB_P', 'EMB_P', 'EMB_P', 'EMB_P', 'EMB_P', 'EMB_P', 'EMB_P', 'EMB_P', 'EMB_P', 'EMB_P', 'EMB_P', 'EMB_P', 'EMB_P', 'EMB_P', 'EMB_P', 'EMB_P', 'EMB_P', 'EMB_P', 'EMB_P', 'EMB_P', 'EMB_P', 'EMB_P', 'EMB_P', 'EMB_P', 'EMB_P', 'EMB_P', 'EMB_P', 'EMB_P', 'EMB_P', 'EMB_P', 'EMB_P', 'EMB_P', 'EMB_P', 'EMB_P', 'EMB_P', 'EMB_P', 'EMB_P', 'EMB_P', 'EMB_P', 'EMB_P', 'EMB_P', 'EMB_P', 'EMB_P', 'EMB_P', 'EMB_P', 'EMB_P', 'EMB_P', 'EMB_P', 'EMB_P', 'EMB_P', 'EMB_P', 'EMB_P', 'EMB_P', 'EMB_P', 'EMB_P', 'EMB_P', 'EMB_P', 'EMB_P', 'EMB_P', 'EMB_P', 'EMB_P', 'EMB_P', 'EMB_P', 'EMB_P', 'EMB_P', 'EMB_P', 'EMB_P', 'EMB_P', 'EMB_P', 'EMB_P', 'EMB_P', 'EMB_P', 'EMB_P', 'EMB_P', 'EMB_P', 'EMB_P', 'EMB_P', 'EMB_P', 'EMB_P', 'EMB_P', 'EMB_P', 'EMB_P', 'EMB_P', 'EMB_P', 'EMB_P', 'EMB_P', 'EMB_P', 'EMB_P', 'EMB_P', 'EMB_P', 'EMB_P', 'EMB_P', 'EMB_P', 'EMB_P', 'EMB_P', 'EMB_P', 'EMB_P', 'EMB_P', 'EMB_P', 'EMB_P', 'EMB_P', 'EMB_P', 'EMB_P']"
238,кухарям,Спасибі,28258:17_1157,Спасибі кухарям і персоналу за хороші емоції!,7.25,7.0,"['EMB_O', 'EMB_O', 'EMB_O', 'EMB_O', 'ASP_B', 'ASP_I', 'ASP_I', 'ASP_E', 'EMB_O', 'EMB_O', 'EMB_O', 'EMB_O', 'EMB_O', 'EMB_O', 'EMB_O', 'EMB_O', 'EMB_O', 'EMB_O', 'EMB_O', 'EMB_O', 'EMB_O', 'EMB_P', 'EMB_P', 'EMB_P', 'EMB_P', 'EMB_P', 'EMB_P', 'EMB_P', 'EMB_P', 'EMB_P', 'EMB_P', 'EMB_P', 'EMB_P', 'EMB_P', 'EMB_P', 'EMB_P', 'EMB_P', 'EMB_P', 'EMB_P', 'EMB_P', 'EMB_P', 'EMB_P', 'EMB_P', 'EMB_P', 'EMB_P', 'EMB_P', 'EMB_P', 'EMB_P', 'EMB_P', 'EMB_P', 'EMB_P', 'EMB_P', 'EMB_P', 'EMB_P', 'EMB_P', 'EMB_P', 'EMB_P', 'EMB_P', 'EMB_P', 'EMB_P', 'EMB_P', 'EMB_P', 'EMB_P', 'EMB_P', 'EMB_P', 'EMB_P', 'EMB_P', 'EMB_P', 'EMB_P', 'EMB_P', 'EMB_P', 'EMB_P', 'EMB_P', 'EMB_P', 'EMB_P', 'EMB_P', 'EMB_P', 'EMB_P', 'EMB_P', 'EMB_P', 'EMB_P', 'EMB_P', 'EMB_P', 'EMB_P', 'EMB_P', 'EMB_P', 'EMB_P', 'EMB_P', 'EMB_P', 'EMB_P', 'EMB_P', 'EMB_P', 'EMB_P', 'EMB_P', 'EMB_P', 'EMB_P', 'EMB_P', 'EMB_P', 'EMB_P', 'EMB_P', 'EMB_P', 'EMB_P', 'EMB_P', 'EMB_P', 'EMB_P', 'EMB_P', 'EMB_P', 'EMB_P', 'EMB_P', 'EMB_P', 'EMB_P', 'EMB_P', 'EMB_P', 'EMB_P', 'EMB_P', 'EMB_P', 'EMB_P', 'EMB_P', 'EMB_P', 'EMB_P', 'EMB_P', 'EMB_P', 'EMB_P', 'EMB_P', 'EMB_P', 'EMB_P', 'EMB_P', 'EMB_P']","['EMB_O', 'OPN_B', 'OPN_I', 'OPN_E', 'EMB_O', 'EMB_O', 'EMB_O', 'EMB_O', 'EMB_O', 'EMB_O', 'EMB_O', 'EMB_O', 'EMB_O', 'EMB_O', 'EMB_O', 'EMB_O', 'EMB_O', 'EMB_O', 'EMB_O', 'EMB_O', 'EMB_O', 'EMB_P', 'EMB_P', 'EMB_P', 'EMB_P', 'EMB_P', 'EMB_P', 'EMB_P', 'EMB_P', 'EMB_P', 'EMB_P', 'EMB_P', 'EMB_P', 'EMB_P', 'EMB_P', 'EMB_P', 'EMB_P', 'EMB_P', 'EMB_P', 'EMB_P', 'EMB_P', 'EMB_P', 'EMB_P', 'EMB_P', 'EMB_P', 'EMB_P', 'EMB_P', 'EMB_P', 'EMB_P', 'EMB_P', 'EMB_P', 'EMB_P', 'EMB_P', 'EMB_P', 'EMB_P', 'EMB_P', 'EMB_P', 'EMB_P', 'EMB_P', 'EMB_P', 'EMB_P', 'EMB_P', 'EMB_P', 'EMB_P', 'EMB_P', 'EMB_P', 'EMB_P', 'EMB_P', 'EMB_P', 'EMB_P', 'EMB_P', 'EMB_P', 'EMB_P', 'EMB_P', 'EMB_P', 'EMB_P', 'EMB_P', 'EMB_P', 'EMB_P', 'EMB_P', 'EMB_P', 'EMB_P', 'EMB_P', 'EMB_P', 'EMB_P', 'EMB_P', 'EMB_P', 'EMB_P', 'EMB_P', 'EMB_P', 'EMB_P', 'EMB_P', 'EMB_P', 'EMB_P', 'EMB_P', 'EMB_P', 'EMB_P', 'EMB_P', 'EMB_P', 'EMB_P', 'EMB_P', 'EMB_P', 'EMB_P', 'EMB_P', 'EMB_P', 'EMB_P', 'EMB_P', 'EMB_P', 'EMB_P', 'EMB_P', 'EMB_P', 'EMB_P', 'EMB_P', 'EMB_P', 'EMB_P', 'EMB_P', 'EMB_P', 'EMB_P', 'EMB_P', 'EMB_P', 'EMB_P', 'EMB_P', 'EMB_P', 'EMB_P', 'EMB_P', 'EMB_P', 'EMB_P', 'EMB_P']"
239,персоналу,Спасибі,28258:17_1157,Спасибі кухарям і персоналу за хороші емоції!,7.25,7.0,"['EMB_O', 'EMB_O', 'EMB_O', 'EMB_O', 'EMB_O', 'EMB_O', 'EMB_O', 'EMB_O', 'EMB_O', 'ASP_B', 'ASP_I', 'ASP_E', 'EMB_O', 'EMB_O', 'EMB_O', 'EMB_O', 'EMB_O', 'EMB_O', 'EMB_O', 'EMB_O', 'EMB_O', 'EMB_P', 'EMB_P', 'EMB_P', 'EMB_P', 'EMB_P', 'EMB_P', 'EMB_P', 'EMB_P', 'EMB_P', 'EMB_P', 'EMB_P', 'EMB_P', 'EMB_P', 'EMB_P', 'EMB_P', 'EMB_P', 'EMB_P', 'EMB_P', 'EMB_P', 'EMB_P', 'EMB_P', 'EMB_P', 'EMB_P', 'EMB_P', 'EMB_P', 'EMB_P', 'EMB_P', 'EMB_P', 'EMB_P', 'EMB_P', 'EMB_P', 'EMB_P', 'EMB_P', 'EMB_P', 'EMB_P', 'EMB_P', 'EMB_P', 'EMB_P', 'EMB_P', 'EMB_P', 'EMB_P', 'EMB_P', 'EMB_P', 'EMB_P', 'EMB_P', 'EMB_P', 'EMB_P', 'EMB_P', 'EMB_P', 'EMB_P', 'EMB_P', 'EMB_P', 'EMB_P', 'EMB_P', 'EMB_P', 'EMB_P', 'EMB_P', 'EMB_P', 'EMB_P', 'EMB_P', 'EMB_P', 'EMB_P', 'EMB_P', 'EMB_P', 'EMB_P', 'EMB_P', 'EMB_P', 'EMB_P', 'EMB_P', 'EMB_P', 'EMB_P', 'EMB_P', 'EMB_P', 'EMB_P', 'EMB_P', 'EMB_P', 'EMB_P', 'EMB_P', 'EMB_P', 'EMB_P', 'EMB_P', 'EMB_P', 'EMB_P', 'EMB_P', 'EMB_P', 'EMB_P', 'EMB_P', 'EMB_P', 'EMB_P', 'EMB_P', 'EMB_P', 'EMB_P', 'EMB_P', 'EMB_P', 'EMB_P', 'EMB_P', 'EMB_P', 'EMB_P', 'EMB_P', 'EMB_P', 'EMB_P', 'EMB_P', 'EMB_P', 'EMB_P', 'EMB_P', 'EMB_P', 'EMB_P']","['EMB_O', 'OPN_B', 'OPN_I', 'OPN_E', 'EMB_O', 'EMB_O', 'EMB_O', 'EMB_O', 'EMB_O', 'EMB_O', 'EMB_O', 'EMB_O', 'EMB_O', 'EMB_O', 'EMB_O', 'EMB_O', 'EMB_O', 'EMB_O', 'EMB_O', 'EMB_O', 'EMB_O', 'EMB_P', 'EMB_P', 'EMB_P', 'EMB_P', 'EMB_P', 'EMB_P', 'EMB_P', 'EMB_P', 'EMB_P', 'EMB_P', 'EMB_P', 'EMB_P', 'EMB_P', 'EMB_P', 'EMB_P', 'EMB_P', 'EMB_P', 'EMB_P', 'EMB_P', 'EMB_P', 'EMB_P', 'EMB_P', 'EMB_P', 'EMB_P', 'EMB_P', 'EMB_P', 'EMB_P', 'EMB_P', 'EMB_P', 'EMB_P', 'EMB_P', 'EMB_P', 'EMB_P', 'EMB_P', 'EMB_P', 'EMB_P', 'EMB_P', 'EMB_P', 'EMB_P', 'EMB_P', 'EMB_P', 'EMB_P', 'EMB_P', 'EMB_P', 'EMB_P', 'EMB_P', 'EMB_P', 'EMB_P', 'EMB_P', 'EMB_P', 'EMB_P', 'EMB_P', 'EMB_P', 'EMB_P', 'EMB_P', 'EMB_P', 'EMB_P', 'EMB_P', 'EMB_P', 'EMB_P', 'EMB_P', 'EMB_P', 'EMB_P', 'EMB_P', 'EMB_P', 'EMB_P', 'EMB_P', 'EMB_P', 'EMB_P', 'EMB_P', 'EMB_P', 'EMB_P', 'EMB_P', 'EMB_P', 'EMB_P', 'EMB_P', 'EMB_P', 'EMB_P', 'EMB_P', 'EMB_P', 'EMB_P', 'EMB_P', 'EMB_P', 'EMB_P', 'EMB_P', 'EMB_P', 'EMB_P', 'EMB_P', 'EMB_P', 'EMB_P', 'EMB_P', 'EMB_P', 'EMB_P', 'EMB_P', 'EMB_P', 'EMB_P', 'EMB_P', 'EMB_P', 'EMB_P', 'EMB_P', 'EMB_P', 'EMB_P', 'EMB_P', 'EMB_P', 'EMB_P', 'EMB_P', 'EMB_P']"
240,офіціантки,Дуже ввічливі,28275:2_1158,"Дуже ввічливі офіціантки, які зустрічають всіх гостей відразу біля входу.",7.75,7.5,"['EMB_O', 'EMB_O', 'EMB_O', 'EMB_O', 'EMB_O', 'EMB_O', 'EMB_O', 'ASP_B', 'ASP_I', 'ASP_I', 'ASP_I', 'ASP_E', 'EMB_O', 'EMB_O', 'EMB_O', 'EMB_O', 'EMB_O', 'EMB_O', 'EMB_O', 'EMB_O', 'EMB_O', 'EMB_O', 'EMB_O', 'EMB_O', 'EMB_O', 'EMB_O', 'EMB_O', 'EMB_O', 'EMB_O', 'EMB_P', 'EMB_P', 'EMB_P', 'EMB_P', 'EMB_P', 'EMB_P', 'EMB_P', 'EMB_P', 'EMB_P', 'EMB_P', 'EMB_P', 'EMB_P', 'EMB_P', 'EMB_P', 'EMB_P', 'EMB_P', 'EMB_P', 'EMB_P', 'EMB_P', 'EMB_P', 'EMB_P', 'EMB_P', 'EMB_P', 'EMB_P', 'EMB_P', 'EMB_P', 'EMB_P', 'EMB_P', 'EMB_P', 'EMB_P', 'EMB_P', 'EMB_P', 'EMB_P', 'EMB_P', 'EMB_P', 'EMB_P', 'EMB_P', 'EMB_P', 'EMB_P', 'EMB_P', 'EMB_P', 'EMB_P', 'EMB_P', 'EMB_P', 'EMB_P', 'EMB_P', 'EMB_P', 'EMB_P', 'EMB_P', 'EMB_P', 'EMB_P', 'EMB_P', 'EMB_P', 'EMB_P', 'EMB_P', 'EMB_P', 'EMB_P', 'EMB_P', 'EMB_P', 'EMB_P', 'EMB_P', 'EMB_P', 'EMB_P', 'EMB_P', 'EMB_P', 'EMB_P', 'EMB_P', 'EMB_P', 'EMB_P', 'EMB_P', 'EMB_P', 'EMB_P', 'EMB_P', 'EMB_P', 'EMB_P', 'EMB_P', 'EMB_P', 'EMB_P', 'EMB_P', 'EMB_P', 'EMB_P', 'EMB_P', 'EMB_P', 'EMB_P', 'EMB_P', 'EMB_P', 'EMB_P', 'EMB_P', 'EMB_P', 'EMB_P', 'EMB_P', 'EMB_P', 'EMB_P', 'EMB_P', 'EMB_P', 'EMB_P', 'EMB_P', 'EMB_P', 'EMB_P']","['EMB_O', 'OPN_B', 'OPN_I', 'OPN_I', 'OPN_I', 'OPN_I', 'OPN_E', 'EMB_O', 'EMB_O', 'EMB_O', 'EMB_O', 'EMB_O', 'EMB_O', 'EMB_O', 'EMB_O', 'EMB_O', 'EMB_O', 'EMB_O', 'EMB_O', 'EMB_O', 'EMB_O', 'EMB_O', 'EMB_O', 'EMB_O', 'EMB_O', 'EMB_O', 'EMB_O', 'EMB_O', 'EMB_O', 'EMB_P', 'EMB_P', 'EMB_P', 'EMB_P', 'EMB_P', 'EMB_P', 'EMB_P', 'EMB_P', 'EMB_P', 'EMB_P', 'EMB_P', 'EMB_P', 'EMB_P', 'EMB_P', 'EMB_P', 'EMB_P', 'EMB_P', 'EMB_P', 'EMB_P', 'EMB_P', 'EMB_P', 'EMB_P', 'EMB_P', 'EMB_P', 'EMB_P', 'EMB_P', 'EMB_P', 'EMB_P', 'EMB_P', 'EMB_P', 'EMB_P', 'EMB_P', 'EMB_P', 'EMB_P', 'EMB_P', 'EMB_P', 'EMB_P', 'EMB_P', 'EMB_P', 'EMB_P', 'EMB_P', 'EMB_P', 'EMB_P', 'EMB_P', 'EMB_P', 'EMB_P', 'EMB_P', 'EMB_P', 'EMB_P', 'EMB_P', 'EMB_P', 'EMB_P', 'EMB_P', 'EMB_P', 'EMB_P', 'EMB_P', 'EMB_P', 'EMB_P', 'EMB_P', 'EMB_P', 'EMB_P', 'EMB_P', 'EMB_P', 'EMB_P', 'EMB_P', 'EMB_P', 'EMB_P', 'EMB_P', 'EMB_P', 'EMB_P', 'EMB_P', 'EMB_P', 'EMB_P', 'EMB_P', 'EMB_P', 'EMB_P', 'EMB_P', 'EMB_P', 'EMB_P', 'EMB_P', 'EMB_P', 'EMB_P', 'EMB_P', 'EMB_P', 'EMB_P', 'EMB_P', 'EMB_P', 'EMB_P', 'EMB_P', 'EMB_P', 'EMB_P', 'EMB_P', 'EMB_P', 'EMB_P', 'EMB_P', 'EMB_P', 'EMB_P', 'EMB_P', 'EMB_P']"
241,інтер'єр,Приємний,28275:4_1159,"Приємний, що розташовує інтер'єр, зручні диванчики.",7.0,6.75,"['EMB_O', 'EMB_O', 'EMB_O', 'EMB_O', 'EMB_O', 'EMB_O', 'EMB_O', 'EMB_O', 'EMB_O', 'EMB_O', 'EMB_O', 'ASP_B', 'ASP_I', 'ASP_I', 'ASP_E', 'EMB_O', 'EMB_O', 'EMB_O', 'EMB_O', 'EMB_O', 'EMB_O', 'EMB_O', 'EMB_O', 'EMB_O', 'EMB_P', 'EMB_P', 'EMB_P', 'EMB_P', 'EMB_P', 'EMB_P', 'EMB_P', 'EMB_P', 'EMB_P', 'EMB_P', 'EMB_P', 'EMB_P', 'EMB_P', 'EMB_P', 'EMB_P', 'EMB_P', 'EMB_P', 'EMB_P', 'EMB_P', 'EMB_P', 'EMB_P', 'EMB_P', 'EMB_P', 'EMB_P', 'EMB_P', 'EMB_P', 'EMB_P', 'EMB_P', 'EMB_P', 'EMB_P', 'EMB_P', 'EMB_P', 'EMB_P', 'EMB_P', 'EMB_P', 'EMB_P', 'EMB_P', 'EMB_P', 'EMB_P', 'EMB_P', 'EMB_P', 'EMB_P', 'EMB_P', 'EMB_P', 'EMB_P', 'EMB_P', 'EMB_P', 'EMB_P', 'EMB_P', 'EMB_P', 'EMB_P', 'EMB_P', 'EMB_P', 'EMB_P', 'EMB_P', 'EMB_P', 'EMB_P', 'EMB_P', 'EMB_P', 'EMB_P', 'EMB_P', 'EMB_P', 'EMB_P', 'EMB_P', 'EMB_P', 'EMB_P', 'EMB_P', 'EMB_P', 'EMB_P', 'EMB_P', 'EMB_P', 'EMB_P', 'EMB_P', 'EMB_P', 'EMB_P', 'EMB_P', 'EMB_P', 'EMB_P', 'EMB_P', 'EMB_P', 'EMB_P', 'EMB_P', 'EMB_P', 'EMB_P', 'EMB_P', 'EMB_P', 'EMB_P', 'EMB_P', 'EMB_P', 'EMB_P', 'EMB_P', 'EMB_P', 'EMB_P', 'EMB_P', 'EMB_P', 'EMB_P', 'EMB_P', 'EMB_P', 'EMB_P', 'EMB_P', 'EMB_P', 'EMB_P', 'EMB_P', 'EMB_P']","['EMB_O', 'OPN_B', 'OPN_I', 'OPN_E', 'EMB_O', 'EMB_O', 'EMB_O', 'EMB_O', 'EMB_O', 'EMB_O', 'EMB_O', 'EMB_O', 'EMB_O', 'EMB_O', 'EMB_O', 'EMB_O', 'EMB_O', 'EMB_O', 'EMB_O', 'EMB_O', 'EMB_O', 'EMB_O', 'EMB_O', 'EMB_O', 'EMB_P', 'EMB_P', 'EMB_P', 'EMB_P', 'EMB_P', 'EMB_P', 'EMB_P', 'EMB_P', 'EMB_P', 'EMB_P', 'EMB_P', 'EMB_P', 'EMB_P', 'EMB_P', 'EMB_P', 'EMB_P', 'EMB_P', 'EMB_P', 'EMB_P', 'EMB_P', 'EMB_P', 'EMB_P', 'EMB_P', 'EMB_P', 'EMB_P', 'EMB_P', 'EMB_P', 'EMB_P', 'EMB_P', 'EMB_P', 'EMB_P', 'EMB_P', 'EMB_P', 'EMB_P', 'EMB_P', 'EMB_P', 'EMB_P', 'EMB_P', 'EMB_P', 'EMB_P', 'EMB_P', 'EMB_P', 'EMB_P', 'EMB_P', 'EMB_P', 'EMB_P', 'EMB_P', 'EMB_P', 'EMB_P', 'EMB_P', 'EMB_P', 'EMB_P', 'EMB_P', 'EMB_P', 'EMB_P', 'EMB_P', 'EMB_P', 'EMB_P', 'EMB_P', 'EMB_P', 'EMB_P', 'EMB_P', 'EMB_P', 'EMB_P', 'EMB_P', 'EMB_P', 'EMB_P', 'EMB_P', 'EMB_P', 'EMB_P', 'EMB_P', 'EMB_P', 'EMB_P', 'EMB_P', 'EMB_P', 'EMB_P', 'EMB_P', 'EMB_P', 'EMB_P', 'EMB_P', 'EMB_P', 'EMB_P', 'EMB_P', 'EMB_P', 'EMB_P', 'EMB_P', 'EMB_P', 'EMB_P', 'EMB_P', 'EMB_P', 'EMB_P', 'EMB_P', 'EMB_P', 'EMB_P', 'EMB_P', 'EMB_P', 'EMB_P', 'EMB_P', 'EMB_P', 'EMB_P', 'EMB_P', 'EMB_P', 'EMB_P', 'EMB_P']"
242,диванчики,зручні,28275:4_1159,"Приємний, що розташовує інтер'єр, зручні диванчики.",7.0,6.3,"['EMB_O', 'EMB_O', 'EMB_O', 'EMB_O', 'EMB_O', 'EMB_O', 'EMB_O', 'EMB_O', 'EMB_O', 'EMB_O', 'EMB_O', 'EMB_O', 'EMB_O', 'EMB_O', 'EMB_O', 'EMB_O', 'EMB_O', 'EMB_O', 'EMB_O', 'ASP_B', 'ASP_I', 'ASP_E', 'EMB_O', 'EMB_O', 'EMB_P', 'EMB_P', 'EMB_P', 'EMB_P', 'EMB_P', 'EMB_P', 'EMB_P', 'EMB_P', 'EMB_P', 'EMB_P', 'EMB_P', 'EMB_P', 'EMB_P', 'EMB_P', 'EMB_P', 'EMB_P', 'EMB_P', 'EMB_P', 'EMB_P', 'EMB_P', 'EMB_P', 'EMB_P', 'EMB_P', 'EMB_P', 'EMB_P', 'EMB_P', 'EMB_P', 'EMB_P', 'EMB_P', 'EMB_P', 'EMB_P', 'EMB_P', 'EMB_P', 'EMB_P', 'EMB_P', 'EMB_P', 'EMB_P', 'EMB_P', 'EMB_P', 'EMB_P', 'EMB_P', 'EMB_P', 'EMB_P', 'EMB_P', 'EMB_P', 'EMB_P', 'EMB_P', 'EMB_P', 'EMB_P', 'EMB_P', 'EMB_P', 'EMB_P', 'EMB_P', 'EMB_P', 'EMB_P', 'EMB_P', 'EMB_P', 'EMB_P', 'EMB_P', 'EMB_P', 'EMB_P', 'EMB_P', 'EMB_P', 'EMB_P', 'EMB_P', 'EMB_P', 'EMB_P', 'EMB_P', 'EMB_P', 'EMB_P', 'EMB_P', 'EMB_P', 'EMB_P', 'EMB_P', 'EMB_P', 'EMB_P', 'EMB_P', 'EMB_P', 'EMB_P', 'EMB_P', 'EMB_P', 'EMB_P', 'EMB_P', 'EMB_P', 'EMB_P', 'EMB_P', 'EMB_P', 'EMB_P', 'EMB_P', 'EMB_P', 'EMB_P', 'EMB_P', 'EMB_P', 'EMB_P', 'EMB_P', 'EMB_P', 'EMB_P', 'EMB_P', 'EMB_P', 'EMB_P', 'EMB_P', 'EMB_P', 'EMB_P', 'EMB_P']","['EMB_O', 'EMB_O', 'EMB_O', 'EMB_O', 'EMB_O', 'EMB_O', 'EMB_O', 'EMB_O', 'EMB_O', 'EMB_O', 'EMB_O', 'EMB_O', 'EMB_O', 'EMB_O', 'EMB_O', 'EMB_O', 'OPN_B', 'OPN_I', 'OPN_E', 'EMB_O', 'EMB_O', 'EMB_O', 'EMB_O', 'EMB_O', 'EMB_P', 'EMB_P', 'EMB_P', 'EMB_P', 'EMB_P', 'EMB_P', 'EMB_P', 'EMB_P', 'EMB_P', 'EMB_P', 'EMB_P', 'EMB_P', 'EMB_P', 'EMB_P', 'EMB_P', 'EMB_P', 'EMB_P', 'EMB_P', 'EMB_P', 'EMB_P', 'EMB_P', 'EMB_P', 'EMB_P', 'EMB_P', 'EMB_P', 'EMB_P', 'EMB_P', 'EMB_P', 'EMB_P', 'EMB_P', 'EMB_P', 'EMB_P', 'EMB_P', 'EMB_P', 'EMB_P', 'EMB_P', 'EMB_P', 'EMB_P', 'EMB_P', 'EMB_P', 'EMB_P', 'EMB_P', 'EMB_P', 'EMB_P', 'EMB_P', 'EMB_P', 'EMB_P', 'EMB_P', 'EMB_P', 'EMB_P', 'EMB_P', 'EMB_P', 'EMB_P', 'EMB_P', 'EMB_P', 'EMB_P', 'EMB_P', 'EMB_P', 'EMB_P', 'EMB_P', 'EMB_P', 'EMB_P', 'EMB_P', 'EMB_P', 'EMB_P', 'EMB_P', 'EMB_P', 'EMB_P', 'EMB_P', 'EMB_P', 'EMB_P', 'EMB_P', 'EMB_P', 'EMB_P', 'EMB_P', 'EMB_P', 'EMB_P', 'EMB_P', 'EMB_P', 'EMB_P', 'EMB_P', 'EMB_P', 'EMB_P', 'EMB_P', 'EMB_P', 'EMB_P', 'EMB_P', 'EMB_P', 'EMB_P', 'EMB_P', 'EMB_P', 'EMB_P', 'EMB_P', 'EMB_P', 'EMB_P', 'EMB_P', 'EMB_P', 'EMB_P', 'EMB_P', 'EMB_P', 'EMB_P', 'EMB_P', 'EMB_P', 'EMB_P']"
243,Дівчина,уважна,28275:6_1160,"Дівчина, яка обслуговувала наш столик (на жаль, не знаю, як її звати), була уважна й привітна, із задоволенням відповідала на всі наші запитання.",6.8,6.4,"['EMB_O', 'ASP_B', 'ASP_I', 'ASP_E', 'EMB_O', 'EMB_O', 'EMB_O', 'EMB_O', 'EMB_O', 'EMB_O', 'EMB_O', 'EMB_O', 'EMB_O', 'EMB_O', 'EMB_O', 'EMB_O', 'EMB_O', 'EMB_O', 'EMB_O', 'EMB_O', 'EMB_O', 'EMB_O', 'EMB_O', 'EMB_O', 'EMB_O', 'EMB_O', 'EMB_O', 'EMB_O', 'EMB_O', 'EMB_O', 'EMB_O', 'EMB_O', 'EMB_O', 'EMB_O', 'EMB_O', 'EMB_O', 'EMB_O', 'EMB_O', 'EMB_O', 'EMB_O', 'EMB_O', 'EMB_O', 'EMB_O', 'EMB_O', 'EMB_O', 'EMB_O', 'EMB_O', 'EMB_O', 'EMB_O', 'EMB_O', 'EMB_O', 'EMB_O', 'EMB_O', 'EMB_O', 'EMB_O', 'EMB_O', 'EMB_P', 'EMB_P', 'EMB_P', 'EMB_P', 'EMB_P', 'EMB_P', 'EMB_P', 'EMB_P', 'EMB_P', 'EMB_P', 'EMB_P', 'EMB_P', 'EMB_P', 'EMB_P', 'EMB_P', 'EMB_P', 'EMB_P', 'EMB_P', 'EMB_P', 'EMB_P', 'EMB_P', 'EMB_P', 'EMB_P', 'EMB_P', 'EMB_P', 'EMB_P', 'EMB_P', 'EMB_P', 'EMB_P', 'EMB_P', 'EMB_P', 'EMB_P', 'EMB_P', 'EMB_P', 'EMB_P', 'EMB_P', 'EMB_P', 'EMB_P', 'EMB_P', 'EMB_P', 'EMB_P', 'EMB_P', 'EMB_P', 'EMB_P', 'EMB_P', 'EMB_P', 'EMB_P', 'EMB_P', 'EMB_P', 'EMB_P', 'EMB_P', 'EMB_P', 'EMB_P', 'EMB_P', 'EMB_P', 'EMB_P', 'EMB_P', 'EMB_P', 'EMB_P', 'EMB_P', 'EMB_P', 'EMB_P', 'EMB_P', 'EMB_P', 'EMB_P', 'EMB_P', 'EMB_P', 'EMB_P', 'EMB_P', 'EMB_P', 'EMB_P', 'EMB_P']","['EMB_O', 'EMB_O', 'EMB_O', 'EMB_O', 'EMB_O', 'EMB_O', 'EMB_O', 'EMB_O', 'EMB_O', 'EMB_O', 'EMB_O', 'EMB_O', 'EMB_O', 'EMB_O', 'EMB_O', 'EMB_O', 'EMB_O', 'EMB_O', 'EMB_O', 'EMB_O', 'EMB_O', 'EMB_O', 'EMB_O', 'EMB_O', 'EMB_O', 'EMB_O', 'EMB_O', 'EMB_O', 'EMB_O', 'EMB_O', 'OPN_B', 'OPN_I', 'OPN_E', 'EMB_O', 'EMB_O', 'EMB_O', 'EMB_O', 'EMB_O', 'EMB_O', 'EMB_O', 'EMB_O', 'EMB_O', 'EMB_O', 'EMB_O', 'EMB_O', 'EMB_O', 'EMB_O', 'EMB_O', 'EMB_O', 'EMB_O', 'EMB_O', 'EMB_O', 'EMB_O', 'EMB_O', 'EMB_O', 'EMB_O', 'EMB_P', 'EMB_P', 'EMB_P', 'EMB_P', 'EMB_P', 'EMB_P', 'EMB_P', 'EMB_P', 'EMB_P', 'EMB_P', 'EMB_P', 'EMB_P', 'EMB_P', 'EMB_P', 'EMB_P', 'EMB_P', 'EMB_P', 'EMB_P', 'EMB_P', 'EMB_P', 'EMB_P', 'EMB_P', 'EMB_P', 'EMB_P', 'EMB_P', 'EMB_P', 'EMB_P', 'EMB_P', 'EMB_P', 'EMB_P', 'EMB_P', 'EMB_P', 'EMB_P', 'EMB_P', 'EMB_P', 'EMB_P', 'EMB_P', 'EMB_P', 'EMB_P', 'EMB_P', 'EMB_P', 'EMB_P', 'EMB_P', 'EMB_P', 'EMB_P', 'EMB_P', 'EMB_P', 'EMB_P', 'EMB_P', 'EMB_P', 'EMB_P', 'EMB_P', 'EMB_P', 'EMB_P', 'EMB_P', 'EMB_P', 'EMB_P', 'EMB_P', 'EMB_P', 'EMB_P', 'EMB_P', 'EMB_P', 'EMB_P', 'EMB_P', 'EMB_P', 'EMB_P', 'EMB_P', 'EMB_P', 'EMB_P', 'EMB_P', 'EMB_P', 'EMB_P']"
244,роли,Приголомшливо смачні,28275:8_1161,"Приголомшливо смачні фірмові роли, несподівано (для японського ресторану) великі порції гарячого.",8.75,8.25,"['EMB_O', 'EMB_O', 'EMB_O', 'EMB_O', 'EMB_O', 'EMB_O', 'EMB_O', 'EMB_O', 'EMB_O', 'EMB_O', 'EMB_O', 'EMB_O', 'EMB_O', 'ASP_S', 'EMB_O', 'EMB_O', 'EMB_O', 'EMB_O', 'EMB_O', 'EMB_O', 'EMB_O', 'EMB_O', 'EMB_O', 'EMB_O', 'EMB_O', 'EMB_O', 'EMB_O', 'EMB_O', 'EMB_O', 'EMB_O', 'EMB_O', 'EMB_O', 'EMB_O', 'EMB_O', 'EMB_O', 'EMB_O', 'EMB_O', 'EMB_P', 'EMB_P', 'EMB_P', 'EMB_P', 'EMB_P', 'EMB_P', 'EMB_P', 'EMB_P', 'EMB_P', 'EMB_P', 'EMB_P', 'EMB_P', 'EMB_P', 'EMB_P', 'EMB_P', 'EMB_P', 'EMB_P', 'EMB_P', 'EMB_P', 'EMB_P', 'EMB_P', 'EMB_P', 'EMB_P', 'EMB_P', 'EMB_P', 'EMB_P', 'EMB_P', 'EMB_P', 'EMB_P', 'EMB_P', 'EMB_P', 'EMB_P', 'EMB_P', 'EMB_P', 'EMB_P', 'EMB_P', 'EMB_P', 'EMB_P', 'EMB_P', 'EMB_P', 'EMB_P', 'EMB_P', 'EMB_P', 'EMB_P', 'EMB_P', 'EMB_P', 'EMB_P', 'EMB_P', 'EMB_P', 'EMB_P', 'EMB_P', 'EMB_P', 'EMB_P', 'EMB_P', 'EMB_P', 'EMB_P', 'EMB_P', 'EMB_P', 'EMB_P', 'EMB_P', 'EMB_P', 'EMB_P', 'EMB_P', 'EMB_P', 'EMB_P', 'EMB_P', 'EMB_P', 'EMB_P', 'EMB_P', 'EMB_P', 'EMB_P', 'EMB_P', 'EMB_P', 'EMB_P', 'EMB_P', 'EMB_P', 'EMB_P', 'EMB_P', 'EMB_P', 'EMB_P', 'EMB_P', 'EMB_P', 'EMB_P', 'EMB_P', 'EMB_P', 'EMB_P', 'EMB_P', 'EMB_P', 'EMB_P', 'EMB_P', 'EMB_P']","['EMB_O', 'OPN_B', 'OPN_I', 'OPN_I', 'OPN_I', 'OPN_I', 'OPN_I', 'OPN_I', 'OPN_E', 'EMB_O', 'EMB_O', 'EMB_O', 'EMB_O', 'EMB_O', 'EMB_O', 'EMB_O', 'EMB_O', 'EMB_O', 'EMB_O', 'EMB_O', 'EMB_O', 'EMB_O', 'EMB_O', 'EMB_O', 'EMB_O', 'EMB_O', 'EMB_O', 'EMB_O', 'EMB_O', 'EMB_O', 'EMB_O', 'EMB_O', 'EMB_O', 'EMB_O', 'EMB_O', 'EMB_O', 'EMB_O', 'EMB_P', 'EMB_P', 'EMB_P', 'EMB_P', 'EMB_P', 'EMB_P', 'EMB_P', 'EMB_P', 'EMB_P', 'EMB_P', 'EMB_P', 'EMB_P', 'EMB_P', 'EMB_P', 'EMB_P', 'EMB_P', 'EMB_P', 'EMB_P', 'EMB_P', 'EMB_P', 'EMB_P', 'EMB_P', 'EMB_P', 'EMB_P', 'EMB_P', 'EMB_P', 'EMB_P', 'EMB_P', 'EMB_P', 'EMB_P', 'EMB_P', 'EMB_P', 'EMB_P', 'EMB_P', 'EMB_P', 'EMB_P', 'EMB_P', 'EMB_P', 'EMB_P', 'EMB_P', 'EMB_P', 'EMB_P', 'EMB_P', 'EMB_P', 'EMB_P', 'EMB_P', 'EMB_P', 'EMB_P', 'EMB_P', 'EMB_P', 'EMB_P', 'EMB_P', 'EMB_P', 'EMB_P', 'EMB_P', 'EMB_P', 'EMB_P', 'EMB_P', 'EMB_P', 'EMB_P', 'EMB_P', 'EMB_P', 'EMB_P', 'EMB_P', 'EMB_P', 'EMB_P', 'EMB_P', 'EMB_P', 'EMB_P', 'EMB_P', 'EMB_P', 'EMB_P', 'EMB_P', 'EMB_P', 'EMB_P', 'EMB_P', 'EMB_P', 'EMB_P', 'EMB_P', 'EMB_P', 'EMB_P', 'EMB_P', 'EMB_P', 'EMB_P', 'EMB_P', 'EMB_P', 'EMB_P', 'EMB_P', 'EMB_P', 'EMB_P', 'EMB_P']"
245,гарячого,великі,28275:8_1161,"Приголомшливо смачні фірмові роли, несподівано (для японського ресторану) великі порції гарячого.",7.25,6.88,"['EMB_O', 'EMB_O', 'EMB_O', 'EMB_O', 'EMB_O', 'EMB_O', 'EMB_O', 'EMB_O', 'EMB_O', 'EMB_O', 'EMB_O', 'EMB_O', 'EMB_O', 'EMB_O', 'EMB_O', 'EMB_O', 'EMB_O', 'EMB_O', 'EMB_O', 'EMB_O', 'EMB_O', 'EMB_O', 'EMB_O', 'EMB_O', 'EMB_O', 'EMB_O', 'EMB_O', 'EMB_O', 'EMB_O', 'EMB_O', 'EMB_O', 'EMB_O', 'ASP_B', 'ASP_I', 'ASP_E', 'EMB_O', 'EMB_O', 'EMB_P', 'EMB_P', 'EMB_P', 'EMB_P', 'EMB_P', 'EMB_P', 'EMB_P', 'EMB_P', 'EMB_P', 'EMB_P', 'EMB_P', 'EMB_P', 'EMB_P', 'EMB_P', 'EMB_P', 'EMB_P', 'EMB_P', 'EMB_P', 'EMB_P', 'EMB_P', 'EMB_P', 'EMB_P', 'EMB_P', 'EMB_P', 'EMB_P', 'EMB_P', 'EMB_P', 'EMB_P', 'EMB_P', 'EMB_P', 'EMB_P', 'EMB_P', 'EMB_P', 'EMB_P', 'EMB_P', 'EMB_P', 'EMB_P', 'EMB_P', 'EMB_P', 'EMB_P', 'EMB_P', 'EMB_P', 'EMB_P', 'EMB_P', 'EMB_P', 'EMB_P', 'EMB_P', 'EMB_P', 'EMB_P', 'EMB_P', 'EMB_P', 'EMB_P', 'EMB_P', 'EMB_P', 'EMB_P', 'EMB_P', 'EMB_P', 'EMB_P', 'EMB_P', 'EMB_P', 'EMB_P', 'EMB_P', 'EMB_P', 'EMB_P', 'EMB_P', 'EMB_P', 'EMB_P', 'EMB_P', 'EMB_P', 'EMB_P', 'EMB_P', 'EMB_P', 'EMB_P', 'EMB_P', 'EMB_P', 'EMB_P', 'EMB_P', 'EMB_P', 'EMB_P', 'EMB_P', 'EMB_P', 'EMB_P', 'EMB_P', 'EMB_P', 'EMB_P', 'EMB_P', 'EMB_P', 'EMB_P', 'EMB_P', 'EMB_P', 'EMB_P']","['EMB_O', 'EMB_O', 'EMB_O', 'EMB_O', 'EMB_O', 'EMB_O', 'EMB_O', 'EMB_O', 'EMB_O', 'EMB_O', 'EMB_O', 'EMB_O', 'EMB_O', 'EMB_O', 'EMB_O', 'EMB_O', 'EMB_O', 'EMB_O', 'EMB_O', 'EMB_O', 'EMB_O', 'EMB_O', 'EMB_O', 'EMB_O', 'EMB_O', 'EMB_O', 'EMB_O', 'EMB_O', 'EMB_O', 'OPN_S', 'EMB_O', 'EMB_O', 'EMB_O', 'EMB_O', 'EMB_O', 'EMB_O', 'EMB_O', 'EMB_P', 'EMB_P', 'EMB_P', 'EMB_P', 'EMB_P', 'EMB_P', 'EMB_P', 'EMB_P', 'EMB_P', 'EMB_P', 'EMB_P', 'EMB_P', 'EMB_P', 'EMB_P', 'EMB_P', 'EMB_P', 'EMB_P', 'EMB_P', 'EMB_P', 'EMB_P', 'EMB_P', 'EMB_P', 'EMB_P', 'EMB_P', 'EMB_P', 'EMB_P', 'EMB_P', 'EMB_P', 'EMB_P', 'EMB_P', 'EMB_P', 'EMB_P', 'EMB_P', 'EMB_P', 'EMB_P', 'EMB_P', 'EMB_P', 'EMB_P', 'EMB_P', 'EMB_P', 'EMB_P', 'EMB_P', 'EMB_P', 'EMB_P', 'EMB_P', 'EMB_P', 'EMB_P', 'EMB_P', 'EMB_P', 'EMB_P', 'EMB_P', 'EMB_P', 'EMB_P', 'EMB_P', 'EMB_P', 'EMB_P', 'EMB_P', 'EMB_P', 'EMB_P', 'EMB_P', 'EMB_P', 'EMB_P', 'EMB_P', 'EMB_P', 'EMB_P', 'EMB_P', 'EMB_P', 'EMB_P', 'EMB_P', 'EMB_P', 'EMB_P', 'EMB_P', 'EMB_P', 'EMB_P', 'EMB_P', 'EMB_P', 'EMB_P', 'EMB_P', 'EMB_P', 'EMB_P', 'EMB_P', 'EMB_P', 'EMB_P', 'EMB_P', 'EMB_P', 'EMB_P', 'EMB_P', 'EMB_P', 'EMB_P', 'EMB_P', 'EMB_P']"
246,кухні,ніяких претензій,28275:9_1162,"До кухні-ніяких претензій; можливо, гаряче можна було б і трохи швидше - але ми не поспішали і в плавну течію вечора невелика затримка в принципі вписувалася.",6.9,6.3,"['EMB_O', 'EMB_O', 'ASP_B', 'ASP_I', 'ASP_E', 'EMB_O', 'EMB_O', 'EMB_O', 'EMB_O', 'EMB_O', 'EMB_O', 'EMB_O', 'EMB_O', 'EMB_O', 'EMB_O', 'EMB_O', 'EMB_O', 'EMB_O', 'EMB_O', 'EMB_O', 'EMB_O', 'EMB_O', 'EMB_O', 'EMB_O', 'EMB_O', 'EMB_O', 'EMB_O', 'EMB_O', 'EMB_O', 'EMB_O', 'EMB_O', 'EMB_O', 'EMB_O', 'EMB_O', 'EMB_O', 'EMB_O', 'EMB_O', 'EMB_O', 'EMB_O', 'EMB_O', 'EMB_O', 'EMB_O', 'EMB_O', 'EMB_O', 'EMB_O', 'EMB_O', 'EMB_O', 'EMB_O', 'EMB_O', 'EMB_O', 'EMB_O', 'EMB_O', 'EMB_O', 'EMB_O', 'EMB_O', 'EMB_O', 'EMB_O', 'EMB_O', 'EMB_O', 'EMB_O', 'EMB_O', 'EMB_O', 'EMB_O', 'EMB_P', 'EMB_P', 'EMB_P', 'EMB_P', 'EMB_P', 'EMB_P', 'EMB_P', 'EMB_P', 'EMB_P', 'EMB_P', 'EMB_P', 'EMB_P', 'EMB_P', 'EMB_P', 'EMB_P', 'EMB_P', 'EMB_P', 'EMB_P', 'EMB_P', 'EMB_P', 'EMB_P', 'EMB_P', 'EMB_P', 'EMB_P', 'EMB_P', 'EMB_P', 'EMB_P', 'EMB_P', 'EMB_P', 'EMB_P', 'EMB_P', 'EMB_P', 'EMB_P', 'EMB_P', 'EMB_P', 'EMB_P', 'EMB_P', 'EMB_P', 'EMB_P', 'EMB_P', 'EMB_P', 'EMB_P', 'EMB_P', 'EMB_P', 'EMB_P', 'EMB_P', 'EMB_P', 'EMB_P', 'EMB_P', 'EMB_P', 'EMB_P', 'EMB_P', 'EMB_P', 'EMB_P', 'EMB_P', 'EMB_P', 'EMB_P', 'EMB_P', 'EMB_P', 'EMB_P', 'EMB_P', 'EMB_P', 'EMB_P', 'EMB_P', 'EMB_P']","['EMB_O', 'EMB_O', 'EMB_O', 'EMB_O', 'EMB_O', 'EMB_O', 'OPN_B', 'OPN_I', 'OPN_I', 'OPN_I', 'OPN_I', 'OPN_I', 'OPN_E', 'EMB_O', 'EMB_O', 'EMB_O', 'EMB_O', 'EMB_O', 'EMB_O', 'EMB_O', 'EMB_O', 'EMB_O', 'EMB_O', 'EMB_O', 'EMB_O', 'EMB_O', 'EMB_O', 'EMB_O', 'EMB_O', 'EMB_O', 'EMB_O', 'EMB_O', 'EMB_O', 'EMB_O', 'EMB_O', 'EMB_O', 'EMB_O', 'EMB_O', 'EMB_O', 'EMB_O', 'EMB_O', 'EMB_O', 'EMB_O', 'EMB_O', 'EMB_O', 'EMB_O', 'EMB_O', 'EMB_O', 'EMB_O', 'EMB_O', 'EMB_O', 'EMB_O', 'EMB_O', 'EMB_O', 'EMB_O', 'EMB_O', 'EMB_O', 'EMB_O', 'EMB_O', 'EMB_O', 'EMB_O', 'EMB_O', 'EMB_O', 'EMB_P', 'EMB_P', 'EMB_P', 'EMB_P', 'EMB_P', 'EMB_P', 'EMB_P', 'EMB_P', 'EMB_P', 'EMB_P', 'EMB_P', 'EMB_P', 'EMB_P', 'EMB_P', 'EMB_P', 'EMB_P', 'EMB_P', 'EMB_P', 'EMB_P', 'EMB_P', 'EMB_P', 'EMB_P', 'EMB_P', 'EMB_P', 'EMB_P', 'EMB_P', 'EMB_P', 'EMB_P', 'EMB_P', 'EMB_P', 'EMB_P', 'EMB_P', 'EMB_P', 'EMB_P', 'EMB_P', 'EMB_P', 'EMB_P', 'EMB_P', 'EMB_P', 'EMB_P', 'EMB_P', 'EMB_P', 'EMB_P', 'EMB_P', 'EMB_P', 'EMB_P', 'EMB_P', 'EMB_P', 'EMB_P', 'EMB_P', 'EMB_P', 'EMB_P', 'EMB_P', 'EMB_P', 'EMB_P', 'EMB_P', 'EMB_P', 'EMB_P', 'EMB_P', 'EMB_P', 'EMB_P', 'EMB_P', 'EMB_P', 'EMB_P', 'EMB_P']"
247,ресторану,не пошкодували,28585:2_1163,Побачили рекламу даного ресторану в ресторанному дворику і вирішили спробувати ...і не пошкодували!!!(,7.4,7.1,"['EMB_O', 'EMB_O', 'EMB_O', 'EMB_O', 'EMB_O', 'EMB_O', 'EMB_O', 'EMB_O', 'EMB_O', 'ASP_B', 'ASP_I', 'ASP_E', 'EMB_O', 'EMB_O', 'EMB_O', 'EMB_O', 'EMB_O', 'EMB_O', 'EMB_O', 'EMB_O', 'EMB_O', 'EMB_O', 'EMB_O', 'EMB_O', 'EMB_O', 'EMB_O', 'EMB_O', 'EMB_O', 'EMB_O', 'EMB_O', 'EMB_O', 'EMB_O', 'EMB_O', 'EMB_O', 'EMB_O', 'EMB_O', 'EMB_O', 'EMB_O', 'EMB_O', 'EMB_O', 'EMB_O', 'EMB_P', 'EMB_P', 'EMB_P', 'EMB_P', 'EMB_P', 'EMB_P', 'EMB_P', 'EMB_P', 'EMB_P', 'EMB_P', 'EMB_P', 'EMB_P', 'EMB_P', 'EMB_P', 'EMB_P', 'EMB_P', 'EMB_P', 'EMB_P', 'EMB_P', 'EMB_P', 'EMB_P', 'EMB_P', 'EMB_P', 'EMB_P', 'EMB_P', 'EMB_P', 'EMB_P', 'EMB_P', 'EMB_P', 'EMB_P', 'EMB_P', 'EMB_P', 'EMB_P', 'EMB_P', 'EMB_P', 'EMB_P', 'EMB_P', 'EMB_P', 'EMB_P', 'EMB_P', 'EMB_P', 'EMB_P', 'EMB_P', 'EMB_P', 'EMB_P', 'EMB_P', 'EMB_P', 'EMB_P', 'EMB_P', 'EMB_P', 'EMB_P', 'EMB_P', 'EMB_P', 'EMB_P', 'EMB_P', 'EMB_P', 'EMB_P', 'EMB_P', 'EMB_P', 'EMB_P', 'EMB_P', 'EMB_P', 'EMB_P', 'EMB_P', 'EMB_P', 'EMB_P', 'EMB_P', 'EMB_P', 'EMB_P', 'EMB_P', 'EMB_P', 'EMB_P', 'EMB_P', 'EMB_P', 'EMB_P', 'EMB_P', 'EMB_P', 'EMB_P', 'EMB_P', 'EMB_P', 'EMB_P', 'EMB_P', 'EMB_P', 'EMB_P', 'EMB_P', 'EMB_P', 'EMB_P']","['EMB_O', 'EMB_O', 'EMB_O', 'EMB_O', 'EMB_O', 'EMB_O', 'EMB_O', 'EMB_O', 'EMB_O', 'EMB_O', 'EMB_O', 'EMB_O', 'EMB_O', 'EMB_O', 'EMB_O', 'EMB_O', 'EMB_O', 'EMB_O', 'EMB_O', 'EMB_O', 'EMB_O', 'EMB_O', 'EMB_O', 'EMB_O', 'EMB_O', 'EMB_O', 'EMB_O', 'EMB_O', 'EMB_O', 'EMB_O', 'EMB_O', 'OPN_B', 'OPN_I', 'OPN_I', 'OPN_I', 'OPN_E', 'EMB_O', 'EMB_O', 'EMB_O', 'EMB_O', 'EMB_O', 'EMB_P', 'EMB_P', 'EMB_P', 'EMB_P', 'EMB_P', 'EMB_P', 'EMB_P', 'EMB_P', 'EMB_P', 'EMB_P', 'EMB_P', 'EMB_P', 'EMB_P', 'EMB_P', 'EMB_P', 'EMB_P', 'EMB_P', 'EMB_P', 'EMB_P', 'EMB_P', 'EMB_P', 'EMB_P', 'EMB_P', 'EMB_P', 'EMB_P', 'EMB_P', 'EMB_P', 'EMB_P', 'EMB_P', 'EMB_P', 'EMB_P', 'EMB_P', 'EMB_P', 'EMB_P', 'EMB_P', 'EMB_P', 'EMB_P', 'EMB_P', 'EMB_P', 'EMB_P', 'EMB_P', 'EMB_P', 'EMB_P', 'EMB_P', 'EMB_P', 'EMB_P', 'EMB_P', 'EMB_P', 'EMB_P', 'EMB_P', 'EMB_P', 'EMB_P', 'EMB_P', 'EMB_P', 'EMB_P', 'EMB_P', 'EMB_P', 'EMB_P', 'EMB_P', 'EMB_P', 'EMB_P', 'EMB_P', 'EMB_P', 'EMB_P', 'EMB_P', 'EMB_P', 'EMB_P', 'EMB_P', 'EMB_P', 'EMB_P', 'EMB_P', 'EMB_P', 'EMB_P', 'EMB_P', 'EMB_P', 'EMB_P', 'EMB_P', 'EMB_P', 'EMB_P', 'EMB_P', 'EMB_P', 'EMB_P', 'EMB_P', 'EMB_P', 'EMB_P', 'EMB_P', 'EMB_P']"
248,вид,чудовий,28585:5_1164,"проводила за столик біля вікна(вид чудовий),подали меню.",7.9,7.4,"['EMB_O', 'EMB_O', 'EMB_O', 'EMB_O', 'EMB_O', 'EMB_O', 'EMB_O', 'EMB_O', 'EMB_O', 'EMB_O', 'EMB_O', 'EMB_O', 'ASP_S', 'EMB_O', 'EMB_O', 'EMB_O', 'EMB_O', 'EMB_O', 'EMB_O', 'EMB_O', 'EMB_O', 'EMB_O', 'EMB_O', 'EMB_O', 'EMB_P', 'EMB_P', 'EMB_P', 'EMB_P', 'EMB_P', 'EMB_P', 'EMB_P', 'EMB_P', 'EMB_P', 'EMB_P', 'EMB_P', 'EMB_P', 'EMB_P', 'EMB_P', 'EMB_P', 'EMB_P', 'EMB_P', 'EMB_P', 'EMB_P', 'EMB_P', 'EMB_P', 'EMB_P', 'EMB_P', 'EMB_P', 'EMB_P', 'EMB_P', 'EMB_P', 'EMB_P', 'EMB_P', 'EMB_P', 'EMB_P', 'EMB_P', 'EMB_P', 'EMB_P', 'EMB_P', 'EMB_P', 'EMB_P', 'EMB_P', 'EMB_P', 'EMB_P', 'EMB_P', 'EMB_P', 'EMB_P', 'EMB_P', 'EMB_P', 'EMB_P', 'EMB_P', 'EMB_P', 'EMB_P', 'EMB_P', 'EMB_P', 'EMB_P', 'EMB_P', 'EMB_P', 'EMB_P', 'EMB_P', 'EMB_P', 'EMB_P', 'EMB_P', 'EMB_P', 'EMB_P', 'EMB_P', 'EMB_P', 'EMB_P', 'EMB_P', 'EMB_P', 'EMB_P', 'EMB_P', 'EMB_P', 'EMB_P', 'EMB_P', 'EMB_P', 'EMB_P', 'EMB_P', 'EMB_P', 'EMB_P', 'EMB_P', 'EMB_P', 'EMB_P', 'EMB_P', 'EMB_P', 'EMB_P', 'EMB_P', 'EMB_P', 'EMB_P', 'EMB_P', 'EMB_P', 'EMB_P', 'EMB_P', 'EMB_P', 'EMB_P', 'EMB_P', 'EMB_P', 'EMB_P', 'EMB_P', 'EMB_P', 'EMB_P', 'EMB_P', 'EMB_P', 'EMB_P', 'EMB_P', 'EMB_P', 'EMB_P', 'EMB_P']","['EMB_O', 'EMB_O', 'EMB_O', 'EMB_O', 'EMB_O', 'EMB_O', 'EMB_O', 'EMB_O', 'EMB_O', 'EMB_O', 'EMB_O', 'EMB_O', 'EMB_O', 'OPN_B', 'OPN_I', 'OPN_E', 'EMB_O', 'EMB_O', 'EMB_O', 'EMB_O', 'EMB_O', 'EMB_O', 'EMB_O', 'EMB_O', 'EMB_P', 'EMB_P', 'EMB_P', 'EMB_P', 'EMB_P', 'EMB_P', 'EMB_P', 'EMB_P', 'EMB_P', 'EMB_P', 'EMB_P', 'EMB_P', 'EMB_P', 'EMB_P', 'EMB_P', 'EMB_P', 'EMB_P', 'EMB_P', 'EMB_P', 'EMB_P', 'EMB_P', 'EMB_P', 'EMB_P', 'EMB_P', 'EMB_P', 'EMB_P', 'EMB_P', 'EMB_P', 'EMB_P', 'EMB_P', 'EMB_P', 'EMB_P', 'EMB_P', 'EMB_P', 'EMB_P', 'EMB_P', 'EMB_P', 'EMB_P', 'EMB_P', 'EMB_P', 'EMB_P', 'EMB_P', 'EMB_P', 'EMB_P', 'EMB_P', 'EMB_P', 'EMB_P', 'EMB_P', 'EMB_P', 'EMB_P', 'EMB_P', 'EMB_P', 'EMB_P', 'EMB_P', 'EMB_P', 'EMB_P', 'EMB_P', 'EMB_P', 'EMB_P', 'EMB_P', 'EMB_P', 'EMB_P', 'EMB_P', 'EMB_P', 'EMB_P', 'EMB_P', 'EMB_P', 'EMB_P', 'EMB_P', 'EMB_P', 'EMB_P', 'EMB_P', 'EMB_P', 'EMB_P', 'EMB_P', 'EMB_P', 'EMB_P', 'EMB_P', 'EMB_P', 'EMB_P', 'EMB_P', 'EMB_P', 'EMB_P', 'EMB_P', 'EMB_P', 'EMB_P', 'EMB_P', 'EMB_P', 'EMB_P', 'EMB_P', 'EMB_P', 'EMB_P', 'EMB_P', 'EMB_P', 'EMB_P', 'EMB_P', 'EMB_P', 'EMB_P', 'EMB_P', 'EMB_P', 'EMB_P', 'EMB_P', 'EMB_P', 'EMB_P']"
249,Страв,вибрати є з чого,28585:6_1165,Страв в меню не багато але вибрати є з чого!,6.5,5.5,"['EMB_O', 'ASP_B', 'ASP_I', 'ASP_E', 'EMB_O', 'EMB_O', 'EMB_O', 'EMB_O', 'EMB_O', 'EMB_O', 'EMB_O', 'EMB_O', 'EMB_O', 'EMB_O', 'EMB_O', 'EMB_O', 'EMB_O', 'EMB_O', 'EMB_P', 'EMB_P', 'EMB_P', 'EMB_P', 'EMB_P', 'EMB_P', 'EMB_P', 'EMB_P', 'EMB_P', 'EMB_P', 'EMB_P', 'EMB_P', 'EMB_P', 'EMB_P', 'EMB_P', 'EMB_P', 'EMB_P', 'EMB_P', 'EMB_P', 'EMB_P', 'EMB_P', 'EMB_P', 'EMB_P', 'EMB_P', 'EMB_P', 'EMB_P', 'EMB_P', 'EMB_P', 'EMB_P', 'EMB_P', 'EMB_P', 'EMB_P', 'EMB_P', 'EMB_P', 'EMB_P', 'EMB_P', 'EMB_P', 'EMB_P', 'EMB_P', 'EMB_P', 'EMB_P', 'EMB_P', 'EMB_P', 'EMB_P', 'EMB_P', 'EMB_P', 'EMB_P', 'EMB_P', 'EMB_P', 'EMB_P', 'EMB_P', 'EMB_P', 'EMB_P', 'EMB_P', 'EMB_P', 'EMB_P', 'EMB_P', 'EMB_P', 'EMB_P', 'EMB_P', 'EMB_P', 'EMB_P', 'EMB_P', 'EMB_P', 'EMB_P', 'EMB_P', 'EMB_P', 'EMB_P', 'EMB_P', 'EMB_P', 'EMB_P', 'EMB_P', 'EMB_P', 'EMB_P', 'EMB_P', 'EMB_P', 'EMB_P', 'EMB_P', 'EMB_P', 'EMB_P', 'EMB_P', 'EMB_P', 'EMB_P', 'EMB_P', 'EMB_P', 'EMB_P', 'EMB_P', 'EMB_P', 'EMB_P', 'EMB_P', 'EMB_P', 'EMB_P', 'EMB_P', 'EMB_P', 'EMB_P', 'EMB_P', 'EMB_P', 'EMB_P', 'EMB_P', 'EMB_P', 'EMB_P', 'EMB_P', 'EMB_P', 'EMB_P', 'EMB_P', 'EMB_P', 'EMB_P', 'EMB_P', 'EMB_P', 'EMB_P']","['EMB_O', 'EMB_O', 'EMB_O', 'EMB_O', 'EMB_O', 'EMB_O', 'EMB_O', 'EMB_O', 'EMB_O', 'EMB_O', 'OPN_B', 'OPN_I', 'OPN_I', 'OPN_I', 'OPN_I', 'OPN_E', 'EMB_O', 'EMB_O', 'EMB_P', 'EMB_P', 'EMB_P', 'EMB_P', 'EMB_P', 'EMB_P', 'EMB_P', 'EMB_P', 'EMB_P', 'EMB_P', 'EMB_P', 'EMB_P', 'EMB_P', 'EMB_P', 'EMB_P', 'EMB_P', 'EMB_P', 'EMB_P', 'EMB_P', 'EMB_P', 'EMB_P', 'EMB_P', 'EMB_P', 'EMB_P', 'EMB_P', 'EMB_P', 'EMB_P', 'EMB_P', 'EMB_P', 'EMB_P', 'EMB_P', 'EMB_P', 'EMB_P', 'EMB_P', 'EMB_P', 'EMB_P', 'EMB_P', 'EMB_P', 'EMB_P', 'EMB_P', 'EMB_P', 'EMB_P', 'EMB_P', 'EMB_P', 'EMB_P', 'EMB_P', 'EMB_P', 'EMB_P', 'EMB_P', 'EMB_P', 'EMB_P', 'EMB_P', 'EMB_P', 'EMB_P', 'EMB_P', 'EMB_P', 'EMB_P', 'EMB_P', 'EMB_P', 'EMB_P', 'EMB_P', 'EMB_P', 'EMB_P', 'EMB_P', 'EMB_P', 'EMB_P', 'EMB_P', 'EMB_P', 'EMB_P', 'EMB_P', 'EMB_P', 'EMB_P', 'EMB_P', 'EMB_P', 'EMB_P', 'EMB_P', 'EMB_P', 'EMB_P', 'EMB_P', 'EMB_P', 'EMB_P', 'EMB_P', 'EMB_P', 'EMB_P', 'EMB_P', 'EMB_P', 'EMB_P', 'EMB_P', 'EMB_P', 'EMB_P', 'EMB_P', 'EMB_P', 'EMB_P', 'EMB_P', 'EMB_P', 'EMB_P', 'EMB_P', 'EMB_P', 'EMB_P', 'EMB_P', 'EMB_P', 'EMB_P', 'EMB_P', 'EMB_P', 'EMB_P', 'EMB_P', 'EMB_P', 'EMB_P', 'EMB_P', 'EMB_P']"
250,Атмосфера,приголомшлива,28585:10_1166,"Атмосфера приголомшлива: меблі, прилади, посуд, вид з вікна, свічки, обслуговування!",8.2,7.8,"['EMB_O', 'ASP_B', 'ASP_I', 'ASP_I', 'ASP_E', 'EMB_O', 'EMB_O', 'EMB_O', 'EMB_O', 'EMB_O', 'EMB_O', 'EMB_O', 'EMB_O', 'EMB_O', 'EMB_O', 'EMB_O', 'EMB_O', 'EMB_O', 'EMB_O', 'EMB_O', 'EMB_O', 'EMB_O', 'EMB_O', 'EMB_O', 'EMB_O', 'EMB_O', 'EMB_O', 'EMB_O', 'EMB_O', 'EMB_O', 'EMB_O', 'EMB_O', 'EMB_O', 'EMB_O', 'EMB_O', 'EMB_O', 'EMB_O', 'EMB_O', 'EMB_P', 'EMB_P', 'EMB_P', 'EMB_P', 'EMB_P', 'EMB_P', 'EMB_P', 'EMB_P', 'EMB_P', 'EMB_P', 'EMB_P', 'EMB_P', 'EMB_P', 'EMB_P', 'EMB_P', 'EMB_P', 'EMB_P', 'EMB_P', 'EMB_P', 'EMB_P', 'EMB_P', 'EMB_P', 'EMB_P', 'EMB_P', 'EMB_P', 'EMB_P', 'EMB_P', 'EMB_P', 'EMB_P', 'EMB_P', 'EMB_P', 'EMB_P', 'EMB_P', 'EMB_P', 'EMB_P', 'EMB_P', 'EMB_P', 'EMB_P', 'EMB_P', 'EMB_P', 'EMB_P', 'EMB_P', 'EMB_P', 'EMB_P', 'EMB_P', 'EMB_P', 'EMB_P', 'EMB_P', 'EMB_P', 'EMB_P', 'EMB_P', 'EMB_P', 'EMB_P', 'EMB_P', 'EMB_P', 'EMB_P', 'EMB_P', 'EMB_P', 'EMB_P', 'EMB_P', 'EMB_P', 'EMB_P', 'EMB_P', 'EMB_P', 'EMB_P', 'EMB_P', 'EMB_P', 'EMB_P', 'EMB_P', 'EMB_P', 'EMB_P', 'EMB_P', 'EMB_P', 'EMB_P', 'EMB_P', 'EMB_P', 'EMB_P', 'EMB_P', 'EMB_P', 'EMB_P', 'EMB_P', 'EMB_P', 'EMB_P', 'EMB_P', 'EMB_P', 'EMB_P', 'EMB_P', 'EMB_P', 'EMB_P', 'EMB_P']","['EMB_O', 'EMB_O', 'EMB_O', 'EMB_O', 'EMB_O', 'OPN_B', 'OPN_I', 'OPN_I', 'OPN_I', 'OPN_E', 'EMB_O', 'EMB_O', 'EMB_O', 'EMB_O', 'EMB_O', 'EMB_O', 'EMB_O', 'EMB_O', 'EMB_O', 'EMB_O', 'EMB_O', 'EMB_O', 'EMB_O', 'EMB_O', 'EMB_O', 'EMB_O', 'EMB_O', 'EMB_O', 'EMB_O', 'EMB_O', 'EMB_O', 'EMB_O', 'EMB_O', 'EMB_O', 'EMB_O', 'EMB_O', 'EMB_O', 'EMB_O', 'EMB_P', 'EMB_P', 'EMB_P', 'EMB_P', 'EMB_P', 'EMB_P', 'EMB_P', 'EMB_P', 'EMB_P', 'EMB_P', 'EMB_P', 'EMB_P', 'EMB_P', 'EMB_P', 'EMB_P', 'EMB_P', 'EMB_P', 'EMB_P', 'EMB_P', 'EMB_P', 'EMB_P', 'EMB_P', 'EMB_P', 'EMB_P', 'EMB_P', 'EMB_P', 'EMB_P', 'EMB_P', 'EMB_P', 'EMB_P', 'EMB_P', 'EMB_P', 'EMB_P', 'EMB_P', 'EMB_P', 'EMB_P', 'EMB_P', 'EMB_P', 'EMB_P', 'EMB_P', 'EMB_P', 'EMB_P', 'EMB_P', 'EMB_P', 'EMB_P', 'EMB_P', 'EMB_P', 'EMB_P', 'EMB_P', 'EMB_P', 'EMB_P', 'EMB_P', 'EMB_P', 'EMB_P', 'EMB_P', 'EMB_P', 'EMB_P', 'EMB_P', 'EMB_P', 'EMB_P', 'EMB_P', 'EMB_P', 'EMB_P', 'EMB_P', 'EMB_P', 'EMB_P', 'EMB_P', 'EMB_P', 'EMB_P', 'EMB_P', 'EMB_P', 'EMB_P', 'EMB_P', 'EMB_P', 'EMB_P', 'EMB_P', 'EMB_P', 'EMB_P', 'EMB_P', 'EMB_P', 'EMB_P', 'EMB_P', 'EMB_P', 'EMB_P', 'EMB_P', 'EMB_P', 'EMB_P', 'EMB_P', 'EMB_P', 'EMB_P']"
251,меблі,приголомшлива,28585:10_1166,"Атмосфера приголомшлива: меблі, прилади, посуд, вид з вікна, свічки, обслуговування!",8.25,8.0,"['EMB_O', 'EMB_O', 'EMB_O', 'EMB_O', 'EMB_O', 'EMB_O', 'EMB_O', 'EMB_O', 'EMB_O', 'EMB_O', 'EMB_O', 'ASP_B', 'ASP_I', 'ASP_E', 'EMB_O', 'EMB_O', 'EMB_O', 'EMB_O', 'EMB_O', 'EMB_O', 'EMB_O', 'EMB_O', 'EMB_O', 'EMB_O', 'EMB_O', 'EMB_O', 'EMB_O', 'EMB_O', 'EMB_O', 'EMB_O', 'EMB_O', 'EMB_O', 'EMB_O', 'EMB_O', 'EMB_O', 'EMB_O', 'EMB_O', 'EMB_O', 'EMB_P', 'EMB_P', 'EMB_P', 'EMB_P', 'EMB_P', 'EMB_P', 'EMB_P', 'EMB_P', 'EMB_P', 'EMB_P', 'EMB_P', 'EMB_P', 'EMB_P', 'EMB_P', 'EMB_P', 'EMB_P', 'EMB_P', 'EMB_P', 'EMB_P', 'EMB_P', 'EMB_P', 'EMB_P', 'EMB_P', 'EMB_P', 'EMB_P', 'EMB_P', 'EMB_P', 'EMB_P', 'EMB_P', 'EMB_P', 'EMB_P', 'EMB_P', 'EMB_P', 'EMB_P', 'EMB_P', 'EMB_P', 'EMB_P', 'EMB_P', 'EMB_P', 'EMB_P', 'EMB_P', 'EMB_P', 'EMB_P', 'EMB_P', 'EMB_P', 'EMB_P', 'EMB_P', 'EMB_P', 'EMB_P', 'EMB_P', 'EMB_P', 'EMB_P', 'EMB_P', 'EMB_P', 'EMB_P', 'EMB_P', 'EMB_P', 'EMB_P', 'EMB_P', 'EMB_P', 'EMB_P', 'EMB_P', 'EMB_P', 'EMB_P', 'EMB_P', 'EMB_P', 'EMB_P', 'EMB_P', 'EMB_P', 'EMB_P', 'EMB_P', 'EMB_P', 'EMB_P', 'EMB_P', 'EMB_P', 'EMB_P', 'EMB_P', 'EMB_P', 'EMB_P', 'EMB_P', 'EMB_P', 'EMB_P', 'EMB_P', 'EMB_P', 'EMB_P', 'EMB_P', 'EMB_P', 'EMB_P', 'EMB_P', 'EMB_P']","['EMB_O', 'EMB_O', 'EMB_O', 'EMB_O', 'EMB_O', 'OPN_B', 'OPN_I', 'OPN_I', 'OPN_I', 'OPN_E', 'EMB_O', 'EMB_O', 'EMB_O', 'EMB_O', 'EMB_O', 'EMB_O', 'EMB_O', 'EMB_O', 'EMB_O', 'EMB_O', 'EMB_O', 'EMB_O', 'EMB_O', 'EMB_O', 'EMB_O', 'EMB_O', 'EMB_O', 'EMB_O', 'EMB_O', 'EMB_O', 'EMB_O', 'EMB_O', 'EMB_O', 'EMB_O', 'EMB_O', 'EMB_O', 'EMB_O', 'EMB_O', 'EMB_P', 'EMB_P', 'EMB_P', 'EMB_P', 'EMB_P', 'EMB_P', 'EMB_P', 'EMB_P', 'EMB_P', 'EMB_P', 'EMB_P', 'EMB_P', 'EMB_P', 'EMB_P', 'EMB_P', 'EMB_P', 'EMB_P', 'EMB_P', 'EMB_P', 'EMB_P', 'EMB_P', 'EMB_P', 'EMB_P', 'EMB_P', 'EMB_P', 'EMB_P', 'EMB_P', 'EMB_P', 'EMB_P', 'EMB_P', 'EMB_P', 'EMB_P', 'EMB_P', 'EMB_P', 'EMB_P', 'EMB_P', 'EMB_P', 'EMB_P', 'EMB_P', 'EMB_P', 'EMB_P', 'EMB_P', 'EMB_P', 'EMB_P', 'EMB_P', 'EMB_P', 'EMB_P', 'EMB_P', 'EMB_P', 'EMB_P', 'EMB_P', 'EMB_P', 'EMB_P', 'EMB_P', 'EMB_P', 'EMB_P', 'EMB_P', 'EMB_P', 'EMB_P', 'EMB_P', 'EMB_P', 'EMB_P', 'EMB_P', 'EMB_P', 'EMB_P', 'EMB_P', 'EMB_P', 'EMB_P', 'EMB_P', 'EMB_P', 'EMB_P', 'EMB_P', 'EMB_P', 'EMB_P', 'EMB_P', 'EMB_P', 'EMB_P', 'EMB_P', 'EMB_P', 'EMB_P', 'EMB_P', 'EMB_P', 'EMB_P', 'EMB_P', 'EMB_P', 'EMB_P', 'EMB_P', 'EMB_P', 'EMB_P', 'EMB_P']"
252,прилади,приголомшлива,28585:10_1166,"Атмосфера приголомшлива: меблі, прилади, посуд, вид з вікна, свічки, обслуговування!",8.25,8.0,"['EMB_O', 'EMB_O', 'EMB_O', 'EMB_O', 'EMB_O', 'EMB_O', 'EMB_O', 'EMB_O', 'EMB_O', 'EMB_O', 'EMB_O', 'EMB_O', 'EMB_O', 'EMB_O', 'EMB_O', 'ASP_B', 'ASP_E', 'EMB_O', 'EMB_O', 'EMB_O', 'EMB_O', 'EMB_O', 'EMB_O', 'EMB_O', 'EMB_O', 'EMB_O', 'EMB_O', 'EMB_O', 'EMB_O', 'EMB_O', 'EMB_O', 'EMB_O', 'EMB_O', 'EMB_O', 'EMB_O', 'EMB_O', 'EMB_O', 'EMB_O', 'EMB_P', 'EMB_P', 'EMB_P', 'EMB_P', 'EMB_P', 'EMB_P', 'EMB_P', 'EMB_P', 'EMB_P', 'EMB_P', 'EMB_P', 'EMB_P', 'EMB_P', 'EMB_P', 'EMB_P', 'EMB_P', 'EMB_P', 'EMB_P', 'EMB_P', 'EMB_P', 'EMB_P', 'EMB_P', 'EMB_P', 'EMB_P', 'EMB_P', 'EMB_P', 'EMB_P', 'EMB_P', 'EMB_P', 'EMB_P', 'EMB_P', 'EMB_P', 'EMB_P', 'EMB_P', 'EMB_P', 'EMB_P', 'EMB_P', 'EMB_P', 'EMB_P', 'EMB_P', 'EMB_P', 'EMB_P', 'EMB_P', 'EMB_P', 'EMB_P', 'EMB_P', 'EMB_P', 'EMB_P', 'EMB_P', 'EMB_P', 'EMB_P', 'EMB_P', 'EMB_P', 'EMB_P', 'EMB_P', 'EMB_P', 'EMB_P', 'EMB_P', 'EMB_P', 'EMB_P', 'EMB_P', 'EMB_P', 'EMB_P', 'EMB_P', 'EMB_P', 'EMB_P', 'EMB_P', 'EMB_P', 'EMB_P', 'EMB_P', 'EMB_P', 'EMB_P', 'EMB_P', 'EMB_P', 'EMB_P', 'EMB_P', 'EMB_P', 'EMB_P', 'EMB_P', 'EMB_P', 'EMB_P', 'EMB_P', 'EMB_P', 'EMB_P', 'EMB_P', 'EMB_P', 'EMB_P', 'EMB_P', 'EMB_P', 'EMB_P']","['EMB_O', 'EMB_O', 'EMB_O', 'EMB_O', 'EMB_O', 'OPN_B', 'OPN_I', 'OPN_I', 'OPN_I', 'OPN_E', 'EMB_O', 'EMB_O', 'EMB_O', 'EMB_O', 'EMB_O', 'EMB_O', 'EMB_O', 'EMB_O', 'EMB_O', 'EMB_O', 'EMB_O', 'EMB_O', 'EMB_O', 'EMB_O', 'EMB_O', 'EMB_O', 'EMB_O', 'EMB_O', 'EMB_O', 'EMB_O', 'EMB_O', 'EMB_O', 'EMB_O', 'EMB_O', 'EMB_O', 'EMB_O', 'EMB_O', 'EMB_O', 'EMB_P', 'EMB_P', 'EMB_P', 'EMB_P', 'EMB_P', 'EMB_P', 'EMB_P', 'EMB_P', 'EMB_P', 'EMB_P', 'EMB_P', 'EMB_P', 'EMB_P', 'EMB_P', 'EMB_P', 'EMB_P', 'EMB_P', 'EMB_P', 'EMB_P', 'EMB_P', 'EMB_P', 'EMB_P', 'EMB_P', 'EMB_P', 'EMB_P', 'EMB_P', 'EMB_P', 'EMB_P', 'EMB_P', 'EMB_P', 'EMB_P', 'EMB_P', 'EMB_P', 'EMB_P', 'EMB_P', 'EMB_P', 'EMB_P', 'EMB_P', 'EMB_P', 'EMB_P', 'EMB_P', 'EMB_P', 'EMB_P', 'EMB_P', 'EMB_P', 'EMB_P', 'EMB_P', 'EMB_P', 'EMB_P', 'EMB_P', 'EMB_P', 'EMB_P', 'EMB_P', 'EMB_P', 'EMB_P', 'EMB_P', 'EMB_P', 'EMB_P', 'EMB_P', 'EMB_P', 'EMB_P', 'EMB_P', 'EMB_P', 'EMB_P', 'EMB_P', 'EMB_P', 'EMB_P', 'EMB_P', 'EMB_P', 'EMB_P', 'EMB_P', 'EMB_P', 'EMB_P', 'EMB_P', 'EMB_P', 'EMB_P', 'EMB_P', 'EMB_P', 'EMB_P', 'EMB_P', 'EMB_P', 'EMB_P', 'EMB_P', 'EMB_P', 'EMB_P', 'EMB_P', 'EMB_P', 'EMB_P', 'EMB_P', 'EMB_P']"
253,посуд,приголомшлива,28585:10_1166,"Атмосфера приголомшлива: меблі, прилади, посуд, вид з вікна, свічки, обслуговування!",8.25,8.0,"['EMB_O', 'EMB_O', 'EMB_O', 'EMB_O', 'EMB_O', 'EMB_O', 'EMB_O', 'EMB_O', 'EMB_O', 'EMB_O', 'EMB_O', 'EMB_O', 'EMB_O', 'EMB_O', 'EMB_O', 'EMB_O', 'EMB_O', 'EMB_O', 'ASP_B', 'ASP_I', 'ASP_E', 'EMB_O', 'EMB_O', 'EMB_O', 'EMB_O', 'EMB_O', 'EMB_O', 'EMB_O', 'EMB_O', 'EMB_O', 'EMB_O', 'EMB_O', 'EMB_O', 'EMB_O', 'EMB_O', 'EMB_O', 'EMB_O', 'EMB_O', 'EMB_P', 'EMB_P', 'EMB_P', 'EMB_P', 'EMB_P', 'EMB_P', 'EMB_P', 'EMB_P', 'EMB_P', 'EMB_P', 'EMB_P', 'EMB_P', 'EMB_P', 'EMB_P', 'EMB_P', 'EMB_P', 'EMB_P', 'EMB_P', 'EMB_P', 'EMB_P', 'EMB_P', 'EMB_P', 'EMB_P', 'EMB_P', 'EMB_P', 'EMB_P', 'EMB_P', 'EMB_P', 'EMB_P', 'EMB_P', 'EMB_P', 'EMB_P', 'EMB_P', 'EMB_P', 'EMB_P', 'EMB_P', 'EMB_P', 'EMB_P', 'EMB_P', 'EMB_P', 'EMB_P', 'EMB_P', 'EMB_P', 'EMB_P', 'EMB_P', 'EMB_P', 'EMB_P', 'EMB_P', 'EMB_P', 'EMB_P', 'EMB_P', 'EMB_P', 'EMB_P', 'EMB_P', 'EMB_P', 'EMB_P', 'EMB_P', 'EMB_P', 'EMB_P', 'EMB_P', 'EMB_P', 'EMB_P', 'EMB_P', 'EMB_P', 'EMB_P', 'EMB_P', 'EMB_P', 'EMB_P', 'EMB_P', 'EMB_P', 'EMB_P', 'EMB_P', 'EMB_P', 'EMB_P', 'EMB_P', 'EMB_P', 'EMB_P', 'EMB_P', 'EMB_P', 'EMB_P', 'EMB_P', 'EMB_P', 'EMB_P', 'EMB_P', 'EMB_P', 'EMB_P', 'EMB_P', 'EMB_P', 'EMB_P', 'EMB_P']","['EMB_O', 'EMB_O', 'EMB_O', 'EMB_O', 'EMB_O', 'OPN_B', 'OPN_I', 'OPN_I', 'OPN_I', 'OPN_E', 'EMB_O', 'EMB_O', 'EMB_O', 'EMB_O', 'EMB_O', 'EMB_O', 'EMB_O', 'EMB_O', 'EMB_O', 'EMB_O', 'EMB_O', 'EMB_O', 'EMB_O', 'EMB_O', 'EMB_O', 'EMB_O', 'EMB_O', 'EMB_O', 'EMB_O', 'EMB_O', 'EMB_O', 'EMB_O', 'EMB_O', 'EMB_O', 'EMB_O', 'EMB_O', 'EMB_O', 'EMB_O', 'EMB_P', 'EMB_P', 'EMB_P', 'EMB_P', 'EMB_P', 'EMB_P', 'EMB_P', 'EMB_P', 'EMB_P', 'EMB_P', 'EMB_P', 'EMB_P', 'EMB_P', 'EMB_P', 'EMB_P', 'EMB_P', 'EMB_P', 'EMB_P', 'EMB_P', 'EMB_P', 'EMB_P', 'EMB_P', 'EMB_P', 'EMB_P', 'EMB_P', 'EMB_P', 'EMB_P', 'EMB_P', 'EMB_P', 'EMB_P', 'EMB_P', 'EMB_P', 'EMB_P', 'EMB_P', 'EMB_P', 'EMB_P', 'EMB_P', 'EMB_P', 'EMB_P', 'EMB_P', 'EMB_P', 'EMB_P', 'EMB_P', 'EMB_P', 'EMB_P', 'EMB_P', 'EMB_P', 'EMB_P', 'EMB_P', 'EMB_P', 'EMB_P', 'EMB_P', 'EMB_P', 'EMB_P', 'EMB_P', 'EMB_P', 'EMB_P', 'EMB_P', 'EMB_P', 'EMB_P', 'EMB_P', 'EMB_P', 'EMB_P', 'EMB_P', 'EMB_P', 'EMB_P', 'EMB_P', 'EMB_P', 'EMB_P', 'EMB_P', 'EMB_P', 'EMB_P', 'EMB_P', 'EMB_P', 'EMB_P', 'EMB_P', 'EMB_P', 'EMB_P', 'EMB_P', 'EMB_P', 'EMB_P', 'EMB_P', 'EMB_P', 'EMB_P', 'EMB_P', 'EMB_P', 'EMB_P', 'EMB_P', 'EMB_P', 'EMB_P']"
254,вид з вікна,приголомшлива,28585:10_1166,"Атмосфера приголомшлива: меблі, прилади, посуд, вид з вікна, свічки, обслуговування!",8.25,8.0,"['EMB_O', 'EMB_O', 'EMB_O', 'EMB_O', 'EMB_O', 'EMB_O', 'EMB_O', 'EMB_O', 'EMB_O', 'EMB_O', 'EMB_O', 'EMB_O', 'EMB_O', 'EMB_O', 'EMB_O', 'EMB_O', 'EMB_O', 'EMB_O', 'EMB_O', 'EMB_O', 'EMB_O', 'EMB_O', 'ASP_B', 'ASP_I', 'ASP_I', 'ASP_I', 'ASP_E', 'EMB_O', 'EMB_O', 'EMB_O', 'EMB_O', 'EMB_O', 'EMB_O', 'EMB_O', 'EMB_O', 'EMB_O', 'EMB_O', 'EMB_O', 'EMB_P', 'EMB_P', 'EMB_P', 'EMB_P', 'EMB_P', 'EMB_P', 'EMB_P', 'EMB_P', 'EMB_P', 'EMB_P', 'EMB_P', 'EMB_P', 'EMB_P', 'EMB_P', 'EMB_P', 'EMB_P', 'EMB_P', 'EMB_P', 'EMB_P', 'EMB_P', 'EMB_P', 'EMB_P', 'EMB_P', 'EMB_P', 'EMB_P', 'EMB_P', 'EMB_P', 'EMB_P', 'EMB_P', 'EMB_P', 'EMB_P', 'EMB_P', 'EMB_P', 'EMB_P', 'EMB_P', 'EMB_P', 'EMB_P', 'EMB_P', 'EMB_P', 'EMB_P', 'EMB_P', 'EMB_P', 'EMB_P', 'EMB_P', 'EMB_P', 'EMB_P', 'EMB_P', 'EMB_P', 'EMB_P', 'EMB_P', 'EMB_P', 'EMB_P', 'EMB_P', 'EMB_P', 'EMB_P', 'EMB_P', 'EMB_P', 'EMB_P', 'EMB_P', 'EMB_P', 'EMB_P', 'EMB_P', 'EMB_P', 'EMB_P', 'EMB_P', 'EMB_P', 'EMB_P', 'EMB_P', 'EMB_P', 'EMB_P', 'EMB_P', 'EMB_P', 'EMB_P', 'EMB_P', 'EMB_P', 'EMB_P', 'EMB_P', 'EMB_P', 'EMB_P', 'EMB_P', 'EMB_P', 'EMB_P', 'EMB_P', 'EMB_P', 'EMB_P', 'EMB_P', 'EMB_P', 'EMB_P', 'EMB_P', 'EMB_P']","['EMB_O', 'EMB_O', 'EMB_O', 'EMB_O', 'EMB_O', 'OPN_B', 'OPN_I', 'OPN_I', 'OPN_I', 'OPN_E', 'EMB_O', 'EMB_O', 'EMB_O', 'EMB_O', 'EMB_O', 'EMB_O', 'EMB_O', 'EMB_O', 'EMB_O', 'EMB_O', 'EMB_O', 'EMB_O', 'EMB_O', 'EMB_O', 'EMB_O', 'EMB_O', 'EMB_O', 'EMB_O', 'EMB_O', 'EMB_O', 'EMB_O', 'EMB_O', 'EMB_O', 'EMB_O', 'EMB_O', 'EMB_O', 'EMB_O', 'EMB_O', 'EMB_P', 'EMB_P', 'EMB_P', 'EMB_P', 'EMB_P', 'EMB_P', 'EMB_P', 'EMB_P', 'EMB_P', 'EMB_P', 'EMB_P', 'EMB_P', 'EMB_P', 'EMB_P', 'EMB_P', 'EMB_P', 'EMB_P', 'EMB_P', 'EMB_P', 'EMB_P', 'EMB_P', 'EMB_P', 'EMB_P', 'EMB_P', 'EMB_P', 'EMB_P', 'EMB_P', 'EMB_P', 'EMB_P', 'EMB_P', 'EMB_P', 'EMB_P', 'EMB_P', 'EMB_P', 'EMB_P', 'EMB_P', 'EMB_P', 'EMB_P', 'EMB_P', 'EMB_P', 'EMB_P', 'EMB_P', 'EMB_P', 'EMB_P', 'EMB_P', 'EMB_P', 'EMB_P', 'EMB_P', 'EMB_P', 'EMB_P', 'EMB_P', 'EMB_P', 'EMB_P', 'EMB_P', 'EMB_P', 'EMB_P', 'EMB_P', 'EMB_P', 'EMB_P', 'EMB_P', 'EMB_P', 'EMB_P', 'EMB_P', 'EMB_P', 'EMB_P', 'EMB_P', 'EMB_P', 'EMB_P', 'EMB_P', 'EMB_P', 'EMB_P', 'EMB_P', 'EMB_P', 'EMB_P', 'EMB_P', 'EMB_P', 'EMB_P', 'EMB_P', 'EMB_P', 'EMB_P', 'EMB_P', 'EMB_P', 'EMB_P', 'EMB_P', 'EMB_P', 'EMB_P', 'EMB_P', 'EMB_P', 'EMB_P', 'EMB_P']"
255,свічки,приголомшлива,28585:10_1166,"Атмосфера приголомшлива: меблі, прилади, посуд, вид з вікна, свічки, обслуговування!",8.25,8.0,"['EMB_O', 'EMB_O', 'EMB_O', 'EMB_O', 'EMB_O', 'EMB_O', 'EMB_O', 'EMB_O', 'EMB_O', 'EMB_O', 'EMB_O', 'EMB_O', 'EMB_O', 'EMB_O', 'EMB_O', 'EMB_O', 'EMB_O', 'EMB_O', 'EMB_O', 'EMB_O', 'EMB_O', 'EMB_O', 'EMB_O', 'EMB_O', 'EMB_O', 'EMB_O', 'EMB_O', 'EMB_O', 'ASP_B', 'ASP_I', 'ASP_E', 'EMB_O', 'EMB_O', 'EMB_O', 'EMB_O', 'EMB_O', 'EMB_O', 'EMB_O', 'EMB_P', 'EMB_P', 'EMB_P', 'EMB_P', 'EMB_P', 'EMB_P', 'EMB_P', 'EMB_P', 'EMB_P', 'EMB_P', 'EMB_P', 'EMB_P', 'EMB_P', 'EMB_P', 'EMB_P', 'EMB_P', 'EMB_P', 'EMB_P', 'EMB_P', 'EMB_P', 'EMB_P', 'EMB_P', 'EMB_P', 'EMB_P', 'EMB_P', 'EMB_P', 'EMB_P', 'EMB_P', 'EMB_P', 'EMB_P', 'EMB_P', 'EMB_P', 'EMB_P', 'EMB_P', 'EMB_P', 'EMB_P', 'EMB_P', 'EMB_P', 'EMB_P', 'EMB_P', 'EMB_P', 'EMB_P', 'EMB_P', 'EMB_P', 'EMB_P', 'EMB_P', 'EMB_P', 'EMB_P', 'EMB_P', 'EMB_P', 'EMB_P', 'EMB_P', 'EMB_P', 'EMB_P', 'EMB_P', 'EMB_P', 'EMB_P', 'EMB_P', 'EMB_P', 'EMB_P', 'EMB_P', 'EMB_P', 'EMB_P', 'EMB_P', 'EMB_P', 'EMB_P', 'EMB_P', 'EMB_P', 'EMB_P', 'EMB_P', 'EMB_P', 'EMB_P', 'EMB_P', 'EMB_P', 'EMB_P', 'EMB_P', 'EMB_P', 'EMB_P', 'EMB_P', 'EMB_P', 'EMB_P', 'EMB_P', 'EMB_P', 'EMB_P', 'EMB_P', 'EMB_P', 'EMB_P', 'EMB_P', 'EMB_P', 'EMB_P']","['EMB_O', 'EMB_O', 'EMB_O', 'EMB_O', 'EMB_O', 'OPN_B', 'OPN_I', 'OPN_I', 'OPN_I', 'OPN_E', 'EMB_O', 'EMB_O', 'EMB_O', 'EMB_O', 'EMB_O', 'EMB_O', 'EMB_O', 'EMB_O', 'EMB_O', 'EMB_O', 'EMB_O', 'EMB_O', 'EMB_O', 'EMB_O', 'EMB_O', 'EMB_O', 'EMB_O', 'EMB_O', 'EMB_O', 'EMB_O', 'EMB_O', 'EMB_O', 'EMB_O', 'EMB_O', 'EMB_O', 'EMB_O', 'EMB_O', 'EMB_O', 'EMB_P', 'EMB_P', 'EMB_P', 'EMB_P', 'EMB_P', 'EMB_P', 'EMB_P', 'EMB_P', 'EMB_P', 'EMB_P', 'EMB_P', 'EMB_P', 'EMB_P', 'EMB_P', 'EMB_P', 'EMB_P', 'EMB_P', 'EMB_P', 'EMB_P', 'EMB_P', 'EMB_P', 'EMB_P', 'EMB_P', 'EMB_P', 'EMB_P', 'EMB_P', 'EMB_P', 'EMB_P', 'EMB_P', 'EMB_P', 'EMB_P', 'EMB_P', 'EMB_P', 'EMB_P', 'EMB_P', 'EMB_P', 'EMB_P', 'EMB_P', 'EMB_P', 'EMB_P', 'EMB_P', 'EMB_P', 'EMB_P', 'EMB_P', 'EMB_P', 'EMB_P', 'EMB_P', 'EMB_P', 'EMB_P', 'EMB_P', 'EMB_P', 'EMB_P', 'EMB_P', 'EMB_P', 'EMB_P', 'EMB_P', 'EMB_P', 'EMB_P', 'EMB_P', 'EMB_P', 'EMB_P', 'EMB_P', 'EMB_P', 'EMB_P', 'EMB_P', 'EMB_P', 'EMB_P', 'EMB_P', 'EMB_P', 'EMB_P', 'EMB_P', 'EMB_P', 'EMB_P', 'EMB_P', 'EMB_P', 'EMB_P', 'EMB_P', 'EMB_P', 'EMB_P', 'EMB_P', 'EMB_P', 'EMB_P', 'EMB_P', 'EMB_P', 'EMB_P', 'EMB_P', 'EMB_P', 'EMB_P', 'EMB_P', 'EMB_P']"
256,обслуговування,приголомшлива,28585:10_1166,"Атмосфера приголомшлива: меблі, прилади, посуд, вид з вікна, свічки, обслуговування!",8.25,8.0,"['EMB_O', 'EMB_O', 'EMB_O', 'EMB_O', 'EMB_O', 'EMB_O', 'EMB_O', 'EMB_O', 'EMB_O', 'EMB_O', 'EMB_O', 'EMB_O', 'EMB_O', 'EMB_O', 'EMB_O', 'EMB_O', 'EMB_O', 'EMB_O', 'EMB_O', 'EMB_O', 'EMB_O', 'EMB_O', 'EMB_O', 'EMB_O', 'EMB_O', 'EMB_O', 'EMB_O', 'EMB_O', 'EMB_O', 'EMB_O', 'EMB_O', 'EMB_O', 'ASP_B', 'ASP_I', 'ASP_I', 'ASP_E', 'EMB_O', 'EMB_O', 'EMB_P', 'EMB_P', 'EMB_P', 'EMB_P', 'EMB_P', 'EMB_P', 'EMB_P', 'EMB_P', 'EMB_P', 'EMB_P', 'EMB_P', 'EMB_P', 'EMB_P', 'EMB_P', 'EMB_P', 'EMB_P', 'EMB_P', 'EMB_P', 'EMB_P', 'EMB_P', 'EMB_P', 'EMB_P', 'EMB_P', 'EMB_P', 'EMB_P', 'EMB_P', 'EMB_P', 'EMB_P', 'EMB_P', 'EMB_P', 'EMB_P', 'EMB_P', 'EMB_P', 'EMB_P', 'EMB_P', 'EMB_P', 'EMB_P', 'EMB_P', 'EMB_P', 'EMB_P', 'EMB_P', 'EMB_P', 'EMB_P', 'EMB_P', 'EMB_P', 'EMB_P', 'EMB_P', 'EMB_P', 'EMB_P', 'EMB_P', 'EMB_P', 'EMB_P', 'EMB_P', 'EMB_P', 'EMB_P', 'EMB_P', 'EMB_P', 'EMB_P', 'EMB_P', 'EMB_P', 'EMB_P', 'EMB_P', 'EMB_P', 'EMB_P', 'EMB_P', 'EMB_P', 'EMB_P', 'EMB_P', 'EMB_P', 'EMB_P', 'EMB_P', 'EMB_P', 'EMB_P', 'EMB_P', 'EMB_P', 'EMB_P', 'EMB_P', 'EMB_P', 'EMB_P', 'EMB_P', 'EMB_P', 'EMB_P', 'EMB_P', 'EMB_P', 'EMB_P', 'EMB_P', 'EMB_P', 'EMB_P', 'EMB_P', 'EMB_P']","['EMB_O', 'EMB_O', 'EMB_O', 'EMB_O', 'EMB_O', 'OPN_B', 'OPN_I', 'OPN_I', 'OPN_I', 'OPN_E', 'EMB_O', 'EMB_O', 'EMB_O', 'EMB_O', 'EMB_O', 'EMB_O', 'EMB_O', 'EMB_O', 'EMB_O', 'EMB_O', 'EMB_O', 'EMB_O', 'EMB_O', 'EMB_O', 'EMB_O', 'EMB_O', 'EMB_O', 'EMB_O', 'EMB_O', 'EMB_O', 'EMB_O', 'EMB_O', 'EMB_O', 'EMB_O', 'EMB_O', 'EMB_O', 'EMB_O', 'EMB_O', 'EMB_P', 'EMB_P', 'EMB_P', 'EMB_P', 'EMB_P', 'EMB_P', 'EMB_P', 'EMB_P', 'EMB_P', 'EMB_P', 'EMB_P', 'EMB_P', 'EMB_P', 'EMB_P', 'EMB_P', 'EMB_P', 'EMB_P', 'EMB_P', 'EMB_P', 'EMB_P', 'EMB_P', 'EMB_P', 'EMB_P', 'EMB_P', 'EMB_P', 'EMB_P', 'EMB_P', 'EMB_P', 'EMB_P', 'EMB_P', 'EMB_P', 'EMB_P', 'EMB_P', 'EMB_P', 'EMB_P', 'EMB_P', 'EMB_P', 'EMB_P', 'EMB_P', 'EMB_P', 'EMB_P', 'EMB_P', 'EMB_P', 'EMB_P', 'EMB_P', 'EMB_P', 'EMB_P', 'EMB_P', 'EMB_P', 'EMB_P', 'EMB_P', 'EMB_P', 'EMB_P', 'EMB_P', 'EMB_P', 'EMB_P', 'EMB_P', 'EMB_P', 'EMB_P', 'EMB_P', 'EMB_P', 'EMB_P', 'EMB_P', 'EMB_P', 'EMB_P', 'EMB_P', 'EMB_P', 'EMB_P', 'EMB_P', 'EMB_P', 'EMB_P', 'EMB_P', 'EMB_P', 'EMB_P', 'EMB_P', 'EMB_P', 'EMB_P', 'EMB_P', 'EMB_P', 'EMB_P', 'EMB_P', 'EMB_P', 'EMB_P', 'EMB_P', 'EMB_P', 'EMB_P', 'EMB_P', 'EMB_P', 'EMB_P', 'EMB_P']"
257,Ресторан,чудовий,28612:0_1167,Ресторан чудовий!,7.8,7.4,"['EMB_O', 'ASP_B', 'ASP_I', 'ASP_E', 'EMB_O', 'EMB_O', 'EMB_O', 'EMB_O', 'EMB_O', 'EMB_P', 'EMB_P', 'EMB_P', 'EMB_P', 'EMB_P', 'EMB_P', 'EMB_P', 'EMB_P', 'EMB_P', 'EMB_P', 'EMB_P', 'EMB_P', 'EMB_P', 'EMB_P', 'EMB_P', 'EMB_P', 'EMB_P', 'EMB_P', 'EMB_P', 'EMB_P', 'EMB_P', 'EMB_P', 'EMB_P', 'EMB_P', 'EMB_P', 'EMB_P', 'EMB_P', 'EMB_P', 'EMB_P', 'EMB_P', 'EMB_P', 'EMB_P', 'EMB_P', 'EMB_P', 'EMB_P', 'EMB_P', 'EMB_P', 'EMB_P', 'EMB_P', 'EMB_P', 'EMB_P', 'EMB_P', 'EMB_P', 'EMB_P', 'EMB_P', 'EMB_P', 'EMB_P', 'EMB_P', 'EMB_P', 'EMB_P', 'EMB_P', 'EMB_P', 'EMB_P', 'EMB_P', 'EMB_P', 'EMB_P', 'EMB_P', 'EMB_P', 'EMB_P', 'EMB_P', 'EMB_P', 'EMB_P', 'EMB_P', 'EMB_P', 'EMB_P', 'EMB_P', 'EMB_P', 'EMB_P', 'EMB_P', 'EMB_P', 'EMB_P', 'EMB_P', 'EMB_P', 'EMB_P', 'EMB_P', 'EMB_P', 'EMB_P', 'EMB_P', 'EMB_P', 'EMB_P', 'EMB_P', 'EMB_P', 'EMB_P', 'EMB_P', 'EMB_P', 'EMB_P', 'EMB_P', 'EMB_P', 'EMB_P', 'EMB_P', 'EMB_P', 'EMB_P', 'EMB_P', 'EMB_P', 'EMB_P', 'EMB_P', 'EMB_P', 'EMB_P', 'EMB_P', 'EMB_P', 'EMB_P', 'EMB_P', 'EMB_P', 'EMB_P', 'EMB_P', 'EMB_P', 'EMB_P', 'EMB_P', 'EMB_P', 'EMB_P', 'EMB_P', 'EMB_P', 'EMB_P', 'EMB_P', 'EMB_P', 'EMB_P', 'EMB_P', 'EMB_P', 'EMB_P']","['EMB_O', 'EMB_O', 'EMB_O', 'EMB_O', 'OPN_B', 'OPN_I', 'OPN_E', 'EMB_O', 'EMB_O', 'EMB_P', 'EMB_P', 'EMB_P', 'EMB_P', 'EMB_P', 'EMB_P', 'EMB_P', 'EMB_P', 'EMB_P', 'EMB_P', 'EMB_P', 'EMB_P', 'EMB_P', 'EMB_P', 'EMB_P', 'EMB_P', 'EMB_P', 'EMB_P', 'EMB_P', 'EMB_P', 'EMB_P', 'EMB_P', 'EMB_P', 'EMB_P', 'EMB_P', 'EMB_P', 'EMB_P', 'EMB_P', 'EMB_P', 'EMB_P', 'EMB_P', 'EMB_P', 'EMB_P', 'EMB_P', 'EMB_P', 'EMB_P', 'EMB_P', 'EMB_P', 'EMB_P', 'EMB_P', 'EMB_P', 'EMB_P', 'EMB_P', 'EMB_P', 'EMB_P', 'EMB_P', 'EMB_P', 'EMB_P', 'EMB_P', 'EMB_P', 'EMB_P', 'EMB_P', 'EMB_P', 'EMB_P', 'EMB_P', 'EMB_P', 'EMB_P', 'EMB_P', 'EMB_P', 'EMB_P', 'EMB_P', 'EMB_P', 'EMB_P', 'EMB_P', 'EMB_P', 'EMB_P', 'EMB_P', 'EMB_P', 'EMB_P', 'EMB_P', 'EMB_P', 'EMB_P', 'EMB_P', 'EMB_P', 'EMB_P', 'EMB_P', 'EMB_P', 'EMB_P', 'EMB_P', 'EMB_P', 'EMB_P', 'EMB_P', 'EMB_P', 'EMB_P', 'EMB_P', 'EMB_P', 'EMB_P', 'EMB_P', 'EMB_P', 'EMB_P', 'EMB_P', 'EMB_P', 'EMB_P', 'EMB_P', 'EMB_P', 'EMB_P', 'EMB_P', 'EMB_P', 'EMB_P', 'EMB_P', 'EMB_P', 'EMB_P', 'EMB_P', 'EMB_P', 'EMB_P', 'EMB_P', 'EMB_P', 'EMB_P', 'EMB_P', 'EMB_P', 'EMB_P', 'EMB_P', 'EMB_P', 'EMB_P', 'EMB_P', 'EMB_P', 'EMB_P', 'EMB_P', 'EMB_P']"
258,персонал,Дуже приємний,28612:1_1168,"Дуже приємний і ввічливий персонал, вже на вході зустрічають, складається відчуття, що давно чекали в гості.",7.62,7.5,"['EMB_O', 'EMB_O', 'EMB_O', 'EMB_O', 'EMB_O', 'EMB_O', 'EMB_O', 'EMB_O', 'EMB_O', 'EMB_O', 'EMB_O', 'ASP_B', 'ASP_I', 'ASP_E', 'EMB_O', 'EMB_O', 'EMB_O', 'EMB_O', 'EMB_O', 'EMB_O', 'EMB_O', 'EMB_O', 'EMB_O', 'EMB_O', 'EMB_O', 'EMB_O', 'EMB_O', 'EMB_O', 'EMB_O', 'EMB_O', 'EMB_O', 'EMB_O', 'EMB_O', 'EMB_O', 'EMB_O', 'EMB_O', 'EMB_O', 'EMB_O', 'EMB_O', 'EMB_O', 'EMB_P', 'EMB_P', 'EMB_P', 'EMB_P', 'EMB_P', 'EMB_P', 'EMB_P', 'EMB_P', 'EMB_P', 'EMB_P', 'EMB_P', 'EMB_P', 'EMB_P', 'EMB_P', 'EMB_P', 'EMB_P', 'EMB_P', 'EMB_P', 'EMB_P', 'EMB_P', 'EMB_P', 'EMB_P', 'EMB_P', 'EMB_P', 'EMB_P', 'EMB_P', 'EMB_P', 'EMB_P', 'EMB_P', 'EMB_P', 'EMB_P', 'EMB_P', 'EMB_P', 'EMB_P', 'EMB_P', 'EMB_P', 'EMB_P', 'EMB_P', 'EMB_P', 'EMB_P', 'EMB_P', 'EMB_P', 'EMB_P', 'EMB_P', 'EMB_P', 'EMB_P', 'EMB_P', 'EMB_P', 'EMB_P', 'EMB_P', 'EMB_P', 'EMB_P', 'EMB_P', 'EMB_P', 'EMB_P', 'EMB_P', 'EMB_P', 'EMB_P', 'EMB_P', 'EMB_P', 'EMB_P', 'EMB_P', 'EMB_P', 'EMB_P', 'EMB_P', 'EMB_P', 'EMB_P', 'EMB_P', 'EMB_P', 'EMB_P', 'EMB_P', 'EMB_P', 'EMB_P', 'EMB_P', 'EMB_P', 'EMB_P', 'EMB_P', 'EMB_P', 'EMB_P', 'EMB_P', 'EMB_P', 'EMB_P', 'EMB_P', 'EMB_P', 'EMB_P', 'EMB_P', 'EMB_P', 'EMB_P']","['EMB_O', 'OPN_B', 'OPN_I', 'OPN_I', 'OPN_I', 'OPN_I', 'OPN_E', 'EMB_O', 'EMB_O', 'EMB_O', 'EMB_O', 'EMB_O', 'EMB_O', 'EMB_O', 'EMB_O', 'EMB_O', 'EMB_O', 'EMB_O', 'EMB_O', 'EMB_O', 'EMB_O', 'EMB_O', 'EMB_O', 'EMB_O', 'EMB_O', 'EMB_O', 'EMB_O', 'EMB_O', 'EMB_O', 'EMB_O', 'EMB_O', 'EMB_O', 'EMB_O', 'EMB_O', 'EMB_O', 'EMB_O', 'EMB_O', 'EMB_O', 'EMB_O', 'EMB_O', 'EMB_P', 'EMB_P', 'EMB_P', 'EMB_P', 'EMB_P', 'EMB_P', 'EMB_P', 'EMB_P', 'EMB_P', 'EMB_P', 'EMB_P', 'EMB_P', 'EMB_P', 'EMB_P', 'EMB_P', 'EMB_P', 'EMB_P', 'EMB_P', 'EMB_P', 'EMB_P', 'EMB_P', 'EMB_P', 'EMB_P', 'EMB_P', 'EMB_P', 'EMB_P', 'EMB_P', 'EMB_P', 'EMB_P', 'EMB_P', 'EMB_P', 'EMB_P', 'EMB_P', 'EMB_P', 'EMB_P', 'EMB_P', 'EMB_P', 'EMB_P', 'EMB_P', 'EMB_P', 'EMB_P', 'EMB_P', 'EMB_P', 'EMB_P', 'EMB_P', 'EMB_P', 'EMB_P', 'EMB_P', 'EMB_P', 'EMB_P', 'EMB_P', 'EMB_P', 'EMB_P', 'EMB_P', 'EMB_P', 'EMB_P', 'EMB_P', 'EMB_P', 'EMB_P', 'EMB_P', 'EMB_P', 'EMB_P', 'EMB_P', 'EMB_P', 'EMB_P', 'EMB_P', 'EMB_P', 'EMB_P', 'EMB_P', 'EMB_P', 'EMB_P', 'EMB_P', 'EMB_P', 'EMB_P', 'EMB_P', 'EMB_P', 'EMB_P', 'EMB_P', 'EMB_P', 'EMB_P', 'EMB_P', 'EMB_P', 'EMB_P', 'EMB_P', 'EMB_P', 'EMB_P', 'EMB_P', 'EMB_P']"
259,вибір страв,Великий,28612:2_1169,"Великий вибір страв, готують відмінно і швидко.",7.5,7.0,"['EMB_O', 'EMB_O', 'ASP_B', 'ASP_I', 'ASP_I', 'ASP_E', 'EMB_O', 'EMB_O', 'EMB_O', 'EMB_O', 'EMB_O', 'EMB_O', 'EMB_O', 'EMB_O', 'EMB_O', 'EMB_O', 'EMB_O', 'EMB_P', 'EMB_P', 'EMB_P', 'EMB_P', 'EMB_P', 'EMB_P', 'EMB_P', 'EMB_P', 'EMB_P', 'EMB_P', 'EMB_P', 'EMB_P', 'EMB_P', 'EMB_P', 'EMB_P', 'EMB_P', 'EMB_P', 'EMB_P', 'EMB_P', 'EMB_P', 'EMB_P', 'EMB_P', 'EMB_P', 'EMB_P', 'EMB_P', 'EMB_P', 'EMB_P', 'EMB_P', 'EMB_P', 'EMB_P', 'EMB_P', 'EMB_P', 'EMB_P', 'EMB_P', 'EMB_P', 'EMB_P', 'EMB_P', 'EMB_P', 'EMB_P', 'EMB_P', 'EMB_P', 'EMB_P', 'EMB_P', 'EMB_P', 'EMB_P', 'EMB_P', 'EMB_P', 'EMB_P', 'EMB_P', 'EMB_P', 'EMB_P', 'EMB_P', 'EMB_P', 'EMB_P', 'EMB_P', 'EMB_P', 'EMB_P', 'EMB_P', 'EMB_P', 'EMB_P', 'EMB_P', 'EMB_P', 'EMB_P', 'EMB_P', 'EMB_P', 'EMB_P', 'EMB_P', 'EMB_P', 'EMB_P', 'EMB_P', 'EMB_P', 'EMB_P', 'EMB_P', 'EMB_P', 'EMB_P', 'EMB_P', 'EMB_P', 'EMB_P', 'EMB_P', 'EMB_P', 'EMB_P', 'EMB_P', 'EMB_P', 'EMB_P', 'EMB_P', 'EMB_P', 'EMB_P', 'EMB_P', 'EMB_P', 'EMB_P', 'EMB_P', 'EMB_P', 'EMB_P', 'EMB_P', 'EMB_P', 'EMB_P', 'EMB_P', 'EMB_P', 'EMB_P', 'EMB_P', 'EMB_P', 'EMB_P', 'EMB_P', 'EMB_P', 'EMB_P', 'EMB_P', 'EMB_P', 'EMB_P', 'EMB_P', 'EMB_P', 'EMB_P']","['EMB_O', 'OPN_S', 'EMB_O', 'EMB_O', 'EMB_O', 'EMB_O', 'EMB_O', 'EMB_O', 'EMB_O', 'EMB_O', 'EMB_O', 'EMB_O', 'EMB_O', 'EMB_O', 'EMB_O', 'EMB_O', 'EMB_O', 'EMB_P', 'EMB_P', 'EMB_P', 'EMB_P', 'EMB_P', 'EMB_P', 'EMB_P', 'EMB_P', 'EMB_P', 'EMB_P', 'EMB_P', 'EMB_P', 'EMB_P', 'EMB_P', 'EMB_P', 'EMB_P', 'EMB_P', 'EMB_P', 'EMB_P', 'EMB_P', 'EMB_P', 'EMB_P', 'EMB_P', 'EMB_P', 'EMB_P', 'EMB_P', 'EMB_P', 'EMB_P', 'EMB_P', 'EMB_P', 'EMB_P', 'EMB_P', 'EMB_P', 'EMB_P', 'EMB_P', 'EMB_P', 'EMB_P', 'EMB_P', 'EMB_P', 'EMB_P', 'EMB_P', 'EMB_P', 'EMB_P', 'EMB_P', 'EMB_P', 'EMB_P', 'EMB_P', 'EMB_P', 'EMB_P', 'EMB_P', 'EMB_P', 'EMB_P', 'EMB_P', 'EMB_P', 'EMB_P', 'EMB_P', 'EMB_P', 'EMB_P', 'EMB_P', 'EMB_P', 'EMB_P', 'EMB_P', 'EMB_P', 'EMB_P', 'EMB_P', 'EMB_P', 'EMB_P', 'EMB_P', 'EMB_P', 'EMB_P', 'EMB_P', 'EMB_P', 'EMB_P', 'EMB_P', 'EMB_P', 'EMB_P', 'EMB_P', 'EMB_P', 'EMB_P', 'EMB_P', 'EMB_P', 'EMB_P', 'EMB_P', 'EMB_P', 'EMB_P', 'EMB_P', 'EMB_P', 'EMB_P', 'EMB_P', 'EMB_P', 'EMB_P', 'EMB_P', 'EMB_P', 'EMB_P', 'EMB_P', 'EMB_P', 'EMB_P', 'EMB_P', 'EMB_P', 'EMB_P', 'EMB_P', 'EMB_P', 'EMB_P', 'EMB_P', 'EMB_P', 'EMB_P', 'EMB_P', 'EMB_P', 'EMB_P', 'EMB_P', 'EMB_P']"
260,Порції,великі,28612:3_1170,"Порції великі-те, що залишилося упаковують з собою.",7.1,6.4,"['EMB_O', 'ASP_B', 'ASP_I', 'ASP_E', 'EMB_O', 'EMB_O', 'EMB_O', 'EMB_O', 'EMB_O', 'EMB_O', 'EMB_O', 'EMB_O', 'EMB_O', 'EMB_O', 'EMB_O', 'EMB_O', 'EMB_O', 'EMB_O', 'EMB_O', 'EMB_O', 'EMB_O', 'EMB_P', 'EMB_P', 'EMB_P', 'EMB_P', 'EMB_P', 'EMB_P', 'EMB_P', 'EMB_P', 'EMB_P', 'EMB_P', 'EMB_P', 'EMB_P', 'EMB_P', 'EMB_P', 'EMB_P', 'EMB_P', 'EMB_P', 'EMB_P', 'EMB_P', 'EMB_P', 'EMB_P', 'EMB_P', 'EMB_P', 'EMB_P', 'EMB_P', 'EMB_P', 'EMB_P', 'EMB_P', 'EMB_P', 'EMB_P', 'EMB_P', 'EMB_P', 'EMB_P', 'EMB_P', 'EMB_P', 'EMB_P', 'EMB_P', 'EMB_P', 'EMB_P', 'EMB_P', 'EMB_P', 'EMB_P', 'EMB_P', 'EMB_P', 'EMB_P', 'EMB_P', 'EMB_P', 'EMB_P', 'EMB_P', 'EMB_P', 'EMB_P', 'EMB_P', 'EMB_P', 'EMB_P', 'EMB_P', 'EMB_P', 'EMB_P', 'EMB_P', 'EMB_P', 'EMB_P', 'EMB_P', 'EMB_P', 'EMB_P', 'EMB_P', 'EMB_P', 'EMB_P', 'EMB_P', 'EMB_P', 'EMB_P', 'EMB_P', 'EMB_P', 'EMB_P', 'EMB_P', 'EMB_P', 'EMB_P', 'EMB_P', 'EMB_P', 'EMB_P', 'EMB_P', 'EMB_P', 'EMB_P', 'EMB_P', 'EMB_P', 'EMB_P', 'EMB_P', 'EMB_P', 'EMB_P', 'EMB_P', 'EMB_P', 'EMB_P', 'EMB_P', 'EMB_P', 'EMB_P', 'EMB_P', 'EMB_P', 'EMB_P', 'EMB_P', 'EMB_P', 'EMB_P', 'EMB_P', 'EMB_P', 'EMB_P', 'EMB_P', 'EMB_P', 'EMB_P', 'EMB_P', 'EMB_P']","['EMB_O', 'EMB_O', 'EMB_O', 'EMB_O', 'OPN_S', 'EMB_O', 'EMB_O', 'EMB_O', 'EMB_O', 'EMB_O', 'EMB_O', 'EMB_O', 'EMB_O', 'EMB_O', 'EMB_O', 'EMB_O', 'EMB_O', 'EMB_O', 'EMB_O', 'EMB_O', 'EMB_O', 'EMB_P', 'EMB_P', 'EMB_P', 'EMB_P', 'EMB_P', 'EMB_P', 'EMB_P', 'EMB_P', 'EMB_P', 'EMB_P', 'EMB_P', 'EMB_P', 'EMB_P', 'EMB_P', 'EMB_P', 'EMB_P', 'EMB_P', 'EMB_P', 'EMB_P', 'EMB_P', 'EMB_P', 'EMB_P', 'EMB_P', 'EMB_P', 'EMB_P', 'EMB_P', 'EMB_P', 'EMB_P', 'EMB_P', 'EMB_P', 'EMB_P', 'EMB_P', 'EMB_P', 'EMB_P', 'EMB_P', 'EMB_P', 'EMB_P', 'EMB_P', 'EMB_P', 'EMB_P', 'EMB_P', 'EMB_P', 'EMB_P', 'EMB_P', 'EMB_P', 'EMB_P', 'EMB_P', 'EMB_P', 'EMB_P', 'EMB_P', 'EMB_P', 'EMB_P', 'EMB_P', 'EMB_P', 'EMB_P', 'EMB_P', 'EMB_P', 'EMB_P', 'EMB_P', 'EMB_P', 'EMB_P', 'EMB_P', 'EMB_P', 'EMB_P', 'EMB_P', 'EMB_P', 'EMB_P', 'EMB_P', 'EMB_P', 'EMB_P', 'EMB_P', 'EMB_P', 'EMB_P', 'EMB_P', 'EMB_P', 'EMB_P', 'EMB_P', 'EMB_P', 'EMB_P', 'EMB_P', 'EMB_P', 'EMB_P', 'EMB_P', 'EMB_P', 'EMB_P', 'EMB_P', 'EMB_P', 'EMB_P', 'EMB_P', 'EMB_P', 'EMB_P', 'EMB_P', 'EMB_P', 'EMB_P', 'EMB_P', 'EMB_P', 'EMB_P', 'EMB_P', 'EMB_P', 'EMB_P', 'EMB_P', 'EMB_P', 'EMB_P', 'EMB_P', 'EMB_P', 'EMB_P', 'EMB_P']"
261,музика,Дуже сподобалося,28612:4_1171,"Дуже сподобалося, що звучить тиха і спокійна музика, дуже розслаблююча обстановка.",8.12,7.62,"['EMB_O', 'EMB_O', 'EMB_O', 'EMB_O', 'EMB_O', 'EMB_O', 'EMB_O', 'EMB_O', 'EMB_O', 'EMB_O', 'EMB_O', 'EMB_O', 'EMB_O', 'EMB_O', 'EMB_O', 'EMB_O', 'EMB_O', 'EMB_O', 'EMB_O', 'EMB_O', 'EMB_O', 'ASP_S', 'EMB_O', 'EMB_O', 'EMB_O', 'EMB_O', 'EMB_O', 'EMB_O', 'EMB_O', 'EMB_O', 'EMB_O', 'EMB_O', 'EMB_O', 'EMB_O', 'EMB_O', 'EMB_O', 'EMB_P', 'EMB_P', 'EMB_P', 'EMB_P', 'EMB_P', 'EMB_P', 'EMB_P', 'EMB_P', 'EMB_P', 'EMB_P', 'EMB_P', 'EMB_P', 'EMB_P', 'EMB_P', 'EMB_P', 'EMB_P', 'EMB_P', 'EMB_P', 'EMB_P', 'EMB_P', 'EMB_P', 'EMB_P', 'EMB_P', 'EMB_P', 'EMB_P', 'EMB_P', 'EMB_P', 'EMB_P', 'EMB_P', 'EMB_P', 'EMB_P', 'EMB_P', 'EMB_P', 'EMB_P', 'EMB_P', 'EMB_P', 'EMB_P', 'EMB_P', 'EMB_P', 'EMB_P', 'EMB_P', 'EMB_P', 'EMB_P', 'EMB_P', 'EMB_P', 'EMB_P', 'EMB_P', 'EMB_P', 'EMB_P', 'EMB_P', 'EMB_P', 'EMB_P', 'EMB_P', 'EMB_P', 'EMB_P', 'EMB_P', 'EMB_P', 'EMB_P', 'EMB_P', 'EMB_P', 'EMB_P', 'EMB_P', 'EMB_P', 'EMB_P', 'EMB_P', 'EMB_P', 'EMB_P', 'EMB_P', 'EMB_P', 'EMB_P', 'EMB_P', 'EMB_P', 'EMB_P', 'EMB_P', 'EMB_P', 'EMB_P', 'EMB_P', 'EMB_P', 'EMB_P', 'EMB_P', 'EMB_P', 'EMB_P', 'EMB_P', 'EMB_P', 'EMB_P', 'EMB_P', 'EMB_P', 'EMB_P', 'EMB_P', 'EMB_P', 'EMB_P', 'EMB_P']","['EMB_O', 'OPN_B', 'OPN_I', 'OPN_I', 'OPN_I', 'OPN_I', 'OPN_I', 'OPN_I', 'OPN_E', 'EMB_O', 'EMB_O', 'EMB_O', 'EMB_O', 'EMB_O', 'EMB_O', 'EMB_O', 'EMB_O', 'EMB_O', 'EMB_O', 'EMB_O', 'EMB_O', 'EMB_O', 'EMB_O', 'EMB_O', 'EMB_O', 'EMB_O', 'EMB_O', 'EMB_O', 'EMB_O', 'EMB_O', 'EMB_O', 'EMB_O', 'EMB_O', 'EMB_O', 'EMB_O', 'EMB_O', 'EMB_P', 'EMB_P', 'EMB_P', 'EMB_P', 'EMB_P', 'EMB_P', 'EMB_P', 'EMB_P', 'EMB_P', 'EMB_P', 'EMB_P', 'EMB_P', 'EMB_P', 'EMB_P', 'EMB_P', 'EMB_P', 'EMB_P', 'EMB_P', 'EMB_P', 'EMB_P', 'EMB_P', 'EMB_P', 'EMB_P', 'EMB_P', 'EMB_P', 'EMB_P', 'EMB_P', 'EMB_P', 'EMB_P', 'EMB_P', 'EMB_P', 'EMB_P', 'EMB_P', 'EMB_P', 'EMB_P', 'EMB_P', 'EMB_P', 'EMB_P', 'EMB_P', 'EMB_P', 'EMB_P', 'EMB_P', 'EMB_P', 'EMB_P', 'EMB_P', 'EMB_P', 'EMB_P', 'EMB_P', 'EMB_P', 'EMB_P', 'EMB_P', 'EMB_P', 'EMB_P', 'EMB_P', 'EMB_P', 'EMB_P', 'EMB_P', 'EMB_P', 'EMB_P', 'EMB_P', 'EMB_P', 'EMB_P', 'EMB_P', 'EMB_P', 'EMB_P', 'EMB_P', 'EMB_P', 'EMB_P', 'EMB_P', 'EMB_P', 'EMB_P', 'EMB_P', 'EMB_P', 'EMB_P', 'EMB_P', 'EMB_P', 'EMB_P', 'EMB_P', 'EMB_P', 'EMB_P', 'EMB_P', 'EMB_P', 'EMB_P', 'EMB_P', 'EMB_P', 'EMB_P', 'EMB_P', 'EMB_P', 'EMB_P', 'EMB_P', 'EMB_P', 'EMB_P']"
262,обстановка,дуже розслаблююча,28612:4_1171,"Дуже сподобалося, що звучить тиха і спокійна музика, дуже розслаблююча обстановка.",7.6,6.9,"['EMB_O', 'EMB_O', 'EMB_O', 'EMB_O', 'EMB_O', 'EMB_O', 'EMB_O', 'EMB_O', 'EMB_O', 'EMB_O', 'EMB_O', 'EMB_O', 'EMB_O', 'EMB_O', 'EMB_O', 'EMB_O', 'EMB_O', 'EMB_O', 'EMB_O', 'EMB_O', 'EMB_O', 'EMB_O', 'EMB_O', 'EMB_O', 'EMB_O', 'EMB_O', 'EMB_O', 'EMB_O', 'EMB_O', 'EMB_O', 'EMB_O', 'ASP_B', 'ASP_I', 'ASP_E', 'EMB_O', 'EMB_O', 'EMB_P', 'EMB_P', 'EMB_P', 'EMB_P', 'EMB_P', 'EMB_P', 'EMB_P', 'EMB_P', 'EMB_P', 'EMB_P', 'EMB_P', 'EMB_P', 'EMB_P', 'EMB_P', 'EMB_P', 'EMB_P', 'EMB_P', 'EMB_P', 'EMB_P', 'EMB_P', 'EMB_P', 'EMB_P', 'EMB_P', 'EMB_P', 'EMB_P', 'EMB_P', 'EMB_P', 'EMB_P', 'EMB_P', 'EMB_P', 'EMB_P', 'EMB_P', 'EMB_P', 'EMB_P', 'EMB_P', 'EMB_P', 'EMB_P', 'EMB_P', 'EMB_P', 'EMB_P', 'EMB_P', 'EMB_P', 'EMB_P', 'EMB_P', 'EMB_P', 'EMB_P', 'EMB_P', 'EMB_P', 'EMB_P', 'EMB_P', 'EMB_P', 'EMB_P', 'EMB_P', 'EMB_P', 'EMB_P', 'EMB_P', 'EMB_P', 'EMB_P', 'EMB_P', 'EMB_P', 'EMB_P', 'EMB_P', 'EMB_P', 'EMB_P', 'EMB_P', 'EMB_P', 'EMB_P', 'EMB_P', 'EMB_P', 'EMB_P', 'EMB_P', 'EMB_P', 'EMB_P', 'EMB_P', 'EMB_P', 'EMB_P', 'EMB_P', 'EMB_P', 'EMB_P', 'EMB_P', 'EMB_P', 'EMB_P', 'EMB_P', 'EMB_P', 'EMB_P', 'EMB_P', 'EMB_P', 'EMB_P', 'EMB_P', 'EMB_P', 'EMB_P', 'EMB_P']","['EMB_O', 'EMB_O', 'EMB_O', 'EMB_O', 'EMB_O', 'EMB_O', 'EMB_O', 'EMB_O', 'EMB_O', 'EMB_O', 'EMB_O', 'EMB_O', 'EMB_O', 'EMB_O', 'EMB_O', 'EMB_O', 'EMB_O', 'EMB_O', 'EMB_O', 'EMB_O', 'EMB_O', 'EMB_O', 'EMB_O', 'OPN_B', 'OPN_I', 'OPN_I', 'OPN_I', 'OPN_I', 'OPN_I', 'OPN_I', 'OPN_E', 'EMB_O', 'EMB_O', 'EMB_O', 'EMB_O', 'EMB_O', 'EMB_P', 'EMB_P', 'EMB_P', 'EMB_P', 'EMB_P', 'EMB_P', 'EMB_P', 'EMB_P', 'EMB_P', 'EMB_P', 'EMB_P', 'EMB_P', 'EMB_P', 'EMB_P', 'EMB_P', 'EMB_P', 'EMB_P', 'EMB_P', 'EMB_P', 'EMB_P', 'EMB_P', 'EMB_P', 'EMB_P', 'EMB_P', 'EMB_P', 'EMB_P', 'EMB_P', 'EMB_P', 'EMB_P', 'EMB_P', 'EMB_P', 'EMB_P', 'EMB_P', 'EMB_P', 'EMB_P', 'EMB_P', 'EMB_P', 'EMB_P', 'EMB_P', 'EMB_P', 'EMB_P', 'EMB_P', 'EMB_P', 'EMB_P', 'EMB_P', 'EMB_P', 'EMB_P', 'EMB_P', 'EMB_P', 'EMB_P', 'EMB_P', 'EMB_P', 'EMB_P', 'EMB_P', 'EMB_P', 'EMB_P', 'EMB_P', 'EMB_P', 'EMB_P', 'EMB_P', 'EMB_P', 'EMB_P', 'EMB_P', 'EMB_P', 'EMB_P', 'EMB_P', 'EMB_P', 'EMB_P', 'EMB_P', 'EMB_P', 'EMB_P', 'EMB_P', 'EMB_P', 'EMB_P', 'EMB_P', 'EMB_P', 'EMB_P', 'EMB_P', 'EMB_P', 'EMB_P', 'EMB_P', 'EMB_P', 'EMB_P', 'EMB_P', 'EMB_P', 'EMB_P', 'EMB_P', 'EMB_P', 'EMB_P', 'EMB_P', 'EMB_P', 'EMB_P']"
263,інтер'єр,Приголомшливий,28612:5_1172,"Приголомшливий інтер'єр, немов потрапляєш в казку.",8.5,8.12,"['EMB_O', 'EMB_O', 'EMB_O', 'EMB_O', 'EMB_O', 'EMB_O', 'ASP_B', 'ASP_I', 'ASP_I', 'ASP_E', 'EMB_O', 'EMB_O', 'EMB_O', 'EMB_O', 'EMB_O', 'EMB_O', 'EMB_O', 'EMB_O', 'EMB_O', 'EMB_O', 'EMB_O', 'EMB_O', 'EMB_O', 'EMB_P', 'EMB_P', 'EMB_P', 'EMB_P', 'EMB_P', 'EMB_P', 'EMB_P', 'EMB_P', 'EMB_P', 'EMB_P', 'EMB_P', 'EMB_P', 'EMB_P', 'EMB_P', 'EMB_P', 'EMB_P', 'EMB_P', 'EMB_P', 'EMB_P', 'EMB_P', 'EMB_P', 'EMB_P', 'EMB_P', 'EMB_P', 'EMB_P', 'EMB_P', 'EMB_P', 'EMB_P', 'EMB_P', 'EMB_P', 'EMB_P', 'EMB_P', 'EMB_P', 'EMB_P', 'EMB_P', 'EMB_P', 'EMB_P', 'EMB_P', 'EMB_P', 'EMB_P', 'EMB_P', 'EMB_P', 'EMB_P', 'EMB_P', 'EMB_P', 'EMB_P', 'EMB_P', 'EMB_P', 'EMB_P', 'EMB_P', 'EMB_P', 'EMB_P', 'EMB_P', 'EMB_P', 'EMB_P', 'EMB_P', 'EMB_P', 'EMB_P', 'EMB_P', 'EMB_P', 'EMB_P', 'EMB_P', 'EMB_P', 'EMB_P', 'EMB_P', 'EMB_P', 'EMB_P', 'EMB_P', 'EMB_P', 'EMB_P', 'EMB_P', 'EMB_P', 'EMB_P', 'EMB_P', 'EMB_P', 'EMB_P', 'EMB_P', 'EMB_P', 'EMB_P', 'EMB_P', 'EMB_P', 'EMB_P', 'EMB_P', 'EMB_P', 'EMB_P', 'EMB_P', 'EMB_P', 'EMB_P', 'EMB_P', 'EMB_P', 'EMB_P', 'EMB_P', 'EMB_P', 'EMB_P', 'EMB_P', 'EMB_P', 'EMB_P', 'EMB_P', 'EMB_P', 'EMB_P', 'EMB_P', 'EMB_P', 'EMB_P', 'EMB_P', 'EMB_P']","['EMB_O', 'OPN_B', 'OPN_I', 'OPN_I', 'OPN_I', 'OPN_E', 'EMB_O', 'EMB_O', 'EMB_O', 'EMB_O', 'EMB_O', 'EMB_O', 'EMB_O', 'EMB_O', 'EMB_O', 'EMB_O', 'EMB_O', 'EMB_O', 'EMB_O', 'EMB_O', 'EMB_O', 'EMB_O', 'EMB_O', 'EMB_P', 'EMB_P', 'EMB_P', 'EMB_P', 'EMB_P', 'EMB_P', 'EMB_P', 'EMB_P', 'EMB_P', 'EMB_P', 'EMB_P', 'EMB_P', 'EMB_P', 'EMB_P', 'EMB_P', 'EMB_P', 'EMB_P', 'EMB_P', 'EMB_P', 'EMB_P', 'EMB_P', 'EMB_P', 'EMB_P', 'EMB_P', 'EMB_P', 'EMB_P', 'EMB_P', 'EMB_P', 'EMB_P', 'EMB_P', 'EMB_P', 'EMB_P', 'EMB_P', 'EMB_P', 'EMB_P', 'EMB_P', 'EMB_P', 'EMB_P', 'EMB_P', 'EMB_P', 'EMB_P', 'EMB_P', 'EMB_P', 'EMB_P', 'EMB_P', 'EMB_P', 'EMB_P', 'EMB_P', 'EMB_P', 'EMB_P', 'EMB_P', 'EMB_P', 'EMB_P', 'EMB_P', 'EMB_P', 'EMB_P', 'EMB_P', 'EMB_P', 'EMB_P', 'EMB_P', 'EMB_P', 'EMB_P', 'EMB_P', 'EMB_P', 'EMB_P', 'EMB_P', 'EMB_P', 'EMB_P', 'EMB_P', 'EMB_P', 'EMB_P', 'EMB_P', 'EMB_P', 'EMB_P', 'EMB_P', 'EMB_P', 'EMB_P', 'EMB_P', 'EMB_P', 'EMB_P', 'EMB_P', 'EMB_P', 'EMB_P', 'EMB_P', 'EMB_P', 'EMB_P', 'EMB_P', 'EMB_P', 'EMB_P', 'EMB_P', 'EMB_P', 'EMB_P', 'EMB_P', 'EMB_P', 'EMB_P', 'EMB_P', 'EMB_P', 'EMB_P', 'EMB_P', 'EMB_P', 'EMB_P', 'EMB_P', 'EMB_P', 'EMB_P', 'EMB_P']"
264,шеф-кухарю,респект,28710:4_1173,"Можу сказати, що це був чудовий вечір, респект шеф-кухарю!!",7.5,6.8,"['EMB_O', 'EMB_O', 'EMB_O', 'EMB_O', 'EMB_O', 'EMB_O', 'EMB_O', 'EMB_O', 'EMB_O', 'EMB_O', 'EMB_O', 'EMB_O', 'EMB_O', 'EMB_O', 'EMB_O', 'EMB_O', 'EMB_O', 'EMB_O', 'EMB_O', 'EMB_O', 'EMB_O', 'EMB_O', 'ASP_B', 'ASP_I', 'ASP_I', 'ASP_I', 'ASP_I', 'ASP_E', 'EMB_O', 'EMB_O', 'EMB_O', 'EMB_P', 'EMB_P', 'EMB_P', 'EMB_P', 'EMB_P', 'EMB_P', 'EMB_P', 'EMB_P', 'EMB_P', 'EMB_P', 'EMB_P', 'EMB_P', 'EMB_P', 'EMB_P', 'EMB_P', 'EMB_P', 'EMB_P', 'EMB_P', 'EMB_P', 'EMB_P', 'EMB_P', 'EMB_P', 'EMB_P', 'EMB_P', 'EMB_P', 'EMB_P', 'EMB_P', 'EMB_P', 'EMB_P', 'EMB_P', 'EMB_P', 'EMB_P', 'EMB_P', 'EMB_P', 'EMB_P', 'EMB_P', 'EMB_P', 'EMB_P', 'EMB_P', 'EMB_P', 'EMB_P', 'EMB_P', 'EMB_P', 'EMB_P', 'EMB_P', 'EMB_P', 'EMB_P', 'EMB_P', 'EMB_P', 'EMB_P', 'EMB_P', 'EMB_P', 'EMB_P', 'EMB_P', 'EMB_P', 'EMB_P', 'EMB_P', 'EMB_P', 'EMB_P', 'EMB_P', 'EMB_P', 'EMB_P', 'EMB_P', 'EMB_P', 'EMB_P', 'EMB_P', 'EMB_P', 'EMB_P', 'EMB_P', 'EMB_P', 'EMB_P', 'EMB_P', 'EMB_P', 'EMB_P', 'EMB_P', 'EMB_P', 'EMB_P', 'EMB_P', 'EMB_P', 'EMB_P', 'EMB_P', 'EMB_P', 'EMB_P', 'EMB_P', 'EMB_P', 'EMB_P', 'EMB_P', 'EMB_P', 'EMB_P', 'EMB_P', 'EMB_P', 'EMB_P', 'EMB_P', 'EMB_P', 'EMB_P', 'EMB_P', 'EMB_P']","['EMB_O', 'EMB_O', 'EMB_O', 'EMB_O', 'EMB_O', 'EMB_O', 'EMB_O', 'EMB_O', 'EMB_O', 'EMB_O', 'EMB_O', 'EMB_O', 'EMB_O', 'EMB_O', 'EMB_O', 'EMB_O', 'EMB_O', 'EMB_O', 'OPN_B', 'OPN_I', 'OPN_I', 'OPN_E', 'EMB_O', 'EMB_O', 'EMB_O', 'EMB_O', 'EMB_O', 'EMB_O', 'EMB_O', 'EMB_O', 'EMB_O', 'EMB_P', 'EMB_P', 'EMB_P', 'EMB_P', 'EMB_P', 'EMB_P', 'EMB_P', 'EMB_P', 'EMB_P', 'EMB_P', 'EMB_P', 'EMB_P', 'EMB_P', 'EMB_P', 'EMB_P', 'EMB_P', 'EMB_P', 'EMB_P', 'EMB_P', 'EMB_P', 'EMB_P', 'EMB_P', 'EMB_P', 'EMB_P', 'EMB_P', 'EMB_P', 'EMB_P', 'EMB_P', 'EMB_P', 'EMB_P', 'EMB_P', 'EMB_P', 'EMB_P', 'EMB_P', 'EMB_P', 'EMB_P', 'EMB_P', 'EMB_P', 'EMB_P', 'EMB_P', 'EMB_P', 'EMB_P', 'EMB_P', 'EMB_P', 'EMB_P', 'EMB_P', 'EMB_P', 'EMB_P', 'EMB_P', 'EMB_P', 'EMB_P', 'EMB_P', 'EMB_P', 'EMB_P', 'EMB_P', 'EMB_P', 'EMB_P', 'EMB_P', 'EMB_P', 'EMB_P', 'EMB_P', 'EMB_P', 'EMB_P', 'EMB_P', 'EMB_P', 'EMB_P', 'EMB_P', 'EMB_P', 'EMB_P', 'EMB_P', 'EMB_P', 'EMB_P', 'EMB_P', 'EMB_P', 'EMB_P', 'EMB_P', 'EMB_P', 'EMB_P', 'EMB_P', 'EMB_P', 'EMB_P', 'EMB_P', 'EMB_P', 'EMB_P', 'EMB_P', 'EMB_P', 'EMB_P', 'EMB_P', 'EMB_P', 'EMB_P', 'EMB_P', 'EMB_P', 'EMB_P', 'EMB_P', 'EMB_P', 'EMB_P', 'EMB_P']"
265,Інтер'єр,вражає,28710:6_1174,"Інтер'єр, звичайно, вражає відразу,вже на вулиці все дуже мило гарненька ялинка і туї, ліхтарики новорічний настрій,всередині затишно і шикарно,м'які дивани, свічки, білий рояль.",8.0,7.62,"['EMB_O', 'ASP_B', 'ASP_I', 'ASP_I', 'ASP_I', 'ASP_E', 'EMB_O', 'EMB_O', 'EMB_O', 'EMB_O', 'EMB_O', 'EMB_O', 'EMB_O', 'EMB_O', 'EMB_O', 'EMB_O', 'EMB_O', 'EMB_O', 'EMB_O', 'EMB_O', 'EMB_O', 'EMB_O', 'EMB_O', 'EMB_O', 'EMB_O', 'EMB_O', 'EMB_O', 'EMB_O', 'EMB_O', 'EMB_O', 'EMB_O', 'EMB_O', 'EMB_O', 'EMB_O', 'EMB_O', 'EMB_O', 'EMB_O', 'EMB_O', 'EMB_O', 'EMB_O', 'EMB_O', 'EMB_O', 'EMB_O', 'EMB_O', 'EMB_O', 'EMB_O', 'EMB_O', 'EMB_O', 'EMB_O', 'EMB_O', 'EMB_O', 'EMB_O', 'EMB_O', 'EMB_O', 'EMB_O', 'EMB_O', 'EMB_O', 'EMB_O', 'EMB_O', 'EMB_O', 'EMB_O', 'EMB_O', 'EMB_O', 'EMB_O', 'EMB_O', 'EMB_O', 'EMB_O', 'EMB_O', 'EMB_O', 'EMB_O', 'EMB_O', 'EMB_O', 'EMB_O', 'EMB_O', 'EMB_P', 'EMB_P', 'EMB_P', 'EMB_P', 'EMB_P', 'EMB_P', 'EMB_P', 'EMB_P', 'EMB_P', 'EMB_P', 'EMB_P', 'EMB_P', 'EMB_P', 'EMB_P', 'EMB_P', 'EMB_P', 'EMB_P', 'EMB_P', 'EMB_P', 'EMB_P', 'EMB_P', 'EMB_P', 'EMB_P', 'EMB_P', 'EMB_P', 'EMB_P', 'EMB_P', 'EMB_P', 'EMB_P', 'EMB_P', 'EMB_P', 'EMB_P', 'EMB_P', 'EMB_P', 'EMB_P', 'EMB_P', 'EMB_P', 'EMB_P', 'EMB_P', 'EMB_P', 'EMB_P', 'EMB_P', 'EMB_P', 'EMB_P', 'EMB_P', 'EMB_P', 'EMB_P', 'EMB_P', 'EMB_P', 'EMB_P', 'EMB_P', 'EMB_P', 'EMB_P', 'EMB_P']","['EMB_O', 'EMB_O', 'EMB_O', 'EMB_O', 'EMB_O', 'EMB_O', 'EMB_O', 'EMB_O', 'EMB_O', 'EMB_O', 'OPN_B', 'OPN_I', 'OPN_E', 'EMB_O', 'EMB_O', 'EMB_O', 'EMB_O', 'EMB_O', 'EMB_O', 'EMB_O', 'EMB_O', 'EMB_O', 'EMB_O', 'EMB_O', 'EMB_O', 'EMB_O', 'EMB_O', 'EMB_O', 'EMB_O', 'EMB_O', 'EMB_O', 'EMB_O', 'EMB_O', 'EMB_O', 'EMB_O', 'EMB_O', 'EMB_O', 'EMB_O', 'EMB_O', 'EMB_O', 'EMB_O', 'EMB_O', 'EMB_O', 'EMB_O', 'EMB_O', 'EMB_O', 'EMB_O', 'EMB_O', 'EMB_O', 'EMB_O', 'EMB_O', 'EMB_O', 'EMB_O', 'EMB_O', 'EMB_O', 'EMB_O', 'EMB_O', 'EMB_O', 'EMB_O', 'EMB_O', 'EMB_O', 'EMB_O', 'EMB_O', 'EMB_O', 'EMB_O', 'EMB_O', 'EMB_O', 'EMB_O', 'EMB_O', 'EMB_O', 'EMB_O', 'EMB_O', 'EMB_O', 'EMB_O', 'EMB_P', 'EMB_P', 'EMB_P', 'EMB_P', 'EMB_P', 'EMB_P', 'EMB_P', 'EMB_P', 'EMB_P', 'EMB_P', 'EMB_P', 'EMB_P', 'EMB_P', 'EMB_P', 'EMB_P', 'EMB_P', 'EMB_P', 'EMB_P', 'EMB_P', 'EMB_P', 'EMB_P', 'EMB_P', 'EMB_P', 'EMB_P', 'EMB_P', 'EMB_P', 'EMB_P', 'EMB_P', 'EMB_P', 'EMB_P', 'EMB_P', 'EMB_P', 'EMB_P', 'EMB_P', 'EMB_P', 'EMB_P', 'EMB_P', 'EMB_P', 'EMB_P', 'EMB_P', 'EMB_P', 'EMB_P', 'EMB_P', 'EMB_P', 'EMB_P', 'EMB_P', 'EMB_P', 'EMB_P', 'EMB_P', 'EMB_P', 'EMB_P', 'EMB_P', 'EMB_P', 'EMB_P']"
266,ялинка,гарненька,28710:6_1174,"Інтер'єр, звичайно, вражає відразу,вже на вулиці все дуже мило гарненька ялинка і туї, ліхтарики новорічний настрій,всередині затишно і шикарно,м'які дивани, свічки, білий рояль.",7.0,6.62,"['EMB_O', 'EMB_O', 'EMB_O', 'EMB_O', 'EMB_O', 'EMB_O', 'EMB_O', 'EMB_O', 'EMB_O', 'EMB_O', 'EMB_O', 'EMB_O', 'EMB_O', 'EMB_O', 'EMB_O', 'EMB_O', 'EMB_O', 'EMB_O', 'EMB_O', 'EMB_O', 'EMB_O', 'EMB_O', 'EMB_O', 'EMB_O', 'EMB_O', 'EMB_O', 'EMB_O', 'ASP_B', 'ASP_I', 'ASP_E', 'EMB_O', 'EMB_O', 'EMB_O', 'EMB_O', 'EMB_O', 'EMB_O', 'EMB_O', 'EMB_O', 'EMB_O', 'EMB_O', 'EMB_O', 'EMB_O', 'EMB_O', 'EMB_O', 'EMB_O', 'EMB_O', 'EMB_O', 'EMB_O', 'EMB_O', 'EMB_O', 'EMB_O', 'EMB_O', 'EMB_O', 'EMB_O', 'EMB_O', 'EMB_O', 'EMB_O', 'EMB_O', 'EMB_O', 'EMB_O', 'EMB_O', 'EMB_O', 'EMB_O', 'EMB_O', 'EMB_O', 'EMB_O', 'EMB_O', 'EMB_O', 'EMB_O', 'EMB_O', 'EMB_O', 'EMB_O', 'EMB_O', 'EMB_O', 'EMB_P', 'EMB_P', 'EMB_P', 'EMB_P', 'EMB_P', 'EMB_P', 'EMB_P', 'EMB_P', 'EMB_P', 'EMB_P', 'EMB_P', 'EMB_P', 'EMB_P', 'EMB_P', 'EMB_P', 'EMB_P', 'EMB_P', 'EMB_P', 'EMB_P', 'EMB_P', 'EMB_P', 'EMB_P', 'EMB_P', 'EMB_P', 'EMB_P', 'EMB_P', 'EMB_P', 'EMB_P', 'EMB_P', 'EMB_P', 'EMB_P', 'EMB_P', 'EMB_P', 'EMB_P', 'EMB_P', 'EMB_P', 'EMB_P', 'EMB_P', 'EMB_P', 'EMB_P', 'EMB_P', 'EMB_P', 'EMB_P', 'EMB_P', 'EMB_P', 'EMB_P', 'EMB_P', 'EMB_P', 'EMB_P', 'EMB_P', 'EMB_P', 'EMB_P', 'EMB_P', 'EMB_P']","['EMB_O', 'EMB_O', 'EMB_O', 'EMB_O', 'EMB_O', 'EMB_O', 'EMB_O', 'EMB_O', 'EMB_O', 'EMB_O', 'EMB_O', 'EMB_O', 'EMB_O', 'EMB_O', 'EMB_O', 'EMB_O', 'EMB_O', 'EMB_O', 'EMB_O', 'EMB_O', 'EMB_O', 'EMB_O', 'EMB_O', 'OPN_B', 'OPN_I', 'OPN_I', 'OPN_E', 'EMB_O', 'EMB_O', 'EMB_O', 'EMB_O', 'EMB_O', 'EMB_O', 'EMB_O', 'EMB_O', 'EMB_O', 'EMB_O', 'EMB_O', 'EMB_O', 'EMB_O', 'EMB_O', 'EMB_O', 'EMB_O', 'EMB_O', 'EMB_O', 'EMB_O', 'EMB_O', 'EMB_O', 'EMB_O', 'EMB_O', 'EMB_O', 'EMB_O', 'EMB_O', 'EMB_O', 'EMB_O', 'EMB_O', 'EMB_O', 'EMB_O', 'EMB_O', 'EMB_O', 'EMB_O', 'EMB_O', 'EMB_O', 'EMB_O', 'EMB_O', 'EMB_O', 'EMB_O', 'EMB_O', 'EMB_O', 'EMB_O', 'EMB_O', 'EMB_O', 'EMB_O', 'EMB_O', 'EMB_P', 'EMB_P', 'EMB_P', 'EMB_P', 'EMB_P', 'EMB_P', 'EMB_P', 'EMB_P', 'EMB_P', 'EMB_P', 'EMB_P', 'EMB_P', 'EMB_P', 'EMB_P', 'EMB_P', 'EMB_P', 'EMB_P', 'EMB_P', 'EMB_P', 'EMB_P', 'EMB_P', 'EMB_P', 'EMB_P', 'EMB_P', 'EMB_P', 'EMB_P', 'EMB_P', 'EMB_P', 'EMB_P', 'EMB_P', 'EMB_P', 'EMB_P', 'EMB_P', 'EMB_P', 'EMB_P', 'EMB_P', 'EMB_P', 'EMB_P', 'EMB_P', 'EMB_P', 'EMB_P', 'EMB_P', 'EMB_P', 'EMB_P', 'EMB_P', 'EMB_P', 'EMB_P', 'EMB_P', 'EMB_P', 'EMB_P', 'EMB_P', 'EMB_P', 'EMB_P', 'EMB_P']"
267,туї,дуже мило,28710:6_1174,"Інтер'єр, звичайно, вражає відразу,вже на вулиці все дуже мило гарненька ялинка і туї, ліхтарики новорічний настрій,всередині затишно і шикарно,м'які дивани, свічки, білий рояль.",7.5,7.33,"['EMB_O', 'EMB_O', 'EMB_O', 'EMB_O', 'EMB_O', 'EMB_O', 'EMB_O', 'EMB_O', 'EMB_O', 'EMB_O', 'EMB_O', 'EMB_O', 'EMB_O', 'EMB_O', 'EMB_O', 'EMB_O', 'EMB_O', 'EMB_O', 'EMB_O', 'EMB_O', 'EMB_O', 'EMB_O', 'EMB_O', 'EMB_O', 'EMB_O', 'EMB_O', 'EMB_O', 'EMB_O', 'EMB_O', 'EMB_O', 'EMB_O', 'ASP_B', 'ASP_E', 'EMB_O', 'EMB_O', 'EMB_O', 'EMB_O', 'EMB_O', 'EMB_O', 'EMB_O', 'EMB_O', 'EMB_O', 'EMB_O', 'EMB_O', 'EMB_O', 'EMB_O', 'EMB_O', 'EMB_O', 'EMB_O', 'EMB_O', 'EMB_O', 'EMB_O', 'EMB_O', 'EMB_O', 'EMB_O', 'EMB_O', 'EMB_O', 'EMB_O', 'EMB_O', 'EMB_O', 'EMB_O', 'EMB_O', 'EMB_O', 'EMB_O', 'EMB_O', 'EMB_O', 'EMB_O', 'EMB_O', 'EMB_O', 'EMB_O', 'EMB_O', 'EMB_O', 'EMB_O', 'EMB_O', 'EMB_P', 'EMB_P', 'EMB_P', 'EMB_P', 'EMB_P', 'EMB_P', 'EMB_P', 'EMB_P', 'EMB_P', 'EMB_P', 'EMB_P', 'EMB_P', 'EMB_P', 'EMB_P', 'EMB_P', 'EMB_P', 'EMB_P', 'EMB_P', 'EMB_P', 'EMB_P', 'EMB_P', 'EMB_P', 'EMB_P', 'EMB_P', 'EMB_P', 'EMB_P', 'EMB_P', 'EMB_P', 'EMB_P', 'EMB_P', 'EMB_P', 'EMB_P', 'EMB_P', 'EMB_P', 'EMB_P', 'EMB_P', 'EMB_P', 'EMB_P', 'EMB_P', 'EMB_P', 'EMB_P', 'EMB_P', 'EMB_P', 'EMB_P', 'EMB_P', 'EMB_P', 'EMB_P', 'EMB_P', 'EMB_P', 'EMB_P', 'EMB_P', 'EMB_P', 'EMB_P', 'EMB_P']","['EMB_O', 'EMB_O', 'EMB_O', 'EMB_O', 'EMB_O', 'EMB_O', 'EMB_O', 'EMB_O', 'EMB_O', 'EMB_O', 'EMB_O', 'EMB_O', 'EMB_O', 'EMB_O', 'EMB_O', 'EMB_O', 'EMB_O', 'EMB_O', 'EMB_O', 'EMB_O', 'OPN_B', 'OPN_I', 'OPN_E', 'EMB_O', 'EMB_O', 'EMB_O', 'EMB_O', 'EMB_O', 'EMB_O', 'EMB_O', 'EMB_O', 'EMB_O', 'EMB_O', 'EMB_O', 'EMB_O', 'EMB_O', 'EMB_O', 'EMB_O', 'EMB_O', 'EMB_O', 'EMB_O', 'EMB_O', 'EMB_O', 'EMB_O', 'EMB_O', 'EMB_O', 'EMB_O', 'EMB_O', 'EMB_O', 'EMB_O', 'EMB_O', 'EMB_O', 'EMB_O', 'EMB_O', 'EMB_O', 'EMB_O', 'EMB_O', 'EMB_O', 'EMB_O', 'EMB_O', 'EMB_O', 'EMB_O', 'EMB_O', 'EMB_O', 'EMB_O', 'EMB_O', 'EMB_O', 'EMB_O', 'EMB_O', 'EMB_O', 'EMB_O', 'EMB_O', 'EMB_O', 'EMB_O', 'EMB_P', 'EMB_P', 'EMB_P', 'EMB_P', 'EMB_P', 'EMB_P', 'EMB_P', 'EMB_P', 'EMB_P', 'EMB_P', 'EMB_P', 'EMB_P', 'EMB_P', 'EMB_P', 'EMB_P', 'EMB_P', 'EMB_P', 'EMB_P', 'EMB_P', 'EMB_P', 'EMB_P', 'EMB_P', 'EMB_P', 'EMB_P', 'EMB_P', 'EMB_P', 'EMB_P', 'EMB_P', 'EMB_P', 'EMB_P', 'EMB_P', 'EMB_P', 'EMB_P', 'EMB_P', 'EMB_P', 'EMB_P', 'EMB_P', 'EMB_P', 'EMB_P', 'EMB_P', 'EMB_P', 'EMB_P', 'EMB_P', 'EMB_P', 'EMB_P', 'EMB_P', 'EMB_P', 'EMB_P', 'EMB_P', 'EMB_P', 'EMB_P', 'EMB_P', 'EMB_P', 'EMB_P']"
268,ліхтарики,дуже мило,28710:6_1174,"Інтер'єр, звичайно, вражає відразу,вже на вулиці все дуже мило гарненька ялинка і туї, ліхтарики новорічний настрій,всередині затишно і шикарно,м'які дивани, свічки, білий рояль.",7.83,7.5,"['EMB_O', 'EMB_O', 'EMB_O', 'EMB_O', 'EMB_O', 'EMB_O', 'EMB_O', 'EMB_O', 'EMB_O', 'EMB_O', 'EMB_O', 'EMB_O', 'EMB_O', 'EMB_O', 'EMB_O', 'EMB_O', 'EMB_O', 'EMB_O', 'EMB_O', 'EMB_O', 'EMB_O', 'EMB_O', 'EMB_O', 'EMB_O', 'EMB_O', 'EMB_O', 'EMB_O', 'EMB_O', 'EMB_O', 'EMB_O', 'EMB_O', 'EMB_O', 'EMB_O', 'EMB_O', 'ASP_B', 'ASP_I', 'ASP_I', 'ASP_E', 'EMB_O', 'EMB_O', 'EMB_O', 'EMB_O', 'EMB_O', 'EMB_O', 'EMB_O', 'EMB_O', 'EMB_O', 'EMB_O', 'EMB_O', 'EMB_O', 'EMB_O', 'EMB_O', 'EMB_O', 'EMB_O', 'EMB_O', 'EMB_O', 'EMB_O', 'EMB_O', 'EMB_O', 'EMB_O', 'EMB_O', 'EMB_O', 'EMB_O', 'EMB_O', 'EMB_O', 'EMB_O', 'EMB_O', 'EMB_O', 'EMB_O', 'EMB_O', 'EMB_O', 'EMB_O', 'EMB_O', 'EMB_O', 'EMB_P', 'EMB_P', 'EMB_P', 'EMB_P', 'EMB_P', 'EMB_P', 'EMB_P', 'EMB_P', 'EMB_P', 'EMB_P', 'EMB_P', 'EMB_P', 'EMB_P', 'EMB_P', 'EMB_P', 'EMB_P', 'EMB_P', 'EMB_P', 'EMB_P', 'EMB_P', 'EMB_P', 'EMB_P', 'EMB_P', 'EMB_P', 'EMB_P', 'EMB_P', 'EMB_P', 'EMB_P', 'EMB_P', 'EMB_P', 'EMB_P', 'EMB_P', 'EMB_P', 'EMB_P', 'EMB_P', 'EMB_P', 'EMB_P', 'EMB_P', 'EMB_P', 'EMB_P', 'EMB_P', 'EMB_P', 'EMB_P', 'EMB_P', 'EMB_P', 'EMB_P', 'EMB_P', 'EMB_P', 'EMB_P', 'EMB_P', 'EMB_P', 'EMB_P', 'EMB_P', 'EMB_P']","['EMB_O', 'EMB_O', 'EMB_O', 'EMB_O', 'EMB_O', 'EMB_O', 'EMB_O', 'EMB_O', 'EMB_O', 'EMB_O', 'EMB_O', 'EMB_O', 'EMB_O', 'EMB_O', 'EMB_O', 'EMB_O', 'EMB_O', 'EMB_O', 'EMB_O', 'EMB_O', 'OPN_B', 'OPN_I', 'OPN_E', 'EMB_O', 'EMB_O', 'EMB_O', 'EMB_O', 'EMB_O', 'EMB_O', 'EMB_O', 'EMB_O', 'EMB_O', 'EMB_O', 'EMB_O', 'EMB_O', 'EMB_O', 'EMB_O', 'EMB_O', 'EMB_O', 'EMB_O', 'EMB_O', 'EMB_O', 'EMB_O', 'EMB_O', 'EMB_O', 'EMB_O', 'EMB_O', 'EMB_O', 'EMB_O', 'EMB_O', 'EMB_O', 'EMB_O', 'EMB_O', 'EMB_O', 'EMB_O', 'EMB_O', 'EMB_O', 'EMB_O', 'EMB_O', 'EMB_O', 'EMB_O', 'EMB_O', 'EMB_O', 'EMB_O', 'EMB_O', 'EMB_O', 'EMB_O', 'EMB_O', 'EMB_O', 'EMB_O', 'EMB_O', 'EMB_O', 'EMB_O', 'EMB_O', 'EMB_P', 'EMB_P', 'EMB_P', 'EMB_P', 'EMB_P', 'EMB_P', 'EMB_P', 'EMB_P', 'EMB_P', 'EMB_P', 'EMB_P', 'EMB_P', 'EMB_P', 'EMB_P', 'EMB_P', 'EMB_P', 'EMB_P', 'EMB_P', 'EMB_P', 'EMB_P', 'EMB_P', 'EMB_P', 'EMB_P', 'EMB_P', 'EMB_P', 'EMB_P', 'EMB_P', 'EMB_P', 'EMB_P', 'EMB_P', 'EMB_P', 'EMB_P', 'EMB_P', 'EMB_P', 'EMB_P', 'EMB_P', 'EMB_P', 'EMB_P', 'EMB_P', 'EMB_P', 'EMB_P', 'EMB_P', 'EMB_P', 'EMB_P', 'EMB_P', 'EMB_P', 'EMB_P', 'EMB_P', 'EMB_P', 'EMB_P', 'EMB_P', 'EMB_P', 'EMB_P', 'EMB_P']"
269,дивани,м'які,28710:6_1174,"Інтер'єр, звичайно, вражає відразу,вже на вулиці все дуже мило гарненька ялинка і туї, ліхтарики новорічний настрій,всередині затишно і шикарно,м'які дивани, свічки, білий рояль.",7.0,6.4,"['EMB_O', 'EMB_O', 'EMB_O', 'EMB_O', 'EMB_O', 'EMB_O', 'EMB_O', 'EMB_O', 'EMB_O', 'EMB_O', 'EMB_O', 'EMB_O', 'EMB_O', 'EMB_O', 'EMB_O', 'EMB_O', 'EMB_O', 'EMB_O', 'EMB_O', 'EMB_O', 'EMB_O', 'EMB_O', 'EMB_O', 'EMB_O', 'EMB_O', 'EMB_O', 'EMB_O', 'EMB_O', 'EMB_O', 'EMB_O', 'EMB_O', 'EMB_O', 'EMB_O', 'EMB_O', 'EMB_O', 'EMB_O', 'EMB_O', 'EMB_O', 'EMB_O', 'EMB_O', 'EMB_O', 'EMB_O', 'EMB_O', 'EMB_O', 'EMB_O', 'EMB_O', 'EMB_O', 'EMB_O', 'EMB_O', 'EMB_O', 'EMB_O', 'EMB_O', 'EMB_O', 'EMB_O', 'EMB_O', 'EMB_O', 'EMB_O', 'EMB_O', 'EMB_O', 'ASP_B', 'ASP_E', 'EMB_O', 'EMB_O', 'EMB_O', 'EMB_O', 'EMB_O', 'EMB_O', 'EMB_O', 'EMB_O', 'EMB_O', 'EMB_O', 'EMB_O', 'EMB_O', 'EMB_O', 'EMB_P', 'EMB_P', 'EMB_P', 'EMB_P', 'EMB_P', 'EMB_P', 'EMB_P', 'EMB_P', 'EMB_P', 'EMB_P', 'EMB_P', 'EMB_P', 'EMB_P', 'EMB_P', 'EMB_P', 'EMB_P', 'EMB_P', 'EMB_P', 'EMB_P', 'EMB_P', 'EMB_P', 'EMB_P', 'EMB_P', 'EMB_P', 'EMB_P', 'EMB_P', 'EMB_P', 'EMB_P', 'EMB_P', 'EMB_P', 'EMB_P', 'EMB_P', 'EMB_P', 'EMB_P', 'EMB_P', 'EMB_P', 'EMB_P', 'EMB_P', 'EMB_P', 'EMB_P', 'EMB_P', 'EMB_P', 'EMB_P', 'EMB_P', 'EMB_P', 'EMB_P', 'EMB_P', 'EMB_P', 'EMB_P', 'EMB_P', 'EMB_P', 'EMB_P', 'EMB_P', 'EMB_P']","['EMB_O', 'EMB_O', 'EMB_O', 'EMB_O', 'EMB_O', 'EMB_O', 'EMB_O', 'EMB_O', 'EMB_O', 'EMB_O', 'EMB_O', 'EMB_O', 'EMB_O', 'EMB_O', 'EMB_O', 'EMB_O', 'EMB_O', 'EMB_O', 'EMB_O', 'EMB_O', 'EMB_O', 'EMB_O', 'EMB_O', 'EMB_O', 'EMB_O', 'EMB_O', 'EMB_O', 'EMB_O', 'EMB_O', 'EMB_O', 'EMB_O', 'EMB_O', 'EMB_O', 'EMB_O', 'EMB_O', 'EMB_O', 'EMB_O', 'EMB_O', 'EMB_O', 'EMB_O', 'EMB_O', 'EMB_O', 'EMB_O', 'EMB_O', 'EMB_O', 'EMB_O', 'EMB_O', 'EMB_O', 'EMB_O', 'EMB_O', 'EMB_O', 'EMB_O', 'EMB_O', 'EMB_O', 'EMB_O', 'EMB_O', 'OPN_B', 'OPN_I', 'OPN_E', 'EMB_O', 'EMB_O', 'EMB_O', 'EMB_O', 'EMB_O', 'EMB_O', 'EMB_O', 'EMB_O', 'EMB_O', 'EMB_O', 'EMB_O', 'EMB_O', 'EMB_O', 'EMB_O', 'EMB_O', 'EMB_P', 'EMB_P', 'EMB_P', 'EMB_P', 'EMB_P', 'EMB_P', 'EMB_P', 'EMB_P', 'EMB_P', 'EMB_P', 'EMB_P', 'EMB_P', 'EMB_P', 'EMB_P', 'EMB_P', 'EMB_P', 'EMB_P', 'EMB_P', 'EMB_P', 'EMB_P', 'EMB_P', 'EMB_P', 'EMB_P', 'EMB_P', 'EMB_P', 'EMB_P', 'EMB_P', 'EMB_P', 'EMB_P', 'EMB_P', 'EMB_P', 'EMB_P', 'EMB_P', 'EMB_P', 'EMB_P', 'EMB_P', 'EMB_P', 'EMB_P', 'EMB_P', 'EMB_P', 'EMB_P', 'EMB_P', 'EMB_P', 'EMB_P', 'EMB_P', 'EMB_P', 'EMB_P', 'EMB_P', 'EMB_P', 'EMB_P', 'EMB_P', 'EMB_P', 'EMB_P', 'EMB_P']"
270,свічки,затишно,28710:6_1174,"Інтер'єр, звичайно, вражає відразу,вже на вулиці все дуже мило гарненька ялинка і туї, ліхтарики новорічний настрій,всередині затишно і шикарно,м'які дивани, свічки, білий рояль.",7.0,6.83,"['EMB_O', 'EMB_O', 'EMB_O', 'EMB_O', 'EMB_O', 'EMB_O', 'EMB_O', 'EMB_O', 'EMB_O', 'EMB_O', 'EMB_O', 'EMB_O', 'EMB_O', 'EMB_O', 'EMB_O', 'EMB_O', 'EMB_O', 'EMB_O', 'EMB_O', 'EMB_O', 'EMB_O', 'EMB_O', 'EMB_O', 'EMB_O', 'EMB_O', 'EMB_O', 'EMB_O', 'EMB_O', 'EMB_O', 'EMB_O', 'EMB_O', 'EMB_O', 'EMB_O', 'EMB_O', 'EMB_O', 'EMB_O', 'EMB_O', 'EMB_O', 'EMB_O', 'EMB_O', 'EMB_O', 'EMB_O', 'EMB_O', 'EMB_O', 'EMB_O', 'EMB_O', 'EMB_O', 'EMB_O', 'EMB_O', 'EMB_O', 'EMB_O', 'EMB_O', 'EMB_O', 'EMB_O', 'EMB_O', 'EMB_O', 'EMB_O', 'EMB_O', 'EMB_O', 'EMB_O', 'EMB_O', 'EMB_O', 'ASP_B', 'ASP_I', 'ASP_E', 'EMB_O', 'EMB_O', 'EMB_O', 'EMB_O', 'EMB_O', 'EMB_O', 'EMB_O', 'EMB_O', 'EMB_O', 'EMB_P', 'EMB_P', 'EMB_P', 'EMB_P', 'EMB_P', 'EMB_P', 'EMB_P', 'EMB_P', 'EMB_P', 'EMB_P', 'EMB_P', 'EMB_P', 'EMB_P', 'EMB_P', 'EMB_P', 'EMB_P', 'EMB_P', 'EMB_P', 'EMB_P', 'EMB_P', 'EMB_P', 'EMB_P', 'EMB_P', 'EMB_P', 'EMB_P', 'EMB_P', 'EMB_P', 'EMB_P', 'EMB_P', 'EMB_P', 'EMB_P', 'EMB_P', 'EMB_P', 'EMB_P', 'EMB_P', 'EMB_P', 'EMB_P', 'EMB_P', 'EMB_P', 'EMB_P', 'EMB_P', 'EMB_P', 'EMB_P', 'EMB_P', 'EMB_P', 'EMB_P', 'EMB_P', 'EMB_P', 'EMB_P', 'EMB_P', 'EMB_P', 'EMB_P', 'EMB_P', 'EMB_P']","['EMB_O', 'EMB_O', 'EMB_O', 'EMB_O', 'EMB_O', 'EMB_O', 'EMB_O', 'EMB_O', 'EMB_O', 'EMB_O', 'EMB_O', 'EMB_O', 'EMB_O', 'EMB_O', 'EMB_O', 'EMB_O', 'EMB_O', 'EMB_O', 'EMB_O', 'EMB_O', 'EMB_O', 'EMB_O', 'EMB_O', 'EMB_O', 'EMB_O', 'EMB_O', 'EMB_O', 'EMB_O', 'EMB_O', 'EMB_O', 'EMB_O', 'EMB_O', 'EMB_O', 'EMB_O', 'EMB_O', 'EMB_O', 'EMB_O', 'EMB_O', 'EMB_O', 'EMB_O', 'EMB_O', 'EMB_O', 'EMB_O', 'EMB_O', 'EMB_O', 'EMB_O', 'EMB_O', 'EMB_O', 'OPN_B', 'OPN_I', 'OPN_E', 'EMB_O', 'EMB_O', 'EMB_O', 'EMB_O', 'EMB_O', 'EMB_O', 'EMB_O', 'EMB_O', 'EMB_O', 'EMB_O', 'EMB_O', 'EMB_O', 'EMB_O', 'EMB_O', 'EMB_O', 'EMB_O', 'EMB_O', 'EMB_O', 'EMB_O', 'EMB_O', 'EMB_O', 'EMB_O', 'EMB_O', 'EMB_P', 'EMB_P', 'EMB_P', 'EMB_P', 'EMB_P', 'EMB_P', 'EMB_P', 'EMB_P', 'EMB_P', 'EMB_P', 'EMB_P', 'EMB_P', 'EMB_P', 'EMB_P', 'EMB_P', 'EMB_P', 'EMB_P', 'EMB_P', 'EMB_P', 'EMB_P', 'EMB_P', 'EMB_P', 'EMB_P', 'EMB_P', 'EMB_P', 'EMB_P', 'EMB_P', 'EMB_P', 'EMB_P', 'EMB_P', 'EMB_P', 'EMB_P', 'EMB_P', 'EMB_P', 'EMB_P', 'EMB_P', 'EMB_P', 'EMB_P', 'EMB_P', 'EMB_P', 'EMB_P', 'EMB_P', 'EMB_P', 'EMB_P', 'EMB_P', 'EMB_P', 'EMB_P', 'EMB_P', 'EMB_P', 'EMB_P', 'EMB_P', 'EMB_P', 'EMB_P', 'EMB_P']"
271,білий рояль,затишно,28710:6_1174,"Інтер'єр, звичайно, вражає відразу,вже на вулиці все дуже мило гарненька ялинка і туї, ліхтарики новорічний настрій,всередині затишно і шикарно,м'які дивани, свічки, білий рояль.",7.0,6.83,"['EMB_O', 'EMB_O', 'EMB_O', 'EMB_O', 'EMB_O', 'EMB_O', 'EMB_O', 'EMB_O', 'EMB_O', 'EMB_O', 'EMB_O', 'EMB_O', 'EMB_O', 'EMB_O', 'EMB_O', 'EMB_O', 'EMB_O', 'EMB_O', 'EMB_O', 'EMB_O', 'EMB_O', 'EMB_O', 'EMB_O', 'EMB_O', 'EMB_O', 'EMB_O', 'EMB_O', 'EMB_O', 'EMB_O', 'EMB_O', 'EMB_O', 'EMB_O', 'EMB_O', 'EMB_O', 'EMB_O', 'EMB_O', 'EMB_O', 'EMB_O', 'EMB_O', 'EMB_O', 'EMB_O', 'EMB_O', 'EMB_O', 'EMB_O', 'EMB_O', 'EMB_O', 'EMB_O', 'EMB_O', 'EMB_O', 'EMB_O', 'EMB_O', 'EMB_O', 'EMB_O', 'EMB_O', 'EMB_O', 'EMB_O', 'EMB_O', 'EMB_O', 'EMB_O', 'EMB_O', 'EMB_O', 'EMB_O', 'EMB_O', 'EMB_O', 'EMB_O', 'EMB_O', 'ASP_B', 'ASP_I', 'ASP_I', 'ASP_I', 'ASP_I', 'ASP_E', 'EMB_O', 'EMB_O', 'EMB_P', 'EMB_P', 'EMB_P', 'EMB_P', 'EMB_P', 'EMB_P', 'EMB_P', 'EMB_P', 'EMB_P', 'EMB_P', 'EMB_P', 'EMB_P', 'EMB_P', 'EMB_P', 'EMB_P', 'EMB_P', 'EMB_P', 'EMB_P', 'EMB_P', 'EMB_P', 'EMB_P', 'EMB_P', 'EMB_P', 'EMB_P', 'EMB_P', 'EMB_P', 'EMB_P', 'EMB_P', 'EMB_P', 'EMB_P', 'EMB_P', 'EMB_P', 'EMB_P', 'EMB_P', 'EMB_P', 'EMB_P', 'EMB_P', 'EMB_P', 'EMB_P', 'EMB_P', 'EMB_P', 'EMB_P', 'EMB_P', 'EMB_P', 'EMB_P', 'EMB_P', 'EMB_P', 'EMB_P', 'EMB_P', 'EMB_P', 'EMB_P', 'EMB_P', 'EMB_P', 'EMB_P']","['EMB_O', 'EMB_O', 'EMB_O', 'EMB_O', 'EMB_O', 'EMB_O', 'EMB_O', 'EMB_O', 'EMB_O', 'EMB_O', 'EMB_O', 'EMB_O', 'EMB_O', 'EMB_O', 'EMB_O', 'EMB_O', 'EMB_O', 'EMB_O', 'EMB_O', 'EMB_O', 'EMB_O', 'EMB_O', 'EMB_O', 'EMB_O', 'EMB_O', 'EMB_O', 'EMB_O', 'EMB_O', 'EMB_O', 'EMB_O', 'EMB_O', 'EMB_O', 'EMB_O', 'EMB_O', 'EMB_O', 'EMB_O', 'EMB_O', 'EMB_O', 'EMB_O', 'EMB_O', 'EMB_O', 'EMB_O', 'EMB_O', 'EMB_O', 'EMB_O', 'EMB_O', 'EMB_O', 'EMB_O', 'OPN_B', 'OPN_I', 'OPN_E', 'EMB_O', 'EMB_O', 'EMB_O', 'EMB_O', 'EMB_O', 'EMB_O', 'EMB_O', 'EMB_O', 'EMB_O', 'EMB_O', 'EMB_O', 'EMB_O', 'EMB_O', 'EMB_O', 'EMB_O', 'EMB_O', 'EMB_O', 'EMB_O', 'EMB_O', 'EMB_O', 'EMB_O', 'EMB_O', 'EMB_O', 'EMB_P', 'EMB_P', 'EMB_P', 'EMB_P', 'EMB_P', 'EMB_P', 'EMB_P', 'EMB_P', 'EMB_P', 'EMB_P', 'EMB_P', 'EMB_P', 'EMB_P', 'EMB_P', 'EMB_P', 'EMB_P', 'EMB_P', 'EMB_P', 'EMB_P', 'EMB_P', 'EMB_P', 'EMB_P', 'EMB_P', 'EMB_P', 'EMB_P', 'EMB_P', 'EMB_P', 'EMB_P', 'EMB_P', 'EMB_P', 'EMB_P', 'EMB_P', 'EMB_P', 'EMB_P', 'EMB_P', 'EMB_P', 'EMB_P', 'EMB_P', 'EMB_P', 'EMB_P', 'EMB_P', 'EMB_P', 'EMB_P', 'EMB_P', 'EMB_P', 'EMB_P', 'EMB_P', 'EMB_P', 'EMB_P', 'EMB_P', 'EMB_P', 'EMB_P', 'EMB_P', 'EMB_P']"
272,жива музика,100% попадання,28710:7_1175,"Для нашого випадку це просто 100% попадання, ще в цей вечір була жива музика, піаністка грала за білим роялем.",8.33,8.0,"['EMB_O', 'EMB_O', 'EMB_O', 'EMB_O', 'EMB_O', 'EMB_O', 'EMB_O', 'EMB_O', 'EMB_O', 'EMB_O', 'EMB_O', 'EMB_O', 'EMB_O', 'EMB_O', 'EMB_O', 'EMB_O', 'EMB_O', 'EMB_O', 'EMB_O', 'EMB_O', 'ASP_B', 'ASP_I', 'ASP_E', 'EMB_O', 'EMB_O', 'EMB_O', 'EMB_O', 'EMB_O', 'EMB_O', 'EMB_O', 'EMB_O', 'EMB_O', 'EMB_O', 'EMB_O', 'EMB_O', 'EMB_O', 'EMB_O', 'EMB_O', 'EMB_O', 'EMB_P', 'EMB_P', 'EMB_P', 'EMB_P', 'EMB_P', 'EMB_P', 'EMB_P', 'EMB_P', 'EMB_P', 'EMB_P', 'EMB_P', 'EMB_P', 'EMB_P', 'EMB_P', 'EMB_P', 'EMB_P', 'EMB_P', 'EMB_P', 'EMB_P', 'EMB_P', 'EMB_P', 'EMB_P', 'EMB_P', 'EMB_P', 'EMB_P', 'EMB_P', 'EMB_P', 'EMB_P', 'EMB_P', 'EMB_P', 'EMB_P', 'EMB_P', 'EMB_P', 'EMB_P', 'EMB_P', 'EMB_P', 'EMB_P', 'EMB_P', 'EMB_P', 'EMB_P', 'EMB_P', 'EMB_P', 'EMB_P', 'EMB_P', 'EMB_P', 'EMB_P', 'EMB_P', 'EMB_P', 'EMB_P', 'EMB_P', 'EMB_P', 'EMB_P', 'EMB_P', 'EMB_P', 'EMB_P', 'EMB_P', 'EMB_P', 'EMB_P', 'EMB_P', 'EMB_P', 'EMB_P', 'EMB_P', 'EMB_P', 'EMB_P', 'EMB_P', 'EMB_P', 'EMB_P', 'EMB_P', 'EMB_P', 'EMB_P', 'EMB_P', 'EMB_P', 'EMB_P', 'EMB_P', 'EMB_P', 'EMB_P', 'EMB_P', 'EMB_P', 'EMB_P', 'EMB_P', 'EMB_P', 'EMB_P', 'EMB_P', 'EMB_P', 'EMB_P', 'EMB_P', 'EMB_P', 'EMB_P', 'EMB_P']","['EMB_O', 'EMB_O', 'EMB_O', 'EMB_O', 'EMB_O', 'EMB_O', 'EMB_O', 'OPN_B', 'OPN_I', 'OPN_I', 'OPN_I', 'OPN_E', 'EMB_O', 'EMB_O', 'EMB_O', 'EMB_O', 'EMB_O', 'EMB_O', 'EMB_O', 'EMB_O', 'EMB_O', 'EMB_O', 'EMB_O', 'EMB_O', 'EMB_O', 'EMB_O', 'EMB_O', 'EMB_O', 'EMB_O', 'EMB_O', 'EMB_O', 'EMB_O', 'EMB_O', 'EMB_O', 'EMB_O', 'EMB_O', 'EMB_O', 'EMB_O', 'EMB_O', 'EMB_P', 'EMB_P', 'EMB_P', 'EMB_P', 'EMB_P', 'EMB_P', 'EMB_P', 'EMB_P', 'EMB_P', 'EMB_P', 'EMB_P', 'EMB_P', 'EMB_P', 'EMB_P', 'EMB_P', 'EMB_P', 'EMB_P', 'EMB_P', 'EMB_P', 'EMB_P', 'EMB_P', 'EMB_P', 'EMB_P', 'EMB_P', 'EMB_P', 'EMB_P', 'EMB_P', 'EMB_P', 'EMB_P', 'EMB_P', 'EMB_P', 'EMB_P', 'EMB_P', 'EMB_P', 'EMB_P', 'EMB_P', 'EMB_P', 'EMB_P', 'EMB_P', 'EMB_P', 'EMB_P', 'EMB_P', 'EMB_P', 'EMB_P', 'EMB_P', 'EMB_P', 'EMB_P', 'EMB_P', 'EMB_P', 'EMB_P', 'EMB_P', 'EMB_P', 'EMB_P', 'EMB_P', 'EMB_P', 'EMB_P', 'EMB_P', 'EMB_P', 'EMB_P', 'EMB_P', 'EMB_P', 'EMB_P', 'EMB_P', 'EMB_P', 'EMB_P', 'EMB_P', 'EMB_P', 'EMB_P', 'EMB_P', 'EMB_P', 'EMB_P', 'EMB_P', 'EMB_P', 'EMB_P', 'EMB_P', 'EMB_P', 'EMB_P', 'EMB_P', 'EMB_P', 'EMB_P', 'EMB_P', 'EMB_P', 'EMB_P', 'EMB_P', 'EMB_P', 'EMB_P', 'EMB_P', 'EMB_P', 'EMB_P']"
273,піаністка,100% попадання,28710:7_1175,"Для нашого випадку це просто 100% попадання, ще в цей вечір була жива музика, піаністка грала за білим роялем.",8.33,8.0,"['EMB_O', 'EMB_O', 'EMB_O', 'EMB_O', 'EMB_O', 'EMB_O', 'EMB_O', 'EMB_O', 'EMB_O', 'EMB_O', 'EMB_O', 'EMB_O', 'EMB_O', 'EMB_O', 'EMB_O', 'EMB_O', 'EMB_O', 'EMB_O', 'EMB_O', 'EMB_O', 'EMB_O', 'EMB_O', 'EMB_O', 'EMB_O', 'ASP_B', 'ASP_I', 'ASP_I', 'ASP_E', 'EMB_O', 'EMB_O', 'EMB_O', 'EMB_O', 'EMB_O', 'EMB_O', 'EMB_O', 'EMB_O', 'EMB_O', 'EMB_O', 'EMB_O', 'EMB_P', 'EMB_P', 'EMB_P', 'EMB_P', 'EMB_P', 'EMB_P', 'EMB_P', 'EMB_P', 'EMB_P', 'EMB_P', 'EMB_P', 'EMB_P', 'EMB_P', 'EMB_P', 'EMB_P', 'EMB_P', 'EMB_P', 'EMB_P', 'EMB_P', 'EMB_P', 'EMB_P', 'EMB_P', 'EMB_P', 'EMB_P', 'EMB_P', 'EMB_P', 'EMB_P', 'EMB_P', 'EMB_P', 'EMB_P', 'EMB_P', 'EMB_P', 'EMB_P', 'EMB_P', 'EMB_P', 'EMB_P', 'EMB_P', 'EMB_P', 'EMB_P', 'EMB_P', 'EMB_P', 'EMB_P', 'EMB_P', 'EMB_P', 'EMB_P', 'EMB_P', 'EMB_P', 'EMB_P', 'EMB_P', 'EMB_P', 'EMB_P', 'EMB_P', 'EMB_P', 'EMB_P', 'EMB_P', 'EMB_P', 'EMB_P', 'EMB_P', 'EMB_P', 'EMB_P', 'EMB_P', 'EMB_P', 'EMB_P', 'EMB_P', 'EMB_P', 'EMB_P', 'EMB_P', 'EMB_P', 'EMB_P', 'EMB_P', 'EMB_P', 'EMB_P', 'EMB_P', 'EMB_P', 'EMB_P', 'EMB_P', 'EMB_P', 'EMB_P', 'EMB_P', 'EMB_P', 'EMB_P', 'EMB_P', 'EMB_P', 'EMB_P', 'EMB_P', 'EMB_P', 'EMB_P', 'EMB_P', 'EMB_P']","['EMB_O', 'EMB_O', 'EMB_O', 'EMB_O', 'EMB_O', 'EMB_O', 'EMB_O', 'OPN_B', 'OPN_I', 'OPN_I', 'OPN_I', 'OPN_E', 'EMB_O', 'EMB_O', 'EMB_O', 'EMB_O', 'EMB_O', 'EMB_O', 'EMB_O', 'EMB_O', 'EMB_O', 'EMB_O', 'EMB_O', 'EMB_O', 'EMB_O', 'EMB_O', 'EMB_O', 'EMB_O', 'EMB_O', 'EMB_O', 'EMB_O', 'EMB_O', 'EMB_O', 'EMB_O', 'EMB_O', 'EMB_O', 'EMB_O', 'EMB_O', 'EMB_O', 'EMB_P', 'EMB_P', 'EMB_P', 'EMB_P', 'EMB_P', 'EMB_P', 'EMB_P', 'EMB_P', 'EMB_P', 'EMB_P', 'EMB_P', 'EMB_P', 'EMB_P', 'EMB_P', 'EMB_P', 'EMB_P', 'EMB_P', 'EMB_P', 'EMB_P', 'EMB_P', 'EMB_P', 'EMB_P', 'EMB_P', 'EMB_P', 'EMB_P', 'EMB_P', 'EMB_P', 'EMB_P', 'EMB_P', 'EMB_P', 'EMB_P', 'EMB_P', 'EMB_P', 'EMB_P', 'EMB_P', 'EMB_P', 'EMB_P', 'EMB_P', 'EMB_P', 'EMB_P', 'EMB_P', 'EMB_P', 'EMB_P', 'EMB_P', 'EMB_P', 'EMB_P', 'EMB_P', 'EMB_P', 'EMB_P', 'EMB_P', 'EMB_P', 'EMB_P', 'EMB_P', 'EMB_P', 'EMB_P', 'EMB_P', 'EMB_P', 'EMB_P', 'EMB_P', 'EMB_P', 'EMB_P', 'EMB_P', 'EMB_P', 'EMB_P', 'EMB_P', 'EMB_P', 'EMB_P', 'EMB_P', 'EMB_P', 'EMB_P', 'EMB_P', 'EMB_P', 'EMB_P', 'EMB_P', 'EMB_P', 'EMB_P', 'EMB_P', 'EMB_P', 'EMB_P', 'EMB_P', 'EMB_P', 'EMB_P', 'EMB_P', 'EMB_P', 'EMB_P', 'EMB_P', 'EMB_P', 'EMB_P', 'EMB_P']"
274,Персонал,порадував,28710:9_1176,"Персонал можу сказати мене теж порадував, на вході нас зустріла усміхнена хостес вже відразу враження позитивне і до кінця вечора воно таким і залишилося!",6.9,6.3,"['EMB_O', 'ASP_B', 'ASP_I', 'ASP_E', 'EMB_O', 'EMB_O', 'EMB_O', 'EMB_O', 'EMB_O', 'EMB_O', 'EMB_O', 'EMB_O', 'EMB_O', 'EMB_O', 'EMB_O', 'EMB_O', 'EMB_O', 'EMB_O', 'EMB_O', 'EMB_O', 'EMB_O', 'EMB_O', 'EMB_O', 'EMB_O', 'EMB_O', 'EMB_O', 'EMB_O', 'EMB_O', 'EMB_O', 'EMB_O', 'EMB_O', 'EMB_O', 'EMB_O', 'EMB_O', 'EMB_O', 'EMB_O', 'EMB_O', 'EMB_O', 'EMB_O', 'EMB_O', 'EMB_O', 'EMB_O', 'EMB_O', 'EMB_O', 'EMB_O', 'EMB_O', 'EMB_O', 'EMB_O', 'EMB_O', 'EMB_O', 'EMB_O', 'EMB_O', 'EMB_O', 'EMB_O', 'EMB_O', 'EMB_O', 'EMB_O', 'EMB_O', 'EMB_P', 'EMB_P', 'EMB_P', 'EMB_P', 'EMB_P', 'EMB_P', 'EMB_P', 'EMB_P', 'EMB_P', 'EMB_P', 'EMB_P', 'EMB_P', 'EMB_P', 'EMB_P', 'EMB_P', 'EMB_P', 'EMB_P', 'EMB_P', 'EMB_P', 'EMB_P', 'EMB_P', 'EMB_P', 'EMB_P', 'EMB_P', 'EMB_P', 'EMB_P', 'EMB_P', 'EMB_P', 'EMB_P', 'EMB_P', 'EMB_P', 'EMB_P', 'EMB_P', 'EMB_P', 'EMB_P', 'EMB_P', 'EMB_P', 'EMB_P', 'EMB_P', 'EMB_P', 'EMB_P', 'EMB_P', 'EMB_P', 'EMB_P', 'EMB_P', 'EMB_P', 'EMB_P', 'EMB_P', 'EMB_P', 'EMB_P', 'EMB_P', 'EMB_P', 'EMB_P', 'EMB_P', 'EMB_P', 'EMB_P', 'EMB_P', 'EMB_P', 'EMB_P', 'EMB_P', 'EMB_P', 'EMB_P', 'EMB_P', 'EMB_P', 'EMB_P', 'EMB_P', 'EMB_P', 'EMB_P', 'EMB_P', 'EMB_P']","['EMB_O', 'EMB_O', 'EMB_O', 'EMB_O', 'EMB_O', 'EMB_O', 'EMB_O', 'EMB_O', 'EMB_O', 'EMB_O', 'EMB_O', 'EMB_O', 'EMB_O', 'OPN_B', 'OPN_I', 'OPN_E', 'EMB_O', 'EMB_O', 'EMB_O', 'EMB_O', 'EMB_O', 'EMB_O', 'EMB_O', 'EMB_O', 'EMB_O', 'EMB_O', 'EMB_O', 'EMB_O', 'EMB_O', 'EMB_O', 'EMB_O', 'EMB_O', 'EMB_O', 'EMB_O', 'EMB_O', 'EMB_O', 'EMB_O', 'EMB_O', 'EMB_O', 'EMB_O', 'EMB_O', 'EMB_O', 'EMB_O', 'EMB_O', 'EMB_O', 'EMB_O', 'EMB_O', 'EMB_O', 'EMB_O', 'EMB_O', 'EMB_O', 'EMB_O', 'EMB_O', 'EMB_O', 'EMB_O', 'EMB_O', 'EMB_O', 'EMB_O', 'EMB_P', 'EMB_P', 'EMB_P', 'EMB_P', 'EMB_P', 'EMB_P', 'EMB_P', 'EMB_P', 'EMB_P', 'EMB_P', 'EMB_P', 'EMB_P', 'EMB_P', 'EMB_P', 'EMB_P', 'EMB_P', 'EMB_P', 'EMB_P', 'EMB_P', 'EMB_P', 'EMB_P', 'EMB_P', 'EMB_P', 'EMB_P', 'EMB_P', 'EMB_P', 'EMB_P', 'EMB_P', 'EMB_P', 'EMB_P', 'EMB_P', 'EMB_P', 'EMB_P', 'EMB_P', 'EMB_P', 'EMB_P', 'EMB_P', 'EMB_P', 'EMB_P', 'EMB_P', 'EMB_P', 'EMB_P', 'EMB_P', 'EMB_P', 'EMB_P', 'EMB_P', 'EMB_P', 'EMB_P', 'EMB_P', 'EMB_P', 'EMB_P', 'EMB_P', 'EMB_P', 'EMB_P', 'EMB_P', 'EMB_P', 'EMB_P', 'EMB_P', 'EMB_P', 'EMB_P', 'EMB_P', 'EMB_P', 'EMB_P', 'EMB_P', 'EMB_P', 'EMB_P', 'EMB_P', 'EMB_P', 'EMB_P', 'EMB_P']"
275,хостес,усміхнена,28710:9_1176,"Персонал можу сказати мене теж порадував, на вході нас зустріла усміхнена хостес вже відразу враження позитивне і до кінця вечора воно таким і залишилося!",6.75,6.38,"['EMB_O', 'EMB_O', 'EMB_O', 'EMB_O', 'EMB_O', 'EMB_O', 'EMB_O', 'EMB_O', 'EMB_O', 'EMB_O', 'EMB_O', 'EMB_O', 'EMB_O', 'EMB_O', 'EMB_O', 'EMB_O', 'EMB_O', 'EMB_O', 'EMB_O', 'EMB_O', 'EMB_O', 'EMB_O', 'EMB_O', 'EMB_O', 'EMB_O', 'EMB_O', 'EMB_O', 'EMB_O', 'EMB_O', 'EMB_O', 'EMB_O', 'ASP_B', 'ASP_I', 'ASP_E', 'EMB_O', 'EMB_O', 'EMB_O', 'EMB_O', 'EMB_O', 'EMB_O', 'EMB_O', 'EMB_O', 'EMB_O', 'EMB_O', 'EMB_O', 'EMB_O', 'EMB_O', 'EMB_O', 'EMB_O', 'EMB_O', 'EMB_O', 'EMB_O', 'EMB_O', 'EMB_O', 'EMB_O', 'EMB_O', 'EMB_O', 'EMB_O', 'EMB_P', 'EMB_P', 'EMB_P', 'EMB_P', 'EMB_P', 'EMB_P', 'EMB_P', 'EMB_P', 'EMB_P', 'EMB_P', 'EMB_P', 'EMB_P', 'EMB_P', 'EMB_P', 'EMB_P', 'EMB_P', 'EMB_P', 'EMB_P', 'EMB_P', 'EMB_P', 'EMB_P', 'EMB_P', 'EMB_P', 'EMB_P', 'EMB_P', 'EMB_P', 'EMB_P', 'EMB_P', 'EMB_P', 'EMB_P', 'EMB_P', 'EMB_P', 'EMB_P', 'EMB_P', 'EMB_P', 'EMB_P', 'EMB_P', 'EMB_P', 'EMB_P', 'EMB_P', 'EMB_P', 'EMB_P', 'EMB_P', 'EMB_P', 'EMB_P', 'EMB_P', 'EMB_P', 'EMB_P', 'EMB_P', 'EMB_P', 'EMB_P', 'EMB_P', 'EMB_P', 'EMB_P', 'EMB_P', 'EMB_P', 'EMB_P', 'EMB_P', 'EMB_P', 'EMB_P', 'EMB_P', 'EMB_P', 'EMB_P', 'EMB_P', 'EMB_P', 'EMB_P', 'EMB_P', 'EMB_P', 'EMB_P', 'EMB_P']","['EMB_O', 'EMB_O', 'EMB_O', 'EMB_O', 'EMB_O', 'EMB_O', 'EMB_O', 'EMB_O', 'EMB_O', 'EMB_O', 'EMB_O', 'EMB_O', 'EMB_O', 'EMB_O', 'EMB_O', 'EMB_O', 'EMB_O', 'EMB_O', 'EMB_O', 'EMB_O', 'EMB_O', 'EMB_O', 'EMB_O', 'EMB_O', 'EMB_O', 'EMB_O', 'OPN_B', 'OPN_I', 'OPN_I', 'OPN_I', 'OPN_E', 'EMB_O', 'EMB_O', 'EMB_O', 'EMB_O', 'EMB_O', 'EMB_O', 'EMB_O', 'EMB_O', 'EMB_O', 'EMB_O', 'EMB_O', 'EMB_O', 'EMB_O', 'EMB_O', 'EMB_O', 'EMB_O', 'EMB_O', 'EMB_O', 'EMB_O', 'EMB_O', 'EMB_O', 'EMB_O', 'EMB_O', 'EMB_O', 'EMB_O', 'EMB_O', 'EMB_O', 'EMB_P', 'EMB_P', 'EMB_P', 'EMB_P', 'EMB_P', 'EMB_P', 'EMB_P', 'EMB_P', 'EMB_P', 'EMB_P', 'EMB_P', 'EMB_P', 'EMB_P', 'EMB_P', 'EMB_P', 'EMB_P', 'EMB_P', 'EMB_P', 'EMB_P', 'EMB_P', 'EMB_P', 'EMB_P', 'EMB_P', 'EMB_P', 'EMB_P', 'EMB_P', 'EMB_P', 'EMB_P', 'EMB_P', 'EMB_P', 'EMB_P', 'EMB_P', 'EMB_P', 'EMB_P', 'EMB_P', 'EMB_P', 'EMB_P', 'EMB_P', 'EMB_P', 'EMB_P', 'EMB_P', 'EMB_P', 'EMB_P', 'EMB_P', 'EMB_P', 'EMB_P', 'EMB_P', 'EMB_P', 'EMB_P', 'EMB_P', 'EMB_P', 'EMB_P', 'EMB_P', 'EMB_P', 'EMB_P', 'EMB_P', 'EMB_P', 'EMB_P', 'EMB_P', 'EMB_P', 'EMB_P', 'EMB_P', 'EMB_P', 'EMB_P', 'EMB_P', 'EMB_P', 'EMB_P', 'EMB_P', 'EMB_P', 'EMB_P']"
276,Офіціанти,дуже уважні,28710:10_1177,"Офіціанти теж дуже уважні і ввічливі, не можу згадати моменту, коли б нам щось не сподобалося!",7.7,7.0,"['EMB_O', 'ASP_B', 'ASP_I', 'ASP_I', 'ASP_I', 'ASP_E', 'EMB_O', 'EMB_O', 'EMB_O', 'EMB_O', 'EMB_O', 'EMB_O', 'EMB_O', 'EMB_O', 'EMB_O', 'EMB_O', 'EMB_O', 'EMB_O', 'EMB_O', 'EMB_O', 'EMB_O', 'EMB_O', 'EMB_O', 'EMB_O', 'EMB_O', 'EMB_O', 'EMB_O', 'EMB_O', 'EMB_O', 'EMB_O', 'EMB_O', 'EMB_O', 'EMB_O', 'EMB_O', 'EMB_O', 'EMB_O', 'EMB_O', 'EMB_O', 'EMB_P', 'EMB_P', 'EMB_P', 'EMB_P', 'EMB_P', 'EMB_P', 'EMB_P', 'EMB_P', 'EMB_P', 'EMB_P', 'EMB_P', 'EMB_P', 'EMB_P', 'EMB_P', 'EMB_P', 'EMB_P', 'EMB_P', 'EMB_P', 'EMB_P', 'EMB_P', 'EMB_P', 'EMB_P', 'EMB_P', 'EMB_P', 'EMB_P', 'EMB_P', 'EMB_P', 'EMB_P', 'EMB_P', 'EMB_P', 'EMB_P', 'EMB_P', 'EMB_P', 'EMB_P', 'EMB_P', 'EMB_P', 'EMB_P', 'EMB_P', 'EMB_P', 'EMB_P', 'EMB_P', 'EMB_P', 'EMB_P', 'EMB_P', 'EMB_P', 'EMB_P', 'EMB_P', 'EMB_P', 'EMB_P', 'EMB_P', 'EMB_P', 'EMB_P', 'EMB_P', 'EMB_P', 'EMB_P', 'EMB_P', 'EMB_P', 'EMB_P', 'EMB_P', 'EMB_P', 'EMB_P', 'EMB_P', 'EMB_P', 'EMB_P', 'EMB_P', 'EMB_P', 'EMB_P', 'EMB_P', 'EMB_P', 'EMB_P', 'EMB_P', 'EMB_P', 'EMB_P', 'EMB_P', 'EMB_P', 'EMB_P', 'EMB_P', 'EMB_P', 'EMB_P', 'EMB_P', 'EMB_P', 'EMB_P', 'EMB_P', 'EMB_P', 'EMB_P', 'EMB_P', 'EMB_P', 'EMB_P', 'EMB_P', 'EMB_P']","['EMB_O', 'EMB_O', 'EMB_O', 'EMB_O', 'EMB_O', 'EMB_O', 'EMB_O', 'OPN_B', 'OPN_I', 'OPN_I', 'OPN_E', 'EMB_O', 'EMB_O', 'EMB_O', 'EMB_O', 'EMB_O', 'EMB_O', 'EMB_O', 'EMB_O', 'EMB_O', 'EMB_O', 'EMB_O', 'EMB_O', 'EMB_O', 'EMB_O', 'EMB_O', 'EMB_O', 'EMB_O', 'EMB_O', 'EMB_O', 'EMB_O', 'EMB_O', 'EMB_O', 'EMB_O', 'EMB_O', 'EMB_O', 'EMB_O', 'EMB_O', 'EMB_P', 'EMB_P', 'EMB_P', 'EMB_P', 'EMB_P', 'EMB_P', 'EMB_P', 'EMB_P', 'EMB_P', 'EMB_P', 'EMB_P', 'EMB_P', 'EMB_P', 'EMB_P', 'EMB_P', 'EMB_P', 'EMB_P', 'EMB_P', 'EMB_P', 'EMB_P', 'EMB_P', 'EMB_P', 'EMB_P', 'EMB_P', 'EMB_P', 'EMB_P', 'EMB_P', 'EMB_P', 'EMB_P', 'EMB_P', 'EMB_P', 'EMB_P', 'EMB_P', 'EMB_P', 'EMB_P', 'EMB_P', 'EMB_P', 'EMB_P', 'EMB_P', 'EMB_P', 'EMB_P', 'EMB_P', 'EMB_P', 'EMB_P', 'EMB_P', 'EMB_P', 'EMB_P', 'EMB_P', 'EMB_P', 'EMB_P', 'EMB_P', 'EMB_P', 'EMB_P', 'EMB_P', 'EMB_P', 'EMB_P', 'EMB_P', 'EMB_P', 'EMB_P', 'EMB_P', 'EMB_P', 'EMB_P', 'EMB_P', 'EMB_P', 'EMB_P', 'EMB_P', 'EMB_P', 'EMB_P', 'EMB_P', 'EMB_P', 'EMB_P', 'EMB_P', 'EMB_P', 'EMB_P', 'EMB_P', 'EMB_P', 'EMB_P', 'EMB_P', 'EMB_P', 'EMB_P', 'EMB_P', 'EMB_P', 'EMB_P', 'EMB_P', 'EMB_P', 'EMB_P', 'EMB_P', 'EMB_P', 'EMB_P', 'EMB_P']"
277,ресторан,відмінний,28710:11_1178,"Загалом відмінний ресторан, всім рекомендую і з задоволенням повернуся туди сам.",7.7,7.2,"['EMB_O', 'EMB_O', 'EMB_O', 'EMB_O', 'EMB_O', 'EMB_O', 'ASP_B', 'ASP_I', 'ASP_E', 'EMB_O', 'EMB_O', 'EMB_O', 'EMB_O', 'EMB_O', 'EMB_O', 'EMB_O', 'EMB_O', 'EMB_O', 'EMB_O', 'EMB_O', 'EMB_O', 'EMB_O', 'EMB_O', 'EMB_O', 'EMB_O', 'EMB_O', 'EMB_O', 'EMB_O', 'EMB_O', 'EMB_O', 'EMB_O', 'EMB_P', 'EMB_P', 'EMB_P', 'EMB_P', 'EMB_P', 'EMB_P', 'EMB_P', 'EMB_P', 'EMB_P', 'EMB_P', 'EMB_P', 'EMB_P', 'EMB_P', 'EMB_P', 'EMB_P', 'EMB_P', 'EMB_P', 'EMB_P', 'EMB_P', 'EMB_P', 'EMB_P', 'EMB_P', 'EMB_P', 'EMB_P', 'EMB_P', 'EMB_P', 'EMB_P', 'EMB_P', 'EMB_P', 'EMB_P', 'EMB_P', 'EMB_P', 'EMB_P', 'EMB_P', 'EMB_P', 'EMB_P', 'EMB_P', 'EMB_P', 'EMB_P', 'EMB_P', 'EMB_P', 'EMB_P', 'EMB_P', 'EMB_P', 'EMB_P', 'EMB_P', 'EMB_P', 'EMB_P', 'EMB_P', 'EMB_P', 'EMB_P', 'EMB_P', 'EMB_P', 'EMB_P', 'EMB_P', 'EMB_P', 'EMB_P', 'EMB_P', 'EMB_P', 'EMB_P', 'EMB_P', 'EMB_P', 'EMB_P', 'EMB_P', 'EMB_P', 'EMB_P', 'EMB_P', 'EMB_P', 'EMB_P', 'EMB_P', 'EMB_P', 'EMB_P', 'EMB_P', 'EMB_P', 'EMB_P', 'EMB_P', 'EMB_P', 'EMB_P', 'EMB_P', 'EMB_P', 'EMB_P', 'EMB_P', 'EMB_P', 'EMB_P', 'EMB_P', 'EMB_P', 'EMB_P', 'EMB_P', 'EMB_P', 'EMB_P', 'EMB_P', 'EMB_P', 'EMB_P', 'EMB_P', 'EMB_P', 'EMB_P', 'EMB_P']","['EMB_O', 'EMB_O', 'EMB_O', 'OPN_B', 'OPN_I', 'OPN_E', 'EMB_O', 'EMB_O', 'EMB_O', 'EMB_O', 'EMB_O', 'EMB_O', 'EMB_O', 'EMB_O', 'EMB_O', 'EMB_O', 'EMB_O', 'EMB_O', 'EMB_O', 'EMB_O', 'EMB_O', 'EMB_O', 'EMB_O', 'EMB_O', 'EMB_O', 'EMB_O', 'EMB_O', 'EMB_O', 'EMB_O', 'EMB_O', 'EMB_O', 'EMB_P', 'EMB_P', 'EMB_P', 'EMB_P', 'EMB_P', 'EMB_P', 'EMB_P', 'EMB_P', 'EMB_P', 'EMB_P', 'EMB_P', 'EMB_P', 'EMB_P', 'EMB_P', 'EMB_P', 'EMB_P', 'EMB_P', 'EMB_P', 'EMB_P', 'EMB_P', 'EMB_P', 'EMB_P', 'EMB_P', 'EMB_P', 'EMB_P', 'EMB_P', 'EMB_P', 'EMB_P', 'EMB_P', 'EMB_P', 'EMB_P', 'EMB_P', 'EMB_P', 'EMB_P', 'EMB_P', 'EMB_P', 'EMB_P', 'EMB_P', 'EMB_P', 'EMB_P', 'EMB_P', 'EMB_P', 'EMB_P', 'EMB_P', 'EMB_P', 'EMB_P', 'EMB_P', 'EMB_P', 'EMB_P', 'EMB_P', 'EMB_P', 'EMB_P', 'EMB_P', 'EMB_P', 'EMB_P', 'EMB_P', 'EMB_P', 'EMB_P', 'EMB_P', 'EMB_P', 'EMB_P', 'EMB_P', 'EMB_P', 'EMB_P', 'EMB_P', 'EMB_P', 'EMB_P', 'EMB_P', 'EMB_P', 'EMB_P', 'EMB_P', 'EMB_P', 'EMB_P', 'EMB_P', 'EMB_P', 'EMB_P', 'EMB_P', 'EMB_P', 'EMB_P', 'EMB_P', 'EMB_P', 'EMB_P', 'EMB_P', 'EMB_P', 'EMB_P', 'EMB_P', 'EMB_P', 'EMB_P', 'EMB_P', 'EMB_P', 'EMB_P', 'EMB_P', 'EMB_P', 'EMB_P', 'EMB_P', 'EMB_P', 'EMB_P']"
278,"""Мідзукі""",дуже затишне,28745:1_1179,"Я вибрав ""Мідзукі"" грунтуючись на відгуках з цього сайту, і не помилився - дуже затишне місце, смачна їжа (замовляли роли і рис з куркою), музика ненав'язлива і тиха.",8.17,7.83,"['EMB_O', 'EMB_O', 'EMB_O', 'EMB_O', 'ASP_B', 'ASP_I', 'ASP_I', 'ASP_I', 'ASP_I', 'ASP_E', 'EMB_O', 'EMB_O', 'EMB_O', 'EMB_O', 'EMB_O', 'EMB_O', 'EMB_O', 'EMB_O', 'EMB_O', 'EMB_O', 'EMB_O', 'EMB_O', 'EMB_O', 'EMB_O', 'EMB_O', 'EMB_O', 'EMB_O', 'EMB_O', 'EMB_O', 'EMB_O', 'EMB_O', 'EMB_O', 'EMB_O', 'EMB_O', 'EMB_O', 'EMB_O', 'EMB_O', 'EMB_O', 'EMB_O', 'EMB_O', 'EMB_O', 'EMB_O', 'EMB_O', 'EMB_O', 'EMB_O', 'EMB_O', 'EMB_O', 'EMB_O', 'EMB_O', 'EMB_O', 'EMB_O', 'EMB_O', 'EMB_O', 'EMB_O', 'EMB_O', 'EMB_O', 'EMB_O', 'EMB_O', 'EMB_O', 'EMB_O', 'EMB_O', 'EMB_O', 'EMB_O', 'EMB_O', 'EMB_O', 'EMB_O', 'EMB_O', 'EMB_P', 'EMB_P', 'EMB_P', 'EMB_P', 'EMB_P', 'EMB_P', 'EMB_P', 'EMB_P', 'EMB_P', 'EMB_P', 'EMB_P', 'EMB_P', 'EMB_P', 'EMB_P', 'EMB_P', 'EMB_P', 'EMB_P', 'EMB_P', 'EMB_P', 'EMB_P', 'EMB_P', 'EMB_P', 'EMB_P', 'EMB_P', 'EMB_P', 'EMB_P', 'EMB_P', 'EMB_P', 'EMB_P', 'EMB_P', 'EMB_P', 'EMB_P', 'EMB_P', 'EMB_P', 'EMB_P', 'EMB_P', 'EMB_P', 'EMB_P', 'EMB_P', 'EMB_P', 'EMB_P', 'EMB_P', 'EMB_P', 'EMB_P', 'EMB_P', 'EMB_P', 'EMB_P', 'EMB_P', 'EMB_P', 'EMB_P', 'EMB_P', 'EMB_P', 'EMB_P', 'EMB_P', 'EMB_P', 'EMB_P', 'EMB_P', 'EMB_P', 'EMB_P', 'EMB_P', 'EMB_P']","['EMB_O', 'EMB_O', 'EMB_O', 'EMB_O', 'EMB_O', 'EMB_O', 'EMB_O', 'EMB_O', 'EMB_O', 'EMB_O', 'EMB_O', 'EMB_O', 'EMB_O', 'EMB_O', 'EMB_O', 'EMB_O', 'EMB_O', 'EMB_O', 'EMB_O', 'EMB_O', 'EMB_O', 'EMB_O', 'EMB_O', 'EMB_O', 'EMB_O', 'EMB_O', 'EMB_O', 'EMB_O', 'EMB_O', 'EMB_O', 'OPN_B', 'OPN_I', 'OPN_I', 'OPN_E', 'EMB_O', 'EMB_O', 'EMB_O', 'EMB_O', 'EMB_O', 'EMB_O', 'EMB_O', 'EMB_O', 'EMB_O', 'EMB_O', 'EMB_O', 'EMB_O', 'EMB_O', 'EMB_O', 'EMB_O', 'EMB_O', 'EMB_O', 'EMB_O', 'EMB_O', 'EMB_O', 'EMB_O', 'EMB_O', 'EMB_O', 'EMB_O', 'EMB_O', 'EMB_O', 'EMB_O', 'EMB_O', 'EMB_O', 'EMB_O', 'EMB_O', 'EMB_O', 'EMB_O', 'EMB_P', 'EMB_P', 'EMB_P', 'EMB_P', 'EMB_P', 'EMB_P', 'EMB_P', 'EMB_P', 'EMB_P', 'EMB_P', 'EMB_P', 'EMB_P', 'EMB_P', 'EMB_P', 'EMB_P', 'EMB_P', 'EMB_P', 'EMB_P', 'EMB_P', 'EMB_P', 'EMB_P', 'EMB_P', 'EMB_P', 'EMB_P', 'EMB_P', 'EMB_P', 'EMB_P', 'EMB_P', 'EMB_P', 'EMB_P', 'EMB_P', 'EMB_P', 'EMB_P', 'EMB_P', 'EMB_P', 'EMB_P', 'EMB_P', 'EMB_P', 'EMB_P', 'EMB_P', 'EMB_P', 'EMB_P', 'EMB_P', 'EMB_P', 'EMB_P', 'EMB_P', 'EMB_P', 'EMB_P', 'EMB_P', 'EMB_P', 'EMB_P', 'EMB_P', 'EMB_P', 'EMB_P', 'EMB_P', 'EMB_P', 'EMB_P', 'EMB_P', 'EMB_P', 'EMB_P', 'EMB_P']"
279,місце,дуже затишне,28745:1_1179,"Я вибрав ""Мідзукі"" грунтуючись на відгуках з цього сайту, і не помилився - дуже затишне місце, смачна їжа (замовляли роли і рис з куркою), музика ненав'язлива і тиха.",7.8,7.0,"['EMB_O', 'EMB_O', 'EMB_O', 'EMB_O', 'EMB_O', 'EMB_O', 'EMB_O', 'EMB_O', 'EMB_O', 'EMB_O', 'EMB_O', 'EMB_O', 'EMB_O', 'EMB_O', 'EMB_O', 'EMB_O', 'EMB_O', 'EMB_O', 'EMB_O', 'EMB_O', 'EMB_O', 'EMB_O', 'EMB_O', 'EMB_O', 'EMB_O', 'EMB_O', 'EMB_O', 'EMB_O', 'EMB_O', 'EMB_O', 'EMB_O', 'EMB_O', 'EMB_O', 'EMB_O', 'ASP_S', 'EMB_O', 'EMB_O', 'EMB_O', 'EMB_O', 'EMB_O', 'EMB_O', 'EMB_O', 'EMB_O', 'EMB_O', 'EMB_O', 'EMB_O', 'EMB_O', 'EMB_O', 'EMB_O', 'EMB_O', 'EMB_O', 'EMB_O', 'EMB_O', 'EMB_O', 'EMB_O', 'EMB_O', 'EMB_O', 'EMB_O', 'EMB_O', 'EMB_O', 'EMB_O', 'EMB_O', 'EMB_O', 'EMB_O', 'EMB_O', 'EMB_O', 'EMB_O', 'EMB_P', 'EMB_P', 'EMB_P', 'EMB_P', 'EMB_P', 'EMB_P', 'EMB_P', 'EMB_P', 'EMB_P', 'EMB_P', 'EMB_P', 'EMB_P', 'EMB_P', 'EMB_P', 'EMB_P', 'EMB_P', 'EMB_P', 'EMB_P', 'EMB_P', 'EMB_P', 'EMB_P', 'EMB_P', 'EMB_P', 'EMB_P', 'EMB_P', 'EMB_P', 'EMB_P', 'EMB_P', 'EMB_P', 'EMB_P', 'EMB_P', 'EMB_P', 'EMB_P', 'EMB_P', 'EMB_P', 'EMB_P', 'EMB_P', 'EMB_P', 'EMB_P', 'EMB_P', 'EMB_P', 'EMB_P', 'EMB_P', 'EMB_P', 'EMB_P', 'EMB_P', 'EMB_P', 'EMB_P', 'EMB_P', 'EMB_P', 'EMB_P', 'EMB_P', 'EMB_P', 'EMB_P', 'EMB_P', 'EMB_P', 'EMB_P', 'EMB_P', 'EMB_P', 'EMB_P', 'EMB_P']","['EMB_O', 'EMB_O', 'EMB_O', 'EMB_O', 'EMB_O', 'EMB_O', 'EMB_O', 'EMB_O', 'EMB_O', 'EMB_O', 'EMB_O', 'EMB_O', 'EMB_O', 'EMB_O', 'EMB_O', 'EMB_O', 'EMB_O', 'EMB_O', 'EMB_O', 'EMB_O', 'EMB_O', 'EMB_O', 'EMB_O', 'EMB_O', 'EMB_O', 'EMB_O', 'EMB_O', 'EMB_O', 'EMB_O', 'EMB_O', 'OPN_B', 'OPN_I', 'OPN_I', 'OPN_E', 'EMB_O', 'EMB_O', 'EMB_O', 'EMB_O', 'EMB_O', 'EMB_O', 'EMB_O', 'EMB_O', 'EMB_O', 'EMB_O', 'EMB_O', 'EMB_O', 'EMB_O', 'EMB_O', 'EMB_O', 'EMB_O', 'EMB_O', 'EMB_O', 'EMB_O', 'EMB_O', 'EMB_O', 'EMB_O', 'EMB_O', 'EMB_O', 'EMB_O', 'EMB_O', 'EMB_O', 'EMB_O', 'EMB_O', 'EMB_O', 'EMB_O', 'EMB_O', 'EMB_O', 'EMB_P', 'EMB_P', 'EMB_P', 'EMB_P', 'EMB_P', 'EMB_P', 'EMB_P', 'EMB_P', 'EMB_P', 'EMB_P', 'EMB_P', 'EMB_P', 'EMB_P', 'EMB_P', 'EMB_P', 'EMB_P', 'EMB_P', 'EMB_P', 'EMB_P', 'EMB_P', 'EMB_P', 'EMB_P', 'EMB_P', 'EMB_P', 'EMB_P', 'EMB_P', 'EMB_P', 'EMB_P', 'EMB_P', 'EMB_P', 'EMB_P', 'EMB_P', 'EMB_P', 'EMB_P', 'EMB_P', 'EMB_P', 'EMB_P', 'EMB_P', 'EMB_P', 'EMB_P', 'EMB_P', 'EMB_P', 'EMB_P', 'EMB_P', 'EMB_P', 'EMB_P', 'EMB_P', 'EMB_P', 'EMB_P', 'EMB_P', 'EMB_P', 'EMB_P', 'EMB_P', 'EMB_P', 'EMB_P', 'EMB_P', 'EMB_P', 'EMB_P', 'EMB_P', 'EMB_P', 'EMB_P']"
280,їжа,смачна,28745:1_1179,"Я вибрав ""Мідзукі"" грунтуючись на відгуках з цього сайту, і не помилився - дуже затишне місце, смачна їжа (замовляли роли і рис з куркою), музика ненав'язлива і тиха.",7.0,6.4,"['EMB_O', 'EMB_O', 'EMB_O', 'EMB_O', 'EMB_O', 'EMB_O', 'EMB_O', 'EMB_O', 'EMB_O', 'EMB_O', 'EMB_O', 'EMB_O', 'EMB_O', 'EMB_O', 'EMB_O', 'EMB_O', 'EMB_O', 'EMB_O', 'EMB_O', 'EMB_O', 'EMB_O', 'EMB_O', 'EMB_O', 'EMB_O', 'EMB_O', 'EMB_O', 'EMB_O', 'EMB_O', 'EMB_O', 'EMB_O', 'EMB_O', 'EMB_O', 'EMB_O', 'EMB_O', 'EMB_O', 'EMB_O', 'EMB_O', 'EMB_O', 'EMB_O', 'ASP_B', 'ASP_E', 'EMB_O', 'EMB_O', 'EMB_O', 'EMB_O', 'EMB_O', 'EMB_O', 'EMB_O', 'EMB_O', 'EMB_O', 'EMB_O', 'EMB_O', 'EMB_O', 'EMB_O', 'EMB_O', 'EMB_O', 'EMB_O', 'EMB_O', 'EMB_O', 'EMB_O', 'EMB_O', 'EMB_O', 'EMB_O', 'EMB_O', 'EMB_O', 'EMB_O', 'EMB_O', 'EMB_P', 'EMB_P', 'EMB_P', 'EMB_P', 'EMB_P', 'EMB_P', 'EMB_P', 'EMB_P', 'EMB_P', 'EMB_P', 'EMB_P', 'EMB_P', 'EMB_P', 'EMB_P', 'EMB_P', 'EMB_P', 'EMB_P', 'EMB_P', 'EMB_P', 'EMB_P', 'EMB_P', 'EMB_P', 'EMB_P', 'EMB_P', 'EMB_P', 'EMB_P', 'EMB_P', 'EMB_P', 'EMB_P', 'EMB_P', 'EMB_P', 'EMB_P', 'EMB_P', 'EMB_P', 'EMB_P', 'EMB_P', 'EMB_P', 'EMB_P', 'EMB_P', 'EMB_P', 'EMB_P', 'EMB_P', 'EMB_P', 'EMB_P', 'EMB_P', 'EMB_P', 'EMB_P', 'EMB_P', 'EMB_P', 'EMB_P', 'EMB_P', 'EMB_P', 'EMB_P', 'EMB_P', 'EMB_P', 'EMB_P', 'EMB_P', 'EMB_P', 'EMB_P', 'EMB_P', 'EMB_P']","['EMB_O', 'EMB_O', 'EMB_O', 'EMB_O', 'EMB_O', 'EMB_O', 'EMB_O', 'EMB_O', 'EMB_O', 'EMB_O', 'EMB_O', 'EMB_O', 'EMB_O', 'EMB_O', 'EMB_O', 'EMB_O', 'EMB_O', 'EMB_O', 'EMB_O', 'EMB_O', 'EMB_O', 'EMB_O', 'EMB_O', 'EMB_O', 'EMB_O', 'EMB_O', 'EMB_O', 'EMB_O', 'EMB_O', 'EMB_O', 'EMB_O', 'EMB_O', 'EMB_O', 'EMB_O', 'EMB_O', 'EMB_O', 'OPN_B', 'OPN_I', 'OPN_E', 'EMB_O', 'EMB_O', 'EMB_O', 'EMB_O', 'EMB_O', 'EMB_O', 'EMB_O', 'EMB_O', 'EMB_O', 'EMB_O', 'EMB_O', 'EMB_O', 'EMB_O', 'EMB_O', 'EMB_O', 'EMB_O', 'EMB_O', 'EMB_O', 'EMB_O', 'EMB_O', 'EMB_O', 'EMB_O', 'EMB_O', 'EMB_O', 'EMB_O', 'EMB_O', 'EMB_O', 'EMB_O', 'EMB_P', 'EMB_P', 'EMB_P', 'EMB_P', 'EMB_P', 'EMB_P', 'EMB_P', 'EMB_P', 'EMB_P', 'EMB_P', 'EMB_P', 'EMB_P', 'EMB_P', 'EMB_P', 'EMB_P', 'EMB_P', 'EMB_P', 'EMB_P', 'EMB_P', 'EMB_P', 'EMB_P', 'EMB_P', 'EMB_P', 'EMB_P', 'EMB_P', 'EMB_P', 'EMB_P', 'EMB_P', 'EMB_P', 'EMB_P', 'EMB_P', 'EMB_P', 'EMB_P', 'EMB_P', 'EMB_P', 'EMB_P', 'EMB_P', 'EMB_P', 'EMB_P', 'EMB_P', 'EMB_P', 'EMB_P', 'EMB_P', 'EMB_P', 'EMB_P', 'EMB_P', 'EMB_P', 'EMB_P', 'EMB_P', 'EMB_P', 'EMB_P', 'EMB_P', 'EMB_P', 'EMB_P', 'EMB_P', 'EMB_P', 'EMB_P', 'EMB_P', 'EMB_P', 'EMB_P', 'EMB_P']"
281,роли,смачна,28745:1_1179,"Я вибрав ""Мідзукі"" грунтуючись на відгуках з цього сайту, і не помилився - дуже затишне місце, смачна їжа (замовляли роли і рис з куркою), музика ненав'язлива і тиха.",7.0,6.4,"['EMB_O', 'EMB_O', 'EMB_O', 'EMB_O', 'EMB_O', 'EMB_O', 'EMB_O', 'EMB_O', 'EMB_O', 'EMB_O', 'EMB_O', 'EMB_O', 'EMB_O', 'EMB_O', 'EMB_O', 'EMB_O', 'EMB_O', 'EMB_O', 'EMB_O', 'EMB_O', 'EMB_O', 'EMB_O', 'EMB_O', 'EMB_O', 'EMB_O', 'EMB_O', 'EMB_O', 'EMB_O', 'EMB_O', 'EMB_O', 'EMB_O', 'EMB_O', 'EMB_O', 'EMB_O', 'EMB_O', 'EMB_O', 'EMB_O', 'EMB_O', 'EMB_O', 'EMB_O', 'EMB_O', 'EMB_O', 'EMB_O', 'EMB_O', 'EMB_O', 'ASP_S', 'EMB_O', 'EMB_O', 'EMB_O', 'EMB_O', 'EMB_O', 'EMB_O', 'EMB_O', 'EMB_O', 'EMB_O', 'EMB_O', 'EMB_O', 'EMB_O', 'EMB_O', 'EMB_O', 'EMB_O', 'EMB_O', 'EMB_O', 'EMB_O', 'EMB_O', 'EMB_O', 'EMB_O', 'EMB_P', 'EMB_P', 'EMB_P', 'EMB_P', 'EMB_P', 'EMB_P', 'EMB_P', 'EMB_P', 'EMB_P', 'EMB_P', 'EMB_P', 'EMB_P', 'EMB_P', 'EMB_P', 'EMB_P', 'EMB_P', 'EMB_P', 'EMB_P', 'EMB_P', 'EMB_P', 'EMB_P', 'EMB_P', 'EMB_P', 'EMB_P', 'EMB_P', 'EMB_P', 'EMB_P', 'EMB_P', 'EMB_P', 'EMB_P', 'EMB_P', 'EMB_P', 'EMB_P', 'EMB_P', 'EMB_P', 'EMB_P', 'EMB_P', 'EMB_P', 'EMB_P', 'EMB_P', 'EMB_P', 'EMB_P', 'EMB_P', 'EMB_P', 'EMB_P', 'EMB_P', 'EMB_P', 'EMB_P', 'EMB_P', 'EMB_P', 'EMB_P', 'EMB_P', 'EMB_P', 'EMB_P', 'EMB_P', 'EMB_P', 'EMB_P', 'EMB_P', 'EMB_P', 'EMB_P', 'EMB_P']","['EMB_O', 'EMB_O', 'EMB_O', 'EMB_O', 'EMB_O', 'EMB_O', 'EMB_O', 'EMB_O', 'EMB_O', 'EMB_O', 'EMB_O', 'EMB_O', 'EMB_O', 'EMB_O', 'EMB_O', 'EMB_O', 'EMB_O', 'EMB_O', 'EMB_O', 'EMB_O', 'EMB_O', 'EMB_O', 'EMB_O', 'EMB_O', 'EMB_O', 'EMB_O', 'EMB_O', 'EMB_O', 'EMB_O', 'EMB_O', 'EMB_O', 'EMB_O', 'EMB_O', 'EMB_O', 'EMB_O', 'EMB_O', 'OPN_B', 'OPN_I', 'OPN_E', 'EMB_O', 'EMB_O', 'EMB_O', 'EMB_O', 'EMB_O', 'EMB_O', 'EMB_O', 'EMB_O', 'EMB_O', 'EMB_O', 'EMB_O', 'EMB_O', 'EMB_O', 'EMB_O', 'EMB_O', 'EMB_O', 'EMB_O', 'EMB_O', 'EMB_O', 'EMB_O', 'EMB_O', 'EMB_O', 'EMB_O', 'EMB_O', 'EMB_O', 'EMB_O', 'EMB_O', 'EMB_O', 'EMB_P', 'EMB_P', 'EMB_P', 'EMB_P', 'EMB_P', 'EMB_P', 'EMB_P', 'EMB_P', 'EMB_P', 'EMB_P', 'EMB_P', 'EMB_P', 'EMB_P', 'EMB_P', 'EMB_P', 'EMB_P', 'EMB_P', 'EMB_P', 'EMB_P', 'EMB_P', 'EMB_P', 'EMB_P', 'EMB_P', 'EMB_P', 'EMB_P', 'EMB_P', 'EMB_P', 'EMB_P', 'EMB_P', 'EMB_P', 'EMB_P', 'EMB_P', 'EMB_P', 'EMB_P', 'EMB_P', 'EMB_P', 'EMB_P', 'EMB_P', 'EMB_P', 'EMB_P', 'EMB_P', 'EMB_P', 'EMB_P', 'EMB_P', 'EMB_P', 'EMB_P', 'EMB_P', 'EMB_P', 'EMB_P', 'EMB_P', 'EMB_P', 'EMB_P', 'EMB_P', 'EMB_P', 'EMB_P', 'EMB_P', 'EMB_P', 'EMB_P', 'EMB_P', 'EMB_P', 'EMB_P']"
282,рис з куркою,смачна,28745:1_1179,"Я вибрав ""Мідзукі"" грунтуючись на відгуках з цього сайту, і не помилився - дуже затишне місце, смачна їжа (замовляли роли і рис з куркою), музика ненав'язлива і тиха.",7.0,6.4,"['EMB_O', 'EMB_O', 'EMB_O', 'EMB_O', 'EMB_O', 'EMB_O', 'EMB_O', 'EMB_O', 'EMB_O', 'EMB_O', 'EMB_O', 'EMB_O', 'EMB_O', 'EMB_O', 'EMB_O', 'EMB_O', 'EMB_O', 'EMB_O', 'EMB_O', 'EMB_O', 'EMB_O', 'EMB_O', 'EMB_O', 'EMB_O', 'EMB_O', 'EMB_O', 'EMB_O', 'EMB_O', 'EMB_O', 'EMB_O', 'EMB_O', 'EMB_O', 'EMB_O', 'EMB_O', 'EMB_O', 'EMB_O', 'EMB_O', 'EMB_O', 'EMB_O', 'EMB_O', 'EMB_O', 'EMB_O', 'EMB_O', 'EMB_O', 'EMB_O', 'EMB_O', 'EMB_O', 'ASP_B', 'ASP_I', 'ASP_I', 'ASP_I', 'ASP_I', 'ASP_E', 'EMB_O', 'EMB_O', 'EMB_O', 'EMB_O', 'EMB_O', 'EMB_O', 'EMB_O', 'EMB_O', 'EMB_O', 'EMB_O', 'EMB_O', 'EMB_O', 'EMB_O', 'EMB_O', 'EMB_P', 'EMB_P', 'EMB_P', 'EMB_P', 'EMB_P', 'EMB_P', 'EMB_P', 'EMB_P', 'EMB_P', 'EMB_P', 'EMB_P', 'EMB_P', 'EMB_P', 'EMB_P', 'EMB_P', 'EMB_P', 'EMB_P', 'EMB_P', 'EMB_P', 'EMB_P', 'EMB_P', 'EMB_P', 'EMB_P', 'EMB_P', 'EMB_P', 'EMB_P', 'EMB_P', 'EMB_P', 'EMB_P', 'EMB_P', 'EMB_P', 'EMB_P', 'EMB_P', 'EMB_P', 'EMB_P', 'EMB_P', 'EMB_P', 'EMB_P', 'EMB_P', 'EMB_P', 'EMB_P', 'EMB_P', 'EMB_P', 'EMB_P', 'EMB_P', 'EMB_P', 'EMB_P', 'EMB_P', 'EMB_P', 'EMB_P', 'EMB_P', 'EMB_P', 'EMB_P', 'EMB_P', 'EMB_P', 'EMB_P', 'EMB_P', 'EMB_P', 'EMB_P', 'EMB_P', 'EMB_P']","['EMB_O', 'EMB_O', 'EMB_O', 'EMB_O', 'EMB_O', 'EMB_O', 'EMB_O', 'EMB_O', 'EMB_O', 'EMB_O', 'EMB_O', 'EMB_O', 'EMB_O', 'EMB_O', 'EMB_O', 'EMB_O', 'EMB_O', 'EMB_O', 'EMB_O', 'EMB_O', 'EMB_O', 'EMB_O', 'EMB_O', 'EMB_O', 'EMB_O', 'EMB_O', 'EMB_O', 'EMB_O', 'EMB_O', 'EMB_O', 'EMB_O', 'EMB_O', 'EMB_O', 'EMB_O', 'EMB_O', 'EMB_O', 'OPN_B', 'OPN_I', 'OPN_E', 'EMB_O', 'EMB_O', 'EMB_O', 'EMB_O', 'EMB_O', 'EMB_O', 'EMB_O', 'EMB_O', 'EMB_O', 'EMB_O', 'EMB_O', 'EMB_O', 'EMB_O', 'EMB_O', 'EMB_O', 'EMB_O', 'EMB_O', 'EMB_O', 'EMB_O', 'EMB_O', 'EMB_O', 'EMB_O', 'EMB_O', 'EMB_O', 'EMB_O', 'EMB_O', 'EMB_O', 'EMB_O', 'EMB_P', 'EMB_P', 'EMB_P', 'EMB_P', 'EMB_P', 'EMB_P', 'EMB_P', 'EMB_P', 'EMB_P', 'EMB_P', 'EMB_P', 'EMB_P', 'EMB_P', 'EMB_P', 'EMB_P', 'EMB_P', 'EMB_P', 'EMB_P', 'EMB_P', 'EMB_P', 'EMB_P', 'EMB_P', 'EMB_P', 'EMB_P', 'EMB_P', 'EMB_P', 'EMB_P', 'EMB_P', 'EMB_P', 'EMB_P', 'EMB_P', 'EMB_P', 'EMB_P', 'EMB_P', 'EMB_P', 'EMB_P', 'EMB_P', 'EMB_P', 'EMB_P', 'EMB_P', 'EMB_P', 'EMB_P', 'EMB_P', 'EMB_P', 'EMB_P', 'EMB_P', 'EMB_P', 'EMB_P', 'EMB_P', 'EMB_P', 'EMB_P', 'EMB_P', 'EMB_P', 'EMB_P', 'EMB_P', 'EMB_P', 'EMB_P', 'EMB_P', 'EMB_P', 'EMB_P', 'EMB_P']"
283,музика,ненав'язлива,28745:1_1179,"Я вибрав ""Мідзукі"" грунтуючись на відгуках з цього сайту, і не помилився - дуже затишне місце, смачна їжа (замовляли роли і рис з куркою), музика ненав'язлива і тиха.",6.6,5.8,"['EMB_O', 'EMB_O', 'EMB_O', 'EMB_O', 'EMB_O', 'EMB_O', 'EMB_O', 'EMB_O', 'EMB_O', 'EMB_O', 'EMB_O', 'EMB_O', 'EMB_O', 'EMB_O', 'EMB_O', 'EMB_O', 'EMB_O', 'EMB_O', 'EMB_O', 'EMB_O', 'EMB_O', 'EMB_O', 'EMB_O', 'EMB_O', 'EMB_O', 'EMB_O', 'EMB_O', 'EMB_O', 'EMB_O', 'EMB_O', 'EMB_O', 'EMB_O', 'EMB_O', 'EMB_O', 'EMB_O', 'EMB_O', 'EMB_O', 'EMB_O', 'EMB_O', 'EMB_O', 'EMB_O', 'EMB_O', 'EMB_O', 'EMB_O', 'EMB_O', 'EMB_O', 'EMB_O', 'EMB_O', 'EMB_O', 'EMB_O', 'EMB_O', 'EMB_O', 'EMB_O', 'EMB_O', 'EMB_O', 'ASP_S', 'EMB_O', 'EMB_O', 'EMB_O', 'EMB_O', 'EMB_O', 'EMB_O', 'EMB_O', 'EMB_O', 'EMB_O', 'EMB_O', 'EMB_O', 'EMB_P', 'EMB_P', 'EMB_P', 'EMB_P', 'EMB_P', 'EMB_P', 'EMB_P', 'EMB_P', 'EMB_P', 'EMB_P', 'EMB_P', 'EMB_P', 'EMB_P', 'EMB_P', 'EMB_P', 'EMB_P', 'EMB_P', 'EMB_P', 'EMB_P', 'EMB_P', 'EMB_P', 'EMB_P', 'EMB_P', 'EMB_P', 'EMB_P', 'EMB_P', 'EMB_P', 'EMB_P', 'EMB_P', 'EMB_P', 'EMB_P', 'EMB_P', 'EMB_P', 'EMB_P', 'EMB_P', 'EMB_P', 'EMB_P', 'EMB_P', 'EMB_P', 'EMB_P', 'EMB_P', 'EMB_P', 'EMB_P', 'EMB_P', 'EMB_P', 'EMB_P', 'EMB_P', 'EMB_P', 'EMB_P', 'EMB_P', 'EMB_P', 'EMB_P', 'EMB_P', 'EMB_P', 'EMB_P', 'EMB_P', 'EMB_P', 'EMB_P', 'EMB_P', 'EMB_P', 'EMB_P']","['EMB_O', 'EMB_O', 'EMB_O', 'EMB_O', 'EMB_O', 'EMB_O', 'EMB_O', 'EMB_O', 'EMB_O', 'EMB_O', 'EMB_O', 'EMB_O', 'EMB_O', 'EMB_O', 'EMB_O', 'EMB_O', 'EMB_O', 'EMB_O', 'EMB_O', 'EMB_O', 'EMB_O', 'EMB_O', 'EMB_O', 'EMB_O', 'EMB_O', 'EMB_O', 'EMB_O', 'EMB_O', 'EMB_O', 'EMB_O', 'EMB_O', 'EMB_O', 'EMB_O', 'EMB_O', 'EMB_O', 'EMB_O', 'EMB_O', 'EMB_O', 'EMB_O', 'EMB_O', 'EMB_O', 'EMB_O', 'EMB_O', 'EMB_O', 'EMB_O', 'EMB_O', 'EMB_O', 'EMB_O', 'EMB_O', 'EMB_O', 'EMB_O', 'EMB_O', 'EMB_O', 'EMB_O', 'EMB_O', 'EMB_O', 'OPN_B', 'OPN_I', 'OPN_I', 'OPN_I', 'OPN_I', 'OPN_E', 'EMB_O', 'EMB_O', 'EMB_O', 'EMB_O', 'EMB_O', 'EMB_P', 'EMB_P', 'EMB_P', 'EMB_P', 'EMB_P', 'EMB_P', 'EMB_P', 'EMB_P', 'EMB_P', 'EMB_P', 'EMB_P', 'EMB_P', 'EMB_P', 'EMB_P', 'EMB_P', 'EMB_P', 'EMB_P', 'EMB_P', 'EMB_P', 'EMB_P', 'EMB_P', 'EMB_P', 'EMB_P', 'EMB_P', 'EMB_P', 'EMB_P', 'EMB_P', 'EMB_P', 'EMB_P', 'EMB_P', 'EMB_P', 'EMB_P', 'EMB_P', 'EMB_P', 'EMB_P', 'EMB_P', 'EMB_P', 'EMB_P', 'EMB_P', 'EMB_P', 'EMB_P', 'EMB_P', 'EMB_P', 'EMB_P', 'EMB_P', 'EMB_P', 'EMB_P', 'EMB_P', 'EMB_P', 'EMB_P', 'EMB_P', 'EMB_P', 'EMB_P', 'EMB_P', 'EMB_P', 'EMB_P', 'EMB_P', 'EMB_P', 'EMB_P', 'EMB_P', 'EMB_P']"
284,Сервіс,гарний,28745:2_1180,"Сервіс - гарний, - офіціантки, помітивши що на них дивишся, - не роблять вигляд, що не помітили, а підходять:)",6.7,5.8,"['EMB_O', 'ASP_B', 'ASP_I', 'ASP_E', 'EMB_O', 'EMB_O', 'EMB_O', 'EMB_O', 'EMB_O', 'EMB_O', 'EMB_O', 'EMB_O', 'EMB_O', 'EMB_O', 'EMB_O', 'EMB_O', 'EMB_O', 'EMB_O', 'EMB_O', 'EMB_O', 'EMB_O', 'EMB_O', 'EMB_O', 'EMB_O', 'EMB_O', 'EMB_O', 'EMB_O', 'EMB_O', 'EMB_O', 'EMB_O', 'EMB_O', 'EMB_O', 'EMB_O', 'EMB_O', 'EMB_O', 'EMB_O', 'EMB_O', 'EMB_O', 'EMB_O', 'EMB_O', 'EMB_O', 'EMB_O', 'EMB_O', 'EMB_O', 'EMB_O', 'EMB_O', 'EMB_O', 'EMB_P', 'EMB_P', 'EMB_P', 'EMB_P', 'EMB_P', 'EMB_P', 'EMB_P', 'EMB_P', 'EMB_P', 'EMB_P', 'EMB_P', 'EMB_P', 'EMB_P', 'EMB_P', 'EMB_P', 'EMB_P', 'EMB_P', 'EMB_P', 'EMB_P', 'EMB_P', 'EMB_P', 'EMB_P', 'EMB_P', 'EMB_P', 'EMB_P', 'EMB_P', 'EMB_P', 'EMB_P', 'EMB_P', 'EMB_P', 'EMB_P', 'EMB_P', 'EMB_P', 'EMB_P', 'EMB_P', 'EMB_P', 'EMB_P', 'EMB_P', 'EMB_P', 'EMB_P', 'EMB_P', 'EMB_P', 'EMB_P', 'EMB_P', 'EMB_P', 'EMB_P', 'EMB_P', 'EMB_P', 'EMB_P', 'EMB_P', 'EMB_P', 'EMB_P', 'EMB_P', 'EMB_P', 'EMB_P', 'EMB_P', 'EMB_P', 'EMB_P', 'EMB_P', 'EMB_P', 'EMB_P', 'EMB_P', 'EMB_P', 'EMB_P', 'EMB_P', 'EMB_P', 'EMB_P', 'EMB_P', 'EMB_P', 'EMB_P', 'EMB_P', 'EMB_P', 'EMB_P', 'EMB_P', 'EMB_P', 'EMB_P', 'EMB_P', 'EMB_P', 'EMB_P', 'EMB_P', 'EMB_P']","['EMB_O', 'EMB_O', 'EMB_O', 'EMB_O', 'EMB_O', 'OPN_B', 'OPN_E', 'EMB_O', 'EMB_O', 'EMB_O', 'EMB_O', 'EMB_O', 'EMB_O', 'EMB_O', 'EMB_O', 'EMB_O', 'EMB_O', 'EMB_O', 'EMB_O', 'EMB_O', 'EMB_O', 'EMB_O', 'EMB_O', 'EMB_O', 'EMB_O', 'EMB_O', 'EMB_O', 'EMB_O', 'EMB_O', 'EMB_O', 'EMB_O', 'EMB_O', 'EMB_O', 'EMB_O', 'EMB_O', 'EMB_O', 'EMB_O', 'EMB_O', 'EMB_O', 'EMB_O', 'EMB_O', 'EMB_O', 'EMB_O', 'EMB_O', 'EMB_O', 'EMB_O', 'EMB_O', 'EMB_P', 'EMB_P', 'EMB_P', 'EMB_P', 'EMB_P', 'EMB_P', 'EMB_P', 'EMB_P', 'EMB_P', 'EMB_P', 'EMB_P', 'EMB_P', 'EMB_P', 'EMB_P', 'EMB_P', 'EMB_P', 'EMB_P', 'EMB_P', 'EMB_P', 'EMB_P', 'EMB_P', 'EMB_P', 'EMB_P', 'EMB_P', 'EMB_P', 'EMB_P', 'EMB_P', 'EMB_P', 'EMB_P', 'EMB_P', 'EMB_P', 'EMB_P', 'EMB_P', 'EMB_P', 'EMB_P', 'EMB_P', 'EMB_P', 'EMB_P', 'EMB_P', 'EMB_P', 'EMB_P', 'EMB_P', 'EMB_P', 'EMB_P', 'EMB_P', 'EMB_P', 'EMB_P', 'EMB_P', 'EMB_P', 'EMB_P', 'EMB_P', 'EMB_P', 'EMB_P', 'EMB_P', 'EMB_P', 'EMB_P', 'EMB_P', 'EMB_P', 'EMB_P', 'EMB_P', 'EMB_P', 'EMB_P', 'EMB_P', 'EMB_P', 'EMB_P', 'EMB_P', 'EMB_P', 'EMB_P', 'EMB_P', 'EMB_P', 'EMB_P', 'EMB_P', 'EMB_P', 'EMB_P', 'EMB_P', 'EMB_P', 'EMB_P', 'EMB_P', 'EMB_P', 'EMB_P', 'EMB_P']"
285,офіціантки,підходять,28745:2_1180,"Сервіс - гарний, - офіціантки, помітивши що на них дивишся, - не роблять вигляд, що не помітили, а підходять:)",6.17,5.67,"['EMB_O', 'EMB_O', 'EMB_O', 'EMB_O', 'EMB_O', 'EMB_O', 'EMB_O', 'EMB_O', 'EMB_O', 'ASP_B', 'ASP_I', 'ASP_I', 'ASP_I', 'ASP_E', 'EMB_O', 'EMB_O', 'EMB_O', 'EMB_O', 'EMB_O', 'EMB_O', 'EMB_O', 'EMB_O', 'EMB_O', 'EMB_O', 'EMB_O', 'EMB_O', 'EMB_O', 'EMB_O', 'EMB_O', 'EMB_O', 'EMB_O', 'EMB_O', 'EMB_O', 'EMB_O', 'EMB_O', 'EMB_O', 'EMB_O', 'EMB_O', 'EMB_O', 'EMB_O', 'EMB_O', 'EMB_O', 'EMB_O', 'EMB_O', 'EMB_O', 'EMB_O', 'EMB_O', 'EMB_P', 'EMB_P', 'EMB_P', 'EMB_P', 'EMB_P', 'EMB_P', 'EMB_P', 'EMB_P', 'EMB_P', 'EMB_P', 'EMB_P', 'EMB_P', 'EMB_P', 'EMB_P', 'EMB_P', 'EMB_P', 'EMB_P', 'EMB_P', 'EMB_P', 'EMB_P', 'EMB_P', 'EMB_P', 'EMB_P', 'EMB_P', 'EMB_P', 'EMB_P', 'EMB_P', 'EMB_P', 'EMB_P', 'EMB_P', 'EMB_P', 'EMB_P', 'EMB_P', 'EMB_P', 'EMB_P', 'EMB_P', 'EMB_P', 'EMB_P', 'EMB_P', 'EMB_P', 'EMB_P', 'EMB_P', 'EMB_P', 'EMB_P', 'EMB_P', 'EMB_P', 'EMB_P', 'EMB_P', 'EMB_P', 'EMB_P', 'EMB_P', 'EMB_P', 'EMB_P', 'EMB_P', 'EMB_P', 'EMB_P', 'EMB_P', 'EMB_P', 'EMB_P', 'EMB_P', 'EMB_P', 'EMB_P', 'EMB_P', 'EMB_P', 'EMB_P', 'EMB_P', 'EMB_P', 'EMB_P', 'EMB_P', 'EMB_P', 'EMB_P', 'EMB_P', 'EMB_P', 'EMB_P', 'EMB_P', 'EMB_P', 'EMB_P', 'EMB_P', 'EMB_P', 'EMB_P', 'EMB_P']","['EMB_O', 'EMB_O', 'EMB_O', 'EMB_O', 'EMB_O', 'EMB_O', 'EMB_O', 'EMB_O', 'EMB_O', 'EMB_O', 'EMB_O', 'EMB_O', 'EMB_O', 'EMB_O', 'EMB_O', 'EMB_O', 'EMB_O', 'EMB_O', 'EMB_O', 'EMB_O', 'EMB_O', 'EMB_O', 'EMB_O', 'EMB_O', 'EMB_O', 'EMB_O', 'EMB_O', 'EMB_O', 'EMB_O', 'EMB_O', 'EMB_O', 'EMB_O', 'EMB_O', 'EMB_O', 'EMB_O', 'EMB_O', 'EMB_O', 'EMB_O', 'EMB_O', 'EMB_O', 'EMB_O', 'OPN_B', 'OPN_I', 'OPN_E', 'EMB_O', 'EMB_O', 'EMB_O', 'EMB_P', 'EMB_P', 'EMB_P', 'EMB_P', 'EMB_P', 'EMB_P', 'EMB_P', 'EMB_P', 'EMB_P', 'EMB_P', 'EMB_P', 'EMB_P', 'EMB_P', 'EMB_P', 'EMB_P', 'EMB_P', 'EMB_P', 'EMB_P', 'EMB_P', 'EMB_P', 'EMB_P', 'EMB_P', 'EMB_P', 'EMB_P', 'EMB_P', 'EMB_P', 'EMB_P', 'EMB_P', 'EMB_P', 'EMB_P', 'EMB_P', 'EMB_P', 'EMB_P', 'EMB_P', 'EMB_P', 'EMB_P', 'EMB_P', 'EMB_P', 'EMB_P', 'EMB_P', 'EMB_P', 'EMB_P', 'EMB_P', 'EMB_P', 'EMB_P', 'EMB_P', 'EMB_P', 'EMB_P', 'EMB_P', 'EMB_P', 'EMB_P', 'EMB_P', 'EMB_P', 'EMB_P', 'EMB_P', 'EMB_P', 'EMB_P', 'EMB_P', 'EMB_P', 'EMB_P', 'EMB_P', 'EMB_P', 'EMB_P', 'EMB_P', 'EMB_P', 'EMB_P', 'EMB_P', 'EMB_P', 'EMB_P', 'EMB_P', 'EMB_P', 'EMB_P', 'EMB_P', 'EMB_P', 'EMB_P', 'EMB_P', 'EMB_P', 'EMB_P', 'EMB_P', 'EMB_P', 'EMB_P']"
286,вечір,чудово,28745:4_1181,"Загалом, вечір провели чудово, тепер буду водити туди друзів.",7.75,7.38,"['EMB_O', 'EMB_O', 'EMB_O', 'EMB_O', 'ASP_B', 'ASP_I', 'ASP_E', 'EMB_O', 'EMB_O', 'EMB_O', 'EMB_O', 'EMB_O', 'EMB_O', 'EMB_O', 'EMB_O', 'EMB_O', 'EMB_O', 'EMB_O', 'EMB_O', 'EMB_O', 'EMB_O', 'EMB_O', 'EMB_O', 'EMB_O', 'EMB_P', 'EMB_P', 'EMB_P', 'EMB_P', 'EMB_P', 'EMB_P', 'EMB_P', 'EMB_P', 'EMB_P', 'EMB_P', 'EMB_P', 'EMB_P', 'EMB_P', 'EMB_P', 'EMB_P', 'EMB_P', 'EMB_P', 'EMB_P', 'EMB_P', 'EMB_P', 'EMB_P', 'EMB_P', 'EMB_P', 'EMB_P', 'EMB_P', 'EMB_P', 'EMB_P', 'EMB_P', 'EMB_P', 'EMB_P', 'EMB_P', 'EMB_P', 'EMB_P', 'EMB_P', 'EMB_P', 'EMB_P', 'EMB_P', 'EMB_P', 'EMB_P', 'EMB_P', 'EMB_P', 'EMB_P', 'EMB_P', 'EMB_P', 'EMB_P', 'EMB_P', 'EMB_P', 'EMB_P', 'EMB_P', 'EMB_P', 'EMB_P', 'EMB_P', 'EMB_P', 'EMB_P', 'EMB_P', 'EMB_P', 'EMB_P', 'EMB_P', 'EMB_P', 'EMB_P', 'EMB_P', 'EMB_P', 'EMB_P', 'EMB_P', 'EMB_P', 'EMB_P', 'EMB_P', 'EMB_P', 'EMB_P', 'EMB_P', 'EMB_P', 'EMB_P', 'EMB_P', 'EMB_P', 'EMB_P', 'EMB_P', 'EMB_P', 'EMB_P', 'EMB_P', 'EMB_P', 'EMB_P', 'EMB_P', 'EMB_P', 'EMB_P', 'EMB_P', 'EMB_P', 'EMB_P', 'EMB_P', 'EMB_P', 'EMB_P', 'EMB_P', 'EMB_P', 'EMB_P', 'EMB_P', 'EMB_P', 'EMB_P', 'EMB_P', 'EMB_P', 'EMB_P', 'EMB_P', 'EMB_P', 'EMB_P', 'EMB_P', 'EMB_P']","['EMB_O', 'EMB_O', 'EMB_O', 'EMB_O', 'EMB_O', 'EMB_O', 'EMB_O', 'EMB_O', 'OPN_B', 'OPN_I', 'OPN_E', 'EMB_O', 'EMB_O', 'EMB_O', 'EMB_O', 'EMB_O', 'EMB_O', 'EMB_O', 'EMB_O', 'EMB_O', 'EMB_O', 'EMB_O', 'EMB_O', 'EMB_O', 'EMB_P', 'EMB_P', 'EMB_P', 'EMB_P', 'EMB_P', 'EMB_P', 'EMB_P', 'EMB_P', 'EMB_P', 'EMB_P', 'EMB_P', 'EMB_P', 'EMB_P', 'EMB_P', 'EMB_P', 'EMB_P', 'EMB_P', 'EMB_P', 'EMB_P', 'EMB_P', 'EMB_P', 'EMB_P', 'EMB_P', 'EMB_P', 'EMB_P', 'EMB_P', 'EMB_P', 'EMB_P', 'EMB_P', 'EMB_P', 'EMB_P', 'EMB_P', 'EMB_P', 'EMB_P', 'EMB_P', 'EMB_P', 'EMB_P', 'EMB_P', 'EMB_P', 'EMB_P', 'EMB_P', 'EMB_P', 'EMB_P', 'EMB_P', 'EMB_P', 'EMB_P', 'EMB_P', 'EMB_P', 'EMB_P', 'EMB_P', 'EMB_P', 'EMB_P', 'EMB_P', 'EMB_P', 'EMB_P', 'EMB_P', 'EMB_P', 'EMB_P', 'EMB_P', 'EMB_P', 'EMB_P', 'EMB_P', 'EMB_P', 'EMB_P', 'EMB_P', 'EMB_P', 'EMB_P', 'EMB_P', 'EMB_P', 'EMB_P', 'EMB_P', 'EMB_P', 'EMB_P', 'EMB_P', 'EMB_P', 'EMB_P', 'EMB_P', 'EMB_P', 'EMB_P', 'EMB_P', 'EMB_P', 'EMB_P', 'EMB_P', 'EMB_P', 'EMB_P', 'EMB_P', 'EMB_P', 'EMB_P', 'EMB_P', 'EMB_P', 'EMB_P', 'EMB_P', 'EMB_P', 'EMB_P', 'EMB_P', 'EMB_P', 'EMB_P', 'EMB_P', 'EMB_P', 'EMB_P', 'EMB_P', 'EMB_P', 'EMB_P', 'EMB_P']"
287,ресторан,дуже подобається,29298:0_1182,"В цілому, мені і моїм друзям дуже подобається цей ресторан, Обслуговування там непогане, офіціанти і адміністратори завжди намагаються допомогти.",7.7,7.1,"['EMB_O', 'EMB_O', 'EMB_O', 'EMB_O', 'EMB_O', 'EMB_O', 'EMB_O', 'EMB_O', 'EMB_O', 'EMB_O', 'EMB_O', 'EMB_O', 'EMB_O', 'EMB_O', 'EMB_O', 'EMB_O', 'EMB_O', 'EMB_O', 'EMB_O', 'ASP_B', 'ASP_I', 'ASP_E', 'EMB_O', 'EMB_O', 'EMB_O', 'EMB_O', 'EMB_O', 'EMB_O', 'EMB_O', 'EMB_O', 'EMB_O', 'EMB_O', 'EMB_O', 'EMB_O', 'EMB_O', 'EMB_O', 'EMB_O', 'EMB_O', 'EMB_O', 'EMB_O', 'EMB_O', 'EMB_O', 'EMB_O', 'EMB_O', 'EMB_O', 'EMB_O', 'EMB_O', 'EMB_O', 'EMB_O', 'EMB_O', 'EMB_O', 'EMB_O', 'EMB_O', 'EMB_P', 'EMB_P', 'EMB_P', 'EMB_P', 'EMB_P', 'EMB_P', 'EMB_P', 'EMB_P', 'EMB_P', 'EMB_P', 'EMB_P', 'EMB_P', 'EMB_P', 'EMB_P', 'EMB_P', 'EMB_P', 'EMB_P', 'EMB_P', 'EMB_P', 'EMB_P', 'EMB_P', 'EMB_P', 'EMB_P', 'EMB_P', 'EMB_P', 'EMB_P', 'EMB_P', 'EMB_P', 'EMB_P', 'EMB_P', 'EMB_P', 'EMB_P', 'EMB_P', 'EMB_P', 'EMB_P', 'EMB_P', 'EMB_P', 'EMB_P', 'EMB_P', 'EMB_P', 'EMB_P', 'EMB_P', 'EMB_P', 'EMB_P', 'EMB_P', 'EMB_P', 'EMB_P', 'EMB_P', 'EMB_P', 'EMB_P', 'EMB_P', 'EMB_P', 'EMB_P', 'EMB_P', 'EMB_P', 'EMB_P', 'EMB_P', 'EMB_P', 'EMB_P', 'EMB_P', 'EMB_P', 'EMB_P', 'EMB_P', 'EMB_P', 'EMB_P', 'EMB_P', 'EMB_P', 'EMB_P', 'EMB_P', 'EMB_P', 'EMB_P', 'EMB_P', 'EMB_P', 'EMB_P', 'EMB_P']","['EMB_O', 'EMB_O', 'EMB_O', 'EMB_O', 'EMB_O', 'EMB_O', 'EMB_O', 'EMB_O', 'EMB_O', 'EMB_O', 'EMB_O', 'EMB_O', 'EMB_O', 'EMB_O', 'OPN_B', 'OPN_I', 'OPN_I', 'OPN_E', 'EMB_O', 'EMB_O', 'EMB_O', 'EMB_O', 'EMB_O', 'EMB_O', 'EMB_O', 'EMB_O', 'EMB_O', 'EMB_O', 'EMB_O', 'EMB_O', 'EMB_O', 'EMB_O', 'EMB_O', 'EMB_O', 'EMB_O', 'EMB_O', 'EMB_O', 'EMB_O', 'EMB_O', 'EMB_O', 'EMB_O', 'EMB_O', 'EMB_O', 'EMB_O', 'EMB_O', 'EMB_O', 'EMB_O', 'EMB_O', 'EMB_O', 'EMB_O', 'EMB_O', 'EMB_O', 'EMB_O', 'EMB_P', 'EMB_P', 'EMB_P', 'EMB_P', 'EMB_P', 'EMB_P', 'EMB_P', 'EMB_P', 'EMB_P', 'EMB_P', 'EMB_P', 'EMB_P', 'EMB_P', 'EMB_P', 'EMB_P', 'EMB_P', 'EMB_P', 'EMB_P', 'EMB_P', 'EMB_P', 'EMB_P', 'EMB_P', 'EMB_P', 'EMB_P', 'EMB_P', 'EMB_P', 'EMB_P', 'EMB_P', 'EMB_P', 'EMB_P', 'EMB_P', 'EMB_P', 'EMB_P', 'EMB_P', 'EMB_P', 'EMB_P', 'EMB_P', 'EMB_P', 'EMB_P', 'EMB_P', 'EMB_P', 'EMB_P', 'EMB_P', 'EMB_P', 'EMB_P', 'EMB_P', 'EMB_P', 'EMB_P', 'EMB_P', 'EMB_P', 'EMB_P', 'EMB_P', 'EMB_P', 'EMB_P', 'EMB_P', 'EMB_P', 'EMB_P', 'EMB_P', 'EMB_P', 'EMB_P', 'EMB_P', 'EMB_P', 'EMB_P', 'EMB_P', 'EMB_P', 'EMB_P', 'EMB_P', 'EMB_P', 'EMB_P', 'EMB_P', 'EMB_P', 'EMB_P', 'EMB_P', 'EMB_P', 'EMB_P']"
288,Обслуговування,непогане,29298:0_1182,"В цілому, мені і моїм друзям дуже подобається цей ресторан, Обслуговування там непогане, офіціанти і адміністратори завжди намагаються допомогти.",6.3,5.5,"['EMB_O', 'EMB_O', 'EMB_O', 'EMB_O', 'EMB_O', 'EMB_O', 'EMB_O', 'EMB_O', 'EMB_O', 'EMB_O', 'EMB_O', 'EMB_O', 'EMB_O', 'EMB_O', 'EMB_O', 'EMB_O', 'EMB_O', 'EMB_O', 'EMB_O', 'EMB_O', 'EMB_O', 'EMB_O', 'EMB_O', 'ASP_B', 'ASP_I', 'ASP_I', 'ASP_E', 'EMB_O', 'EMB_O', 'EMB_O', 'EMB_O', 'EMB_O', 'EMB_O', 'EMB_O', 'EMB_O', 'EMB_O', 'EMB_O', 'EMB_O', 'EMB_O', 'EMB_O', 'EMB_O', 'EMB_O', 'EMB_O', 'EMB_O', 'EMB_O', 'EMB_O', 'EMB_O', 'EMB_O', 'EMB_O', 'EMB_O', 'EMB_O', 'EMB_O', 'EMB_O', 'EMB_P', 'EMB_P', 'EMB_P', 'EMB_P', 'EMB_P', 'EMB_P', 'EMB_P', 'EMB_P', 'EMB_P', 'EMB_P', 'EMB_P', 'EMB_P', 'EMB_P', 'EMB_P', 'EMB_P', 'EMB_P', 'EMB_P', 'EMB_P', 'EMB_P', 'EMB_P', 'EMB_P', 'EMB_P', 'EMB_P', 'EMB_P', 'EMB_P', 'EMB_P', 'EMB_P', 'EMB_P', 'EMB_P', 'EMB_P', 'EMB_P', 'EMB_P', 'EMB_P', 'EMB_P', 'EMB_P', 'EMB_P', 'EMB_P', 'EMB_P', 'EMB_P', 'EMB_P', 'EMB_P', 'EMB_P', 'EMB_P', 'EMB_P', 'EMB_P', 'EMB_P', 'EMB_P', 'EMB_P', 'EMB_P', 'EMB_P', 'EMB_P', 'EMB_P', 'EMB_P', 'EMB_P', 'EMB_P', 'EMB_P', 'EMB_P', 'EMB_P', 'EMB_P', 'EMB_P', 'EMB_P', 'EMB_P', 'EMB_P', 'EMB_P', 'EMB_P', 'EMB_P', 'EMB_P', 'EMB_P', 'EMB_P', 'EMB_P', 'EMB_P', 'EMB_P', 'EMB_P', 'EMB_P', 'EMB_P']","['EMB_O', 'EMB_O', 'EMB_O', 'EMB_O', 'EMB_O', 'EMB_O', 'EMB_O', 'EMB_O', 'EMB_O', 'EMB_O', 'EMB_O', 'EMB_O', 'EMB_O', 'EMB_O', 'EMB_O', 'EMB_O', 'EMB_O', 'EMB_O', 'EMB_O', 'EMB_O', 'EMB_O', 'EMB_O', 'EMB_O', 'EMB_O', 'EMB_O', 'EMB_O', 'EMB_O', 'EMB_O', 'OPN_B', 'OPN_I', 'OPN_I', 'OPN_E', 'EMB_O', 'EMB_O', 'EMB_O', 'EMB_O', 'EMB_O', 'EMB_O', 'EMB_O', 'EMB_O', 'EMB_O', 'EMB_O', 'EMB_O', 'EMB_O', 'EMB_O', 'EMB_O', 'EMB_O', 'EMB_O', 'EMB_O', 'EMB_O', 'EMB_O', 'EMB_O', 'EMB_O', 'EMB_P', 'EMB_P', 'EMB_P', 'EMB_P', 'EMB_P', 'EMB_P', 'EMB_P', 'EMB_P', 'EMB_P', 'EMB_P', 'EMB_P', 'EMB_P', 'EMB_P', 'EMB_P', 'EMB_P', 'EMB_P', 'EMB_P', 'EMB_P', 'EMB_P', 'EMB_P', 'EMB_P', 'EMB_P', 'EMB_P', 'EMB_P', 'EMB_P', 'EMB_P', 'EMB_P', 'EMB_P', 'EMB_P', 'EMB_P', 'EMB_P', 'EMB_P', 'EMB_P', 'EMB_P', 'EMB_P', 'EMB_P', 'EMB_P', 'EMB_P', 'EMB_P', 'EMB_P', 'EMB_P', 'EMB_P', 'EMB_P', 'EMB_P', 'EMB_P', 'EMB_P', 'EMB_P', 'EMB_P', 'EMB_P', 'EMB_P', 'EMB_P', 'EMB_P', 'EMB_P', 'EMB_P', 'EMB_P', 'EMB_P', 'EMB_P', 'EMB_P', 'EMB_P', 'EMB_P', 'EMB_P', 'EMB_P', 'EMB_P', 'EMB_P', 'EMB_P', 'EMB_P', 'EMB_P', 'EMB_P', 'EMB_P', 'EMB_P', 'EMB_P', 'EMB_P', 'EMB_P', 'EMB_P', 'EMB_P']"
289,офіціанти,завжди намагаються допомогти,29298:0_1182,"В цілому, мені і моїм друзям дуже подобається цей ресторан, Обслуговування там непогане, офіціанти і адміністратори завжди намагаються допомогти.",7.0,6.5,"['EMB_O', 'EMB_O', 'EMB_O', 'EMB_O', 'EMB_O', 'EMB_O', 'EMB_O', 'EMB_O', 'EMB_O', 'EMB_O', 'EMB_O', 'EMB_O', 'EMB_O', 'EMB_O', 'EMB_O', 'EMB_O', 'EMB_O', 'EMB_O', 'EMB_O', 'EMB_O', 'EMB_O', 'EMB_O', 'EMB_O', 'EMB_O', 'EMB_O', 'EMB_O', 'EMB_O', 'EMB_O', 'EMB_O', 'EMB_O', 'EMB_O', 'EMB_O', 'EMB_O', 'ASP_B', 'ASP_I', 'ASP_I', 'ASP_I', 'ASP_E', 'EMB_O', 'EMB_O', 'EMB_O', 'EMB_O', 'EMB_O', 'EMB_O', 'EMB_O', 'EMB_O', 'EMB_O', 'EMB_O', 'EMB_O', 'EMB_O', 'EMB_O', 'EMB_O', 'EMB_O', 'EMB_P', 'EMB_P', 'EMB_P', 'EMB_P', 'EMB_P', 'EMB_P', 'EMB_P', 'EMB_P', 'EMB_P', 'EMB_P', 'EMB_P', 'EMB_P', 'EMB_P', 'EMB_P', 'EMB_P', 'EMB_P', 'EMB_P', 'EMB_P', 'EMB_P', 'EMB_P', 'EMB_P', 'EMB_P', 'EMB_P', 'EMB_P', 'EMB_P', 'EMB_P', 'EMB_P', 'EMB_P', 'EMB_P', 'EMB_P', 'EMB_P', 'EMB_P', 'EMB_P', 'EMB_P', 'EMB_P', 'EMB_P', 'EMB_P', 'EMB_P', 'EMB_P', 'EMB_P', 'EMB_P', 'EMB_P', 'EMB_P', 'EMB_P', 'EMB_P', 'EMB_P', 'EMB_P', 'EMB_P', 'EMB_P', 'EMB_P', 'EMB_P', 'EMB_P', 'EMB_P', 'EMB_P', 'EMB_P', 'EMB_P', 'EMB_P', 'EMB_P', 'EMB_P', 'EMB_P', 'EMB_P', 'EMB_P', 'EMB_P', 'EMB_P', 'EMB_P', 'EMB_P', 'EMB_P', 'EMB_P', 'EMB_P', 'EMB_P', 'EMB_P', 'EMB_P', 'EMB_P', 'EMB_P', 'EMB_P']","['EMB_O', 'EMB_O', 'EMB_O', 'EMB_O', 'EMB_O', 'EMB_O', 'EMB_O', 'EMB_O', 'EMB_O', 'EMB_O', 'EMB_O', 'EMB_O', 'EMB_O', 'EMB_O', 'EMB_O', 'EMB_O', 'EMB_O', 'EMB_O', 'EMB_O', 'EMB_O', 'EMB_O', 'EMB_O', 'EMB_O', 'EMB_O', 'EMB_O', 'EMB_O', 'EMB_O', 'EMB_O', 'EMB_O', 'EMB_O', 'EMB_O', 'EMB_O', 'EMB_O', 'EMB_O', 'EMB_O', 'EMB_O', 'EMB_O', 'EMB_O', 'EMB_O', 'EMB_O', 'EMB_O', 'EMB_O', 'EMB_O', 'EMB_O', 'OPN_B', 'OPN_I', 'OPN_I', 'OPN_I', 'OPN_I', 'OPN_I', 'OPN_E', 'EMB_O', 'EMB_O', 'EMB_P', 'EMB_P', 'EMB_P', 'EMB_P', 'EMB_P', 'EMB_P', 'EMB_P', 'EMB_P', 'EMB_P', 'EMB_P', 'EMB_P', 'EMB_P', 'EMB_P', 'EMB_P', 'EMB_P', 'EMB_P', 'EMB_P', 'EMB_P', 'EMB_P', 'EMB_P', 'EMB_P', 'EMB_P', 'EMB_P', 'EMB_P', 'EMB_P', 'EMB_P', 'EMB_P', 'EMB_P', 'EMB_P', 'EMB_P', 'EMB_P', 'EMB_P', 'EMB_P', 'EMB_P', 'EMB_P', 'EMB_P', 'EMB_P', 'EMB_P', 'EMB_P', 'EMB_P', 'EMB_P', 'EMB_P', 'EMB_P', 'EMB_P', 'EMB_P', 'EMB_P', 'EMB_P', 'EMB_P', 'EMB_P', 'EMB_P', 'EMB_P', 'EMB_P', 'EMB_P', 'EMB_P', 'EMB_P', 'EMB_P', 'EMB_P', 'EMB_P', 'EMB_P', 'EMB_P', 'EMB_P', 'EMB_P', 'EMB_P', 'EMB_P', 'EMB_P', 'EMB_P', 'EMB_P', 'EMB_P', 'EMB_P', 'EMB_P', 'EMB_P', 'EMB_P', 'EMB_P', 'EMB_P', 'EMB_P']"
290,адміністратори,завжди намагаються допомогти,29298:0_1182,"В цілому, мені і моїм друзям дуже подобається цей ресторан, Обслуговування там непогане, офіціанти і адміністратори завжди намагаються допомогти.",7.0,6.5,"['EMB_O', 'EMB_O', 'EMB_O', 'EMB_O', 'EMB_O', 'EMB_O', 'EMB_O', 'EMB_O', 'EMB_O', 'EMB_O', 'EMB_O', 'EMB_O', 'EMB_O', 'EMB_O', 'EMB_O', 'EMB_O', 'EMB_O', 'EMB_O', 'EMB_O', 'EMB_O', 'EMB_O', 'EMB_O', 'EMB_O', 'EMB_O', 'EMB_O', 'EMB_O', 'EMB_O', 'EMB_O', 'EMB_O', 'EMB_O', 'EMB_O', 'EMB_O', 'EMB_O', 'EMB_O', 'EMB_O', 'EMB_O', 'EMB_O', 'EMB_O', 'EMB_O', 'ASP_B', 'ASP_I', 'ASP_I', 'ASP_I', 'ASP_E', 'EMB_O', 'EMB_O', 'EMB_O', 'EMB_O', 'EMB_O', 'EMB_O', 'EMB_O', 'EMB_O', 'EMB_O', 'EMB_P', 'EMB_P', 'EMB_P', 'EMB_P', 'EMB_P', 'EMB_P', 'EMB_P', 'EMB_P', 'EMB_P', 'EMB_P', 'EMB_P', 'EMB_P', 'EMB_P', 'EMB_P', 'EMB_P', 'EMB_P', 'EMB_P', 'EMB_P', 'EMB_P', 'EMB_P', 'EMB_P', 'EMB_P', 'EMB_P', 'EMB_P', 'EMB_P', 'EMB_P', 'EMB_P', 'EMB_P', 'EMB_P', 'EMB_P', 'EMB_P', 'EMB_P', 'EMB_P', 'EMB_P', 'EMB_P', 'EMB_P', 'EMB_P', 'EMB_P', 'EMB_P', 'EMB_P', 'EMB_P', 'EMB_P', 'EMB_P', 'EMB_P', 'EMB_P', 'EMB_P', 'EMB_P', 'EMB_P', 'EMB_P', 'EMB_P', 'EMB_P', 'EMB_P', 'EMB_P', 'EMB_P', 'EMB_P', 'EMB_P', 'EMB_P', 'EMB_P', 'EMB_P', 'EMB_P', 'EMB_P', 'EMB_P', 'EMB_P', 'EMB_P', 'EMB_P', 'EMB_P', 'EMB_P', 'EMB_P', 'EMB_P', 'EMB_P', 'EMB_P', 'EMB_P', 'EMB_P', 'EMB_P', 'EMB_P']","['EMB_O', 'EMB_O', 'EMB_O', 'EMB_O', 'EMB_O', 'EMB_O', 'EMB_O', 'EMB_O', 'EMB_O', 'EMB_O', 'EMB_O', 'EMB_O', 'EMB_O', 'EMB_O', 'EMB_O', 'EMB_O', 'EMB_O', 'EMB_O', 'EMB_O', 'EMB_O', 'EMB_O', 'EMB_O', 'EMB_O', 'EMB_O', 'EMB_O', 'EMB_O', 'EMB_O', 'EMB_O', 'EMB_O', 'EMB_O', 'EMB_O', 'EMB_O', 'EMB_O', 'EMB_O', 'EMB_O', 'EMB_O', 'EMB_O', 'EMB_O', 'EMB_O', 'EMB_O', 'EMB_O', 'EMB_O', 'EMB_O', 'EMB_O', 'OPN_B', 'OPN_I', 'OPN_I', 'OPN_I', 'OPN_I', 'OPN_I', 'OPN_E', 'EMB_O', 'EMB_O', 'EMB_P', 'EMB_P', 'EMB_P', 'EMB_P', 'EMB_P', 'EMB_P', 'EMB_P', 'EMB_P', 'EMB_P', 'EMB_P', 'EMB_P', 'EMB_P', 'EMB_P', 'EMB_P', 'EMB_P', 'EMB_P', 'EMB_P', 'EMB_P', 'EMB_P', 'EMB_P', 'EMB_P', 'EMB_P', 'EMB_P', 'EMB_P', 'EMB_P', 'EMB_P', 'EMB_P', 'EMB_P', 'EMB_P', 'EMB_P', 'EMB_P', 'EMB_P', 'EMB_P', 'EMB_P', 'EMB_P', 'EMB_P', 'EMB_P', 'EMB_P', 'EMB_P', 'EMB_P', 'EMB_P', 'EMB_P', 'EMB_P', 'EMB_P', 'EMB_P', 'EMB_P', 'EMB_P', 'EMB_P', 'EMB_P', 'EMB_P', 'EMB_P', 'EMB_P', 'EMB_P', 'EMB_P', 'EMB_P', 'EMB_P', 'EMB_P', 'EMB_P', 'EMB_P', 'EMB_P', 'EMB_P', 'EMB_P', 'EMB_P', 'EMB_P', 'EMB_P', 'EMB_P', 'EMB_P', 'EMB_P', 'EMB_P', 'EMB_P', 'EMB_P', 'EMB_P', 'EMB_P', 'EMB_P', 'EMB_P']"
291,Публіка,гідна,29298:3_1183,"Публіка гідна, ціни помірні, власна пивоварня виробляє відмінне пшеничне і ячмінне пиво, закуски теж дуже непогані, смачна сирна і м'ясна тарілка, відмінні молочні та алкогольні коктейлі.",6.6,5.6,"['EMB_O', 'ASP_B', 'ASP_I', 'ASP_I', 'ASP_E', 'EMB_O', 'EMB_O', 'EMB_O', 'EMB_O', 'EMB_O', 'EMB_O', 'EMB_O', 'EMB_O', 'EMB_O', 'EMB_O', 'EMB_O', 'EMB_O', 'EMB_O', 'EMB_O', 'EMB_O', 'EMB_O', 'EMB_O', 'EMB_O', 'EMB_O', 'EMB_O', 'EMB_O', 'EMB_O', 'EMB_O', 'EMB_O', 'EMB_O', 'EMB_O', 'EMB_O', 'EMB_O', 'EMB_O', 'EMB_O', 'EMB_O', 'EMB_O', 'EMB_O', 'EMB_O', 'EMB_O', 'EMB_O', 'EMB_O', 'EMB_O', 'EMB_O', 'EMB_O', 'EMB_O', 'EMB_O', 'EMB_O', 'EMB_O', 'EMB_O', 'EMB_O', 'EMB_O', 'EMB_O', 'EMB_O', 'EMB_O', 'EMB_O', 'EMB_O', 'EMB_O', 'EMB_O', 'EMB_O', 'EMB_O', 'EMB_O', 'EMB_O', 'EMB_O', 'EMB_O', 'EMB_O', 'EMB_O', 'EMB_O', 'EMB_O', 'EMB_O', 'EMB_O', 'EMB_O', 'EMB_O', 'EMB_O', 'EMB_O', 'EMB_O', 'EMB_O', 'EMB_O', 'EMB_O', 'EMB_O', 'EMB_P', 'EMB_P', 'EMB_P', 'EMB_P', 'EMB_P', 'EMB_P', 'EMB_P', 'EMB_P', 'EMB_P', 'EMB_P', 'EMB_P', 'EMB_P', 'EMB_P', 'EMB_P', 'EMB_P', 'EMB_P', 'EMB_P', 'EMB_P', 'EMB_P', 'EMB_P', 'EMB_P', 'EMB_P', 'EMB_P', 'EMB_P', 'EMB_P', 'EMB_P', 'EMB_P', 'EMB_P', 'EMB_P', 'EMB_P', 'EMB_P', 'EMB_P', 'EMB_P', 'EMB_P', 'EMB_P', 'EMB_P', 'EMB_P', 'EMB_P', 'EMB_P', 'EMB_P', 'EMB_P', 'EMB_P', 'EMB_P', 'EMB_P', 'EMB_P', 'EMB_P', 'EMB_P', 'EMB_P']","['EMB_O', 'EMB_O', 'EMB_O', 'EMB_O', 'EMB_O', 'OPN_B', 'OPN_I', 'OPN_E', 'EMB_O', 'EMB_O', 'EMB_O', 'EMB_O', 'EMB_O', 'EMB_O', 'EMB_O', 'EMB_O', 'EMB_O', 'EMB_O', 'EMB_O', 'EMB_O', 'EMB_O', 'EMB_O', 'EMB_O', 'EMB_O', 'EMB_O', 'EMB_O', 'EMB_O', 'EMB_O', 'EMB_O', 'EMB_O', 'EMB_O', 'EMB_O', 'EMB_O', 'EMB_O', 'EMB_O', 'EMB_O', 'EMB_O', 'EMB_O', 'EMB_O', 'EMB_O', 'EMB_O', 'EMB_O', 'EMB_O', 'EMB_O', 'EMB_O', 'EMB_O', 'EMB_O', 'EMB_O', 'EMB_O', 'EMB_O', 'EMB_O', 'EMB_O', 'EMB_O', 'EMB_O', 'EMB_O', 'EMB_O', 'EMB_O', 'EMB_O', 'EMB_O', 'EMB_O', 'EMB_O', 'EMB_O', 'EMB_O', 'EMB_O', 'EMB_O', 'EMB_O', 'EMB_O', 'EMB_O', 'EMB_O', 'EMB_O', 'EMB_O', 'EMB_O', 'EMB_O', 'EMB_O', 'EMB_O', 'EMB_O', 'EMB_O', 'EMB_O', 'EMB_O', 'EMB_O', 'EMB_P', 'EMB_P', 'EMB_P', 'EMB_P', 'EMB_P', 'EMB_P', 'EMB_P', 'EMB_P', 'EMB_P', 'EMB_P', 'EMB_P', 'EMB_P', 'EMB_P', 'EMB_P', 'EMB_P', 'EMB_P', 'EMB_P', 'EMB_P', 'EMB_P', 'EMB_P', 'EMB_P', 'EMB_P', 'EMB_P', 'EMB_P', 'EMB_P', 'EMB_P', 'EMB_P', 'EMB_P', 'EMB_P', 'EMB_P', 'EMB_P', 'EMB_P', 'EMB_P', 'EMB_P', 'EMB_P', 'EMB_P', 'EMB_P', 'EMB_P', 'EMB_P', 'EMB_P', 'EMB_P', 'EMB_P', 'EMB_P', 'EMB_P', 'EMB_P', 'EMB_P', 'EMB_P', 'EMB_P']"
292,пивоварня,відмінне,29298:3_1183,"Публіка гідна, ціни помірні, власна пивоварня виробляє відмінне пшеничне і ячмінне пиво, закуски теж дуже непогані, смачна сирна і м'ясна тарілка, відмінні молочні та алкогольні коктейлі.",8.17,7.83,"['EMB_O', 'EMB_O', 'EMB_O', 'EMB_O', 'EMB_O', 'EMB_O', 'EMB_O', 'EMB_O', 'EMB_O', 'EMB_O', 'EMB_O', 'EMB_O', 'EMB_O', 'EMB_O', 'EMB_O', 'EMB_O', 'EMB_O', 'EMB_O', 'ASP_B', 'ASP_I', 'ASP_I', 'ASP_E', 'EMB_O', 'EMB_O', 'EMB_O', 'EMB_O', 'EMB_O', 'EMB_O', 'EMB_O', 'EMB_O', 'EMB_O', 'EMB_O', 'EMB_O', 'EMB_O', 'EMB_O', 'EMB_O', 'EMB_O', 'EMB_O', 'EMB_O', 'EMB_O', 'EMB_O', 'EMB_O', 'EMB_O', 'EMB_O', 'EMB_O', 'EMB_O', 'EMB_O', 'EMB_O', 'EMB_O', 'EMB_O', 'EMB_O', 'EMB_O', 'EMB_O', 'EMB_O', 'EMB_O', 'EMB_O', 'EMB_O', 'EMB_O', 'EMB_O', 'EMB_O', 'EMB_O', 'EMB_O', 'EMB_O', 'EMB_O', 'EMB_O', 'EMB_O', 'EMB_O', 'EMB_O', 'EMB_O', 'EMB_O', 'EMB_O', 'EMB_O', 'EMB_O', 'EMB_O', 'EMB_O', 'EMB_O', 'EMB_O', 'EMB_O', 'EMB_O', 'EMB_O', 'EMB_P', 'EMB_P', 'EMB_P', 'EMB_P', 'EMB_P', 'EMB_P', 'EMB_P', 'EMB_P', 'EMB_P', 'EMB_P', 'EMB_P', 'EMB_P', 'EMB_P', 'EMB_P', 'EMB_P', 'EMB_P', 'EMB_P', 'EMB_P', 'EMB_P', 'EMB_P', 'EMB_P', 'EMB_P', 'EMB_P', 'EMB_P', 'EMB_P', 'EMB_P', 'EMB_P', 'EMB_P', 'EMB_P', 'EMB_P', 'EMB_P', 'EMB_P', 'EMB_P', 'EMB_P', 'EMB_P', 'EMB_P', 'EMB_P', 'EMB_P', 'EMB_P', 'EMB_P', 'EMB_P', 'EMB_P', 'EMB_P', 'EMB_P', 'EMB_P', 'EMB_P', 'EMB_P', 'EMB_P']","['EMB_O', 'EMB_O', 'EMB_O', 'EMB_O', 'EMB_O', 'EMB_O', 'EMB_O', 'EMB_O', 'EMB_O', 'EMB_O', 'EMB_O', 'EMB_O', 'EMB_O', 'EMB_O', 'EMB_O', 'EMB_O', 'EMB_O', 'EMB_O', 'EMB_O', 'EMB_O', 'EMB_O', 'EMB_O', 'EMB_O', 'EMB_O', 'EMB_O', 'EMB_O', 'OPN_B', 'OPN_I', 'OPN_E', 'EMB_O', 'EMB_O', 'EMB_O', 'EMB_O', 'EMB_O', 'EMB_O', 'EMB_O', 'EMB_O', 'EMB_O', 'EMB_O', 'EMB_O', 'EMB_O', 'EMB_O', 'EMB_O', 'EMB_O', 'EMB_O', 'EMB_O', 'EMB_O', 'EMB_O', 'EMB_O', 'EMB_O', 'EMB_O', 'EMB_O', 'EMB_O', 'EMB_O', 'EMB_O', 'EMB_O', 'EMB_O', 'EMB_O', 'EMB_O', 'EMB_O', 'EMB_O', 'EMB_O', 'EMB_O', 'EMB_O', 'EMB_O', 'EMB_O', 'EMB_O', 'EMB_O', 'EMB_O', 'EMB_O', 'EMB_O', 'EMB_O', 'EMB_O', 'EMB_O', 'EMB_O', 'EMB_O', 'EMB_O', 'EMB_O', 'EMB_O', 'EMB_O', 'EMB_P', 'EMB_P', 'EMB_P', 'EMB_P', 'EMB_P', 'EMB_P', 'EMB_P', 'EMB_P', 'EMB_P', 'EMB_P', 'EMB_P', 'EMB_P', 'EMB_P', 'EMB_P', 'EMB_P', 'EMB_P', 'EMB_P', 'EMB_P', 'EMB_P', 'EMB_P', 'EMB_P', 'EMB_P', 'EMB_P', 'EMB_P', 'EMB_P', 'EMB_P', 'EMB_P', 'EMB_P', 'EMB_P', 'EMB_P', 'EMB_P', 'EMB_P', 'EMB_P', 'EMB_P', 'EMB_P', 'EMB_P', 'EMB_P', 'EMB_P', 'EMB_P', 'EMB_P', 'EMB_P', 'EMB_P', 'EMB_P', 'EMB_P', 'EMB_P', 'EMB_P', 'EMB_P', 'EMB_P']"
293,пшеничне і ячмінне пиво,відмінне,29298:3_1183,"Публіка гідна, ціни помірні, власна пивоварня виробляє відмінне пшеничне і ячмінне пиво, закуски теж дуже непогані, смачна сирна і м'ясна тарілка, відмінні молочні та алкогольні коктейлі.",7.8,7.3,"['EMB_O', 'EMB_O', 'EMB_O', 'EMB_O', 'EMB_O', 'EMB_O', 'EMB_O', 'EMB_O', 'EMB_O', 'EMB_O', 'EMB_O', 'EMB_O', 'EMB_O', 'EMB_O', 'EMB_O', 'EMB_O', 'EMB_O', 'EMB_O', 'EMB_O', 'EMB_O', 'EMB_O', 'EMB_O', 'EMB_O', 'EMB_O', 'EMB_O', 'EMB_O', 'EMB_O', 'EMB_O', 'EMB_O', 'ASP_B', 'ASP_I', 'ASP_I', 'ASP_I', 'ASP_I', 'ASP_I', 'ASP_I', 'ASP_I', 'ASP_I', 'ASP_E', 'EMB_O', 'EMB_O', 'EMB_O', 'EMB_O', 'EMB_O', 'EMB_O', 'EMB_O', 'EMB_O', 'EMB_O', 'EMB_O', 'EMB_O', 'EMB_O', 'EMB_O', 'EMB_O', 'EMB_O', 'EMB_O', 'EMB_O', 'EMB_O', 'EMB_O', 'EMB_O', 'EMB_O', 'EMB_O', 'EMB_O', 'EMB_O', 'EMB_O', 'EMB_O', 'EMB_O', 'EMB_O', 'EMB_O', 'EMB_O', 'EMB_O', 'EMB_O', 'EMB_O', 'EMB_O', 'EMB_O', 'EMB_O', 'EMB_O', 'EMB_O', 'EMB_O', 'EMB_O', 'EMB_O', 'EMB_P', 'EMB_P', 'EMB_P', 'EMB_P', 'EMB_P', 'EMB_P', 'EMB_P', 'EMB_P', 'EMB_P', 'EMB_P', 'EMB_P', 'EMB_P', 'EMB_P', 'EMB_P', 'EMB_P', 'EMB_P', 'EMB_P', 'EMB_P', 'EMB_P', 'EMB_P', 'EMB_P', 'EMB_P', 'EMB_P', 'EMB_P', 'EMB_P', 'EMB_P', 'EMB_P', 'EMB_P', 'EMB_P', 'EMB_P', 'EMB_P', 'EMB_P', 'EMB_P', 'EMB_P', 'EMB_P', 'EMB_P', 'EMB_P', 'EMB_P', 'EMB_P', 'EMB_P', 'EMB_P', 'EMB_P', 'EMB_P', 'EMB_P', 'EMB_P', 'EMB_P', 'EMB_P', 'EMB_P']","['EMB_O', 'EMB_O', 'EMB_O', 'EMB_O', 'EMB_O', 'EMB_O', 'EMB_O', 'EMB_O', 'EMB_O', 'EMB_O', 'EMB_O', 'EMB_O', 'EMB_O', 'EMB_O', 'EMB_O', 'EMB_O', 'EMB_O', 'EMB_O', 'EMB_O', 'EMB_O', 'EMB_O', 'EMB_O', 'EMB_O', 'EMB_O', 'EMB_O', 'EMB_O', 'OPN_B', 'OPN_I', 'OPN_E', 'EMB_O', 'EMB_O', 'EMB_O', 'EMB_O', 'EMB_O', 'EMB_O', 'EMB_O', 'EMB_O', 'EMB_O', 'EMB_O', 'EMB_O', 'EMB_O', 'EMB_O', 'EMB_O', 'EMB_O', 'EMB_O', 'EMB_O', 'EMB_O', 'EMB_O', 'EMB_O', 'EMB_O', 'EMB_O', 'EMB_O', 'EMB_O', 'EMB_O', 'EMB_O', 'EMB_O', 'EMB_O', 'EMB_O', 'EMB_O', 'EMB_O', 'EMB_O', 'EMB_O', 'EMB_O', 'EMB_O', 'EMB_O', 'EMB_O', 'EMB_O', 'EMB_O', 'EMB_O', 'EMB_O', 'EMB_O', 'EMB_O', 'EMB_O', 'EMB_O', 'EMB_O', 'EMB_O', 'EMB_O', 'EMB_O', 'EMB_O', 'EMB_O', 'EMB_P', 'EMB_P', 'EMB_P', 'EMB_P', 'EMB_P', 'EMB_P', 'EMB_P', 'EMB_P', 'EMB_P', 'EMB_P', 'EMB_P', 'EMB_P', 'EMB_P', 'EMB_P', 'EMB_P', 'EMB_P', 'EMB_P', 'EMB_P', 'EMB_P', 'EMB_P', 'EMB_P', 'EMB_P', 'EMB_P', 'EMB_P', 'EMB_P', 'EMB_P', 'EMB_P', 'EMB_P', 'EMB_P', 'EMB_P', 'EMB_P', 'EMB_P', 'EMB_P', 'EMB_P', 'EMB_P', 'EMB_P', 'EMB_P', 'EMB_P', 'EMB_P', 'EMB_P', 'EMB_P', 'EMB_P', 'EMB_P', 'EMB_P', 'EMB_P', 'EMB_P', 'EMB_P', 'EMB_P']"
294,закуски,дуже непогані,29298:3_1183,"Публіка гідна, ціни помірні, власна пивоварня виробляє відмінне пшеничне і ячмінне пиво, закуски теж дуже непогані, смачна сирна і м'ясна тарілка, відмінні молочні та алкогольні коктейлі.",6.8,6.3,"['EMB_O', 'EMB_O', 'EMB_O', 'EMB_O', 'EMB_O', 'EMB_O', 'EMB_O', 'EMB_O', 'EMB_O', 'EMB_O', 'EMB_O', 'EMB_O', 'EMB_O', 'EMB_O', 'EMB_O', 'EMB_O', 'EMB_O', 'EMB_O', 'EMB_O', 'EMB_O', 'EMB_O', 'EMB_O', 'EMB_O', 'EMB_O', 'EMB_O', 'EMB_O', 'EMB_O', 'EMB_O', 'EMB_O', 'EMB_O', 'EMB_O', 'EMB_O', 'EMB_O', 'EMB_O', 'EMB_O', 'EMB_O', 'EMB_O', 'EMB_O', 'EMB_O', 'EMB_O', 'ASP_B', 'ASP_I', 'ASP_E', 'EMB_O', 'EMB_O', 'EMB_O', 'EMB_O', 'EMB_O', 'EMB_O', 'EMB_O', 'EMB_O', 'EMB_O', 'EMB_O', 'EMB_O', 'EMB_O', 'EMB_O', 'EMB_O', 'EMB_O', 'EMB_O', 'EMB_O', 'EMB_O', 'EMB_O', 'EMB_O', 'EMB_O', 'EMB_O', 'EMB_O', 'EMB_O', 'EMB_O', 'EMB_O', 'EMB_O', 'EMB_O', 'EMB_O', 'EMB_O', 'EMB_O', 'EMB_O', 'EMB_O', 'EMB_O', 'EMB_O', 'EMB_O', 'EMB_O', 'EMB_P', 'EMB_P', 'EMB_P', 'EMB_P', 'EMB_P', 'EMB_P', 'EMB_P', 'EMB_P', 'EMB_P', 'EMB_P', 'EMB_P', 'EMB_P', 'EMB_P', 'EMB_P', 'EMB_P', 'EMB_P', 'EMB_P', 'EMB_P', 'EMB_P', 'EMB_P', 'EMB_P', 'EMB_P', 'EMB_P', 'EMB_P', 'EMB_P', 'EMB_P', 'EMB_P', 'EMB_P', 'EMB_P', 'EMB_P', 'EMB_P', 'EMB_P', 'EMB_P', 'EMB_P', 'EMB_P', 'EMB_P', 'EMB_P', 'EMB_P', 'EMB_P', 'EMB_P', 'EMB_P', 'EMB_P', 'EMB_P', 'EMB_P', 'EMB_P', 'EMB_P', 'EMB_P', 'EMB_P']","['EMB_O', 'EMB_O', 'EMB_O', 'EMB_O', 'EMB_O', 'EMB_O', 'EMB_O', 'EMB_O', 'EMB_O', 'EMB_O', 'EMB_O', 'EMB_O', 'EMB_O', 'EMB_O', 'EMB_O', 'EMB_O', 'EMB_O', 'EMB_O', 'EMB_O', 'EMB_O', 'EMB_O', 'EMB_O', 'EMB_O', 'EMB_O', 'EMB_O', 'EMB_O', 'EMB_O', 'EMB_O', 'EMB_O', 'EMB_O', 'EMB_O', 'EMB_O', 'EMB_O', 'EMB_O', 'EMB_O', 'EMB_O', 'EMB_O', 'EMB_O', 'EMB_O', 'EMB_O', 'EMB_O', 'EMB_O', 'EMB_O', 'EMB_O', 'OPN_B', 'OPN_I', 'OPN_I', 'OPN_I', 'OPN_E', 'EMB_O', 'EMB_O', 'EMB_O', 'EMB_O', 'EMB_O', 'EMB_O', 'EMB_O', 'EMB_O', 'EMB_O', 'EMB_O', 'EMB_O', 'EMB_O', 'EMB_O', 'EMB_O', 'EMB_O', 'EMB_O', 'EMB_O', 'EMB_O', 'EMB_O', 'EMB_O', 'EMB_O', 'EMB_O', 'EMB_O', 'EMB_O', 'EMB_O', 'EMB_O', 'EMB_O', 'EMB_O', 'EMB_O', 'EMB_O', 'EMB_O', 'EMB_P', 'EMB_P', 'EMB_P', 'EMB_P', 'EMB_P', 'EMB_P', 'EMB_P', 'EMB_P', 'EMB_P', 'EMB_P', 'EMB_P', 'EMB_P', 'EMB_P', 'EMB_P', 'EMB_P', 'EMB_P', 'EMB_P', 'EMB_P', 'EMB_P', 'EMB_P', 'EMB_P', 'EMB_P', 'EMB_P', 'EMB_P', 'EMB_P', 'EMB_P', 'EMB_P', 'EMB_P', 'EMB_P', 'EMB_P', 'EMB_P', 'EMB_P', 'EMB_P', 'EMB_P', 'EMB_P', 'EMB_P', 'EMB_P', 'EMB_P', 'EMB_P', 'EMB_P', 'EMB_P', 'EMB_P', 'EMB_P', 'EMB_P', 'EMB_P', 'EMB_P', 'EMB_P', 'EMB_P']"
295,сирна і м'ясна тарілка,смачна,29298:3_1183,"Публіка гідна, ціни помірні, власна пивоварня виробляє відмінне пшеничне і ячмінне пиво, закуски теж дуже непогані, смачна сирна і м'ясна тарілка, відмінні молочні та алкогольні коктейлі.",7.0,6.4,"['EMB_O', 'EMB_O', 'EMB_O', 'EMB_O', 'EMB_O', 'EMB_O', 'EMB_O', 'EMB_O', 'EMB_O', 'EMB_O', 'EMB_O', 'EMB_O', 'EMB_O', 'EMB_O', 'EMB_O', 'EMB_O', 'EMB_O', 'EMB_O', 'EMB_O', 'EMB_O', 'EMB_O', 'EMB_O', 'EMB_O', 'EMB_O', 'EMB_O', 'EMB_O', 'EMB_O', 'EMB_O', 'EMB_O', 'EMB_O', 'EMB_O', 'EMB_O', 'EMB_O', 'EMB_O', 'EMB_O', 'EMB_O', 'EMB_O', 'EMB_O', 'EMB_O', 'EMB_O', 'EMB_O', 'EMB_O', 'EMB_O', 'EMB_O', 'EMB_O', 'EMB_O', 'EMB_O', 'EMB_O', 'EMB_O', 'EMB_O', 'EMB_O', 'EMB_O', 'EMB_O', 'ASP_B', 'ASP_I', 'ASP_I', 'ASP_I', 'ASP_I', 'ASP_I', 'ASP_I', 'ASP_I', 'ASP_I', 'ASP_E', 'EMB_O', 'EMB_O', 'EMB_O', 'EMB_O', 'EMB_O', 'EMB_O', 'EMB_O', 'EMB_O', 'EMB_O', 'EMB_O', 'EMB_O', 'EMB_O', 'EMB_O', 'EMB_O', 'EMB_O', 'EMB_O', 'EMB_O', 'EMB_P', 'EMB_P', 'EMB_P', 'EMB_P', 'EMB_P', 'EMB_P', 'EMB_P', 'EMB_P', 'EMB_P', 'EMB_P', 'EMB_P', 'EMB_P', 'EMB_P', 'EMB_P', 'EMB_P', 'EMB_P', 'EMB_P', 'EMB_P', 'EMB_P', 'EMB_P', 'EMB_P', 'EMB_P', 'EMB_P', 'EMB_P', 'EMB_P', 'EMB_P', 'EMB_P', 'EMB_P', 'EMB_P', 'EMB_P', 'EMB_P', 'EMB_P', 'EMB_P', 'EMB_P', 'EMB_P', 'EMB_P', 'EMB_P', 'EMB_P', 'EMB_P', 'EMB_P', 'EMB_P', 'EMB_P', 'EMB_P', 'EMB_P', 'EMB_P', 'EMB_P', 'EMB_P', 'EMB_P']","['EMB_O', 'EMB_O', 'EMB_O', 'EMB_O', 'EMB_O', 'EMB_O', 'EMB_O', 'EMB_O', 'EMB_O', 'EMB_O', 'EMB_O', 'EMB_O', 'EMB_O', 'EMB_O', 'EMB_O', 'EMB_O', 'EMB_O', 'EMB_O', 'EMB_O', 'EMB_O', 'EMB_O', 'EMB_O', 'EMB_O', 'EMB_O', 'EMB_O', 'EMB_O', 'EMB_O', 'EMB_O', 'EMB_O', 'EMB_O', 'EMB_O', 'EMB_O', 'EMB_O', 'EMB_O', 'EMB_O', 'EMB_O', 'EMB_O', 'EMB_O', 'EMB_O', 'EMB_O', 'EMB_O', 'EMB_O', 'EMB_O', 'EMB_O', 'EMB_O', 'EMB_O', 'EMB_O', 'EMB_O', 'EMB_O', 'EMB_O', 'OPN_B', 'OPN_I', 'OPN_E', 'EMB_O', 'EMB_O', 'EMB_O', 'EMB_O', 'EMB_O', 'EMB_O', 'EMB_O', 'EMB_O', 'EMB_O', 'EMB_O', 'EMB_O', 'EMB_O', 'EMB_O', 'EMB_O', 'EMB_O', 'EMB_O', 'EMB_O', 'EMB_O', 'EMB_O', 'EMB_O', 'EMB_O', 'EMB_O', 'EMB_O', 'EMB_O', 'EMB_O', 'EMB_O', 'EMB_O', 'EMB_P', 'EMB_P', 'EMB_P', 'EMB_P', 'EMB_P', 'EMB_P', 'EMB_P', 'EMB_P', 'EMB_P', 'EMB_P', 'EMB_P', 'EMB_P', 'EMB_P', 'EMB_P', 'EMB_P', 'EMB_P', 'EMB_P', 'EMB_P', 'EMB_P', 'EMB_P', 'EMB_P', 'EMB_P', 'EMB_P', 'EMB_P', 'EMB_P', 'EMB_P', 'EMB_P', 'EMB_P', 'EMB_P', 'EMB_P', 'EMB_P', 'EMB_P', 'EMB_P', 'EMB_P', 'EMB_P', 'EMB_P', 'EMB_P', 'EMB_P', 'EMB_P', 'EMB_P', 'EMB_P', 'EMB_P', 'EMB_P', 'EMB_P', 'EMB_P', 'EMB_P', 'EMB_P', 'EMB_P']"
296,молочні та алкогольні коктейлі,відмінні,29298:3_1183,"Публіка гідна, ціни помірні, власна пивоварня виробляє відмінне пшеничне і ячмінне пиво, закуски теж дуже непогані, смачна сирна і м'ясна тарілка, відмінні молочні та алкогольні коктейлі.",7.8,7.2,"['EMB_O', 'EMB_O', 'EMB_O', 'EMB_O', 'EMB_O', 'EMB_O', 'EMB_O', 'EMB_O', 'EMB_O', 'EMB_O', 'EMB_O', 'EMB_O', 'EMB_O', 'EMB_O', 'EMB_O', 'EMB_O', 'EMB_O', 'EMB_O', 'EMB_O', 'EMB_O', 'EMB_O', 'EMB_O', 'EMB_O', 'EMB_O', 'EMB_O', 'EMB_O', 'EMB_O', 'EMB_O', 'EMB_O', 'EMB_O', 'EMB_O', 'EMB_O', 'EMB_O', 'EMB_O', 'EMB_O', 'EMB_O', 'EMB_O', 'EMB_O', 'EMB_O', 'EMB_O', 'EMB_O', 'EMB_O', 'EMB_O', 'EMB_O', 'EMB_O', 'EMB_O', 'EMB_O', 'EMB_O', 'EMB_O', 'EMB_O', 'EMB_O', 'EMB_O', 'EMB_O', 'EMB_O', 'EMB_O', 'EMB_O', 'EMB_O', 'EMB_O', 'EMB_O', 'EMB_O', 'EMB_O', 'EMB_O', 'EMB_O', 'EMB_O', 'EMB_O', 'EMB_O', 'EMB_O', 'ASP_B', 'ASP_I', 'ASP_I', 'ASP_I', 'ASP_I', 'ASP_I', 'ASP_I', 'ASP_I', 'ASP_I', 'ASP_I', 'ASP_E', 'EMB_O', 'EMB_O', 'EMB_P', 'EMB_P', 'EMB_P', 'EMB_P', 'EMB_P', 'EMB_P', 'EMB_P', 'EMB_P', 'EMB_P', 'EMB_P', 'EMB_P', 'EMB_P', 'EMB_P', 'EMB_P', 'EMB_P', 'EMB_P', 'EMB_P', 'EMB_P', 'EMB_P', 'EMB_P', 'EMB_P', 'EMB_P', 'EMB_P', 'EMB_P', 'EMB_P', 'EMB_P', 'EMB_P', 'EMB_P', 'EMB_P', 'EMB_P', 'EMB_P', 'EMB_P', 'EMB_P', 'EMB_P', 'EMB_P', 'EMB_P', 'EMB_P', 'EMB_P', 'EMB_P', 'EMB_P', 'EMB_P', 'EMB_P', 'EMB_P', 'EMB_P', 'EMB_P', 'EMB_P', 'EMB_P', 'EMB_P']","['EMB_O', 'EMB_O', 'EMB_O', 'EMB_O', 'EMB_O', 'EMB_O', 'EMB_O', 'EMB_O', 'EMB_O', 'EMB_O', 'EMB_O', 'EMB_O', 'EMB_O', 'EMB_O', 'EMB_O', 'EMB_O', 'EMB_O', 'EMB_O', 'EMB_O', 'EMB_O', 'EMB_O', 'EMB_O', 'EMB_O', 'EMB_O', 'EMB_O', 'EMB_O', 'EMB_O', 'EMB_O', 'EMB_O', 'EMB_O', 'EMB_O', 'EMB_O', 'EMB_O', 'EMB_O', 'EMB_O', 'EMB_O', 'EMB_O', 'EMB_O', 'EMB_O', 'EMB_O', 'EMB_O', 'EMB_O', 'EMB_O', 'EMB_O', 'EMB_O', 'EMB_O', 'EMB_O', 'EMB_O', 'EMB_O', 'EMB_O', 'EMB_O', 'EMB_O', 'EMB_O', 'EMB_O', 'EMB_O', 'EMB_O', 'EMB_O', 'EMB_O', 'EMB_O', 'EMB_O', 'EMB_O', 'EMB_O', 'EMB_O', 'EMB_O', 'OPN_B', 'OPN_I', 'OPN_E', 'EMB_O', 'EMB_O', 'EMB_O', 'EMB_O', 'EMB_O', 'EMB_O', 'EMB_O', 'EMB_O', 'EMB_O', 'EMB_O', 'EMB_O', 'EMB_O', 'EMB_O', 'EMB_P', 'EMB_P', 'EMB_P', 'EMB_P', 'EMB_P', 'EMB_P', 'EMB_P', 'EMB_P', 'EMB_P', 'EMB_P', 'EMB_P', 'EMB_P', 'EMB_P', 'EMB_P', 'EMB_P', 'EMB_P', 'EMB_P', 'EMB_P', 'EMB_P', 'EMB_P', 'EMB_P', 'EMB_P', 'EMB_P', 'EMB_P', 'EMB_P', 'EMB_P', 'EMB_P', 'EMB_P', 'EMB_P', 'EMB_P', 'EMB_P', 'EMB_P', 'EMB_P', 'EMB_P', 'EMB_P', 'EMB_P', 'EMB_P', 'EMB_P', 'EMB_P', 'EMB_P', 'EMB_P', 'EMB_P', 'EMB_P', 'EMB_P', 'EMB_P', 'EMB_P', 'EMB_P', 'EMB_P']"
297,заклад,дуже гарне,29298:4_1184,"В цілому, дуже гарне, гідне заклад, щоправда засмучує те, що столики на четвер, п'ятницю і вихідні треба бронювати десь за 3 тижні",7.4,6.8,"['EMB_O', 'EMB_O', 'EMB_O', 'EMB_O', 'EMB_O', 'EMB_O', 'EMB_O', 'EMB_O', 'EMB_O', 'EMB_O', 'EMB_O', 'EMB_O', 'ASP_B', 'ASP_E', 'EMB_O', 'EMB_O', 'EMB_O', 'EMB_O', 'EMB_O', 'EMB_O', 'EMB_O', 'EMB_O', 'EMB_O', 'EMB_O', 'EMB_O', 'EMB_O', 'EMB_O', 'EMB_O', 'EMB_O', 'EMB_O', 'EMB_O', 'EMB_O', 'EMB_O', 'EMB_O', 'EMB_O', 'EMB_O', 'EMB_O', 'EMB_O', 'EMB_O', 'EMB_O', 'EMB_O', 'EMB_O', 'EMB_O', 'EMB_O', 'EMB_O', 'EMB_O', 'EMB_O', 'EMB_O', 'EMB_O', 'EMB_O', 'EMB_O', 'EMB_O', 'EMB_O', 'EMB_P', 'EMB_P', 'EMB_P', 'EMB_P', 'EMB_P', 'EMB_P', 'EMB_P', 'EMB_P', 'EMB_P', 'EMB_P', 'EMB_P', 'EMB_P', 'EMB_P', 'EMB_P', 'EMB_P', 'EMB_P', 'EMB_P', 'EMB_P', 'EMB_P', 'EMB_P', 'EMB_P', 'EMB_P', 'EMB_P', 'EMB_P', 'EMB_P', 'EMB_P', 'EMB_P', 'EMB_P', 'EMB_P', 'EMB_P', 'EMB_P', 'EMB_P', 'EMB_P', 'EMB_P', 'EMB_P', 'EMB_P', 'EMB_P', 'EMB_P', 'EMB_P', 'EMB_P', 'EMB_P', 'EMB_P', 'EMB_P', 'EMB_P', 'EMB_P', 'EMB_P', 'EMB_P', 'EMB_P', 'EMB_P', 'EMB_P', 'EMB_P', 'EMB_P', 'EMB_P', 'EMB_P', 'EMB_P', 'EMB_P', 'EMB_P', 'EMB_P', 'EMB_P', 'EMB_P', 'EMB_P', 'EMB_P', 'EMB_P', 'EMB_P', 'EMB_P', 'EMB_P', 'EMB_P', 'EMB_P', 'EMB_P', 'EMB_P', 'EMB_P', 'EMB_P', 'EMB_P', 'EMB_P', 'EMB_P']","['EMB_O', 'EMB_O', 'EMB_O', 'EMB_O', 'EMB_O', 'OPN_B', 'OPN_I', 'OPN_E', 'EMB_O', 'EMB_O', 'EMB_O', 'EMB_O', 'EMB_O', 'EMB_O', 'EMB_O', 'EMB_O', 'EMB_O', 'EMB_O', 'EMB_O', 'EMB_O', 'EMB_O', 'EMB_O', 'EMB_O', 'EMB_O', 'EMB_O', 'EMB_O', 'EMB_O', 'EMB_O', 'EMB_O', 'EMB_O', 'EMB_O', 'EMB_O', 'EMB_O', 'EMB_O', 'EMB_O', 'EMB_O', 'EMB_O', 'EMB_O', 'EMB_O', 'EMB_O', 'EMB_O', 'EMB_O', 'EMB_O', 'EMB_O', 'EMB_O', 'EMB_O', 'EMB_O', 'EMB_O', 'EMB_O', 'EMB_O', 'EMB_O', 'EMB_O', 'EMB_O', 'EMB_P', 'EMB_P', 'EMB_P', 'EMB_P', 'EMB_P', 'EMB_P', 'EMB_P', 'EMB_P', 'EMB_P', 'EMB_P', 'EMB_P', 'EMB_P', 'EMB_P', 'EMB_P', 'EMB_P', 'EMB_P', 'EMB_P', 'EMB_P', 'EMB_P', 'EMB_P', 'EMB_P', 'EMB_P', 'EMB_P', 'EMB_P', 'EMB_P', 'EMB_P', 'EMB_P', 'EMB_P', 'EMB_P', 'EMB_P', 'EMB_P', 'EMB_P', 'EMB_P', 'EMB_P', 'EMB_P', 'EMB_P', 'EMB_P', 'EMB_P', 'EMB_P', 'EMB_P', 'EMB_P', 'EMB_P', 'EMB_P', 'EMB_P', 'EMB_P', 'EMB_P', 'EMB_P', 'EMB_P', 'EMB_P', 'EMB_P', 'EMB_P', 'EMB_P', 'EMB_P', 'EMB_P', 'EMB_P', 'EMB_P', 'EMB_P', 'EMB_P', 'EMB_P', 'EMB_P', 'EMB_P', 'EMB_P', 'EMB_P', 'EMB_P', 'EMB_P', 'EMB_P', 'EMB_P', 'EMB_P', 'EMB_P', 'EMB_P', 'EMB_P', 'EMB_P', 'EMB_P', 'EMB_P', 'EMB_P']"
298,ресторан,рекомендую,29298:5_1185,"Але все одно, рекомендую відвідати цей ресторан, не пошкодуєте!",7.12,6.75,"['EMB_O', 'EMB_O', 'EMB_O', 'EMB_O', 'EMB_O', 'EMB_O', 'EMB_O', 'EMB_O', 'EMB_O', 'EMB_O', 'EMB_O', 'EMB_O', 'EMB_O', 'ASP_B', 'ASP_I', 'ASP_E', 'EMB_O', 'EMB_O', 'EMB_O', 'EMB_O', 'EMB_O', 'EMB_O', 'EMB_O', 'EMB_O', 'EMB_O', 'EMB_P', 'EMB_P', 'EMB_P', 'EMB_P', 'EMB_P', 'EMB_P', 'EMB_P', 'EMB_P', 'EMB_P', 'EMB_P', 'EMB_P', 'EMB_P', 'EMB_P', 'EMB_P', 'EMB_P', 'EMB_P', 'EMB_P', 'EMB_P', 'EMB_P', 'EMB_P', 'EMB_P', 'EMB_P', 'EMB_P', 'EMB_P', 'EMB_P', 'EMB_P', 'EMB_P', 'EMB_P', 'EMB_P', 'EMB_P', 'EMB_P', 'EMB_P', 'EMB_P', 'EMB_P', 'EMB_P', 'EMB_P', 'EMB_P', 'EMB_P', 'EMB_P', 'EMB_P', 'EMB_P', 'EMB_P', 'EMB_P', 'EMB_P', 'EMB_P', 'EMB_P', 'EMB_P', 'EMB_P', 'EMB_P', 'EMB_P', 'EMB_P', 'EMB_P', 'EMB_P', 'EMB_P', 'EMB_P', 'EMB_P', 'EMB_P', 'EMB_P', 'EMB_P', 'EMB_P', 'EMB_P', 'EMB_P', 'EMB_P', 'EMB_P', 'EMB_P', 'EMB_P', 'EMB_P', 'EMB_P', 'EMB_P', 'EMB_P', 'EMB_P', 'EMB_P', 'EMB_P', 'EMB_P', 'EMB_P', 'EMB_P', 'EMB_P', 'EMB_P', 'EMB_P', 'EMB_P', 'EMB_P', 'EMB_P', 'EMB_P', 'EMB_P', 'EMB_P', 'EMB_P', 'EMB_P', 'EMB_P', 'EMB_P', 'EMB_P', 'EMB_P', 'EMB_P', 'EMB_P', 'EMB_P', 'EMB_P', 'EMB_P', 'EMB_P', 'EMB_P', 'EMB_P', 'EMB_P', 'EMB_P', 'EMB_P', 'EMB_P']","['EMB_O', 'EMB_O', 'EMB_O', 'EMB_O', 'EMB_O', 'OPN_B', 'OPN_I', 'OPN_I', 'OPN_E', 'EMB_O', 'EMB_O', 'EMB_O', 'EMB_O', 'EMB_O', 'EMB_O', 'EMB_O', 'EMB_O', 'EMB_O', 'EMB_O', 'EMB_O', 'EMB_O', 'EMB_O', 'EMB_O', 'EMB_O', 'EMB_O', 'EMB_P', 'EMB_P', 'EMB_P', 'EMB_P', 'EMB_P', 'EMB_P', 'EMB_P', 'EMB_P', 'EMB_P', 'EMB_P', 'EMB_P', 'EMB_P', 'EMB_P', 'EMB_P', 'EMB_P', 'EMB_P', 'EMB_P', 'EMB_P', 'EMB_P', 'EMB_P', 'EMB_P', 'EMB_P', 'EMB_P', 'EMB_P', 'EMB_P', 'EMB_P', 'EMB_P', 'EMB_P', 'EMB_P', 'EMB_P', 'EMB_P', 'EMB_P', 'EMB_P', 'EMB_P', 'EMB_P', 'EMB_P', 'EMB_P', 'EMB_P', 'EMB_P', 'EMB_P', 'EMB_P', 'EMB_P', 'EMB_P', 'EMB_P', 'EMB_P', 'EMB_P', 'EMB_P', 'EMB_P', 'EMB_P', 'EMB_P', 'EMB_P', 'EMB_P', 'EMB_P', 'EMB_P', 'EMB_P', 'EMB_P', 'EMB_P', 'EMB_P', 'EMB_P', 'EMB_P', 'EMB_P', 'EMB_P', 'EMB_P', 'EMB_P', 'EMB_P', 'EMB_P', 'EMB_P', 'EMB_P', 'EMB_P', 'EMB_P', 'EMB_P', 'EMB_P', 'EMB_P', 'EMB_P', 'EMB_P', 'EMB_P', 'EMB_P', 'EMB_P', 'EMB_P', 'EMB_P', 'EMB_P', 'EMB_P', 'EMB_P', 'EMB_P', 'EMB_P', 'EMB_P', 'EMB_P', 'EMB_P', 'EMB_P', 'EMB_P', 'EMB_P', 'EMB_P', 'EMB_P', 'EMB_P', 'EMB_P', 'EMB_P', 'EMB_P', 'EMB_P', 'EMB_P', 'EMB_P', 'EMB_P', 'EMB_P', 'EMB_P']"
299,Другий поверх,просто рай якийсь,29321:3_1186,Другий поверх просто рай якийсь=),8.31,8.1,"['EMB_O', 'ASP_B', 'ASP_I', 'ASP_I', 'ASP_E', 'EMB_O', 'EMB_O', 'EMB_O', 'EMB_O', 'EMB_O', 'EMB_O', 'EMB_O', 'EMB_O', 'EMB_P', 'EMB_P', 'EMB_P', 'EMB_P', 'EMB_P', 'EMB_P', 'EMB_P', 'EMB_P', 'EMB_P', 'EMB_P', 'EMB_P', 'EMB_P', 'EMB_P', 'EMB_P', 'EMB_P', 'EMB_P', 'EMB_P', 'EMB_P', 'EMB_P', 'EMB_P', 'EMB_P', 'EMB_P', 'EMB_P', 'EMB_P', 'EMB_P', 'EMB_P', 'EMB_P', 'EMB_P', 'EMB_P', 'EMB_P', 'EMB_P', 'EMB_P', 'EMB_P', 'EMB_P', 'EMB_P', 'EMB_P', 'EMB_P', 'EMB_P', 'EMB_P', 'EMB_P', 'EMB_P', 'EMB_P', 'EMB_P', 'EMB_P', 'EMB_P', 'EMB_P', 'EMB_P', 'EMB_P', 'EMB_P', 'EMB_P', 'EMB_P', 'EMB_P', 'EMB_P', 'EMB_P', 'EMB_P', 'EMB_P', 'EMB_P', 'EMB_P', 'EMB_P', 'EMB_P', 'EMB_P', 'EMB_P', 'EMB_P', 'EMB_P', 'EMB_P', 'EMB_P', 'EMB_P', 'EMB_P', 'EMB_P', 'EMB_P', 'EMB_P', 'EMB_P', 'EMB_P', 'EMB_P', 'EMB_P', 'EMB_P', 'EMB_P', 'EMB_P', 'EMB_P', 'EMB_P', 'EMB_P', 'EMB_P', 'EMB_P', 'EMB_P', 'EMB_P', 'EMB_P', 'EMB_P', 'EMB_P', 'EMB_P', 'EMB_P', 'EMB_P', 'EMB_P', 'EMB_P', 'EMB_P', 'EMB_P', 'EMB_P', 'EMB_P', 'EMB_P', 'EMB_P', 'EMB_P', 'EMB_P', 'EMB_P', 'EMB_P', 'EMB_P', 'EMB_P', 'EMB_P', 'EMB_P', 'EMB_P', 'EMB_P', 'EMB_P', 'EMB_P', 'EMB_P', 'EMB_P', 'EMB_P', 'EMB_P']","['EMB_O', 'EMB_O', 'EMB_O', 'EMB_O', 'EMB_O', 'OPN_B', 'OPN_I', 'OPN_I', 'OPN_I', 'OPN_E', 'EMB_O', 'EMB_O', 'EMB_O', 'EMB_P', 'EMB_P', 'EMB_P', 'EMB_P', 'EMB_P', 'EMB_P', 'EMB_P', 'EMB_P', 'EMB_P', 'EMB_P', 'EMB_P', 'EMB_P', 'EMB_P', 'EMB_P', 'EMB_P', 'EMB_P', 'EMB_P', 'EMB_P', 'EMB_P', 'EMB_P', 'EMB_P', 'EMB_P', 'EMB_P', 'EMB_P', 'EMB_P', 'EMB_P', 'EMB_P', 'EMB_P', 'EMB_P', 'EMB_P', 'EMB_P', 'EMB_P', 'EMB_P', 'EMB_P', 'EMB_P', 'EMB_P', 'EMB_P', 'EMB_P', 'EMB_P', 'EMB_P', 'EMB_P', 'EMB_P', 'EMB_P', 'EMB_P', 'EMB_P', 'EMB_P', 'EMB_P', 'EMB_P', 'EMB_P', 'EMB_P', 'EMB_P', 'EMB_P', 'EMB_P', 'EMB_P', 'EMB_P', 'EMB_P', 'EMB_P', 'EMB_P', 'EMB_P', 'EMB_P', 'EMB_P', 'EMB_P', 'EMB_P', 'EMB_P', 'EMB_P', 'EMB_P', 'EMB_P', 'EMB_P', 'EMB_P', 'EMB_P', 'EMB_P', 'EMB_P', 'EMB_P', 'EMB_P', 'EMB_P', 'EMB_P', 'EMB_P', 'EMB_P', 'EMB_P', 'EMB_P', 'EMB_P', 'EMB_P', 'EMB_P', 'EMB_P', 'EMB_P', 'EMB_P', 'EMB_P', 'EMB_P', 'EMB_P', 'EMB_P', 'EMB_P', 'EMB_P', 'EMB_P', 'EMB_P', 'EMB_P', 'EMB_P', 'EMB_P', 'EMB_P', 'EMB_P', 'EMB_P', 'EMB_P', 'EMB_P', 'EMB_P', 'EMB_P', 'EMB_P', 'EMB_P', 'EMB_P', 'EMB_P', 'EMB_P', 'EMB_P', 'EMB_P', 'EMB_P', 'EMB_P', 'EMB_P', 'EMB_P']"
300,інтер'єр,Дуже гарний,29321:4_1187,"Дуже гарний інтер'єр, такий ніжний і затишний.",8.12,7.75,"['EMB_O', 'EMB_O', 'EMB_O', 'EMB_O', 'EMB_O', 'EMB_O', 'ASP_B', 'ASP_I', 'ASP_I', 'ASP_E', 'EMB_O', 'EMB_O', 'EMB_O', 'EMB_O', 'EMB_O', 'EMB_O', 'EMB_O', 'EMB_O', 'EMB_O', 'EMB_O', 'EMB_P', 'EMB_P', 'EMB_P', 'EMB_P', 'EMB_P', 'EMB_P', 'EMB_P', 'EMB_P', 'EMB_P', 'EMB_P', 'EMB_P', 'EMB_P', 'EMB_P', 'EMB_P', 'EMB_P', 'EMB_P', 'EMB_P', 'EMB_P', 'EMB_P', 'EMB_P', 'EMB_P', 'EMB_P', 'EMB_P', 'EMB_P', 'EMB_P', 'EMB_P', 'EMB_P', 'EMB_P', 'EMB_P', 'EMB_P', 'EMB_P', 'EMB_P', 'EMB_P', 'EMB_P', 'EMB_P', 'EMB_P', 'EMB_P', 'EMB_P', 'EMB_P', 'EMB_P', 'EMB_P', 'EMB_P', 'EMB_P', 'EMB_P', 'EMB_P', 'EMB_P', 'EMB_P', 'EMB_P', 'EMB_P', 'EMB_P', 'EMB_P', 'EMB_P', 'EMB_P', 'EMB_P', 'EMB_P', 'EMB_P', 'EMB_P', 'EMB_P', 'EMB_P', 'EMB_P', 'EMB_P', 'EMB_P', 'EMB_P', 'EMB_P', 'EMB_P', 'EMB_P', 'EMB_P', 'EMB_P', 'EMB_P', 'EMB_P', 'EMB_P', 'EMB_P', 'EMB_P', 'EMB_P', 'EMB_P', 'EMB_P', 'EMB_P', 'EMB_P', 'EMB_P', 'EMB_P', 'EMB_P', 'EMB_P', 'EMB_P', 'EMB_P', 'EMB_P', 'EMB_P', 'EMB_P', 'EMB_P', 'EMB_P', 'EMB_P', 'EMB_P', 'EMB_P', 'EMB_P', 'EMB_P', 'EMB_P', 'EMB_P', 'EMB_P', 'EMB_P', 'EMB_P', 'EMB_P', 'EMB_P', 'EMB_P', 'EMB_P', 'EMB_P', 'EMB_P', 'EMB_P', 'EMB_P', 'EMB_P']","['EMB_O', 'OPN_B', 'OPN_I', 'OPN_I', 'OPN_I', 'OPN_E', 'EMB_O', 'EMB_O', 'EMB_O', 'EMB_O', 'EMB_O', 'EMB_O', 'EMB_O', 'EMB_O', 'EMB_O', 'EMB_O', 'EMB_O', 'EMB_O', 'EMB_O', 'EMB_O', 'EMB_P', 'EMB_P', 'EMB_P', 'EMB_P', 'EMB_P', 'EMB_P', 'EMB_P', 'EMB_P', 'EMB_P', 'EMB_P', 'EMB_P', 'EMB_P', 'EMB_P', 'EMB_P', 'EMB_P', 'EMB_P', 'EMB_P', 'EMB_P', 'EMB_P', 'EMB_P', 'EMB_P', 'EMB_P', 'EMB_P', 'EMB_P', 'EMB_P', 'EMB_P', 'EMB_P', 'EMB_P', 'EMB_P', 'EMB_P', 'EMB_P', 'EMB_P', 'EMB_P', 'EMB_P', 'EMB_P', 'EMB_P', 'EMB_P', 'EMB_P', 'EMB_P', 'EMB_P', 'EMB_P', 'EMB_P', 'EMB_P', 'EMB_P', 'EMB_P', 'EMB_P', 'EMB_P', 'EMB_P', 'EMB_P', 'EMB_P', 'EMB_P', 'EMB_P', 'EMB_P', 'EMB_P', 'EMB_P', 'EMB_P', 'EMB_P', 'EMB_P', 'EMB_P', 'EMB_P', 'EMB_P', 'EMB_P', 'EMB_P', 'EMB_P', 'EMB_P', 'EMB_P', 'EMB_P', 'EMB_P', 'EMB_P', 'EMB_P', 'EMB_P', 'EMB_P', 'EMB_P', 'EMB_P', 'EMB_P', 'EMB_P', 'EMB_P', 'EMB_P', 'EMB_P', 'EMB_P', 'EMB_P', 'EMB_P', 'EMB_P', 'EMB_P', 'EMB_P', 'EMB_P', 'EMB_P', 'EMB_P', 'EMB_P', 'EMB_P', 'EMB_P', 'EMB_P', 'EMB_P', 'EMB_P', 'EMB_P', 'EMB_P', 'EMB_P', 'EMB_P', 'EMB_P', 'EMB_P', 'EMB_P', 'EMB_P', 'EMB_P', 'EMB_P', 'EMB_P', 'EMB_P', 'EMB_P', 'EMB_P']"
301,меню,різноманітне,29321:6_1188,"Далі що...меню різноманітне, на будь-який смак, але при детальному розгляді в результаті зупинилася на рибі, тому як особисто мені більше нічого не сподобалося (піцу поїсти можна в інших більш спеціалізованих місцях, паста...ну це я і вдома зроблю, суп..не для свята).",7.0,6.3,"['EMB_O', 'EMB_O', 'EMB_O', 'EMB_O', 'EMB_O', 'EMB_O', 'EMB_O', 'ASP_B', 'ASP_E', 'EMB_O', 'EMB_O', 'EMB_O', 'EMB_O', 'EMB_O', 'EMB_O', 'EMB_O', 'EMB_O', 'EMB_O', 'EMB_O', 'EMB_O', 'EMB_O', 'EMB_O', 'EMB_O', 'EMB_O', 'EMB_O', 'EMB_O', 'EMB_O', 'EMB_O', 'EMB_O', 'EMB_O', 'EMB_O', 'EMB_O', 'EMB_O', 'EMB_O', 'EMB_O', 'EMB_O', 'EMB_O', 'EMB_O', 'EMB_O', 'EMB_O', 'EMB_O', 'EMB_O', 'EMB_O', 'EMB_O', 'EMB_O', 'EMB_O', 'EMB_O', 'EMB_O', 'EMB_O', 'EMB_O', 'EMB_O', 'EMB_O', 'EMB_O', 'EMB_O', 'EMB_O', 'EMB_O', 'EMB_O', 'EMB_O', 'EMB_O', 'EMB_O', 'EMB_O', 'EMB_O', 'EMB_O', 'EMB_O', 'EMB_O', 'EMB_O', 'EMB_O', 'EMB_O', 'EMB_O', 'EMB_O', 'EMB_O', 'EMB_O', 'EMB_O', 'EMB_O', 'EMB_O', 'EMB_O', 'EMB_O', 'EMB_O', 'EMB_O', 'EMB_O', 'EMB_O', 'EMB_O', 'EMB_O', 'EMB_O', 'EMB_O', 'EMB_O', 'EMB_O', 'EMB_O', 'EMB_O', 'EMB_O', 'EMB_O', 'EMB_O', 'EMB_O', 'EMB_O', 'EMB_O', 'EMB_O', 'EMB_O', 'EMB_O', 'EMB_O', 'EMB_O', 'EMB_O', 'EMB_O', 'EMB_O', 'EMB_O', 'EMB_O', 'EMB_O', 'EMB_P', 'EMB_P', 'EMB_P', 'EMB_P', 'EMB_P', 'EMB_P', 'EMB_P', 'EMB_P', 'EMB_P', 'EMB_P', 'EMB_P', 'EMB_P', 'EMB_P', 'EMB_P', 'EMB_P', 'EMB_P', 'EMB_P', 'EMB_P', 'EMB_P', 'EMB_P', 'EMB_P', 'EMB_P']","['EMB_O', 'EMB_O', 'EMB_O', 'EMB_O', 'EMB_O', 'EMB_O', 'EMB_O', 'EMB_O', 'EMB_O', 'OPN_B', 'OPN_I', 'OPN_I', 'OPN_I', 'OPN_E', 'EMB_O', 'EMB_O', 'EMB_O', 'EMB_O', 'EMB_O', 'EMB_O', 'EMB_O', 'EMB_O', 'EMB_O', 'EMB_O', 'EMB_O', 'EMB_O', 'EMB_O', 'EMB_O', 'EMB_O', 'EMB_O', 'EMB_O', 'EMB_O', 'EMB_O', 'EMB_O', 'EMB_O', 'EMB_O', 'EMB_O', 'EMB_O', 'EMB_O', 'EMB_O', 'EMB_O', 'EMB_O', 'EMB_O', 'EMB_O', 'EMB_O', 'EMB_O', 'EMB_O', 'EMB_O', 'EMB_O', 'EMB_O', 'EMB_O', 'EMB_O', 'EMB_O', 'EMB_O', 'EMB_O', 'EMB_O', 'EMB_O', 'EMB_O', 'EMB_O', 'EMB_O', 'EMB_O', 'EMB_O', 'EMB_O', 'EMB_O', 'EMB_O', 'EMB_O', 'EMB_O', 'EMB_O', 'EMB_O', 'EMB_O', 'EMB_O', 'EMB_O', 'EMB_O', 'EMB_O', 'EMB_O', 'EMB_O', 'EMB_O', 'EMB_O', 'EMB_O', 'EMB_O', 'EMB_O', 'EMB_O', 'EMB_O', 'EMB_O', 'EMB_O', 'EMB_O', 'EMB_O', 'EMB_O', 'EMB_O', 'EMB_O', 'EMB_O', 'EMB_O', 'EMB_O', 'EMB_O', 'EMB_O', 'EMB_O', 'EMB_O', 'EMB_O', 'EMB_O', 'EMB_O', 'EMB_O', 'EMB_O', 'EMB_O', 'EMB_O', 'EMB_O', 'EMB_O', 'EMB_P', 'EMB_P', 'EMB_P', 'EMB_P', 'EMB_P', 'EMB_P', 'EMB_P', 'EMB_P', 'EMB_P', 'EMB_P', 'EMB_P', 'EMB_P', 'EMB_P', 'EMB_P', 'EMB_P', 'EMB_P', 'EMB_P', 'EMB_P', 'EMB_P', 'EMB_P', 'EMB_P', 'EMB_P']"
302,вино,дорого,29321:7_1189,"Ціни на вино просто шалені..хоча, може для такого ресторану це і нормально, але ось в співвідношенні з їжею мені здалося дорого!",2.17,7.67,"['EMB_O', 'EMB_O', 'EMB_O', 'EMB_O', 'ASP_B', 'ASP_E', 'EMB_O', 'EMB_O', 'EMB_O', 'EMB_O', 'EMB_O', 'EMB_O', 'EMB_O', 'EMB_O', 'EMB_O', 'EMB_O', 'EMB_O', 'EMB_O', 'EMB_O', 'EMB_O', 'EMB_O', 'EMB_O', 'EMB_O', 'EMB_O', 'EMB_O', 'EMB_O', 'EMB_O', 'EMB_O', 'EMB_O', 'EMB_O', 'EMB_O', 'EMB_O', 'EMB_O', 'EMB_O', 'EMB_O', 'EMB_O', 'EMB_O', 'EMB_O', 'EMB_O', 'EMB_O', 'EMB_O', 'EMB_O', 'EMB_O', 'EMB_O', 'EMB_O', 'EMB_O', 'EMB_O', 'EMB_P', 'EMB_P', 'EMB_P', 'EMB_P', 'EMB_P', 'EMB_P', 'EMB_P', 'EMB_P', 'EMB_P', 'EMB_P', 'EMB_P', 'EMB_P', 'EMB_P', 'EMB_P', 'EMB_P', 'EMB_P', 'EMB_P', 'EMB_P', 'EMB_P', 'EMB_P', 'EMB_P', 'EMB_P', 'EMB_P', 'EMB_P', 'EMB_P', 'EMB_P', 'EMB_P', 'EMB_P', 'EMB_P', 'EMB_P', 'EMB_P', 'EMB_P', 'EMB_P', 'EMB_P', 'EMB_P', 'EMB_P', 'EMB_P', 'EMB_P', 'EMB_P', 'EMB_P', 'EMB_P', 'EMB_P', 'EMB_P', 'EMB_P', 'EMB_P', 'EMB_P', 'EMB_P', 'EMB_P', 'EMB_P', 'EMB_P', 'EMB_P', 'EMB_P', 'EMB_P', 'EMB_P', 'EMB_P', 'EMB_P', 'EMB_P', 'EMB_P', 'EMB_P', 'EMB_P', 'EMB_P', 'EMB_P', 'EMB_P', 'EMB_P', 'EMB_P', 'EMB_P', 'EMB_P', 'EMB_P', 'EMB_P', 'EMB_P', 'EMB_P', 'EMB_P', 'EMB_P', 'EMB_P', 'EMB_P', 'EMB_P', 'EMB_P', 'EMB_P', 'EMB_P', 'EMB_P', 'EMB_P']","['EMB_O', 'EMB_O', 'EMB_O', 'EMB_O', 'EMB_O', 'EMB_O', 'EMB_O', 'EMB_O', 'EMB_O', 'EMB_O', 'EMB_O', 'EMB_O', 'EMB_O', 'EMB_O', 'EMB_O', 'EMB_O', 'EMB_O', 'EMB_O', 'EMB_O', 'EMB_O', 'EMB_O', 'EMB_O', 'EMB_O', 'EMB_O', 'EMB_O', 'EMB_O', 'EMB_O', 'EMB_O', 'EMB_O', 'EMB_O', 'EMB_O', 'EMB_O', 'EMB_O', 'EMB_O', 'EMB_O', 'EMB_O', 'EMB_O', 'EMB_O', 'EMB_O', 'EMB_O', 'EMB_O', 'EMB_O', 'EMB_O', 'OPN_B', 'OPN_E', 'EMB_O', 'EMB_O', 'EMB_P', 'EMB_P', 'EMB_P', 'EMB_P', 'EMB_P', 'EMB_P', 'EMB_P', 'EMB_P', 'EMB_P', 'EMB_P', 'EMB_P', 'EMB_P', 'EMB_P', 'EMB_P', 'EMB_P', 'EMB_P', 'EMB_P', 'EMB_P', 'EMB_P', 'EMB_P', 'EMB_P', 'EMB_P', 'EMB_P', 'EMB_P', 'EMB_P', 'EMB_P', 'EMB_P', 'EMB_P', 'EMB_P', 'EMB_P', 'EMB_P', 'EMB_P', 'EMB_P', 'EMB_P', 'EMB_P', 'EMB_P', 'EMB_P', 'EMB_P', 'EMB_P', 'EMB_P', 'EMB_P', 'EMB_P', 'EMB_P', 'EMB_P', 'EMB_P', 'EMB_P', 'EMB_P', 'EMB_P', 'EMB_P', 'EMB_P', 'EMB_P', 'EMB_P', 'EMB_P', 'EMB_P', 'EMB_P', 'EMB_P', 'EMB_P', 'EMB_P', 'EMB_P', 'EMB_P', 'EMB_P', 'EMB_P', 'EMB_P', 'EMB_P', 'EMB_P', 'EMB_P', 'EMB_P', 'EMB_P', 'EMB_P', 'EMB_P', 'EMB_P', 'EMB_P', 'EMB_P', 'EMB_P', 'EMB_P', 'EMB_P', 'EMB_P', 'EMB_P', 'EMB_P', 'EMB_P', 'EMB_P']"
303,кухня,чогось супер феєричного я не побачила,29321:8_1190,"Загалом в цілому кухня наближена до італійської, але ось чогось супер феєричного я не побачила, тому тільки 8.",6.75,6.0,"['EMB_O', 'EMB_O', 'EMB_O', 'EMB_O', 'EMB_O', 'EMB_O', 'ASP_B', 'ASP_I', 'ASP_E', 'EMB_O', 'EMB_O', 'EMB_O', 'EMB_O', 'EMB_O', 'EMB_O', 'EMB_O', 'EMB_O', 'EMB_O', 'EMB_O', 'EMB_O', 'EMB_O', 'EMB_O', 'EMB_O', 'EMB_O', 'EMB_O', 'EMB_O', 'EMB_O', 'EMB_O', 'EMB_O', 'EMB_O', 'EMB_O', 'EMB_O', 'EMB_O', 'EMB_O', 'EMB_O', 'EMB_O', 'EMB_O', 'EMB_O', 'EMB_O', 'EMB_O', 'EMB_P', 'EMB_P', 'EMB_P', 'EMB_P', 'EMB_P', 'EMB_P', 'EMB_P', 'EMB_P', 'EMB_P', 'EMB_P', 'EMB_P', 'EMB_P', 'EMB_P', 'EMB_P', 'EMB_P', 'EMB_P', 'EMB_P', 'EMB_P', 'EMB_P', 'EMB_P', 'EMB_P', 'EMB_P', 'EMB_P', 'EMB_P', 'EMB_P', 'EMB_P', 'EMB_P', 'EMB_P', 'EMB_P', 'EMB_P', 'EMB_P', 'EMB_P', 'EMB_P', 'EMB_P', 'EMB_P', 'EMB_P', 'EMB_P', 'EMB_P', 'EMB_P', 'EMB_P', 'EMB_P', 'EMB_P', 'EMB_P', 'EMB_P', 'EMB_P', 'EMB_P', 'EMB_P', 'EMB_P', 'EMB_P', 'EMB_P', 'EMB_P', 'EMB_P', 'EMB_P', 'EMB_P', 'EMB_P', 'EMB_P', 'EMB_P', 'EMB_P', 'EMB_P', 'EMB_P', 'EMB_P', 'EMB_P', 'EMB_P', 'EMB_P', 'EMB_P', 'EMB_P', 'EMB_P', 'EMB_P', 'EMB_P', 'EMB_P', 'EMB_P', 'EMB_P', 'EMB_P', 'EMB_P', 'EMB_P', 'EMB_P', 'EMB_P', 'EMB_P', 'EMB_P', 'EMB_P', 'EMB_P', 'EMB_P', 'EMB_P', 'EMB_P', 'EMB_P', 'EMB_P', 'EMB_P', 'EMB_P']","['EMB_O', 'EMB_O', 'EMB_O', 'EMB_O', 'EMB_O', 'EMB_O', 'EMB_O', 'EMB_O', 'EMB_O', 'EMB_O', 'EMB_O', 'EMB_O', 'EMB_O', 'EMB_O', 'EMB_O', 'EMB_O', 'EMB_O', 'EMB_O', 'EMB_O', 'EMB_O', 'OPN_B', 'OPN_I', 'OPN_I', 'OPN_I', 'OPN_I', 'OPN_I', 'OPN_I', 'OPN_I', 'OPN_I', 'OPN_I', 'OPN_I', 'OPN_I', 'OPN_I', 'OPN_E', 'EMB_O', 'EMB_O', 'EMB_O', 'EMB_O', 'EMB_O', 'EMB_O', 'EMB_P', 'EMB_P', 'EMB_P', 'EMB_P', 'EMB_P', 'EMB_P', 'EMB_P', 'EMB_P', 'EMB_P', 'EMB_P', 'EMB_P', 'EMB_P', 'EMB_P', 'EMB_P', 'EMB_P', 'EMB_P', 'EMB_P', 'EMB_P', 'EMB_P', 'EMB_P', 'EMB_P', 'EMB_P', 'EMB_P', 'EMB_P', 'EMB_P', 'EMB_P', 'EMB_P', 'EMB_P', 'EMB_P', 'EMB_P', 'EMB_P', 'EMB_P', 'EMB_P', 'EMB_P', 'EMB_P', 'EMB_P', 'EMB_P', 'EMB_P', 'EMB_P', 'EMB_P', 'EMB_P', 'EMB_P', 'EMB_P', 'EMB_P', 'EMB_P', 'EMB_P', 'EMB_P', 'EMB_P', 'EMB_P', 'EMB_P', 'EMB_P', 'EMB_P', 'EMB_P', 'EMB_P', 'EMB_P', 'EMB_P', 'EMB_P', 'EMB_P', 'EMB_P', 'EMB_P', 'EMB_P', 'EMB_P', 'EMB_P', 'EMB_P', 'EMB_P', 'EMB_P', 'EMB_P', 'EMB_P', 'EMB_P', 'EMB_P', 'EMB_P', 'EMB_P', 'EMB_P', 'EMB_P', 'EMB_P', 'EMB_P', 'EMB_P', 'EMB_P', 'EMB_P', 'EMB_P', 'EMB_P', 'EMB_P', 'EMB_P', 'EMB_P', 'EMB_P', 'EMB_P', 'EMB_P', 'EMB_P']"
304,дівчат,не було,29321:9_1191,"Що стосовно обслуговування...то тут я хочу сказати, що претензій особливих  немає, тарілки прибиралися вчасно, але і зацікавленості в нас особливо у дівчат не було",4.83,3.67,"['EMB_O', 'EMB_O', 'EMB_O', 'EMB_O', 'EMB_O', 'EMB_O', 'EMB_O', 'EMB_O', 'EMB_O', 'EMB_O', 'EMB_O', 'EMB_O', 'EMB_O', 'EMB_O', 'EMB_O', 'EMB_O', 'EMB_O', 'EMB_O', 'EMB_O', 'EMB_O', 'EMB_O', 'EMB_O', 'EMB_O', 'EMB_O', 'EMB_O', 'EMB_O', 'EMB_O', 'EMB_O', 'EMB_O', 'EMB_O', 'EMB_O', 'EMB_O', 'EMB_O', 'EMB_O', 'EMB_O', 'EMB_O', 'EMB_O', 'EMB_O', 'EMB_O', 'EMB_O', 'EMB_O', 'EMB_O', 'EMB_O', 'EMB_O', 'EMB_O', 'EMB_O', 'EMB_O', 'EMB_O', 'EMB_O', 'EMB_O', 'EMB_O', 'EMB_O', 'EMB_O', 'ASP_B', 'ASP_I', 'ASP_E', 'EMB_O', 'EMB_O', 'EMB_O', 'EMB_P', 'EMB_P', 'EMB_P', 'EMB_P', 'EMB_P', 'EMB_P', 'EMB_P', 'EMB_P', 'EMB_P', 'EMB_P', 'EMB_P', 'EMB_P', 'EMB_P', 'EMB_P', 'EMB_P', 'EMB_P', 'EMB_P', 'EMB_P', 'EMB_P', 'EMB_P', 'EMB_P', 'EMB_P', 'EMB_P', 'EMB_P', 'EMB_P', 'EMB_P', 'EMB_P', 'EMB_P', 'EMB_P', 'EMB_P', 'EMB_P', 'EMB_P', 'EMB_P', 'EMB_P', 'EMB_P', 'EMB_P', 'EMB_P', 'EMB_P', 'EMB_P', 'EMB_P', 'EMB_P', 'EMB_P', 'EMB_P', 'EMB_P', 'EMB_P', 'EMB_P', 'EMB_P', 'EMB_P', 'EMB_P', 'EMB_P', 'EMB_P', 'EMB_P', 'EMB_P', 'EMB_P', 'EMB_P', 'EMB_P', 'EMB_P', 'EMB_P', 'EMB_P', 'EMB_P', 'EMB_P', 'EMB_P', 'EMB_P', 'EMB_P', 'EMB_P', 'EMB_P', 'EMB_P', 'EMB_P', 'EMB_P']","['EMB_O', 'EMB_O', 'EMB_O', 'EMB_O', 'EMB_O', 'EMB_O', 'EMB_O', 'EMB_O', 'EMB_O', 'EMB_O', 'EMB_O', 'EMB_O', 'EMB_O', 'EMB_O', 'EMB_O', 'EMB_O', 'EMB_O', 'EMB_O', 'EMB_O', 'EMB_O', 'EMB_O', 'EMB_O', 'EMB_O', 'EMB_O', 'EMB_O', 'EMB_O', 'EMB_O', 'EMB_O', 'EMB_O', 'EMB_O', 'EMB_O', 'EMB_O', 'EMB_O', 'EMB_O', 'EMB_O', 'EMB_O', 'EMB_O', 'EMB_O', 'EMB_O', 'EMB_O', 'EMB_O', 'EMB_O', 'EMB_O', 'EMB_O', 'EMB_O', 'EMB_O', 'EMB_O', 'EMB_O', 'EMB_O', 'EMB_O', 'EMB_O', 'EMB_O', 'EMB_O', 'EMB_O', 'EMB_O', 'EMB_O', 'OPN_B', 'OPN_E', 'EMB_O', 'EMB_P', 'EMB_P', 'EMB_P', 'EMB_P', 'EMB_P', 'EMB_P', 'EMB_P', 'EMB_P', 'EMB_P', 'EMB_P', 'EMB_P', 'EMB_P', 'EMB_P', 'EMB_P', 'EMB_P', 'EMB_P', 'EMB_P', 'EMB_P', 'EMB_P', 'EMB_P', 'EMB_P', 'EMB_P', 'EMB_P', 'EMB_P', 'EMB_P', 'EMB_P', 'EMB_P', 'EMB_P', 'EMB_P', 'EMB_P', 'EMB_P', 'EMB_P', 'EMB_P', 'EMB_P', 'EMB_P', 'EMB_P', 'EMB_P', 'EMB_P', 'EMB_P', 'EMB_P', 'EMB_P', 'EMB_P', 'EMB_P', 'EMB_P', 'EMB_P', 'EMB_P', 'EMB_P', 'EMB_P', 'EMB_P', 'EMB_P', 'EMB_P', 'EMB_P', 'EMB_P', 'EMB_P', 'EMB_P', 'EMB_P', 'EMB_P', 'EMB_P', 'EMB_P', 'EMB_P', 'EMB_P', 'EMB_P', 'EMB_P', 'EMB_P', 'EMB_P', 'EMB_P', 'EMB_P', 'EMB_P', 'EMB_P']"
305,обслуговування,не отримали,29321:11_1192,"Ми сиділи усімох, залишили п'ять тисяч, а ось якогось задоволення від обслуговування і прийому не отримали, хоча все було смачно, красиво подано і прикрашено.",4.5,4.25,"['EMB_O', 'EMB_O', 'EMB_O', 'EMB_O', 'EMB_O', 'EMB_O', 'EMB_O', 'EMB_O', 'EMB_O', 'EMB_O', 'EMB_O', 'EMB_O', 'EMB_O', 'EMB_O', 'EMB_O', 'EMB_O', 'EMB_O', 'EMB_O', 'EMB_O', 'EMB_O', 'EMB_O', 'EMB_O', 'EMB_O', 'EMB_O', 'EMB_O', 'EMB_O', 'EMB_O', 'ASP_B', 'ASP_I', 'ASP_I', 'ASP_E', 'EMB_O', 'EMB_O', 'EMB_O', 'EMB_O', 'EMB_O', 'EMB_O', 'EMB_O', 'EMB_O', 'EMB_O', 'EMB_O', 'EMB_O', 'EMB_O', 'EMB_O', 'EMB_O', 'EMB_O', 'EMB_O', 'EMB_O', 'EMB_O', 'EMB_O', 'EMB_O', 'EMB_O', 'EMB_O', 'EMB_O', 'EMB_O', 'EMB_O', 'EMB_O', 'EMB_P', 'EMB_P', 'EMB_P', 'EMB_P', 'EMB_P', 'EMB_P', 'EMB_P', 'EMB_P', 'EMB_P', 'EMB_P', 'EMB_P', 'EMB_P', 'EMB_P', 'EMB_P', 'EMB_P', 'EMB_P', 'EMB_P', 'EMB_P', 'EMB_P', 'EMB_P', 'EMB_P', 'EMB_P', 'EMB_P', 'EMB_P', 'EMB_P', 'EMB_P', 'EMB_P', 'EMB_P', 'EMB_P', 'EMB_P', 'EMB_P', 'EMB_P', 'EMB_P', 'EMB_P', 'EMB_P', 'EMB_P', 'EMB_P', 'EMB_P', 'EMB_P', 'EMB_P', 'EMB_P', 'EMB_P', 'EMB_P', 'EMB_P', 'EMB_P', 'EMB_P', 'EMB_P', 'EMB_P', 'EMB_P', 'EMB_P', 'EMB_P', 'EMB_P', 'EMB_P', 'EMB_P', 'EMB_P', 'EMB_P', 'EMB_P', 'EMB_P', 'EMB_P', 'EMB_P', 'EMB_P', 'EMB_P', 'EMB_P', 'EMB_P', 'EMB_P', 'EMB_P', 'EMB_P', 'EMB_P', 'EMB_P', 'EMB_P', 'EMB_P']","['EMB_O', 'EMB_O', 'EMB_O', 'EMB_O', 'EMB_O', 'EMB_O', 'EMB_O', 'EMB_O', 'EMB_O', 'EMB_O', 'EMB_O', 'EMB_O', 'EMB_O', 'EMB_O', 'EMB_O', 'EMB_O', 'EMB_O', 'EMB_O', 'EMB_O', 'EMB_O', 'EMB_O', 'EMB_O', 'EMB_O', 'EMB_O', 'EMB_O', 'EMB_O', 'EMB_O', 'EMB_O', 'EMB_O', 'EMB_O', 'EMB_O', 'EMB_O', 'EMB_O', 'EMB_O', 'EMB_O', 'OPN_B', 'OPN_E', 'EMB_O', 'EMB_O', 'EMB_O', 'EMB_O', 'EMB_O', 'EMB_O', 'EMB_O', 'EMB_O', 'EMB_O', 'EMB_O', 'EMB_O', 'EMB_O', 'EMB_O', 'EMB_O', 'EMB_O', 'EMB_O', 'EMB_O', 'EMB_O', 'EMB_O', 'EMB_O', 'EMB_P', 'EMB_P', 'EMB_P', 'EMB_P', 'EMB_P', 'EMB_P', 'EMB_P', 'EMB_P', 'EMB_P', 'EMB_P', 'EMB_P', 'EMB_P', 'EMB_P', 'EMB_P', 'EMB_P', 'EMB_P', 'EMB_P', 'EMB_P', 'EMB_P', 'EMB_P', 'EMB_P', 'EMB_P', 'EMB_P', 'EMB_P', 'EMB_P', 'EMB_P', 'EMB_P', 'EMB_P', 'EMB_P', 'EMB_P', 'EMB_P', 'EMB_P', 'EMB_P', 'EMB_P', 'EMB_P', 'EMB_P', 'EMB_P', 'EMB_P', 'EMB_P', 'EMB_P', 'EMB_P', 'EMB_P', 'EMB_P', 'EMB_P', 'EMB_P', 'EMB_P', 'EMB_P', 'EMB_P', 'EMB_P', 'EMB_P', 'EMB_P', 'EMB_P', 'EMB_P', 'EMB_P', 'EMB_P', 'EMB_P', 'EMB_P', 'EMB_P', 'EMB_P', 'EMB_P', 'EMB_P', 'EMB_P', 'EMB_P', 'EMB_P', 'EMB_P', 'EMB_P', 'EMB_P', 'EMB_P', 'EMB_P', 'EMB_P', 'EMB_P']"
306,прийому,не отримали,29321:11_1192,"Ми сиділи усімох, залишили п'ять тисяч, а ось якогось задоволення від обслуговування і прийому не отримали, хоча все було смачно, красиво подано і прикрашено.",4.5,4.5,"['EMB_O', 'EMB_O', 'EMB_O', 'EMB_O', 'EMB_O', 'EMB_O', 'EMB_O', 'EMB_O', 'EMB_O', 'EMB_O', 'EMB_O', 'EMB_O', 'EMB_O', 'EMB_O', 'EMB_O', 'EMB_O', 'EMB_O', 'EMB_O', 'EMB_O', 'EMB_O', 'EMB_O', 'EMB_O', 'EMB_O', 'EMB_O', 'EMB_O', 'EMB_O', 'EMB_O', 'EMB_O', 'EMB_O', 'EMB_O', 'EMB_O', 'EMB_O', 'ASP_B', 'ASP_I', 'ASP_E', 'EMB_O', 'EMB_O', 'EMB_O', 'EMB_O', 'EMB_O', 'EMB_O', 'EMB_O', 'EMB_O', 'EMB_O', 'EMB_O', 'EMB_O', 'EMB_O', 'EMB_O', 'EMB_O', 'EMB_O', 'EMB_O', 'EMB_O', 'EMB_O', 'EMB_O', 'EMB_O', 'EMB_O', 'EMB_O', 'EMB_P', 'EMB_P', 'EMB_P', 'EMB_P', 'EMB_P', 'EMB_P', 'EMB_P', 'EMB_P', 'EMB_P', 'EMB_P', 'EMB_P', 'EMB_P', 'EMB_P', 'EMB_P', 'EMB_P', 'EMB_P', 'EMB_P', 'EMB_P', 'EMB_P', 'EMB_P', 'EMB_P', 'EMB_P', 'EMB_P', 'EMB_P', 'EMB_P', 'EMB_P', 'EMB_P', 'EMB_P', 'EMB_P', 'EMB_P', 'EMB_P', 'EMB_P', 'EMB_P', 'EMB_P', 'EMB_P', 'EMB_P', 'EMB_P', 'EMB_P', 'EMB_P', 'EMB_P', 'EMB_P', 'EMB_P', 'EMB_P', 'EMB_P', 'EMB_P', 'EMB_P', 'EMB_P', 'EMB_P', 'EMB_P', 'EMB_P', 'EMB_P', 'EMB_P', 'EMB_P', 'EMB_P', 'EMB_P', 'EMB_P', 'EMB_P', 'EMB_P', 'EMB_P', 'EMB_P', 'EMB_P', 'EMB_P', 'EMB_P', 'EMB_P', 'EMB_P', 'EMB_P', 'EMB_P', 'EMB_P', 'EMB_P', 'EMB_P', 'EMB_P']","['EMB_O', 'EMB_O', 'EMB_O', 'EMB_O', 'EMB_O', 'EMB_O', 'EMB_O', 'EMB_O', 'EMB_O', 'EMB_O', 'EMB_O', 'EMB_O', 'EMB_O', 'EMB_O', 'EMB_O', 'EMB_O', 'EMB_O', 'EMB_O', 'EMB_O', 'EMB_O', 'EMB_O', 'EMB_O', 'EMB_O', 'EMB_O', 'EMB_O', 'EMB_O', 'EMB_O', 'EMB_O', 'EMB_O', 'EMB_O', 'EMB_O', 'EMB_O', 'EMB_O', 'EMB_O', 'EMB_O', 'OPN_B', 'OPN_E', 'EMB_O', 'EMB_O', 'EMB_O', 'EMB_O', 'EMB_O', 'EMB_O', 'EMB_O', 'EMB_O', 'EMB_O', 'EMB_O', 'EMB_O', 'EMB_O', 'EMB_O', 'EMB_O', 'EMB_O', 'EMB_O', 'EMB_O', 'EMB_O', 'EMB_O', 'EMB_O', 'EMB_P', 'EMB_P', 'EMB_P', 'EMB_P', 'EMB_P', 'EMB_P', 'EMB_P', 'EMB_P', 'EMB_P', 'EMB_P', 'EMB_P', 'EMB_P', 'EMB_P', 'EMB_P', 'EMB_P', 'EMB_P', 'EMB_P', 'EMB_P', 'EMB_P', 'EMB_P', 'EMB_P', 'EMB_P', 'EMB_P', 'EMB_P', 'EMB_P', 'EMB_P', 'EMB_P', 'EMB_P', 'EMB_P', 'EMB_P', 'EMB_P', 'EMB_P', 'EMB_P', 'EMB_P', 'EMB_P', 'EMB_P', 'EMB_P', 'EMB_P', 'EMB_P', 'EMB_P', 'EMB_P', 'EMB_P', 'EMB_P', 'EMB_P', 'EMB_P', 'EMB_P', 'EMB_P', 'EMB_P', 'EMB_P', 'EMB_P', 'EMB_P', 'EMB_P', 'EMB_P', 'EMB_P', 'EMB_P', 'EMB_P', 'EMB_P', 'EMB_P', 'EMB_P', 'EMB_P', 'EMB_P', 'EMB_P', 'EMB_P', 'EMB_P', 'EMB_P', 'EMB_P', 'EMB_P', 'EMB_P', 'EMB_P', 'EMB_P', 'EMB_P']"
307,обслуговування,тільки 6,29321:12_1193,За обслуговування тільки 6.,5.12,3.62,"['EMB_O', 'EMB_O', 'ASP_B', 'ASP_I', 'ASP_I', 'ASP_E', 'EMB_O', 'EMB_O', 'EMB_O', 'EMB_O', 'EMB_P', 'EMB_P', 'EMB_P', 'EMB_P', 'EMB_P', 'EMB_P', 'EMB_P', 'EMB_P', 'EMB_P', 'EMB_P', 'EMB_P', 'EMB_P', 'EMB_P', 'EMB_P', 'EMB_P', 'EMB_P', 'EMB_P', 'EMB_P', 'EMB_P', 'EMB_P', 'EMB_P', 'EMB_P', 'EMB_P', 'EMB_P', 'EMB_P', 'EMB_P', 'EMB_P', 'EMB_P', 'EMB_P', 'EMB_P', 'EMB_P', 'EMB_P', 'EMB_P', 'EMB_P', 'EMB_P', 'EMB_P', 'EMB_P', 'EMB_P', 'EMB_P', 'EMB_P', 'EMB_P', 'EMB_P', 'EMB_P', 'EMB_P', 'EMB_P', 'EMB_P', 'EMB_P', 'EMB_P', 'EMB_P', 'EMB_P', 'EMB_P', 'EMB_P', 'EMB_P', 'EMB_P', 'EMB_P', 'EMB_P', 'EMB_P', 'EMB_P', 'EMB_P', 'EMB_P', 'EMB_P', 'EMB_P', 'EMB_P', 'EMB_P', 'EMB_P', 'EMB_P', 'EMB_P', 'EMB_P', 'EMB_P', 'EMB_P', 'EMB_P', 'EMB_P', 'EMB_P', 'EMB_P', 'EMB_P', 'EMB_P', 'EMB_P', 'EMB_P', 'EMB_P', 'EMB_P', 'EMB_P', 'EMB_P', 'EMB_P', 'EMB_P', 'EMB_P', 'EMB_P', 'EMB_P', 'EMB_P', 'EMB_P', 'EMB_P', 'EMB_P', 'EMB_P', 'EMB_P', 'EMB_P', 'EMB_P', 'EMB_P', 'EMB_P', 'EMB_P', 'EMB_P', 'EMB_P', 'EMB_P', 'EMB_P', 'EMB_P', 'EMB_P', 'EMB_P', 'EMB_P', 'EMB_P', 'EMB_P', 'EMB_P', 'EMB_P', 'EMB_P', 'EMB_P', 'EMB_P', 'EMB_P', 'EMB_P', 'EMB_P', 'EMB_P', 'EMB_P']","['EMB_O', 'EMB_O', 'EMB_O', 'EMB_O', 'EMB_O', 'EMB_O', 'OPN_B', 'OPN_E', 'EMB_O', 'EMB_O', 'EMB_P', 'EMB_P', 'EMB_P', 'EMB_P', 'EMB_P', 'EMB_P', 'EMB_P', 'EMB_P', 'EMB_P', 'EMB_P', 'EMB_P', 'EMB_P', 'EMB_P', 'EMB_P', 'EMB_P', 'EMB_P', 'EMB_P', 'EMB_P', 'EMB_P', 'EMB_P', 'EMB_P', 'EMB_P', 'EMB_P', 'EMB_P', 'EMB_P', 'EMB_P', 'EMB_P', 'EMB_P', 'EMB_P', 'EMB_P', 'EMB_P', 'EMB_P', 'EMB_P', 'EMB_P', 'EMB_P', 'EMB_P', 'EMB_P', 'EMB_P', 'EMB_P', 'EMB_P', 'EMB_P', 'EMB_P', 'EMB_P', 'EMB_P', 'EMB_P', 'EMB_P', 'EMB_P', 'EMB_P', 'EMB_P', 'EMB_P', 'EMB_P', 'EMB_P', 'EMB_P', 'EMB_P', 'EMB_P', 'EMB_P', 'EMB_P', 'EMB_P', 'EMB_P', 'EMB_P', 'EMB_P', 'EMB_P', 'EMB_P', 'EMB_P', 'EMB_P', 'EMB_P', 'EMB_P', 'EMB_P', 'EMB_P', 'EMB_P', 'EMB_P', 'EMB_P', 'EMB_P', 'EMB_P', 'EMB_P', 'EMB_P', 'EMB_P', 'EMB_P', 'EMB_P', 'EMB_P', 'EMB_P', 'EMB_P', 'EMB_P', 'EMB_P', 'EMB_P', 'EMB_P', 'EMB_P', 'EMB_P', 'EMB_P', 'EMB_P', 'EMB_P', 'EMB_P', 'EMB_P', 'EMB_P', 'EMB_P', 'EMB_P', 'EMB_P', 'EMB_P', 'EMB_P', 'EMB_P', 'EMB_P', 'EMB_P', 'EMB_P', 'EMB_P', 'EMB_P', 'EMB_P', 'EMB_P', 'EMB_P', 'EMB_P', 'EMB_P', 'EMB_P', 'EMB_P', 'EMB_P', 'EMB_P', 'EMB_P', 'EMB_P', 'EMB_P', 'EMB_P']"
308,їжа,дуже смачна,29350:1_1194,"У ресторані дуже смачна їжа, зокрема-суші, роли,свинячий шашлик, теплий мексиканський салат(рекомендую)!!! 2.",7.8,7.0,"['EMB_O', 'EMB_O', 'EMB_O', 'EMB_O', 'EMB_O', 'EMB_O', 'EMB_O', 'EMB_O', 'EMB_O', 'EMB_O', 'ASP_B', 'ASP_E', 'EMB_O', 'EMB_O', 'EMB_O', 'EMB_O', 'EMB_O', 'EMB_O', 'EMB_O', 'EMB_O', 'EMB_O', 'EMB_O', 'EMB_O', 'EMB_O', 'EMB_O', 'EMB_O', 'EMB_O', 'EMB_O', 'EMB_O', 'EMB_O', 'EMB_O', 'EMB_O', 'EMB_O', 'EMB_O', 'EMB_O', 'EMB_O', 'EMB_O', 'EMB_O', 'EMB_O', 'EMB_O', 'EMB_O', 'EMB_O', 'EMB_O', 'EMB_O', 'EMB_O', 'EMB_O', 'EMB_O', 'EMB_O', 'EMB_P', 'EMB_P', 'EMB_P', 'EMB_P', 'EMB_P', 'EMB_P', 'EMB_P', 'EMB_P', 'EMB_P', 'EMB_P', 'EMB_P', 'EMB_P', 'EMB_P', 'EMB_P', 'EMB_P', 'EMB_P', 'EMB_P', 'EMB_P', 'EMB_P', 'EMB_P', 'EMB_P', 'EMB_P', 'EMB_P', 'EMB_P', 'EMB_P', 'EMB_P', 'EMB_P', 'EMB_P', 'EMB_P', 'EMB_P', 'EMB_P', 'EMB_P', 'EMB_P', 'EMB_P', 'EMB_P', 'EMB_P', 'EMB_P', 'EMB_P', 'EMB_P', 'EMB_P', 'EMB_P', 'EMB_P', 'EMB_P', 'EMB_P', 'EMB_P', 'EMB_P', 'EMB_P', 'EMB_P', 'EMB_P', 'EMB_P', 'EMB_P', 'EMB_P', 'EMB_P', 'EMB_P', 'EMB_P', 'EMB_P', 'EMB_P', 'EMB_P', 'EMB_P', 'EMB_P', 'EMB_P', 'EMB_P', 'EMB_P', 'EMB_P', 'EMB_P', 'EMB_P', 'EMB_P', 'EMB_P', 'EMB_P', 'EMB_P', 'EMB_P', 'EMB_P', 'EMB_P', 'EMB_P', 'EMB_P', 'EMB_P', 'EMB_P', 'EMB_P', 'EMB_P', 'EMB_P']","['EMB_O', 'EMB_O', 'EMB_O', 'EMB_O', 'EMB_O', 'EMB_O', 'OPN_B', 'OPN_I', 'OPN_I', 'OPN_E', 'EMB_O', 'EMB_O', 'EMB_O', 'EMB_O', 'EMB_O', 'EMB_O', 'EMB_O', 'EMB_O', 'EMB_O', 'EMB_O', 'EMB_O', 'EMB_O', 'EMB_O', 'EMB_O', 'EMB_O', 'EMB_O', 'EMB_O', 'EMB_O', 'EMB_O', 'EMB_O', 'EMB_O', 'EMB_O', 'EMB_O', 'EMB_O', 'EMB_O', 'EMB_O', 'EMB_O', 'EMB_O', 'EMB_O', 'EMB_O', 'EMB_O', 'EMB_O', 'EMB_O', 'EMB_O', 'EMB_O', 'EMB_O', 'EMB_O', 'EMB_O', 'EMB_P', 'EMB_P', 'EMB_P', 'EMB_P', 'EMB_P', 'EMB_P', 'EMB_P', 'EMB_P', 'EMB_P', 'EMB_P', 'EMB_P', 'EMB_P', 'EMB_P', 'EMB_P', 'EMB_P', 'EMB_P', 'EMB_P', 'EMB_P', 'EMB_P', 'EMB_P', 'EMB_P', 'EMB_P', 'EMB_P', 'EMB_P', 'EMB_P', 'EMB_P', 'EMB_P', 'EMB_P', 'EMB_P', 'EMB_P', 'EMB_P', 'EMB_P', 'EMB_P', 'EMB_P', 'EMB_P', 'EMB_P', 'EMB_P', 'EMB_P', 'EMB_P', 'EMB_P', 'EMB_P', 'EMB_P', 'EMB_P', 'EMB_P', 'EMB_P', 'EMB_P', 'EMB_P', 'EMB_P', 'EMB_P', 'EMB_P', 'EMB_P', 'EMB_P', 'EMB_P', 'EMB_P', 'EMB_P', 'EMB_P', 'EMB_P', 'EMB_P', 'EMB_P', 'EMB_P', 'EMB_P', 'EMB_P', 'EMB_P', 'EMB_P', 'EMB_P', 'EMB_P', 'EMB_P', 'EMB_P', 'EMB_P', 'EMB_P', 'EMB_P', 'EMB_P', 'EMB_P', 'EMB_P', 'EMB_P', 'EMB_P', 'EMB_P', 'EMB_P', 'EMB_P', 'EMB_P']"
309,суші,дуже смачна,29350:1_1194,"У ресторані дуже смачна їжа, зокрема-суші, роли,свинячий шашлик, теплий мексиканський салат(рекомендую)!!! 2.",7.8,7.0,"['EMB_O', 'EMB_O', 'EMB_O', 'EMB_O', 'EMB_O', 'EMB_O', 'EMB_O', 'EMB_O', 'EMB_O', 'EMB_O', 'EMB_O', 'EMB_O', 'EMB_O', 'EMB_O', 'EMB_O', 'ASP_B', 'ASP_E', 'EMB_O', 'EMB_O', 'EMB_O', 'EMB_O', 'EMB_O', 'EMB_O', 'EMB_O', 'EMB_O', 'EMB_O', 'EMB_O', 'EMB_O', 'EMB_O', 'EMB_O', 'EMB_O', 'EMB_O', 'EMB_O', 'EMB_O', 'EMB_O', 'EMB_O', 'EMB_O', 'EMB_O', 'EMB_O', 'EMB_O', 'EMB_O', 'EMB_O', 'EMB_O', 'EMB_O', 'EMB_O', 'EMB_O', 'EMB_O', 'EMB_O', 'EMB_P', 'EMB_P', 'EMB_P', 'EMB_P', 'EMB_P', 'EMB_P', 'EMB_P', 'EMB_P', 'EMB_P', 'EMB_P', 'EMB_P', 'EMB_P', 'EMB_P', 'EMB_P', 'EMB_P', 'EMB_P', 'EMB_P', 'EMB_P', 'EMB_P', 'EMB_P', 'EMB_P', 'EMB_P', 'EMB_P', 'EMB_P', 'EMB_P', 'EMB_P', 'EMB_P', 'EMB_P', 'EMB_P', 'EMB_P', 'EMB_P', 'EMB_P', 'EMB_P', 'EMB_P', 'EMB_P', 'EMB_P', 'EMB_P', 'EMB_P', 'EMB_P', 'EMB_P', 'EMB_P', 'EMB_P', 'EMB_P', 'EMB_P', 'EMB_P', 'EMB_P', 'EMB_P', 'EMB_P', 'EMB_P', 'EMB_P', 'EMB_P', 'EMB_P', 'EMB_P', 'EMB_P', 'EMB_P', 'EMB_P', 'EMB_P', 'EMB_P', 'EMB_P', 'EMB_P', 'EMB_P', 'EMB_P', 'EMB_P', 'EMB_P', 'EMB_P', 'EMB_P', 'EMB_P', 'EMB_P', 'EMB_P', 'EMB_P', 'EMB_P', 'EMB_P', 'EMB_P', 'EMB_P', 'EMB_P', 'EMB_P', 'EMB_P', 'EMB_P', 'EMB_P', 'EMB_P']","['EMB_O', 'EMB_O', 'EMB_O', 'EMB_O', 'EMB_O', 'EMB_O', 'OPN_B', 'OPN_I', 'OPN_I', 'OPN_E', 'EMB_O', 'EMB_O', 'EMB_O', 'EMB_O', 'EMB_O', 'EMB_O', 'EMB_O', 'EMB_O', 'EMB_O', 'EMB_O', 'EMB_O', 'EMB_O', 'EMB_O', 'EMB_O', 'EMB_O', 'EMB_O', 'EMB_O', 'EMB_O', 'EMB_O', 'EMB_O', 'EMB_O', 'EMB_O', 'EMB_O', 'EMB_O', 'EMB_O', 'EMB_O', 'EMB_O', 'EMB_O', 'EMB_O', 'EMB_O', 'EMB_O', 'EMB_O', 'EMB_O', 'EMB_O', 'EMB_O', 'EMB_O', 'EMB_O', 'EMB_O', 'EMB_P', 'EMB_P', 'EMB_P', 'EMB_P', 'EMB_P', 'EMB_P', 'EMB_P', 'EMB_P', 'EMB_P', 'EMB_P', 'EMB_P', 'EMB_P', 'EMB_P', 'EMB_P', 'EMB_P', 'EMB_P', 'EMB_P', 'EMB_P', 'EMB_P', 'EMB_P', 'EMB_P', 'EMB_P', 'EMB_P', 'EMB_P', 'EMB_P', 'EMB_P', 'EMB_P', 'EMB_P', 'EMB_P', 'EMB_P', 'EMB_P', 'EMB_P', 'EMB_P', 'EMB_P', 'EMB_P', 'EMB_P', 'EMB_P', 'EMB_P', 'EMB_P', 'EMB_P', 'EMB_P', 'EMB_P', 'EMB_P', 'EMB_P', 'EMB_P', 'EMB_P', 'EMB_P', 'EMB_P', 'EMB_P', 'EMB_P', 'EMB_P', 'EMB_P', 'EMB_P', 'EMB_P', 'EMB_P', 'EMB_P', 'EMB_P', 'EMB_P', 'EMB_P', 'EMB_P', 'EMB_P', 'EMB_P', 'EMB_P', 'EMB_P', 'EMB_P', 'EMB_P', 'EMB_P', 'EMB_P', 'EMB_P', 'EMB_P', 'EMB_P', 'EMB_P', 'EMB_P', 'EMB_P', 'EMB_P', 'EMB_P', 'EMB_P', 'EMB_P', 'EMB_P', 'EMB_P']"
310,роли,дуже смачна,29350:1_1194,"У ресторані дуже смачна їжа, зокрема-суші, роли,свинячий шашлик, теплий мексиканський салат(рекомендую)!!! 2.",7.8,7.0,"['EMB_O', 'EMB_O', 'EMB_O', 'EMB_O', 'EMB_O', 'EMB_O', 'EMB_O', 'EMB_O', 'EMB_O', 'EMB_O', 'EMB_O', 'EMB_O', 'EMB_O', 'EMB_O', 'EMB_O', 'EMB_O', 'EMB_O', 'EMB_O', 'ASP_S', 'EMB_O', 'EMB_O', 'EMB_O', 'EMB_O', 'EMB_O', 'EMB_O', 'EMB_O', 'EMB_O', 'EMB_O', 'EMB_O', 'EMB_O', 'EMB_O', 'EMB_O', 'EMB_O', 'EMB_O', 'EMB_O', 'EMB_O', 'EMB_O', 'EMB_O', 'EMB_O', 'EMB_O', 'EMB_O', 'EMB_O', 'EMB_O', 'EMB_O', 'EMB_O', 'EMB_O', 'EMB_O', 'EMB_O', 'EMB_P', 'EMB_P', 'EMB_P', 'EMB_P', 'EMB_P', 'EMB_P', 'EMB_P', 'EMB_P', 'EMB_P', 'EMB_P', 'EMB_P', 'EMB_P', 'EMB_P', 'EMB_P', 'EMB_P', 'EMB_P', 'EMB_P', 'EMB_P', 'EMB_P', 'EMB_P', 'EMB_P', 'EMB_P', 'EMB_P', 'EMB_P', 'EMB_P', 'EMB_P', 'EMB_P', 'EMB_P', 'EMB_P', 'EMB_P', 'EMB_P', 'EMB_P', 'EMB_P', 'EMB_P', 'EMB_P', 'EMB_P', 'EMB_P', 'EMB_P', 'EMB_P', 'EMB_P', 'EMB_P', 'EMB_P', 'EMB_P', 'EMB_P', 'EMB_P', 'EMB_P', 'EMB_P', 'EMB_P', 'EMB_P', 'EMB_P', 'EMB_P', 'EMB_P', 'EMB_P', 'EMB_P', 'EMB_P', 'EMB_P', 'EMB_P', 'EMB_P', 'EMB_P', 'EMB_P', 'EMB_P', 'EMB_P', 'EMB_P', 'EMB_P', 'EMB_P', 'EMB_P', 'EMB_P', 'EMB_P', 'EMB_P', 'EMB_P', 'EMB_P', 'EMB_P', 'EMB_P', 'EMB_P', 'EMB_P', 'EMB_P', 'EMB_P', 'EMB_P', 'EMB_P', 'EMB_P']","['EMB_O', 'EMB_O', 'EMB_O', 'EMB_O', 'EMB_O', 'EMB_O', 'OPN_B', 'OPN_I', 'OPN_I', 'OPN_E', 'EMB_O', 'EMB_O', 'EMB_O', 'EMB_O', 'EMB_O', 'EMB_O', 'EMB_O', 'EMB_O', 'EMB_O', 'EMB_O', 'EMB_O', 'EMB_O', 'EMB_O', 'EMB_O', 'EMB_O', 'EMB_O', 'EMB_O', 'EMB_O', 'EMB_O', 'EMB_O', 'EMB_O', 'EMB_O', 'EMB_O', 'EMB_O', 'EMB_O', 'EMB_O', 'EMB_O', 'EMB_O', 'EMB_O', 'EMB_O', 'EMB_O', 'EMB_O', 'EMB_O', 'EMB_O', 'EMB_O', 'EMB_O', 'EMB_O', 'EMB_O', 'EMB_P', 'EMB_P', 'EMB_P', 'EMB_P', 'EMB_P', 'EMB_P', 'EMB_P', 'EMB_P', 'EMB_P', 'EMB_P', 'EMB_P', 'EMB_P', 'EMB_P', 'EMB_P', 'EMB_P', 'EMB_P', 'EMB_P', 'EMB_P', 'EMB_P', 'EMB_P', 'EMB_P', 'EMB_P', 'EMB_P', 'EMB_P', 'EMB_P', 'EMB_P', 'EMB_P', 'EMB_P', 'EMB_P', 'EMB_P', 'EMB_P', 'EMB_P', 'EMB_P', 'EMB_P', 'EMB_P', 'EMB_P', 'EMB_P', 'EMB_P', 'EMB_P', 'EMB_P', 'EMB_P', 'EMB_P', 'EMB_P', 'EMB_P', 'EMB_P', 'EMB_P', 'EMB_P', 'EMB_P', 'EMB_P', 'EMB_P', 'EMB_P', 'EMB_P', 'EMB_P', 'EMB_P', 'EMB_P', 'EMB_P', 'EMB_P', 'EMB_P', 'EMB_P', 'EMB_P', 'EMB_P', 'EMB_P', 'EMB_P', 'EMB_P', 'EMB_P', 'EMB_P', 'EMB_P', 'EMB_P', 'EMB_P', 'EMB_P', 'EMB_P', 'EMB_P', 'EMB_P', 'EMB_P', 'EMB_P', 'EMB_P', 'EMB_P', 'EMB_P', 'EMB_P', 'EMB_P']"
311,свинячий шашлик,дуже смачна,29350:1_1194,"У ресторані дуже смачна їжа, зокрема-суші, роли,свинячий шашлик, теплий мексиканський салат(рекомендую)!!! 2.",7.8,7.0,"['EMB_O', 'EMB_O', 'EMB_O', 'EMB_O', 'EMB_O', 'EMB_O', 'EMB_O', 'EMB_O', 'EMB_O', 'EMB_O', 'EMB_O', 'EMB_O', 'EMB_O', 'EMB_O', 'EMB_O', 'EMB_O', 'EMB_O', 'EMB_O', 'EMB_O', 'EMB_O', 'ASP_B', 'ASP_I', 'ASP_I', 'ASP_I', 'ASP_I', 'ASP_E', 'EMB_O', 'EMB_O', 'EMB_O', 'EMB_O', 'EMB_O', 'EMB_O', 'EMB_O', 'EMB_O', 'EMB_O', 'EMB_O', 'EMB_O', 'EMB_O', 'EMB_O', 'EMB_O', 'EMB_O', 'EMB_O', 'EMB_O', 'EMB_O', 'EMB_O', 'EMB_O', 'EMB_O', 'EMB_O', 'EMB_P', 'EMB_P', 'EMB_P', 'EMB_P', 'EMB_P', 'EMB_P', 'EMB_P', 'EMB_P', 'EMB_P', 'EMB_P', 'EMB_P', 'EMB_P', 'EMB_P', 'EMB_P', 'EMB_P', 'EMB_P', 'EMB_P', 'EMB_P', 'EMB_P', 'EMB_P', 'EMB_P', 'EMB_P', 'EMB_P', 'EMB_P', 'EMB_P', 'EMB_P', 'EMB_P', 'EMB_P', 'EMB_P', 'EMB_P', 'EMB_P', 'EMB_P', 'EMB_P', 'EMB_P', 'EMB_P', 'EMB_P', 'EMB_P', 'EMB_P', 'EMB_P', 'EMB_P', 'EMB_P', 'EMB_P', 'EMB_P', 'EMB_P', 'EMB_P', 'EMB_P', 'EMB_P', 'EMB_P', 'EMB_P', 'EMB_P', 'EMB_P', 'EMB_P', 'EMB_P', 'EMB_P', 'EMB_P', 'EMB_P', 'EMB_P', 'EMB_P', 'EMB_P', 'EMB_P', 'EMB_P', 'EMB_P', 'EMB_P', 'EMB_P', 'EMB_P', 'EMB_P', 'EMB_P', 'EMB_P', 'EMB_P', 'EMB_P', 'EMB_P', 'EMB_P', 'EMB_P', 'EMB_P', 'EMB_P', 'EMB_P', 'EMB_P', 'EMB_P', 'EMB_P', 'EMB_P']","['EMB_O', 'EMB_O', 'EMB_O', 'EMB_O', 'EMB_O', 'EMB_O', 'OPN_B', 'OPN_I', 'OPN_I', 'OPN_E', 'EMB_O', 'EMB_O', 'EMB_O', 'EMB_O', 'EMB_O', 'EMB_O', 'EMB_O', 'EMB_O', 'EMB_O', 'EMB_O', 'EMB_O', 'EMB_O', 'EMB_O', 'EMB_O', 'EMB_O', 'EMB_O', 'EMB_O', 'EMB_O', 'EMB_O', 'EMB_O', 'EMB_O', 'EMB_O', 'EMB_O', 'EMB_O', 'EMB_O', 'EMB_O', 'EMB_O', 'EMB_O', 'EMB_O', 'EMB_O', 'EMB_O', 'EMB_O', 'EMB_O', 'EMB_O', 'EMB_O', 'EMB_O', 'EMB_O', 'EMB_O', 'EMB_P', 'EMB_P', 'EMB_P', 'EMB_P', 'EMB_P', 'EMB_P', 'EMB_P', 'EMB_P', 'EMB_P', 'EMB_P', 'EMB_P', 'EMB_P', 'EMB_P', 'EMB_P', 'EMB_P', 'EMB_P', 'EMB_P', 'EMB_P', 'EMB_P', 'EMB_P', 'EMB_P', 'EMB_P', 'EMB_P', 'EMB_P', 'EMB_P', 'EMB_P', 'EMB_P', 'EMB_P', 'EMB_P', 'EMB_P', 'EMB_P', 'EMB_P', 'EMB_P', 'EMB_P', 'EMB_P', 'EMB_P', 'EMB_P', 'EMB_P', 'EMB_P', 'EMB_P', 'EMB_P', 'EMB_P', 'EMB_P', 'EMB_P', 'EMB_P', 'EMB_P', 'EMB_P', 'EMB_P', 'EMB_P', 'EMB_P', 'EMB_P', 'EMB_P', 'EMB_P', 'EMB_P', 'EMB_P', 'EMB_P', 'EMB_P', 'EMB_P', 'EMB_P', 'EMB_P', 'EMB_P', 'EMB_P', 'EMB_P', 'EMB_P', 'EMB_P', 'EMB_P', 'EMB_P', 'EMB_P', 'EMB_P', 'EMB_P', 'EMB_P', 'EMB_P', 'EMB_P', 'EMB_P', 'EMB_P', 'EMB_P', 'EMB_P', 'EMB_P', 'EMB_P', 'EMB_P']"
312,теплий мексиканський салат,дуже смачна,29350:1_1194,"У ресторані дуже смачна їжа, зокрема-суші, роли,свинячий шашлик, теплий мексиканський салат(рекомендую)!!! 2.",8.17,7.83,"['EMB_O', 'EMB_O', 'EMB_O', 'EMB_O', 'EMB_O', 'EMB_O', 'EMB_O', 'EMB_O', 'EMB_O', 'EMB_O', 'EMB_O', 'EMB_O', 'EMB_O', 'EMB_O', 'EMB_O', 'EMB_O', 'EMB_O', 'EMB_O', 'EMB_O', 'EMB_O', 'EMB_O', 'EMB_O', 'EMB_O', 'EMB_O', 'EMB_O', 'EMB_O', 'EMB_O', 'ASP_B', 'ASP_I', 'ASP_I', 'ASP_I', 'ASP_I', 'ASP_I', 'ASP_I', 'ASP_I', 'ASP_E', 'EMB_O', 'EMB_O', 'EMB_O', 'EMB_O', 'EMB_O', 'EMB_O', 'EMB_O', 'EMB_O', 'EMB_O', 'EMB_O', 'EMB_O', 'EMB_O', 'EMB_P', 'EMB_P', 'EMB_P', 'EMB_P', 'EMB_P', 'EMB_P', 'EMB_P', 'EMB_P', 'EMB_P', 'EMB_P', 'EMB_P', 'EMB_P', 'EMB_P', 'EMB_P', 'EMB_P', 'EMB_P', 'EMB_P', 'EMB_P', 'EMB_P', 'EMB_P', 'EMB_P', 'EMB_P', 'EMB_P', 'EMB_P', 'EMB_P', 'EMB_P', 'EMB_P', 'EMB_P', 'EMB_P', 'EMB_P', 'EMB_P', 'EMB_P', 'EMB_P', 'EMB_P', 'EMB_P', 'EMB_P', 'EMB_P', 'EMB_P', 'EMB_P', 'EMB_P', 'EMB_P', 'EMB_P', 'EMB_P', 'EMB_P', 'EMB_P', 'EMB_P', 'EMB_P', 'EMB_P', 'EMB_P', 'EMB_P', 'EMB_P', 'EMB_P', 'EMB_P', 'EMB_P', 'EMB_P', 'EMB_P', 'EMB_P', 'EMB_P', 'EMB_P', 'EMB_P', 'EMB_P', 'EMB_P', 'EMB_P', 'EMB_P', 'EMB_P', 'EMB_P', 'EMB_P', 'EMB_P', 'EMB_P', 'EMB_P', 'EMB_P', 'EMB_P', 'EMB_P', 'EMB_P', 'EMB_P', 'EMB_P', 'EMB_P', 'EMB_P', 'EMB_P', 'EMB_P']","['EMB_O', 'EMB_O', 'EMB_O', 'EMB_O', 'EMB_O', 'EMB_O', 'OPN_B', 'OPN_I', 'OPN_I', 'OPN_E', 'EMB_O', 'EMB_O', 'EMB_O', 'EMB_O', 'EMB_O', 'EMB_O', 'EMB_O', 'EMB_O', 'EMB_O', 'EMB_O', 'EMB_O', 'EMB_O', 'EMB_O', 'EMB_O', 'EMB_O', 'EMB_O', 'EMB_O', 'EMB_O', 'EMB_O', 'EMB_O', 'EMB_O', 'EMB_O', 'EMB_O', 'EMB_O', 'EMB_O', 'EMB_O', 'EMB_O', 'EMB_O', 'EMB_O', 'EMB_O', 'EMB_O', 'EMB_O', 'EMB_O', 'EMB_O', 'EMB_O', 'EMB_O', 'EMB_O', 'EMB_O', 'EMB_P', 'EMB_P', 'EMB_P', 'EMB_P', 'EMB_P', 'EMB_P', 'EMB_P', 'EMB_P', 'EMB_P', 'EMB_P', 'EMB_P', 'EMB_P', 'EMB_P', 'EMB_P', 'EMB_P', 'EMB_P', 'EMB_P', 'EMB_P', 'EMB_P', 'EMB_P', 'EMB_P', 'EMB_P', 'EMB_P', 'EMB_P', 'EMB_P', 'EMB_P', 'EMB_P', 'EMB_P', 'EMB_P', 'EMB_P', 'EMB_P', 'EMB_P', 'EMB_P', 'EMB_P', 'EMB_P', 'EMB_P', 'EMB_P', 'EMB_P', 'EMB_P', 'EMB_P', 'EMB_P', 'EMB_P', 'EMB_P', 'EMB_P', 'EMB_P', 'EMB_P', 'EMB_P', 'EMB_P', 'EMB_P', 'EMB_P', 'EMB_P', 'EMB_P', 'EMB_P', 'EMB_P', 'EMB_P', 'EMB_P', 'EMB_P', 'EMB_P', 'EMB_P', 'EMB_P', 'EMB_P', 'EMB_P', 'EMB_P', 'EMB_P', 'EMB_P', 'EMB_P', 'EMB_P', 'EMB_P', 'EMB_P', 'EMB_P', 'EMB_P', 'EMB_P', 'EMB_P', 'EMB_P', 'EMB_P', 'EMB_P', 'EMB_P', 'EMB_P', 'EMB_P', 'EMB_P']"
313,великого простору,Злегка не затишно,29350:2_1195,"Злегка не затишно, від великого простору і небагато прохолодно (взимку), але влітку - це супер види з вікна! 3.",3.33,5.33,"['EMB_O', 'EMB_O', 'EMB_O', 'EMB_O', 'EMB_O', 'EMB_O', 'EMB_O', 'EMB_O', 'EMB_O', 'EMB_O', 'EMB_O', 'ASP_B', 'ASP_E', 'EMB_O', 'EMB_O', 'EMB_O', 'EMB_O', 'EMB_O', 'EMB_O', 'EMB_O', 'EMB_O', 'EMB_O', 'EMB_O', 'EMB_O', 'EMB_O', 'EMB_O', 'EMB_O', 'EMB_O', 'EMB_O', 'EMB_O', 'EMB_O', 'EMB_O', 'EMB_O', 'EMB_O', 'EMB_O', 'EMB_O', 'EMB_O', 'EMB_O', 'EMB_O', 'EMB_O', 'EMB_O', 'EMB_O', 'EMB_O', 'EMB_P', 'EMB_P', 'EMB_P', 'EMB_P', 'EMB_P', 'EMB_P', 'EMB_P', 'EMB_P', 'EMB_P', 'EMB_P', 'EMB_P', 'EMB_P', 'EMB_P', 'EMB_P', 'EMB_P', 'EMB_P', 'EMB_P', 'EMB_P', 'EMB_P', 'EMB_P', 'EMB_P', 'EMB_P', 'EMB_P', 'EMB_P', 'EMB_P', 'EMB_P', 'EMB_P', 'EMB_P', 'EMB_P', 'EMB_P', 'EMB_P', 'EMB_P', 'EMB_P', 'EMB_P', 'EMB_P', 'EMB_P', 'EMB_P', 'EMB_P', 'EMB_P', 'EMB_P', 'EMB_P', 'EMB_P', 'EMB_P', 'EMB_P', 'EMB_P', 'EMB_P', 'EMB_P', 'EMB_P', 'EMB_P', 'EMB_P', 'EMB_P', 'EMB_P', 'EMB_P', 'EMB_P', 'EMB_P', 'EMB_P', 'EMB_P', 'EMB_P', 'EMB_P', 'EMB_P', 'EMB_P', 'EMB_P', 'EMB_P', 'EMB_P', 'EMB_P', 'EMB_P', 'EMB_P', 'EMB_P', 'EMB_P', 'EMB_P', 'EMB_P', 'EMB_P', 'EMB_P', 'EMB_P', 'EMB_P', 'EMB_P', 'EMB_P', 'EMB_P', 'EMB_P', 'EMB_P', 'EMB_P', 'EMB_P', 'EMB_P', 'EMB_P', 'EMB_P']","['EMB_O', 'OPN_B', 'OPN_I', 'OPN_I', 'OPN_I', 'OPN_I', 'OPN_I', 'OPN_I', 'OPN_E', 'EMB_O', 'EMB_O', 'EMB_O', 'EMB_O', 'EMB_O', 'EMB_O', 'EMB_O', 'EMB_O', 'EMB_O', 'EMB_O', 'EMB_O', 'EMB_O', 'EMB_O', 'EMB_O', 'EMB_O', 'EMB_O', 'EMB_O', 'EMB_O', 'EMB_O', 'EMB_O', 'EMB_O', 'EMB_O', 'EMB_O', 'EMB_O', 'EMB_O', 'EMB_O', 'EMB_O', 'EMB_O', 'EMB_O', 'EMB_O', 'EMB_O', 'EMB_O', 'EMB_O', 'EMB_O', 'EMB_P', 'EMB_P', 'EMB_P', 'EMB_P', 'EMB_P', 'EMB_P', 'EMB_P', 'EMB_P', 'EMB_P', 'EMB_P', 'EMB_P', 'EMB_P', 'EMB_P', 'EMB_P', 'EMB_P', 'EMB_P', 'EMB_P', 'EMB_P', 'EMB_P', 'EMB_P', 'EMB_P', 'EMB_P', 'EMB_P', 'EMB_P', 'EMB_P', 'EMB_P', 'EMB_P', 'EMB_P', 'EMB_P', 'EMB_P', 'EMB_P', 'EMB_P', 'EMB_P', 'EMB_P', 'EMB_P', 'EMB_P', 'EMB_P', 'EMB_P', 'EMB_P', 'EMB_P', 'EMB_P', 'EMB_P', 'EMB_P', 'EMB_P', 'EMB_P', 'EMB_P', 'EMB_P', 'EMB_P', 'EMB_P', 'EMB_P', 'EMB_P', 'EMB_P', 'EMB_P', 'EMB_P', 'EMB_P', 'EMB_P', 'EMB_P', 'EMB_P', 'EMB_P', 'EMB_P', 'EMB_P', 'EMB_P', 'EMB_P', 'EMB_P', 'EMB_P', 'EMB_P', 'EMB_P', 'EMB_P', 'EMB_P', 'EMB_P', 'EMB_P', 'EMB_P', 'EMB_P', 'EMB_P', 'EMB_P', 'EMB_P', 'EMB_P', 'EMB_P', 'EMB_P', 'EMB_P', 'EMB_P', 'EMB_P', 'EMB_P', 'EMB_P', 'EMB_P']"
314,види з вікна,супер,29350:2_1195,"Злегка не затишно, від великого простору і небагато прохолодно (взимку), але влітку - це супер види з вікна! 3.",8.1,7.8,"['EMB_O', 'EMB_O', 'EMB_O', 'EMB_O', 'EMB_O', 'EMB_O', 'EMB_O', 'EMB_O', 'EMB_O', 'EMB_O', 'EMB_O', 'EMB_O', 'EMB_O', 'EMB_O', 'EMB_O', 'EMB_O', 'EMB_O', 'EMB_O', 'EMB_O', 'EMB_O', 'EMB_O', 'EMB_O', 'EMB_O', 'EMB_O', 'EMB_O', 'EMB_O', 'EMB_O', 'EMB_O', 'EMB_O', 'EMB_O', 'EMB_O', 'EMB_O', 'EMB_O', 'EMB_O', 'ASP_B', 'ASP_I', 'ASP_I', 'ASP_I', 'ASP_E', 'EMB_O', 'EMB_O', 'EMB_O', 'EMB_O', 'EMB_P', 'EMB_P', 'EMB_P', 'EMB_P', 'EMB_P', 'EMB_P', 'EMB_P', 'EMB_P', 'EMB_P', 'EMB_P', 'EMB_P', 'EMB_P', 'EMB_P', 'EMB_P', 'EMB_P', 'EMB_P', 'EMB_P', 'EMB_P', 'EMB_P', 'EMB_P', 'EMB_P', 'EMB_P', 'EMB_P', 'EMB_P', 'EMB_P', 'EMB_P', 'EMB_P', 'EMB_P', 'EMB_P', 'EMB_P', 'EMB_P', 'EMB_P', 'EMB_P', 'EMB_P', 'EMB_P', 'EMB_P', 'EMB_P', 'EMB_P', 'EMB_P', 'EMB_P', 'EMB_P', 'EMB_P', 'EMB_P', 'EMB_P', 'EMB_P', 'EMB_P', 'EMB_P', 'EMB_P', 'EMB_P', 'EMB_P', 'EMB_P', 'EMB_P', 'EMB_P', 'EMB_P', 'EMB_P', 'EMB_P', 'EMB_P', 'EMB_P', 'EMB_P', 'EMB_P', 'EMB_P', 'EMB_P', 'EMB_P', 'EMB_P', 'EMB_P', 'EMB_P', 'EMB_P', 'EMB_P', 'EMB_P', 'EMB_P', 'EMB_P', 'EMB_P', 'EMB_P', 'EMB_P', 'EMB_P', 'EMB_P', 'EMB_P', 'EMB_P', 'EMB_P', 'EMB_P', 'EMB_P', 'EMB_P', 'EMB_P', 'EMB_P', 'EMB_P']","['EMB_O', 'EMB_O', 'EMB_O', 'EMB_O', 'EMB_O', 'EMB_O', 'EMB_O', 'EMB_O', 'EMB_O', 'EMB_O', 'EMB_O', 'EMB_O', 'EMB_O', 'EMB_O', 'EMB_O', 'EMB_O', 'EMB_O', 'EMB_O', 'EMB_O', 'EMB_O', 'EMB_O', 'EMB_O', 'EMB_O', 'EMB_O', 'EMB_O', 'EMB_O', 'EMB_O', 'EMB_O', 'EMB_O', 'EMB_O', 'EMB_O', 'EMB_O', 'OPN_B', 'OPN_E', 'EMB_O', 'EMB_O', 'EMB_O', 'EMB_O', 'EMB_O', 'EMB_O', 'EMB_O', 'EMB_O', 'EMB_O', 'EMB_P', 'EMB_P', 'EMB_P', 'EMB_P', 'EMB_P', 'EMB_P', 'EMB_P', 'EMB_P', 'EMB_P', 'EMB_P', 'EMB_P', 'EMB_P', 'EMB_P', 'EMB_P', 'EMB_P', 'EMB_P', 'EMB_P', 'EMB_P', 'EMB_P', 'EMB_P', 'EMB_P', 'EMB_P', 'EMB_P', 'EMB_P', 'EMB_P', 'EMB_P', 'EMB_P', 'EMB_P', 'EMB_P', 'EMB_P', 'EMB_P', 'EMB_P', 'EMB_P', 'EMB_P', 'EMB_P', 'EMB_P', 'EMB_P', 'EMB_P', 'EMB_P', 'EMB_P', 'EMB_P', 'EMB_P', 'EMB_P', 'EMB_P', 'EMB_P', 'EMB_P', 'EMB_P', 'EMB_P', 'EMB_P', 'EMB_P', 'EMB_P', 'EMB_P', 'EMB_P', 'EMB_P', 'EMB_P', 'EMB_P', 'EMB_P', 'EMB_P', 'EMB_P', 'EMB_P', 'EMB_P', 'EMB_P', 'EMB_P', 'EMB_P', 'EMB_P', 'EMB_P', 'EMB_P', 'EMB_P', 'EMB_P', 'EMB_P', 'EMB_P', 'EMB_P', 'EMB_P', 'EMB_P', 'EMB_P', 'EMB_P', 'EMB_P', 'EMB_P', 'EMB_P', 'EMB_P', 'EMB_P', 'EMB_P', 'EMB_P', 'EMB_P', 'EMB_P']"
315,Сервіс,дуже хороший,29350:3_1196,"Сервіс, на мій погляд дуже хороший, починаючи від зустрічі гостя до проводів.",7.5,6.88,"['EMB_O', 'ASP_B', 'ASP_I', 'ASP_E', 'EMB_O', 'EMB_O', 'EMB_O', 'EMB_O', 'EMB_O', 'EMB_O', 'EMB_O', 'EMB_O', 'EMB_O', 'EMB_O', 'EMB_O', 'EMB_O', 'EMB_O', 'EMB_O', 'EMB_O', 'EMB_O', 'EMB_O', 'EMB_O', 'EMB_O', 'EMB_O', 'EMB_O', 'EMB_O', 'EMB_O', 'EMB_O', 'EMB_O', 'EMB_O', 'EMB_O', 'EMB_O', 'EMB_P', 'EMB_P', 'EMB_P', 'EMB_P', 'EMB_P', 'EMB_P', 'EMB_P', 'EMB_P', 'EMB_P', 'EMB_P', 'EMB_P', 'EMB_P', 'EMB_P', 'EMB_P', 'EMB_P', 'EMB_P', 'EMB_P', 'EMB_P', 'EMB_P', 'EMB_P', 'EMB_P', 'EMB_P', 'EMB_P', 'EMB_P', 'EMB_P', 'EMB_P', 'EMB_P', 'EMB_P', 'EMB_P', 'EMB_P', 'EMB_P', 'EMB_P', 'EMB_P', 'EMB_P', 'EMB_P', 'EMB_P', 'EMB_P', 'EMB_P', 'EMB_P', 'EMB_P', 'EMB_P', 'EMB_P', 'EMB_P', 'EMB_P', 'EMB_P', 'EMB_P', 'EMB_P', 'EMB_P', 'EMB_P', 'EMB_P', 'EMB_P', 'EMB_P', 'EMB_P', 'EMB_P', 'EMB_P', 'EMB_P', 'EMB_P', 'EMB_P', 'EMB_P', 'EMB_P', 'EMB_P', 'EMB_P', 'EMB_P', 'EMB_P', 'EMB_P', 'EMB_P', 'EMB_P', 'EMB_P', 'EMB_P', 'EMB_P', 'EMB_P', 'EMB_P', 'EMB_P', 'EMB_P', 'EMB_P', 'EMB_P', 'EMB_P', 'EMB_P', 'EMB_P', 'EMB_P', 'EMB_P', 'EMB_P', 'EMB_P', 'EMB_P', 'EMB_P', 'EMB_P', 'EMB_P', 'EMB_P', 'EMB_P', 'EMB_P', 'EMB_P', 'EMB_P', 'EMB_P', 'EMB_P', 'EMB_P', 'EMB_P']","['EMB_O', 'EMB_O', 'EMB_O', 'EMB_O', 'EMB_O', 'EMB_O', 'EMB_O', 'EMB_O', 'EMB_O', 'EMB_O', 'OPN_B', 'OPN_I', 'OPN_I', 'OPN_E', 'EMB_O', 'EMB_O', 'EMB_O', 'EMB_O', 'EMB_O', 'EMB_O', 'EMB_O', 'EMB_O', 'EMB_O', 'EMB_O', 'EMB_O', 'EMB_O', 'EMB_O', 'EMB_O', 'EMB_O', 'EMB_O', 'EMB_O', 'EMB_O', 'EMB_P', 'EMB_P', 'EMB_P', 'EMB_P', 'EMB_P', 'EMB_P', 'EMB_P', 'EMB_P', 'EMB_P', 'EMB_P', 'EMB_P', 'EMB_P', 'EMB_P', 'EMB_P', 'EMB_P', 'EMB_P', 'EMB_P', 'EMB_P', 'EMB_P', 'EMB_P', 'EMB_P', 'EMB_P', 'EMB_P', 'EMB_P', 'EMB_P', 'EMB_P', 'EMB_P', 'EMB_P', 'EMB_P', 'EMB_P', 'EMB_P', 'EMB_P', 'EMB_P', 'EMB_P', 'EMB_P', 'EMB_P', 'EMB_P', 'EMB_P', 'EMB_P', 'EMB_P', 'EMB_P', 'EMB_P', 'EMB_P', 'EMB_P', 'EMB_P', 'EMB_P', 'EMB_P', 'EMB_P', 'EMB_P', 'EMB_P', 'EMB_P', 'EMB_P', 'EMB_P', 'EMB_P', 'EMB_P', 'EMB_P', 'EMB_P', 'EMB_P', 'EMB_P', 'EMB_P', 'EMB_P', 'EMB_P', 'EMB_P', 'EMB_P', 'EMB_P', 'EMB_P', 'EMB_P', 'EMB_P', 'EMB_P', 'EMB_P', 'EMB_P', 'EMB_P', 'EMB_P', 'EMB_P', 'EMB_P', 'EMB_P', 'EMB_P', 'EMB_P', 'EMB_P', 'EMB_P', 'EMB_P', 'EMB_P', 'EMB_P', 'EMB_P', 'EMB_P', 'EMB_P', 'EMB_P', 'EMB_P', 'EMB_P', 'EMB_P', 'EMB_P', 'EMB_P', 'EMB_P', 'EMB_P', 'EMB_P', 'EMB_P']"
316,зустрічі гостя,дуже хороший,29350:3_1196,"Сервіс, на мій погляд дуже хороший, починаючи від зустрічі гостя до проводів.",7.5,6.88,"['EMB_O', 'EMB_O', 'EMB_O', 'EMB_O', 'EMB_O', 'EMB_O', 'EMB_O', 'EMB_O', 'EMB_O', 'EMB_O', 'EMB_O', 'EMB_O', 'EMB_O', 'EMB_O', 'EMB_O', 'EMB_O', 'EMB_O', 'EMB_O', 'ASP_B', 'ASP_I', 'ASP_I', 'ASP_I', 'ASP_I', 'ASP_I', 'ASP_I', 'ASP_E', 'EMB_O', 'EMB_O', 'EMB_O', 'EMB_O', 'EMB_O', 'EMB_O', 'EMB_P', 'EMB_P', 'EMB_P', 'EMB_P', 'EMB_P', 'EMB_P', 'EMB_P', 'EMB_P', 'EMB_P', 'EMB_P', 'EMB_P', 'EMB_P', 'EMB_P', 'EMB_P', 'EMB_P', 'EMB_P', 'EMB_P', 'EMB_P', 'EMB_P', 'EMB_P', 'EMB_P', 'EMB_P', 'EMB_P', 'EMB_P', 'EMB_P', 'EMB_P', 'EMB_P', 'EMB_P', 'EMB_P', 'EMB_P', 'EMB_P', 'EMB_P', 'EMB_P', 'EMB_P', 'EMB_P', 'EMB_P', 'EMB_P', 'EMB_P', 'EMB_P', 'EMB_P', 'EMB_P', 'EMB_P', 'EMB_P', 'EMB_P', 'EMB_P', 'EMB_P', 'EMB_P', 'EMB_P', 'EMB_P', 'EMB_P', 'EMB_P', 'EMB_P', 'EMB_P', 'EMB_P', 'EMB_P', 'EMB_P', 'EMB_P', 'EMB_P', 'EMB_P', 'EMB_P', 'EMB_P', 'EMB_P', 'EMB_P', 'EMB_P', 'EMB_P', 'EMB_P', 'EMB_P', 'EMB_P', 'EMB_P', 'EMB_P', 'EMB_P', 'EMB_P', 'EMB_P', 'EMB_P', 'EMB_P', 'EMB_P', 'EMB_P', 'EMB_P', 'EMB_P', 'EMB_P', 'EMB_P', 'EMB_P', 'EMB_P', 'EMB_P', 'EMB_P', 'EMB_P', 'EMB_P', 'EMB_P', 'EMB_P', 'EMB_P', 'EMB_P', 'EMB_P', 'EMB_P', 'EMB_P', 'EMB_P', 'EMB_P']","['EMB_O', 'EMB_O', 'EMB_O', 'EMB_O', 'EMB_O', 'EMB_O', 'EMB_O', 'EMB_O', 'EMB_O', 'EMB_O', 'OPN_B', 'OPN_I', 'OPN_I', 'OPN_E', 'EMB_O', 'EMB_O', 'EMB_O', 'EMB_O', 'EMB_O', 'EMB_O', 'EMB_O', 'EMB_O', 'EMB_O', 'EMB_O', 'EMB_O', 'EMB_O', 'EMB_O', 'EMB_O', 'EMB_O', 'EMB_O', 'EMB_O', 'EMB_O', 'EMB_P', 'EMB_P', 'EMB_P', 'EMB_P', 'EMB_P', 'EMB_P', 'EMB_P', 'EMB_P', 'EMB_P', 'EMB_P', 'EMB_P', 'EMB_P', 'EMB_P', 'EMB_P', 'EMB_P', 'EMB_P', 'EMB_P', 'EMB_P', 'EMB_P', 'EMB_P', 'EMB_P', 'EMB_P', 'EMB_P', 'EMB_P', 'EMB_P', 'EMB_P', 'EMB_P', 'EMB_P', 'EMB_P', 'EMB_P', 'EMB_P', 'EMB_P', 'EMB_P', 'EMB_P', 'EMB_P', 'EMB_P', 'EMB_P', 'EMB_P', 'EMB_P', 'EMB_P', 'EMB_P', 'EMB_P', 'EMB_P', 'EMB_P', 'EMB_P', 'EMB_P', 'EMB_P', 'EMB_P', 'EMB_P', 'EMB_P', 'EMB_P', 'EMB_P', 'EMB_P', 'EMB_P', 'EMB_P', 'EMB_P', 'EMB_P', 'EMB_P', 'EMB_P', 'EMB_P', 'EMB_P', 'EMB_P', 'EMB_P', 'EMB_P', 'EMB_P', 'EMB_P', 'EMB_P', 'EMB_P', 'EMB_P', 'EMB_P', 'EMB_P', 'EMB_P', 'EMB_P', 'EMB_P', 'EMB_P', 'EMB_P', 'EMB_P', 'EMB_P', 'EMB_P', 'EMB_P', 'EMB_P', 'EMB_P', 'EMB_P', 'EMB_P', 'EMB_P', 'EMB_P', 'EMB_P', 'EMB_P', 'EMB_P', 'EMB_P', 'EMB_P', 'EMB_P', 'EMB_P', 'EMB_P', 'EMB_P', 'EMB_P']"
317,проводів,дуже хороший,29350:3_1196,"Сервіс, на мій погляд дуже хороший, починаючи від зустрічі гостя до проводів.",7.5,6.88,"['EMB_O', 'EMB_O', 'EMB_O', 'EMB_O', 'EMB_O', 'EMB_O', 'EMB_O', 'EMB_O', 'EMB_O', 'EMB_O', 'EMB_O', 'EMB_O', 'EMB_O', 'EMB_O', 'EMB_O', 'EMB_O', 'EMB_O', 'EMB_O', 'EMB_O', 'EMB_O', 'EMB_O', 'EMB_O', 'EMB_O', 'EMB_O', 'EMB_O', 'EMB_O', 'EMB_O', 'ASP_B', 'ASP_I', 'ASP_E', 'EMB_O', 'EMB_O', 'EMB_P', 'EMB_P', 'EMB_P', 'EMB_P', 'EMB_P', 'EMB_P', 'EMB_P', 'EMB_P', 'EMB_P', 'EMB_P', 'EMB_P', 'EMB_P', 'EMB_P', 'EMB_P', 'EMB_P', 'EMB_P', 'EMB_P', 'EMB_P', 'EMB_P', 'EMB_P', 'EMB_P', 'EMB_P', 'EMB_P', 'EMB_P', 'EMB_P', 'EMB_P', 'EMB_P', 'EMB_P', 'EMB_P', 'EMB_P', 'EMB_P', 'EMB_P', 'EMB_P', 'EMB_P', 'EMB_P', 'EMB_P', 'EMB_P', 'EMB_P', 'EMB_P', 'EMB_P', 'EMB_P', 'EMB_P', 'EMB_P', 'EMB_P', 'EMB_P', 'EMB_P', 'EMB_P', 'EMB_P', 'EMB_P', 'EMB_P', 'EMB_P', 'EMB_P', 'EMB_P', 'EMB_P', 'EMB_P', 'EMB_P', 'EMB_P', 'EMB_P', 'EMB_P', 'EMB_P', 'EMB_P', 'EMB_P', 'EMB_P', 'EMB_P', 'EMB_P', 'EMB_P', 'EMB_P', 'EMB_P', 'EMB_P', 'EMB_P', 'EMB_P', 'EMB_P', 'EMB_P', 'EMB_P', 'EMB_P', 'EMB_P', 'EMB_P', 'EMB_P', 'EMB_P', 'EMB_P', 'EMB_P', 'EMB_P', 'EMB_P', 'EMB_P', 'EMB_P', 'EMB_P', 'EMB_P', 'EMB_P', 'EMB_P', 'EMB_P', 'EMB_P', 'EMB_P', 'EMB_P', 'EMB_P', 'EMB_P', 'EMB_P']","['EMB_O', 'EMB_O', 'EMB_O', 'EMB_O', 'EMB_O', 'EMB_O', 'EMB_O', 'EMB_O', 'EMB_O', 'EMB_O', 'OPN_B', 'OPN_I', 'OPN_I', 'OPN_E', 'EMB_O', 'EMB_O', 'EMB_O', 'EMB_O', 'EMB_O', 'EMB_O', 'EMB_O', 'EMB_O', 'EMB_O', 'EMB_O', 'EMB_O', 'EMB_O', 'EMB_O', 'EMB_O', 'EMB_O', 'EMB_O', 'EMB_O', 'EMB_O', 'EMB_P', 'EMB_P', 'EMB_P', 'EMB_P', 'EMB_P', 'EMB_P', 'EMB_P', 'EMB_P', 'EMB_P', 'EMB_P', 'EMB_P', 'EMB_P', 'EMB_P', 'EMB_P', 'EMB_P', 'EMB_P', 'EMB_P', 'EMB_P', 'EMB_P', 'EMB_P', 'EMB_P', 'EMB_P', 'EMB_P', 'EMB_P', 'EMB_P', 'EMB_P', 'EMB_P', 'EMB_P', 'EMB_P', 'EMB_P', 'EMB_P', 'EMB_P', 'EMB_P', 'EMB_P', 'EMB_P', 'EMB_P', 'EMB_P', 'EMB_P', 'EMB_P', 'EMB_P', 'EMB_P', 'EMB_P', 'EMB_P', 'EMB_P', 'EMB_P', 'EMB_P', 'EMB_P', 'EMB_P', 'EMB_P', 'EMB_P', 'EMB_P', 'EMB_P', 'EMB_P', 'EMB_P', 'EMB_P', 'EMB_P', 'EMB_P', 'EMB_P', 'EMB_P', 'EMB_P', 'EMB_P', 'EMB_P', 'EMB_P', 'EMB_P', 'EMB_P', 'EMB_P', 'EMB_P', 'EMB_P', 'EMB_P', 'EMB_P', 'EMB_P', 'EMB_P', 'EMB_P', 'EMB_P', 'EMB_P', 'EMB_P', 'EMB_P', 'EMB_P', 'EMB_P', 'EMB_P', 'EMB_P', 'EMB_P', 'EMB_P', 'EMB_P', 'EMB_P', 'EMB_P', 'EMB_P', 'EMB_P', 'EMB_P', 'EMB_P', 'EMB_P', 'EMB_P', 'EMB_P', 'EMB_P', 'EMB_P', 'EMB_P']"
318,Персонал,дуже ввічливий,29350:4_1197,"Персонал дуже ввічливий (особливо офіціантка Анастасія),привітний і добре знає склад страв, що не менш важливо.",7.7,6.9,"['EMB_O', 'ASP_B', 'ASP_I', 'ASP_E', 'EMB_O', 'EMB_O', 'EMB_O', 'EMB_O', 'EMB_O', 'EMB_O', 'EMB_O', 'EMB_O', 'EMB_O', 'EMB_O', 'EMB_O', 'EMB_O', 'EMB_O', 'EMB_O', 'EMB_O', 'EMB_O', 'EMB_O', 'EMB_O', 'EMB_O', 'EMB_O', 'EMB_O', 'EMB_O', 'EMB_O', 'EMB_O', 'EMB_O', 'EMB_O', 'EMB_O', 'EMB_O', 'EMB_O', 'EMB_O', 'EMB_O', 'EMB_O', 'EMB_O', 'EMB_O', 'EMB_O', 'EMB_O', 'EMB_P', 'EMB_P', 'EMB_P', 'EMB_P', 'EMB_P', 'EMB_P', 'EMB_P', 'EMB_P', 'EMB_P', 'EMB_P', 'EMB_P', 'EMB_P', 'EMB_P', 'EMB_P', 'EMB_P', 'EMB_P', 'EMB_P', 'EMB_P', 'EMB_P', 'EMB_P', 'EMB_P', 'EMB_P', 'EMB_P', 'EMB_P', 'EMB_P', 'EMB_P', 'EMB_P', 'EMB_P', 'EMB_P', 'EMB_P', 'EMB_P', 'EMB_P', 'EMB_P', 'EMB_P', 'EMB_P', 'EMB_P', 'EMB_P', 'EMB_P', 'EMB_P', 'EMB_P', 'EMB_P', 'EMB_P', 'EMB_P', 'EMB_P', 'EMB_P', 'EMB_P', 'EMB_P', 'EMB_P', 'EMB_P', 'EMB_P', 'EMB_P', 'EMB_P', 'EMB_P', 'EMB_P', 'EMB_P', 'EMB_P', 'EMB_P', 'EMB_P', 'EMB_P', 'EMB_P', 'EMB_P', 'EMB_P', 'EMB_P', 'EMB_P', 'EMB_P', 'EMB_P', 'EMB_P', 'EMB_P', 'EMB_P', 'EMB_P', 'EMB_P', 'EMB_P', 'EMB_P', 'EMB_P', 'EMB_P', 'EMB_P', 'EMB_P', 'EMB_P', 'EMB_P', 'EMB_P', 'EMB_P', 'EMB_P', 'EMB_P', 'EMB_P', 'EMB_P', 'EMB_P', 'EMB_P', 'EMB_P']","['EMB_O', 'EMB_O', 'EMB_O', 'EMB_O', 'OPN_B', 'OPN_I', 'OPN_I', 'OPN_E', 'EMB_O', 'EMB_O', 'EMB_O', 'EMB_O', 'EMB_O', 'EMB_O', 'EMB_O', 'EMB_O', 'EMB_O', 'EMB_O', 'EMB_O', 'EMB_O', 'EMB_O', 'EMB_O', 'EMB_O', 'EMB_O', 'EMB_O', 'EMB_O', 'EMB_O', 'EMB_O', 'EMB_O', 'EMB_O', 'EMB_O', 'EMB_O', 'EMB_O', 'EMB_O', 'EMB_O', 'EMB_O', 'EMB_O', 'EMB_O', 'EMB_O', 'EMB_O', 'EMB_P', 'EMB_P', 'EMB_P', 'EMB_P', 'EMB_P', 'EMB_P', 'EMB_P', 'EMB_P', 'EMB_P', 'EMB_P', 'EMB_P', 'EMB_P', 'EMB_P', 'EMB_P', 'EMB_P', 'EMB_P', 'EMB_P', 'EMB_P', 'EMB_P', 'EMB_P', 'EMB_P', 'EMB_P', 'EMB_P', 'EMB_P', 'EMB_P', 'EMB_P', 'EMB_P', 'EMB_P', 'EMB_P', 'EMB_P', 'EMB_P', 'EMB_P', 'EMB_P', 'EMB_P', 'EMB_P', 'EMB_P', 'EMB_P', 'EMB_P', 'EMB_P', 'EMB_P', 'EMB_P', 'EMB_P', 'EMB_P', 'EMB_P', 'EMB_P', 'EMB_P', 'EMB_P', 'EMB_P', 'EMB_P', 'EMB_P', 'EMB_P', 'EMB_P', 'EMB_P', 'EMB_P', 'EMB_P', 'EMB_P', 'EMB_P', 'EMB_P', 'EMB_P', 'EMB_P', 'EMB_P', 'EMB_P', 'EMB_P', 'EMB_P', 'EMB_P', 'EMB_P', 'EMB_P', 'EMB_P', 'EMB_P', 'EMB_P', 'EMB_P', 'EMB_P', 'EMB_P', 'EMB_P', 'EMB_P', 'EMB_P', 'EMB_P', 'EMB_P', 'EMB_P', 'EMB_P', 'EMB_P', 'EMB_P', 'EMB_P', 'EMB_P', 'EMB_P', 'EMB_P', 'EMB_P', 'EMB_P']"
319,офіціантка,дуже ввічливий,29350:4_1197,"Персонал дуже ввічливий (особливо офіціантка Анастасія),привітний і добре знає склад страв, що не менш важливо.",7.62,7.0,"['EMB_O', 'EMB_O', 'EMB_O', 'EMB_O', 'EMB_O', 'EMB_O', 'EMB_O', 'EMB_O', 'EMB_O', 'EMB_O', 'ASP_B', 'ASP_I', 'ASP_I', 'ASP_I', 'ASP_E', 'EMB_O', 'EMB_O', 'EMB_O', 'EMB_O', 'EMB_O', 'EMB_O', 'EMB_O', 'EMB_O', 'EMB_O', 'EMB_O', 'EMB_O', 'EMB_O', 'EMB_O', 'EMB_O', 'EMB_O', 'EMB_O', 'EMB_O', 'EMB_O', 'EMB_O', 'EMB_O', 'EMB_O', 'EMB_O', 'EMB_O', 'EMB_O', 'EMB_O', 'EMB_P', 'EMB_P', 'EMB_P', 'EMB_P', 'EMB_P', 'EMB_P', 'EMB_P', 'EMB_P', 'EMB_P', 'EMB_P', 'EMB_P', 'EMB_P', 'EMB_P', 'EMB_P', 'EMB_P', 'EMB_P', 'EMB_P', 'EMB_P', 'EMB_P', 'EMB_P', 'EMB_P', 'EMB_P', 'EMB_P', 'EMB_P', 'EMB_P', 'EMB_P', 'EMB_P', 'EMB_P', 'EMB_P', 'EMB_P', 'EMB_P', 'EMB_P', 'EMB_P', 'EMB_P', 'EMB_P', 'EMB_P', 'EMB_P', 'EMB_P', 'EMB_P', 'EMB_P', 'EMB_P', 'EMB_P', 'EMB_P', 'EMB_P', 'EMB_P', 'EMB_P', 'EMB_P', 'EMB_P', 'EMB_P', 'EMB_P', 'EMB_P', 'EMB_P', 'EMB_P', 'EMB_P', 'EMB_P', 'EMB_P', 'EMB_P', 'EMB_P', 'EMB_P', 'EMB_P', 'EMB_P', 'EMB_P', 'EMB_P', 'EMB_P', 'EMB_P', 'EMB_P', 'EMB_P', 'EMB_P', 'EMB_P', 'EMB_P', 'EMB_P', 'EMB_P', 'EMB_P', 'EMB_P', 'EMB_P', 'EMB_P', 'EMB_P', 'EMB_P', 'EMB_P', 'EMB_P', 'EMB_P', 'EMB_P', 'EMB_P', 'EMB_P', 'EMB_P', 'EMB_P', 'EMB_P', 'EMB_P']","['EMB_O', 'EMB_O', 'EMB_O', 'EMB_O', 'OPN_B', 'OPN_I', 'OPN_I', 'OPN_E', 'EMB_O', 'EMB_O', 'EMB_O', 'EMB_O', 'EMB_O', 'EMB_O', 'EMB_O', 'EMB_O', 'EMB_O', 'EMB_O', 'EMB_O', 'EMB_O', 'EMB_O', 'EMB_O', 'EMB_O', 'EMB_O', 'EMB_O', 'EMB_O', 'EMB_O', 'EMB_O', 'EMB_O', 'EMB_O', 'EMB_O', 'EMB_O', 'EMB_O', 'EMB_O', 'EMB_O', 'EMB_O', 'EMB_O', 'EMB_O', 'EMB_O', 'EMB_O', 'EMB_P', 'EMB_P', 'EMB_P', 'EMB_P', 'EMB_P', 'EMB_P', 'EMB_P', 'EMB_P', 'EMB_P', 'EMB_P', 'EMB_P', 'EMB_P', 'EMB_P', 'EMB_P', 'EMB_P', 'EMB_P', 'EMB_P', 'EMB_P', 'EMB_P', 'EMB_P', 'EMB_P', 'EMB_P', 'EMB_P', 'EMB_P', 'EMB_P', 'EMB_P', 'EMB_P', 'EMB_P', 'EMB_P', 'EMB_P', 'EMB_P', 'EMB_P', 'EMB_P', 'EMB_P', 'EMB_P', 'EMB_P', 'EMB_P', 'EMB_P', 'EMB_P', 'EMB_P', 'EMB_P', 'EMB_P', 'EMB_P', 'EMB_P', 'EMB_P', 'EMB_P', 'EMB_P', 'EMB_P', 'EMB_P', 'EMB_P', 'EMB_P', 'EMB_P', 'EMB_P', 'EMB_P', 'EMB_P', 'EMB_P', 'EMB_P', 'EMB_P', 'EMB_P', 'EMB_P', 'EMB_P', 'EMB_P', 'EMB_P', 'EMB_P', 'EMB_P', 'EMB_P', 'EMB_P', 'EMB_P', 'EMB_P', 'EMB_P', 'EMB_P', 'EMB_P', 'EMB_P', 'EMB_P', 'EMB_P', 'EMB_P', 'EMB_P', 'EMB_P', 'EMB_P', 'EMB_P', 'EMB_P', 'EMB_P', 'EMB_P', 'EMB_P', 'EMB_P', 'EMB_P', 'EMB_P', 'EMB_P']"
320,Інтер'єр,залишає бажати кращого,29383:3_1198,"Інтер'єр залишає бажати кращого, але може бути для такого затвердіння це нормально.",4.3,4.0,"['EMB_O', 'ASP_B', 'ASP_I', 'ASP_I', 'ASP_I', 'ASP_E', 'EMB_O', 'EMB_O', 'EMB_O', 'EMB_O', 'EMB_O', 'EMB_O', 'EMB_O', 'EMB_O', 'EMB_O', 'EMB_O', 'EMB_O', 'EMB_O', 'EMB_O', 'EMB_O', 'EMB_O', 'EMB_O', 'EMB_O', 'EMB_O', 'EMB_O', 'EMB_O', 'EMB_O', 'EMB_O', 'EMB_O', 'EMB_O', 'EMB_O', 'EMB_P', 'EMB_P', 'EMB_P', 'EMB_P', 'EMB_P', 'EMB_P', 'EMB_P', 'EMB_P', 'EMB_P', 'EMB_P', 'EMB_P', 'EMB_P', 'EMB_P', 'EMB_P', 'EMB_P', 'EMB_P', 'EMB_P', 'EMB_P', 'EMB_P', 'EMB_P', 'EMB_P', 'EMB_P', 'EMB_P', 'EMB_P', 'EMB_P', 'EMB_P', 'EMB_P', 'EMB_P', 'EMB_P', 'EMB_P', 'EMB_P', 'EMB_P', 'EMB_P', 'EMB_P', 'EMB_P', 'EMB_P', 'EMB_P', 'EMB_P', 'EMB_P', 'EMB_P', 'EMB_P', 'EMB_P', 'EMB_P', 'EMB_P', 'EMB_P', 'EMB_P', 'EMB_P', 'EMB_P', 'EMB_P', 'EMB_P', 'EMB_P', 'EMB_P', 'EMB_P', 'EMB_P', 'EMB_P', 'EMB_P', 'EMB_P', 'EMB_P', 'EMB_P', 'EMB_P', 'EMB_P', 'EMB_P', 'EMB_P', 'EMB_P', 'EMB_P', 'EMB_P', 'EMB_P', 'EMB_P', 'EMB_P', 'EMB_P', 'EMB_P', 'EMB_P', 'EMB_P', 'EMB_P', 'EMB_P', 'EMB_P', 'EMB_P', 'EMB_P', 'EMB_P', 'EMB_P', 'EMB_P', 'EMB_P', 'EMB_P', 'EMB_P', 'EMB_P', 'EMB_P', 'EMB_P', 'EMB_P', 'EMB_P', 'EMB_P', 'EMB_P', 'EMB_P', 'EMB_P', 'EMB_P', 'EMB_P', 'EMB_P', 'EMB_P']","['EMB_O', 'EMB_O', 'EMB_O', 'EMB_O', 'EMB_O', 'EMB_O', 'OPN_B', 'OPN_I', 'OPN_I', 'OPN_I', 'OPN_I', 'OPN_I', 'OPN_I', 'OPN_I', 'OPN_I', 'OPN_E', 'EMB_O', 'EMB_O', 'EMB_O', 'EMB_O', 'EMB_O', 'EMB_O', 'EMB_O', 'EMB_O', 'EMB_O', 'EMB_O', 'EMB_O', 'EMB_O', 'EMB_O', 'EMB_O', 'EMB_O', 'EMB_P', 'EMB_P', 'EMB_P', 'EMB_P', 'EMB_P', 'EMB_P', 'EMB_P', 'EMB_P', 'EMB_P', 'EMB_P', 'EMB_P', 'EMB_P', 'EMB_P', 'EMB_P', 'EMB_P', 'EMB_P', 'EMB_P', 'EMB_P', 'EMB_P', 'EMB_P', 'EMB_P', 'EMB_P', 'EMB_P', 'EMB_P', 'EMB_P', 'EMB_P', 'EMB_P', 'EMB_P', 'EMB_P', 'EMB_P', 'EMB_P', 'EMB_P', 'EMB_P', 'EMB_P', 'EMB_P', 'EMB_P', 'EMB_P', 'EMB_P', 'EMB_P', 'EMB_P', 'EMB_P', 'EMB_P', 'EMB_P', 'EMB_P', 'EMB_P', 'EMB_P', 'EMB_P', 'EMB_P', 'EMB_P', 'EMB_P', 'EMB_P', 'EMB_P', 'EMB_P', 'EMB_P', 'EMB_P', 'EMB_P', 'EMB_P', 'EMB_P', 'EMB_P', 'EMB_P', 'EMB_P', 'EMB_P', 'EMB_P', 'EMB_P', 'EMB_P', 'EMB_P', 'EMB_P', 'EMB_P', 'EMB_P', 'EMB_P', 'EMB_P', 'EMB_P', 'EMB_P', 'EMB_P', 'EMB_P', 'EMB_P', 'EMB_P', 'EMB_P', 'EMB_P', 'EMB_P', 'EMB_P', 'EMB_P', 'EMB_P', 'EMB_P', 'EMB_P', 'EMB_P', 'EMB_P', 'EMB_P', 'EMB_P', 'EMB_P', 'EMB_P', 'EMB_P', 'EMB_P', 'EMB_P', 'EMB_P', 'EMB_P', 'EMB_P']"
321,кондиціонерів,Жахливо накурено,29383:4_1199,"Жахливо накурено, не знаю як у них на рахунок кондиціонерів, це врахувати що в ресторані є дитяча кімната і дитяче меню.",1.5,8.0,"['EMB_O', 'EMB_O', 'EMB_O', 'EMB_O', 'EMB_O', 'EMB_O', 'EMB_O', 'EMB_O', 'EMB_O', 'EMB_O', 'EMB_O', 'EMB_O', 'EMB_O', 'EMB_O', 'EMB_O', 'EMB_O', 'EMB_O', 'EMB_O', 'ASP_B', 'ASP_I', 'ASP_I', 'ASP_I', 'ASP_E', 'EMB_O', 'EMB_O', 'EMB_O', 'EMB_O', 'EMB_O', 'EMB_O', 'EMB_O', 'EMB_O', 'EMB_O', 'EMB_O', 'EMB_O', 'EMB_O', 'EMB_O', 'EMB_O', 'EMB_O', 'EMB_O', 'EMB_O', 'EMB_O', 'EMB_O', 'EMB_O', 'EMB_O', 'EMB_O', 'EMB_O', 'EMB_O', 'EMB_O', 'EMB_O', 'EMB_P', 'EMB_P', 'EMB_P', 'EMB_P', 'EMB_P', 'EMB_P', 'EMB_P', 'EMB_P', 'EMB_P', 'EMB_P', 'EMB_P', 'EMB_P', 'EMB_P', 'EMB_P', 'EMB_P', 'EMB_P', 'EMB_P', 'EMB_P', 'EMB_P', 'EMB_P', 'EMB_P', 'EMB_P', 'EMB_P', 'EMB_P', 'EMB_P', 'EMB_P', 'EMB_P', 'EMB_P', 'EMB_P', 'EMB_P', 'EMB_P', 'EMB_P', 'EMB_P', 'EMB_P', 'EMB_P', 'EMB_P', 'EMB_P', 'EMB_P', 'EMB_P', 'EMB_P', 'EMB_P', 'EMB_P', 'EMB_P', 'EMB_P', 'EMB_P', 'EMB_P', 'EMB_P', 'EMB_P', 'EMB_P', 'EMB_P', 'EMB_P', 'EMB_P', 'EMB_P', 'EMB_P', 'EMB_P', 'EMB_P', 'EMB_P', 'EMB_P', 'EMB_P', 'EMB_P', 'EMB_P', 'EMB_P', 'EMB_P', 'EMB_P', 'EMB_P', 'EMB_P', 'EMB_P', 'EMB_P', 'EMB_P', 'EMB_P', 'EMB_P', 'EMB_P', 'EMB_P', 'EMB_P', 'EMB_P', 'EMB_P', 'EMB_P', 'EMB_P', 'EMB_P']","['EMB_O', 'OPN_B', 'OPN_I', 'OPN_I', 'OPN_I', 'OPN_I', 'OPN_I', 'OPN_E', 'EMB_O', 'EMB_O', 'EMB_O', 'EMB_O', 'EMB_O', 'EMB_O', 'EMB_O', 'EMB_O', 'EMB_O', 'EMB_O', 'EMB_O', 'EMB_O', 'EMB_O', 'EMB_O', 'EMB_O', 'EMB_O', 'EMB_O', 'EMB_O', 'EMB_O', 'EMB_O', 'EMB_O', 'EMB_O', 'EMB_O', 'EMB_O', 'EMB_O', 'EMB_O', 'EMB_O', 'EMB_O', 'EMB_O', 'EMB_O', 'EMB_O', 'EMB_O', 'EMB_O', 'EMB_O', 'EMB_O', 'EMB_O', 'EMB_O', 'EMB_O', 'EMB_O', 'EMB_O', 'EMB_O', 'EMB_P', 'EMB_P', 'EMB_P', 'EMB_P', 'EMB_P', 'EMB_P', 'EMB_P', 'EMB_P', 'EMB_P', 'EMB_P', 'EMB_P', 'EMB_P', 'EMB_P', 'EMB_P', 'EMB_P', 'EMB_P', 'EMB_P', 'EMB_P', 'EMB_P', 'EMB_P', 'EMB_P', 'EMB_P', 'EMB_P', 'EMB_P', 'EMB_P', 'EMB_P', 'EMB_P', 'EMB_P', 'EMB_P', 'EMB_P', 'EMB_P', 'EMB_P', 'EMB_P', 'EMB_P', 'EMB_P', 'EMB_P', 'EMB_P', 'EMB_P', 'EMB_P', 'EMB_P', 'EMB_P', 'EMB_P', 'EMB_P', 'EMB_P', 'EMB_P', 'EMB_P', 'EMB_P', 'EMB_P', 'EMB_P', 'EMB_P', 'EMB_P', 'EMB_P', 'EMB_P', 'EMB_P', 'EMB_P', 'EMB_P', 'EMB_P', 'EMB_P', 'EMB_P', 'EMB_P', 'EMB_P', 'EMB_P', 'EMB_P', 'EMB_P', 'EMB_P', 'EMB_P', 'EMB_P', 'EMB_P', 'EMB_P', 'EMB_P', 'EMB_P', 'EMB_P', 'EMB_P', 'EMB_P', 'EMB_P', 'EMB_P', 'EMB_P', 'EMB_P', 'EMB_P']"
322,салат Дор-брю,Дуже сподобався,29383:6_1200,"Дуже сподобався салат Дор-брю (помідори, огірки, перець,свіжі сирі печериці, сир Дор-брю, масло), фірмове блюдо ковбаски до пива, які при подачі підпалюють, якщо чесно, думала що фірмове блюдо має бути солідніше.",8.12,7.62,"['EMB_O', 'EMB_O', 'EMB_O', 'EMB_O', 'EMB_O', 'EMB_O', 'EMB_O', 'EMB_O', 'EMB_O', 'ASP_B', 'ASP_I', 'ASP_I', 'ASP_I', 'ASP_I', 'ASP_I', 'ASP_E', 'EMB_O', 'EMB_O', 'EMB_O', 'EMB_O', 'EMB_O', 'EMB_O', 'EMB_O', 'EMB_O', 'EMB_O', 'EMB_O', 'EMB_O', 'EMB_O', 'EMB_O', 'EMB_O', 'EMB_O', 'EMB_O', 'EMB_O', 'EMB_O', 'EMB_O', 'EMB_O', 'EMB_O', 'EMB_O', 'EMB_O', 'EMB_O', 'EMB_O', 'EMB_O', 'EMB_O', 'EMB_O', 'EMB_O', 'EMB_O', 'EMB_O', 'EMB_O', 'EMB_O', 'EMB_O', 'EMB_O', 'EMB_O', 'EMB_O', 'EMB_O', 'EMB_O', 'EMB_O', 'EMB_O', 'EMB_O', 'EMB_O', 'EMB_O', 'EMB_O', 'EMB_O', 'EMB_O', 'EMB_O', 'EMB_O', 'EMB_O', 'EMB_O', 'EMB_O', 'EMB_O', 'EMB_O', 'EMB_O', 'EMB_O', 'EMB_O', 'EMB_O', 'EMB_O', 'EMB_O', 'EMB_O', 'EMB_O', 'EMB_O', 'EMB_O', 'EMB_O', 'EMB_O', 'EMB_O', 'EMB_O', 'EMB_O', 'EMB_O', 'EMB_O', 'EMB_O', 'EMB_O', 'EMB_O', 'EMB_O', 'EMB_O', 'EMB_O', 'EMB_O', 'EMB_O', 'EMB_O', 'EMB_O', 'EMB_P', 'EMB_P', 'EMB_P', 'EMB_P', 'EMB_P', 'EMB_P', 'EMB_P', 'EMB_P', 'EMB_P', 'EMB_P', 'EMB_P', 'EMB_P', 'EMB_P', 'EMB_P', 'EMB_P', 'EMB_P', 'EMB_P', 'EMB_P', 'EMB_P', 'EMB_P', 'EMB_P', 'EMB_P', 'EMB_P', 'EMB_P', 'EMB_P', 'EMB_P', 'EMB_P', 'EMB_P', 'EMB_P', 'EMB_P', 'EMB_P']","['EMB_O', 'OPN_B', 'OPN_I', 'OPN_I', 'OPN_I', 'OPN_I', 'OPN_I', 'OPN_I', 'OPN_E', 'EMB_O', 'EMB_O', 'EMB_O', 'EMB_O', 'EMB_O', 'EMB_O', 'EMB_O', 'EMB_O', 'EMB_O', 'EMB_O', 'EMB_O', 'EMB_O', 'EMB_O', 'EMB_O', 'EMB_O', 'EMB_O', 'EMB_O', 'EMB_O', 'EMB_O', 'EMB_O', 'EMB_O', 'EMB_O', 'EMB_O', 'EMB_O', 'EMB_O', 'EMB_O', 'EMB_O', 'EMB_O', 'EMB_O', 'EMB_O', 'EMB_O', 'EMB_O', 'EMB_O', 'EMB_O', 'EMB_O', 'EMB_O', 'EMB_O', 'EMB_O', 'EMB_O', 'EMB_O', 'EMB_O', 'EMB_O', 'EMB_O', 'EMB_O', 'EMB_O', 'EMB_O', 'EMB_O', 'EMB_O', 'EMB_O', 'EMB_O', 'EMB_O', 'EMB_O', 'EMB_O', 'EMB_O', 'EMB_O', 'EMB_O', 'EMB_O', 'EMB_O', 'EMB_O', 'EMB_O', 'EMB_O', 'EMB_O', 'EMB_O', 'EMB_O', 'EMB_O', 'EMB_O', 'EMB_O', 'EMB_O', 'EMB_O', 'EMB_O', 'EMB_O', 'EMB_O', 'EMB_O', 'EMB_O', 'EMB_O', 'EMB_O', 'EMB_O', 'EMB_O', 'EMB_O', 'EMB_O', 'EMB_O', 'EMB_O', 'EMB_O', 'EMB_O', 'EMB_O', 'EMB_O', 'EMB_O', 'EMB_O', 'EMB_P', 'EMB_P', 'EMB_P', 'EMB_P', 'EMB_P', 'EMB_P', 'EMB_P', 'EMB_P', 'EMB_P', 'EMB_P', 'EMB_P', 'EMB_P', 'EMB_P', 'EMB_P', 'EMB_P', 'EMB_P', 'EMB_P', 'EMB_P', 'EMB_P', 'EMB_P', 'EMB_P', 'EMB_P', 'EMB_P', 'EMB_P', 'EMB_P', 'EMB_P', 'EMB_P', 'EMB_P', 'EMB_P', 'EMB_P', 'EMB_P']"
323,помідори,Дуже сподобався,29383:6_1200,"Дуже сподобався салат Дор-брю (помідори, огірки, перець,свіжі сирі печериці, сир Дор-брю, масло), фірмове блюдо ковбаски до пива, які при подачі підпалюють, якщо чесно, думала що фірмове блюдо має бути солідніше.",7.88,7.62,"['EMB_O', 'EMB_O', 'EMB_O', 'EMB_O', 'EMB_O', 'EMB_O', 'EMB_O', 'EMB_O', 'EMB_O', 'EMB_O', 'EMB_O', 'EMB_O', 'EMB_O', 'EMB_O', 'EMB_O', 'EMB_O', 'EMB_O', 'ASP_B', 'ASP_I', 'ASP_E', 'EMB_O', 'EMB_O', 'EMB_O', 'EMB_O', 'EMB_O', 'EMB_O', 'EMB_O', 'EMB_O', 'EMB_O', 'EMB_O', 'EMB_O', 'EMB_O', 'EMB_O', 'EMB_O', 'EMB_O', 'EMB_O', 'EMB_O', 'EMB_O', 'EMB_O', 'EMB_O', 'EMB_O', 'EMB_O', 'EMB_O', 'EMB_O', 'EMB_O', 'EMB_O', 'EMB_O', 'EMB_O', 'EMB_O', 'EMB_O', 'EMB_O', 'EMB_O', 'EMB_O', 'EMB_O', 'EMB_O', 'EMB_O', 'EMB_O', 'EMB_O', 'EMB_O', 'EMB_O', 'EMB_O', 'EMB_O', 'EMB_O', 'EMB_O', 'EMB_O', 'EMB_O', 'EMB_O', 'EMB_O', 'EMB_O', 'EMB_O', 'EMB_O', 'EMB_O', 'EMB_O', 'EMB_O', 'EMB_O', 'EMB_O', 'EMB_O', 'EMB_O', 'EMB_O', 'EMB_O', 'EMB_O', 'EMB_O', 'EMB_O', 'EMB_O', 'EMB_O', 'EMB_O', 'EMB_O', 'EMB_O', 'EMB_O', 'EMB_O', 'EMB_O', 'EMB_O', 'EMB_O', 'EMB_O', 'EMB_O', 'EMB_O', 'EMB_O', 'EMB_P', 'EMB_P', 'EMB_P', 'EMB_P', 'EMB_P', 'EMB_P', 'EMB_P', 'EMB_P', 'EMB_P', 'EMB_P', 'EMB_P', 'EMB_P', 'EMB_P', 'EMB_P', 'EMB_P', 'EMB_P', 'EMB_P', 'EMB_P', 'EMB_P', 'EMB_P', 'EMB_P', 'EMB_P', 'EMB_P', 'EMB_P', 'EMB_P', 'EMB_P', 'EMB_P', 'EMB_P', 'EMB_P', 'EMB_P', 'EMB_P']","['EMB_O', 'OPN_B', 'OPN_I', 'OPN_I', 'OPN_I', 'OPN_I', 'OPN_I', 'OPN_I', 'OPN_E', 'EMB_O', 'EMB_O', 'EMB_O', 'EMB_O', 'EMB_O', 'EMB_O', 'EMB_O', 'EMB_O', 'EMB_O', 'EMB_O', 'EMB_O', 'EMB_O', 'EMB_O', 'EMB_O', 'EMB_O', 'EMB_O', 'EMB_O', 'EMB_O', 'EMB_O', 'EMB_O', 'EMB_O', 'EMB_O', 'EMB_O', 'EMB_O', 'EMB_O', 'EMB_O', 'EMB_O', 'EMB_O', 'EMB_O', 'EMB_O', 'EMB_O', 'EMB_O', 'EMB_O', 'EMB_O', 'EMB_O', 'EMB_O', 'EMB_O', 'EMB_O', 'EMB_O', 'EMB_O', 'EMB_O', 'EMB_O', 'EMB_O', 'EMB_O', 'EMB_O', 'EMB_O', 'EMB_O', 'EMB_O', 'EMB_O', 'EMB_O', 'EMB_O', 'EMB_O', 'EMB_O', 'EMB_O', 'EMB_O', 'EMB_O', 'EMB_O', 'EMB_O', 'EMB_O', 'EMB_O', 'EMB_O', 'EMB_O', 'EMB_O', 'EMB_O', 'EMB_O', 'EMB_O', 'EMB_O', 'EMB_O', 'EMB_O', 'EMB_O', 'EMB_O', 'EMB_O', 'EMB_O', 'EMB_O', 'EMB_O', 'EMB_O', 'EMB_O', 'EMB_O', 'EMB_O', 'EMB_O', 'EMB_O', 'EMB_O', 'EMB_O', 'EMB_O', 'EMB_O', 'EMB_O', 'EMB_O', 'EMB_O', 'EMB_P', 'EMB_P', 'EMB_P', 'EMB_P', 'EMB_P', 'EMB_P', 'EMB_P', 'EMB_P', 'EMB_P', 'EMB_P', 'EMB_P', 'EMB_P', 'EMB_P', 'EMB_P', 'EMB_P', 'EMB_P', 'EMB_P', 'EMB_P', 'EMB_P', 'EMB_P', 'EMB_P', 'EMB_P', 'EMB_P', 'EMB_P', 'EMB_P', 'EMB_P', 'EMB_P', 'EMB_P', 'EMB_P', 'EMB_P', 'EMB_P']"
324,огірки,Дуже сподобався,29383:6_1200,"Дуже сподобався салат Дор-брю (помідори, огірки, перець,свіжі сирі печериці, сир Дор-брю, масло), фірмове блюдо ковбаски до пива, які при подачі підпалюють, якщо чесно, думала що фірмове блюдо має бути солідніше.",7.88,7.62,"['EMB_O', 'EMB_O', 'EMB_O', 'EMB_O', 'EMB_O', 'EMB_O', 'EMB_O', 'EMB_O', 'EMB_O', 'EMB_O', 'EMB_O', 'EMB_O', 'EMB_O', 'EMB_O', 'EMB_O', 'EMB_O', 'EMB_O', 'EMB_O', 'EMB_O', 'EMB_O', 'EMB_O', 'ASP_B', 'ASP_I', 'ASP_E', 'EMB_O', 'EMB_O', 'EMB_O', 'EMB_O', 'EMB_O', 'EMB_O', 'EMB_O', 'EMB_O', 'EMB_O', 'EMB_O', 'EMB_O', 'EMB_O', 'EMB_O', 'EMB_O', 'EMB_O', 'EMB_O', 'EMB_O', 'EMB_O', 'EMB_O', 'EMB_O', 'EMB_O', 'EMB_O', 'EMB_O', 'EMB_O', 'EMB_O', 'EMB_O', 'EMB_O', 'EMB_O', 'EMB_O', 'EMB_O', 'EMB_O', 'EMB_O', 'EMB_O', 'EMB_O', 'EMB_O', 'EMB_O', 'EMB_O', 'EMB_O', 'EMB_O', 'EMB_O', 'EMB_O', 'EMB_O', 'EMB_O', 'EMB_O', 'EMB_O', 'EMB_O', 'EMB_O', 'EMB_O', 'EMB_O', 'EMB_O', 'EMB_O', 'EMB_O', 'EMB_O', 'EMB_O', 'EMB_O', 'EMB_O', 'EMB_O', 'EMB_O', 'EMB_O', 'EMB_O', 'EMB_O', 'EMB_O', 'EMB_O', 'EMB_O', 'EMB_O', 'EMB_O', 'EMB_O', 'EMB_O', 'EMB_O', 'EMB_O', 'EMB_O', 'EMB_O', 'EMB_O', 'EMB_P', 'EMB_P', 'EMB_P', 'EMB_P', 'EMB_P', 'EMB_P', 'EMB_P', 'EMB_P', 'EMB_P', 'EMB_P', 'EMB_P', 'EMB_P', 'EMB_P', 'EMB_P', 'EMB_P', 'EMB_P', 'EMB_P', 'EMB_P', 'EMB_P', 'EMB_P', 'EMB_P', 'EMB_P', 'EMB_P', 'EMB_P', 'EMB_P', 'EMB_P', 'EMB_P', 'EMB_P', 'EMB_P', 'EMB_P', 'EMB_P']","['EMB_O', 'OPN_B', 'OPN_I', 'OPN_I', 'OPN_I', 'OPN_I', 'OPN_I', 'OPN_I', 'OPN_E', 'EMB_O', 'EMB_O', 'EMB_O', 'EMB_O', 'EMB_O', 'EMB_O', 'EMB_O', 'EMB_O', 'EMB_O', 'EMB_O', 'EMB_O', 'EMB_O', 'EMB_O', 'EMB_O', 'EMB_O', 'EMB_O', 'EMB_O', 'EMB_O', 'EMB_O', 'EMB_O', 'EMB_O', 'EMB_O', 'EMB_O', 'EMB_O', 'EMB_O', 'EMB_O', 'EMB_O', 'EMB_O', 'EMB_O', 'EMB_O', 'EMB_O', 'EMB_O', 'EMB_O', 'EMB_O', 'EMB_O', 'EMB_O', 'EMB_O', 'EMB_O', 'EMB_O', 'EMB_O', 'EMB_O', 'EMB_O', 'EMB_O', 'EMB_O', 'EMB_O', 'EMB_O', 'EMB_O', 'EMB_O', 'EMB_O', 'EMB_O', 'EMB_O', 'EMB_O', 'EMB_O', 'EMB_O', 'EMB_O', 'EMB_O', 'EMB_O', 'EMB_O', 'EMB_O', 'EMB_O', 'EMB_O', 'EMB_O', 'EMB_O', 'EMB_O', 'EMB_O', 'EMB_O', 'EMB_O', 'EMB_O', 'EMB_O', 'EMB_O', 'EMB_O', 'EMB_O', 'EMB_O', 'EMB_O', 'EMB_O', 'EMB_O', 'EMB_O', 'EMB_O', 'EMB_O', 'EMB_O', 'EMB_O', 'EMB_O', 'EMB_O', 'EMB_O', 'EMB_O', 'EMB_O', 'EMB_O', 'EMB_O', 'EMB_P', 'EMB_P', 'EMB_P', 'EMB_P', 'EMB_P', 'EMB_P', 'EMB_P', 'EMB_P', 'EMB_P', 'EMB_P', 'EMB_P', 'EMB_P', 'EMB_P', 'EMB_P', 'EMB_P', 'EMB_P', 'EMB_P', 'EMB_P', 'EMB_P', 'EMB_P', 'EMB_P', 'EMB_P', 'EMB_P', 'EMB_P', 'EMB_P', 'EMB_P', 'EMB_P', 'EMB_P', 'EMB_P', 'EMB_P', 'EMB_P']"
325,перець,Дуже сподобався,29383:6_1200,"Дуже сподобався салат Дор-брю (помідори, огірки, перець,свіжі сирі печериці, сир Дор-брю, масло), фірмове блюдо ковбаски до пива, які при подачі підпалюють, якщо чесно, думала що фірмове блюдо має бути солідніше.",7.88,7.62,"['EMB_O', 'EMB_O', 'EMB_O', 'EMB_O', 'EMB_O', 'EMB_O', 'EMB_O', 'EMB_O', 'EMB_O', 'EMB_O', 'EMB_O', 'EMB_O', 'EMB_O', 'EMB_O', 'EMB_O', 'EMB_O', 'EMB_O', 'EMB_O', 'EMB_O', 'EMB_O', 'EMB_O', 'EMB_O', 'EMB_O', 'EMB_O', 'EMB_O', 'ASP_B', 'ASP_E', 'EMB_O', 'EMB_O', 'EMB_O', 'EMB_O', 'EMB_O', 'EMB_O', 'EMB_O', 'EMB_O', 'EMB_O', 'EMB_O', 'EMB_O', 'EMB_O', 'EMB_O', 'EMB_O', 'EMB_O', 'EMB_O', 'EMB_O', 'EMB_O', 'EMB_O', 'EMB_O', 'EMB_O', 'EMB_O', 'EMB_O', 'EMB_O', 'EMB_O', 'EMB_O', 'EMB_O', 'EMB_O', 'EMB_O', 'EMB_O', 'EMB_O', 'EMB_O', 'EMB_O', 'EMB_O', 'EMB_O', 'EMB_O', 'EMB_O', 'EMB_O', 'EMB_O', 'EMB_O', 'EMB_O', 'EMB_O', 'EMB_O', 'EMB_O', 'EMB_O', 'EMB_O', 'EMB_O', 'EMB_O', 'EMB_O', 'EMB_O', 'EMB_O', 'EMB_O', 'EMB_O', 'EMB_O', 'EMB_O', 'EMB_O', 'EMB_O', 'EMB_O', 'EMB_O', 'EMB_O', 'EMB_O', 'EMB_O', 'EMB_O', 'EMB_O', 'EMB_O', 'EMB_O', 'EMB_O', 'EMB_O', 'EMB_O', 'EMB_O', 'EMB_P', 'EMB_P', 'EMB_P', 'EMB_P', 'EMB_P', 'EMB_P', 'EMB_P', 'EMB_P', 'EMB_P', 'EMB_P', 'EMB_P', 'EMB_P', 'EMB_P', 'EMB_P', 'EMB_P', 'EMB_P', 'EMB_P', 'EMB_P', 'EMB_P', 'EMB_P', 'EMB_P', 'EMB_P', 'EMB_P', 'EMB_P', 'EMB_P', 'EMB_P', 'EMB_P', 'EMB_P', 'EMB_P', 'EMB_P', 'EMB_P']","['EMB_O', 'OPN_B', 'OPN_I', 'OPN_I', 'OPN_I', 'OPN_I', 'OPN_I', 'OPN_I', 'OPN_E', 'EMB_O', 'EMB_O', 'EMB_O', 'EMB_O', 'EMB_O', 'EMB_O', 'EMB_O', 'EMB_O', 'EMB_O', 'EMB_O', 'EMB_O', 'EMB_O', 'EMB_O', 'EMB_O', 'EMB_O', 'EMB_O', 'EMB_O', 'EMB_O', 'EMB_O', 'EMB_O', 'EMB_O', 'EMB_O', 'EMB_O', 'EMB_O', 'EMB_O', 'EMB_O', 'EMB_O', 'EMB_O', 'EMB_O', 'EMB_O', 'EMB_O', 'EMB_O', 'EMB_O', 'EMB_O', 'EMB_O', 'EMB_O', 'EMB_O', 'EMB_O', 'EMB_O', 'EMB_O', 'EMB_O', 'EMB_O', 'EMB_O', 'EMB_O', 'EMB_O', 'EMB_O', 'EMB_O', 'EMB_O', 'EMB_O', 'EMB_O', 'EMB_O', 'EMB_O', 'EMB_O', 'EMB_O', 'EMB_O', 'EMB_O', 'EMB_O', 'EMB_O', 'EMB_O', 'EMB_O', 'EMB_O', 'EMB_O', 'EMB_O', 'EMB_O', 'EMB_O', 'EMB_O', 'EMB_O', 'EMB_O', 'EMB_O', 'EMB_O', 'EMB_O', 'EMB_O', 'EMB_O', 'EMB_O', 'EMB_O', 'EMB_O', 'EMB_O', 'EMB_O', 'EMB_O', 'EMB_O', 'EMB_O', 'EMB_O', 'EMB_O', 'EMB_O', 'EMB_O', 'EMB_O', 'EMB_O', 'EMB_O', 'EMB_P', 'EMB_P', 'EMB_P', 'EMB_P', 'EMB_P', 'EMB_P', 'EMB_P', 'EMB_P', 'EMB_P', 'EMB_P', 'EMB_P', 'EMB_P', 'EMB_P', 'EMB_P', 'EMB_P', 'EMB_P', 'EMB_P', 'EMB_P', 'EMB_P', 'EMB_P', 'EMB_P', 'EMB_P', 'EMB_P', 'EMB_P', 'EMB_P', 'EMB_P', 'EMB_P', 'EMB_P', 'EMB_P', 'EMB_P', 'EMB_P']"
326,свіжі сирі печериці,Дуже сподобався,29383:6_1200,"Дуже сподобався салат Дор-брю (помідори, огірки, перець,свіжі сирі печериці, сир Дор-брю, масло), фірмове блюдо ковбаски до пива, які при подачі підпалюють, якщо чесно, думала що фірмове блюдо має бути солідніше.",7.88,7.62,"['EMB_O', 'EMB_O', 'EMB_O', 'EMB_O', 'EMB_O', 'EMB_O', 'EMB_O', 'EMB_O', 'EMB_O', 'EMB_O', 'EMB_O', 'EMB_O', 'EMB_O', 'EMB_O', 'EMB_O', 'EMB_O', 'EMB_O', 'EMB_O', 'EMB_O', 'EMB_O', 'EMB_O', 'EMB_O', 'EMB_O', 'EMB_O', 'EMB_O', 'EMB_O', 'EMB_O', 'EMB_O', 'ASP_B', 'ASP_I', 'ASP_I', 'ASP_I', 'ASP_I', 'ASP_I', 'ASP_I', 'ASP_I', 'ASP_E', 'EMB_O', 'EMB_O', 'EMB_O', 'EMB_O', 'EMB_O', 'EMB_O', 'EMB_O', 'EMB_O', 'EMB_O', 'EMB_O', 'EMB_O', 'EMB_O', 'EMB_O', 'EMB_O', 'EMB_O', 'EMB_O', 'EMB_O', 'EMB_O', 'EMB_O', 'EMB_O', 'EMB_O', 'EMB_O', 'EMB_O', 'EMB_O', 'EMB_O', 'EMB_O', 'EMB_O', 'EMB_O', 'EMB_O', 'EMB_O', 'EMB_O', 'EMB_O', 'EMB_O', 'EMB_O', 'EMB_O', 'EMB_O', 'EMB_O', 'EMB_O', 'EMB_O', 'EMB_O', 'EMB_O', 'EMB_O', 'EMB_O', 'EMB_O', 'EMB_O', 'EMB_O', 'EMB_O', 'EMB_O', 'EMB_O', 'EMB_O', 'EMB_O', 'EMB_O', 'EMB_O', 'EMB_O', 'EMB_O', 'EMB_O', 'EMB_O', 'EMB_O', 'EMB_O', 'EMB_O', 'EMB_P', 'EMB_P', 'EMB_P', 'EMB_P', 'EMB_P', 'EMB_P', 'EMB_P', 'EMB_P', 'EMB_P', 'EMB_P', 'EMB_P', 'EMB_P', 'EMB_P', 'EMB_P', 'EMB_P', 'EMB_P', 'EMB_P', 'EMB_P', 'EMB_P', 'EMB_P', 'EMB_P', 'EMB_P', 'EMB_P', 'EMB_P', 'EMB_P', 'EMB_P', 'EMB_P', 'EMB_P', 'EMB_P', 'EMB_P', 'EMB_P']","['EMB_O', 'OPN_B', 'OPN_I', 'OPN_I', 'OPN_I', 'OPN_I', 'OPN_I', 'OPN_I', 'OPN_E', 'EMB_O', 'EMB_O', 'EMB_O', 'EMB_O', 'EMB_O', 'EMB_O', 'EMB_O', 'EMB_O', 'EMB_O', 'EMB_O', 'EMB_O', 'EMB_O', 'EMB_O', 'EMB_O', 'EMB_O', 'EMB_O', 'EMB_O', 'EMB_O', 'EMB_O', 'EMB_O', 'EMB_O', 'EMB_O', 'EMB_O', 'EMB_O', 'EMB_O', 'EMB_O', 'EMB_O', 'EMB_O', 'EMB_O', 'EMB_O', 'EMB_O', 'EMB_O', 'EMB_O', 'EMB_O', 'EMB_O', 'EMB_O', 'EMB_O', 'EMB_O', 'EMB_O', 'EMB_O', 'EMB_O', 'EMB_O', 'EMB_O', 'EMB_O', 'EMB_O', 'EMB_O', 'EMB_O', 'EMB_O', 'EMB_O', 'EMB_O', 'EMB_O', 'EMB_O', 'EMB_O', 'EMB_O', 'EMB_O', 'EMB_O', 'EMB_O', 'EMB_O', 'EMB_O', 'EMB_O', 'EMB_O', 'EMB_O', 'EMB_O', 'EMB_O', 'EMB_O', 'EMB_O', 'EMB_O', 'EMB_O', 'EMB_O', 'EMB_O', 'EMB_O', 'EMB_O', 'EMB_O', 'EMB_O', 'EMB_O', 'EMB_O', 'EMB_O', 'EMB_O', 'EMB_O', 'EMB_O', 'EMB_O', 'EMB_O', 'EMB_O', 'EMB_O', 'EMB_O', 'EMB_O', 'EMB_O', 'EMB_O', 'EMB_P', 'EMB_P', 'EMB_P', 'EMB_P', 'EMB_P', 'EMB_P', 'EMB_P', 'EMB_P', 'EMB_P', 'EMB_P', 'EMB_P', 'EMB_P', 'EMB_P', 'EMB_P', 'EMB_P', 'EMB_P', 'EMB_P', 'EMB_P', 'EMB_P', 'EMB_P', 'EMB_P', 'EMB_P', 'EMB_P', 'EMB_P', 'EMB_P', 'EMB_P', 'EMB_P', 'EMB_P', 'EMB_P', 'EMB_P', 'EMB_P']"
327,сир Дор-брю,Дуже сподобався,29383:6_1200,"Дуже сподобався салат Дор-брю (помідори, огірки, перець,свіжі сирі печериці, сир Дор-брю, масло), фірмове блюдо ковбаски до пива, які при подачі підпалюють, якщо чесно, думала що фірмове блюдо має бути солідніше.",7.88,7.62,"['EMB_O', 'EMB_O', 'EMB_O', 'EMB_O', 'EMB_O', 'EMB_O', 'EMB_O', 'EMB_O', 'EMB_O', 'EMB_O', 'EMB_O', 'EMB_O', 'EMB_O', 'EMB_O', 'EMB_O', 'EMB_O', 'EMB_O', 'EMB_O', 'EMB_O', 'EMB_O', 'EMB_O', 'EMB_O', 'EMB_O', 'EMB_O', 'EMB_O', 'EMB_O', 'EMB_O', 'EMB_O', 'EMB_O', 'EMB_O', 'EMB_O', 'EMB_O', 'EMB_O', 'EMB_O', 'EMB_O', 'EMB_O', 'EMB_O', 'EMB_O', 'ASP_B', 'ASP_I', 'ASP_I', 'ASP_I', 'ASP_I', 'ASP_I', 'ASP_E', 'EMB_O', 'EMB_O', 'EMB_O', 'EMB_O', 'EMB_O', 'EMB_O', 'EMB_O', 'EMB_O', 'EMB_O', 'EMB_O', 'EMB_O', 'EMB_O', 'EMB_O', 'EMB_O', 'EMB_O', 'EMB_O', 'EMB_O', 'EMB_O', 'EMB_O', 'EMB_O', 'EMB_O', 'EMB_O', 'EMB_O', 'EMB_O', 'EMB_O', 'EMB_O', 'EMB_O', 'EMB_O', 'EMB_O', 'EMB_O', 'EMB_O', 'EMB_O', 'EMB_O', 'EMB_O', 'EMB_O', 'EMB_O', 'EMB_O', 'EMB_O', 'EMB_O', 'EMB_O', 'EMB_O', 'EMB_O', 'EMB_O', 'EMB_O', 'EMB_O', 'EMB_O', 'EMB_O', 'EMB_O', 'EMB_O', 'EMB_O', 'EMB_O', 'EMB_O', 'EMB_P', 'EMB_P', 'EMB_P', 'EMB_P', 'EMB_P', 'EMB_P', 'EMB_P', 'EMB_P', 'EMB_P', 'EMB_P', 'EMB_P', 'EMB_P', 'EMB_P', 'EMB_P', 'EMB_P', 'EMB_P', 'EMB_P', 'EMB_P', 'EMB_P', 'EMB_P', 'EMB_P', 'EMB_P', 'EMB_P', 'EMB_P', 'EMB_P', 'EMB_P', 'EMB_P', 'EMB_P', 'EMB_P', 'EMB_P', 'EMB_P']","['EMB_O', 'OPN_B', 'OPN_I', 'OPN_I', 'OPN_I', 'OPN_I', 'OPN_I', 'OPN_I', 'OPN_E', 'EMB_O', 'EMB_O', 'EMB_O', 'EMB_O', 'EMB_O', 'EMB_O', 'EMB_O', 'EMB_O', 'EMB_O', 'EMB_O', 'EMB_O', 'EMB_O', 'EMB_O', 'EMB_O', 'EMB_O', 'EMB_O', 'EMB_O', 'EMB_O', 'EMB_O', 'EMB_O', 'EMB_O', 'EMB_O', 'EMB_O', 'EMB_O', 'EMB_O', 'EMB_O', 'EMB_O', 'EMB_O', 'EMB_O', 'EMB_O', 'EMB_O', 'EMB_O', 'EMB_O', 'EMB_O', 'EMB_O', 'EMB_O', 'EMB_O', 'EMB_O', 'EMB_O', 'EMB_O', 'EMB_O', 'EMB_O', 'EMB_O', 'EMB_O', 'EMB_O', 'EMB_O', 'EMB_O', 'EMB_O', 'EMB_O', 'EMB_O', 'EMB_O', 'EMB_O', 'EMB_O', 'EMB_O', 'EMB_O', 'EMB_O', 'EMB_O', 'EMB_O', 'EMB_O', 'EMB_O', 'EMB_O', 'EMB_O', 'EMB_O', 'EMB_O', 'EMB_O', 'EMB_O', 'EMB_O', 'EMB_O', 'EMB_O', 'EMB_O', 'EMB_O', 'EMB_O', 'EMB_O', 'EMB_O', 'EMB_O', 'EMB_O', 'EMB_O', 'EMB_O', 'EMB_O', 'EMB_O', 'EMB_O', 'EMB_O', 'EMB_O', 'EMB_O', 'EMB_O', 'EMB_O', 'EMB_O', 'EMB_O', 'EMB_P', 'EMB_P', 'EMB_P', 'EMB_P', 'EMB_P', 'EMB_P', 'EMB_P', 'EMB_P', 'EMB_P', 'EMB_P', 'EMB_P', 'EMB_P', 'EMB_P', 'EMB_P', 'EMB_P', 'EMB_P', 'EMB_P', 'EMB_P', 'EMB_P', 'EMB_P', 'EMB_P', 'EMB_P', 'EMB_P', 'EMB_P', 'EMB_P', 'EMB_P', 'EMB_P', 'EMB_P', 'EMB_P', 'EMB_P', 'EMB_P']"
328,масло,Дуже сподобався,29383:6_1200,"Дуже сподобався салат Дор-брю (помідори, огірки, перець,свіжі сирі печериці, сир Дор-брю, масло), фірмове блюдо ковбаски до пива, які при подачі підпалюють, якщо чесно, думала що фірмове блюдо має бути солідніше.",7.88,7.62,"['EMB_O', 'EMB_O', 'EMB_O', 'EMB_O', 'EMB_O', 'EMB_O', 'EMB_O', 'EMB_O', 'EMB_O', 'EMB_O', 'EMB_O', 'EMB_O', 'EMB_O', 'EMB_O', 'EMB_O', 'EMB_O', 'EMB_O', 'EMB_O', 'EMB_O', 'EMB_O', 'EMB_O', 'EMB_O', 'EMB_O', 'EMB_O', 'EMB_O', 'EMB_O', 'EMB_O', 'EMB_O', 'EMB_O', 'EMB_O', 'EMB_O', 'EMB_O', 'EMB_O', 'EMB_O', 'EMB_O', 'EMB_O', 'EMB_O', 'EMB_O', 'EMB_O', 'EMB_O', 'EMB_O', 'EMB_O', 'EMB_O', 'EMB_O', 'EMB_O', 'EMB_O', 'ASP_B', 'ASP_E', 'EMB_O', 'EMB_O', 'EMB_O', 'EMB_O', 'EMB_O', 'EMB_O', 'EMB_O', 'EMB_O', 'EMB_O', 'EMB_O', 'EMB_O', 'EMB_O', 'EMB_O', 'EMB_O', 'EMB_O', 'EMB_O', 'EMB_O', 'EMB_O', 'EMB_O', 'EMB_O', 'EMB_O', 'EMB_O', 'EMB_O', 'EMB_O', 'EMB_O', 'EMB_O', 'EMB_O', 'EMB_O', 'EMB_O', 'EMB_O', 'EMB_O', 'EMB_O', 'EMB_O', 'EMB_O', 'EMB_O', 'EMB_O', 'EMB_O', 'EMB_O', 'EMB_O', 'EMB_O', 'EMB_O', 'EMB_O', 'EMB_O', 'EMB_O', 'EMB_O', 'EMB_O', 'EMB_O', 'EMB_O', 'EMB_O', 'EMB_P', 'EMB_P', 'EMB_P', 'EMB_P', 'EMB_P', 'EMB_P', 'EMB_P', 'EMB_P', 'EMB_P', 'EMB_P', 'EMB_P', 'EMB_P', 'EMB_P', 'EMB_P', 'EMB_P', 'EMB_P', 'EMB_P', 'EMB_P', 'EMB_P', 'EMB_P', 'EMB_P', 'EMB_P', 'EMB_P', 'EMB_P', 'EMB_P', 'EMB_P', 'EMB_P', 'EMB_P', 'EMB_P', 'EMB_P', 'EMB_P']","['EMB_O', 'OPN_B', 'OPN_I', 'OPN_I', 'OPN_I', 'OPN_I', 'OPN_I', 'OPN_I', 'OPN_E', 'EMB_O', 'EMB_O', 'EMB_O', 'EMB_O', 'EMB_O', 'EMB_O', 'EMB_O', 'EMB_O', 'EMB_O', 'EMB_O', 'EMB_O', 'EMB_O', 'EMB_O', 'EMB_O', 'EMB_O', 'EMB_O', 'EMB_O', 'EMB_O', 'EMB_O', 'EMB_O', 'EMB_O', 'EMB_O', 'EMB_O', 'EMB_O', 'EMB_O', 'EMB_O', 'EMB_O', 'EMB_O', 'EMB_O', 'EMB_O', 'EMB_O', 'EMB_O', 'EMB_O', 'EMB_O', 'EMB_O', 'EMB_O', 'EMB_O', 'EMB_O', 'EMB_O', 'EMB_O', 'EMB_O', 'EMB_O', 'EMB_O', 'EMB_O', 'EMB_O', 'EMB_O', 'EMB_O', 'EMB_O', 'EMB_O', 'EMB_O', 'EMB_O', 'EMB_O', 'EMB_O', 'EMB_O', 'EMB_O', 'EMB_O', 'EMB_O', 'EMB_O', 'EMB_O', 'EMB_O', 'EMB_O', 'EMB_O', 'EMB_O', 'EMB_O', 'EMB_O', 'EMB_O', 'EMB_O', 'EMB_O', 'EMB_O', 'EMB_O', 'EMB_O', 'EMB_O', 'EMB_O', 'EMB_O', 'EMB_O', 'EMB_O', 'EMB_O', 'EMB_O', 'EMB_O', 'EMB_O', 'EMB_O', 'EMB_O', 'EMB_O', 'EMB_O', 'EMB_O', 'EMB_O', 'EMB_O', 'EMB_O', 'EMB_P', 'EMB_P', 'EMB_P', 'EMB_P', 'EMB_P', 'EMB_P', 'EMB_P', 'EMB_P', 'EMB_P', 'EMB_P', 'EMB_P', 'EMB_P', 'EMB_P', 'EMB_P', 'EMB_P', 'EMB_P', 'EMB_P', 'EMB_P', 'EMB_P', 'EMB_P', 'EMB_P', 'EMB_P', 'EMB_P', 'EMB_P', 'EMB_P', 'EMB_P', 'EMB_P', 'EMB_P', 'EMB_P', 'EMB_P', 'EMB_P']"
329,фірмове блюдо ковбаски до пива,має бути солідніше,29383:6_1200,"Дуже сподобався салат Дор-брю (помідори, огірки, перець,свіжі сирі печериці, сир Дор-брю, масло), фірмове блюдо ковбаски до пива, які при подачі підпалюють, якщо чесно, думала що фірмове блюдо має бути солідніше.",4.88,4.5,"['EMB_O', 'EMB_O', 'EMB_O', 'EMB_O', 'EMB_O', 'EMB_O', 'EMB_O', 'EMB_O', 'EMB_O', 'EMB_O', 'EMB_O', 'EMB_O', 'EMB_O', 'EMB_O', 'EMB_O', 'EMB_O', 'EMB_O', 'EMB_O', 'EMB_O', 'EMB_O', 'EMB_O', 'EMB_O', 'EMB_O', 'EMB_O', 'EMB_O', 'EMB_O', 'EMB_O', 'EMB_O', 'EMB_O', 'EMB_O', 'EMB_O', 'EMB_O', 'EMB_O', 'EMB_O', 'EMB_O', 'EMB_O', 'EMB_O', 'EMB_O', 'EMB_O', 'EMB_O', 'EMB_O', 'EMB_O', 'EMB_O', 'EMB_O', 'EMB_O', 'EMB_O', 'EMB_O', 'EMB_O', 'EMB_O', 'EMB_O', 'ASP_B', 'ASP_I', 'ASP_I', 'ASP_I', 'ASP_I', 'ASP_I', 'ASP_I', 'ASP_I', 'ASP_I', 'ASP_I', 'ASP_I', 'ASP_I', 'ASP_I', 'ASP_E', 'EMB_O', 'EMB_O', 'EMB_O', 'EMB_O', 'EMB_O', 'EMB_O', 'EMB_O', 'EMB_O', 'EMB_O', 'EMB_O', 'EMB_O', 'EMB_O', 'EMB_O', 'EMB_O', 'EMB_O', 'EMB_O', 'EMB_O', 'EMB_O', 'EMB_O', 'EMB_O', 'EMB_O', 'EMB_O', 'EMB_O', 'EMB_O', 'EMB_O', 'EMB_O', 'EMB_O', 'EMB_O', 'EMB_O', 'EMB_O', 'EMB_O', 'EMB_O', 'EMB_O', 'EMB_P', 'EMB_P', 'EMB_P', 'EMB_P', 'EMB_P', 'EMB_P', 'EMB_P', 'EMB_P', 'EMB_P', 'EMB_P', 'EMB_P', 'EMB_P', 'EMB_P', 'EMB_P', 'EMB_P', 'EMB_P', 'EMB_P', 'EMB_P', 'EMB_P', 'EMB_P', 'EMB_P', 'EMB_P', 'EMB_P', 'EMB_P', 'EMB_P', 'EMB_P', 'EMB_P', 'EMB_P', 'EMB_P', 'EMB_P', 'EMB_P']","['EMB_O', 'EMB_O', 'EMB_O', 'EMB_O', 'EMB_O', 'EMB_O', 'EMB_O', 'EMB_O', 'EMB_O', 'EMB_O', 'EMB_O', 'EMB_O', 'EMB_O', 'EMB_O', 'EMB_O', 'EMB_O', 'EMB_O', 'EMB_O', 'EMB_O', 'EMB_O', 'EMB_O', 'EMB_O', 'EMB_O', 'EMB_O', 'EMB_O', 'EMB_O', 'EMB_O', 'EMB_O', 'EMB_O', 'EMB_O', 'EMB_O', 'EMB_O', 'EMB_O', 'EMB_O', 'EMB_O', 'EMB_O', 'EMB_O', 'EMB_O', 'EMB_O', 'EMB_O', 'EMB_O', 'EMB_O', 'EMB_O', 'EMB_O', 'EMB_O', 'EMB_O', 'EMB_O', 'EMB_O', 'EMB_O', 'EMB_O', 'EMB_O', 'EMB_O', 'EMB_O', 'EMB_O', 'EMB_O', 'EMB_O', 'EMB_O', 'EMB_O', 'EMB_O', 'EMB_O', 'EMB_O', 'EMB_O', 'EMB_O', 'EMB_O', 'EMB_O', 'EMB_O', 'EMB_O', 'EMB_O', 'EMB_O', 'EMB_O', 'EMB_O', 'EMB_O', 'EMB_O', 'EMB_O', 'EMB_O', 'EMB_O', 'EMB_O', 'EMB_O', 'EMB_O', 'EMB_O', 'EMB_O', 'EMB_O', 'EMB_O', 'EMB_O', 'EMB_O', 'EMB_O', 'EMB_O', 'EMB_O', 'EMB_O', 'OPN_B', 'OPN_I', 'OPN_I', 'OPN_I', 'OPN_I', 'OPN_E', 'EMB_O', 'EMB_O', 'EMB_P', 'EMB_P', 'EMB_P', 'EMB_P', 'EMB_P', 'EMB_P', 'EMB_P', 'EMB_P', 'EMB_P', 'EMB_P', 'EMB_P', 'EMB_P', 'EMB_P', 'EMB_P', 'EMB_P', 'EMB_P', 'EMB_P', 'EMB_P', 'EMB_P', 'EMB_P', 'EMB_P', 'EMB_P', 'EMB_P', 'EMB_P', 'EMB_P', 'EMB_P', 'EMB_P', 'EMB_P', 'EMB_P', 'EMB_P', 'EMB_P']"
330,Гаряче,непогане,29383:7_1201,"Гаряче непогане, але нагріль було несхоже.",5.3,4.0,"['EMB_O', 'ASP_B', 'ASP_I', 'ASP_E', 'EMB_O', 'EMB_O', 'EMB_O', 'EMB_O', 'EMB_O', 'EMB_O', 'EMB_O', 'EMB_O', 'EMB_O', 'EMB_O', 'EMB_O', 'EMB_O', 'EMB_O', 'EMB_O', 'EMB_O', 'EMB_O', 'EMB_P', 'EMB_P', 'EMB_P', 'EMB_P', 'EMB_P', 'EMB_P', 'EMB_P', 'EMB_P', 'EMB_P', 'EMB_P', 'EMB_P', 'EMB_P', 'EMB_P', 'EMB_P', 'EMB_P', 'EMB_P', 'EMB_P', 'EMB_P', 'EMB_P', 'EMB_P', 'EMB_P', 'EMB_P', 'EMB_P', 'EMB_P', 'EMB_P', 'EMB_P', 'EMB_P', 'EMB_P', 'EMB_P', 'EMB_P', 'EMB_P', 'EMB_P', 'EMB_P', 'EMB_P', 'EMB_P', 'EMB_P', 'EMB_P', 'EMB_P', 'EMB_P', 'EMB_P', 'EMB_P', 'EMB_P', 'EMB_P', 'EMB_P', 'EMB_P', 'EMB_P', 'EMB_P', 'EMB_P', 'EMB_P', 'EMB_P', 'EMB_P', 'EMB_P', 'EMB_P', 'EMB_P', 'EMB_P', 'EMB_P', 'EMB_P', 'EMB_P', 'EMB_P', 'EMB_P', 'EMB_P', 'EMB_P', 'EMB_P', 'EMB_P', 'EMB_P', 'EMB_P', 'EMB_P', 'EMB_P', 'EMB_P', 'EMB_P', 'EMB_P', 'EMB_P', 'EMB_P', 'EMB_P', 'EMB_P', 'EMB_P', 'EMB_P', 'EMB_P', 'EMB_P', 'EMB_P', 'EMB_P', 'EMB_P', 'EMB_P', 'EMB_P', 'EMB_P', 'EMB_P', 'EMB_P', 'EMB_P', 'EMB_P', 'EMB_P', 'EMB_P', 'EMB_P', 'EMB_P', 'EMB_P', 'EMB_P', 'EMB_P', 'EMB_P', 'EMB_P', 'EMB_P', 'EMB_P', 'EMB_P', 'EMB_P', 'EMB_P', 'EMB_P', 'EMB_P', 'EMB_P', 'EMB_P', 'EMB_P']","['EMB_O', 'EMB_O', 'EMB_O', 'EMB_O', 'OPN_B', 'OPN_I', 'OPN_I', 'OPN_E', 'EMB_O', 'EMB_O', 'EMB_O', 'EMB_O', 'EMB_O', 'EMB_O', 'EMB_O', 'EMB_O', 'EMB_O', 'EMB_O', 'EMB_O', 'EMB_O', 'EMB_P', 'EMB_P', 'EMB_P', 'EMB_P', 'EMB_P', 'EMB_P', 'EMB_P', 'EMB_P', 'EMB_P', 'EMB_P', 'EMB_P', 'EMB_P', 'EMB_P', 'EMB_P', 'EMB_P', 'EMB_P', 'EMB_P', 'EMB_P', 'EMB_P', 'EMB_P', 'EMB_P', 'EMB_P', 'EMB_P', 'EMB_P', 'EMB_P', 'EMB_P', 'EMB_P', 'EMB_P', 'EMB_P', 'EMB_P', 'EMB_P', 'EMB_P', 'EMB_P', 'EMB_P', 'EMB_P', 'EMB_P', 'EMB_P', 'EMB_P', 'EMB_P', 'EMB_P', 'EMB_P', 'EMB_P', 'EMB_P', 'EMB_P', 'EMB_P', 'EMB_P', 'EMB_P', 'EMB_P', 'EMB_P', 'EMB_P', 'EMB_P', 'EMB_P', 'EMB_P', 'EMB_P', 'EMB_P', 'EMB_P', 'EMB_P', 'EMB_P', 'EMB_P', 'EMB_P', 'EMB_P', 'EMB_P', 'EMB_P', 'EMB_P', 'EMB_P', 'EMB_P', 'EMB_P', 'EMB_P', 'EMB_P', 'EMB_P', 'EMB_P', 'EMB_P', 'EMB_P', 'EMB_P', 'EMB_P', 'EMB_P', 'EMB_P', 'EMB_P', 'EMB_P', 'EMB_P', 'EMB_P', 'EMB_P', 'EMB_P', 'EMB_P', 'EMB_P', 'EMB_P', 'EMB_P', 'EMB_P', 'EMB_P', 'EMB_P', 'EMB_P', 'EMB_P', 'EMB_P', 'EMB_P', 'EMB_P', 'EMB_P', 'EMB_P', 'EMB_P', 'EMB_P', 'EMB_P', 'EMB_P', 'EMB_P', 'EMB_P', 'EMB_P', 'EMB_P', 'EMB_P', 'EMB_P', 'EMB_P']"
331,музика,Голосно,29383:8_1202,"Голосно грає музика тому офіцанток незватися і нечують іноді страви для замовлення, сидиш чекаєш 50 хв, а виявляється воно не замовлено чекаєш ще 50 хв (так написано вменю час приготування 40-50 хв).",2.67,7.5,"['EMB_O', 'EMB_O', 'EMB_O', 'EMB_O', 'EMB_O', 'EMB_O', 'ASP_S', 'EMB_O', 'EMB_O', 'EMB_O', 'EMB_O', 'EMB_O', 'EMB_O', 'EMB_O', 'EMB_O', 'EMB_O', 'EMB_O', 'EMB_O', 'EMB_O', 'EMB_O', 'EMB_O', 'EMB_O', 'EMB_O', 'EMB_O', 'EMB_O', 'EMB_O', 'EMB_O', 'EMB_O', 'EMB_O', 'EMB_O', 'EMB_O', 'EMB_O', 'EMB_O', 'EMB_O', 'EMB_O', 'EMB_O', 'EMB_O', 'EMB_O', 'EMB_O', 'EMB_O', 'EMB_O', 'EMB_O', 'EMB_O', 'EMB_O', 'EMB_O', 'EMB_O', 'EMB_O', 'EMB_O', 'EMB_O', 'EMB_O', 'EMB_O', 'EMB_O', 'EMB_O', 'EMB_O', 'EMB_O', 'EMB_O', 'EMB_O', 'EMB_O', 'EMB_O', 'EMB_O', 'EMB_O', 'EMB_O', 'EMB_O', 'EMB_O', 'EMB_O', 'EMB_O', 'EMB_O', 'EMB_O', 'EMB_O', 'EMB_O', 'EMB_O', 'EMB_O', 'EMB_O', 'EMB_O', 'EMB_O', 'EMB_P', 'EMB_P', 'EMB_P', 'EMB_P', 'EMB_P', 'EMB_P', 'EMB_P', 'EMB_P', 'EMB_P', 'EMB_P', 'EMB_P', 'EMB_P', 'EMB_P', 'EMB_P', 'EMB_P', 'EMB_P', 'EMB_P', 'EMB_P', 'EMB_P', 'EMB_P', 'EMB_P', 'EMB_P', 'EMB_P', 'EMB_P', 'EMB_P', 'EMB_P', 'EMB_P', 'EMB_P', 'EMB_P', 'EMB_P', 'EMB_P', 'EMB_P', 'EMB_P', 'EMB_P', 'EMB_P', 'EMB_P', 'EMB_P', 'EMB_P', 'EMB_P', 'EMB_P', 'EMB_P', 'EMB_P', 'EMB_P', 'EMB_P', 'EMB_P', 'EMB_P', 'EMB_P', 'EMB_P', 'EMB_P', 'EMB_P', 'EMB_P', 'EMB_P', 'EMB_P']","['EMB_O', 'OPN_B', 'OPN_I', 'OPN_E', 'EMB_O', 'EMB_O', 'EMB_O', 'EMB_O', 'EMB_O', 'EMB_O', 'EMB_O', 'EMB_O', 'EMB_O', 'EMB_O', 'EMB_O', 'EMB_O', 'EMB_O', 'EMB_O', 'EMB_O', 'EMB_O', 'EMB_O', 'EMB_O', 'EMB_O', 'EMB_O', 'EMB_O', 'EMB_O', 'EMB_O', 'EMB_O', 'EMB_O', 'EMB_O', 'EMB_O', 'EMB_O', 'EMB_O', 'EMB_O', 'EMB_O', 'EMB_O', 'EMB_O', 'EMB_O', 'EMB_O', 'EMB_O', 'EMB_O', 'EMB_O', 'EMB_O', 'EMB_O', 'EMB_O', 'EMB_O', 'EMB_O', 'EMB_O', 'EMB_O', 'EMB_O', 'EMB_O', 'EMB_O', 'EMB_O', 'EMB_O', 'EMB_O', 'EMB_O', 'EMB_O', 'EMB_O', 'EMB_O', 'EMB_O', 'EMB_O', 'EMB_O', 'EMB_O', 'EMB_O', 'EMB_O', 'EMB_O', 'EMB_O', 'EMB_O', 'EMB_O', 'EMB_O', 'EMB_O', 'EMB_O', 'EMB_O', 'EMB_O', 'EMB_O', 'EMB_P', 'EMB_P', 'EMB_P', 'EMB_P', 'EMB_P', 'EMB_P', 'EMB_P', 'EMB_P', 'EMB_P', 'EMB_P', 'EMB_P', 'EMB_P', 'EMB_P', 'EMB_P', 'EMB_P', 'EMB_P', 'EMB_P', 'EMB_P', 'EMB_P', 'EMB_P', 'EMB_P', 'EMB_P', 'EMB_P', 'EMB_P', 'EMB_P', 'EMB_P', 'EMB_P', 'EMB_P', 'EMB_P', 'EMB_P', 'EMB_P', 'EMB_P', 'EMB_P', 'EMB_P', 'EMB_P', 'EMB_P', 'EMB_P', 'EMB_P', 'EMB_P', 'EMB_P', 'EMB_P', 'EMB_P', 'EMB_P', 'EMB_P', 'EMB_P', 'EMB_P', 'EMB_P', 'EMB_P', 'EMB_P', 'EMB_P', 'EMB_P', 'EMB_P', 'EMB_P']"
332,офіцанток,незватися,29383:8_1202,"Голосно грає музика тому офіцанток незватися і нечують іноді страви для замовлення, сидиш чекаєш 50 хв, а виявляється воно не замовлено чекаєш ще 50 хв (так написано вменю час приготування 40-50 хв).",2.5,7.33,"['EMB_O', 'EMB_O', 'EMB_O', 'EMB_O', 'EMB_O', 'EMB_O', 'EMB_O', 'EMB_O', 'ASP_B', 'ASP_I', 'ASP_I', 'ASP_I', 'ASP_E', 'EMB_O', 'EMB_O', 'EMB_O', 'EMB_O', 'EMB_O', 'EMB_O', 'EMB_O', 'EMB_O', 'EMB_O', 'EMB_O', 'EMB_O', 'EMB_O', 'EMB_O', 'EMB_O', 'EMB_O', 'EMB_O', 'EMB_O', 'EMB_O', 'EMB_O', 'EMB_O', 'EMB_O', 'EMB_O', 'EMB_O', 'EMB_O', 'EMB_O', 'EMB_O', 'EMB_O', 'EMB_O', 'EMB_O', 'EMB_O', 'EMB_O', 'EMB_O', 'EMB_O', 'EMB_O', 'EMB_O', 'EMB_O', 'EMB_O', 'EMB_O', 'EMB_O', 'EMB_O', 'EMB_O', 'EMB_O', 'EMB_O', 'EMB_O', 'EMB_O', 'EMB_O', 'EMB_O', 'EMB_O', 'EMB_O', 'EMB_O', 'EMB_O', 'EMB_O', 'EMB_O', 'EMB_O', 'EMB_O', 'EMB_O', 'EMB_O', 'EMB_O', 'EMB_O', 'EMB_O', 'EMB_O', 'EMB_O', 'EMB_P', 'EMB_P', 'EMB_P', 'EMB_P', 'EMB_P', 'EMB_P', 'EMB_P', 'EMB_P', 'EMB_P', 'EMB_P', 'EMB_P', 'EMB_P', 'EMB_P', 'EMB_P', 'EMB_P', 'EMB_P', 'EMB_P', 'EMB_P', 'EMB_P', 'EMB_P', 'EMB_P', 'EMB_P', 'EMB_P', 'EMB_P', 'EMB_P', 'EMB_P', 'EMB_P', 'EMB_P', 'EMB_P', 'EMB_P', 'EMB_P', 'EMB_P', 'EMB_P', 'EMB_P', 'EMB_P', 'EMB_P', 'EMB_P', 'EMB_P', 'EMB_P', 'EMB_P', 'EMB_P', 'EMB_P', 'EMB_P', 'EMB_P', 'EMB_P', 'EMB_P', 'EMB_P', 'EMB_P', 'EMB_P', 'EMB_P', 'EMB_P', 'EMB_P', 'EMB_P']","['EMB_O', 'EMB_O', 'EMB_O', 'EMB_O', 'EMB_O', 'EMB_O', 'EMB_O', 'EMB_O', 'EMB_O', 'EMB_O', 'EMB_O', 'EMB_O', 'EMB_O', 'OPN_B', 'OPN_I', 'OPN_E', 'EMB_O', 'EMB_O', 'EMB_O', 'EMB_O', 'EMB_O', 'EMB_O', 'EMB_O', 'EMB_O', 'EMB_O', 'EMB_O', 'EMB_O', 'EMB_O', 'EMB_O', 'EMB_O', 'EMB_O', 'EMB_O', 'EMB_O', 'EMB_O', 'EMB_O', 'EMB_O', 'EMB_O', 'EMB_O', 'EMB_O', 'EMB_O', 'EMB_O', 'EMB_O', 'EMB_O', 'EMB_O', 'EMB_O', 'EMB_O', 'EMB_O', 'EMB_O', 'EMB_O', 'EMB_O', 'EMB_O', 'EMB_O', 'EMB_O', 'EMB_O', 'EMB_O', 'EMB_O', 'EMB_O', 'EMB_O', 'EMB_O', 'EMB_O', 'EMB_O', 'EMB_O', 'EMB_O', 'EMB_O', 'EMB_O', 'EMB_O', 'EMB_O', 'EMB_O', 'EMB_O', 'EMB_O', 'EMB_O', 'EMB_O', 'EMB_O', 'EMB_O', 'EMB_O', 'EMB_P', 'EMB_P', 'EMB_P', 'EMB_P', 'EMB_P', 'EMB_P', 'EMB_P', 'EMB_P', 'EMB_P', 'EMB_P', 'EMB_P', 'EMB_P', 'EMB_P', 'EMB_P', 'EMB_P', 'EMB_P', 'EMB_P', 'EMB_P', 'EMB_P', 'EMB_P', 'EMB_P', 'EMB_P', 'EMB_P', 'EMB_P', 'EMB_P', 'EMB_P', 'EMB_P', 'EMB_P', 'EMB_P', 'EMB_P', 'EMB_P', 'EMB_P', 'EMB_P', 'EMB_P', 'EMB_P', 'EMB_P', 'EMB_P', 'EMB_P', 'EMB_P', 'EMB_P', 'EMB_P', 'EMB_P', 'EMB_P', 'EMB_P', 'EMB_P', 'EMB_P', 'EMB_P', 'EMB_P', 'EMB_P', 'EMB_P', 'EMB_P', 'EMB_P', 'EMB_P']"
333,пиво,Можна зайти,29383:11_1204,Можна зайти попити пиво з ковбасками ввечері.,6.4,5.7,"['EMB_O', 'EMB_O', 'EMB_O', 'EMB_O', 'EMB_O', 'EMB_O', 'EMB_O', 'ASP_B', 'ASP_E', 'EMB_O', 'EMB_O', 'EMB_O', 'EMB_O', 'EMB_O', 'EMB_O', 'EMB_O', 'EMB_O', 'EMB_O', 'EMB_O', 'EMB_P', 'EMB_P', 'EMB_P', 'EMB_P', 'EMB_P', 'EMB_P', 'EMB_P', 'EMB_P', 'EMB_P', 'EMB_P', 'EMB_P', 'EMB_P', 'EMB_P', 'EMB_P', 'EMB_P', 'EMB_P', 'EMB_P', 'EMB_P', 'EMB_P', 'EMB_P', 'EMB_P', 'EMB_P', 'EMB_P', 'EMB_P', 'EMB_P', 'EMB_P', 'EMB_P', 'EMB_P', 'EMB_P', 'EMB_P', 'EMB_P', 'EMB_P', 'EMB_P', 'EMB_P', 'EMB_P', 'EMB_P', 'EMB_P', 'EMB_P', 'EMB_P', 'EMB_P', 'EMB_P', 'EMB_P', 'EMB_P', 'EMB_P', 'EMB_P', 'EMB_P', 'EMB_P', 'EMB_P', 'EMB_P', 'EMB_P', 'EMB_P', 'EMB_P', 'EMB_P', 'EMB_P', 'EMB_P', 'EMB_P', 'EMB_P', 'EMB_P', 'EMB_P', 'EMB_P', 'EMB_P', 'EMB_P', 'EMB_P', 'EMB_P', 'EMB_P', 'EMB_P', 'EMB_P', 'EMB_P', 'EMB_P', 'EMB_P', 'EMB_P', 'EMB_P', 'EMB_P', 'EMB_P', 'EMB_P', 'EMB_P', 'EMB_P', 'EMB_P', 'EMB_P', 'EMB_P', 'EMB_P', 'EMB_P', 'EMB_P', 'EMB_P', 'EMB_P', 'EMB_P', 'EMB_P', 'EMB_P', 'EMB_P', 'EMB_P', 'EMB_P', 'EMB_P', 'EMB_P', 'EMB_P', 'EMB_P', 'EMB_P', 'EMB_P', 'EMB_P', 'EMB_P', 'EMB_P', 'EMB_P', 'EMB_P', 'EMB_P', 'EMB_P', 'EMB_P', 'EMB_P', 'EMB_P', 'EMB_P', 'EMB_P']","['EMB_O', 'OPN_B', 'OPN_I', 'OPN_I', 'OPN_E', 'EMB_O', 'EMB_O', 'EMB_O', 'EMB_O', 'EMB_O', 'EMB_O', 'EMB_O', 'EMB_O', 'EMB_O', 'EMB_O', 'EMB_O', 'EMB_O', 'EMB_O', 'EMB_O', 'EMB_P', 'EMB_P', 'EMB_P', 'EMB_P', 'EMB_P', 'EMB_P', 'EMB_P', 'EMB_P', 'EMB_P', 'EMB_P', 'EMB_P', 'EMB_P', 'EMB_P', 'EMB_P', 'EMB_P', 'EMB_P', 'EMB_P', 'EMB_P', 'EMB_P', 'EMB_P', 'EMB_P', 'EMB_P', 'EMB_P', 'EMB_P', 'EMB_P', 'EMB_P', 'EMB_P', 'EMB_P', 'EMB_P', 'EMB_P', 'EMB_P', 'EMB_P', 'EMB_P', 'EMB_P', 'EMB_P', 'EMB_P', 'EMB_P', 'EMB_P', 'EMB_P', 'EMB_P', 'EMB_P', 'EMB_P', 'EMB_P', 'EMB_P', 'EMB_P', 'EMB_P', 'EMB_P', 'EMB_P', 'EMB_P', 'EMB_P', 'EMB_P', 'EMB_P', 'EMB_P', 'EMB_P', 'EMB_P', 'EMB_P', 'EMB_P', 'EMB_P', 'EMB_P', 'EMB_P', 'EMB_P', 'EMB_P', 'EMB_P', 'EMB_P', 'EMB_P', 'EMB_P', 'EMB_P', 'EMB_P', 'EMB_P', 'EMB_P', 'EMB_P', 'EMB_P', 'EMB_P', 'EMB_P', 'EMB_P', 'EMB_P', 'EMB_P', 'EMB_P', 'EMB_P', 'EMB_P', 'EMB_P', 'EMB_P', 'EMB_P', 'EMB_P', 'EMB_P', 'EMB_P', 'EMB_P', 'EMB_P', 'EMB_P', 'EMB_P', 'EMB_P', 'EMB_P', 'EMB_P', 'EMB_P', 'EMB_P', 'EMB_P', 'EMB_P', 'EMB_P', 'EMB_P', 'EMB_P', 'EMB_P', 'EMB_P', 'EMB_P', 'EMB_P', 'EMB_P', 'EMB_P', 'EMB_P', 'EMB_P', 'EMB_P']"
334,ковбасками,Можна зайти,29383:11_1204,Можна зайти попити пиво з ковбасками ввечері.,6.4,5.7,"['EMB_O', 'EMB_O', 'EMB_O', 'EMB_O', 'EMB_O', 'EMB_O', 'EMB_O', 'EMB_O', 'EMB_O', 'EMB_O', 'ASP_B', 'ASP_I', 'ASP_I', 'ASP_E', 'EMB_O', 'EMB_O', 'EMB_O', 'EMB_O', 'EMB_O', 'EMB_P', 'EMB_P', 'EMB_P', 'EMB_P', 'EMB_P', 'EMB_P', 'EMB_P', 'EMB_P', 'EMB_P', 'EMB_P', 'EMB_P', 'EMB_P', 'EMB_P', 'EMB_P', 'EMB_P', 'EMB_P', 'EMB_P', 'EMB_P', 'EMB_P', 'EMB_P', 'EMB_P', 'EMB_P', 'EMB_P', 'EMB_P', 'EMB_P', 'EMB_P', 'EMB_P', 'EMB_P', 'EMB_P', 'EMB_P', 'EMB_P', 'EMB_P', 'EMB_P', 'EMB_P', 'EMB_P', 'EMB_P', 'EMB_P', 'EMB_P', 'EMB_P', 'EMB_P', 'EMB_P', 'EMB_P', 'EMB_P', 'EMB_P', 'EMB_P', 'EMB_P', 'EMB_P', 'EMB_P', 'EMB_P', 'EMB_P', 'EMB_P', 'EMB_P', 'EMB_P', 'EMB_P', 'EMB_P', 'EMB_P', 'EMB_P', 'EMB_P', 'EMB_P', 'EMB_P', 'EMB_P', 'EMB_P', 'EMB_P', 'EMB_P', 'EMB_P', 'EMB_P', 'EMB_P', 'EMB_P', 'EMB_P', 'EMB_P', 'EMB_P', 'EMB_P', 'EMB_P', 'EMB_P', 'EMB_P', 'EMB_P', 'EMB_P', 'EMB_P', 'EMB_P', 'EMB_P', 'EMB_P', 'EMB_P', 'EMB_P', 'EMB_P', 'EMB_P', 'EMB_P', 'EMB_P', 'EMB_P', 'EMB_P', 'EMB_P', 'EMB_P', 'EMB_P', 'EMB_P', 'EMB_P', 'EMB_P', 'EMB_P', 'EMB_P', 'EMB_P', 'EMB_P', 'EMB_P', 'EMB_P', 'EMB_P', 'EMB_P', 'EMB_P', 'EMB_P', 'EMB_P', 'EMB_P', 'EMB_P', 'EMB_P']","['EMB_O', 'OPN_B', 'OPN_I', 'OPN_I', 'OPN_E', 'EMB_O', 'EMB_O', 'EMB_O', 'EMB_O', 'EMB_O', 'EMB_O', 'EMB_O', 'EMB_O', 'EMB_O', 'EMB_O', 'EMB_O', 'EMB_O', 'EMB_O', 'EMB_O', 'EMB_P', 'EMB_P', 'EMB_P', 'EMB_P', 'EMB_P', 'EMB_P', 'EMB_P', 'EMB_P', 'EMB_P', 'EMB_P', 'EMB_P', 'EMB_P', 'EMB_P', 'EMB_P', 'EMB_P', 'EMB_P', 'EMB_P', 'EMB_P', 'EMB_P', 'EMB_P', 'EMB_P', 'EMB_P', 'EMB_P', 'EMB_P', 'EMB_P', 'EMB_P', 'EMB_P', 'EMB_P', 'EMB_P', 'EMB_P', 'EMB_P', 'EMB_P', 'EMB_P', 'EMB_P', 'EMB_P', 'EMB_P', 'EMB_P', 'EMB_P', 'EMB_P', 'EMB_P', 'EMB_P', 'EMB_P', 'EMB_P', 'EMB_P', 'EMB_P', 'EMB_P', 'EMB_P', 'EMB_P', 'EMB_P', 'EMB_P', 'EMB_P', 'EMB_P', 'EMB_P', 'EMB_P', 'EMB_P', 'EMB_P', 'EMB_P', 'EMB_P', 'EMB_P', 'EMB_P', 'EMB_P', 'EMB_P', 'EMB_P', 'EMB_P', 'EMB_P', 'EMB_P', 'EMB_P', 'EMB_P', 'EMB_P', 'EMB_P', 'EMB_P', 'EMB_P', 'EMB_P', 'EMB_P', 'EMB_P', 'EMB_P', 'EMB_P', 'EMB_P', 'EMB_P', 'EMB_P', 'EMB_P', 'EMB_P', 'EMB_P', 'EMB_P', 'EMB_P', 'EMB_P', 'EMB_P', 'EMB_P', 'EMB_P', 'EMB_P', 'EMB_P', 'EMB_P', 'EMB_P', 'EMB_P', 'EMB_P', 'EMB_P', 'EMB_P', 'EMB_P', 'EMB_P', 'EMB_P', 'EMB_P', 'EMB_P', 'EMB_P', 'EMB_P', 'EMB_P', 'EMB_P', 'EMB_P', 'EMB_P', 'EMB_P']"
335,Ресторан,дуже хороший,29395:0_1205,Ресторан дуже хороший!!!,7.6,7.4,"['EMB_O', 'ASP_B', 'ASP_I', 'ASP_E', 'EMB_O', 'EMB_O', 'EMB_O', 'EMB_O', 'EMB_O', 'EMB_O', 'EMB_O', 'EMB_O', 'EMB_P', 'EMB_P', 'EMB_P', 'EMB_P', 'EMB_P', 'EMB_P', 'EMB_P', 'EMB_P', 'EMB_P', 'EMB_P', 'EMB_P', 'EMB_P', 'EMB_P', 'EMB_P', 'EMB_P', 'EMB_P', 'EMB_P', 'EMB_P', 'EMB_P', 'EMB_P', 'EMB_P', 'EMB_P', 'EMB_P', 'EMB_P', 'EMB_P', 'EMB_P', 'EMB_P', 'EMB_P', 'EMB_P', 'EMB_P', 'EMB_P', 'EMB_P', 'EMB_P', 'EMB_P', 'EMB_P', 'EMB_P', 'EMB_P', 'EMB_P', 'EMB_P', 'EMB_P', 'EMB_P', 'EMB_P', 'EMB_P', 'EMB_P', 'EMB_P', 'EMB_P', 'EMB_P', 'EMB_P', 'EMB_P', 'EMB_P', 'EMB_P', 'EMB_P', 'EMB_P', 'EMB_P', 'EMB_P', 'EMB_P', 'EMB_P', 'EMB_P', 'EMB_P', 'EMB_P', 'EMB_P', 'EMB_P', 'EMB_P', 'EMB_P', 'EMB_P', 'EMB_P', 'EMB_P', 'EMB_P', 'EMB_P', 'EMB_P', 'EMB_P', 'EMB_P', 'EMB_P', 'EMB_P', 'EMB_P', 'EMB_P', 'EMB_P', 'EMB_P', 'EMB_P', 'EMB_P', 'EMB_P', 'EMB_P', 'EMB_P', 'EMB_P', 'EMB_P', 'EMB_P', 'EMB_P', 'EMB_P', 'EMB_P', 'EMB_P', 'EMB_P', 'EMB_P', 'EMB_P', 'EMB_P', 'EMB_P', 'EMB_P', 'EMB_P', 'EMB_P', 'EMB_P', 'EMB_P', 'EMB_P', 'EMB_P', 'EMB_P', 'EMB_P', 'EMB_P', 'EMB_P', 'EMB_P', 'EMB_P', 'EMB_P', 'EMB_P', 'EMB_P', 'EMB_P', 'EMB_P', 'EMB_P', 'EMB_P', 'EMB_P']","['EMB_O', 'EMB_O', 'EMB_O', 'EMB_O', 'OPN_B', 'OPN_I', 'OPN_I', 'OPN_E', 'EMB_O', 'EMB_O', 'EMB_O', 'EMB_O', 'EMB_P', 'EMB_P', 'EMB_P', 'EMB_P', 'EMB_P', 'EMB_P', 'EMB_P', 'EMB_P', 'EMB_P', 'EMB_P', 'EMB_P', 'EMB_P', 'EMB_P', 'EMB_P', 'EMB_P', 'EMB_P', 'EMB_P', 'EMB_P', 'EMB_P', 'EMB_P', 'EMB_P', 'EMB_P', 'EMB_P', 'EMB_P', 'EMB_P', 'EMB_P', 'EMB_P', 'EMB_P', 'EMB_P', 'EMB_P', 'EMB_P', 'EMB_P', 'EMB_P', 'EMB_P', 'EMB_P', 'EMB_P', 'EMB_P', 'EMB_P', 'EMB_P', 'EMB_P', 'EMB_P', 'EMB_P', 'EMB_P', 'EMB_P', 'EMB_P', 'EMB_P', 'EMB_P', 'EMB_P', 'EMB_P', 'EMB_P', 'EMB_P', 'EMB_P', 'EMB_P', 'EMB_P', 'EMB_P', 'EMB_P', 'EMB_P', 'EMB_P', 'EMB_P', 'EMB_P', 'EMB_P', 'EMB_P', 'EMB_P', 'EMB_P', 'EMB_P', 'EMB_P', 'EMB_P', 'EMB_P', 'EMB_P', 'EMB_P', 'EMB_P', 'EMB_P', 'EMB_P', 'EMB_P', 'EMB_P', 'EMB_P', 'EMB_P', 'EMB_P', 'EMB_P', 'EMB_P', 'EMB_P', 'EMB_P', 'EMB_P', 'EMB_P', 'EMB_P', 'EMB_P', 'EMB_P', 'EMB_P', 'EMB_P', 'EMB_P', 'EMB_P', 'EMB_P', 'EMB_P', 'EMB_P', 'EMB_P', 'EMB_P', 'EMB_P', 'EMB_P', 'EMB_P', 'EMB_P', 'EMB_P', 'EMB_P', 'EMB_P', 'EMB_P', 'EMB_P', 'EMB_P', 'EMB_P', 'EMB_P', 'EMB_P', 'EMB_P', 'EMB_P', 'EMB_P', 'EMB_P', 'EMB_P', 'EMB_P', 'EMB_P']"
336,Кухня,чудова,29395:2_1206,"Кухня чудова, обслуговування на 10.",7.8,7.4,"['EMB_O', 'ASP_B', 'ASP_I', 'ASP_E', 'EMB_O', 'EMB_O', 'EMB_O', 'EMB_O', 'EMB_O', 'EMB_O', 'EMB_O', 'EMB_O', 'EMB_O', 'EMB_O', 'EMB_O', 'EMB_P', 'EMB_P', 'EMB_P', 'EMB_P', 'EMB_P', 'EMB_P', 'EMB_P', 'EMB_P', 'EMB_P', 'EMB_P', 'EMB_P', 'EMB_P', 'EMB_P', 'EMB_P', 'EMB_P', 'EMB_P', 'EMB_P', 'EMB_P', 'EMB_P', 'EMB_P', 'EMB_P', 'EMB_P', 'EMB_P', 'EMB_P', 'EMB_P', 'EMB_P', 'EMB_P', 'EMB_P', 'EMB_P', 'EMB_P', 'EMB_P', 'EMB_P', 'EMB_P', 'EMB_P', 'EMB_P', 'EMB_P', 'EMB_P', 'EMB_P', 'EMB_P', 'EMB_P', 'EMB_P', 'EMB_P', 'EMB_P', 'EMB_P', 'EMB_P', 'EMB_P', 'EMB_P', 'EMB_P', 'EMB_P', 'EMB_P', 'EMB_P', 'EMB_P', 'EMB_P', 'EMB_P', 'EMB_P', 'EMB_P', 'EMB_P', 'EMB_P', 'EMB_P', 'EMB_P', 'EMB_P', 'EMB_P', 'EMB_P', 'EMB_P', 'EMB_P', 'EMB_P', 'EMB_P', 'EMB_P', 'EMB_P', 'EMB_P', 'EMB_P', 'EMB_P', 'EMB_P', 'EMB_P', 'EMB_P', 'EMB_P', 'EMB_P', 'EMB_P', 'EMB_P', 'EMB_P', 'EMB_P', 'EMB_P', 'EMB_P', 'EMB_P', 'EMB_P', 'EMB_P', 'EMB_P', 'EMB_P', 'EMB_P', 'EMB_P', 'EMB_P', 'EMB_P', 'EMB_P', 'EMB_P', 'EMB_P', 'EMB_P', 'EMB_P', 'EMB_P', 'EMB_P', 'EMB_P', 'EMB_P', 'EMB_P', 'EMB_P', 'EMB_P', 'EMB_P', 'EMB_P', 'EMB_P', 'EMB_P', 'EMB_P', 'EMB_P', 'EMB_P', 'EMB_P', 'EMB_P']","['EMB_O', 'EMB_O', 'EMB_O', 'EMB_O', 'OPN_B', 'OPN_E', 'EMB_O', 'EMB_O', 'EMB_O', 'EMB_O', 'EMB_O', 'EMB_O', 'EMB_O', 'EMB_O', 'EMB_O', 'EMB_P', 'EMB_P', 'EMB_P', 'EMB_P', 'EMB_P', 'EMB_P', 'EMB_P', 'EMB_P', 'EMB_P', 'EMB_P', 'EMB_P', 'EMB_P', 'EMB_P', 'EMB_P', 'EMB_P', 'EMB_P', 'EMB_P', 'EMB_P', 'EMB_P', 'EMB_P', 'EMB_P', 'EMB_P', 'EMB_P', 'EMB_P', 'EMB_P', 'EMB_P', 'EMB_P', 'EMB_P', 'EMB_P', 'EMB_P', 'EMB_P', 'EMB_P', 'EMB_P', 'EMB_P', 'EMB_P', 'EMB_P', 'EMB_P', 'EMB_P', 'EMB_P', 'EMB_P', 'EMB_P', 'EMB_P', 'EMB_P', 'EMB_P', 'EMB_P', 'EMB_P', 'EMB_P', 'EMB_P', 'EMB_P', 'EMB_P', 'EMB_P', 'EMB_P', 'EMB_P', 'EMB_P', 'EMB_P', 'EMB_P', 'EMB_P', 'EMB_P', 'EMB_P', 'EMB_P', 'EMB_P', 'EMB_P', 'EMB_P', 'EMB_P', 'EMB_P', 'EMB_P', 'EMB_P', 'EMB_P', 'EMB_P', 'EMB_P', 'EMB_P', 'EMB_P', 'EMB_P', 'EMB_P', 'EMB_P', 'EMB_P', 'EMB_P', 'EMB_P', 'EMB_P', 'EMB_P', 'EMB_P', 'EMB_P', 'EMB_P', 'EMB_P', 'EMB_P', 'EMB_P', 'EMB_P', 'EMB_P', 'EMB_P', 'EMB_P', 'EMB_P', 'EMB_P', 'EMB_P', 'EMB_P', 'EMB_P', 'EMB_P', 'EMB_P', 'EMB_P', 'EMB_P', 'EMB_P', 'EMB_P', 'EMB_P', 'EMB_P', 'EMB_P', 'EMB_P', 'EMB_P', 'EMB_P', 'EMB_P', 'EMB_P', 'EMB_P', 'EMB_P', 'EMB_P', 'EMB_P']"
337,обслуговування,на 10,29395:2_1206,"Кухня чудова, обслуговування на 10.",8.6,8.0,"['EMB_O', 'EMB_O', 'EMB_O', 'EMB_O', 'EMB_O', 'EMB_O', 'EMB_O', 'ASP_B', 'ASP_I', 'ASP_I', 'ASP_E', 'EMB_O', 'EMB_O', 'EMB_O', 'EMB_O', 'EMB_P', 'EMB_P', 'EMB_P', 'EMB_P', 'EMB_P', 'EMB_P', 'EMB_P', 'EMB_P', 'EMB_P', 'EMB_P', 'EMB_P', 'EMB_P', 'EMB_P', 'EMB_P', 'EMB_P', 'EMB_P', 'EMB_P', 'EMB_P', 'EMB_P', 'EMB_P', 'EMB_P', 'EMB_P', 'EMB_P', 'EMB_P', 'EMB_P', 'EMB_P', 'EMB_P', 'EMB_P', 'EMB_P', 'EMB_P', 'EMB_P', 'EMB_P', 'EMB_P', 'EMB_P', 'EMB_P', 'EMB_P', 'EMB_P', 'EMB_P', 'EMB_P', 'EMB_P', 'EMB_P', 'EMB_P', 'EMB_P', 'EMB_P', 'EMB_P', 'EMB_P', 'EMB_P', 'EMB_P', 'EMB_P', 'EMB_P', 'EMB_P', 'EMB_P', 'EMB_P', 'EMB_P', 'EMB_P', 'EMB_P', 'EMB_P', 'EMB_P', 'EMB_P', 'EMB_P', 'EMB_P', 'EMB_P', 'EMB_P', 'EMB_P', 'EMB_P', 'EMB_P', 'EMB_P', 'EMB_P', 'EMB_P', 'EMB_P', 'EMB_P', 'EMB_P', 'EMB_P', 'EMB_P', 'EMB_P', 'EMB_P', 'EMB_P', 'EMB_P', 'EMB_P', 'EMB_P', 'EMB_P', 'EMB_P', 'EMB_P', 'EMB_P', 'EMB_P', 'EMB_P', 'EMB_P', 'EMB_P', 'EMB_P', 'EMB_P', 'EMB_P', 'EMB_P', 'EMB_P', 'EMB_P', 'EMB_P', 'EMB_P', 'EMB_P', 'EMB_P', 'EMB_P', 'EMB_P', 'EMB_P', 'EMB_P', 'EMB_P', 'EMB_P', 'EMB_P', 'EMB_P', 'EMB_P', 'EMB_P', 'EMB_P', 'EMB_P', 'EMB_P', 'EMB_P', 'EMB_P']","['EMB_O', 'EMB_O', 'EMB_O', 'EMB_O', 'EMB_O', 'EMB_O', 'EMB_O', 'EMB_O', 'EMB_O', 'EMB_O', 'EMB_O', 'OPN_B', 'OPN_E', 'EMB_O', 'EMB_O', 'EMB_P', 'EMB_P', 'EMB_P', 'EMB_P', 'EMB_P', 'EMB_P', 'EMB_P', 'EMB_P', 'EMB_P', 'EMB_P', 'EMB_P', 'EMB_P', 'EMB_P', 'EMB_P', 'EMB_P', 'EMB_P', 'EMB_P', 'EMB_P', 'EMB_P', 'EMB_P', 'EMB_P', 'EMB_P', 'EMB_P', 'EMB_P', 'EMB_P', 'EMB_P', 'EMB_P', 'EMB_P', 'EMB_P', 'EMB_P', 'EMB_P', 'EMB_P', 'EMB_P', 'EMB_P', 'EMB_P', 'EMB_P', 'EMB_P', 'EMB_P', 'EMB_P', 'EMB_P', 'EMB_P', 'EMB_P', 'EMB_P', 'EMB_P', 'EMB_P', 'EMB_P', 'EMB_P', 'EMB_P', 'EMB_P', 'EMB_P', 'EMB_P', 'EMB_P', 'EMB_P', 'EMB_P', 'EMB_P', 'EMB_P', 'EMB_P', 'EMB_P', 'EMB_P', 'EMB_P', 'EMB_P', 'EMB_P', 'EMB_P', 'EMB_P', 'EMB_P', 'EMB_P', 'EMB_P', 'EMB_P', 'EMB_P', 'EMB_P', 'EMB_P', 'EMB_P', 'EMB_P', 'EMB_P', 'EMB_P', 'EMB_P', 'EMB_P', 'EMB_P', 'EMB_P', 'EMB_P', 'EMB_P', 'EMB_P', 'EMB_P', 'EMB_P', 'EMB_P', 'EMB_P', 'EMB_P', 'EMB_P', 'EMB_P', 'EMB_P', 'EMB_P', 'EMB_P', 'EMB_P', 'EMB_P', 'EMB_P', 'EMB_P', 'EMB_P', 'EMB_P', 'EMB_P', 'EMB_P', 'EMB_P', 'EMB_P', 'EMB_P', 'EMB_P', 'EMB_P', 'EMB_P', 'EMB_P', 'EMB_P', 'EMB_P', 'EMB_P', 'EMB_P', 'EMB_P', 'EMB_P']"
338,шампанське,найсмачніше,29395:4_1207,"Ми сіли, замовили грузинські страви, шампанське, через хвилин 5 нам принесли найсмачніше шампанське, яке я пила в житті. ....",8.62,8.5,"['EMB_O', 'EMB_O', 'EMB_O', 'EMB_O', 'EMB_O', 'EMB_O', 'EMB_O', 'EMB_O', 'EMB_O', 'EMB_O', 'EMB_O', 'EMB_O', 'EMB_O', 'EMB_O', 'EMB_O', 'ASP_B', 'ASP_I', 'ASP_I', 'ASP_E', 'EMB_O', 'EMB_O', 'EMB_O', 'EMB_O', 'EMB_O', 'EMB_O', 'EMB_O', 'EMB_O', 'EMB_O', 'EMB_O', 'EMB_O', 'EMB_O', 'EMB_O', 'EMB_O', 'EMB_O', 'EMB_O', 'EMB_O', 'EMB_O', 'EMB_O', 'EMB_O', 'EMB_O', 'EMB_O', 'EMB_O', 'EMB_O', 'EMB_O', 'EMB_O', 'EMB_O', 'EMB_O', 'EMB_O', 'EMB_O', 'EMB_O', 'EMB_P', 'EMB_P', 'EMB_P', 'EMB_P', 'EMB_P', 'EMB_P', 'EMB_P', 'EMB_P', 'EMB_P', 'EMB_P', 'EMB_P', 'EMB_P', 'EMB_P', 'EMB_P', 'EMB_P', 'EMB_P', 'EMB_P', 'EMB_P', 'EMB_P', 'EMB_P', 'EMB_P', 'EMB_P', 'EMB_P', 'EMB_P', 'EMB_P', 'EMB_P', 'EMB_P', 'EMB_P', 'EMB_P', 'EMB_P', 'EMB_P', 'EMB_P', 'EMB_P', 'EMB_P', 'EMB_P', 'EMB_P', 'EMB_P', 'EMB_P', 'EMB_P', 'EMB_P', 'EMB_P', 'EMB_P', 'EMB_P', 'EMB_P', 'EMB_P', 'EMB_P', 'EMB_P', 'EMB_P', 'EMB_P', 'EMB_P', 'EMB_P', 'EMB_P', 'EMB_P', 'EMB_P', 'EMB_P', 'EMB_P', 'EMB_P', 'EMB_P', 'EMB_P', 'EMB_P', 'EMB_P', 'EMB_P', 'EMB_P', 'EMB_P', 'EMB_P', 'EMB_P', 'EMB_P', 'EMB_P', 'EMB_P', 'EMB_P', 'EMB_P', 'EMB_P', 'EMB_P', 'EMB_P', 'EMB_P', 'EMB_P', 'EMB_P', 'EMB_P']","['EMB_O', 'EMB_O', 'EMB_O', 'EMB_O', 'EMB_O', 'EMB_O', 'EMB_O', 'EMB_O', 'EMB_O', 'EMB_O', 'EMB_O', 'EMB_O', 'EMB_O', 'EMB_O', 'EMB_O', 'EMB_O', 'EMB_O', 'EMB_O', 'EMB_O', 'EMB_O', 'EMB_O', 'EMB_O', 'EMB_O', 'EMB_O', 'EMB_O', 'EMB_O', 'OPN_B', 'OPN_I', 'OPN_I', 'OPN_I', 'OPN_E', 'EMB_O', 'EMB_O', 'EMB_O', 'EMB_O', 'EMB_O', 'EMB_O', 'EMB_O', 'EMB_O', 'EMB_O', 'EMB_O', 'EMB_O', 'EMB_O', 'EMB_O', 'EMB_O', 'EMB_O', 'EMB_O', 'EMB_O', 'EMB_O', 'EMB_O', 'EMB_P', 'EMB_P', 'EMB_P', 'EMB_P', 'EMB_P', 'EMB_P', 'EMB_P', 'EMB_P', 'EMB_P', 'EMB_P', 'EMB_P', 'EMB_P', 'EMB_P', 'EMB_P', 'EMB_P', 'EMB_P', 'EMB_P', 'EMB_P', 'EMB_P', 'EMB_P', 'EMB_P', 'EMB_P', 'EMB_P', 'EMB_P', 'EMB_P', 'EMB_P', 'EMB_P', 'EMB_P', 'EMB_P', 'EMB_P', 'EMB_P', 'EMB_P', 'EMB_P', 'EMB_P', 'EMB_P', 'EMB_P', 'EMB_P', 'EMB_P', 'EMB_P', 'EMB_P', 'EMB_P', 'EMB_P', 'EMB_P', 'EMB_P', 'EMB_P', 'EMB_P', 'EMB_P', 'EMB_P', 'EMB_P', 'EMB_P', 'EMB_P', 'EMB_P', 'EMB_P', 'EMB_P', 'EMB_P', 'EMB_P', 'EMB_P', 'EMB_P', 'EMB_P', 'EMB_P', 'EMB_P', 'EMB_P', 'EMB_P', 'EMB_P', 'EMB_P', 'EMB_P', 'EMB_P', 'EMB_P', 'EMB_P', 'EMB_P', 'EMB_P', 'EMB_P', 'EMB_P', 'EMB_P', 'EMB_P', 'EMB_P', 'EMB_P', 'EMB_P']"
339,їжею,незвичайною,29395:6_1208,"Ми їли, їли, і ніяк не могли насолодитися їжею, вона була такою смачною, незвичайною, тому що я була перший раз в грузинському ресторані.",7.17,6.5,"['EMB_O', 'EMB_O', 'EMB_O', 'EMB_O', 'EMB_O', 'EMB_O', 'EMB_O', 'EMB_O', 'EMB_O', 'EMB_O', 'EMB_O', 'EMB_O', 'EMB_O', 'EMB_O', 'EMB_O', 'EMB_O', 'EMB_O', 'ASP_B', 'ASP_I', 'ASP_E', 'EMB_O', 'EMB_O', 'EMB_O', 'EMB_O', 'EMB_O', 'EMB_O', 'EMB_O', 'EMB_O', 'EMB_O', 'EMB_O', 'EMB_O', 'EMB_O', 'EMB_O', 'EMB_O', 'EMB_O', 'EMB_O', 'EMB_O', 'EMB_O', 'EMB_O', 'EMB_O', 'EMB_O', 'EMB_O', 'EMB_O', 'EMB_O', 'EMB_O', 'EMB_O', 'EMB_O', 'EMB_O', 'EMB_O', 'EMB_O', 'EMB_O', 'EMB_P', 'EMB_P', 'EMB_P', 'EMB_P', 'EMB_P', 'EMB_P', 'EMB_P', 'EMB_P', 'EMB_P', 'EMB_P', 'EMB_P', 'EMB_P', 'EMB_P', 'EMB_P', 'EMB_P', 'EMB_P', 'EMB_P', 'EMB_P', 'EMB_P', 'EMB_P', 'EMB_P', 'EMB_P', 'EMB_P', 'EMB_P', 'EMB_P', 'EMB_P', 'EMB_P', 'EMB_P', 'EMB_P', 'EMB_P', 'EMB_P', 'EMB_P', 'EMB_P', 'EMB_P', 'EMB_P', 'EMB_P', 'EMB_P', 'EMB_P', 'EMB_P', 'EMB_P', 'EMB_P', 'EMB_P', 'EMB_P', 'EMB_P', 'EMB_P', 'EMB_P', 'EMB_P', 'EMB_P', 'EMB_P', 'EMB_P', 'EMB_P', 'EMB_P', 'EMB_P', 'EMB_P', 'EMB_P', 'EMB_P', 'EMB_P', 'EMB_P', 'EMB_P', 'EMB_P', 'EMB_P', 'EMB_P', 'EMB_P', 'EMB_P', 'EMB_P', 'EMB_P', 'EMB_P', 'EMB_P', 'EMB_P', 'EMB_P', 'EMB_P', 'EMB_P', 'EMB_P', 'EMB_P', 'EMB_P', 'EMB_P', 'EMB_P']","['EMB_O', 'EMB_O', 'EMB_O', 'EMB_O', 'EMB_O', 'EMB_O', 'EMB_O', 'EMB_O', 'EMB_O', 'EMB_O', 'EMB_O', 'EMB_O', 'EMB_O', 'EMB_O', 'EMB_O', 'EMB_O', 'EMB_O', 'EMB_O', 'EMB_O', 'EMB_O', 'EMB_O', 'EMB_O', 'EMB_O', 'EMB_O', 'EMB_O', 'EMB_O', 'EMB_O', 'EMB_O', 'EMB_O', 'OPN_B', 'OPN_I', 'OPN_I', 'OPN_E', 'EMB_O', 'EMB_O', 'EMB_O', 'EMB_O', 'EMB_O', 'EMB_O', 'EMB_O', 'EMB_O', 'EMB_O', 'EMB_O', 'EMB_O', 'EMB_O', 'EMB_O', 'EMB_O', 'EMB_O', 'EMB_O', 'EMB_O', 'EMB_O', 'EMB_P', 'EMB_P', 'EMB_P', 'EMB_P', 'EMB_P', 'EMB_P', 'EMB_P', 'EMB_P', 'EMB_P', 'EMB_P', 'EMB_P', 'EMB_P', 'EMB_P', 'EMB_P', 'EMB_P', 'EMB_P', 'EMB_P', 'EMB_P', 'EMB_P', 'EMB_P', 'EMB_P', 'EMB_P', 'EMB_P', 'EMB_P', 'EMB_P', 'EMB_P', 'EMB_P', 'EMB_P', 'EMB_P', 'EMB_P', 'EMB_P', 'EMB_P', 'EMB_P', 'EMB_P', 'EMB_P', 'EMB_P', 'EMB_P', 'EMB_P', 'EMB_P', 'EMB_P', 'EMB_P', 'EMB_P', 'EMB_P', 'EMB_P', 'EMB_P', 'EMB_P', 'EMB_P', 'EMB_P', 'EMB_P', 'EMB_P', 'EMB_P', 'EMB_P', 'EMB_P', 'EMB_P', 'EMB_P', 'EMB_P', 'EMB_P', 'EMB_P', 'EMB_P', 'EMB_P', 'EMB_P', 'EMB_P', 'EMB_P', 'EMB_P', 'EMB_P', 'EMB_P', 'EMB_P', 'EMB_P', 'EMB_P', 'EMB_P', 'EMB_P', 'EMB_P', 'EMB_P', 'EMB_P', 'EMB_P', 'EMB_P', 'EMB_P']"
340,музика,спокійна,29395:7_1209,"Там спокійно, музика така спокійна і Східна...)))",7.12,6.88,"['EMB_O', 'EMB_O', 'EMB_O', 'EMB_O', 'EMB_O', 'EMB_O', 'EMB_O', 'ASP_S', 'EMB_O', 'EMB_O', 'EMB_O', 'EMB_O', 'EMB_O', 'EMB_O', 'EMB_O', 'EMB_O', 'EMB_O', 'EMB_O', 'EMB_O', 'EMB_O', 'EMB_O', 'EMB_O', 'EMB_O', 'EMB_P', 'EMB_P', 'EMB_P', 'EMB_P', 'EMB_P', 'EMB_P', 'EMB_P', 'EMB_P', 'EMB_P', 'EMB_P', 'EMB_P', 'EMB_P', 'EMB_P', 'EMB_P', 'EMB_P', 'EMB_P', 'EMB_P', 'EMB_P', 'EMB_P', 'EMB_P', 'EMB_P', 'EMB_P', 'EMB_P', 'EMB_P', 'EMB_P', 'EMB_P', 'EMB_P', 'EMB_P', 'EMB_P', 'EMB_P', 'EMB_P', 'EMB_P', 'EMB_P', 'EMB_P', 'EMB_P', 'EMB_P', 'EMB_P', 'EMB_P', 'EMB_P', 'EMB_P', 'EMB_P', 'EMB_P', 'EMB_P', 'EMB_P', 'EMB_P', 'EMB_P', 'EMB_P', 'EMB_P', 'EMB_P', 'EMB_P', 'EMB_P', 'EMB_P', 'EMB_P', 'EMB_P', 'EMB_P', 'EMB_P', 'EMB_P', 'EMB_P', 'EMB_P', 'EMB_P', 'EMB_P', 'EMB_P', 'EMB_P', 'EMB_P', 'EMB_P', 'EMB_P', 'EMB_P', 'EMB_P', 'EMB_P', 'EMB_P', 'EMB_P', 'EMB_P', 'EMB_P', 'EMB_P', 'EMB_P', 'EMB_P', 'EMB_P', 'EMB_P', 'EMB_P', 'EMB_P', 'EMB_P', 'EMB_P', 'EMB_P', 'EMB_P', 'EMB_P', 'EMB_P', 'EMB_P', 'EMB_P', 'EMB_P', 'EMB_P', 'EMB_P', 'EMB_P', 'EMB_P', 'EMB_P', 'EMB_P', 'EMB_P', 'EMB_P', 'EMB_P', 'EMB_P', 'EMB_P', 'EMB_P', 'EMB_P', 'EMB_P', 'EMB_P', 'EMB_P']","['EMB_O', 'EMB_O', 'EMB_O', 'EMB_O', 'EMB_O', 'EMB_O', 'EMB_O', 'EMB_O', 'EMB_O', 'OPN_B', 'OPN_I', 'OPN_I', 'OPN_E', 'EMB_O', 'EMB_O', 'EMB_O', 'EMB_O', 'EMB_O', 'EMB_O', 'EMB_O', 'EMB_O', 'EMB_O', 'EMB_O', 'EMB_P', 'EMB_P', 'EMB_P', 'EMB_P', 'EMB_P', 'EMB_P', 'EMB_P', 'EMB_P', 'EMB_P', 'EMB_P', 'EMB_P', 'EMB_P', 'EMB_P', 'EMB_P', 'EMB_P', 'EMB_P', 'EMB_P', 'EMB_P', 'EMB_P', 'EMB_P', 'EMB_P', 'EMB_P', 'EMB_P', 'EMB_P', 'EMB_P', 'EMB_P', 'EMB_P', 'EMB_P', 'EMB_P', 'EMB_P', 'EMB_P', 'EMB_P', 'EMB_P', 'EMB_P', 'EMB_P', 'EMB_P', 'EMB_P', 'EMB_P', 'EMB_P', 'EMB_P', 'EMB_P', 'EMB_P', 'EMB_P', 'EMB_P', 'EMB_P', 'EMB_P', 'EMB_P', 'EMB_P', 'EMB_P', 'EMB_P', 'EMB_P', 'EMB_P', 'EMB_P', 'EMB_P', 'EMB_P', 'EMB_P', 'EMB_P', 'EMB_P', 'EMB_P', 'EMB_P', 'EMB_P', 'EMB_P', 'EMB_P', 'EMB_P', 'EMB_P', 'EMB_P', 'EMB_P', 'EMB_P', 'EMB_P', 'EMB_P', 'EMB_P', 'EMB_P', 'EMB_P', 'EMB_P', 'EMB_P', 'EMB_P', 'EMB_P', 'EMB_P', 'EMB_P', 'EMB_P', 'EMB_P', 'EMB_P', 'EMB_P', 'EMB_P', 'EMB_P', 'EMB_P', 'EMB_P', 'EMB_P', 'EMB_P', 'EMB_P', 'EMB_P', 'EMB_P', 'EMB_P', 'EMB_P', 'EMB_P', 'EMB_P', 'EMB_P', 'EMB_P', 'EMB_P', 'EMB_P', 'EMB_P', 'EMB_P', 'EMB_P', 'EMB_P', 'EMB_P']"
341,"""Тбілісо""",можете сміливо йти,29395:11_1210,"Якщо ви шукайте ресторан для будь-якої важливої події, можете сміливо йти в ""Тбілісо""!!!",7.5,7.3,"['EMB_O', 'EMB_O', 'EMB_O', 'EMB_O', 'EMB_O', 'EMB_O', 'EMB_O', 'EMB_O', 'EMB_O', 'EMB_O', 'EMB_O', 'EMB_O', 'EMB_O', 'EMB_O', 'EMB_O', 'EMB_O', 'EMB_O', 'EMB_O', 'EMB_O', 'EMB_O', 'EMB_O', 'EMB_O', 'EMB_O', 'EMB_O', 'EMB_O', 'EMB_O', 'EMB_O', 'EMB_O', 'ASP_B', 'ASP_I', 'ASP_I', 'ASP_I', 'ASP_I', 'ASP_E', 'EMB_O', 'EMB_O', 'EMB_O', 'EMB_O', 'EMB_P', 'EMB_P', 'EMB_P', 'EMB_P', 'EMB_P', 'EMB_P', 'EMB_P', 'EMB_P', 'EMB_P', 'EMB_P', 'EMB_P', 'EMB_P', 'EMB_P', 'EMB_P', 'EMB_P', 'EMB_P', 'EMB_P', 'EMB_P', 'EMB_P', 'EMB_P', 'EMB_P', 'EMB_P', 'EMB_P', 'EMB_P', 'EMB_P', 'EMB_P', 'EMB_P', 'EMB_P', 'EMB_P', 'EMB_P', 'EMB_P', 'EMB_P', 'EMB_P', 'EMB_P', 'EMB_P', 'EMB_P', 'EMB_P', 'EMB_P', 'EMB_P', 'EMB_P', 'EMB_P', 'EMB_P', 'EMB_P', 'EMB_P', 'EMB_P', 'EMB_P', 'EMB_P', 'EMB_P', 'EMB_P', 'EMB_P', 'EMB_P', 'EMB_P', 'EMB_P', 'EMB_P', 'EMB_P', 'EMB_P', 'EMB_P', 'EMB_P', 'EMB_P', 'EMB_P', 'EMB_P', 'EMB_P', 'EMB_P', 'EMB_P', 'EMB_P', 'EMB_P', 'EMB_P', 'EMB_P', 'EMB_P', 'EMB_P', 'EMB_P', 'EMB_P', 'EMB_P', 'EMB_P', 'EMB_P', 'EMB_P', 'EMB_P', 'EMB_P', 'EMB_P', 'EMB_P', 'EMB_P', 'EMB_P', 'EMB_P', 'EMB_P', 'EMB_P', 'EMB_P', 'EMB_P', 'EMB_P', 'EMB_P', 'EMB_P']","['EMB_O', 'EMB_O', 'EMB_O', 'EMB_O', 'EMB_O', 'EMB_O', 'EMB_O', 'EMB_O', 'EMB_O', 'EMB_O', 'EMB_O', 'EMB_O', 'EMB_O', 'EMB_O', 'EMB_O', 'EMB_O', 'EMB_O', 'EMB_O', 'EMB_O', 'EMB_O', 'OPN_B', 'OPN_I', 'OPN_I', 'OPN_I', 'OPN_I', 'OPN_I', 'OPN_E', 'EMB_O', 'EMB_O', 'EMB_O', 'EMB_O', 'EMB_O', 'EMB_O', 'EMB_O', 'EMB_O', 'EMB_O', 'EMB_O', 'EMB_O', 'EMB_P', 'EMB_P', 'EMB_P', 'EMB_P', 'EMB_P', 'EMB_P', 'EMB_P', 'EMB_P', 'EMB_P', 'EMB_P', 'EMB_P', 'EMB_P', 'EMB_P', 'EMB_P', 'EMB_P', 'EMB_P', 'EMB_P', 'EMB_P', 'EMB_P', 'EMB_P', 'EMB_P', 'EMB_P', 'EMB_P', 'EMB_P', 'EMB_P', 'EMB_P', 'EMB_P', 'EMB_P', 'EMB_P', 'EMB_P', 'EMB_P', 'EMB_P', 'EMB_P', 'EMB_P', 'EMB_P', 'EMB_P', 'EMB_P', 'EMB_P', 'EMB_P', 'EMB_P', 'EMB_P', 'EMB_P', 'EMB_P', 'EMB_P', 'EMB_P', 'EMB_P', 'EMB_P', 'EMB_P', 'EMB_P', 'EMB_P', 'EMB_P', 'EMB_P', 'EMB_P', 'EMB_P', 'EMB_P', 'EMB_P', 'EMB_P', 'EMB_P', 'EMB_P', 'EMB_P', 'EMB_P', 'EMB_P', 'EMB_P', 'EMB_P', 'EMB_P', 'EMB_P', 'EMB_P', 'EMB_P', 'EMB_P', 'EMB_P', 'EMB_P', 'EMB_P', 'EMB_P', 'EMB_P', 'EMB_P', 'EMB_P', 'EMB_P', 'EMB_P', 'EMB_P', 'EMB_P', 'EMB_P', 'EMB_P', 'EMB_P', 'EMB_P', 'EMB_P', 'EMB_P', 'EMB_P', 'EMB_P', 'EMB_P', 'EMB_P']"
342,Паста,непогані,30148:4_1211,"Паста, різотто...були непогані.",5.3,3.7,"['EMB_O', 'ASP_B', 'ASP_E', 'EMB_O', 'EMB_O', 'EMB_O', 'EMB_O', 'EMB_O', 'EMB_O', 'EMB_O', 'EMB_O', 'EMB_O', 'EMB_O', 'EMB_O', 'EMB_O', 'EMB_O', 'EMB_O', 'EMB_O', 'EMB_P', 'EMB_P', 'EMB_P', 'EMB_P', 'EMB_P', 'EMB_P', 'EMB_P', 'EMB_P', 'EMB_P', 'EMB_P', 'EMB_P', 'EMB_P', 'EMB_P', 'EMB_P', 'EMB_P', 'EMB_P', 'EMB_P', 'EMB_P', 'EMB_P', 'EMB_P', 'EMB_P', 'EMB_P', 'EMB_P', 'EMB_P', 'EMB_P', 'EMB_P', 'EMB_P', 'EMB_P', 'EMB_P', 'EMB_P', 'EMB_P', 'EMB_P', 'EMB_P', 'EMB_P', 'EMB_P', 'EMB_P', 'EMB_P', 'EMB_P', 'EMB_P', 'EMB_P', 'EMB_P', 'EMB_P', 'EMB_P', 'EMB_P', 'EMB_P', 'EMB_P', 'EMB_P', 'EMB_P', 'EMB_P', 'EMB_P', 'EMB_P', 'EMB_P', 'EMB_P', 'EMB_P', 'EMB_P', 'EMB_P', 'EMB_P', 'EMB_P', 'EMB_P', 'EMB_P', 'EMB_P', 'EMB_P', 'EMB_P', 'EMB_P', 'EMB_P', 'EMB_P', 'EMB_P', 'EMB_P', 'EMB_P', 'EMB_P', 'EMB_P', 'EMB_P', 'EMB_P', 'EMB_P', 'EMB_P', 'EMB_P', 'EMB_P', 'EMB_P', 'EMB_P', 'EMB_P', 'EMB_P', 'EMB_P', 'EMB_P', 'EMB_P', 'EMB_P', 'EMB_P', 'EMB_P', 'EMB_P', 'EMB_P', 'EMB_P', 'EMB_P', 'EMB_P', 'EMB_P', 'EMB_P', 'EMB_P', 'EMB_P', 'EMB_P', 'EMB_P', 'EMB_P', 'EMB_P', 'EMB_P', 'EMB_P', 'EMB_P', 'EMB_P', 'EMB_P', 'EMB_P', 'EMB_P', 'EMB_P', 'EMB_P', 'EMB_P']","['EMB_O', 'EMB_O', 'EMB_O', 'EMB_O', 'EMB_O', 'EMB_O', 'EMB_O', 'EMB_O', 'EMB_O', 'EMB_O', 'EMB_O', 'EMB_O', 'OPN_B', 'OPN_I', 'OPN_I', 'OPN_E', 'EMB_O', 'EMB_O', 'EMB_P', 'EMB_P', 'EMB_P', 'EMB_P', 'EMB_P', 'EMB_P', 'EMB_P', 'EMB_P', 'EMB_P', 'EMB_P', 'EMB_P', 'EMB_P', 'EMB_P', 'EMB_P', 'EMB_P', 'EMB_P', 'EMB_P', 'EMB_P', 'EMB_P', 'EMB_P', 'EMB_P', 'EMB_P', 'EMB_P', 'EMB_P', 'EMB_P', 'EMB_P', 'EMB_P', 'EMB_P', 'EMB_P', 'EMB_P', 'EMB_P', 'EMB_P', 'EMB_P', 'EMB_P', 'EMB_P', 'EMB_P', 'EMB_P', 'EMB_P', 'EMB_P', 'EMB_P', 'EMB_P', 'EMB_P', 'EMB_P', 'EMB_P', 'EMB_P', 'EMB_P', 'EMB_P', 'EMB_P', 'EMB_P', 'EMB_P', 'EMB_P', 'EMB_P', 'EMB_P', 'EMB_P', 'EMB_P', 'EMB_P', 'EMB_P', 'EMB_P', 'EMB_P', 'EMB_P', 'EMB_P', 'EMB_P', 'EMB_P', 'EMB_P', 'EMB_P', 'EMB_P', 'EMB_P', 'EMB_P', 'EMB_P', 'EMB_P', 'EMB_P', 'EMB_P', 'EMB_P', 'EMB_P', 'EMB_P', 'EMB_P', 'EMB_P', 'EMB_P', 'EMB_P', 'EMB_P', 'EMB_P', 'EMB_P', 'EMB_P', 'EMB_P', 'EMB_P', 'EMB_P', 'EMB_P', 'EMB_P', 'EMB_P', 'EMB_P', 'EMB_P', 'EMB_P', 'EMB_P', 'EMB_P', 'EMB_P', 'EMB_P', 'EMB_P', 'EMB_P', 'EMB_P', 'EMB_P', 'EMB_P', 'EMB_P', 'EMB_P', 'EMB_P', 'EMB_P', 'EMB_P', 'EMB_P', 'EMB_P', 'EMB_P', 'EMB_P']"
343,різотто,непогані,30148:4_1211,"Паста, різотто...були непогані.",5.3,3.7,"['EMB_O', 'EMB_O', 'EMB_O', 'EMB_O', 'ASP_B', 'ASP_I', 'ASP_I', 'ASP_E', 'EMB_O', 'EMB_O', 'EMB_O', 'EMB_O', 'EMB_O', 'EMB_O', 'EMB_O', 'EMB_O', 'EMB_O', 'EMB_O', 'EMB_P', 'EMB_P', 'EMB_P', 'EMB_P', 'EMB_P', 'EMB_P', 'EMB_P', 'EMB_P', 'EMB_P', 'EMB_P', 'EMB_P', 'EMB_P', 'EMB_P', 'EMB_P', 'EMB_P', 'EMB_P', 'EMB_P', 'EMB_P', 'EMB_P', 'EMB_P', 'EMB_P', 'EMB_P', 'EMB_P', 'EMB_P', 'EMB_P', 'EMB_P', 'EMB_P', 'EMB_P', 'EMB_P', 'EMB_P', 'EMB_P', 'EMB_P', 'EMB_P', 'EMB_P', 'EMB_P', 'EMB_P', 'EMB_P', 'EMB_P', 'EMB_P', 'EMB_P', 'EMB_P', 'EMB_P', 'EMB_P', 'EMB_P', 'EMB_P', 'EMB_P', 'EMB_P', 'EMB_P', 'EMB_P', 'EMB_P', 'EMB_P', 'EMB_P', 'EMB_P', 'EMB_P', 'EMB_P', 'EMB_P', 'EMB_P', 'EMB_P', 'EMB_P', 'EMB_P', 'EMB_P', 'EMB_P', 'EMB_P', 'EMB_P', 'EMB_P', 'EMB_P', 'EMB_P', 'EMB_P', 'EMB_P', 'EMB_P', 'EMB_P', 'EMB_P', 'EMB_P', 'EMB_P', 'EMB_P', 'EMB_P', 'EMB_P', 'EMB_P', 'EMB_P', 'EMB_P', 'EMB_P', 'EMB_P', 'EMB_P', 'EMB_P', 'EMB_P', 'EMB_P', 'EMB_P', 'EMB_P', 'EMB_P', 'EMB_P', 'EMB_P', 'EMB_P', 'EMB_P', 'EMB_P', 'EMB_P', 'EMB_P', 'EMB_P', 'EMB_P', 'EMB_P', 'EMB_P', 'EMB_P', 'EMB_P', 'EMB_P', 'EMB_P', 'EMB_P', 'EMB_P', 'EMB_P', 'EMB_P', 'EMB_P', 'EMB_P']","['EMB_O', 'EMB_O', 'EMB_O', 'EMB_O', 'EMB_O', 'EMB_O', 'EMB_O', 'EMB_O', 'EMB_O', 'EMB_O', 'EMB_O', 'EMB_O', 'OPN_B', 'OPN_I', 'OPN_I', 'OPN_E', 'EMB_O', 'EMB_O', 'EMB_P', 'EMB_P', 'EMB_P', 'EMB_P', 'EMB_P', 'EMB_P', 'EMB_P', 'EMB_P', 'EMB_P', 'EMB_P', 'EMB_P', 'EMB_P', 'EMB_P', 'EMB_P', 'EMB_P', 'EMB_P', 'EMB_P', 'EMB_P', 'EMB_P', 'EMB_P', 'EMB_P', 'EMB_P', 'EMB_P', 'EMB_P', 'EMB_P', 'EMB_P', 'EMB_P', 'EMB_P', 'EMB_P', 'EMB_P', 'EMB_P', 'EMB_P', 'EMB_P', 'EMB_P', 'EMB_P', 'EMB_P', 'EMB_P', 'EMB_P', 'EMB_P', 'EMB_P', 'EMB_P', 'EMB_P', 'EMB_P', 'EMB_P', 'EMB_P', 'EMB_P', 'EMB_P', 'EMB_P', 'EMB_P', 'EMB_P', 'EMB_P', 'EMB_P', 'EMB_P', 'EMB_P', 'EMB_P', 'EMB_P', 'EMB_P', 'EMB_P', 'EMB_P', 'EMB_P', 'EMB_P', 'EMB_P', 'EMB_P', 'EMB_P', 'EMB_P', 'EMB_P', 'EMB_P', 'EMB_P', 'EMB_P', 'EMB_P', 'EMB_P', 'EMB_P', 'EMB_P', 'EMB_P', 'EMB_P', 'EMB_P', 'EMB_P', 'EMB_P', 'EMB_P', 'EMB_P', 'EMB_P', 'EMB_P', 'EMB_P', 'EMB_P', 'EMB_P', 'EMB_P', 'EMB_P', 'EMB_P', 'EMB_P', 'EMB_P', 'EMB_P', 'EMB_P', 'EMB_P', 'EMB_P', 'EMB_P', 'EMB_P', 'EMB_P', 'EMB_P', 'EMB_P', 'EMB_P', 'EMB_P', 'EMB_P', 'EMB_P', 'EMB_P', 'EMB_P', 'EMB_P', 'EMB_P', 'EMB_P', 'EMB_P', 'EMB_P']"
344,офіціанта,відчуженість,30148:6_1212,"Не сподобалося довге очікування і якась відчуженість офіціанта,який просто пішов на вулицю посидіти на лавочці...у той час як ми хотіли розплатитися.",2.9,6.5,"['EMB_O', 'EMB_O', 'EMB_O', 'EMB_O', 'EMB_O', 'EMB_O', 'EMB_O', 'EMB_O', 'EMB_O', 'EMB_O', 'EMB_O', 'EMB_O', 'EMB_O', 'EMB_O', 'EMB_O', 'EMB_O', 'EMB_O', 'EMB_O', 'EMB_O', 'EMB_O', 'ASP_B', 'ASP_I', 'ASP_I', 'ASP_I', 'ASP_E', 'EMB_O', 'EMB_O', 'EMB_O', 'EMB_O', 'EMB_O', 'EMB_O', 'EMB_O', 'EMB_O', 'EMB_O', 'EMB_O', 'EMB_O', 'EMB_O', 'EMB_O', 'EMB_O', 'EMB_O', 'EMB_O', 'EMB_O', 'EMB_O', 'EMB_O', 'EMB_O', 'EMB_O', 'EMB_O', 'EMB_O', 'EMB_O', 'EMB_O', 'EMB_O', 'EMB_O', 'EMB_O', 'EMB_O', 'EMB_O', 'EMB_O', 'EMB_O', 'EMB_O', 'EMB_O', 'EMB_O', 'EMB_O', 'EMB_P', 'EMB_P', 'EMB_P', 'EMB_P', 'EMB_P', 'EMB_P', 'EMB_P', 'EMB_P', 'EMB_P', 'EMB_P', 'EMB_P', 'EMB_P', 'EMB_P', 'EMB_P', 'EMB_P', 'EMB_P', 'EMB_P', 'EMB_P', 'EMB_P', 'EMB_P', 'EMB_P', 'EMB_P', 'EMB_P', 'EMB_P', 'EMB_P', 'EMB_P', 'EMB_P', 'EMB_P', 'EMB_P', 'EMB_P', 'EMB_P', 'EMB_P', 'EMB_P', 'EMB_P', 'EMB_P', 'EMB_P', 'EMB_P', 'EMB_P', 'EMB_P', 'EMB_P', 'EMB_P', 'EMB_P', 'EMB_P', 'EMB_P', 'EMB_P', 'EMB_P', 'EMB_P', 'EMB_P', 'EMB_P', 'EMB_P', 'EMB_P', 'EMB_P', 'EMB_P', 'EMB_P', 'EMB_P', 'EMB_P', 'EMB_P', 'EMB_P', 'EMB_P', 'EMB_P', 'EMB_P', 'EMB_P', 'EMB_P', 'EMB_P', 'EMB_P', 'EMB_P', 'EMB_P']","['EMB_O', 'EMB_O', 'EMB_O', 'EMB_O', 'EMB_O', 'EMB_O', 'EMB_O', 'EMB_O', 'EMB_O', 'EMB_O', 'EMB_O', 'EMB_O', 'EMB_O', 'EMB_O', 'EMB_O', 'EMB_O', 'OPN_B', 'OPN_I', 'OPN_I', 'OPN_E', 'EMB_O', 'EMB_O', 'EMB_O', 'EMB_O', 'EMB_O', 'EMB_O', 'EMB_O', 'EMB_O', 'EMB_O', 'EMB_O', 'EMB_O', 'EMB_O', 'EMB_O', 'EMB_O', 'EMB_O', 'EMB_O', 'EMB_O', 'EMB_O', 'EMB_O', 'EMB_O', 'EMB_O', 'EMB_O', 'EMB_O', 'EMB_O', 'EMB_O', 'EMB_O', 'EMB_O', 'EMB_O', 'EMB_O', 'EMB_O', 'EMB_O', 'EMB_O', 'EMB_O', 'EMB_O', 'EMB_O', 'EMB_O', 'EMB_O', 'EMB_O', 'EMB_O', 'EMB_O', 'EMB_O', 'EMB_P', 'EMB_P', 'EMB_P', 'EMB_P', 'EMB_P', 'EMB_P', 'EMB_P', 'EMB_P', 'EMB_P', 'EMB_P', 'EMB_P', 'EMB_P', 'EMB_P', 'EMB_P', 'EMB_P', 'EMB_P', 'EMB_P', 'EMB_P', 'EMB_P', 'EMB_P', 'EMB_P', 'EMB_P', 'EMB_P', 'EMB_P', 'EMB_P', 'EMB_P', 'EMB_P', 'EMB_P', 'EMB_P', 'EMB_P', 'EMB_P', 'EMB_P', 'EMB_P', 'EMB_P', 'EMB_P', 'EMB_P', 'EMB_P', 'EMB_P', 'EMB_P', 'EMB_P', 'EMB_P', 'EMB_P', 'EMB_P', 'EMB_P', 'EMB_P', 'EMB_P', 'EMB_P', 'EMB_P', 'EMB_P', 'EMB_P', 'EMB_P', 'EMB_P', 'EMB_P', 'EMB_P', 'EMB_P', 'EMB_P', 'EMB_P', 'EMB_P', 'EMB_P', 'EMB_P', 'EMB_P', 'EMB_P', 'EMB_P', 'EMB_P', 'EMB_P', 'EMB_P', 'EMB_P']"
345,сервісом,не пощастило,30148:8_1213,"Затишно,тісно, з сервісом нам не пощастило.",3.0,6.5,"['EMB_O', 'EMB_O', 'EMB_O', 'EMB_O', 'EMB_O', 'EMB_O', 'EMB_O', 'EMB_O', 'EMB_O', 'ASP_B', 'ASP_I', 'ASP_I', 'ASP_E', 'EMB_O', 'EMB_O', 'EMB_O', 'EMB_O', 'EMB_O', 'EMB_O', 'EMB_O', 'EMB_O', 'EMB_P', 'EMB_P', 'EMB_P', 'EMB_P', 'EMB_P', 'EMB_P', 'EMB_P', 'EMB_P', 'EMB_P', 'EMB_P', 'EMB_P', 'EMB_P', 'EMB_P', 'EMB_P', 'EMB_P', 'EMB_P', 'EMB_P', 'EMB_P', 'EMB_P', 'EMB_P', 'EMB_P', 'EMB_P', 'EMB_P', 'EMB_P', 'EMB_P', 'EMB_P', 'EMB_P', 'EMB_P', 'EMB_P', 'EMB_P', 'EMB_P', 'EMB_P', 'EMB_P', 'EMB_P', 'EMB_P', 'EMB_P', 'EMB_P', 'EMB_P', 'EMB_P', 'EMB_P', 'EMB_P', 'EMB_P', 'EMB_P', 'EMB_P', 'EMB_P', 'EMB_P', 'EMB_P', 'EMB_P', 'EMB_P', 'EMB_P', 'EMB_P', 'EMB_P', 'EMB_P', 'EMB_P', 'EMB_P', 'EMB_P', 'EMB_P', 'EMB_P', 'EMB_P', 'EMB_P', 'EMB_P', 'EMB_P', 'EMB_P', 'EMB_P', 'EMB_P', 'EMB_P', 'EMB_P', 'EMB_P', 'EMB_P', 'EMB_P', 'EMB_P', 'EMB_P', 'EMB_P', 'EMB_P', 'EMB_P', 'EMB_P', 'EMB_P', 'EMB_P', 'EMB_P', 'EMB_P', 'EMB_P', 'EMB_P', 'EMB_P', 'EMB_P', 'EMB_P', 'EMB_P', 'EMB_P', 'EMB_P', 'EMB_P', 'EMB_P', 'EMB_P', 'EMB_P', 'EMB_P', 'EMB_P', 'EMB_P', 'EMB_P', 'EMB_P', 'EMB_P', 'EMB_P', 'EMB_P', 'EMB_P', 'EMB_P', 'EMB_P', 'EMB_P', 'EMB_P', 'EMB_P', 'EMB_P']","['EMB_O', 'EMB_O', 'EMB_O', 'EMB_O', 'EMB_O', 'EMB_O', 'EMB_O', 'EMB_O', 'EMB_O', 'EMB_O', 'EMB_O', 'EMB_O', 'EMB_O', 'EMB_O', 'OPN_B', 'OPN_I', 'OPN_I', 'OPN_I', 'OPN_E', 'EMB_O', 'EMB_O', 'EMB_P', 'EMB_P', 'EMB_P', 'EMB_P', 'EMB_P', 'EMB_P', 'EMB_P', 'EMB_P', 'EMB_P', 'EMB_P', 'EMB_P', 'EMB_P', 'EMB_P', 'EMB_P', 'EMB_P', 'EMB_P', 'EMB_P', 'EMB_P', 'EMB_P', 'EMB_P', 'EMB_P', 'EMB_P', 'EMB_P', 'EMB_P', 'EMB_P', 'EMB_P', 'EMB_P', 'EMB_P', 'EMB_P', 'EMB_P', 'EMB_P', 'EMB_P', 'EMB_P', 'EMB_P', 'EMB_P', 'EMB_P', 'EMB_P', 'EMB_P', 'EMB_P', 'EMB_P', 'EMB_P', 'EMB_P', 'EMB_P', 'EMB_P', 'EMB_P', 'EMB_P', 'EMB_P', 'EMB_P', 'EMB_P', 'EMB_P', 'EMB_P', 'EMB_P', 'EMB_P', 'EMB_P', 'EMB_P', 'EMB_P', 'EMB_P', 'EMB_P', 'EMB_P', 'EMB_P', 'EMB_P', 'EMB_P', 'EMB_P', 'EMB_P', 'EMB_P', 'EMB_P', 'EMB_P', 'EMB_P', 'EMB_P', 'EMB_P', 'EMB_P', 'EMB_P', 'EMB_P', 'EMB_P', 'EMB_P', 'EMB_P', 'EMB_P', 'EMB_P', 'EMB_P', 'EMB_P', 'EMB_P', 'EMB_P', 'EMB_P', 'EMB_P', 'EMB_P', 'EMB_P', 'EMB_P', 'EMB_P', 'EMB_P', 'EMB_P', 'EMB_P', 'EMB_P', 'EMB_P', 'EMB_P', 'EMB_P', 'EMB_P', 'EMB_P', 'EMB_P', 'EMB_P', 'EMB_P', 'EMB_P', 'EMB_P', 'EMB_P', 'EMB_P', 'EMB_P', 'EMB_P', 'EMB_P']"
346,Супчики,смачні,30148:9_1214,Супчики смачні.,7.0,6.2,"['EMB_O', 'ASP_B', 'ASP_I', 'ASP_E', 'EMB_O', 'EMB_O', 'EMB_O', 'EMB_O', 'EMB_O', 'EMB_P', 'EMB_P', 'EMB_P', 'EMB_P', 'EMB_P', 'EMB_P', 'EMB_P', 'EMB_P', 'EMB_P', 'EMB_P', 'EMB_P', 'EMB_P', 'EMB_P', 'EMB_P', 'EMB_P', 'EMB_P', 'EMB_P', 'EMB_P', 'EMB_P', 'EMB_P', 'EMB_P', 'EMB_P', 'EMB_P', 'EMB_P', 'EMB_P', 'EMB_P', 'EMB_P', 'EMB_P', 'EMB_P', 'EMB_P', 'EMB_P', 'EMB_P', 'EMB_P', 'EMB_P', 'EMB_P', 'EMB_P', 'EMB_P', 'EMB_P', 'EMB_P', 'EMB_P', 'EMB_P', 'EMB_P', 'EMB_P', 'EMB_P', 'EMB_P', 'EMB_P', 'EMB_P', 'EMB_P', 'EMB_P', 'EMB_P', 'EMB_P', 'EMB_P', 'EMB_P', 'EMB_P', 'EMB_P', 'EMB_P', 'EMB_P', 'EMB_P', 'EMB_P', 'EMB_P', 'EMB_P', 'EMB_P', 'EMB_P', 'EMB_P', 'EMB_P', 'EMB_P', 'EMB_P', 'EMB_P', 'EMB_P', 'EMB_P', 'EMB_P', 'EMB_P', 'EMB_P', 'EMB_P', 'EMB_P', 'EMB_P', 'EMB_P', 'EMB_P', 'EMB_P', 'EMB_P', 'EMB_P', 'EMB_P', 'EMB_P', 'EMB_P', 'EMB_P', 'EMB_P', 'EMB_P', 'EMB_P', 'EMB_P', 'EMB_P', 'EMB_P', 'EMB_P', 'EMB_P', 'EMB_P', 'EMB_P', 'EMB_P', 'EMB_P', 'EMB_P', 'EMB_P', 'EMB_P', 'EMB_P', 'EMB_P', 'EMB_P', 'EMB_P', 'EMB_P', 'EMB_P', 'EMB_P', 'EMB_P', 'EMB_P', 'EMB_P', 'EMB_P', 'EMB_P', 'EMB_P', 'EMB_P', 'EMB_P', 'EMB_P', 'EMB_P', 'EMB_P', 'EMB_P']","['EMB_O', 'EMB_O', 'EMB_O', 'EMB_O', 'OPN_B', 'OPN_I', 'OPN_E', 'EMB_O', 'EMB_O', 'EMB_P', 'EMB_P', 'EMB_P', 'EMB_P', 'EMB_P', 'EMB_P', 'EMB_P', 'EMB_P', 'EMB_P', 'EMB_P', 'EMB_P', 'EMB_P', 'EMB_P', 'EMB_P', 'EMB_P', 'EMB_P', 'EMB_P', 'EMB_P', 'EMB_P', 'EMB_P', 'EMB_P', 'EMB_P', 'EMB_P', 'EMB_P', 'EMB_P', 'EMB_P', 'EMB_P', 'EMB_P', 'EMB_P', 'EMB_P', 'EMB_P', 'EMB_P', 'EMB_P', 'EMB_P', 'EMB_P', 'EMB_P', 'EMB_P', 'EMB_P', 'EMB_P', 'EMB_P', 'EMB_P', 'EMB_P', 'EMB_P', 'EMB_P', 'EMB_P', 'EMB_P', 'EMB_P', 'EMB_P', 'EMB_P', 'EMB_P', 'EMB_P', 'EMB_P', 'EMB_P', 'EMB_P', 'EMB_P', 'EMB_P', 'EMB_P', 'EMB_P', 'EMB_P', 'EMB_P', 'EMB_P', 'EMB_P', 'EMB_P', 'EMB_P', 'EMB_P', 'EMB_P', 'EMB_P', 'EMB_P', 'EMB_P', 'EMB_P', 'EMB_P', 'EMB_P', 'EMB_P', 'EMB_P', 'EMB_P', 'EMB_P', 'EMB_P', 'EMB_P', 'EMB_P', 'EMB_P', 'EMB_P', 'EMB_P', 'EMB_P', 'EMB_P', 'EMB_P', 'EMB_P', 'EMB_P', 'EMB_P', 'EMB_P', 'EMB_P', 'EMB_P', 'EMB_P', 'EMB_P', 'EMB_P', 'EMB_P', 'EMB_P', 'EMB_P', 'EMB_P', 'EMB_P', 'EMB_P', 'EMB_P', 'EMB_P', 'EMB_P', 'EMB_P', 'EMB_P', 'EMB_P', 'EMB_P', 'EMB_P', 'EMB_P', 'EMB_P', 'EMB_P', 'EMB_P', 'EMB_P', 'EMB_P', 'EMB_P', 'EMB_P', 'EMB_P', 'EMB_P', 'EMB_P']"
347,чайок,Загляну,30148:10_1215,"Загляну туди ще на чайок і десерт,якщо буду йти повз.",6.83,7.0,"['EMB_O', 'EMB_O', 'EMB_O', 'EMB_O', 'EMB_O', 'EMB_O', 'EMB_O', 'EMB_O', 'EMB_O', 'ASP_B', 'ASP_I', 'ASP_E', 'EMB_O', 'EMB_O', 'EMB_O', 'EMB_O', 'EMB_O', 'EMB_O', 'EMB_O', 'EMB_O', 'EMB_O', 'EMB_O', 'EMB_O', 'EMB_O', 'EMB_O', 'EMB_O', 'EMB_P', 'EMB_P', 'EMB_P', 'EMB_P', 'EMB_P', 'EMB_P', 'EMB_P', 'EMB_P', 'EMB_P', 'EMB_P', 'EMB_P', 'EMB_P', 'EMB_P', 'EMB_P', 'EMB_P', 'EMB_P', 'EMB_P', 'EMB_P', 'EMB_P', 'EMB_P', 'EMB_P', 'EMB_P', 'EMB_P', 'EMB_P', 'EMB_P', 'EMB_P', 'EMB_P', 'EMB_P', 'EMB_P', 'EMB_P', 'EMB_P', 'EMB_P', 'EMB_P', 'EMB_P', 'EMB_P', 'EMB_P', 'EMB_P', 'EMB_P', 'EMB_P', 'EMB_P', 'EMB_P', 'EMB_P', 'EMB_P', 'EMB_P', 'EMB_P', 'EMB_P', 'EMB_P', 'EMB_P', 'EMB_P', 'EMB_P', 'EMB_P', 'EMB_P', 'EMB_P', 'EMB_P', 'EMB_P', 'EMB_P', 'EMB_P', 'EMB_P', 'EMB_P', 'EMB_P', 'EMB_P', 'EMB_P', 'EMB_P', 'EMB_P', 'EMB_P', 'EMB_P', 'EMB_P', 'EMB_P', 'EMB_P', 'EMB_P', 'EMB_P', 'EMB_P', 'EMB_P', 'EMB_P', 'EMB_P', 'EMB_P', 'EMB_P', 'EMB_P', 'EMB_P', 'EMB_P', 'EMB_P', 'EMB_P', 'EMB_P', 'EMB_P', 'EMB_P', 'EMB_P', 'EMB_P', 'EMB_P', 'EMB_P', 'EMB_P', 'EMB_P', 'EMB_P', 'EMB_P', 'EMB_P', 'EMB_P', 'EMB_P', 'EMB_P', 'EMB_P', 'EMB_P', 'EMB_P', 'EMB_P', 'EMB_P']","['EMB_O', 'OPN_B', 'OPN_I', 'OPN_I', 'OPN_E', 'EMB_O', 'EMB_O', 'EMB_O', 'EMB_O', 'EMB_O', 'EMB_O', 'EMB_O', 'EMB_O', 'EMB_O', 'EMB_O', 'EMB_O', 'EMB_O', 'EMB_O', 'EMB_O', 'EMB_O', 'EMB_O', 'EMB_O', 'EMB_O', 'EMB_O', 'EMB_O', 'EMB_O', 'EMB_P', 'EMB_P', 'EMB_P', 'EMB_P', 'EMB_P', 'EMB_P', 'EMB_P', 'EMB_P', 'EMB_P', 'EMB_P', 'EMB_P', 'EMB_P', 'EMB_P', 'EMB_P', 'EMB_P', 'EMB_P', 'EMB_P', 'EMB_P', 'EMB_P', 'EMB_P', 'EMB_P', 'EMB_P', 'EMB_P', 'EMB_P', 'EMB_P', 'EMB_P', 'EMB_P', 'EMB_P', 'EMB_P', 'EMB_P', 'EMB_P', 'EMB_P', 'EMB_P', 'EMB_P', 'EMB_P', 'EMB_P', 'EMB_P', 'EMB_P', 'EMB_P', 'EMB_P', 'EMB_P', 'EMB_P', 'EMB_P', 'EMB_P', 'EMB_P', 'EMB_P', 'EMB_P', 'EMB_P', 'EMB_P', 'EMB_P', 'EMB_P', 'EMB_P', 'EMB_P', 'EMB_P', 'EMB_P', 'EMB_P', 'EMB_P', 'EMB_P', 'EMB_P', 'EMB_P', 'EMB_P', 'EMB_P', 'EMB_P', 'EMB_P', 'EMB_P', 'EMB_P', 'EMB_P', 'EMB_P', 'EMB_P', 'EMB_P', 'EMB_P', 'EMB_P', 'EMB_P', 'EMB_P', 'EMB_P', 'EMB_P', 'EMB_P', 'EMB_P', 'EMB_P', 'EMB_P', 'EMB_P', 'EMB_P', 'EMB_P', 'EMB_P', 'EMB_P', 'EMB_P', 'EMB_P', 'EMB_P', 'EMB_P', 'EMB_P', 'EMB_P', 'EMB_P', 'EMB_P', 'EMB_P', 'EMB_P', 'EMB_P', 'EMB_P', 'EMB_P', 'EMB_P', 'EMB_P', 'EMB_P', 'EMB_P']"
348,десерт,Загляну,30148:10_1215,"Загляну туди ще на чайок і десерт,якщо буду йти повз.",6.83,7.0,"['EMB_O', 'EMB_O', 'EMB_O', 'EMB_O', 'EMB_O', 'EMB_O', 'EMB_O', 'EMB_O', 'EMB_O', 'EMB_O', 'EMB_O', 'EMB_O', 'EMB_O', 'ASP_B', 'ASP_I', 'ASP_E', 'EMB_O', 'EMB_O', 'EMB_O', 'EMB_O', 'EMB_O', 'EMB_O', 'EMB_O', 'EMB_O', 'EMB_O', 'EMB_O', 'EMB_P', 'EMB_P', 'EMB_P', 'EMB_P', 'EMB_P', 'EMB_P', 'EMB_P', 'EMB_P', 'EMB_P', 'EMB_P', 'EMB_P', 'EMB_P', 'EMB_P', 'EMB_P', 'EMB_P', 'EMB_P', 'EMB_P', 'EMB_P', 'EMB_P', 'EMB_P', 'EMB_P', 'EMB_P', 'EMB_P', 'EMB_P', 'EMB_P', 'EMB_P', 'EMB_P', 'EMB_P', 'EMB_P', 'EMB_P', 'EMB_P', 'EMB_P', 'EMB_P', 'EMB_P', 'EMB_P', 'EMB_P', 'EMB_P', 'EMB_P', 'EMB_P', 'EMB_P', 'EMB_P', 'EMB_P', 'EMB_P', 'EMB_P', 'EMB_P', 'EMB_P', 'EMB_P', 'EMB_P', 'EMB_P', 'EMB_P', 'EMB_P', 'EMB_P', 'EMB_P', 'EMB_P', 'EMB_P', 'EMB_P', 'EMB_P', 'EMB_P', 'EMB_P', 'EMB_P', 'EMB_P', 'EMB_P', 'EMB_P', 'EMB_P', 'EMB_P', 'EMB_P', 'EMB_P', 'EMB_P', 'EMB_P', 'EMB_P', 'EMB_P', 'EMB_P', 'EMB_P', 'EMB_P', 'EMB_P', 'EMB_P', 'EMB_P', 'EMB_P', 'EMB_P', 'EMB_P', 'EMB_P', 'EMB_P', 'EMB_P', 'EMB_P', 'EMB_P', 'EMB_P', 'EMB_P', 'EMB_P', 'EMB_P', 'EMB_P', 'EMB_P', 'EMB_P', 'EMB_P', 'EMB_P', 'EMB_P', 'EMB_P', 'EMB_P', 'EMB_P', 'EMB_P', 'EMB_P', 'EMB_P', 'EMB_P']","['EMB_O', 'OPN_B', 'OPN_I', 'OPN_I', 'OPN_E', 'EMB_O', 'EMB_O', 'EMB_O', 'EMB_O', 'EMB_O', 'EMB_O', 'EMB_O', 'EMB_O', 'EMB_O', 'EMB_O', 'EMB_O', 'EMB_O', 'EMB_O', 'EMB_O', 'EMB_O', 'EMB_O', 'EMB_O', 'EMB_O', 'EMB_O', 'EMB_O', 'EMB_O', 'EMB_P', 'EMB_P', 'EMB_P', 'EMB_P', 'EMB_P', 'EMB_P', 'EMB_P', 'EMB_P', 'EMB_P', 'EMB_P', 'EMB_P', 'EMB_P', 'EMB_P', 'EMB_P', 'EMB_P', 'EMB_P', 'EMB_P', 'EMB_P', 'EMB_P', 'EMB_P', 'EMB_P', 'EMB_P', 'EMB_P', 'EMB_P', 'EMB_P', 'EMB_P', 'EMB_P', 'EMB_P', 'EMB_P', 'EMB_P', 'EMB_P', 'EMB_P', 'EMB_P', 'EMB_P', 'EMB_P', 'EMB_P', 'EMB_P', 'EMB_P', 'EMB_P', 'EMB_P', 'EMB_P', 'EMB_P', 'EMB_P', 'EMB_P', 'EMB_P', 'EMB_P', 'EMB_P', 'EMB_P', 'EMB_P', 'EMB_P', 'EMB_P', 'EMB_P', 'EMB_P', 'EMB_P', 'EMB_P', 'EMB_P', 'EMB_P', 'EMB_P', 'EMB_P', 'EMB_P', 'EMB_P', 'EMB_P', 'EMB_P', 'EMB_P', 'EMB_P', 'EMB_P', 'EMB_P', 'EMB_P', 'EMB_P', 'EMB_P', 'EMB_P', 'EMB_P', 'EMB_P', 'EMB_P', 'EMB_P', 'EMB_P', 'EMB_P', 'EMB_P', 'EMB_P', 'EMB_P', 'EMB_P', 'EMB_P', 'EMB_P', 'EMB_P', 'EMB_P', 'EMB_P', 'EMB_P', 'EMB_P', 'EMB_P', 'EMB_P', 'EMB_P', 'EMB_P', 'EMB_P', 'EMB_P', 'EMB_P', 'EMB_P', 'EMB_P', 'EMB_P', 'EMB_P', 'EMB_P', 'EMB_P', 'EMB_P']"
349,закладу,у зручному для мене місці,30201:0_1216,"раніше часто ходила до цього закладу, по-перше, знаходиться у зручному для мене місці, по-друге, є карта зі знижкою 10%.",7.25,7.12,"['EMB_O', 'EMB_O', 'EMB_O', 'EMB_O', 'EMB_O', 'EMB_O', 'EMB_O', 'ASP_B', 'ASP_I', 'ASP_E', 'EMB_O', 'EMB_O', 'EMB_O', 'EMB_O', 'EMB_O', 'EMB_O', 'EMB_O', 'EMB_O', 'EMB_O', 'EMB_O', 'EMB_O', 'EMB_O', 'EMB_O', 'EMB_O', 'EMB_O', 'EMB_O', 'EMB_O', 'EMB_O', 'EMB_O', 'EMB_O', 'EMB_O', 'EMB_O', 'EMB_O', 'EMB_O', 'EMB_O', 'EMB_O', 'EMB_O', 'EMB_O', 'EMB_O', 'EMB_O', 'EMB_P', 'EMB_P', 'EMB_P', 'EMB_P', 'EMB_P', 'EMB_P', 'EMB_P', 'EMB_P', 'EMB_P', 'EMB_P', 'EMB_P', 'EMB_P', 'EMB_P', 'EMB_P', 'EMB_P', 'EMB_P', 'EMB_P', 'EMB_P', 'EMB_P', 'EMB_P', 'EMB_P', 'EMB_P', 'EMB_P', 'EMB_P', 'EMB_P', 'EMB_P', 'EMB_P', 'EMB_P', 'EMB_P', 'EMB_P', 'EMB_P', 'EMB_P', 'EMB_P', 'EMB_P', 'EMB_P', 'EMB_P', 'EMB_P', 'EMB_P', 'EMB_P', 'EMB_P', 'EMB_P', 'EMB_P', 'EMB_P', 'EMB_P', 'EMB_P', 'EMB_P', 'EMB_P', 'EMB_P', 'EMB_P', 'EMB_P', 'EMB_P', 'EMB_P', 'EMB_P', 'EMB_P', 'EMB_P', 'EMB_P', 'EMB_P', 'EMB_P', 'EMB_P', 'EMB_P', 'EMB_P', 'EMB_P', 'EMB_P', 'EMB_P', 'EMB_P', 'EMB_P', 'EMB_P', 'EMB_P', 'EMB_P', 'EMB_P', 'EMB_P', 'EMB_P', 'EMB_P', 'EMB_P', 'EMB_P', 'EMB_P', 'EMB_P', 'EMB_P', 'EMB_P', 'EMB_P', 'EMB_P', 'EMB_P', 'EMB_P', 'EMB_P', 'EMB_P', 'EMB_P', 'EMB_P', 'EMB_P']","['EMB_O', 'EMB_O', 'EMB_O', 'EMB_O', 'EMB_O', 'EMB_O', 'EMB_O', 'EMB_O', 'EMB_O', 'EMB_O', 'EMB_O', 'EMB_O', 'EMB_O', 'EMB_O', 'EMB_O', 'EMB_O', 'OPN_B', 'OPN_I', 'OPN_I', 'OPN_I', 'OPN_I', 'OPN_I', 'OPN_I', 'OPN_E', 'EMB_O', 'EMB_O', 'EMB_O', 'EMB_O', 'EMB_O', 'EMB_O', 'EMB_O', 'EMB_O', 'EMB_O', 'EMB_O', 'EMB_O', 'EMB_O', 'EMB_O', 'EMB_O', 'EMB_O', 'EMB_O', 'EMB_P', 'EMB_P', 'EMB_P', 'EMB_P', 'EMB_P', 'EMB_P', 'EMB_P', 'EMB_P', 'EMB_P', 'EMB_P', 'EMB_P', 'EMB_P', 'EMB_P', 'EMB_P', 'EMB_P', 'EMB_P', 'EMB_P', 'EMB_P', 'EMB_P', 'EMB_P', 'EMB_P', 'EMB_P', 'EMB_P', 'EMB_P', 'EMB_P', 'EMB_P', 'EMB_P', 'EMB_P', 'EMB_P', 'EMB_P', 'EMB_P', 'EMB_P', 'EMB_P', 'EMB_P', 'EMB_P', 'EMB_P', 'EMB_P', 'EMB_P', 'EMB_P', 'EMB_P', 'EMB_P', 'EMB_P', 'EMB_P', 'EMB_P', 'EMB_P', 'EMB_P', 'EMB_P', 'EMB_P', 'EMB_P', 'EMB_P', 'EMB_P', 'EMB_P', 'EMB_P', 'EMB_P', 'EMB_P', 'EMB_P', 'EMB_P', 'EMB_P', 'EMB_P', 'EMB_P', 'EMB_P', 'EMB_P', 'EMB_P', 'EMB_P', 'EMB_P', 'EMB_P', 'EMB_P', 'EMB_P', 'EMB_P', 'EMB_P', 'EMB_P', 'EMB_P', 'EMB_P', 'EMB_P', 'EMB_P', 'EMB_P', 'EMB_P', 'EMB_P', 'EMB_P', 'EMB_P', 'EMB_P', 'EMB_P', 'EMB_P', 'EMB_P', 'EMB_P', 'EMB_P', 'EMB_P', 'EMB_P']"
350,Кухня,хороша,30201:1_1217,"Кухня хороша, нічого сказати не можу, але ось сервіс і обслуговування останнім часом (з початку літа) залишають бажати кращого.",6.8,6.0,"['EMB_O', 'ASP_B', 'ASP_I', 'ASP_E', 'EMB_O', 'EMB_O', 'EMB_O', 'EMB_O', 'EMB_O', 'EMB_O', 'EMB_O', 'EMB_O', 'EMB_O', 'EMB_O', 'EMB_O', 'EMB_O', 'EMB_O', 'EMB_O', 'EMB_O', 'EMB_O', 'EMB_O', 'EMB_O', 'EMB_O', 'EMB_O', 'EMB_O', 'EMB_O', 'EMB_O', 'EMB_O', 'EMB_O', 'EMB_O', 'EMB_O', 'EMB_O', 'EMB_O', 'EMB_O', 'EMB_O', 'EMB_O', 'EMB_O', 'EMB_O', 'EMB_O', 'EMB_O', 'EMB_O', 'EMB_O', 'EMB_O', 'EMB_O', 'EMB_O', 'EMB_O', 'EMB_O', 'EMB_O', 'EMB_O', 'EMB_O', 'EMB_P', 'EMB_P', 'EMB_P', 'EMB_P', 'EMB_P', 'EMB_P', 'EMB_P', 'EMB_P', 'EMB_P', 'EMB_P', 'EMB_P', 'EMB_P', 'EMB_P', 'EMB_P', 'EMB_P', 'EMB_P', 'EMB_P', 'EMB_P', 'EMB_P', 'EMB_P', 'EMB_P', 'EMB_P', 'EMB_P', 'EMB_P', 'EMB_P', 'EMB_P', 'EMB_P', 'EMB_P', 'EMB_P', 'EMB_P', 'EMB_P', 'EMB_P', 'EMB_P', 'EMB_P', 'EMB_P', 'EMB_P', 'EMB_P', 'EMB_P', 'EMB_P', 'EMB_P', 'EMB_P', 'EMB_P', 'EMB_P', 'EMB_P', 'EMB_P', 'EMB_P', 'EMB_P', 'EMB_P', 'EMB_P', 'EMB_P', 'EMB_P', 'EMB_P', 'EMB_P', 'EMB_P', 'EMB_P', 'EMB_P', 'EMB_P', 'EMB_P', 'EMB_P', 'EMB_P', 'EMB_P', 'EMB_P', 'EMB_P', 'EMB_P', 'EMB_P', 'EMB_P', 'EMB_P', 'EMB_P', 'EMB_P', 'EMB_P', 'EMB_P', 'EMB_P', 'EMB_P', 'EMB_P', 'EMB_P', 'EMB_P', 'EMB_P', 'EMB_P']","['EMB_O', 'EMB_O', 'EMB_O', 'EMB_O', 'OPN_B', 'OPN_I', 'OPN_E', 'EMB_O', 'EMB_O', 'EMB_O', 'EMB_O', 'EMB_O', 'EMB_O', 'EMB_O', 'EMB_O', 'EMB_O', 'EMB_O', 'EMB_O', 'EMB_O', 'EMB_O', 'EMB_O', 'EMB_O', 'EMB_O', 'EMB_O', 'EMB_O', 'EMB_O', 'EMB_O', 'EMB_O', 'EMB_O', 'EMB_O', 'EMB_O', 'EMB_O', 'EMB_O', 'EMB_O', 'EMB_O', 'EMB_O', 'EMB_O', 'EMB_O', 'EMB_O', 'EMB_O', 'EMB_O', 'EMB_O', 'EMB_O', 'EMB_O', 'EMB_O', 'EMB_O', 'EMB_O', 'EMB_O', 'EMB_O', 'EMB_O', 'EMB_P', 'EMB_P', 'EMB_P', 'EMB_P', 'EMB_P', 'EMB_P', 'EMB_P', 'EMB_P', 'EMB_P', 'EMB_P', 'EMB_P', 'EMB_P', 'EMB_P', 'EMB_P', 'EMB_P', 'EMB_P', 'EMB_P', 'EMB_P', 'EMB_P', 'EMB_P', 'EMB_P', 'EMB_P', 'EMB_P', 'EMB_P', 'EMB_P', 'EMB_P', 'EMB_P', 'EMB_P', 'EMB_P', 'EMB_P', 'EMB_P', 'EMB_P', 'EMB_P', 'EMB_P', 'EMB_P', 'EMB_P', 'EMB_P', 'EMB_P', 'EMB_P', 'EMB_P', 'EMB_P', 'EMB_P', 'EMB_P', 'EMB_P', 'EMB_P', 'EMB_P', 'EMB_P', 'EMB_P', 'EMB_P', 'EMB_P', 'EMB_P', 'EMB_P', 'EMB_P', 'EMB_P', 'EMB_P', 'EMB_P', 'EMB_P', 'EMB_P', 'EMB_P', 'EMB_P', 'EMB_P', 'EMB_P', 'EMB_P', 'EMB_P', 'EMB_P', 'EMB_P', 'EMB_P', 'EMB_P', 'EMB_P', 'EMB_P', 'EMB_P', 'EMB_P', 'EMB_P', 'EMB_P', 'EMB_P', 'EMB_P', 'EMB_P', 'EMB_P']"
351,сервіс,залишають бажати кращого,30201:1_1217,"Кухня хороша, нічого сказати не можу, але ось сервіс і обслуговування останнім часом (з початку літа) залишають бажати кращого.",3.25,7.0,"['EMB_O', 'EMB_O', 'EMB_O', 'EMB_O', 'EMB_O', 'EMB_O', 'EMB_O', 'EMB_O', 'EMB_O', 'EMB_O', 'EMB_O', 'EMB_O', 'EMB_O', 'EMB_O', 'EMB_O', 'EMB_O', 'EMB_O', 'EMB_O', 'EMB_O', 'EMB_O', 'EMB_O', 'ASP_B', 'ASP_I', 'ASP_E', 'EMB_O', 'EMB_O', 'EMB_O', 'EMB_O', 'EMB_O', 'EMB_O', 'EMB_O', 'EMB_O', 'EMB_O', 'EMB_O', 'EMB_O', 'EMB_O', 'EMB_O', 'EMB_O', 'EMB_O', 'EMB_O', 'EMB_O', 'EMB_O', 'EMB_O', 'EMB_O', 'EMB_O', 'EMB_O', 'EMB_O', 'EMB_O', 'EMB_O', 'EMB_O', 'EMB_P', 'EMB_P', 'EMB_P', 'EMB_P', 'EMB_P', 'EMB_P', 'EMB_P', 'EMB_P', 'EMB_P', 'EMB_P', 'EMB_P', 'EMB_P', 'EMB_P', 'EMB_P', 'EMB_P', 'EMB_P', 'EMB_P', 'EMB_P', 'EMB_P', 'EMB_P', 'EMB_P', 'EMB_P', 'EMB_P', 'EMB_P', 'EMB_P', 'EMB_P', 'EMB_P', 'EMB_P', 'EMB_P', 'EMB_P', 'EMB_P', 'EMB_P', 'EMB_P', 'EMB_P', 'EMB_P', 'EMB_P', 'EMB_P', 'EMB_P', 'EMB_P', 'EMB_P', 'EMB_P', 'EMB_P', 'EMB_P', 'EMB_P', 'EMB_P', 'EMB_P', 'EMB_P', 'EMB_P', 'EMB_P', 'EMB_P', 'EMB_P', 'EMB_P', 'EMB_P', 'EMB_P', 'EMB_P', 'EMB_P', 'EMB_P', 'EMB_P', 'EMB_P', 'EMB_P', 'EMB_P', 'EMB_P', 'EMB_P', 'EMB_P', 'EMB_P', 'EMB_P', 'EMB_P', 'EMB_P', 'EMB_P', 'EMB_P', 'EMB_P', 'EMB_P', 'EMB_P', 'EMB_P', 'EMB_P', 'EMB_P', 'EMB_P', 'EMB_P']","['EMB_O', 'EMB_O', 'EMB_O', 'EMB_O', 'EMB_O', 'EMB_O', 'EMB_O', 'EMB_O', 'EMB_O', 'EMB_O', 'EMB_O', 'EMB_O', 'EMB_O', 'EMB_O', 'EMB_O', 'EMB_O', 'EMB_O', 'EMB_O', 'EMB_O', 'EMB_O', 'EMB_O', 'EMB_O', 'EMB_O', 'EMB_O', 'EMB_O', 'EMB_O', 'EMB_O', 'EMB_O', 'EMB_O', 'EMB_O', 'EMB_O', 'EMB_O', 'EMB_O', 'EMB_O', 'EMB_O', 'EMB_O', 'EMB_O', 'EMB_O', 'OPN_B', 'OPN_I', 'OPN_I', 'OPN_I', 'OPN_I', 'OPN_I', 'OPN_I', 'OPN_I', 'OPN_I', 'OPN_E', 'EMB_O', 'EMB_O', 'EMB_P', 'EMB_P', 'EMB_P', 'EMB_P', 'EMB_P', 'EMB_P', 'EMB_P', 'EMB_P', 'EMB_P', 'EMB_P', 'EMB_P', 'EMB_P', 'EMB_P', 'EMB_P', 'EMB_P', 'EMB_P', 'EMB_P', 'EMB_P', 'EMB_P', 'EMB_P', 'EMB_P', 'EMB_P', 'EMB_P', 'EMB_P', 'EMB_P', 'EMB_P', 'EMB_P', 'EMB_P', 'EMB_P', 'EMB_P', 'EMB_P', 'EMB_P', 'EMB_P', 'EMB_P', 'EMB_P', 'EMB_P', 'EMB_P', 'EMB_P', 'EMB_P', 'EMB_P', 'EMB_P', 'EMB_P', 'EMB_P', 'EMB_P', 'EMB_P', 'EMB_P', 'EMB_P', 'EMB_P', 'EMB_P', 'EMB_P', 'EMB_P', 'EMB_P', 'EMB_P', 'EMB_P', 'EMB_P', 'EMB_P', 'EMB_P', 'EMB_P', 'EMB_P', 'EMB_P', 'EMB_P', 'EMB_P', 'EMB_P', 'EMB_P', 'EMB_P', 'EMB_P', 'EMB_P', 'EMB_P', 'EMB_P', 'EMB_P', 'EMB_P', 'EMB_P', 'EMB_P', 'EMB_P', 'EMB_P', 'EMB_P', 'EMB_P', 'EMB_P']"
352,обслуговування,залишають бажати кращого,30201:1_1217,"Кухня хороша, нічого сказати не можу, але ось сервіс і обслуговування останнім часом (з початку літа) залишають бажати кращого.",3.25,7.0,"['EMB_O', 'EMB_O', 'EMB_O', 'EMB_O', 'EMB_O', 'EMB_O', 'EMB_O', 'EMB_O', 'EMB_O', 'EMB_O', 'EMB_O', 'EMB_O', 'EMB_O', 'EMB_O', 'EMB_O', 'EMB_O', 'EMB_O', 'EMB_O', 'EMB_O', 'EMB_O', 'EMB_O', 'EMB_O', 'EMB_O', 'EMB_O', 'EMB_O', 'ASP_B', 'ASP_I', 'ASP_I', 'ASP_E', 'EMB_O', 'EMB_O', 'EMB_O', 'EMB_O', 'EMB_O', 'EMB_O', 'EMB_O', 'EMB_O', 'EMB_O', 'EMB_O', 'EMB_O', 'EMB_O', 'EMB_O', 'EMB_O', 'EMB_O', 'EMB_O', 'EMB_O', 'EMB_O', 'EMB_O', 'EMB_O', 'EMB_O', 'EMB_P', 'EMB_P', 'EMB_P', 'EMB_P', 'EMB_P', 'EMB_P', 'EMB_P', 'EMB_P', 'EMB_P', 'EMB_P', 'EMB_P', 'EMB_P', 'EMB_P', 'EMB_P', 'EMB_P', 'EMB_P', 'EMB_P', 'EMB_P', 'EMB_P', 'EMB_P', 'EMB_P', 'EMB_P', 'EMB_P', 'EMB_P', 'EMB_P', 'EMB_P', 'EMB_P', 'EMB_P', 'EMB_P', 'EMB_P', 'EMB_P', 'EMB_P', 'EMB_P', 'EMB_P', 'EMB_P', 'EMB_P', 'EMB_P', 'EMB_P', 'EMB_P', 'EMB_P', 'EMB_P', 'EMB_P', 'EMB_P', 'EMB_P', 'EMB_P', 'EMB_P', 'EMB_P', 'EMB_P', 'EMB_P', 'EMB_P', 'EMB_P', 'EMB_P', 'EMB_P', 'EMB_P', 'EMB_P', 'EMB_P', 'EMB_P', 'EMB_P', 'EMB_P', 'EMB_P', 'EMB_P', 'EMB_P', 'EMB_P', 'EMB_P', 'EMB_P', 'EMB_P', 'EMB_P', 'EMB_P', 'EMB_P', 'EMB_P', 'EMB_P', 'EMB_P', 'EMB_P', 'EMB_P', 'EMB_P', 'EMB_P', 'EMB_P', 'EMB_P']","['EMB_O', 'EMB_O', 'EMB_O', 'EMB_O', 'EMB_O', 'EMB_O', 'EMB_O', 'EMB_O', 'EMB_O', 'EMB_O', 'EMB_O', 'EMB_O', 'EMB_O', 'EMB_O', 'EMB_O', 'EMB_O', 'EMB_O', 'EMB_O', 'EMB_O', 'EMB_O', 'EMB_O', 'EMB_O', 'EMB_O', 'EMB_O', 'EMB_O', 'EMB_O', 'EMB_O', 'EMB_O', 'EMB_O', 'EMB_O', 'EMB_O', 'EMB_O', 'EMB_O', 'EMB_O', 'EMB_O', 'EMB_O', 'EMB_O', 'EMB_O', 'OPN_B', 'OPN_I', 'OPN_I', 'OPN_I', 'OPN_I', 'OPN_I', 'OPN_I', 'OPN_I', 'OPN_I', 'OPN_E', 'EMB_O', 'EMB_O', 'EMB_P', 'EMB_P', 'EMB_P', 'EMB_P', 'EMB_P', 'EMB_P', 'EMB_P', 'EMB_P', 'EMB_P', 'EMB_P', 'EMB_P', 'EMB_P', 'EMB_P', 'EMB_P', 'EMB_P', 'EMB_P', 'EMB_P', 'EMB_P', 'EMB_P', 'EMB_P', 'EMB_P', 'EMB_P', 'EMB_P', 'EMB_P', 'EMB_P', 'EMB_P', 'EMB_P', 'EMB_P', 'EMB_P', 'EMB_P', 'EMB_P', 'EMB_P', 'EMB_P', 'EMB_P', 'EMB_P', 'EMB_P', 'EMB_P', 'EMB_P', 'EMB_P', 'EMB_P', 'EMB_P', 'EMB_P', 'EMB_P', 'EMB_P', 'EMB_P', 'EMB_P', 'EMB_P', 'EMB_P', 'EMB_P', 'EMB_P', 'EMB_P', 'EMB_P', 'EMB_P', 'EMB_P', 'EMB_P', 'EMB_P', 'EMB_P', 'EMB_P', 'EMB_P', 'EMB_P', 'EMB_P', 'EMB_P', 'EMB_P', 'EMB_P', 'EMB_P', 'EMB_P', 'EMB_P', 'EMB_P', 'EMB_P', 'EMB_P', 'EMB_P', 'EMB_P', 'EMB_P', 'EMB_P', 'EMB_P', 'EMB_P', 'EMB_P', 'EMB_P']"
353,Офіціантки,забувають,30201:2_1218,"Офіціантки постійно щось забувають, при невеликій кількості відвідувачів замовлення доводиться чекати іноді до 40-50 хвилин!!!",2.5,7.67,"['EMB_O', 'ASP_B', 'ASP_I', 'ASP_I', 'ASP_I', 'ASP_E', 'EMB_O', 'EMB_O', 'EMB_O', 'EMB_O', 'EMB_O', 'EMB_O', 'EMB_O', 'EMB_O', 'EMB_O', 'EMB_O', 'EMB_O', 'EMB_O', 'EMB_O', 'EMB_O', 'EMB_O', 'EMB_O', 'EMB_O', 'EMB_O', 'EMB_O', 'EMB_O', 'EMB_O', 'EMB_O', 'EMB_O', 'EMB_O', 'EMB_O', 'EMB_O', 'EMB_O', 'EMB_O', 'EMB_O', 'EMB_O', 'EMB_O', 'EMB_O', 'EMB_O', 'EMB_O', 'EMB_P', 'EMB_P', 'EMB_P', 'EMB_P', 'EMB_P', 'EMB_P', 'EMB_P', 'EMB_P', 'EMB_P', 'EMB_P', 'EMB_P', 'EMB_P', 'EMB_P', 'EMB_P', 'EMB_P', 'EMB_P', 'EMB_P', 'EMB_P', 'EMB_P', 'EMB_P', 'EMB_P', 'EMB_P', 'EMB_P', 'EMB_P', 'EMB_P', 'EMB_P', 'EMB_P', 'EMB_P', 'EMB_P', 'EMB_P', 'EMB_P', 'EMB_P', 'EMB_P', 'EMB_P', 'EMB_P', 'EMB_P', 'EMB_P', 'EMB_P', 'EMB_P', 'EMB_P', 'EMB_P', 'EMB_P', 'EMB_P', 'EMB_P', 'EMB_P', 'EMB_P', 'EMB_P', 'EMB_P', 'EMB_P', 'EMB_P', 'EMB_P', 'EMB_P', 'EMB_P', 'EMB_P', 'EMB_P', 'EMB_P', 'EMB_P', 'EMB_P', 'EMB_P', 'EMB_P', 'EMB_P', 'EMB_P', 'EMB_P', 'EMB_P', 'EMB_P', 'EMB_P', 'EMB_P', 'EMB_P', 'EMB_P', 'EMB_P', 'EMB_P', 'EMB_P', 'EMB_P', 'EMB_P', 'EMB_P', 'EMB_P', 'EMB_P', 'EMB_P', 'EMB_P', 'EMB_P', 'EMB_P', 'EMB_P', 'EMB_P', 'EMB_P', 'EMB_P', 'EMB_P', 'EMB_P', 'EMB_P']","['EMB_O', 'EMB_O', 'EMB_O', 'EMB_O', 'EMB_O', 'EMB_O', 'EMB_O', 'EMB_O', 'EMB_O', 'OPN_B', 'OPN_I', 'OPN_E', 'EMB_O', 'EMB_O', 'EMB_O', 'EMB_O', 'EMB_O', 'EMB_O', 'EMB_O', 'EMB_O', 'EMB_O', 'EMB_O', 'EMB_O', 'EMB_O', 'EMB_O', 'EMB_O', 'EMB_O', 'EMB_O', 'EMB_O', 'EMB_O', 'EMB_O', 'EMB_O', 'EMB_O', 'EMB_O', 'EMB_O', 'EMB_O', 'EMB_O', 'EMB_O', 'EMB_O', 'EMB_O', 'EMB_P', 'EMB_P', 'EMB_P', 'EMB_P', 'EMB_P', 'EMB_P', 'EMB_P', 'EMB_P', 'EMB_P', 'EMB_P', 'EMB_P', 'EMB_P', 'EMB_P', 'EMB_P', 'EMB_P', 'EMB_P', 'EMB_P', 'EMB_P', 'EMB_P', 'EMB_P', 'EMB_P', 'EMB_P', 'EMB_P', 'EMB_P', 'EMB_P', 'EMB_P', 'EMB_P', 'EMB_P', 'EMB_P', 'EMB_P', 'EMB_P', 'EMB_P', 'EMB_P', 'EMB_P', 'EMB_P', 'EMB_P', 'EMB_P', 'EMB_P', 'EMB_P', 'EMB_P', 'EMB_P', 'EMB_P', 'EMB_P', 'EMB_P', 'EMB_P', 'EMB_P', 'EMB_P', 'EMB_P', 'EMB_P', 'EMB_P', 'EMB_P', 'EMB_P', 'EMB_P', 'EMB_P', 'EMB_P', 'EMB_P', 'EMB_P', 'EMB_P', 'EMB_P', 'EMB_P', 'EMB_P', 'EMB_P', 'EMB_P', 'EMB_P', 'EMB_P', 'EMB_P', 'EMB_P', 'EMB_P', 'EMB_P', 'EMB_P', 'EMB_P', 'EMB_P', 'EMB_P', 'EMB_P', 'EMB_P', 'EMB_P', 'EMB_P', 'EMB_P', 'EMB_P', 'EMB_P', 'EMB_P', 'EMB_P', 'EMB_P', 'EMB_P', 'EMB_P', 'EMB_P', 'EMB_P', 'EMB_P']"
354,замовлення,доводиться чекати іноді до 40-50 хвилин,30201:2_1218,"Офіціантки постійно щось забувають, при невеликій кількості відвідувачів замовлення доводиться чекати іноді до 40-50 хвилин!!!",2.33,7.83,"['EMB_O', 'EMB_O', 'EMB_O', 'EMB_O', 'EMB_O', 'EMB_O', 'EMB_O', 'EMB_O', 'EMB_O', 'EMB_O', 'EMB_O', 'EMB_O', 'EMB_O', 'EMB_O', 'EMB_O', 'EMB_O', 'EMB_O', 'EMB_O', 'EMB_O', 'EMB_O', 'EMB_O', 'EMB_O', 'ASP_B', 'ASP_I', 'ASP_E', 'EMB_O', 'EMB_O', 'EMB_O', 'EMB_O', 'EMB_O', 'EMB_O', 'EMB_O', 'EMB_O', 'EMB_O', 'EMB_O', 'EMB_O', 'EMB_O', 'EMB_O', 'EMB_O', 'EMB_O', 'EMB_P', 'EMB_P', 'EMB_P', 'EMB_P', 'EMB_P', 'EMB_P', 'EMB_P', 'EMB_P', 'EMB_P', 'EMB_P', 'EMB_P', 'EMB_P', 'EMB_P', 'EMB_P', 'EMB_P', 'EMB_P', 'EMB_P', 'EMB_P', 'EMB_P', 'EMB_P', 'EMB_P', 'EMB_P', 'EMB_P', 'EMB_P', 'EMB_P', 'EMB_P', 'EMB_P', 'EMB_P', 'EMB_P', 'EMB_P', 'EMB_P', 'EMB_P', 'EMB_P', 'EMB_P', 'EMB_P', 'EMB_P', 'EMB_P', 'EMB_P', 'EMB_P', 'EMB_P', 'EMB_P', 'EMB_P', 'EMB_P', 'EMB_P', 'EMB_P', 'EMB_P', 'EMB_P', 'EMB_P', 'EMB_P', 'EMB_P', 'EMB_P', 'EMB_P', 'EMB_P', 'EMB_P', 'EMB_P', 'EMB_P', 'EMB_P', 'EMB_P', 'EMB_P', 'EMB_P', 'EMB_P', 'EMB_P', 'EMB_P', 'EMB_P', 'EMB_P', 'EMB_P', 'EMB_P', 'EMB_P', 'EMB_P', 'EMB_P', 'EMB_P', 'EMB_P', 'EMB_P', 'EMB_P', 'EMB_P', 'EMB_P', 'EMB_P', 'EMB_P', 'EMB_P', 'EMB_P', 'EMB_P', 'EMB_P', 'EMB_P', 'EMB_P', 'EMB_P', 'EMB_P', 'EMB_P', 'EMB_P']","['EMB_O', 'EMB_O', 'EMB_O', 'EMB_O', 'EMB_O', 'EMB_O', 'EMB_O', 'EMB_O', 'EMB_O', 'EMB_O', 'EMB_O', 'EMB_O', 'EMB_O', 'EMB_O', 'EMB_O', 'EMB_O', 'EMB_O', 'EMB_O', 'EMB_O', 'EMB_O', 'EMB_O', 'EMB_O', 'EMB_O', 'EMB_O', 'EMB_O', 'OPN_B', 'OPN_I', 'OPN_I', 'OPN_I', 'OPN_I', 'OPN_I', 'OPN_I', 'OPN_I', 'OPN_I', 'OPN_I', 'OPN_E', 'EMB_O', 'EMB_O', 'EMB_O', 'EMB_O', 'EMB_P', 'EMB_P', 'EMB_P', 'EMB_P', 'EMB_P', 'EMB_P', 'EMB_P', 'EMB_P', 'EMB_P', 'EMB_P', 'EMB_P', 'EMB_P', 'EMB_P', 'EMB_P', 'EMB_P', 'EMB_P', 'EMB_P', 'EMB_P', 'EMB_P', 'EMB_P', 'EMB_P', 'EMB_P', 'EMB_P', 'EMB_P', 'EMB_P', 'EMB_P', 'EMB_P', 'EMB_P', 'EMB_P', 'EMB_P', 'EMB_P', 'EMB_P', 'EMB_P', 'EMB_P', 'EMB_P', 'EMB_P', 'EMB_P', 'EMB_P', 'EMB_P', 'EMB_P', 'EMB_P', 'EMB_P', 'EMB_P', 'EMB_P', 'EMB_P', 'EMB_P', 'EMB_P', 'EMB_P', 'EMB_P', 'EMB_P', 'EMB_P', 'EMB_P', 'EMB_P', 'EMB_P', 'EMB_P', 'EMB_P', 'EMB_P', 'EMB_P', 'EMB_P', 'EMB_P', 'EMB_P', 'EMB_P', 'EMB_P', 'EMB_P', 'EMB_P', 'EMB_P', 'EMB_P', 'EMB_P', 'EMB_P', 'EMB_P', 'EMB_P', 'EMB_P', 'EMB_P', 'EMB_P', 'EMB_P', 'EMB_P', 'EMB_P', 'EMB_P', 'EMB_P', 'EMB_P', 'EMB_P', 'EMB_P', 'EMB_P', 'EMB_P', 'EMB_P', 'EMB_P', 'EMB_P', 'EMB_P']"
355,Пиво,без бульбашок,30201:4_1219,"Пиво розливне приносили не те що без піни, без бульбашок....",2.17,7.33,"['EMB_O', 'ASP_B', 'ASP_E', 'EMB_O', 'EMB_O', 'EMB_O', 'EMB_O', 'EMB_O', 'EMB_O', 'EMB_O', 'EMB_O', 'EMB_O', 'EMB_O', 'EMB_O', 'EMB_O', 'EMB_O', 'EMB_O', 'EMB_O', 'EMB_O', 'EMB_O', 'EMB_O', 'EMB_O', 'EMB_O', 'EMB_O', 'EMB_O', 'EMB_O', 'EMB_O', 'EMB_P', 'EMB_P', 'EMB_P', 'EMB_P', 'EMB_P', 'EMB_P', 'EMB_P', 'EMB_P', 'EMB_P', 'EMB_P', 'EMB_P', 'EMB_P', 'EMB_P', 'EMB_P', 'EMB_P', 'EMB_P', 'EMB_P', 'EMB_P', 'EMB_P', 'EMB_P', 'EMB_P', 'EMB_P', 'EMB_P', 'EMB_P', 'EMB_P', 'EMB_P', 'EMB_P', 'EMB_P', 'EMB_P', 'EMB_P', 'EMB_P', 'EMB_P', 'EMB_P', 'EMB_P', 'EMB_P', 'EMB_P', 'EMB_P', 'EMB_P', 'EMB_P', 'EMB_P', 'EMB_P', 'EMB_P', 'EMB_P', 'EMB_P', 'EMB_P', 'EMB_P', 'EMB_P', 'EMB_P', 'EMB_P', 'EMB_P', 'EMB_P', 'EMB_P', 'EMB_P', 'EMB_P', 'EMB_P', 'EMB_P', 'EMB_P', 'EMB_P', 'EMB_P', 'EMB_P', 'EMB_P', 'EMB_P', 'EMB_P', 'EMB_P', 'EMB_P', 'EMB_P', 'EMB_P', 'EMB_P', 'EMB_P', 'EMB_P', 'EMB_P', 'EMB_P', 'EMB_P', 'EMB_P', 'EMB_P', 'EMB_P', 'EMB_P', 'EMB_P', 'EMB_P', 'EMB_P', 'EMB_P', 'EMB_P', 'EMB_P', 'EMB_P', 'EMB_P', 'EMB_P', 'EMB_P', 'EMB_P', 'EMB_P', 'EMB_P', 'EMB_P', 'EMB_P', 'EMB_P', 'EMB_P', 'EMB_P', 'EMB_P', 'EMB_P', 'EMB_P', 'EMB_P', 'EMB_P', 'EMB_P']","['EMB_O', 'EMB_O', 'EMB_O', 'EMB_O', 'EMB_O', 'EMB_O', 'EMB_O', 'EMB_O', 'EMB_O', 'EMB_O', 'EMB_O', 'EMB_O', 'EMB_O', 'EMB_O', 'EMB_O', 'EMB_O', 'EMB_O', 'OPN_B', 'OPN_I', 'OPN_I', 'OPN_I', 'OPN_E', 'EMB_O', 'EMB_O', 'EMB_O', 'EMB_O', 'EMB_O', 'EMB_P', 'EMB_P', 'EMB_P', 'EMB_P', 'EMB_P', 'EMB_P', 'EMB_P', 'EMB_P', 'EMB_P', 'EMB_P', 'EMB_P', 'EMB_P', 'EMB_P', 'EMB_P', 'EMB_P', 'EMB_P', 'EMB_P', 'EMB_P', 'EMB_P', 'EMB_P', 'EMB_P', 'EMB_P', 'EMB_P', 'EMB_P', 'EMB_P', 'EMB_P', 'EMB_P', 'EMB_P', 'EMB_P', 'EMB_P', 'EMB_P', 'EMB_P', 'EMB_P', 'EMB_P', 'EMB_P', 'EMB_P', 'EMB_P', 'EMB_P', 'EMB_P', 'EMB_P', 'EMB_P', 'EMB_P', 'EMB_P', 'EMB_P', 'EMB_P', 'EMB_P', 'EMB_P', 'EMB_P', 'EMB_P', 'EMB_P', 'EMB_P', 'EMB_P', 'EMB_P', 'EMB_P', 'EMB_P', 'EMB_P', 'EMB_P', 'EMB_P', 'EMB_P', 'EMB_P', 'EMB_P', 'EMB_P', 'EMB_P', 'EMB_P', 'EMB_P', 'EMB_P', 'EMB_P', 'EMB_P', 'EMB_P', 'EMB_P', 'EMB_P', 'EMB_P', 'EMB_P', 'EMB_P', 'EMB_P', 'EMB_P', 'EMB_P', 'EMB_P', 'EMB_P', 'EMB_P', 'EMB_P', 'EMB_P', 'EMB_P', 'EMB_P', 'EMB_P', 'EMB_P', 'EMB_P', 'EMB_P', 'EMB_P', 'EMB_P', 'EMB_P', 'EMB_P', 'EMB_P', 'EMB_P', 'EMB_P', 'EMB_P', 'EMB_P', 'EMB_P', 'EMB_P', 'EMB_P', 'EMB_P']"
356,васабі,знову змінитися в кращу сторону,30201:6_1220,"Сподіваюся, васабі знову змінитися в кращу сторону.",2.9,6.5,"['EMB_O', 'EMB_O', 'EMB_O', 'EMB_O', 'EMB_O', 'EMB_O', 'EMB_O', 'ASP_B', 'ASP_I', 'ASP_E', 'EMB_O', 'EMB_O', 'EMB_O', 'EMB_O', 'EMB_O', 'EMB_O', 'EMB_O', 'EMB_O', 'EMB_O', 'EMB_O', 'EMB_P', 'EMB_P', 'EMB_P', 'EMB_P', 'EMB_P', 'EMB_P', 'EMB_P', 'EMB_P', 'EMB_P', 'EMB_P', 'EMB_P', 'EMB_P', 'EMB_P', 'EMB_P', 'EMB_P', 'EMB_P', 'EMB_P', 'EMB_P', 'EMB_P', 'EMB_P', 'EMB_P', 'EMB_P', 'EMB_P', 'EMB_P', 'EMB_P', 'EMB_P', 'EMB_P', 'EMB_P', 'EMB_P', 'EMB_P', 'EMB_P', 'EMB_P', 'EMB_P', 'EMB_P', 'EMB_P', 'EMB_P', 'EMB_P', 'EMB_P', 'EMB_P', 'EMB_P', 'EMB_P', 'EMB_P', 'EMB_P', 'EMB_P', 'EMB_P', 'EMB_P', 'EMB_P', 'EMB_P', 'EMB_P', 'EMB_P', 'EMB_P', 'EMB_P', 'EMB_P', 'EMB_P', 'EMB_P', 'EMB_P', 'EMB_P', 'EMB_P', 'EMB_P', 'EMB_P', 'EMB_P', 'EMB_P', 'EMB_P', 'EMB_P', 'EMB_P', 'EMB_P', 'EMB_P', 'EMB_P', 'EMB_P', 'EMB_P', 'EMB_P', 'EMB_P', 'EMB_P', 'EMB_P', 'EMB_P', 'EMB_P', 'EMB_P', 'EMB_P', 'EMB_P', 'EMB_P', 'EMB_P', 'EMB_P', 'EMB_P', 'EMB_P', 'EMB_P', 'EMB_P', 'EMB_P', 'EMB_P', 'EMB_P', 'EMB_P', 'EMB_P', 'EMB_P', 'EMB_P', 'EMB_P', 'EMB_P', 'EMB_P', 'EMB_P', 'EMB_P', 'EMB_P', 'EMB_P', 'EMB_P', 'EMB_P', 'EMB_P', 'EMB_P', 'EMB_P', 'EMB_P', 'EMB_P', 'EMB_P']","['EMB_O', 'EMB_O', 'EMB_O', 'EMB_O', 'EMB_O', 'EMB_O', 'EMB_O', 'EMB_O', 'EMB_O', 'EMB_O', 'OPN_B', 'OPN_I', 'OPN_I', 'OPN_I', 'OPN_I', 'OPN_I', 'OPN_I', 'OPN_E', 'EMB_O', 'EMB_O', 'EMB_P', 'EMB_P', 'EMB_P', 'EMB_P', 'EMB_P', 'EMB_P', 'EMB_P', 'EMB_P', 'EMB_P', 'EMB_P', 'EMB_P', 'EMB_P', 'EMB_P', 'EMB_P', 'EMB_P', 'EMB_P', 'EMB_P', 'EMB_P', 'EMB_P', 'EMB_P', 'EMB_P', 'EMB_P', 'EMB_P', 'EMB_P', 'EMB_P', 'EMB_P', 'EMB_P', 'EMB_P', 'EMB_P', 'EMB_P', 'EMB_P', 'EMB_P', 'EMB_P', 'EMB_P', 'EMB_P', 'EMB_P', 'EMB_P', 'EMB_P', 'EMB_P', 'EMB_P', 'EMB_P', 'EMB_P', 'EMB_P', 'EMB_P', 'EMB_P', 'EMB_P', 'EMB_P', 'EMB_P', 'EMB_P', 'EMB_P', 'EMB_P', 'EMB_P', 'EMB_P', 'EMB_P', 'EMB_P', 'EMB_P', 'EMB_P', 'EMB_P', 'EMB_P', 'EMB_P', 'EMB_P', 'EMB_P', 'EMB_P', 'EMB_P', 'EMB_P', 'EMB_P', 'EMB_P', 'EMB_P', 'EMB_P', 'EMB_P', 'EMB_P', 'EMB_P', 'EMB_P', 'EMB_P', 'EMB_P', 'EMB_P', 'EMB_P', 'EMB_P', 'EMB_P', 'EMB_P', 'EMB_P', 'EMB_P', 'EMB_P', 'EMB_P', 'EMB_P', 'EMB_P', 'EMB_P', 'EMB_P', 'EMB_P', 'EMB_P', 'EMB_P', 'EMB_P', 'EMB_P', 'EMB_P', 'EMB_P', 'EMB_P', 'EMB_P', 'EMB_P', 'EMB_P', 'EMB_P', 'EMB_P', 'EMB_P', 'EMB_P', 'EMB_P', 'EMB_P', 'EMB_P', 'EMB_P', 'EMB_P']"
357,співробітники,дружньо,30368:3_1221,"При в ході в паб, всі співробітники дружньо вітаються, далі мила дівчина офіціантка запропонувала нам пару столів на вибір.",6.83,6.17,"['EMB_O', 'EMB_O', 'EMB_O', 'EMB_O', 'EMB_O', 'EMB_O', 'EMB_O', 'EMB_O', 'EMB_O', 'ASP_B', 'ASP_I', 'ASP_I', 'ASP_I', 'ASP_I', 'ASP_I', 'ASP_E', 'EMB_O', 'EMB_O', 'EMB_O', 'EMB_O', 'EMB_O', 'EMB_O', 'EMB_O', 'EMB_O', 'EMB_O', 'EMB_O', 'EMB_O', 'EMB_O', 'EMB_O', 'EMB_O', 'EMB_O', 'EMB_O', 'EMB_O', 'EMB_O', 'EMB_O', 'EMB_O', 'EMB_O', 'EMB_O', 'EMB_O', 'EMB_O', 'EMB_O', 'EMB_O', 'EMB_O', 'EMB_O', 'EMB_O', 'EMB_O', 'EMB_O', 'EMB_O', 'EMB_O', 'EMB_P', 'EMB_P', 'EMB_P', 'EMB_P', 'EMB_P', 'EMB_P', 'EMB_P', 'EMB_P', 'EMB_P', 'EMB_P', 'EMB_P', 'EMB_P', 'EMB_P', 'EMB_P', 'EMB_P', 'EMB_P', 'EMB_P', 'EMB_P', 'EMB_P', 'EMB_P', 'EMB_P', 'EMB_P', 'EMB_P', 'EMB_P', 'EMB_P', 'EMB_P', 'EMB_P', 'EMB_P', 'EMB_P', 'EMB_P', 'EMB_P', 'EMB_P', 'EMB_P', 'EMB_P', 'EMB_P', 'EMB_P', 'EMB_P', 'EMB_P', 'EMB_P', 'EMB_P', 'EMB_P', 'EMB_P', 'EMB_P', 'EMB_P', 'EMB_P', 'EMB_P', 'EMB_P', 'EMB_P', 'EMB_P', 'EMB_P', 'EMB_P', 'EMB_P', 'EMB_P', 'EMB_P', 'EMB_P', 'EMB_P', 'EMB_P', 'EMB_P', 'EMB_P', 'EMB_P', 'EMB_P', 'EMB_P', 'EMB_P', 'EMB_P', 'EMB_P', 'EMB_P', 'EMB_P', 'EMB_P', 'EMB_P', 'EMB_P', 'EMB_P', 'EMB_P', 'EMB_P', 'EMB_P', 'EMB_P', 'EMB_P', 'EMB_P', 'EMB_P', 'EMB_P']","['EMB_O', 'EMB_O', 'EMB_O', 'EMB_O', 'EMB_O', 'EMB_O', 'EMB_O', 'EMB_O', 'EMB_O', 'EMB_O', 'EMB_O', 'EMB_O', 'EMB_O', 'EMB_O', 'EMB_O', 'EMB_O', 'OPN_B', 'OPN_I', 'OPN_I', 'OPN_E', 'EMB_O', 'EMB_O', 'EMB_O', 'EMB_O', 'EMB_O', 'EMB_O', 'EMB_O', 'EMB_O', 'EMB_O', 'EMB_O', 'EMB_O', 'EMB_O', 'EMB_O', 'EMB_O', 'EMB_O', 'EMB_O', 'EMB_O', 'EMB_O', 'EMB_O', 'EMB_O', 'EMB_O', 'EMB_O', 'EMB_O', 'EMB_O', 'EMB_O', 'EMB_O', 'EMB_O', 'EMB_O', 'EMB_O', 'EMB_P', 'EMB_P', 'EMB_P', 'EMB_P', 'EMB_P', 'EMB_P', 'EMB_P', 'EMB_P', 'EMB_P', 'EMB_P', 'EMB_P', 'EMB_P', 'EMB_P', 'EMB_P', 'EMB_P', 'EMB_P', 'EMB_P', 'EMB_P', 'EMB_P', 'EMB_P', 'EMB_P', 'EMB_P', 'EMB_P', 'EMB_P', 'EMB_P', 'EMB_P', 'EMB_P', 'EMB_P', 'EMB_P', 'EMB_P', 'EMB_P', 'EMB_P', 'EMB_P', 'EMB_P', 'EMB_P', 'EMB_P', 'EMB_P', 'EMB_P', 'EMB_P', 'EMB_P', 'EMB_P', 'EMB_P', 'EMB_P', 'EMB_P', 'EMB_P', 'EMB_P', 'EMB_P', 'EMB_P', 'EMB_P', 'EMB_P', 'EMB_P', 'EMB_P', 'EMB_P', 'EMB_P', 'EMB_P', 'EMB_P', 'EMB_P', 'EMB_P', 'EMB_P', 'EMB_P', 'EMB_P', 'EMB_P', 'EMB_P', 'EMB_P', 'EMB_P', 'EMB_P', 'EMB_P', 'EMB_P', 'EMB_P', 'EMB_P', 'EMB_P', 'EMB_P', 'EMB_P', 'EMB_P', 'EMB_P', 'EMB_P', 'EMB_P', 'EMB_P', 'EMB_P']"
358,дівчина офіціантка,мила,30368:3_1221,"При в ході в паб, всі співробітники дружньо вітаються, далі мила дівчина офіціантка запропонувала нам пару столів на вибір.",6.8,6.2,"['EMB_O', 'EMB_O', 'EMB_O', 'EMB_O', 'EMB_O', 'EMB_O', 'EMB_O', 'EMB_O', 'EMB_O', 'EMB_O', 'EMB_O', 'EMB_O', 'EMB_O', 'EMB_O', 'EMB_O', 'EMB_O', 'EMB_O', 'EMB_O', 'EMB_O', 'EMB_O', 'EMB_O', 'EMB_O', 'EMB_O', 'EMB_O', 'EMB_O', 'EMB_O', 'EMB_O', 'ASP_B', 'ASP_I', 'ASP_I', 'ASP_I', 'ASP_I', 'ASP_I', 'ASP_I', 'ASP_E', 'EMB_O', 'EMB_O', 'EMB_O', 'EMB_O', 'EMB_O', 'EMB_O', 'EMB_O', 'EMB_O', 'EMB_O', 'EMB_O', 'EMB_O', 'EMB_O', 'EMB_O', 'EMB_O', 'EMB_P', 'EMB_P', 'EMB_P', 'EMB_P', 'EMB_P', 'EMB_P', 'EMB_P', 'EMB_P', 'EMB_P', 'EMB_P', 'EMB_P', 'EMB_P', 'EMB_P', 'EMB_P', 'EMB_P', 'EMB_P', 'EMB_P', 'EMB_P', 'EMB_P', 'EMB_P', 'EMB_P', 'EMB_P', 'EMB_P', 'EMB_P', 'EMB_P', 'EMB_P', 'EMB_P', 'EMB_P', 'EMB_P', 'EMB_P', 'EMB_P', 'EMB_P', 'EMB_P', 'EMB_P', 'EMB_P', 'EMB_P', 'EMB_P', 'EMB_P', 'EMB_P', 'EMB_P', 'EMB_P', 'EMB_P', 'EMB_P', 'EMB_P', 'EMB_P', 'EMB_P', 'EMB_P', 'EMB_P', 'EMB_P', 'EMB_P', 'EMB_P', 'EMB_P', 'EMB_P', 'EMB_P', 'EMB_P', 'EMB_P', 'EMB_P', 'EMB_P', 'EMB_P', 'EMB_P', 'EMB_P', 'EMB_P', 'EMB_P', 'EMB_P', 'EMB_P', 'EMB_P', 'EMB_P', 'EMB_P', 'EMB_P', 'EMB_P', 'EMB_P', 'EMB_P', 'EMB_P', 'EMB_P', 'EMB_P', 'EMB_P', 'EMB_P', 'EMB_P', 'EMB_P']","['EMB_O', 'EMB_O', 'EMB_O', 'EMB_O', 'EMB_O', 'EMB_O', 'EMB_O', 'EMB_O', 'EMB_O', 'EMB_O', 'EMB_O', 'EMB_O', 'EMB_O', 'EMB_O', 'EMB_O', 'EMB_O', 'EMB_O', 'EMB_O', 'EMB_O', 'EMB_O', 'EMB_O', 'EMB_O', 'EMB_O', 'EMB_O', 'EMB_O', 'OPN_B', 'OPN_E', 'EMB_O', 'EMB_O', 'EMB_O', 'EMB_O', 'EMB_O', 'EMB_O', 'EMB_O', 'EMB_O', 'EMB_O', 'EMB_O', 'EMB_O', 'EMB_O', 'EMB_O', 'EMB_O', 'EMB_O', 'EMB_O', 'EMB_O', 'EMB_O', 'EMB_O', 'EMB_O', 'EMB_O', 'EMB_O', 'EMB_P', 'EMB_P', 'EMB_P', 'EMB_P', 'EMB_P', 'EMB_P', 'EMB_P', 'EMB_P', 'EMB_P', 'EMB_P', 'EMB_P', 'EMB_P', 'EMB_P', 'EMB_P', 'EMB_P', 'EMB_P', 'EMB_P', 'EMB_P', 'EMB_P', 'EMB_P', 'EMB_P', 'EMB_P', 'EMB_P', 'EMB_P', 'EMB_P', 'EMB_P', 'EMB_P', 'EMB_P', 'EMB_P', 'EMB_P', 'EMB_P', 'EMB_P', 'EMB_P', 'EMB_P', 'EMB_P', 'EMB_P', 'EMB_P', 'EMB_P', 'EMB_P', 'EMB_P', 'EMB_P', 'EMB_P', 'EMB_P', 'EMB_P', 'EMB_P', 'EMB_P', 'EMB_P', 'EMB_P', 'EMB_P', 'EMB_P', 'EMB_P', 'EMB_P', 'EMB_P', 'EMB_P', 'EMB_P', 'EMB_P', 'EMB_P', 'EMB_P', 'EMB_P', 'EMB_P', 'EMB_P', 'EMB_P', 'EMB_P', 'EMB_P', 'EMB_P', 'EMB_P', 'EMB_P', 'EMB_P', 'EMB_P', 'EMB_P', 'EMB_P', 'EMB_P', 'EMB_P', 'EMB_P', 'EMB_P', 'EMB_P', 'EMB_P', 'EMB_P', 'EMB_P']"
359,пива,дуже цікавий вибір,30368:4_1222,"Майже відразу нам подали меню, повідомивши, що у даного закладу дуже цікавий вибір пива, оскільки ми не були знайомі з асортиментом англійського пива, нам надали коментарі до потрібних позицій і навіть принесли невелику кількість на пробу, що безсумнівно приємно!",7.7,7.1,"['EMB_O', 'EMB_O', 'EMB_O', 'EMB_O', 'EMB_O', 'EMB_O', 'EMB_O', 'EMB_O', 'EMB_O', 'EMB_O', 'EMB_O', 'EMB_O', 'EMB_O', 'EMB_O', 'EMB_O', 'EMB_O', 'EMB_O', 'EMB_O', 'EMB_O', 'EMB_O', 'EMB_O', 'EMB_O', 'EMB_O', 'EMB_O', 'EMB_O', 'EMB_O', 'EMB_O', 'EMB_O', 'EMB_O', 'EMB_O', 'ASP_B', 'ASP_E', 'EMB_O', 'EMB_O', 'EMB_O', 'EMB_O', 'EMB_O', 'EMB_O', 'EMB_O', 'EMB_O', 'EMB_O', 'EMB_O', 'EMB_O', 'EMB_O', 'EMB_O', 'EMB_O', 'EMB_O', 'EMB_O', 'EMB_O', 'EMB_O', 'EMB_O', 'EMB_O', 'EMB_O', 'EMB_O', 'EMB_O', 'EMB_O', 'EMB_O', 'EMB_O', 'EMB_O', 'EMB_O', 'EMB_O', 'EMB_O', 'EMB_O', 'EMB_O', 'EMB_O', 'EMB_O', 'EMB_O', 'EMB_O', 'EMB_O', 'EMB_O', 'EMB_O', 'EMB_O', 'EMB_O', 'EMB_O', 'EMB_O', 'EMB_O', 'EMB_O', 'EMB_O', 'EMB_O', 'EMB_O', 'EMB_O', 'EMB_O', 'EMB_O', 'EMB_O', 'EMB_O', 'EMB_O', 'EMB_O', 'EMB_O', 'EMB_P', 'EMB_P', 'EMB_P', 'EMB_P', 'EMB_P', 'EMB_P', 'EMB_P', 'EMB_P', 'EMB_P', 'EMB_P', 'EMB_P', 'EMB_P', 'EMB_P', 'EMB_P', 'EMB_P', 'EMB_P', 'EMB_P', 'EMB_P', 'EMB_P', 'EMB_P', 'EMB_P', 'EMB_P', 'EMB_P', 'EMB_P', 'EMB_P', 'EMB_P', 'EMB_P', 'EMB_P', 'EMB_P', 'EMB_P', 'EMB_P', 'EMB_P', 'EMB_P', 'EMB_P', 'EMB_P', 'EMB_P', 'EMB_P', 'EMB_P', 'EMB_P', 'EMB_P']","['EMB_O', 'EMB_O', 'EMB_O', 'EMB_O', 'EMB_O', 'EMB_O', 'EMB_O', 'EMB_O', 'EMB_O', 'EMB_O', 'EMB_O', 'EMB_O', 'EMB_O', 'EMB_O', 'EMB_O', 'EMB_O', 'EMB_O', 'EMB_O', 'EMB_O', 'EMB_O', 'EMB_O', 'EMB_O', 'EMB_O', 'EMB_O', 'OPN_B', 'OPN_I', 'OPN_I', 'OPN_I', 'OPN_I', 'OPN_E', 'EMB_O', 'EMB_O', 'EMB_O', 'EMB_O', 'EMB_O', 'EMB_O', 'EMB_O', 'EMB_O', 'EMB_O', 'EMB_O', 'EMB_O', 'EMB_O', 'EMB_O', 'EMB_O', 'EMB_O', 'EMB_O', 'EMB_O', 'EMB_O', 'EMB_O', 'EMB_O', 'EMB_O', 'EMB_O', 'EMB_O', 'EMB_O', 'EMB_O', 'EMB_O', 'EMB_O', 'EMB_O', 'EMB_O', 'EMB_O', 'EMB_O', 'EMB_O', 'EMB_O', 'EMB_O', 'EMB_O', 'EMB_O', 'EMB_O', 'EMB_O', 'EMB_O', 'EMB_O', 'EMB_O', 'EMB_O', 'EMB_O', 'EMB_O', 'EMB_O', 'EMB_O', 'EMB_O', 'EMB_O', 'EMB_O', 'EMB_O', 'EMB_O', 'EMB_O', 'EMB_O', 'EMB_O', 'EMB_O', 'EMB_O', 'EMB_O', 'EMB_O', 'EMB_P', 'EMB_P', 'EMB_P', 'EMB_P', 'EMB_P', 'EMB_P', 'EMB_P', 'EMB_P', 'EMB_P', 'EMB_P', 'EMB_P', 'EMB_P', 'EMB_P', 'EMB_P', 'EMB_P', 'EMB_P', 'EMB_P', 'EMB_P', 'EMB_P', 'EMB_P', 'EMB_P', 'EMB_P', 'EMB_P', 'EMB_P', 'EMB_P', 'EMB_P', 'EMB_P', 'EMB_P', 'EMB_P', 'EMB_P', 'EMB_P', 'EMB_P', 'EMB_P', 'EMB_P', 'EMB_P', 'EMB_P', 'EMB_P', 'EMB_P', 'EMB_P', 'EMB_P']"
360,пиво,за смаком,30368:5_1223,"Перепробували майже весь пивний ряд, кожен знайшов пиво за смаком.",7.25,6.62,"['EMB_O', 'EMB_O', 'EMB_O', 'EMB_O', 'EMB_O', 'EMB_O', 'EMB_O', 'EMB_O', 'EMB_O', 'EMB_O', 'EMB_O', 'EMB_O', 'EMB_O', 'EMB_O', 'EMB_O', 'EMB_O', 'ASP_B', 'ASP_E', 'EMB_O', 'EMB_O', 'EMB_O', 'EMB_O', 'EMB_O', 'EMB_O', 'EMB_P', 'EMB_P', 'EMB_P', 'EMB_P', 'EMB_P', 'EMB_P', 'EMB_P', 'EMB_P', 'EMB_P', 'EMB_P', 'EMB_P', 'EMB_P', 'EMB_P', 'EMB_P', 'EMB_P', 'EMB_P', 'EMB_P', 'EMB_P', 'EMB_P', 'EMB_P', 'EMB_P', 'EMB_P', 'EMB_P', 'EMB_P', 'EMB_P', 'EMB_P', 'EMB_P', 'EMB_P', 'EMB_P', 'EMB_P', 'EMB_P', 'EMB_P', 'EMB_P', 'EMB_P', 'EMB_P', 'EMB_P', 'EMB_P', 'EMB_P', 'EMB_P', 'EMB_P', 'EMB_P', 'EMB_P', 'EMB_P', 'EMB_P', 'EMB_P', 'EMB_P', 'EMB_P', 'EMB_P', 'EMB_P', 'EMB_P', 'EMB_P', 'EMB_P', 'EMB_P', 'EMB_P', 'EMB_P', 'EMB_P', 'EMB_P', 'EMB_P', 'EMB_P', 'EMB_P', 'EMB_P', 'EMB_P', 'EMB_P', 'EMB_P', 'EMB_P', 'EMB_P', 'EMB_P', 'EMB_P', 'EMB_P', 'EMB_P', 'EMB_P', 'EMB_P', 'EMB_P', 'EMB_P', 'EMB_P', 'EMB_P', 'EMB_P', 'EMB_P', 'EMB_P', 'EMB_P', 'EMB_P', 'EMB_P', 'EMB_P', 'EMB_P', 'EMB_P', 'EMB_P', 'EMB_P', 'EMB_P', 'EMB_P', 'EMB_P', 'EMB_P', 'EMB_P', 'EMB_P', 'EMB_P', 'EMB_P', 'EMB_P', 'EMB_P', 'EMB_P', 'EMB_P', 'EMB_P', 'EMB_P', 'EMB_P', 'EMB_P', 'EMB_P']","['EMB_O', 'EMB_O', 'EMB_O', 'EMB_O', 'EMB_O', 'EMB_O', 'EMB_O', 'EMB_O', 'EMB_O', 'EMB_O', 'EMB_O', 'EMB_O', 'EMB_O', 'EMB_O', 'EMB_O', 'EMB_O', 'EMB_O', 'EMB_O', 'OPN_B', 'OPN_I', 'OPN_I', 'OPN_E', 'EMB_O', 'EMB_O', 'EMB_P', 'EMB_P', 'EMB_P', 'EMB_P', 'EMB_P', 'EMB_P', 'EMB_P', 'EMB_P', 'EMB_P', 'EMB_P', 'EMB_P', 'EMB_P', 'EMB_P', 'EMB_P', 'EMB_P', 'EMB_P', 'EMB_P', 'EMB_P', 'EMB_P', 'EMB_P', 'EMB_P', 'EMB_P', 'EMB_P', 'EMB_P', 'EMB_P', 'EMB_P', 'EMB_P', 'EMB_P', 'EMB_P', 'EMB_P', 'EMB_P', 'EMB_P', 'EMB_P', 'EMB_P', 'EMB_P', 'EMB_P', 'EMB_P', 'EMB_P', 'EMB_P', 'EMB_P', 'EMB_P', 'EMB_P', 'EMB_P', 'EMB_P', 'EMB_P', 'EMB_P', 'EMB_P', 'EMB_P', 'EMB_P', 'EMB_P', 'EMB_P', 'EMB_P', 'EMB_P', 'EMB_P', 'EMB_P', 'EMB_P', 'EMB_P', 'EMB_P', 'EMB_P', 'EMB_P', 'EMB_P', 'EMB_P', 'EMB_P', 'EMB_P', 'EMB_P', 'EMB_P', 'EMB_P', 'EMB_P', 'EMB_P', 'EMB_P', 'EMB_P', 'EMB_P', 'EMB_P', 'EMB_P', 'EMB_P', 'EMB_P', 'EMB_P', 'EMB_P', 'EMB_P', 'EMB_P', 'EMB_P', 'EMB_P', 'EMB_P', 'EMB_P', 'EMB_P', 'EMB_P', 'EMB_P', 'EMB_P', 'EMB_P', 'EMB_P', 'EMB_P', 'EMB_P', 'EMB_P', 'EMB_P', 'EMB_P', 'EMB_P', 'EMB_P', 'EMB_P', 'EMB_P', 'EMB_P', 'EMB_P', 'EMB_P', 'EMB_P', 'EMB_P']"
361,Кухня,порадувала,30368:6_1224,"Кухня порадувала, велика пивна тарілка, дійсно виявилася великою і смачною!",7.1,6.6,"['EMB_O', 'ASP_B', 'ASP_I', 'ASP_E', 'EMB_O', 'EMB_O', 'EMB_O', 'EMB_O', 'EMB_O', 'EMB_O', 'EMB_O', 'EMB_O', 'EMB_O', 'EMB_O', 'EMB_O', 'EMB_O', 'EMB_O', 'EMB_O', 'EMB_O', 'EMB_O', 'EMB_O', 'EMB_O', 'EMB_O', 'EMB_O', 'EMB_O', 'EMB_O', 'EMB_O', 'EMB_O', 'EMB_P', 'EMB_P', 'EMB_P', 'EMB_P', 'EMB_P', 'EMB_P', 'EMB_P', 'EMB_P', 'EMB_P', 'EMB_P', 'EMB_P', 'EMB_P', 'EMB_P', 'EMB_P', 'EMB_P', 'EMB_P', 'EMB_P', 'EMB_P', 'EMB_P', 'EMB_P', 'EMB_P', 'EMB_P', 'EMB_P', 'EMB_P', 'EMB_P', 'EMB_P', 'EMB_P', 'EMB_P', 'EMB_P', 'EMB_P', 'EMB_P', 'EMB_P', 'EMB_P', 'EMB_P', 'EMB_P', 'EMB_P', 'EMB_P', 'EMB_P', 'EMB_P', 'EMB_P', 'EMB_P', 'EMB_P', 'EMB_P', 'EMB_P', 'EMB_P', 'EMB_P', 'EMB_P', 'EMB_P', 'EMB_P', 'EMB_P', 'EMB_P', 'EMB_P', 'EMB_P', 'EMB_P', 'EMB_P', 'EMB_P', 'EMB_P', 'EMB_P', 'EMB_P', 'EMB_P', 'EMB_P', 'EMB_P', 'EMB_P', 'EMB_P', 'EMB_P', 'EMB_P', 'EMB_P', 'EMB_P', 'EMB_P', 'EMB_P', 'EMB_P', 'EMB_P', 'EMB_P', 'EMB_P', 'EMB_P', 'EMB_P', 'EMB_P', 'EMB_P', 'EMB_P', 'EMB_P', 'EMB_P', 'EMB_P', 'EMB_P', 'EMB_P', 'EMB_P', 'EMB_P', 'EMB_P', 'EMB_P', 'EMB_P', 'EMB_P', 'EMB_P', 'EMB_P', 'EMB_P', 'EMB_P', 'EMB_P', 'EMB_P', 'EMB_P', 'EMB_P', 'EMB_P', 'EMB_P']","['EMB_O', 'EMB_O', 'EMB_O', 'EMB_O', 'OPN_B', 'OPN_I', 'OPN_E', 'EMB_O', 'EMB_O', 'EMB_O', 'EMB_O', 'EMB_O', 'EMB_O', 'EMB_O', 'EMB_O', 'EMB_O', 'EMB_O', 'EMB_O', 'EMB_O', 'EMB_O', 'EMB_O', 'EMB_O', 'EMB_O', 'EMB_O', 'EMB_O', 'EMB_O', 'EMB_O', 'EMB_O', 'EMB_P', 'EMB_P', 'EMB_P', 'EMB_P', 'EMB_P', 'EMB_P', 'EMB_P', 'EMB_P', 'EMB_P', 'EMB_P', 'EMB_P', 'EMB_P', 'EMB_P', 'EMB_P', 'EMB_P', 'EMB_P', 'EMB_P', 'EMB_P', 'EMB_P', 'EMB_P', 'EMB_P', 'EMB_P', 'EMB_P', 'EMB_P', 'EMB_P', 'EMB_P', 'EMB_P', 'EMB_P', 'EMB_P', 'EMB_P', 'EMB_P', 'EMB_P', 'EMB_P', 'EMB_P', 'EMB_P', 'EMB_P', 'EMB_P', 'EMB_P', 'EMB_P', 'EMB_P', 'EMB_P', 'EMB_P', 'EMB_P', 'EMB_P', 'EMB_P', 'EMB_P', 'EMB_P', 'EMB_P', 'EMB_P', 'EMB_P', 'EMB_P', 'EMB_P', 'EMB_P', 'EMB_P', 'EMB_P', 'EMB_P', 'EMB_P', 'EMB_P', 'EMB_P', 'EMB_P', 'EMB_P', 'EMB_P', 'EMB_P', 'EMB_P', 'EMB_P', 'EMB_P', 'EMB_P', 'EMB_P', 'EMB_P', 'EMB_P', 'EMB_P', 'EMB_P', 'EMB_P', 'EMB_P', 'EMB_P', 'EMB_P', 'EMB_P', 'EMB_P', 'EMB_P', 'EMB_P', 'EMB_P', 'EMB_P', 'EMB_P', 'EMB_P', 'EMB_P', 'EMB_P', 'EMB_P', 'EMB_P', 'EMB_P', 'EMB_P', 'EMB_P', 'EMB_P', 'EMB_P', 'EMB_P', 'EMB_P', 'EMB_P', 'EMB_P', 'EMB_P', 'EMB_P', 'EMB_P']"
362,пивна тарілка,смачною,30368:6_1224,"Кухня порадувала, велика пивна тарілка, дійсно виявилася великою і смачною!",7.0,6.33,"['EMB_O', 'EMB_O', 'EMB_O', 'EMB_O', 'EMB_O', 'EMB_O', 'EMB_O', 'EMB_O', 'EMB_O', 'ASP_B', 'ASP_I', 'ASP_I', 'ASP_I', 'ASP_E', 'EMB_O', 'EMB_O', 'EMB_O', 'EMB_O', 'EMB_O', 'EMB_O', 'EMB_O', 'EMB_O', 'EMB_O', 'EMB_O', 'EMB_O', 'EMB_O', 'EMB_O', 'EMB_O', 'EMB_P', 'EMB_P', 'EMB_P', 'EMB_P', 'EMB_P', 'EMB_P', 'EMB_P', 'EMB_P', 'EMB_P', 'EMB_P', 'EMB_P', 'EMB_P', 'EMB_P', 'EMB_P', 'EMB_P', 'EMB_P', 'EMB_P', 'EMB_P', 'EMB_P', 'EMB_P', 'EMB_P', 'EMB_P', 'EMB_P', 'EMB_P', 'EMB_P', 'EMB_P', 'EMB_P', 'EMB_P', 'EMB_P', 'EMB_P', 'EMB_P', 'EMB_P', 'EMB_P', 'EMB_P', 'EMB_P', 'EMB_P', 'EMB_P', 'EMB_P', 'EMB_P', 'EMB_P', 'EMB_P', 'EMB_P', 'EMB_P', 'EMB_P', 'EMB_P', 'EMB_P', 'EMB_P', 'EMB_P', 'EMB_P', 'EMB_P', 'EMB_P', 'EMB_P', 'EMB_P', 'EMB_P', 'EMB_P', 'EMB_P', 'EMB_P', 'EMB_P', 'EMB_P', 'EMB_P', 'EMB_P', 'EMB_P', 'EMB_P', 'EMB_P', 'EMB_P', 'EMB_P', 'EMB_P', 'EMB_P', 'EMB_P', 'EMB_P', 'EMB_P', 'EMB_P', 'EMB_P', 'EMB_P', 'EMB_P', 'EMB_P', 'EMB_P', 'EMB_P', 'EMB_P', 'EMB_P', 'EMB_P', 'EMB_P', 'EMB_P', 'EMB_P', 'EMB_P', 'EMB_P', 'EMB_P', 'EMB_P', 'EMB_P', 'EMB_P', 'EMB_P', 'EMB_P', 'EMB_P', 'EMB_P', 'EMB_P', 'EMB_P', 'EMB_P', 'EMB_P', 'EMB_P', 'EMB_P']","['EMB_O', 'EMB_O', 'EMB_O', 'EMB_O', 'EMB_O', 'EMB_O', 'EMB_O', 'EMB_O', 'EMB_O', 'EMB_O', 'EMB_O', 'EMB_O', 'EMB_O', 'EMB_O', 'EMB_O', 'EMB_O', 'EMB_O', 'EMB_O', 'EMB_O', 'EMB_O', 'EMB_O', 'EMB_O', 'EMB_O', 'OPN_B', 'OPN_I', 'OPN_E', 'EMB_O', 'EMB_O', 'EMB_P', 'EMB_P', 'EMB_P', 'EMB_P', 'EMB_P', 'EMB_P', 'EMB_P', 'EMB_P', 'EMB_P', 'EMB_P', 'EMB_P', 'EMB_P', 'EMB_P', 'EMB_P', 'EMB_P', 'EMB_P', 'EMB_P', 'EMB_P', 'EMB_P', 'EMB_P', 'EMB_P', 'EMB_P', 'EMB_P', 'EMB_P', 'EMB_P', 'EMB_P', 'EMB_P', 'EMB_P', 'EMB_P', 'EMB_P', 'EMB_P', 'EMB_P', 'EMB_P', 'EMB_P', 'EMB_P', 'EMB_P', 'EMB_P', 'EMB_P', 'EMB_P', 'EMB_P', 'EMB_P', 'EMB_P', 'EMB_P', 'EMB_P', 'EMB_P', 'EMB_P', 'EMB_P', 'EMB_P', 'EMB_P', 'EMB_P', 'EMB_P', 'EMB_P', 'EMB_P', 'EMB_P', 'EMB_P', 'EMB_P', 'EMB_P', 'EMB_P', 'EMB_P', 'EMB_P', 'EMB_P', 'EMB_P', 'EMB_P', 'EMB_P', 'EMB_P', 'EMB_P', 'EMB_P', 'EMB_P', 'EMB_P', 'EMB_P', 'EMB_P', 'EMB_P', 'EMB_P', 'EMB_P', 'EMB_P', 'EMB_P', 'EMB_P', 'EMB_P', 'EMB_P', 'EMB_P', 'EMB_P', 'EMB_P', 'EMB_P', 'EMB_P', 'EMB_P', 'EMB_P', 'EMB_P', 'EMB_P', 'EMB_P', 'EMB_P', 'EMB_P', 'EMB_P', 'EMB_P', 'EMB_P', 'EMB_P', 'EMB_P', 'EMB_P', 'EMB_P', 'EMB_P', 'EMB_P']"
363,закуски,зовсім не банальні,30368:7_1225,Різноманітні закуски зовсім не банальні як в більшості закладів.,7.5,6.62,"['EMB_O', 'EMB_O', 'EMB_O', 'EMB_O', 'EMB_O', 'EMB_O', 'ASP_B', 'ASP_I', 'ASP_E', 'EMB_O', 'EMB_O', 'EMB_O', 'EMB_O', 'EMB_O', 'EMB_O', 'EMB_O', 'EMB_O', 'EMB_O', 'EMB_O', 'EMB_O', 'EMB_O', 'EMB_O', 'EMB_O', 'EMB_P', 'EMB_P', 'EMB_P', 'EMB_P', 'EMB_P', 'EMB_P', 'EMB_P', 'EMB_P', 'EMB_P', 'EMB_P', 'EMB_P', 'EMB_P', 'EMB_P', 'EMB_P', 'EMB_P', 'EMB_P', 'EMB_P', 'EMB_P', 'EMB_P', 'EMB_P', 'EMB_P', 'EMB_P', 'EMB_P', 'EMB_P', 'EMB_P', 'EMB_P', 'EMB_P', 'EMB_P', 'EMB_P', 'EMB_P', 'EMB_P', 'EMB_P', 'EMB_P', 'EMB_P', 'EMB_P', 'EMB_P', 'EMB_P', 'EMB_P', 'EMB_P', 'EMB_P', 'EMB_P', 'EMB_P', 'EMB_P', 'EMB_P', 'EMB_P', 'EMB_P', 'EMB_P', 'EMB_P', 'EMB_P', 'EMB_P', 'EMB_P', 'EMB_P', 'EMB_P', 'EMB_P', 'EMB_P', 'EMB_P', 'EMB_P', 'EMB_P', 'EMB_P', 'EMB_P', 'EMB_P', 'EMB_P', 'EMB_P', 'EMB_P', 'EMB_P', 'EMB_P', 'EMB_P', 'EMB_P', 'EMB_P', 'EMB_P', 'EMB_P', 'EMB_P', 'EMB_P', 'EMB_P', 'EMB_P', 'EMB_P', 'EMB_P', 'EMB_P', 'EMB_P', 'EMB_P', 'EMB_P', 'EMB_P', 'EMB_P', 'EMB_P', 'EMB_P', 'EMB_P', 'EMB_P', 'EMB_P', 'EMB_P', 'EMB_P', 'EMB_P', 'EMB_P', 'EMB_P', 'EMB_P', 'EMB_P', 'EMB_P', 'EMB_P', 'EMB_P', 'EMB_P', 'EMB_P', 'EMB_P', 'EMB_P', 'EMB_P', 'EMB_P', 'EMB_P']","['EMB_O', 'EMB_O', 'EMB_O', 'EMB_O', 'EMB_O', 'EMB_O', 'EMB_O', 'EMB_O', 'EMB_O', 'OPN_B', 'OPN_I', 'OPN_I', 'OPN_I', 'OPN_I', 'OPN_I', 'OPN_E', 'EMB_O', 'EMB_O', 'EMB_O', 'EMB_O', 'EMB_O', 'EMB_O', 'EMB_O', 'EMB_P', 'EMB_P', 'EMB_P', 'EMB_P', 'EMB_P', 'EMB_P', 'EMB_P', 'EMB_P', 'EMB_P', 'EMB_P', 'EMB_P', 'EMB_P', 'EMB_P', 'EMB_P', 'EMB_P', 'EMB_P', 'EMB_P', 'EMB_P', 'EMB_P', 'EMB_P', 'EMB_P', 'EMB_P', 'EMB_P', 'EMB_P', 'EMB_P', 'EMB_P', 'EMB_P', 'EMB_P', 'EMB_P', 'EMB_P', 'EMB_P', 'EMB_P', 'EMB_P', 'EMB_P', 'EMB_P', 'EMB_P', 'EMB_P', 'EMB_P', 'EMB_P', 'EMB_P', 'EMB_P', 'EMB_P', 'EMB_P', 'EMB_P', 'EMB_P', 'EMB_P', 'EMB_P', 'EMB_P', 'EMB_P', 'EMB_P', 'EMB_P', 'EMB_P', 'EMB_P', 'EMB_P', 'EMB_P', 'EMB_P', 'EMB_P', 'EMB_P', 'EMB_P', 'EMB_P', 'EMB_P', 'EMB_P', 'EMB_P', 'EMB_P', 'EMB_P', 'EMB_P', 'EMB_P', 'EMB_P', 'EMB_P', 'EMB_P', 'EMB_P', 'EMB_P', 'EMB_P', 'EMB_P', 'EMB_P', 'EMB_P', 'EMB_P', 'EMB_P', 'EMB_P', 'EMB_P', 'EMB_P', 'EMB_P', 'EMB_P', 'EMB_P', 'EMB_P', 'EMB_P', 'EMB_P', 'EMB_P', 'EMB_P', 'EMB_P', 'EMB_P', 'EMB_P', 'EMB_P', 'EMB_P', 'EMB_P', 'EMB_P', 'EMB_P', 'EMB_P', 'EMB_P', 'EMB_P', 'EMB_P', 'EMB_P', 'EMB_P', 'EMB_P', 'EMB_P']"
364,гарячих страв,можу порадити,30368:8_1226,"З гарячих страв можу порадити Фіш & Чіпс, Стрейк Нью-Йорк.",7.17,6.0,"['EMB_O', 'EMB_O', 'ASP_B', 'ASP_I', 'ASP_I', 'ASP_I', 'ASP_E', 'EMB_O', 'EMB_O', 'EMB_O', 'EMB_O', 'EMB_O', 'EMB_O', 'EMB_O', 'EMB_O', 'EMB_O', 'EMB_O', 'EMB_O', 'EMB_O', 'EMB_O', 'EMB_O', 'EMB_O', 'EMB_O', 'EMB_O', 'EMB_O', 'EMB_O', 'EMB_O', 'EMB_O', 'EMB_O', 'EMB_P', 'EMB_P', 'EMB_P', 'EMB_P', 'EMB_P', 'EMB_P', 'EMB_P', 'EMB_P', 'EMB_P', 'EMB_P', 'EMB_P', 'EMB_P', 'EMB_P', 'EMB_P', 'EMB_P', 'EMB_P', 'EMB_P', 'EMB_P', 'EMB_P', 'EMB_P', 'EMB_P', 'EMB_P', 'EMB_P', 'EMB_P', 'EMB_P', 'EMB_P', 'EMB_P', 'EMB_P', 'EMB_P', 'EMB_P', 'EMB_P', 'EMB_P', 'EMB_P', 'EMB_P', 'EMB_P', 'EMB_P', 'EMB_P', 'EMB_P', 'EMB_P', 'EMB_P', 'EMB_P', 'EMB_P', 'EMB_P', 'EMB_P', 'EMB_P', 'EMB_P', 'EMB_P', 'EMB_P', 'EMB_P', 'EMB_P', 'EMB_P', 'EMB_P', 'EMB_P', 'EMB_P', 'EMB_P', 'EMB_P', 'EMB_P', 'EMB_P', 'EMB_P', 'EMB_P', 'EMB_P', 'EMB_P', 'EMB_P', 'EMB_P', 'EMB_P', 'EMB_P', 'EMB_P', 'EMB_P', 'EMB_P', 'EMB_P', 'EMB_P', 'EMB_P', 'EMB_P', 'EMB_P', 'EMB_P', 'EMB_P', 'EMB_P', 'EMB_P', 'EMB_P', 'EMB_P', 'EMB_P', 'EMB_P', 'EMB_P', 'EMB_P', 'EMB_P', 'EMB_P', 'EMB_P', 'EMB_P', 'EMB_P', 'EMB_P', 'EMB_P', 'EMB_P', 'EMB_P', 'EMB_P', 'EMB_P', 'EMB_P', 'EMB_P', 'EMB_P', 'EMB_P']","['EMB_O', 'EMB_O', 'EMB_O', 'EMB_O', 'EMB_O', 'EMB_O', 'EMB_O', 'OPN_B', 'OPN_I', 'OPN_I', 'OPN_I', 'OPN_E', 'EMB_O', 'EMB_O', 'EMB_O', 'EMB_O', 'EMB_O', 'EMB_O', 'EMB_O', 'EMB_O', 'EMB_O', 'EMB_O', 'EMB_O', 'EMB_O', 'EMB_O', 'EMB_O', 'EMB_O', 'EMB_O', 'EMB_O', 'EMB_P', 'EMB_P', 'EMB_P', 'EMB_P', 'EMB_P', 'EMB_P', 'EMB_P', 'EMB_P', 'EMB_P', 'EMB_P', 'EMB_P', 'EMB_P', 'EMB_P', 'EMB_P', 'EMB_P', 'EMB_P', 'EMB_P', 'EMB_P', 'EMB_P', 'EMB_P', 'EMB_P', 'EMB_P', 'EMB_P', 'EMB_P', 'EMB_P', 'EMB_P', 'EMB_P', 'EMB_P', 'EMB_P', 'EMB_P', 'EMB_P', 'EMB_P', 'EMB_P', 'EMB_P', 'EMB_P', 'EMB_P', 'EMB_P', 'EMB_P', 'EMB_P', 'EMB_P', 'EMB_P', 'EMB_P', 'EMB_P', 'EMB_P', 'EMB_P', 'EMB_P', 'EMB_P', 'EMB_P', 'EMB_P', 'EMB_P', 'EMB_P', 'EMB_P', 'EMB_P', 'EMB_P', 'EMB_P', 'EMB_P', 'EMB_P', 'EMB_P', 'EMB_P', 'EMB_P', 'EMB_P', 'EMB_P', 'EMB_P', 'EMB_P', 'EMB_P', 'EMB_P', 'EMB_P', 'EMB_P', 'EMB_P', 'EMB_P', 'EMB_P', 'EMB_P', 'EMB_P', 'EMB_P', 'EMB_P', 'EMB_P', 'EMB_P', 'EMB_P', 'EMB_P', 'EMB_P', 'EMB_P', 'EMB_P', 'EMB_P', 'EMB_P', 'EMB_P', 'EMB_P', 'EMB_P', 'EMB_P', 'EMB_P', 'EMB_P', 'EMB_P', 'EMB_P', 'EMB_P', 'EMB_P', 'EMB_P', 'EMB_P', 'EMB_P', 'EMB_P', 'EMB_P']"
365,Фіш & Чіпс,можу порадити,30368:8_1226,"З гарячих страв можу порадити Фіш & Чіпс, Стрейк Нью-Йорк.",7.17,6.0,"['EMB_O', 'EMB_O', 'EMB_O', 'EMB_O', 'EMB_O', 'EMB_O', 'EMB_O', 'EMB_O', 'EMB_O', 'EMB_O', 'EMB_O', 'EMB_O', 'ASP_B', 'ASP_I', 'ASP_I', 'ASP_I', 'ASP_I', 'ASP_I', 'ASP_E', 'EMB_O', 'EMB_O', 'EMB_O', 'EMB_O', 'EMB_O', 'EMB_O', 'EMB_O', 'EMB_O', 'EMB_O', 'EMB_O', 'EMB_P', 'EMB_P', 'EMB_P', 'EMB_P', 'EMB_P', 'EMB_P', 'EMB_P', 'EMB_P', 'EMB_P', 'EMB_P', 'EMB_P', 'EMB_P', 'EMB_P', 'EMB_P', 'EMB_P', 'EMB_P', 'EMB_P', 'EMB_P', 'EMB_P', 'EMB_P', 'EMB_P', 'EMB_P', 'EMB_P', 'EMB_P', 'EMB_P', 'EMB_P', 'EMB_P', 'EMB_P', 'EMB_P', 'EMB_P', 'EMB_P', 'EMB_P', 'EMB_P', 'EMB_P', 'EMB_P', 'EMB_P', 'EMB_P', 'EMB_P', 'EMB_P', 'EMB_P', 'EMB_P', 'EMB_P', 'EMB_P', 'EMB_P', 'EMB_P', 'EMB_P', 'EMB_P', 'EMB_P', 'EMB_P', 'EMB_P', 'EMB_P', 'EMB_P', 'EMB_P', 'EMB_P', 'EMB_P', 'EMB_P', 'EMB_P', 'EMB_P', 'EMB_P', 'EMB_P', 'EMB_P', 'EMB_P', 'EMB_P', 'EMB_P', 'EMB_P', 'EMB_P', 'EMB_P', 'EMB_P', 'EMB_P', 'EMB_P', 'EMB_P', 'EMB_P', 'EMB_P', 'EMB_P', 'EMB_P', 'EMB_P', 'EMB_P', 'EMB_P', 'EMB_P', 'EMB_P', 'EMB_P', 'EMB_P', 'EMB_P', 'EMB_P', 'EMB_P', 'EMB_P', 'EMB_P', 'EMB_P', 'EMB_P', 'EMB_P', 'EMB_P', 'EMB_P', 'EMB_P', 'EMB_P', 'EMB_P', 'EMB_P', 'EMB_P', 'EMB_P', 'EMB_P']","['EMB_O', 'EMB_O', 'EMB_O', 'EMB_O', 'EMB_O', 'EMB_O', 'EMB_O', 'OPN_B', 'OPN_I', 'OPN_I', 'OPN_I', 'OPN_E', 'EMB_O', 'EMB_O', 'EMB_O', 'EMB_O', 'EMB_O', 'EMB_O', 'EMB_O', 'EMB_O', 'EMB_O', 'EMB_O', 'EMB_O', 'EMB_O', 'EMB_O', 'EMB_O', 'EMB_O', 'EMB_O', 'EMB_O', 'EMB_P', 'EMB_P', 'EMB_P', 'EMB_P', 'EMB_P', 'EMB_P', 'EMB_P', 'EMB_P', 'EMB_P', 'EMB_P', 'EMB_P', 'EMB_P', 'EMB_P', 'EMB_P', 'EMB_P', 'EMB_P', 'EMB_P', 'EMB_P', 'EMB_P', 'EMB_P', 'EMB_P', 'EMB_P', 'EMB_P', 'EMB_P', 'EMB_P', 'EMB_P', 'EMB_P', 'EMB_P', 'EMB_P', 'EMB_P', 'EMB_P', 'EMB_P', 'EMB_P', 'EMB_P', 'EMB_P', 'EMB_P', 'EMB_P', 'EMB_P', 'EMB_P', 'EMB_P', 'EMB_P', 'EMB_P', 'EMB_P', 'EMB_P', 'EMB_P', 'EMB_P', 'EMB_P', 'EMB_P', 'EMB_P', 'EMB_P', 'EMB_P', 'EMB_P', 'EMB_P', 'EMB_P', 'EMB_P', 'EMB_P', 'EMB_P', 'EMB_P', 'EMB_P', 'EMB_P', 'EMB_P', 'EMB_P', 'EMB_P', 'EMB_P', 'EMB_P', 'EMB_P', 'EMB_P', 'EMB_P', 'EMB_P', 'EMB_P', 'EMB_P', 'EMB_P', 'EMB_P', 'EMB_P', 'EMB_P', 'EMB_P', 'EMB_P', 'EMB_P', 'EMB_P', 'EMB_P', 'EMB_P', 'EMB_P', 'EMB_P', 'EMB_P', 'EMB_P', 'EMB_P', 'EMB_P', 'EMB_P', 'EMB_P', 'EMB_P', 'EMB_P', 'EMB_P', 'EMB_P', 'EMB_P', 'EMB_P', 'EMB_P', 'EMB_P', 'EMB_P', 'EMB_P']"
366,Стрейк Нью-Йорк,можу порадити,30368:8_1226,"З гарячих страв можу порадити Фіш & Чіпс, Стрейк Нью-Йорк.",7.17,6.0,"['EMB_O', 'EMB_O', 'EMB_O', 'EMB_O', 'EMB_O', 'EMB_O', 'EMB_O', 'EMB_O', 'EMB_O', 'EMB_O', 'EMB_O', 'EMB_O', 'EMB_O', 'EMB_O', 'EMB_O', 'EMB_O', 'EMB_O', 'EMB_O', 'EMB_O', 'EMB_O', 'ASP_B', 'ASP_I', 'ASP_I', 'ASP_I', 'ASP_I', 'ASP_I', 'ASP_E', 'EMB_O', 'EMB_O', 'EMB_P', 'EMB_P', 'EMB_P', 'EMB_P', 'EMB_P', 'EMB_P', 'EMB_P', 'EMB_P', 'EMB_P', 'EMB_P', 'EMB_P', 'EMB_P', 'EMB_P', 'EMB_P', 'EMB_P', 'EMB_P', 'EMB_P', 'EMB_P', 'EMB_P', 'EMB_P', 'EMB_P', 'EMB_P', 'EMB_P', 'EMB_P', 'EMB_P', 'EMB_P', 'EMB_P', 'EMB_P', 'EMB_P', 'EMB_P', 'EMB_P', 'EMB_P', 'EMB_P', 'EMB_P', 'EMB_P', 'EMB_P', 'EMB_P', 'EMB_P', 'EMB_P', 'EMB_P', 'EMB_P', 'EMB_P', 'EMB_P', 'EMB_P', 'EMB_P', 'EMB_P', 'EMB_P', 'EMB_P', 'EMB_P', 'EMB_P', 'EMB_P', 'EMB_P', 'EMB_P', 'EMB_P', 'EMB_P', 'EMB_P', 'EMB_P', 'EMB_P', 'EMB_P', 'EMB_P', 'EMB_P', 'EMB_P', 'EMB_P', 'EMB_P', 'EMB_P', 'EMB_P', 'EMB_P', 'EMB_P', 'EMB_P', 'EMB_P', 'EMB_P', 'EMB_P', 'EMB_P', 'EMB_P', 'EMB_P', 'EMB_P', 'EMB_P', 'EMB_P', 'EMB_P', 'EMB_P', 'EMB_P', 'EMB_P', 'EMB_P', 'EMB_P', 'EMB_P', 'EMB_P', 'EMB_P', 'EMB_P', 'EMB_P', 'EMB_P', 'EMB_P', 'EMB_P', 'EMB_P', 'EMB_P', 'EMB_P', 'EMB_P', 'EMB_P', 'EMB_P', 'EMB_P']","['EMB_O', 'EMB_O', 'EMB_O', 'EMB_O', 'EMB_O', 'EMB_O', 'EMB_O', 'OPN_B', 'OPN_I', 'OPN_I', 'OPN_I', 'OPN_E', 'EMB_O', 'EMB_O', 'EMB_O', 'EMB_O', 'EMB_O', 'EMB_O', 'EMB_O', 'EMB_O', 'EMB_O', 'EMB_O', 'EMB_O', 'EMB_O', 'EMB_O', 'EMB_O', 'EMB_O', 'EMB_O', 'EMB_O', 'EMB_P', 'EMB_P', 'EMB_P', 'EMB_P', 'EMB_P', 'EMB_P', 'EMB_P', 'EMB_P', 'EMB_P', 'EMB_P', 'EMB_P', 'EMB_P', 'EMB_P', 'EMB_P', 'EMB_P', 'EMB_P', 'EMB_P', 'EMB_P', 'EMB_P', 'EMB_P', 'EMB_P', 'EMB_P', 'EMB_P', 'EMB_P', 'EMB_P', 'EMB_P', 'EMB_P', 'EMB_P', 'EMB_P', 'EMB_P', 'EMB_P', 'EMB_P', 'EMB_P', 'EMB_P', 'EMB_P', 'EMB_P', 'EMB_P', 'EMB_P', 'EMB_P', 'EMB_P', 'EMB_P', 'EMB_P', 'EMB_P', 'EMB_P', 'EMB_P', 'EMB_P', 'EMB_P', 'EMB_P', 'EMB_P', 'EMB_P', 'EMB_P', 'EMB_P', 'EMB_P', 'EMB_P', 'EMB_P', 'EMB_P', 'EMB_P', 'EMB_P', 'EMB_P', 'EMB_P', 'EMB_P', 'EMB_P', 'EMB_P', 'EMB_P', 'EMB_P', 'EMB_P', 'EMB_P', 'EMB_P', 'EMB_P', 'EMB_P', 'EMB_P', 'EMB_P', 'EMB_P', 'EMB_P', 'EMB_P', 'EMB_P', 'EMB_P', 'EMB_P', 'EMB_P', 'EMB_P', 'EMB_P', 'EMB_P', 'EMB_P', 'EMB_P', 'EMB_P', 'EMB_P', 'EMB_P', 'EMB_P', 'EMB_P', 'EMB_P', 'EMB_P', 'EMB_P', 'EMB_P', 'EMB_P', 'EMB_P', 'EMB_P', 'EMB_P', 'EMB_P', 'EMB_P']"
367,Інтер'єр,досить приємний,30368:11_1227,"Інтер'єр досить приємний класичний для пабу, по телевізорам транслюють футбольні матчі.",6.62,5.38,"['EMB_O', 'ASP_B', 'ASP_I', 'ASP_I', 'ASP_I', 'ASP_E', 'EMB_O', 'EMB_O', 'EMB_O', 'EMB_O', 'EMB_O', 'EMB_O', 'EMB_O', 'EMB_O', 'EMB_O', 'EMB_O', 'EMB_O', 'EMB_O', 'EMB_O', 'EMB_O', 'EMB_O', 'EMB_O', 'EMB_O', 'EMB_O', 'EMB_O', 'EMB_O', 'EMB_O', 'EMB_O', 'EMB_O', 'EMB_O', 'EMB_P', 'EMB_P', 'EMB_P', 'EMB_P', 'EMB_P', 'EMB_P', 'EMB_P', 'EMB_P', 'EMB_P', 'EMB_P', 'EMB_P', 'EMB_P', 'EMB_P', 'EMB_P', 'EMB_P', 'EMB_P', 'EMB_P', 'EMB_P', 'EMB_P', 'EMB_P', 'EMB_P', 'EMB_P', 'EMB_P', 'EMB_P', 'EMB_P', 'EMB_P', 'EMB_P', 'EMB_P', 'EMB_P', 'EMB_P', 'EMB_P', 'EMB_P', 'EMB_P', 'EMB_P', 'EMB_P', 'EMB_P', 'EMB_P', 'EMB_P', 'EMB_P', 'EMB_P', 'EMB_P', 'EMB_P', 'EMB_P', 'EMB_P', 'EMB_P', 'EMB_P', 'EMB_P', 'EMB_P', 'EMB_P', 'EMB_P', 'EMB_P', 'EMB_P', 'EMB_P', 'EMB_P', 'EMB_P', 'EMB_P', 'EMB_P', 'EMB_P', 'EMB_P', 'EMB_P', 'EMB_P', 'EMB_P', 'EMB_P', 'EMB_P', 'EMB_P', 'EMB_P', 'EMB_P', 'EMB_P', 'EMB_P', 'EMB_P', 'EMB_P', 'EMB_P', 'EMB_P', 'EMB_P', 'EMB_P', 'EMB_P', 'EMB_P', 'EMB_P', 'EMB_P', 'EMB_P', 'EMB_P', 'EMB_P', 'EMB_P', 'EMB_P', 'EMB_P', 'EMB_P', 'EMB_P', 'EMB_P', 'EMB_P', 'EMB_P', 'EMB_P', 'EMB_P', 'EMB_P', 'EMB_P', 'EMB_P', 'EMB_P', 'EMB_P', 'EMB_P']","['EMB_O', 'EMB_O', 'EMB_O', 'EMB_O', 'EMB_O', 'EMB_O', 'OPN_B', 'OPN_I', 'OPN_I', 'OPN_E', 'EMB_O', 'EMB_O', 'EMB_O', 'EMB_O', 'EMB_O', 'EMB_O', 'EMB_O', 'EMB_O', 'EMB_O', 'EMB_O', 'EMB_O', 'EMB_O', 'EMB_O', 'EMB_O', 'EMB_O', 'EMB_O', 'EMB_O', 'EMB_O', 'EMB_O', 'EMB_O', 'EMB_P', 'EMB_P', 'EMB_P', 'EMB_P', 'EMB_P', 'EMB_P', 'EMB_P', 'EMB_P', 'EMB_P', 'EMB_P', 'EMB_P', 'EMB_P', 'EMB_P', 'EMB_P', 'EMB_P', 'EMB_P', 'EMB_P', 'EMB_P', 'EMB_P', 'EMB_P', 'EMB_P', 'EMB_P', 'EMB_P', 'EMB_P', 'EMB_P', 'EMB_P', 'EMB_P', 'EMB_P', 'EMB_P', 'EMB_P', 'EMB_P', 'EMB_P', 'EMB_P', 'EMB_P', 'EMB_P', 'EMB_P', 'EMB_P', 'EMB_P', 'EMB_P', 'EMB_P', 'EMB_P', 'EMB_P', 'EMB_P', 'EMB_P', 'EMB_P', 'EMB_P', 'EMB_P', 'EMB_P', 'EMB_P', 'EMB_P', 'EMB_P', 'EMB_P', 'EMB_P', 'EMB_P', 'EMB_P', 'EMB_P', 'EMB_P', 'EMB_P', 'EMB_P', 'EMB_P', 'EMB_P', 'EMB_P', 'EMB_P', 'EMB_P', 'EMB_P', 'EMB_P', 'EMB_P', 'EMB_P', 'EMB_P', 'EMB_P', 'EMB_P', 'EMB_P', 'EMB_P', 'EMB_P', 'EMB_P', 'EMB_P', 'EMB_P', 'EMB_P', 'EMB_P', 'EMB_P', 'EMB_P', 'EMB_P', 'EMB_P', 'EMB_P', 'EMB_P', 'EMB_P', 'EMB_P', 'EMB_P', 'EMB_P', 'EMB_P', 'EMB_P', 'EMB_P', 'EMB_P', 'EMB_P', 'EMB_P', 'EMB_P', 'EMB_P', 'EMB_P']"
368,обстановка,хороша,30368:12_1228,"Загалом хороша, душевна обстановка.",6.75,6.25,"['EMB_O', 'EMB_O', 'EMB_O', 'EMB_O', 'EMB_O', 'EMB_O', 'EMB_O', 'EMB_O', 'EMB_O', 'EMB_O', 'ASP_B', 'ASP_I', 'ASP_E', 'EMB_O', 'EMB_O', 'EMB_P', 'EMB_P', 'EMB_P', 'EMB_P', 'EMB_P', 'EMB_P', 'EMB_P', 'EMB_P', 'EMB_P', 'EMB_P', 'EMB_P', 'EMB_P', 'EMB_P', 'EMB_P', 'EMB_P', 'EMB_P', 'EMB_P', 'EMB_P', 'EMB_P', 'EMB_P', 'EMB_P', 'EMB_P', 'EMB_P', 'EMB_P', 'EMB_P', 'EMB_P', 'EMB_P', 'EMB_P', 'EMB_P', 'EMB_P', 'EMB_P', 'EMB_P', 'EMB_P', 'EMB_P', 'EMB_P', 'EMB_P', 'EMB_P', 'EMB_P', 'EMB_P', 'EMB_P', 'EMB_P', 'EMB_P', 'EMB_P', 'EMB_P', 'EMB_P', 'EMB_P', 'EMB_P', 'EMB_P', 'EMB_P', 'EMB_P', 'EMB_P', 'EMB_P', 'EMB_P', 'EMB_P', 'EMB_P', 'EMB_P', 'EMB_P', 'EMB_P', 'EMB_P', 'EMB_P', 'EMB_P', 'EMB_P', 'EMB_P', 'EMB_P', 'EMB_P', 'EMB_P', 'EMB_P', 'EMB_P', 'EMB_P', 'EMB_P', 'EMB_P', 'EMB_P', 'EMB_P', 'EMB_P', 'EMB_P', 'EMB_P', 'EMB_P', 'EMB_P', 'EMB_P', 'EMB_P', 'EMB_P', 'EMB_P', 'EMB_P', 'EMB_P', 'EMB_P', 'EMB_P', 'EMB_P', 'EMB_P', 'EMB_P', 'EMB_P', 'EMB_P', 'EMB_P', 'EMB_P', 'EMB_P', 'EMB_P', 'EMB_P', 'EMB_P', 'EMB_P', 'EMB_P', 'EMB_P', 'EMB_P', 'EMB_P', 'EMB_P', 'EMB_P', 'EMB_P', 'EMB_P', 'EMB_P', 'EMB_P', 'EMB_P', 'EMB_P', 'EMB_P', 'EMB_P', 'EMB_P']","['EMB_O', 'EMB_O', 'EMB_O', 'OPN_B', 'OPN_I', 'OPN_E', 'EMB_O', 'EMB_O', 'EMB_O', 'EMB_O', 'EMB_O', 'EMB_O', 'EMB_O', 'EMB_O', 'EMB_O', 'EMB_P', 'EMB_P', 'EMB_P', 'EMB_P', 'EMB_P', 'EMB_P', 'EMB_P', 'EMB_P', 'EMB_P', 'EMB_P', 'EMB_P', 'EMB_P', 'EMB_P', 'EMB_P', 'EMB_P', 'EMB_P', 'EMB_P', 'EMB_P', 'EMB_P', 'EMB_P', 'EMB_P', 'EMB_P', 'EMB_P', 'EMB_P', 'EMB_P', 'EMB_P', 'EMB_P', 'EMB_P', 'EMB_P', 'EMB_P', 'EMB_P', 'EMB_P', 'EMB_P', 'EMB_P', 'EMB_P', 'EMB_P', 'EMB_P', 'EMB_P', 'EMB_P', 'EMB_P', 'EMB_P', 'EMB_P', 'EMB_P', 'EMB_P', 'EMB_P', 'EMB_P', 'EMB_P', 'EMB_P', 'EMB_P', 'EMB_P', 'EMB_P', 'EMB_P', 'EMB_P', 'EMB_P', 'EMB_P', 'EMB_P', 'EMB_P', 'EMB_P', 'EMB_P', 'EMB_P', 'EMB_P', 'EMB_P', 'EMB_P', 'EMB_P', 'EMB_P', 'EMB_P', 'EMB_P', 'EMB_P', 'EMB_P', 'EMB_P', 'EMB_P', 'EMB_P', 'EMB_P', 'EMB_P', 'EMB_P', 'EMB_P', 'EMB_P', 'EMB_P', 'EMB_P', 'EMB_P', 'EMB_P', 'EMB_P', 'EMB_P', 'EMB_P', 'EMB_P', 'EMB_P', 'EMB_P', 'EMB_P', 'EMB_P', 'EMB_P', 'EMB_P', 'EMB_P', 'EMB_P', 'EMB_P', 'EMB_P', 'EMB_P', 'EMB_P', 'EMB_P', 'EMB_P', 'EMB_P', 'EMB_P', 'EMB_P', 'EMB_P', 'EMB_P', 'EMB_P', 'EMB_P', 'EMB_P', 'EMB_P', 'EMB_P', 'EMB_P', 'EMB_P', 'EMB_P', 'EMB_P']"
369,Гриль,сподобався,30744:3_1229,"Гриль нам сподобався, пиво теж.",6.9,6.3,"['EMB_O', 'ASP_B', 'ASP_I', 'ASP_E', 'EMB_O', 'EMB_O', 'EMB_O', 'EMB_O', 'EMB_O', 'EMB_O', 'EMB_O', 'EMB_O', 'EMB_O', 'EMB_O', 'EMB_O', 'EMB_O', 'EMB_P', 'EMB_P', 'EMB_P', 'EMB_P', 'EMB_P', 'EMB_P', 'EMB_P', 'EMB_P', 'EMB_P', 'EMB_P', 'EMB_P', 'EMB_P', 'EMB_P', 'EMB_P', 'EMB_P', 'EMB_P', 'EMB_P', 'EMB_P', 'EMB_P', 'EMB_P', 'EMB_P', 'EMB_P', 'EMB_P', 'EMB_P', 'EMB_P', 'EMB_P', 'EMB_P', 'EMB_P', 'EMB_P', 'EMB_P', 'EMB_P', 'EMB_P', 'EMB_P', 'EMB_P', 'EMB_P', 'EMB_P', 'EMB_P', 'EMB_P', 'EMB_P', 'EMB_P', 'EMB_P', 'EMB_P', 'EMB_P', 'EMB_P', 'EMB_P', 'EMB_P', 'EMB_P', 'EMB_P', 'EMB_P', 'EMB_P', 'EMB_P', 'EMB_P', 'EMB_P', 'EMB_P', 'EMB_P', 'EMB_P', 'EMB_P', 'EMB_P', 'EMB_P', 'EMB_P', 'EMB_P', 'EMB_P', 'EMB_P', 'EMB_P', 'EMB_P', 'EMB_P', 'EMB_P', 'EMB_P', 'EMB_P', 'EMB_P', 'EMB_P', 'EMB_P', 'EMB_P', 'EMB_P', 'EMB_P', 'EMB_P', 'EMB_P', 'EMB_P', 'EMB_P', 'EMB_P', 'EMB_P', 'EMB_P', 'EMB_P', 'EMB_P', 'EMB_P', 'EMB_P', 'EMB_P', 'EMB_P', 'EMB_P', 'EMB_P', 'EMB_P', 'EMB_P', 'EMB_P', 'EMB_P', 'EMB_P', 'EMB_P', 'EMB_P', 'EMB_P', 'EMB_P', 'EMB_P', 'EMB_P', 'EMB_P', 'EMB_P', 'EMB_P', 'EMB_P', 'EMB_P', 'EMB_P', 'EMB_P', 'EMB_P', 'EMB_P', 'EMB_P', 'EMB_P']","['EMB_O', 'EMB_O', 'EMB_O', 'EMB_O', 'EMB_O', 'OPN_B', 'OPN_I', 'OPN_I', 'OPN_I', 'OPN_E', 'EMB_O', 'EMB_O', 'EMB_O', 'EMB_O', 'EMB_O', 'EMB_O', 'EMB_P', 'EMB_P', 'EMB_P', 'EMB_P', 'EMB_P', 'EMB_P', 'EMB_P', 'EMB_P', 'EMB_P', 'EMB_P', 'EMB_P', 'EMB_P', 'EMB_P', 'EMB_P', 'EMB_P', 'EMB_P', 'EMB_P', 'EMB_P', 'EMB_P', 'EMB_P', 'EMB_P', 'EMB_P', 'EMB_P', 'EMB_P', 'EMB_P', 'EMB_P', 'EMB_P', 'EMB_P', 'EMB_P', 'EMB_P', 'EMB_P', 'EMB_P', 'EMB_P', 'EMB_P', 'EMB_P', 'EMB_P', 'EMB_P', 'EMB_P', 'EMB_P', 'EMB_P', 'EMB_P', 'EMB_P', 'EMB_P', 'EMB_P', 'EMB_P', 'EMB_P', 'EMB_P', 'EMB_P', 'EMB_P', 'EMB_P', 'EMB_P', 'EMB_P', 'EMB_P', 'EMB_P', 'EMB_P', 'EMB_P', 'EMB_P', 'EMB_P', 'EMB_P', 'EMB_P', 'EMB_P', 'EMB_P', 'EMB_P', 'EMB_P', 'EMB_P', 'EMB_P', 'EMB_P', 'EMB_P', 'EMB_P', 'EMB_P', 'EMB_P', 'EMB_P', 'EMB_P', 'EMB_P', 'EMB_P', 'EMB_P', 'EMB_P', 'EMB_P', 'EMB_P', 'EMB_P', 'EMB_P', 'EMB_P', 'EMB_P', 'EMB_P', 'EMB_P', 'EMB_P', 'EMB_P', 'EMB_P', 'EMB_P', 'EMB_P', 'EMB_P', 'EMB_P', 'EMB_P', 'EMB_P', 'EMB_P', 'EMB_P', 'EMB_P', 'EMB_P', 'EMB_P', 'EMB_P', 'EMB_P', 'EMB_P', 'EMB_P', 'EMB_P', 'EMB_P', 'EMB_P', 'EMB_P', 'EMB_P', 'EMB_P', 'EMB_P', 'EMB_P', 'EMB_P']"
370,пиво,сподобався,30744:3_1229,"Гриль нам сподобався, пиво теж.",6.9,6.3,"['EMB_O', 'EMB_O', 'EMB_O', 'EMB_O', 'EMB_O', 'EMB_O', 'EMB_O', 'EMB_O', 'EMB_O', 'EMB_O', 'EMB_O', 'ASP_B', 'ASP_E', 'EMB_O', 'EMB_O', 'EMB_O', 'EMB_P', 'EMB_P', 'EMB_P', 'EMB_P', 'EMB_P', 'EMB_P', 'EMB_P', 'EMB_P', 'EMB_P', 'EMB_P', 'EMB_P', 'EMB_P', 'EMB_P', 'EMB_P', 'EMB_P', 'EMB_P', 'EMB_P', 'EMB_P', 'EMB_P', 'EMB_P', 'EMB_P', 'EMB_P', 'EMB_P', 'EMB_P', 'EMB_P', 'EMB_P', 'EMB_P', 'EMB_P', 'EMB_P', 'EMB_P', 'EMB_P', 'EMB_P', 'EMB_P', 'EMB_P', 'EMB_P', 'EMB_P', 'EMB_P', 'EMB_P', 'EMB_P', 'EMB_P', 'EMB_P', 'EMB_P', 'EMB_P', 'EMB_P', 'EMB_P', 'EMB_P', 'EMB_P', 'EMB_P', 'EMB_P', 'EMB_P', 'EMB_P', 'EMB_P', 'EMB_P', 'EMB_P', 'EMB_P', 'EMB_P', 'EMB_P', 'EMB_P', 'EMB_P', 'EMB_P', 'EMB_P', 'EMB_P', 'EMB_P', 'EMB_P', 'EMB_P', 'EMB_P', 'EMB_P', 'EMB_P', 'EMB_P', 'EMB_P', 'EMB_P', 'EMB_P', 'EMB_P', 'EMB_P', 'EMB_P', 'EMB_P', 'EMB_P', 'EMB_P', 'EMB_P', 'EMB_P', 'EMB_P', 'EMB_P', 'EMB_P', 'EMB_P', 'EMB_P', 'EMB_P', 'EMB_P', 'EMB_P', 'EMB_P', 'EMB_P', 'EMB_P', 'EMB_P', 'EMB_P', 'EMB_P', 'EMB_P', 'EMB_P', 'EMB_P', 'EMB_P', 'EMB_P', 'EMB_P', 'EMB_P', 'EMB_P', 'EMB_P', 'EMB_P', 'EMB_P', 'EMB_P', 'EMB_P', 'EMB_P', 'EMB_P', 'EMB_P', 'EMB_P', 'EMB_P']","['EMB_O', 'EMB_O', 'EMB_O', 'EMB_O', 'EMB_O', 'OPN_B', 'OPN_I', 'OPN_I', 'OPN_I', 'OPN_E', 'EMB_O', 'EMB_O', 'EMB_O', 'EMB_O', 'EMB_O', 'EMB_O', 'EMB_P', 'EMB_P', 'EMB_P', 'EMB_P', 'EMB_P', 'EMB_P', 'EMB_P', 'EMB_P', 'EMB_P', 'EMB_P', 'EMB_P', 'EMB_P', 'EMB_P', 'EMB_P', 'EMB_P', 'EMB_P', 'EMB_P', 'EMB_P', 'EMB_P', 'EMB_P', 'EMB_P', 'EMB_P', 'EMB_P', 'EMB_P', 'EMB_P', 'EMB_P', 'EMB_P', 'EMB_P', 'EMB_P', 'EMB_P', 'EMB_P', 'EMB_P', 'EMB_P', 'EMB_P', 'EMB_P', 'EMB_P', 'EMB_P', 'EMB_P', 'EMB_P', 'EMB_P', 'EMB_P', 'EMB_P', 'EMB_P', 'EMB_P', 'EMB_P', 'EMB_P', 'EMB_P', 'EMB_P', 'EMB_P', 'EMB_P', 'EMB_P', 'EMB_P', 'EMB_P', 'EMB_P', 'EMB_P', 'EMB_P', 'EMB_P', 'EMB_P', 'EMB_P', 'EMB_P', 'EMB_P', 'EMB_P', 'EMB_P', 'EMB_P', 'EMB_P', 'EMB_P', 'EMB_P', 'EMB_P', 'EMB_P', 'EMB_P', 'EMB_P', 'EMB_P', 'EMB_P', 'EMB_P', 'EMB_P', 'EMB_P', 'EMB_P', 'EMB_P', 'EMB_P', 'EMB_P', 'EMB_P', 'EMB_P', 'EMB_P', 'EMB_P', 'EMB_P', 'EMB_P', 'EMB_P', 'EMB_P', 'EMB_P', 'EMB_P', 'EMB_P', 'EMB_P', 'EMB_P', 'EMB_P', 'EMB_P', 'EMB_P', 'EMB_P', 'EMB_P', 'EMB_P', 'EMB_P', 'EMB_P', 'EMB_P', 'EMB_P', 'EMB_P', 'EMB_P', 'EMB_P', 'EMB_P', 'EMB_P', 'EMB_P', 'EMB_P', 'EMB_P', 'EMB_P']"
371,вина,Маленький вибір,30744:4_1230,"Маленький вибір вина, немає класичних сортів пива.",2.83,7.0,"['EMB_O', 'EMB_O', 'EMB_O', 'EMB_O', 'EMB_O', 'EMB_O', 'ASP_S', 'EMB_O', 'EMB_O', 'EMB_O', 'EMB_O', 'EMB_O', 'EMB_O', 'EMB_O', 'EMB_O', 'EMB_O', 'EMB_O', 'EMB_O', 'EMB_P', 'EMB_P', 'EMB_P', 'EMB_P', 'EMB_P', 'EMB_P', 'EMB_P', 'EMB_P', 'EMB_P', 'EMB_P', 'EMB_P', 'EMB_P', 'EMB_P', 'EMB_P', 'EMB_P', 'EMB_P', 'EMB_P', 'EMB_P', 'EMB_P', 'EMB_P', 'EMB_P', 'EMB_P', 'EMB_P', 'EMB_P', 'EMB_P', 'EMB_P', 'EMB_P', 'EMB_P', 'EMB_P', 'EMB_P', 'EMB_P', 'EMB_P', 'EMB_P', 'EMB_P', 'EMB_P', 'EMB_P', 'EMB_P', 'EMB_P', 'EMB_P', 'EMB_P', 'EMB_P', 'EMB_P', 'EMB_P', 'EMB_P', 'EMB_P', 'EMB_P', 'EMB_P', 'EMB_P', 'EMB_P', 'EMB_P', 'EMB_P', 'EMB_P', 'EMB_P', 'EMB_P', 'EMB_P', 'EMB_P', 'EMB_P', 'EMB_P', 'EMB_P', 'EMB_P', 'EMB_P', 'EMB_P', 'EMB_P', 'EMB_P', 'EMB_P', 'EMB_P', 'EMB_P', 'EMB_P', 'EMB_P', 'EMB_P', 'EMB_P', 'EMB_P', 'EMB_P', 'EMB_P', 'EMB_P', 'EMB_P', 'EMB_P', 'EMB_P', 'EMB_P', 'EMB_P', 'EMB_P', 'EMB_P', 'EMB_P', 'EMB_P', 'EMB_P', 'EMB_P', 'EMB_P', 'EMB_P', 'EMB_P', 'EMB_P', 'EMB_P', 'EMB_P', 'EMB_P', 'EMB_P', 'EMB_P', 'EMB_P', 'EMB_P', 'EMB_P', 'EMB_P', 'EMB_P', 'EMB_P', 'EMB_P', 'EMB_P', 'EMB_P', 'EMB_P', 'EMB_P', 'EMB_P', 'EMB_P', 'EMB_P', 'EMB_P']","['EMB_O', 'OPN_B', 'OPN_I', 'OPN_I', 'OPN_I', 'OPN_E', 'EMB_O', 'EMB_O', 'EMB_O', 'EMB_O', 'EMB_O', 'EMB_O', 'EMB_O', 'EMB_O', 'EMB_O', 'EMB_O', 'EMB_O', 'EMB_O', 'EMB_P', 'EMB_P', 'EMB_P', 'EMB_P', 'EMB_P', 'EMB_P', 'EMB_P', 'EMB_P', 'EMB_P', 'EMB_P', 'EMB_P', 'EMB_P', 'EMB_P', 'EMB_P', 'EMB_P', 'EMB_P', 'EMB_P', 'EMB_P', 'EMB_P', 'EMB_P', 'EMB_P', 'EMB_P', 'EMB_P', 'EMB_P', 'EMB_P', 'EMB_P', 'EMB_P', 'EMB_P', 'EMB_P', 'EMB_P', 'EMB_P', 'EMB_P', 'EMB_P', 'EMB_P', 'EMB_P', 'EMB_P', 'EMB_P', 'EMB_P', 'EMB_P', 'EMB_P', 'EMB_P', 'EMB_P', 'EMB_P', 'EMB_P', 'EMB_P', 'EMB_P', 'EMB_P', 'EMB_P', 'EMB_P', 'EMB_P', 'EMB_P', 'EMB_P', 'EMB_P', 'EMB_P', 'EMB_P', 'EMB_P', 'EMB_P', 'EMB_P', 'EMB_P', 'EMB_P', 'EMB_P', 'EMB_P', 'EMB_P', 'EMB_P', 'EMB_P', 'EMB_P', 'EMB_P', 'EMB_P', 'EMB_P', 'EMB_P', 'EMB_P', 'EMB_P', 'EMB_P', 'EMB_P', 'EMB_P', 'EMB_P', 'EMB_P', 'EMB_P', 'EMB_P', 'EMB_P', 'EMB_P', 'EMB_P', 'EMB_P', 'EMB_P', 'EMB_P', 'EMB_P', 'EMB_P', 'EMB_P', 'EMB_P', 'EMB_P', 'EMB_P', 'EMB_P', 'EMB_P', 'EMB_P', 'EMB_P', 'EMB_P', 'EMB_P', 'EMB_P', 'EMB_P', 'EMB_P', 'EMB_P', 'EMB_P', 'EMB_P', 'EMB_P', 'EMB_P', 'EMB_P', 'EMB_P', 'EMB_P', 'EMB_P', 'EMB_P']"
372,пива,немає класичних сортів,30744:4_1230,"Маленький вибір вина, немає класичних сортів пива.",2.67,7.0,"['EMB_O', 'EMB_O', 'EMB_O', 'EMB_O', 'EMB_O', 'EMB_O', 'EMB_O', 'EMB_O', 'EMB_O', 'EMB_O', 'EMB_O', 'EMB_O', 'EMB_O', 'EMB_O', 'ASP_B', 'ASP_E', 'EMB_O', 'EMB_O', 'EMB_P', 'EMB_P', 'EMB_P', 'EMB_P', 'EMB_P', 'EMB_P', 'EMB_P', 'EMB_P', 'EMB_P', 'EMB_P', 'EMB_P', 'EMB_P', 'EMB_P', 'EMB_P', 'EMB_P', 'EMB_P', 'EMB_P', 'EMB_P', 'EMB_P', 'EMB_P', 'EMB_P', 'EMB_P', 'EMB_P', 'EMB_P', 'EMB_P', 'EMB_P', 'EMB_P', 'EMB_P', 'EMB_P', 'EMB_P', 'EMB_P', 'EMB_P', 'EMB_P', 'EMB_P', 'EMB_P', 'EMB_P', 'EMB_P', 'EMB_P', 'EMB_P', 'EMB_P', 'EMB_P', 'EMB_P', 'EMB_P', 'EMB_P', 'EMB_P', 'EMB_P', 'EMB_P', 'EMB_P', 'EMB_P', 'EMB_P', 'EMB_P', 'EMB_P', 'EMB_P', 'EMB_P', 'EMB_P', 'EMB_P', 'EMB_P', 'EMB_P', 'EMB_P', 'EMB_P', 'EMB_P', 'EMB_P', 'EMB_P', 'EMB_P', 'EMB_P', 'EMB_P', 'EMB_P', 'EMB_P', 'EMB_P', 'EMB_P', 'EMB_P', 'EMB_P', 'EMB_P', 'EMB_P', 'EMB_P', 'EMB_P', 'EMB_P', 'EMB_P', 'EMB_P', 'EMB_P', 'EMB_P', 'EMB_P', 'EMB_P', 'EMB_P', 'EMB_P', 'EMB_P', 'EMB_P', 'EMB_P', 'EMB_P', 'EMB_P', 'EMB_P', 'EMB_P', 'EMB_P', 'EMB_P', 'EMB_P', 'EMB_P', 'EMB_P', 'EMB_P', 'EMB_P', 'EMB_P', 'EMB_P', 'EMB_P', 'EMB_P', 'EMB_P', 'EMB_P', 'EMB_P', 'EMB_P', 'EMB_P', 'EMB_P', 'EMB_P']","['EMB_O', 'EMB_O', 'EMB_O', 'EMB_O', 'EMB_O', 'EMB_O', 'EMB_O', 'EMB_O', 'OPN_B', 'OPN_I', 'OPN_I', 'OPN_I', 'OPN_I', 'OPN_E', 'EMB_O', 'EMB_O', 'EMB_O', 'EMB_O', 'EMB_P', 'EMB_P', 'EMB_P', 'EMB_P', 'EMB_P', 'EMB_P', 'EMB_P', 'EMB_P', 'EMB_P', 'EMB_P', 'EMB_P', 'EMB_P', 'EMB_P', 'EMB_P', 'EMB_P', 'EMB_P', 'EMB_P', 'EMB_P', 'EMB_P', 'EMB_P', 'EMB_P', 'EMB_P', 'EMB_P', 'EMB_P', 'EMB_P', 'EMB_P', 'EMB_P', 'EMB_P', 'EMB_P', 'EMB_P', 'EMB_P', 'EMB_P', 'EMB_P', 'EMB_P', 'EMB_P', 'EMB_P', 'EMB_P', 'EMB_P', 'EMB_P', 'EMB_P', 'EMB_P', 'EMB_P', 'EMB_P', 'EMB_P', 'EMB_P', 'EMB_P', 'EMB_P', 'EMB_P', 'EMB_P', 'EMB_P', 'EMB_P', 'EMB_P', 'EMB_P', 'EMB_P', 'EMB_P', 'EMB_P', 'EMB_P', 'EMB_P', 'EMB_P', 'EMB_P', 'EMB_P', 'EMB_P', 'EMB_P', 'EMB_P', 'EMB_P', 'EMB_P', 'EMB_P', 'EMB_P', 'EMB_P', 'EMB_P', 'EMB_P', 'EMB_P', 'EMB_P', 'EMB_P', 'EMB_P', 'EMB_P', 'EMB_P', 'EMB_P', 'EMB_P', 'EMB_P', 'EMB_P', 'EMB_P', 'EMB_P', 'EMB_P', 'EMB_P', 'EMB_P', 'EMB_P', 'EMB_P', 'EMB_P', 'EMB_P', 'EMB_P', 'EMB_P', 'EMB_P', 'EMB_P', 'EMB_P', 'EMB_P', 'EMB_P', 'EMB_P', 'EMB_P', 'EMB_P', 'EMB_P', 'EMB_P', 'EMB_P', 'EMB_P', 'EMB_P', 'EMB_P', 'EMB_P', 'EMB_P', 'EMB_P', 'EMB_P']"
373,музика,приємна,30744:8_1231,"Навколо люди усміхнені, всім весело, музика приємна",6.7,6.1,"['EMB_O', 'EMB_O', 'EMB_O', 'EMB_O', 'EMB_O', 'EMB_O', 'EMB_O', 'EMB_O', 'EMB_O', 'EMB_O', 'EMB_O', 'EMB_O', 'EMB_O', 'EMB_O', 'EMB_O', 'EMB_O', 'EMB_O', 'EMB_O', 'EMB_O', 'ASP_S', 'EMB_O', 'EMB_O', 'EMB_O', 'EMB_O', 'EMB_P', 'EMB_P', 'EMB_P', 'EMB_P', 'EMB_P', 'EMB_P', 'EMB_P', 'EMB_P', 'EMB_P', 'EMB_P', 'EMB_P', 'EMB_P', 'EMB_P', 'EMB_P', 'EMB_P', 'EMB_P', 'EMB_P', 'EMB_P', 'EMB_P', 'EMB_P', 'EMB_P', 'EMB_P', 'EMB_P', 'EMB_P', 'EMB_P', 'EMB_P', 'EMB_P', 'EMB_P', 'EMB_P', 'EMB_P', 'EMB_P', 'EMB_P', 'EMB_P', 'EMB_P', 'EMB_P', 'EMB_P', 'EMB_P', 'EMB_P', 'EMB_P', 'EMB_P', 'EMB_P', 'EMB_P', 'EMB_P', 'EMB_P', 'EMB_P', 'EMB_P', 'EMB_P', 'EMB_P', 'EMB_P', 'EMB_P', 'EMB_P', 'EMB_P', 'EMB_P', 'EMB_P', 'EMB_P', 'EMB_P', 'EMB_P', 'EMB_P', 'EMB_P', 'EMB_P', 'EMB_P', 'EMB_P', 'EMB_P', 'EMB_P', 'EMB_P', 'EMB_P', 'EMB_P', 'EMB_P', 'EMB_P', 'EMB_P', 'EMB_P', 'EMB_P', 'EMB_P', 'EMB_P', 'EMB_P', 'EMB_P', 'EMB_P', 'EMB_P', 'EMB_P', 'EMB_P', 'EMB_P', 'EMB_P', 'EMB_P', 'EMB_P', 'EMB_P', 'EMB_P', 'EMB_P', 'EMB_P', 'EMB_P', 'EMB_P', 'EMB_P', 'EMB_P', 'EMB_P', 'EMB_P', 'EMB_P', 'EMB_P', 'EMB_P', 'EMB_P', 'EMB_P', 'EMB_P', 'EMB_P', 'EMB_P', 'EMB_P', 'EMB_P']","['EMB_O', 'EMB_O', 'EMB_O', 'EMB_O', 'EMB_O', 'EMB_O', 'EMB_O', 'EMB_O', 'EMB_O', 'EMB_O', 'EMB_O', 'EMB_O', 'EMB_O', 'EMB_O', 'EMB_O', 'EMB_O', 'EMB_O', 'EMB_O', 'EMB_O', 'EMB_O', 'OPN_B', 'OPN_I', 'OPN_E', 'EMB_O', 'EMB_P', 'EMB_P', 'EMB_P', 'EMB_P', 'EMB_P', 'EMB_P', 'EMB_P', 'EMB_P', 'EMB_P', 'EMB_P', 'EMB_P', 'EMB_P', 'EMB_P', 'EMB_P', 'EMB_P', 'EMB_P', 'EMB_P', 'EMB_P', 'EMB_P', 'EMB_P', 'EMB_P', 'EMB_P', 'EMB_P', 'EMB_P', 'EMB_P', 'EMB_P', 'EMB_P', 'EMB_P', 'EMB_P', 'EMB_P', 'EMB_P', 'EMB_P', 'EMB_P', 'EMB_P', 'EMB_P', 'EMB_P', 'EMB_P', 'EMB_P', 'EMB_P', 'EMB_P', 'EMB_P', 'EMB_P', 'EMB_P', 'EMB_P', 'EMB_P', 'EMB_P', 'EMB_P', 'EMB_P', 'EMB_P', 'EMB_P', 'EMB_P', 'EMB_P', 'EMB_P', 'EMB_P', 'EMB_P', 'EMB_P', 'EMB_P', 'EMB_P', 'EMB_P', 'EMB_P', 'EMB_P', 'EMB_P', 'EMB_P', 'EMB_P', 'EMB_P', 'EMB_P', 'EMB_P', 'EMB_P', 'EMB_P', 'EMB_P', 'EMB_P', 'EMB_P', 'EMB_P', 'EMB_P', 'EMB_P', 'EMB_P', 'EMB_P', 'EMB_P', 'EMB_P', 'EMB_P', 'EMB_P', 'EMB_P', 'EMB_P', 'EMB_P', 'EMB_P', 'EMB_P', 'EMB_P', 'EMB_P', 'EMB_P', 'EMB_P', 'EMB_P', 'EMB_P', 'EMB_P', 'EMB_P', 'EMB_P', 'EMB_P', 'EMB_P', 'EMB_P', 'EMB_P', 'EMB_P', 'EMB_P', 'EMB_P', 'EMB_P', 'EMB_P']"
374,Гаряче,як за 10 хвилин можна приготувати,31004:7_1232,"Гаряче готувалося хвилин 10... швидко-не сперечаюся, але як за 10 хвилин можна приготувати конину?",2.38,7.62,"['EMB_O', 'ASP_B', 'ASP_I', 'ASP_E', 'EMB_O', 'EMB_O', 'EMB_O', 'EMB_O', 'EMB_O', 'EMB_O', 'EMB_O', 'EMB_O', 'EMB_O', 'EMB_O', 'EMB_O', 'EMB_O', 'EMB_O', 'EMB_O', 'EMB_O', 'EMB_O', 'EMB_O', 'EMB_O', 'EMB_O', 'EMB_O', 'EMB_O', 'EMB_O', 'EMB_O', 'EMB_O', 'EMB_O', 'EMB_O', 'EMB_O', 'EMB_O', 'EMB_O', 'EMB_O', 'EMB_O', 'EMB_P', 'EMB_P', 'EMB_P', 'EMB_P', 'EMB_P', 'EMB_P', 'EMB_P', 'EMB_P', 'EMB_P', 'EMB_P', 'EMB_P', 'EMB_P', 'EMB_P', 'EMB_P', 'EMB_P', 'EMB_P', 'EMB_P', 'EMB_P', 'EMB_P', 'EMB_P', 'EMB_P', 'EMB_P', 'EMB_P', 'EMB_P', 'EMB_P', 'EMB_P', 'EMB_P', 'EMB_P', 'EMB_P', 'EMB_P', 'EMB_P', 'EMB_P', 'EMB_P', 'EMB_P', 'EMB_P', 'EMB_P', 'EMB_P', 'EMB_P', 'EMB_P', 'EMB_P', 'EMB_P', 'EMB_P', 'EMB_P', 'EMB_P', 'EMB_P', 'EMB_P', 'EMB_P', 'EMB_P', 'EMB_P', 'EMB_P', 'EMB_P', 'EMB_P', 'EMB_P', 'EMB_P', 'EMB_P', 'EMB_P', 'EMB_P', 'EMB_P', 'EMB_P', 'EMB_P', 'EMB_P', 'EMB_P', 'EMB_P', 'EMB_P', 'EMB_P', 'EMB_P', 'EMB_P', 'EMB_P', 'EMB_P', 'EMB_P', 'EMB_P', 'EMB_P', 'EMB_P', 'EMB_P', 'EMB_P', 'EMB_P', 'EMB_P', 'EMB_P', 'EMB_P', 'EMB_P', 'EMB_P', 'EMB_P', 'EMB_P', 'EMB_P', 'EMB_P', 'EMB_P', 'EMB_P', 'EMB_P', 'EMB_P', 'EMB_P', 'EMB_P', 'EMB_P', 'EMB_P']","['EMB_O', 'EMB_O', 'EMB_O', 'EMB_O', 'EMB_O', 'EMB_O', 'EMB_O', 'EMB_O', 'EMB_O', 'EMB_O', 'EMB_O', 'EMB_O', 'EMB_O', 'EMB_O', 'EMB_O', 'EMB_O', 'EMB_O', 'EMB_O', 'EMB_O', 'EMB_O', 'EMB_O', 'EMB_O', 'OPN_B', 'OPN_I', 'OPN_I', 'OPN_I', 'OPN_I', 'OPN_I', 'OPN_I', 'OPN_I', 'OPN_E', 'EMB_O', 'EMB_O', 'EMB_O', 'EMB_O', 'EMB_P', 'EMB_P', 'EMB_P', 'EMB_P', 'EMB_P', 'EMB_P', 'EMB_P', 'EMB_P', 'EMB_P', 'EMB_P', 'EMB_P', 'EMB_P', 'EMB_P', 'EMB_P', 'EMB_P', 'EMB_P', 'EMB_P', 'EMB_P', 'EMB_P', 'EMB_P', 'EMB_P', 'EMB_P', 'EMB_P', 'EMB_P', 'EMB_P', 'EMB_P', 'EMB_P', 'EMB_P', 'EMB_P', 'EMB_P', 'EMB_P', 'EMB_P', 'EMB_P', 'EMB_P', 'EMB_P', 'EMB_P', 'EMB_P', 'EMB_P', 'EMB_P', 'EMB_P', 'EMB_P', 'EMB_P', 'EMB_P', 'EMB_P', 'EMB_P', 'EMB_P', 'EMB_P', 'EMB_P', 'EMB_P', 'EMB_P', 'EMB_P', 'EMB_P', 'EMB_P', 'EMB_P', 'EMB_P', 'EMB_P', 'EMB_P', 'EMB_P', 'EMB_P', 'EMB_P', 'EMB_P', 'EMB_P', 'EMB_P', 'EMB_P', 'EMB_P', 'EMB_P', 'EMB_P', 'EMB_P', 'EMB_P', 'EMB_P', 'EMB_P', 'EMB_P', 'EMB_P', 'EMB_P', 'EMB_P', 'EMB_P', 'EMB_P', 'EMB_P', 'EMB_P', 'EMB_P', 'EMB_P', 'EMB_P', 'EMB_P', 'EMB_P', 'EMB_P', 'EMB_P', 'EMB_P', 'EMB_P', 'EMB_P', 'EMB_P', 'EMB_P', 'EMB_P', 'EMB_P']"
375,конину,як за 10 хвилин можна приготувати,31004:7_1232,"Гаряче готувалося хвилин 10... швидко-не сперечаюся, але як за 10 хвилин можна приготувати конину?",2.5,7.33,"['EMB_O', 'EMB_O', 'EMB_O', 'EMB_O', 'EMB_O', 'EMB_O', 'EMB_O', 'EMB_O', 'EMB_O', 'EMB_O', 'EMB_O', 'EMB_O', 'EMB_O', 'EMB_O', 'EMB_O', 'EMB_O', 'EMB_O', 'EMB_O', 'EMB_O', 'EMB_O', 'EMB_O', 'EMB_O', 'EMB_O', 'EMB_O', 'EMB_O', 'EMB_O', 'EMB_O', 'EMB_O', 'EMB_O', 'EMB_O', 'EMB_O', 'ASP_B', 'ASP_E', 'EMB_O', 'EMB_O', 'EMB_P', 'EMB_P', 'EMB_P', 'EMB_P', 'EMB_P', 'EMB_P', 'EMB_P', 'EMB_P', 'EMB_P', 'EMB_P', 'EMB_P', 'EMB_P', 'EMB_P', 'EMB_P', 'EMB_P', 'EMB_P', 'EMB_P', 'EMB_P', 'EMB_P', 'EMB_P', 'EMB_P', 'EMB_P', 'EMB_P', 'EMB_P', 'EMB_P', 'EMB_P', 'EMB_P', 'EMB_P', 'EMB_P', 'EMB_P', 'EMB_P', 'EMB_P', 'EMB_P', 'EMB_P', 'EMB_P', 'EMB_P', 'EMB_P', 'EMB_P', 'EMB_P', 'EMB_P', 'EMB_P', 'EMB_P', 'EMB_P', 'EMB_P', 'EMB_P', 'EMB_P', 'EMB_P', 'EMB_P', 'EMB_P', 'EMB_P', 'EMB_P', 'EMB_P', 'EMB_P', 'EMB_P', 'EMB_P', 'EMB_P', 'EMB_P', 'EMB_P', 'EMB_P', 'EMB_P', 'EMB_P', 'EMB_P', 'EMB_P', 'EMB_P', 'EMB_P', 'EMB_P', 'EMB_P', 'EMB_P', 'EMB_P', 'EMB_P', 'EMB_P', 'EMB_P', 'EMB_P', 'EMB_P', 'EMB_P', 'EMB_P', 'EMB_P', 'EMB_P', 'EMB_P', 'EMB_P', 'EMB_P', 'EMB_P', 'EMB_P', 'EMB_P', 'EMB_P', 'EMB_P', 'EMB_P', 'EMB_P', 'EMB_P', 'EMB_P', 'EMB_P', 'EMB_P', 'EMB_P']","['EMB_O', 'EMB_O', 'EMB_O', 'EMB_O', 'EMB_O', 'EMB_O', 'EMB_O', 'EMB_O', 'EMB_O', 'EMB_O', 'EMB_O', 'EMB_O', 'EMB_O', 'EMB_O', 'EMB_O', 'EMB_O', 'EMB_O', 'EMB_O', 'EMB_O', 'EMB_O', 'EMB_O', 'EMB_O', 'OPN_B', 'OPN_I', 'OPN_I', 'OPN_I', 'OPN_I', 'OPN_I', 'OPN_I', 'OPN_I', 'OPN_E', 'EMB_O', 'EMB_O', 'EMB_O', 'EMB_O', 'EMB_P', 'EMB_P', 'EMB_P', 'EMB_P', 'EMB_P', 'EMB_P', 'EMB_P', 'EMB_P', 'EMB_P', 'EMB_P', 'EMB_P', 'EMB_P', 'EMB_P', 'EMB_P', 'EMB_P', 'EMB_P', 'EMB_P', 'EMB_P', 'EMB_P', 'EMB_P', 'EMB_P', 'EMB_P', 'EMB_P', 'EMB_P', 'EMB_P', 'EMB_P', 'EMB_P', 'EMB_P', 'EMB_P', 'EMB_P', 'EMB_P', 'EMB_P', 'EMB_P', 'EMB_P', 'EMB_P', 'EMB_P', 'EMB_P', 'EMB_P', 'EMB_P', 'EMB_P', 'EMB_P', 'EMB_P', 'EMB_P', 'EMB_P', 'EMB_P', 'EMB_P', 'EMB_P', 'EMB_P', 'EMB_P', 'EMB_P', 'EMB_P', 'EMB_P', 'EMB_P', 'EMB_P', 'EMB_P', 'EMB_P', 'EMB_P', 'EMB_P', 'EMB_P', 'EMB_P', 'EMB_P', 'EMB_P', 'EMB_P', 'EMB_P', 'EMB_P', 'EMB_P', 'EMB_P', 'EMB_P', 'EMB_P', 'EMB_P', 'EMB_P', 'EMB_P', 'EMB_P', 'EMB_P', 'EMB_P', 'EMB_P', 'EMB_P', 'EMB_P', 'EMB_P', 'EMB_P', 'EMB_P', 'EMB_P', 'EMB_P', 'EMB_P', 'EMB_P', 'EMB_P', 'EMB_P', 'EMB_P', 'EMB_P', 'EMB_P', 'EMB_P', 'EMB_P', 'EMB_P']"
376,страви,стояли вже пару діб,31004:8_1233,"Було повне відчуття і від виду і від смаку, що страви стояли вже пару діб і були просто розігріті в мікрохвильовці.",2.5,6.5,"['EMB_O', 'EMB_O', 'EMB_O', 'EMB_O', 'EMB_O', 'EMB_O', 'EMB_O', 'EMB_O', 'EMB_O', 'EMB_O', 'EMB_O', 'EMB_O', 'EMB_O', 'EMB_O', 'EMB_O', 'EMB_O', 'EMB_O', 'ASP_B', 'ASP_E', 'EMB_O', 'EMB_O', 'EMB_O', 'EMB_O', 'EMB_O', 'EMB_O', 'EMB_O', 'EMB_O', 'EMB_O', 'EMB_O', 'EMB_O', 'EMB_O', 'EMB_O', 'EMB_O', 'EMB_O', 'EMB_O', 'EMB_O', 'EMB_O', 'EMB_O', 'EMB_O', 'EMB_O', 'EMB_O', 'EMB_O', 'EMB_O', 'EMB_O', 'EMB_P', 'EMB_P', 'EMB_P', 'EMB_P', 'EMB_P', 'EMB_P', 'EMB_P', 'EMB_P', 'EMB_P', 'EMB_P', 'EMB_P', 'EMB_P', 'EMB_P', 'EMB_P', 'EMB_P', 'EMB_P', 'EMB_P', 'EMB_P', 'EMB_P', 'EMB_P', 'EMB_P', 'EMB_P', 'EMB_P', 'EMB_P', 'EMB_P', 'EMB_P', 'EMB_P', 'EMB_P', 'EMB_P', 'EMB_P', 'EMB_P', 'EMB_P', 'EMB_P', 'EMB_P', 'EMB_P', 'EMB_P', 'EMB_P', 'EMB_P', 'EMB_P', 'EMB_P', 'EMB_P', 'EMB_P', 'EMB_P', 'EMB_P', 'EMB_P', 'EMB_P', 'EMB_P', 'EMB_P', 'EMB_P', 'EMB_P', 'EMB_P', 'EMB_P', 'EMB_P', 'EMB_P', 'EMB_P', 'EMB_P', 'EMB_P', 'EMB_P', 'EMB_P', 'EMB_P', 'EMB_P', 'EMB_P', 'EMB_P', 'EMB_P', 'EMB_P', 'EMB_P', 'EMB_P', 'EMB_P', 'EMB_P', 'EMB_P', 'EMB_P', 'EMB_P', 'EMB_P', 'EMB_P', 'EMB_P', 'EMB_P', 'EMB_P', 'EMB_P', 'EMB_P', 'EMB_P', 'EMB_P', 'EMB_P', 'EMB_P', 'EMB_P']","['EMB_O', 'EMB_O', 'EMB_O', 'EMB_O', 'EMB_O', 'EMB_O', 'EMB_O', 'EMB_O', 'EMB_O', 'EMB_O', 'EMB_O', 'EMB_O', 'EMB_O', 'EMB_O', 'EMB_O', 'EMB_O', 'EMB_O', 'EMB_O', 'EMB_O', 'OPN_B', 'OPN_I', 'OPN_I', 'OPN_I', 'OPN_I', 'OPN_I', 'OPN_E', 'EMB_O', 'EMB_O', 'EMB_O', 'EMB_O', 'EMB_O', 'EMB_O', 'EMB_O', 'EMB_O', 'EMB_O', 'EMB_O', 'EMB_O', 'EMB_O', 'EMB_O', 'EMB_O', 'EMB_O', 'EMB_O', 'EMB_O', 'EMB_O', 'EMB_P', 'EMB_P', 'EMB_P', 'EMB_P', 'EMB_P', 'EMB_P', 'EMB_P', 'EMB_P', 'EMB_P', 'EMB_P', 'EMB_P', 'EMB_P', 'EMB_P', 'EMB_P', 'EMB_P', 'EMB_P', 'EMB_P', 'EMB_P', 'EMB_P', 'EMB_P', 'EMB_P', 'EMB_P', 'EMB_P', 'EMB_P', 'EMB_P', 'EMB_P', 'EMB_P', 'EMB_P', 'EMB_P', 'EMB_P', 'EMB_P', 'EMB_P', 'EMB_P', 'EMB_P', 'EMB_P', 'EMB_P', 'EMB_P', 'EMB_P', 'EMB_P', 'EMB_P', 'EMB_P', 'EMB_P', 'EMB_P', 'EMB_P', 'EMB_P', 'EMB_P', 'EMB_P', 'EMB_P', 'EMB_P', 'EMB_P', 'EMB_P', 'EMB_P', 'EMB_P', 'EMB_P', 'EMB_P', 'EMB_P', 'EMB_P', 'EMB_P', 'EMB_P', 'EMB_P', 'EMB_P', 'EMB_P', 'EMB_P', 'EMB_P', 'EMB_P', 'EMB_P', 'EMB_P', 'EMB_P', 'EMB_P', 'EMB_P', 'EMB_P', 'EMB_P', 'EMB_P', 'EMB_P', 'EMB_P', 'EMB_P', 'EMB_P', 'EMB_P', 'EMB_P', 'EMB_P', 'EMB_P', 'EMB_P', 'EMB_P', 'EMB_P']"
377,солі,Ніякої,31004:9_1234,"Ніякої солі, ніяких спецій, абсолютно прісн їжа (хоча, не сперечаюся, хтось любить і так, але офіціанти могли б попередити і поставити на стіл побільше спецій)!",1.88,7.75,"['EMB_O', 'EMB_O', 'EMB_O', 'EMB_O', 'ASP_B', 'ASP_E', 'EMB_O', 'EMB_O', 'EMB_O', 'EMB_O', 'EMB_O', 'EMB_O', 'EMB_O', 'EMB_O', 'EMB_O', 'EMB_O', 'EMB_O', 'EMB_O', 'EMB_O', 'EMB_O', 'EMB_O', 'EMB_O', 'EMB_O', 'EMB_O', 'EMB_O', 'EMB_O', 'EMB_O', 'EMB_O', 'EMB_O', 'EMB_O', 'EMB_O', 'EMB_O', 'EMB_O', 'EMB_O', 'EMB_O', 'EMB_O', 'EMB_O', 'EMB_O', 'EMB_O', 'EMB_O', 'EMB_O', 'EMB_O', 'EMB_O', 'EMB_O', 'EMB_O', 'EMB_O', 'EMB_O', 'EMB_O', 'EMB_O', 'EMB_O', 'EMB_O', 'EMB_O', 'EMB_O', 'EMB_O', 'EMB_O', 'EMB_O', 'EMB_O', 'EMB_O', 'EMB_O', 'EMB_O', 'EMB_O', 'EMB_O', 'EMB_O', 'EMB_O', 'EMB_O', 'EMB_O', 'EMB_O', 'EMB_P', 'EMB_P', 'EMB_P', 'EMB_P', 'EMB_P', 'EMB_P', 'EMB_P', 'EMB_P', 'EMB_P', 'EMB_P', 'EMB_P', 'EMB_P', 'EMB_P', 'EMB_P', 'EMB_P', 'EMB_P', 'EMB_P', 'EMB_P', 'EMB_P', 'EMB_P', 'EMB_P', 'EMB_P', 'EMB_P', 'EMB_P', 'EMB_P', 'EMB_P', 'EMB_P', 'EMB_P', 'EMB_P', 'EMB_P', 'EMB_P', 'EMB_P', 'EMB_P', 'EMB_P', 'EMB_P', 'EMB_P', 'EMB_P', 'EMB_P', 'EMB_P', 'EMB_P', 'EMB_P', 'EMB_P', 'EMB_P', 'EMB_P', 'EMB_P', 'EMB_P', 'EMB_P', 'EMB_P', 'EMB_P', 'EMB_P', 'EMB_P', 'EMB_P', 'EMB_P', 'EMB_P', 'EMB_P', 'EMB_P', 'EMB_P', 'EMB_P', 'EMB_P', 'EMB_P', 'EMB_P']","['EMB_O', 'OPN_B', 'OPN_I', 'OPN_E', 'EMB_O', 'EMB_O', 'EMB_O', 'EMB_O', 'EMB_O', 'EMB_O', 'EMB_O', 'EMB_O', 'EMB_O', 'EMB_O', 'EMB_O', 'EMB_O', 'EMB_O', 'EMB_O', 'EMB_O', 'EMB_O', 'EMB_O', 'EMB_O', 'EMB_O', 'EMB_O', 'EMB_O', 'EMB_O', 'EMB_O', 'EMB_O', 'EMB_O', 'EMB_O', 'EMB_O', 'EMB_O', 'EMB_O', 'EMB_O', 'EMB_O', 'EMB_O', 'EMB_O', 'EMB_O', 'EMB_O', 'EMB_O', 'EMB_O', 'EMB_O', 'EMB_O', 'EMB_O', 'EMB_O', 'EMB_O', 'EMB_O', 'EMB_O', 'EMB_O', 'EMB_O', 'EMB_O', 'EMB_O', 'EMB_O', 'EMB_O', 'EMB_O', 'EMB_O', 'EMB_O', 'EMB_O', 'EMB_O', 'EMB_O', 'EMB_O', 'EMB_O', 'EMB_O', 'EMB_O', 'EMB_O', 'EMB_O', 'EMB_O', 'EMB_P', 'EMB_P', 'EMB_P', 'EMB_P', 'EMB_P', 'EMB_P', 'EMB_P', 'EMB_P', 'EMB_P', 'EMB_P', 'EMB_P', 'EMB_P', 'EMB_P', 'EMB_P', 'EMB_P', 'EMB_P', 'EMB_P', 'EMB_P', 'EMB_P', 'EMB_P', 'EMB_P', 'EMB_P', 'EMB_P', 'EMB_P', 'EMB_P', 'EMB_P', 'EMB_P', 'EMB_P', 'EMB_P', 'EMB_P', 'EMB_P', 'EMB_P', 'EMB_P', 'EMB_P', 'EMB_P', 'EMB_P', 'EMB_P', 'EMB_P', 'EMB_P', 'EMB_P', 'EMB_P', 'EMB_P', 'EMB_P', 'EMB_P', 'EMB_P', 'EMB_P', 'EMB_P', 'EMB_P', 'EMB_P', 'EMB_P', 'EMB_P', 'EMB_P', 'EMB_P', 'EMB_P', 'EMB_P', 'EMB_P', 'EMB_P', 'EMB_P', 'EMB_P', 'EMB_P', 'EMB_P']"
378,спецій,ніяких,31004:9_1234,"Ніякої солі, ніяких спецій, абсолютно прісн їжа (хоча, не сперечаюся, хтось любить і так, але офіціанти могли б попередити і поставити на стіл побільше спецій)!",2.3,7.0,"['EMB_O', 'EMB_O', 'EMB_O', 'EMB_O', 'EMB_O', 'EMB_O', 'EMB_O', 'EMB_O', 'EMB_O', 'EMB_O', 'ASP_B', 'ASP_I', 'ASP_E', 'EMB_O', 'EMB_O', 'EMB_O', 'EMB_O', 'EMB_O', 'EMB_O', 'EMB_O', 'EMB_O', 'EMB_O', 'EMB_O', 'EMB_O', 'EMB_O', 'EMB_O', 'EMB_O', 'EMB_O', 'EMB_O', 'EMB_O', 'EMB_O', 'EMB_O', 'EMB_O', 'EMB_O', 'EMB_O', 'EMB_O', 'EMB_O', 'EMB_O', 'EMB_O', 'EMB_O', 'EMB_O', 'EMB_O', 'EMB_O', 'EMB_O', 'EMB_O', 'EMB_O', 'EMB_O', 'EMB_O', 'EMB_O', 'EMB_O', 'EMB_O', 'EMB_O', 'EMB_O', 'EMB_O', 'EMB_O', 'EMB_O', 'EMB_O', 'EMB_O', 'EMB_O', 'EMB_O', 'EMB_O', 'EMB_O', 'EMB_O', 'EMB_O', 'EMB_O', 'EMB_O', 'EMB_O', 'EMB_P', 'EMB_P', 'EMB_P', 'EMB_P', 'EMB_P', 'EMB_P', 'EMB_P', 'EMB_P', 'EMB_P', 'EMB_P', 'EMB_P', 'EMB_P', 'EMB_P', 'EMB_P', 'EMB_P', 'EMB_P', 'EMB_P', 'EMB_P', 'EMB_P', 'EMB_P', 'EMB_P', 'EMB_P', 'EMB_P', 'EMB_P', 'EMB_P', 'EMB_P', 'EMB_P', 'EMB_P', 'EMB_P', 'EMB_P', 'EMB_P', 'EMB_P', 'EMB_P', 'EMB_P', 'EMB_P', 'EMB_P', 'EMB_P', 'EMB_P', 'EMB_P', 'EMB_P', 'EMB_P', 'EMB_P', 'EMB_P', 'EMB_P', 'EMB_P', 'EMB_P', 'EMB_P', 'EMB_P', 'EMB_P', 'EMB_P', 'EMB_P', 'EMB_P', 'EMB_P', 'EMB_P', 'EMB_P', 'EMB_P', 'EMB_P', 'EMB_P', 'EMB_P', 'EMB_P', 'EMB_P']","['EMB_O', 'EMB_O', 'EMB_O', 'EMB_O', 'EMB_O', 'EMB_O', 'EMB_O', 'OPN_B', 'OPN_I', 'OPN_E', 'EMB_O', 'EMB_O', 'EMB_O', 'EMB_O', 'EMB_O', 'EMB_O', 'EMB_O', 'EMB_O', 'EMB_O', 'EMB_O', 'EMB_O', 'EMB_O', 'EMB_O', 'EMB_O', 'EMB_O', 'EMB_O', 'EMB_O', 'EMB_O', 'EMB_O', 'EMB_O', 'EMB_O', 'EMB_O', 'EMB_O', 'EMB_O', 'EMB_O', 'EMB_O', 'EMB_O', 'EMB_O', 'EMB_O', 'EMB_O', 'EMB_O', 'EMB_O', 'EMB_O', 'EMB_O', 'EMB_O', 'EMB_O', 'EMB_O', 'EMB_O', 'EMB_O', 'EMB_O', 'EMB_O', 'EMB_O', 'EMB_O', 'EMB_O', 'EMB_O', 'EMB_O', 'EMB_O', 'EMB_O', 'EMB_O', 'EMB_O', 'EMB_O', 'EMB_O', 'EMB_O', 'EMB_O', 'EMB_O', 'EMB_O', 'EMB_O', 'EMB_P', 'EMB_P', 'EMB_P', 'EMB_P', 'EMB_P', 'EMB_P', 'EMB_P', 'EMB_P', 'EMB_P', 'EMB_P', 'EMB_P', 'EMB_P', 'EMB_P', 'EMB_P', 'EMB_P', 'EMB_P', 'EMB_P', 'EMB_P', 'EMB_P', 'EMB_P', 'EMB_P', 'EMB_P', 'EMB_P', 'EMB_P', 'EMB_P', 'EMB_P', 'EMB_P', 'EMB_P', 'EMB_P', 'EMB_P', 'EMB_P', 'EMB_P', 'EMB_P', 'EMB_P', 'EMB_P', 'EMB_P', 'EMB_P', 'EMB_P', 'EMB_P', 'EMB_P', 'EMB_P', 'EMB_P', 'EMB_P', 'EMB_P', 'EMB_P', 'EMB_P', 'EMB_P', 'EMB_P', 'EMB_P', 'EMB_P', 'EMB_P', 'EMB_P', 'EMB_P', 'EMB_P', 'EMB_P', 'EMB_P', 'EMB_P', 'EMB_P', 'EMB_P', 'EMB_P', 'EMB_P']"
379,їжа,абсолютно прісн,31004:9_1234,"Ніякої солі, ніяких спецій, абсолютно прісн їжа (хоча, не сперечаюся, хтось любить і так, але офіціанти могли б попередити і поставити на стіл побільше спецій)!",2.4,7.1,"['EMB_O', 'EMB_O', 'EMB_O', 'EMB_O', 'EMB_O', 'EMB_O', 'EMB_O', 'EMB_O', 'EMB_O', 'EMB_O', 'EMB_O', 'EMB_O', 'EMB_O', 'EMB_O', 'EMB_O', 'EMB_O', 'EMB_O', 'EMB_O', 'EMB_O', 'ASP_B', 'ASP_E', 'EMB_O', 'EMB_O', 'EMB_O', 'EMB_O', 'EMB_O', 'EMB_O', 'EMB_O', 'EMB_O', 'EMB_O', 'EMB_O', 'EMB_O', 'EMB_O', 'EMB_O', 'EMB_O', 'EMB_O', 'EMB_O', 'EMB_O', 'EMB_O', 'EMB_O', 'EMB_O', 'EMB_O', 'EMB_O', 'EMB_O', 'EMB_O', 'EMB_O', 'EMB_O', 'EMB_O', 'EMB_O', 'EMB_O', 'EMB_O', 'EMB_O', 'EMB_O', 'EMB_O', 'EMB_O', 'EMB_O', 'EMB_O', 'EMB_O', 'EMB_O', 'EMB_O', 'EMB_O', 'EMB_O', 'EMB_O', 'EMB_O', 'EMB_O', 'EMB_O', 'EMB_O', 'EMB_P', 'EMB_P', 'EMB_P', 'EMB_P', 'EMB_P', 'EMB_P', 'EMB_P', 'EMB_P', 'EMB_P', 'EMB_P', 'EMB_P', 'EMB_P', 'EMB_P', 'EMB_P', 'EMB_P', 'EMB_P', 'EMB_P', 'EMB_P', 'EMB_P', 'EMB_P', 'EMB_P', 'EMB_P', 'EMB_P', 'EMB_P', 'EMB_P', 'EMB_P', 'EMB_P', 'EMB_P', 'EMB_P', 'EMB_P', 'EMB_P', 'EMB_P', 'EMB_P', 'EMB_P', 'EMB_P', 'EMB_P', 'EMB_P', 'EMB_P', 'EMB_P', 'EMB_P', 'EMB_P', 'EMB_P', 'EMB_P', 'EMB_P', 'EMB_P', 'EMB_P', 'EMB_P', 'EMB_P', 'EMB_P', 'EMB_P', 'EMB_P', 'EMB_P', 'EMB_P', 'EMB_P', 'EMB_P', 'EMB_P', 'EMB_P', 'EMB_P', 'EMB_P', 'EMB_P', 'EMB_P']","['EMB_O', 'EMB_O', 'EMB_O', 'EMB_O', 'EMB_O', 'EMB_O', 'EMB_O', 'EMB_O', 'EMB_O', 'EMB_O', 'EMB_O', 'EMB_O', 'EMB_O', 'EMB_O', 'OPN_B', 'OPN_I', 'OPN_I', 'OPN_I', 'OPN_E', 'EMB_O', 'EMB_O', 'EMB_O', 'EMB_O', 'EMB_O', 'EMB_O', 'EMB_O', 'EMB_O', 'EMB_O', 'EMB_O', 'EMB_O', 'EMB_O', 'EMB_O', 'EMB_O', 'EMB_O', 'EMB_O', 'EMB_O', 'EMB_O', 'EMB_O', 'EMB_O', 'EMB_O', 'EMB_O', 'EMB_O', 'EMB_O', 'EMB_O', 'EMB_O', 'EMB_O', 'EMB_O', 'EMB_O', 'EMB_O', 'EMB_O', 'EMB_O', 'EMB_O', 'EMB_O', 'EMB_O', 'EMB_O', 'EMB_O', 'EMB_O', 'EMB_O', 'EMB_O', 'EMB_O', 'EMB_O', 'EMB_O', 'EMB_O', 'EMB_O', 'EMB_O', 'EMB_O', 'EMB_O', 'EMB_P', 'EMB_P', 'EMB_P', 'EMB_P', 'EMB_P', 'EMB_P', 'EMB_P', 'EMB_P', 'EMB_P', 'EMB_P', 'EMB_P', 'EMB_P', 'EMB_P', 'EMB_P', 'EMB_P', 'EMB_P', 'EMB_P', 'EMB_P', 'EMB_P', 'EMB_P', 'EMB_P', 'EMB_P', 'EMB_P', 'EMB_P', 'EMB_P', 'EMB_P', 'EMB_P', 'EMB_P', 'EMB_P', 'EMB_P', 'EMB_P', 'EMB_P', 'EMB_P', 'EMB_P', 'EMB_P', 'EMB_P', 'EMB_P', 'EMB_P', 'EMB_P', 'EMB_P', 'EMB_P', 'EMB_P', 'EMB_P', 'EMB_P', 'EMB_P', 'EMB_P', 'EMB_P', 'EMB_P', 'EMB_P', 'EMB_P', 'EMB_P', 'EMB_P', 'EMB_P', 'EMB_P', 'EMB_P', 'EMB_P', 'EMB_P', 'EMB_P', 'EMB_P', 'EMB_P', 'EMB_P']"
380,офіціанти,могли б попередити,31004:9_1234,"Ніякої солі, ніяких спецій, абсолютно прісн їжа (хоча, не сперечаюся, хтось любить і так, але офіціанти могли б попередити і поставити на стіл побільше спецій)!",3.25,6.25,"['EMB_O', 'EMB_O', 'EMB_O', 'EMB_O', 'EMB_O', 'EMB_O', 'EMB_O', 'EMB_O', 'EMB_O', 'EMB_O', 'EMB_O', 'EMB_O', 'EMB_O', 'EMB_O', 'EMB_O', 'EMB_O', 'EMB_O', 'EMB_O', 'EMB_O', 'EMB_O', 'EMB_O', 'EMB_O', 'EMB_O', 'EMB_O', 'EMB_O', 'EMB_O', 'EMB_O', 'EMB_O', 'EMB_O', 'EMB_O', 'EMB_O', 'EMB_O', 'EMB_O', 'EMB_O', 'EMB_O', 'EMB_O', 'EMB_O', 'EMB_O', 'EMB_O', 'EMB_O', 'ASP_B', 'ASP_I', 'ASP_I', 'ASP_I', 'ASP_E', 'EMB_O', 'EMB_O', 'EMB_O', 'EMB_O', 'EMB_O', 'EMB_O', 'EMB_O', 'EMB_O', 'EMB_O', 'EMB_O', 'EMB_O', 'EMB_O', 'EMB_O', 'EMB_O', 'EMB_O', 'EMB_O', 'EMB_O', 'EMB_O', 'EMB_O', 'EMB_O', 'EMB_O', 'EMB_O', 'EMB_P', 'EMB_P', 'EMB_P', 'EMB_P', 'EMB_P', 'EMB_P', 'EMB_P', 'EMB_P', 'EMB_P', 'EMB_P', 'EMB_P', 'EMB_P', 'EMB_P', 'EMB_P', 'EMB_P', 'EMB_P', 'EMB_P', 'EMB_P', 'EMB_P', 'EMB_P', 'EMB_P', 'EMB_P', 'EMB_P', 'EMB_P', 'EMB_P', 'EMB_P', 'EMB_P', 'EMB_P', 'EMB_P', 'EMB_P', 'EMB_P', 'EMB_P', 'EMB_P', 'EMB_P', 'EMB_P', 'EMB_P', 'EMB_P', 'EMB_P', 'EMB_P', 'EMB_P', 'EMB_P', 'EMB_P', 'EMB_P', 'EMB_P', 'EMB_P', 'EMB_P', 'EMB_P', 'EMB_P', 'EMB_P', 'EMB_P', 'EMB_P', 'EMB_P', 'EMB_P', 'EMB_P', 'EMB_P', 'EMB_P', 'EMB_P', 'EMB_P', 'EMB_P', 'EMB_P', 'EMB_P']","['EMB_O', 'EMB_O', 'EMB_O', 'EMB_O', 'EMB_O', 'EMB_O', 'EMB_O', 'EMB_O', 'EMB_O', 'EMB_O', 'EMB_O', 'EMB_O', 'EMB_O', 'EMB_O', 'EMB_O', 'EMB_O', 'EMB_O', 'EMB_O', 'EMB_O', 'EMB_O', 'EMB_O', 'EMB_O', 'EMB_O', 'EMB_O', 'EMB_O', 'EMB_O', 'EMB_O', 'EMB_O', 'EMB_O', 'EMB_O', 'EMB_O', 'EMB_O', 'EMB_O', 'EMB_O', 'EMB_O', 'EMB_O', 'EMB_O', 'EMB_O', 'EMB_O', 'EMB_O', 'EMB_O', 'EMB_O', 'EMB_O', 'EMB_O', 'EMB_O', 'OPN_B', 'OPN_I', 'OPN_I', 'OPN_I', 'OPN_I', 'OPN_E', 'EMB_O', 'EMB_O', 'EMB_O', 'EMB_O', 'EMB_O', 'EMB_O', 'EMB_O', 'EMB_O', 'EMB_O', 'EMB_O', 'EMB_O', 'EMB_O', 'EMB_O', 'EMB_O', 'EMB_O', 'EMB_O', 'EMB_P', 'EMB_P', 'EMB_P', 'EMB_P', 'EMB_P', 'EMB_P', 'EMB_P', 'EMB_P', 'EMB_P', 'EMB_P', 'EMB_P', 'EMB_P', 'EMB_P', 'EMB_P', 'EMB_P', 'EMB_P', 'EMB_P', 'EMB_P', 'EMB_P', 'EMB_P', 'EMB_P', 'EMB_P', 'EMB_P', 'EMB_P', 'EMB_P', 'EMB_P', 'EMB_P', 'EMB_P', 'EMB_P', 'EMB_P', 'EMB_P', 'EMB_P', 'EMB_P', 'EMB_P', 'EMB_P', 'EMB_P', 'EMB_P', 'EMB_P', 'EMB_P', 'EMB_P', 'EMB_P', 'EMB_P', 'EMB_P', 'EMB_P', 'EMB_P', 'EMB_P', 'EMB_P', 'EMB_P', 'EMB_P', 'EMB_P', 'EMB_P', 'EMB_P', 'EMB_P', 'EMB_P', 'EMB_P', 'EMB_P', 'EMB_P', 'EMB_P', 'EMB_P', 'EMB_P', 'EMB_P']"
381,салат із зелені і овочів,Найбільш їстівним,31004:13_1235,"Найбільш їстівним виявився салат із зелені і овочів, погодьтеся, складно зіпсувати.",6.5,5.5,"['EMB_O', 'EMB_O', 'EMB_O', 'EMB_O', 'EMB_O', 'EMB_O', 'EMB_O', 'EMB_O', 'EMB_O', 'EMB_O', 'EMB_O', 'ASP_B', 'ASP_I', 'ASP_I', 'ASP_I', 'ASP_I', 'ASP_I', 'ASP_I', 'ASP_I', 'ASP_E', 'EMB_O', 'EMB_O', 'EMB_O', 'EMB_O', 'EMB_O', 'EMB_O', 'EMB_O', 'EMB_O', 'EMB_O', 'EMB_O', 'EMB_O', 'EMB_O', 'EMB_O', 'EMB_O', 'EMB_O', 'EMB_P', 'EMB_P', 'EMB_P', 'EMB_P', 'EMB_P', 'EMB_P', 'EMB_P', 'EMB_P', 'EMB_P', 'EMB_P', 'EMB_P', 'EMB_P', 'EMB_P', 'EMB_P', 'EMB_P', 'EMB_P', 'EMB_P', 'EMB_P', 'EMB_P', 'EMB_P', 'EMB_P', 'EMB_P', 'EMB_P', 'EMB_P', 'EMB_P', 'EMB_P', 'EMB_P', 'EMB_P', 'EMB_P', 'EMB_P', 'EMB_P', 'EMB_P', 'EMB_P', 'EMB_P', 'EMB_P', 'EMB_P', 'EMB_P', 'EMB_P', 'EMB_P', 'EMB_P', 'EMB_P', 'EMB_P', 'EMB_P', 'EMB_P', 'EMB_P', 'EMB_P', 'EMB_P', 'EMB_P', 'EMB_P', 'EMB_P', 'EMB_P', 'EMB_P', 'EMB_P', 'EMB_P', 'EMB_P', 'EMB_P', 'EMB_P', 'EMB_P', 'EMB_P', 'EMB_P', 'EMB_P', 'EMB_P', 'EMB_P', 'EMB_P', 'EMB_P', 'EMB_P', 'EMB_P', 'EMB_P', 'EMB_P', 'EMB_P', 'EMB_P', 'EMB_P', 'EMB_P', 'EMB_P', 'EMB_P', 'EMB_P', 'EMB_P', 'EMB_P', 'EMB_P', 'EMB_P', 'EMB_P', 'EMB_P', 'EMB_P', 'EMB_P', 'EMB_P', 'EMB_P', 'EMB_P', 'EMB_P', 'EMB_P', 'EMB_P', 'EMB_P', 'EMB_P', 'EMB_P']","['EMB_O', 'OPN_B', 'OPN_I', 'OPN_I', 'OPN_I', 'OPN_I', 'OPN_I', 'OPN_E', 'EMB_O', 'EMB_O', 'EMB_O', 'EMB_O', 'EMB_O', 'EMB_O', 'EMB_O', 'EMB_O', 'EMB_O', 'EMB_O', 'EMB_O', 'EMB_O', 'EMB_O', 'EMB_O', 'EMB_O', 'EMB_O', 'EMB_O', 'EMB_O', 'EMB_O', 'EMB_O', 'EMB_O', 'EMB_O', 'EMB_O', 'EMB_O', 'EMB_O', 'EMB_O', 'EMB_O', 'EMB_P', 'EMB_P', 'EMB_P', 'EMB_P', 'EMB_P', 'EMB_P', 'EMB_P', 'EMB_P', 'EMB_P', 'EMB_P', 'EMB_P', 'EMB_P', 'EMB_P', 'EMB_P', 'EMB_P', 'EMB_P', 'EMB_P', 'EMB_P', 'EMB_P', 'EMB_P', 'EMB_P', 'EMB_P', 'EMB_P', 'EMB_P', 'EMB_P', 'EMB_P', 'EMB_P', 'EMB_P', 'EMB_P', 'EMB_P', 'EMB_P', 'EMB_P', 'EMB_P', 'EMB_P', 'EMB_P', 'EMB_P', 'EMB_P', 'EMB_P', 'EMB_P', 'EMB_P', 'EMB_P', 'EMB_P', 'EMB_P', 'EMB_P', 'EMB_P', 'EMB_P', 'EMB_P', 'EMB_P', 'EMB_P', 'EMB_P', 'EMB_P', 'EMB_P', 'EMB_P', 'EMB_P', 'EMB_P', 'EMB_P', 'EMB_P', 'EMB_P', 'EMB_P', 'EMB_P', 'EMB_P', 'EMB_P', 'EMB_P', 'EMB_P', 'EMB_P', 'EMB_P', 'EMB_P', 'EMB_P', 'EMB_P', 'EMB_P', 'EMB_P', 'EMB_P', 'EMB_P', 'EMB_P', 'EMB_P', 'EMB_P', 'EMB_P', 'EMB_P', 'EMB_P', 'EMB_P', 'EMB_P', 'EMB_P', 'EMB_P', 'EMB_P', 'EMB_P', 'EMB_P', 'EMB_P', 'EMB_P', 'EMB_P', 'EMB_P', 'EMB_P', 'EMB_P', 'EMB_P']"
382,кухні,абсолютно невиправдані,31004:14_1236,"Ціни загалом, середні, але при такій кухні абсолютно невиправдані.",2.17,6.83,"['EMB_O', 'EMB_O', 'EMB_O', 'EMB_O', 'EMB_O', 'EMB_O', 'EMB_O', 'EMB_O', 'EMB_O', 'EMB_O', 'EMB_O', 'EMB_O', 'EMB_O', 'ASP_B', 'ASP_I', 'ASP_E', 'EMB_O', 'EMB_O', 'EMB_O', 'EMB_O', 'EMB_O', 'EMB_O', 'EMB_O', 'EMB_O', 'EMB_O', 'EMB_O', 'EMB_P', 'EMB_P', 'EMB_P', 'EMB_P', 'EMB_P', 'EMB_P', 'EMB_P', 'EMB_P', 'EMB_P', 'EMB_P', 'EMB_P', 'EMB_P', 'EMB_P', 'EMB_P', 'EMB_P', 'EMB_P', 'EMB_P', 'EMB_P', 'EMB_P', 'EMB_P', 'EMB_P', 'EMB_P', 'EMB_P', 'EMB_P', 'EMB_P', 'EMB_P', 'EMB_P', 'EMB_P', 'EMB_P', 'EMB_P', 'EMB_P', 'EMB_P', 'EMB_P', 'EMB_P', 'EMB_P', 'EMB_P', 'EMB_P', 'EMB_P', 'EMB_P', 'EMB_P', 'EMB_P', 'EMB_P', 'EMB_P', 'EMB_P', 'EMB_P', 'EMB_P', 'EMB_P', 'EMB_P', 'EMB_P', 'EMB_P', 'EMB_P', 'EMB_P', 'EMB_P', 'EMB_P', 'EMB_P', 'EMB_P', 'EMB_P', 'EMB_P', 'EMB_P', 'EMB_P', 'EMB_P', 'EMB_P', 'EMB_P', 'EMB_P', 'EMB_P', 'EMB_P', 'EMB_P', 'EMB_P', 'EMB_P', 'EMB_P', 'EMB_P', 'EMB_P', 'EMB_P', 'EMB_P', 'EMB_P', 'EMB_P', 'EMB_P', 'EMB_P', 'EMB_P', 'EMB_P', 'EMB_P', 'EMB_P', 'EMB_P', 'EMB_P', 'EMB_P', 'EMB_P', 'EMB_P', 'EMB_P', 'EMB_P', 'EMB_P', 'EMB_P', 'EMB_P', 'EMB_P', 'EMB_P', 'EMB_P', 'EMB_P', 'EMB_P', 'EMB_P', 'EMB_P', 'EMB_P', 'EMB_P', 'EMB_P']","['EMB_O', 'EMB_O', 'EMB_O', 'EMB_O', 'EMB_O', 'EMB_O', 'EMB_O', 'EMB_O', 'EMB_O', 'EMB_O', 'EMB_O', 'EMB_O', 'EMB_O', 'EMB_O', 'EMB_O', 'EMB_O', 'OPN_B', 'OPN_I', 'OPN_I', 'OPN_I', 'OPN_I', 'OPN_I', 'OPN_I', 'OPN_E', 'EMB_O', 'EMB_O', 'EMB_P', 'EMB_P', 'EMB_P', 'EMB_P', 'EMB_P', 'EMB_P', 'EMB_P', 'EMB_P', 'EMB_P', 'EMB_P', 'EMB_P', 'EMB_P', 'EMB_P', 'EMB_P', 'EMB_P', 'EMB_P', 'EMB_P', 'EMB_P', 'EMB_P', 'EMB_P', 'EMB_P', 'EMB_P', 'EMB_P', 'EMB_P', 'EMB_P', 'EMB_P', 'EMB_P', 'EMB_P', 'EMB_P', 'EMB_P', 'EMB_P', 'EMB_P', 'EMB_P', 'EMB_P', 'EMB_P', 'EMB_P', 'EMB_P', 'EMB_P', 'EMB_P', 'EMB_P', 'EMB_P', 'EMB_P', 'EMB_P', 'EMB_P', 'EMB_P', 'EMB_P', 'EMB_P', 'EMB_P', 'EMB_P', 'EMB_P', 'EMB_P', 'EMB_P', 'EMB_P', 'EMB_P', 'EMB_P', 'EMB_P', 'EMB_P', 'EMB_P', 'EMB_P', 'EMB_P', 'EMB_P', 'EMB_P', 'EMB_P', 'EMB_P', 'EMB_P', 'EMB_P', 'EMB_P', 'EMB_P', 'EMB_P', 'EMB_P', 'EMB_P', 'EMB_P', 'EMB_P', 'EMB_P', 'EMB_P', 'EMB_P', 'EMB_P', 'EMB_P', 'EMB_P', 'EMB_P', 'EMB_P', 'EMB_P', 'EMB_P', 'EMB_P', 'EMB_P', 'EMB_P', 'EMB_P', 'EMB_P', 'EMB_P', 'EMB_P', 'EMB_P', 'EMB_P', 'EMB_P', 'EMB_P', 'EMB_P', 'EMB_P', 'EMB_P', 'EMB_P', 'EMB_P', 'EMB_P', 'EMB_P', 'EMB_P']"
383,заклад,Нормальний,31071:0_1237,"Нормальний заклад, але на мій погляд, не ""чудовий"".",5.88,4.75,"['EMB_O', 'EMB_O', 'EMB_O', 'EMB_O', 'ASP_B', 'ASP_E', 'EMB_O', 'EMB_O', 'EMB_O', 'EMB_O', 'EMB_O', 'EMB_O', 'EMB_O', 'EMB_O', 'EMB_O', 'EMB_O', 'EMB_O', 'EMB_O', 'EMB_O', 'EMB_O', 'EMB_O', 'EMB_O', 'EMB_P', 'EMB_P', 'EMB_P', 'EMB_P', 'EMB_P', 'EMB_P', 'EMB_P', 'EMB_P', 'EMB_P', 'EMB_P', 'EMB_P', 'EMB_P', 'EMB_P', 'EMB_P', 'EMB_P', 'EMB_P', 'EMB_P', 'EMB_P', 'EMB_P', 'EMB_P', 'EMB_P', 'EMB_P', 'EMB_P', 'EMB_P', 'EMB_P', 'EMB_P', 'EMB_P', 'EMB_P', 'EMB_P', 'EMB_P', 'EMB_P', 'EMB_P', 'EMB_P', 'EMB_P', 'EMB_P', 'EMB_P', 'EMB_P', 'EMB_P', 'EMB_P', 'EMB_P', 'EMB_P', 'EMB_P', 'EMB_P', 'EMB_P', 'EMB_P', 'EMB_P', 'EMB_P', 'EMB_P', 'EMB_P', 'EMB_P', 'EMB_P', 'EMB_P', 'EMB_P', 'EMB_P', 'EMB_P', 'EMB_P', 'EMB_P', 'EMB_P', 'EMB_P', 'EMB_P', 'EMB_P', 'EMB_P', 'EMB_P', 'EMB_P', 'EMB_P', 'EMB_P', 'EMB_P', 'EMB_P', 'EMB_P', 'EMB_P', 'EMB_P', 'EMB_P', 'EMB_P', 'EMB_P', 'EMB_P', 'EMB_P', 'EMB_P', 'EMB_P', 'EMB_P', 'EMB_P', 'EMB_P', 'EMB_P', 'EMB_P', 'EMB_P', 'EMB_P', 'EMB_P', 'EMB_P', 'EMB_P', 'EMB_P', 'EMB_P', 'EMB_P', 'EMB_P', 'EMB_P', 'EMB_P', 'EMB_P', 'EMB_P', 'EMB_P', 'EMB_P', 'EMB_P', 'EMB_P', 'EMB_P', 'EMB_P', 'EMB_P', 'EMB_P', 'EMB_P', 'EMB_P']","['EMB_O', 'OPN_B', 'OPN_I', 'OPN_E', 'EMB_O', 'EMB_O', 'EMB_O', 'EMB_O', 'EMB_O', 'EMB_O', 'EMB_O', 'EMB_O', 'EMB_O', 'EMB_O', 'EMB_O', 'EMB_O', 'EMB_O', 'EMB_O', 'EMB_O', 'EMB_O', 'EMB_O', 'EMB_O', 'EMB_P', 'EMB_P', 'EMB_P', 'EMB_P', 'EMB_P', 'EMB_P', 'EMB_P', 'EMB_P', 'EMB_P', 'EMB_P', 'EMB_P', 'EMB_P', 'EMB_P', 'EMB_P', 'EMB_P', 'EMB_P', 'EMB_P', 'EMB_P', 'EMB_P', 'EMB_P', 'EMB_P', 'EMB_P', 'EMB_P', 'EMB_P', 'EMB_P', 'EMB_P', 'EMB_P', 'EMB_P', 'EMB_P', 'EMB_P', 'EMB_P', 'EMB_P', 'EMB_P', 'EMB_P', 'EMB_P', 'EMB_P', 'EMB_P', 'EMB_P', 'EMB_P', 'EMB_P', 'EMB_P', 'EMB_P', 'EMB_P', 'EMB_P', 'EMB_P', 'EMB_P', 'EMB_P', 'EMB_P', 'EMB_P', 'EMB_P', 'EMB_P', 'EMB_P', 'EMB_P', 'EMB_P', 'EMB_P', 'EMB_P', 'EMB_P', 'EMB_P', 'EMB_P', 'EMB_P', 'EMB_P', 'EMB_P', 'EMB_P', 'EMB_P', 'EMB_P', 'EMB_P', 'EMB_P', 'EMB_P', 'EMB_P', 'EMB_P', 'EMB_P', 'EMB_P', 'EMB_P', 'EMB_P', 'EMB_P', 'EMB_P', 'EMB_P', 'EMB_P', 'EMB_P', 'EMB_P', 'EMB_P', 'EMB_P', 'EMB_P', 'EMB_P', 'EMB_P', 'EMB_P', 'EMB_P', 'EMB_P', 'EMB_P', 'EMB_P', 'EMB_P', 'EMB_P', 'EMB_P', 'EMB_P', 'EMB_P', 'EMB_P', 'EMB_P', 'EMB_P', 'EMB_P', 'EMB_P', 'EMB_P', 'EMB_P', 'EMB_P', 'EMB_P', 'EMB_P', 'EMB_P']"
384,зал,дуже шумно,31071:1_1238,"По-перше, дуже шумно: зал невеликий і коли всі разом розмовляють (а відвідувачів було багато), виходить такий гул, що не чути, про що говорять твої супутники, що сидять навпроти і самі столи розташовані досить близько один до одного.",2.0,8.0,"['EMB_O', 'EMB_O', 'EMB_O', 'EMB_O', 'EMB_O', 'EMB_O', 'EMB_O', 'EMB_O', 'EMB_O', 'EMB_O', 'ASP_S', 'EMB_O', 'EMB_O', 'EMB_O', 'EMB_O', 'EMB_O', 'EMB_O', 'EMB_O', 'EMB_O', 'EMB_O', 'EMB_O', 'EMB_O', 'EMB_O', 'EMB_O', 'EMB_O', 'EMB_O', 'EMB_O', 'EMB_O', 'EMB_O', 'EMB_O', 'EMB_O', 'EMB_O', 'EMB_O', 'EMB_O', 'EMB_O', 'EMB_O', 'EMB_O', 'EMB_O', 'EMB_O', 'EMB_O', 'EMB_O', 'EMB_O', 'EMB_O', 'EMB_O', 'EMB_O', 'EMB_O', 'EMB_O', 'EMB_O', 'EMB_O', 'EMB_O', 'EMB_O', 'EMB_O', 'EMB_O', 'EMB_O', 'EMB_O', 'EMB_O', 'EMB_O', 'EMB_O', 'EMB_O', 'EMB_O', 'EMB_O', 'EMB_O', 'EMB_O', 'EMB_O', 'EMB_O', 'EMB_O', 'EMB_O', 'EMB_O', 'EMB_O', 'EMB_O', 'EMB_O', 'EMB_O', 'EMB_O', 'EMB_O', 'EMB_O', 'EMB_P', 'EMB_P', 'EMB_P', 'EMB_P', 'EMB_P', 'EMB_P', 'EMB_P', 'EMB_P', 'EMB_P', 'EMB_P', 'EMB_P', 'EMB_P', 'EMB_P', 'EMB_P', 'EMB_P', 'EMB_P', 'EMB_P', 'EMB_P', 'EMB_P', 'EMB_P', 'EMB_P', 'EMB_P', 'EMB_P', 'EMB_P', 'EMB_P', 'EMB_P', 'EMB_P', 'EMB_P', 'EMB_P', 'EMB_P', 'EMB_P', 'EMB_P', 'EMB_P', 'EMB_P', 'EMB_P', 'EMB_P', 'EMB_P', 'EMB_P', 'EMB_P', 'EMB_P', 'EMB_P', 'EMB_P', 'EMB_P', 'EMB_P', 'EMB_P', 'EMB_P', 'EMB_P', 'EMB_P', 'EMB_P', 'EMB_P', 'EMB_P', 'EMB_P', 'EMB_P']","['EMB_O', 'EMB_O', 'EMB_O', 'EMB_O', 'EMB_O', 'OPN_B', 'OPN_I', 'OPN_I', 'OPN_E', 'EMB_O', 'EMB_O', 'EMB_O', 'EMB_O', 'EMB_O', 'EMB_O', 'EMB_O', 'EMB_O', 'EMB_O', 'EMB_O', 'EMB_O', 'EMB_O', 'EMB_O', 'EMB_O', 'EMB_O', 'EMB_O', 'EMB_O', 'EMB_O', 'EMB_O', 'EMB_O', 'EMB_O', 'EMB_O', 'EMB_O', 'EMB_O', 'EMB_O', 'EMB_O', 'EMB_O', 'EMB_O', 'EMB_O', 'EMB_O', 'EMB_O', 'EMB_O', 'EMB_O', 'EMB_O', 'EMB_O', 'EMB_O', 'EMB_O', 'EMB_O', 'EMB_O', 'EMB_O', 'EMB_O', 'EMB_O', 'EMB_O', 'EMB_O', 'EMB_O', 'EMB_O', 'EMB_O', 'EMB_O', 'EMB_O', 'EMB_O', 'EMB_O', 'EMB_O', 'EMB_O', 'EMB_O', 'EMB_O', 'EMB_O', 'EMB_O', 'EMB_O', 'EMB_O', 'EMB_O', 'EMB_O', 'EMB_O', 'EMB_O', 'EMB_O', 'EMB_O', 'EMB_O', 'EMB_P', 'EMB_P', 'EMB_P', 'EMB_P', 'EMB_P', 'EMB_P', 'EMB_P', 'EMB_P', 'EMB_P', 'EMB_P', 'EMB_P', 'EMB_P', 'EMB_P', 'EMB_P', 'EMB_P', 'EMB_P', 'EMB_P', 'EMB_P', 'EMB_P', 'EMB_P', 'EMB_P', 'EMB_P', 'EMB_P', 'EMB_P', 'EMB_P', 'EMB_P', 'EMB_P', 'EMB_P', 'EMB_P', 'EMB_P', 'EMB_P', 'EMB_P', 'EMB_P', 'EMB_P', 'EMB_P', 'EMB_P', 'EMB_P', 'EMB_P', 'EMB_P', 'EMB_P', 'EMB_P', 'EMB_P', 'EMB_P', 'EMB_P', 'EMB_P', 'EMB_P', 'EMB_P', 'EMB_P', 'EMB_P', 'EMB_P', 'EMB_P', 'EMB_P', 'EMB_P']"
385,столи,розташовані досить близько один до одного,31071:1_1238,"По-перше, дуже шумно: зал невеликий і коли всі разом розмовляють (а відвідувачів було багато), виходить такий гул, що не чути, про що говорять твої супутники, що сидять навпроти і самі столи розташовані досить близько один до одного.",3.2,6.2,"['EMB_O', 'EMB_O', 'EMB_O', 'EMB_O', 'EMB_O', 'EMB_O', 'EMB_O', 'EMB_O', 'EMB_O', 'EMB_O', 'EMB_O', 'EMB_O', 'EMB_O', 'EMB_O', 'EMB_O', 'EMB_O', 'EMB_O', 'EMB_O', 'EMB_O', 'EMB_O', 'EMB_O', 'EMB_O', 'EMB_O', 'EMB_O', 'EMB_O', 'EMB_O', 'EMB_O', 'EMB_O', 'EMB_O', 'EMB_O', 'EMB_O', 'EMB_O', 'EMB_O', 'EMB_O', 'EMB_O', 'EMB_O', 'EMB_O', 'EMB_O', 'EMB_O', 'EMB_O', 'EMB_O', 'EMB_O', 'EMB_O', 'EMB_O', 'EMB_O', 'EMB_O', 'EMB_O', 'EMB_O', 'EMB_O', 'EMB_O', 'EMB_O', 'EMB_O', 'EMB_O', 'EMB_O', 'EMB_O', 'EMB_O', 'EMB_O', 'EMB_O', 'EMB_O', 'EMB_O', 'EMB_O', 'EMB_O', 'EMB_O', 'EMB_O', 'EMB_O', 'ASP_B', 'ASP_E', 'EMB_O', 'EMB_O', 'EMB_O', 'EMB_O', 'EMB_O', 'EMB_O', 'EMB_O', 'EMB_O', 'EMB_P', 'EMB_P', 'EMB_P', 'EMB_P', 'EMB_P', 'EMB_P', 'EMB_P', 'EMB_P', 'EMB_P', 'EMB_P', 'EMB_P', 'EMB_P', 'EMB_P', 'EMB_P', 'EMB_P', 'EMB_P', 'EMB_P', 'EMB_P', 'EMB_P', 'EMB_P', 'EMB_P', 'EMB_P', 'EMB_P', 'EMB_P', 'EMB_P', 'EMB_P', 'EMB_P', 'EMB_P', 'EMB_P', 'EMB_P', 'EMB_P', 'EMB_P', 'EMB_P', 'EMB_P', 'EMB_P', 'EMB_P', 'EMB_P', 'EMB_P', 'EMB_P', 'EMB_P', 'EMB_P', 'EMB_P', 'EMB_P', 'EMB_P', 'EMB_P', 'EMB_P', 'EMB_P', 'EMB_P', 'EMB_P', 'EMB_P', 'EMB_P', 'EMB_P', 'EMB_P']","['EMB_O', 'EMB_O', 'EMB_O', 'EMB_O', 'EMB_O', 'EMB_O', 'EMB_O', 'EMB_O', 'EMB_O', 'EMB_O', 'EMB_O', 'EMB_O', 'EMB_O', 'EMB_O', 'EMB_O', 'EMB_O', 'EMB_O', 'EMB_O', 'EMB_O', 'EMB_O', 'EMB_O', 'EMB_O', 'EMB_O', 'EMB_O', 'EMB_O', 'EMB_O', 'EMB_O', 'EMB_O', 'EMB_O', 'EMB_O', 'EMB_O', 'EMB_O', 'EMB_O', 'EMB_O', 'EMB_O', 'EMB_O', 'EMB_O', 'EMB_O', 'EMB_O', 'EMB_O', 'EMB_O', 'EMB_O', 'EMB_O', 'EMB_O', 'EMB_O', 'EMB_O', 'EMB_O', 'EMB_O', 'EMB_O', 'EMB_O', 'EMB_O', 'EMB_O', 'EMB_O', 'EMB_O', 'EMB_O', 'EMB_O', 'EMB_O', 'EMB_O', 'EMB_O', 'EMB_O', 'EMB_O', 'EMB_O', 'EMB_O', 'EMB_O', 'EMB_O', 'EMB_O', 'EMB_O', 'OPN_B', 'OPN_I', 'OPN_I', 'OPN_I', 'OPN_I', 'OPN_E', 'EMB_O', 'EMB_O', 'EMB_P', 'EMB_P', 'EMB_P', 'EMB_P', 'EMB_P', 'EMB_P', 'EMB_P', 'EMB_P', 'EMB_P', 'EMB_P', 'EMB_P', 'EMB_P', 'EMB_P', 'EMB_P', 'EMB_P', 'EMB_P', 'EMB_P', 'EMB_P', 'EMB_P', 'EMB_P', 'EMB_P', 'EMB_P', 'EMB_P', 'EMB_P', 'EMB_P', 'EMB_P', 'EMB_P', 'EMB_P', 'EMB_P', 'EMB_P', 'EMB_P', 'EMB_P', 'EMB_P', 'EMB_P', 'EMB_P', 'EMB_P', 'EMB_P', 'EMB_P', 'EMB_P', 'EMB_P', 'EMB_P', 'EMB_P', 'EMB_P', 'EMB_P', 'EMB_P', 'EMB_P', 'EMB_P', 'EMB_P', 'EMB_P', 'EMB_P', 'EMB_P', 'EMB_P', 'EMB_P']"
386,обслуговування,дуже неприємно,31071:3_1239,"По-третє, обслуговування: було дуже неприємно топтатися в центрі залу у верхньому одязі (всі офіціанти бігали по залу, ніхто не зустрів і не показав де гардероб - він виявився шафою між туалетами:)), офіціантка приносила спочатку страви, а потім вже прилади, рахунок несли досить довго, коли йшли, дівчина з гардероба видала не всі куртки і пішла... дрібниці, але з них складається враження.",2.33,7.0,"['EMB_O', 'EMB_O', 'EMB_O', 'EMB_O', 'EMB_O', 'EMB_O', 'EMB_O', 'ASP_B', 'ASP_I', 'ASP_I', 'ASP_E', 'EMB_O', 'EMB_O', 'EMB_O', 'EMB_O', 'EMB_O', 'EMB_O', 'EMB_O', 'EMB_O', 'EMB_O', 'EMB_O', 'EMB_O', 'EMB_O', 'EMB_O', 'EMB_O', 'EMB_O', 'EMB_O', 'EMB_O', 'EMB_O', 'EMB_O', 'EMB_O', 'EMB_O', 'EMB_O', 'EMB_O', 'EMB_O', 'EMB_O', 'EMB_O', 'EMB_O', 'EMB_O', 'EMB_O', 'EMB_O', 'EMB_O', 'EMB_O', 'EMB_O', 'EMB_O', 'EMB_O', 'EMB_O', 'EMB_O', 'EMB_O', 'EMB_O', 'EMB_O', 'EMB_O', 'EMB_O', 'EMB_O', 'EMB_O', 'EMB_O', 'EMB_O', 'EMB_O', 'EMB_O', 'EMB_O', 'EMB_O', 'EMB_O', 'EMB_O', 'EMB_O', 'EMB_O', 'EMB_O', 'EMB_O', 'EMB_O', 'EMB_O', 'EMB_O', 'EMB_O', 'EMB_O', 'EMB_O', 'EMB_O', 'EMB_O', 'EMB_O', 'EMB_O', 'EMB_O', 'EMB_O', 'EMB_O', 'EMB_O', 'EMB_O', 'EMB_O', 'EMB_O', 'EMB_O', 'EMB_O', 'EMB_O', 'EMB_O', 'EMB_O', 'EMB_O', 'EMB_O', 'EMB_O', 'EMB_O', 'EMB_O', 'EMB_O', 'EMB_O', 'EMB_O', 'EMB_O', 'EMB_O', 'EMB_O', 'EMB_O', 'EMB_O', 'EMB_O', 'EMB_O', 'EMB_O', 'EMB_O', 'EMB_O', 'EMB_O', 'EMB_O', 'EMB_O', 'EMB_O', 'EMB_O', 'EMB_O', 'EMB_O', 'EMB_O', 'EMB_O', 'EMB_O', 'EMB_O', 'EMB_O', 'EMB_O', 'EMB_O', 'EMB_O', 'EMB_O', 'EMB_O', 'EMB_O', 'EMB_O', 'EMB_O', 'EMB_O']","['EMB_O', 'EMB_O', 'EMB_O', 'EMB_O', 'EMB_O', 'EMB_O', 'EMB_O', 'EMB_O', 'EMB_O', 'EMB_O', 'EMB_O', 'EMB_O', 'EMB_O', 'OPN_B', 'OPN_I', 'OPN_I', 'OPN_I', 'OPN_I', 'OPN_E', 'EMB_O', 'EMB_O', 'EMB_O', 'EMB_O', 'EMB_O', 'EMB_O', 'EMB_O', 'EMB_O', 'EMB_O', 'EMB_O', 'EMB_O', 'EMB_O', 'EMB_O', 'EMB_O', 'EMB_O', 'EMB_O', 'EMB_O', 'EMB_O', 'EMB_O', 'EMB_O', 'EMB_O', 'EMB_O', 'EMB_O', 'EMB_O', 'EMB_O', 'EMB_O', 'EMB_O', 'EMB_O', 'EMB_O', 'EMB_O', 'EMB_O', 'EMB_O', 'EMB_O', 'EMB_O', 'EMB_O', 'EMB_O', 'EMB_O', 'EMB_O', 'EMB_O', 'EMB_O', 'EMB_O', 'EMB_O', 'EMB_O', 'EMB_O', 'EMB_O', 'EMB_O', 'EMB_O', 'EMB_O', 'EMB_O', 'EMB_O', 'EMB_O', 'EMB_O', 'EMB_O', 'EMB_O', 'EMB_O', 'EMB_O', 'EMB_O', 'EMB_O', 'EMB_O', 'EMB_O', 'EMB_O', 'EMB_O', 'EMB_O', 'EMB_O', 'EMB_O', 'EMB_O', 'EMB_O', 'EMB_O', 'EMB_O', 'EMB_O', 'EMB_O', 'EMB_O', 'EMB_O', 'EMB_O', 'EMB_O', 'EMB_O', 'EMB_O', 'EMB_O', 'EMB_O', 'EMB_O', 'EMB_O', 'EMB_O', 'EMB_O', 'EMB_O', 'EMB_O', 'EMB_O', 'EMB_O', 'EMB_O', 'EMB_O', 'EMB_O', 'EMB_O', 'EMB_O', 'EMB_O', 'EMB_O', 'EMB_O', 'EMB_O', 'EMB_O', 'EMB_O', 'EMB_O', 'EMB_O', 'EMB_O', 'EMB_O', 'EMB_O', 'EMB_O', 'EMB_O', 'EMB_O', 'EMB_O', 'EMB_O', 'EMB_O']"
387,офіціанти,не показав,31071:3_1239,"По-третє, обслуговування: було дуже неприємно топтатися в центрі залу у верхньому одязі (всі офіціанти бігали по залу, ніхто не зустрів і не показав де гардероб - він виявився шафою між туалетами:)), офіціантка приносила спочатку страви, а потім вже прилади, рахунок несли досить довго, коли йшли, дівчина з гардероба видала не всі куртки і пішла... дрібниці, але з них складається враження.",3.17,6.0,"['EMB_O', 'EMB_O', 'EMB_O', 'EMB_O', 'EMB_O', 'EMB_O', 'EMB_O', 'EMB_O', 'EMB_O', 'EMB_O', 'EMB_O', 'EMB_O', 'EMB_O', 'EMB_O', 'EMB_O', 'EMB_O', 'EMB_O', 'EMB_O', 'EMB_O', 'EMB_O', 'EMB_O', 'EMB_O', 'EMB_O', 'EMB_O', 'EMB_O', 'EMB_O', 'EMB_O', 'EMB_O', 'EMB_O', 'EMB_O', 'EMB_O', 'EMB_O', 'EMB_O', 'EMB_O', 'EMB_O', 'ASP_B', 'ASP_I', 'ASP_I', 'ASP_I', 'ASP_E', 'EMB_O', 'EMB_O', 'EMB_O', 'EMB_O', 'EMB_O', 'EMB_O', 'EMB_O', 'EMB_O', 'EMB_O', 'EMB_O', 'EMB_O', 'EMB_O', 'EMB_O', 'EMB_O', 'EMB_O', 'EMB_O', 'EMB_O', 'EMB_O', 'EMB_O', 'EMB_O', 'EMB_O', 'EMB_O', 'EMB_O', 'EMB_O', 'EMB_O', 'EMB_O', 'EMB_O', 'EMB_O', 'EMB_O', 'EMB_O', 'EMB_O', 'EMB_O', 'EMB_O', 'EMB_O', 'EMB_O', 'EMB_O', 'EMB_O', 'EMB_O', 'EMB_O', 'EMB_O', 'EMB_O', 'EMB_O', 'EMB_O', 'EMB_O', 'EMB_O', 'EMB_O', 'EMB_O', 'EMB_O', 'EMB_O', 'EMB_O', 'EMB_O', 'EMB_O', 'EMB_O', 'EMB_O', 'EMB_O', 'EMB_O', 'EMB_O', 'EMB_O', 'EMB_O', 'EMB_O', 'EMB_O', 'EMB_O', 'EMB_O', 'EMB_O', 'EMB_O', 'EMB_O', 'EMB_O', 'EMB_O', 'EMB_O', 'EMB_O', 'EMB_O', 'EMB_O', 'EMB_O', 'EMB_O', 'EMB_O', 'EMB_O', 'EMB_O', 'EMB_O', 'EMB_O', 'EMB_O', 'EMB_O', 'EMB_O', 'EMB_O', 'EMB_O', 'EMB_O', 'EMB_O', 'EMB_O', 'EMB_O']","['EMB_O', 'EMB_O', 'EMB_O', 'EMB_O', 'EMB_O', 'EMB_O', 'EMB_O', 'EMB_O', 'EMB_O', 'EMB_O', 'EMB_O', 'EMB_O', 'EMB_O', 'EMB_O', 'EMB_O', 'EMB_O', 'EMB_O', 'EMB_O', 'EMB_O', 'EMB_O', 'EMB_O', 'EMB_O', 'EMB_O', 'EMB_O', 'EMB_O', 'EMB_O', 'EMB_O', 'EMB_O', 'EMB_O', 'EMB_O', 'EMB_O', 'EMB_O', 'EMB_O', 'EMB_O', 'EMB_O', 'EMB_O', 'EMB_O', 'EMB_O', 'EMB_O', 'EMB_O', 'EMB_O', 'EMB_O', 'EMB_O', 'EMB_O', 'EMB_O', 'EMB_O', 'EMB_O', 'EMB_O', 'EMB_O', 'EMB_O', 'EMB_O', 'EMB_O', 'EMB_O', 'EMB_O', 'EMB_O', 'EMB_O', 'OPN_B', 'OPN_I', 'OPN_I', 'OPN_E', 'EMB_O', 'EMB_O', 'EMB_O', 'EMB_O', 'EMB_O', 'EMB_O', 'EMB_O', 'EMB_O', 'EMB_O', 'EMB_O', 'EMB_O', 'EMB_O', 'EMB_O', 'EMB_O', 'EMB_O', 'EMB_O', 'EMB_O', 'EMB_O', 'EMB_O', 'EMB_O', 'EMB_O', 'EMB_O', 'EMB_O', 'EMB_O', 'EMB_O', 'EMB_O', 'EMB_O', 'EMB_O', 'EMB_O', 'EMB_O', 'EMB_O', 'EMB_O', 'EMB_O', 'EMB_O', 'EMB_O', 'EMB_O', 'EMB_O', 'EMB_O', 'EMB_O', 'EMB_O', 'EMB_O', 'EMB_O', 'EMB_O', 'EMB_O', 'EMB_O', 'EMB_O', 'EMB_O', 'EMB_O', 'EMB_O', 'EMB_O', 'EMB_O', 'EMB_O', 'EMB_O', 'EMB_O', 'EMB_O', 'EMB_O', 'EMB_O', 'EMB_O', 'EMB_O', 'EMB_O', 'EMB_O', 'EMB_O', 'EMB_O', 'EMB_O', 'EMB_O', 'EMB_O', 'EMB_O', 'EMB_O']"
388,офіціантка,досить довго,31071:3_1239,"По-третє, обслуговування: було дуже неприємно топтатися в центрі залу у верхньому одязі (всі офіціанти бігали по залу, ніхто не зустрів і не показав де гардероб - він виявився шафою між туалетами:)), офіціантка приносила спочатку страви, а потім вже прилади, рахунок несли досить довго, коли йшли, дівчина з гардероба видала не всі куртки і пішла... дрібниці, але з них складається враження.",2.67,7.0,"['EMB_O', 'EMB_O', 'EMB_O', 'EMB_O', 'EMB_O', 'EMB_O', 'EMB_O', 'EMB_O', 'EMB_O', 'EMB_O', 'EMB_O', 'EMB_O', 'EMB_O', 'EMB_O', 'EMB_O', 'EMB_O', 'EMB_O', 'EMB_O', 'EMB_O', 'EMB_O', 'EMB_O', 'EMB_O', 'EMB_O', 'EMB_O', 'EMB_O', 'EMB_O', 'EMB_O', 'EMB_O', 'EMB_O', 'EMB_O', 'EMB_O', 'EMB_O', 'EMB_O', 'EMB_O', 'EMB_O', 'EMB_O', 'EMB_O', 'EMB_O', 'EMB_O', 'EMB_O', 'EMB_O', 'EMB_O', 'EMB_O', 'EMB_O', 'EMB_O', 'EMB_O', 'EMB_O', 'EMB_O', 'EMB_O', 'EMB_O', 'EMB_O', 'EMB_O', 'EMB_O', 'EMB_O', 'EMB_O', 'EMB_O', 'EMB_O', 'EMB_O', 'EMB_O', 'EMB_O', 'EMB_O', 'EMB_O', 'EMB_O', 'EMB_O', 'EMB_O', 'EMB_O', 'EMB_O', 'EMB_O', 'EMB_O', 'EMB_O', 'EMB_O', 'EMB_O', 'EMB_O', 'EMB_O', 'EMB_O', 'EMB_O', 'EMB_O', 'EMB_O', 'EMB_O', 'EMB_O', 'EMB_O', 'ASP_B', 'ASP_I', 'ASP_I', 'ASP_I', 'ASP_E', 'EMB_O', 'EMB_O', 'EMB_O', 'EMB_O', 'EMB_O', 'EMB_O', 'EMB_O', 'EMB_O', 'EMB_O', 'EMB_O', 'EMB_O', 'EMB_O', 'EMB_O', 'EMB_O', 'EMB_O', 'EMB_O', 'EMB_O', 'EMB_O', 'EMB_O', 'EMB_O', 'EMB_O', 'EMB_O', 'EMB_O', 'EMB_O', 'EMB_O', 'EMB_O', 'EMB_O', 'EMB_O', 'EMB_O', 'EMB_O', 'EMB_O', 'EMB_O', 'EMB_O', 'EMB_O', 'EMB_O', 'EMB_O', 'EMB_O', 'EMB_O', 'EMB_O', 'EMB_O', 'EMB_O', 'EMB_O']","['EMB_O', 'EMB_O', 'EMB_O', 'EMB_O', 'EMB_O', 'EMB_O', 'EMB_O', 'EMB_O', 'EMB_O', 'EMB_O', 'EMB_O', 'EMB_O', 'EMB_O', 'EMB_O', 'EMB_O', 'EMB_O', 'EMB_O', 'EMB_O', 'EMB_O', 'EMB_O', 'EMB_O', 'EMB_O', 'EMB_O', 'EMB_O', 'EMB_O', 'EMB_O', 'EMB_O', 'EMB_O', 'EMB_O', 'EMB_O', 'EMB_O', 'EMB_O', 'EMB_O', 'EMB_O', 'EMB_O', 'EMB_O', 'EMB_O', 'EMB_O', 'EMB_O', 'EMB_O', 'EMB_O', 'EMB_O', 'EMB_O', 'EMB_O', 'EMB_O', 'EMB_O', 'EMB_O', 'EMB_O', 'EMB_O', 'EMB_O', 'EMB_O', 'EMB_O', 'EMB_O', 'EMB_O', 'EMB_O', 'EMB_O', 'EMB_O', 'EMB_O', 'EMB_O', 'EMB_O', 'EMB_O', 'EMB_O', 'EMB_O', 'EMB_O', 'EMB_O', 'EMB_O', 'EMB_O', 'EMB_O', 'EMB_O', 'EMB_O', 'EMB_O', 'EMB_O', 'EMB_O', 'EMB_O', 'EMB_O', 'EMB_O', 'EMB_O', 'EMB_O', 'EMB_O', 'EMB_O', 'EMB_O', 'EMB_O', 'EMB_O', 'EMB_O', 'EMB_O', 'EMB_O', 'EMB_O', 'EMB_O', 'EMB_O', 'EMB_O', 'EMB_O', 'EMB_O', 'EMB_O', 'EMB_O', 'EMB_O', 'EMB_O', 'EMB_O', 'EMB_O', 'EMB_O', 'EMB_O', 'EMB_O', 'EMB_O', 'OPN_B', 'OPN_I', 'OPN_I', 'OPN_E', 'EMB_O', 'EMB_O', 'EMB_O', 'EMB_O', 'EMB_O', 'EMB_O', 'EMB_O', 'EMB_O', 'EMB_O', 'EMB_O', 'EMB_O', 'EMB_O', 'EMB_O', 'EMB_O', 'EMB_O', 'EMB_O', 'EMB_O', 'EMB_O', 'EMB_O', 'EMB_O', 'EMB_O', 'EMB_O']"
389,дівчина з гардероба,видала не всі куртки і пішла,31071:3_1239,"По-третє, обслуговування: було дуже неприємно топтатися в центрі залу у верхньому одязі (всі офіціанти бігали по залу, ніхто не зустрів і не показав де гардероб - він виявився шафою між туалетами:)), офіціантка приносила спочатку страви, а потім вже прилади, рахунок несли досить довго, коли йшли, дівчина з гардероба видала не всі куртки і пішла... дрібниці, але з них складається враження.",2.75,6.62,"['EMB_O', 'EMB_O', 'EMB_O', 'EMB_O', 'EMB_O', 'EMB_O', 'EMB_O', 'EMB_O', 'EMB_O', 'EMB_O', 'EMB_O', 'EMB_O', 'EMB_O', 'EMB_O', 'EMB_O', 'EMB_O', 'EMB_O', 'EMB_O', 'EMB_O', 'EMB_O', 'EMB_O', 'EMB_O', 'EMB_O', 'EMB_O', 'EMB_O', 'EMB_O', 'EMB_O', 'EMB_O', 'EMB_O', 'EMB_O', 'EMB_O', 'EMB_O', 'EMB_O', 'EMB_O', 'EMB_O', 'EMB_O', 'EMB_O', 'EMB_O', 'EMB_O', 'EMB_O', 'EMB_O', 'EMB_O', 'EMB_O', 'EMB_O', 'EMB_O', 'EMB_O', 'EMB_O', 'EMB_O', 'EMB_O', 'EMB_O', 'EMB_O', 'EMB_O', 'EMB_O', 'EMB_O', 'EMB_O', 'EMB_O', 'EMB_O', 'EMB_O', 'EMB_O', 'EMB_O', 'EMB_O', 'EMB_O', 'EMB_O', 'EMB_O', 'EMB_O', 'EMB_O', 'EMB_O', 'EMB_O', 'EMB_O', 'EMB_O', 'EMB_O', 'EMB_O', 'EMB_O', 'EMB_O', 'EMB_O', 'EMB_O', 'EMB_O', 'EMB_O', 'EMB_O', 'EMB_O', 'EMB_O', 'EMB_O', 'EMB_O', 'EMB_O', 'EMB_O', 'EMB_O', 'EMB_O', 'EMB_O', 'EMB_O', 'EMB_O', 'EMB_O', 'EMB_O', 'EMB_O', 'EMB_O', 'EMB_O', 'EMB_O', 'EMB_O', 'EMB_O', 'EMB_O', 'EMB_O', 'EMB_O', 'EMB_O', 'EMB_O', 'EMB_O', 'EMB_O', 'EMB_O', 'EMB_O', 'EMB_O', 'EMB_O', 'EMB_O', 'EMB_O', 'ASP_B', 'ASP_I', 'ASP_I', 'ASP_I', 'ASP_I', 'ASP_I', 'ASP_I', 'ASP_E', 'EMB_O', 'EMB_O', 'EMB_O', 'EMB_O', 'EMB_O', 'EMB_O', 'EMB_O', 'EMB_O', 'EMB_O']","['EMB_O', 'EMB_O', 'EMB_O', 'EMB_O', 'EMB_O', 'EMB_O', 'EMB_O', 'EMB_O', 'EMB_O', 'EMB_O', 'EMB_O', 'EMB_O', 'EMB_O', 'EMB_O', 'EMB_O', 'EMB_O', 'EMB_O', 'EMB_O', 'EMB_O', 'EMB_O', 'EMB_O', 'EMB_O', 'EMB_O', 'EMB_O', 'EMB_O', 'EMB_O', 'EMB_O', 'EMB_O', 'EMB_O', 'EMB_O', 'EMB_O', 'EMB_O', 'EMB_O', 'EMB_O', 'EMB_O', 'EMB_O', 'EMB_O', 'EMB_O', 'EMB_O', 'EMB_O', 'EMB_O', 'EMB_O', 'EMB_O', 'EMB_O', 'EMB_O', 'EMB_O', 'EMB_O', 'EMB_O', 'EMB_O', 'EMB_O', 'EMB_O', 'EMB_O', 'EMB_O', 'EMB_O', 'EMB_O', 'EMB_O', 'EMB_O', 'EMB_O', 'EMB_O', 'EMB_O', 'EMB_O', 'EMB_O', 'EMB_O', 'EMB_O', 'EMB_O', 'EMB_O', 'EMB_O', 'EMB_O', 'EMB_O', 'EMB_O', 'EMB_O', 'EMB_O', 'EMB_O', 'EMB_O', 'EMB_O', 'EMB_O', 'EMB_O', 'EMB_O', 'EMB_O', 'EMB_O', 'EMB_O', 'EMB_O', 'EMB_O', 'EMB_O', 'EMB_O', 'EMB_O', 'EMB_O', 'EMB_O', 'EMB_O', 'EMB_O', 'EMB_O', 'EMB_O', 'EMB_O', 'EMB_O', 'EMB_O', 'EMB_O', 'EMB_O', 'EMB_O', 'EMB_O', 'EMB_O', 'EMB_O', 'EMB_O', 'EMB_O', 'EMB_O', 'EMB_O', 'EMB_O', 'EMB_O', 'EMB_O', 'EMB_O', 'EMB_O', 'EMB_O', 'EMB_O', 'EMB_O', 'EMB_O', 'EMB_O', 'EMB_O', 'EMB_O', 'EMB_O', 'EMB_O', 'OPN_B', 'OPN_I', 'OPN_I', 'OPN_I', 'OPN_I', 'OPN_I', 'OPN_I', 'OPN_I', 'OPN_I']"
