,Aspect,Opinion,ID,Text,Valence,Arousal,BIOES
0,масло оливковое,можно купить,24578:18_996,Еще можно купить домой масло оливковое.,6.12,5.38,"['EMB_O', 'EMB_O', 'EMB_O', 'OPN_B', 'OPN_I', 'OPN_I', 'OPN_E', 'EMB_O', 'ASP_B', 'ASP_I', 'ASP_I', 'ASP_I', 'ASP_I', 'ASP_E', 'EMB_O', 'EMB_O', 'EMB_P', 'EMB_P', 'EMB_P', 'EMB_P', 'EMB_P', 'EMB_P', 'EMB_P', 'EMB_P', 'EMB_P', 'EMB_P', 'EMB_P', 'EMB_P', 'EMB_P', 'EMB_P', 'EMB_P', 'EMB_P', 'EMB_P', 'EMB_P', 'EMB_P', 'EMB_P', 'EMB_P', 'EMB_P', 'EMB_P', 'EMB_P', 'EMB_P', 'EMB_P', 'EMB_P', 'EMB_P', 'EMB_P', 'EMB_P', 'EMB_P', 'EMB_P', 'EMB_P', 'EMB_P', 'EMB_P', 'EMB_P', 'EMB_P', 'EMB_P', 'EMB_P', 'EMB_P', 'EMB_P', 'EMB_P', 'EMB_P', 'EMB_P', 'EMB_P', 'EMB_P', 'EMB_P', 'EMB_P', 'EMB_P', 'EMB_P', 'EMB_P', 'EMB_P', 'EMB_P', 'EMB_P', 'EMB_P', 'EMB_P', 'EMB_P', 'EMB_P', 'EMB_P', 'EMB_P', 'EMB_P', 'EMB_P', 'EMB_P', 'EMB_P', 'EMB_P', 'EMB_P', 'EMB_P', 'EMB_P', 'EMB_P', 'EMB_P', 'EMB_P', 'EMB_P', 'EMB_P', 'EMB_P', 'EMB_P', 'EMB_P', 'EMB_P', 'EMB_P', 'EMB_P', 'EMB_P', 'EMB_P', 'EMB_P', 'EMB_P', 'EMB_P', 'EMB_P', 'EMB_P', 'EMB_P', 'EMB_P', 'EMB_P', 'EMB_P', 'EMB_P', 'EMB_P', 'EMB_P', 'EMB_P', 'EMB_P', 'EMB_P', 'EMB_P', 'EMB_P', 'EMB_P', 'EMB_P', 'EMB_P', 'EMB_P', 'EMB_P', 'EMB_P', 'EMB_P', 'EMB_P', 'EMB_P', 'EMB_P', 'EMB_P', 'EMB_P', 'EMB_P', 'EMB_P']"
1,Зал,замечательный,24713:1_997,Зал замечательный.,7.8,7.1,"['EMB_O', 'ASP_B', 'ASP_E', 'OPN_B', 'OPN_I', 'OPN_I', 'OPN_I', 'OPN_E', 'EMB_O', 'EMB_O', 'EMB_P', 'EMB_P', 'EMB_P', 'EMB_P', 'EMB_P', 'EMB_P', 'EMB_P', 'EMB_P', 'EMB_P', 'EMB_P', 'EMB_P', 'EMB_P', 'EMB_P', 'EMB_P', 'EMB_P', 'EMB_P', 'EMB_P', 'EMB_P', 'EMB_P', 'EMB_P', 'EMB_P', 'EMB_P', 'EMB_P', 'EMB_P', 'EMB_P', 'EMB_P', 'EMB_P', 'EMB_P', 'EMB_P', 'EMB_P', 'EMB_P', 'EMB_P', 'EMB_P', 'EMB_P', 'EMB_P', 'EMB_P', 'EMB_P', 'EMB_P', 'EMB_P', 'EMB_P', 'EMB_P', 'EMB_P', 'EMB_P', 'EMB_P', 'EMB_P', 'EMB_P', 'EMB_P', 'EMB_P', 'EMB_P', 'EMB_P', 'EMB_P', 'EMB_P', 'EMB_P', 'EMB_P', 'EMB_P', 'EMB_P', 'EMB_P', 'EMB_P', 'EMB_P', 'EMB_P', 'EMB_P', 'EMB_P', 'EMB_P', 'EMB_P', 'EMB_P', 'EMB_P', 'EMB_P', 'EMB_P', 'EMB_P', 'EMB_P', 'EMB_P', 'EMB_P', 'EMB_P', 'EMB_P', 'EMB_P', 'EMB_P', 'EMB_P', 'EMB_P', 'EMB_P', 'EMB_P', 'EMB_P', 'EMB_P', 'EMB_P', 'EMB_P', 'EMB_P', 'EMB_P', 'EMB_P', 'EMB_P', 'EMB_P', 'EMB_P', 'EMB_P', 'EMB_P', 'EMB_P', 'EMB_P', 'EMB_P', 'EMB_P', 'EMB_P', 'EMB_P', 'EMB_P', 'EMB_P', 'EMB_P', 'EMB_P', 'EMB_P', 'EMB_P', 'EMB_P', 'EMB_P', 'EMB_P', 'EMB_P', 'EMB_P', 'EMB_P', 'EMB_P', 'EMB_P', 'EMB_P', 'EMB_P', 'EMB_P', 'EMB_P', 'EMB_P', 'EMB_P']"
2,меню,среднее,24713:3_998,Мы выбрали среднее в ценовой категории меню.,5.0,16.5,"['EMB_O', 'EMB_O', 'EMB_O', 'EMB_O', 'OPN_B', 'OPN_E', 'EMB_O', 'EMB_O', 'EMB_O', 'EMB_O', 'ASP_B', 'ASP_E', 'EMB_O', 'EMB_O', 'EMB_P', 'EMB_P', 'EMB_P', 'EMB_P', 'EMB_P', 'EMB_P', 'EMB_P', 'EMB_P', 'EMB_P', 'EMB_P', 'EMB_P', 'EMB_P', 'EMB_P', 'EMB_P', 'EMB_P', 'EMB_P', 'EMB_P', 'EMB_P', 'EMB_P', 'EMB_P', 'EMB_P', 'EMB_P', 'EMB_P', 'EMB_P', 'EMB_P', 'EMB_P', 'EMB_P', 'EMB_P', 'EMB_P', 'EMB_P', 'EMB_P', 'EMB_P', 'EMB_P', 'EMB_P', 'EMB_P', 'EMB_P', 'EMB_P', 'EMB_P', 'EMB_P', 'EMB_P', 'EMB_P', 'EMB_P', 'EMB_P', 'EMB_P', 'EMB_P', 'EMB_P', 'EMB_P', 'EMB_P', 'EMB_P', 'EMB_P', 'EMB_P', 'EMB_P', 'EMB_P', 'EMB_P', 'EMB_P', 'EMB_P', 'EMB_P', 'EMB_P', 'EMB_P', 'EMB_P', 'EMB_P', 'EMB_P', 'EMB_P', 'EMB_P', 'EMB_P', 'EMB_P', 'EMB_P', 'EMB_P', 'EMB_P', 'EMB_P', 'EMB_P', 'EMB_P', 'EMB_P', 'EMB_P', 'EMB_P', 'EMB_P', 'EMB_P', 'EMB_P', 'EMB_P', 'EMB_P', 'EMB_P', 'EMB_P', 'EMB_P', 'EMB_P', 'EMB_P', 'EMB_P', 'EMB_P', 'EMB_P', 'EMB_P', 'EMB_P', 'EMB_P', 'EMB_P', 'EMB_P', 'EMB_P', 'EMB_P', 'EMB_P', 'EMB_P', 'EMB_P', 'EMB_P', 'EMB_P', 'EMB_P', 'EMB_P', 'EMB_P', 'EMB_P', 'EMB_P', 'EMB_P', 'EMB_P', 'EMB_P', 'EMB_P', 'EMB_P', 'EMB_P', 'EMB_P', 'EMB_P', 'EMB_P']"
3,закусок,небольшое,24713:4_999,"Когда пришли, меня удивило небольшое кол-во закусок.",3.33,5.67,"['EMB_O', 'EMB_O', 'EMB_O', 'EMB_O', 'EMB_O', 'EMB_O', 'EMB_O', 'EMB_O', 'EMB_O', 'EMB_O', 'OPN_B', 'OPN_I', 'OPN_I', 'OPN_E', 'EMB_O', 'EMB_O', 'EMB_O', 'ASP_B', 'ASP_I', 'ASP_E', 'EMB_O', 'EMB_O', 'EMB_P', 'EMB_P', 'EMB_P', 'EMB_P', 'EMB_P', 'EMB_P', 'EMB_P', 'EMB_P', 'EMB_P', 'EMB_P', 'EMB_P', 'EMB_P', 'EMB_P', 'EMB_P', 'EMB_P', 'EMB_P', 'EMB_P', 'EMB_P', 'EMB_P', 'EMB_P', 'EMB_P', 'EMB_P', 'EMB_P', 'EMB_P', 'EMB_P', 'EMB_P', 'EMB_P', 'EMB_P', 'EMB_P', 'EMB_P', 'EMB_P', 'EMB_P', 'EMB_P', 'EMB_P', 'EMB_P', 'EMB_P', 'EMB_P', 'EMB_P', 'EMB_P', 'EMB_P', 'EMB_P', 'EMB_P', 'EMB_P', 'EMB_P', 'EMB_P', 'EMB_P', 'EMB_P', 'EMB_P', 'EMB_P', 'EMB_P', 'EMB_P', 'EMB_P', 'EMB_P', 'EMB_P', 'EMB_P', 'EMB_P', 'EMB_P', 'EMB_P', 'EMB_P', 'EMB_P', 'EMB_P', 'EMB_P', 'EMB_P', 'EMB_P', 'EMB_P', 'EMB_P', 'EMB_P', 'EMB_P', 'EMB_P', 'EMB_P', 'EMB_P', 'EMB_P', 'EMB_P', 'EMB_P', 'EMB_P', 'EMB_P', 'EMB_P', 'EMB_P', 'EMB_P', 'EMB_P', 'EMB_P', 'EMB_P', 'EMB_P', 'EMB_P', 'EMB_P', 'EMB_P', 'EMB_P', 'EMB_P', 'EMB_P', 'EMB_P', 'EMB_P', 'EMB_P', 'EMB_P', 'EMB_P', 'EMB_P', 'EMB_P', 'EMB_P', 'EMB_P', 'EMB_P', 'EMB_P', 'EMB_P', 'EMB_P', 'EMB_P', 'EMB_P', 'EMB_P', 'EMB_P']"
4,Сырная тарелка,поразила засохшим сыром,24713:6_1000,Сырная тарелка поразила засохшим сыром.,1.67,7.67,"['EMB_O', 'ASP_B', 'ASP_I', 'ASP_I', 'ASP_I', 'ASP_I', 'ASP_E', 'OPN_B', 'OPN_I', 'OPN_I', 'OPN_I', 'OPN_I', 'OPN_I', 'OPN_I', 'OPN_I', 'OPN_I', 'OPN_E', 'EMB_O', 'EMB_O', 'EMB_P', 'EMB_P', 'EMB_P', 'EMB_P', 'EMB_P', 'EMB_P', 'EMB_P', 'EMB_P', 'EMB_P', 'EMB_P', 'EMB_P', 'EMB_P', 'EMB_P', 'EMB_P', 'EMB_P', 'EMB_P', 'EMB_P', 'EMB_P', 'EMB_P', 'EMB_P', 'EMB_P', 'EMB_P', 'EMB_P', 'EMB_P', 'EMB_P', 'EMB_P', 'EMB_P', 'EMB_P', 'EMB_P', 'EMB_P', 'EMB_P', 'EMB_P', 'EMB_P', 'EMB_P', 'EMB_P', 'EMB_P', 'EMB_P', 'EMB_P', 'EMB_P', 'EMB_P', 'EMB_P', 'EMB_P', 'EMB_P', 'EMB_P', 'EMB_P', 'EMB_P', 'EMB_P', 'EMB_P', 'EMB_P', 'EMB_P', 'EMB_P', 'EMB_P', 'EMB_P', 'EMB_P', 'EMB_P', 'EMB_P', 'EMB_P', 'EMB_P', 'EMB_P', 'EMB_P', 'EMB_P', 'EMB_P', 'EMB_P', 'EMB_P', 'EMB_P', 'EMB_P', 'EMB_P', 'EMB_P', 'EMB_P', 'EMB_P', 'EMB_P', 'EMB_P', 'EMB_P', 'EMB_P', 'EMB_P', 'EMB_P', 'EMB_P', 'EMB_P', 'EMB_P', 'EMB_P', 'EMB_P', 'EMB_P', 'EMB_P', 'EMB_P', 'EMB_P', 'EMB_P', 'EMB_P', 'EMB_P', 'EMB_P', 'EMB_P', 'EMB_P', 'EMB_P', 'EMB_P', 'EMB_P', 'EMB_P', 'EMB_P', 'EMB_P', 'EMB_P', 'EMB_P', 'EMB_P', 'EMB_P', 'EMB_P', 'EMB_P', 'EMB_P', 'EMB_P', 'EMB_P', 'EMB_P', 'EMB_P', 'EMB_P']"
5,сыром,засохшим,24713:6_1000,Сырная тарелка поразила засохшим сыром.,2.0,7.5,"['EMB_O', 'EMB_O', 'EMB_O', 'EMB_O', 'EMB_O', 'EMB_O', 'EMB_O', 'EMB_O', 'EMB_O', 'EMB_O', 'OPN_B', 'OPN_I', 'OPN_I', 'OPN_E', 'ASP_B', 'ASP_I', 'ASP_E', 'EMB_O', 'EMB_O', 'EMB_P', 'EMB_P', 'EMB_P', 'EMB_P', 'EMB_P', 'EMB_P', 'EMB_P', 'EMB_P', 'EMB_P', 'EMB_P', 'EMB_P', 'EMB_P', 'EMB_P', 'EMB_P', 'EMB_P', 'EMB_P', 'EMB_P', 'EMB_P', 'EMB_P', 'EMB_P', 'EMB_P', 'EMB_P', 'EMB_P', 'EMB_P', 'EMB_P', 'EMB_P', 'EMB_P', 'EMB_P', 'EMB_P', 'EMB_P', 'EMB_P', 'EMB_P', 'EMB_P', 'EMB_P', 'EMB_P', 'EMB_P', 'EMB_P', 'EMB_P', 'EMB_P', 'EMB_P', 'EMB_P', 'EMB_P', 'EMB_P', 'EMB_P', 'EMB_P', 'EMB_P', 'EMB_P', 'EMB_P', 'EMB_P', 'EMB_P', 'EMB_P', 'EMB_P', 'EMB_P', 'EMB_P', 'EMB_P', 'EMB_P', 'EMB_P', 'EMB_P', 'EMB_P', 'EMB_P', 'EMB_P', 'EMB_P', 'EMB_P', 'EMB_P', 'EMB_P', 'EMB_P', 'EMB_P', 'EMB_P', 'EMB_P', 'EMB_P', 'EMB_P', 'EMB_P', 'EMB_P', 'EMB_P', 'EMB_P', 'EMB_P', 'EMB_P', 'EMB_P', 'EMB_P', 'EMB_P', 'EMB_P', 'EMB_P', 'EMB_P', 'EMB_P', 'EMB_P', 'EMB_P', 'EMB_P', 'EMB_P', 'EMB_P', 'EMB_P', 'EMB_P', 'EMB_P', 'EMB_P', 'EMB_P', 'EMB_P', 'EMB_P', 'EMB_P', 'EMB_P', 'EMB_P', 'EMB_P', 'EMB_P', 'EMB_P', 'EMB_P', 'EMB_P', 'EMB_P', 'EMB_P', 'EMB_P', 'EMB_P', 'EMB_P']"
6,Фрукты,на последнем издыхании,24713:7_1001,Фрукты были на последнем издыхании.,1.5,7.75,"['EMB_O', 'ASP_B', 'ASP_I', 'ASP_E', 'EMB_O', 'OPN_B', 'OPN_I', 'OPN_I', 'OPN_I', 'OPN_I', 'OPN_E', 'EMB_O', 'EMB_O', 'EMB_P', 'EMB_P', 'EMB_P', 'EMB_P', 'EMB_P', 'EMB_P', 'EMB_P', 'EMB_P', 'EMB_P', 'EMB_P', 'EMB_P', 'EMB_P', 'EMB_P', 'EMB_P', 'EMB_P', 'EMB_P', 'EMB_P', 'EMB_P', 'EMB_P', 'EMB_P', 'EMB_P', 'EMB_P', 'EMB_P', 'EMB_P', 'EMB_P', 'EMB_P', 'EMB_P', 'EMB_P', 'EMB_P', 'EMB_P', 'EMB_P', 'EMB_P', 'EMB_P', 'EMB_P', 'EMB_P', 'EMB_P', 'EMB_P', 'EMB_P', 'EMB_P', 'EMB_P', 'EMB_P', 'EMB_P', 'EMB_P', 'EMB_P', 'EMB_P', 'EMB_P', 'EMB_P', 'EMB_P', 'EMB_P', 'EMB_P', 'EMB_P', 'EMB_P', 'EMB_P', 'EMB_P', 'EMB_P', 'EMB_P', 'EMB_P', 'EMB_P', 'EMB_P', 'EMB_P', 'EMB_P', 'EMB_P', 'EMB_P', 'EMB_P', 'EMB_P', 'EMB_P', 'EMB_P', 'EMB_P', 'EMB_P', 'EMB_P', 'EMB_P', 'EMB_P', 'EMB_P', 'EMB_P', 'EMB_P', 'EMB_P', 'EMB_P', 'EMB_P', 'EMB_P', 'EMB_P', 'EMB_P', 'EMB_P', 'EMB_P', 'EMB_P', 'EMB_P', 'EMB_P', 'EMB_P', 'EMB_P', 'EMB_P', 'EMB_P', 'EMB_P', 'EMB_P', 'EMB_P', 'EMB_P', 'EMB_P', 'EMB_P', 'EMB_P', 'EMB_P', 'EMB_P', 'EMB_P', 'EMB_P', 'EMB_P', 'EMB_P', 'EMB_P', 'EMB_P', 'EMB_P', 'EMB_P', 'EMB_P', 'EMB_P', 'EMB_P', 'EMB_P', 'EMB_P', 'EMB_P', 'EMB_P', 'EMB_P']"
7,салаты,ужас,24713:8_1002,Когда попробовала салаты- пришла в ужас.,1.33,8.33,"['EMB_O', 'EMB_O', 'EMB_O', 'EMB_O', 'EMB_O', 'EMB_O', 'ASP_B', 'ASP_E', 'EMB_O', 'EMB_O', 'EMB_O', 'EMB_O', 'OPN_B', 'OPN_I', 'OPN_E', 'EMB_O', 'EMB_O', 'EMB_P', 'EMB_P', 'EMB_P', 'EMB_P', 'EMB_P', 'EMB_P', 'EMB_P', 'EMB_P', 'EMB_P', 'EMB_P', 'EMB_P', 'EMB_P', 'EMB_P', 'EMB_P', 'EMB_P', 'EMB_P', 'EMB_P', 'EMB_P', 'EMB_P', 'EMB_P', 'EMB_P', 'EMB_P', 'EMB_P', 'EMB_P', 'EMB_P', 'EMB_P', 'EMB_P', 'EMB_P', 'EMB_P', 'EMB_P', 'EMB_P', 'EMB_P', 'EMB_P', 'EMB_P', 'EMB_P', 'EMB_P', 'EMB_P', 'EMB_P', 'EMB_P', 'EMB_P', 'EMB_P', 'EMB_P', 'EMB_P', 'EMB_P', 'EMB_P', 'EMB_P', 'EMB_P', 'EMB_P', 'EMB_P', 'EMB_P', 'EMB_P', 'EMB_P', 'EMB_P', 'EMB_P', 'EMB_P', 'EMB_P', 'EMB_P', 'EMB_P', 'EMB_P', 'EMB_P', 'EMB_P', 'EMB_P', 'EMB_P', 'EMB_P', 'EMB_P', 'EMB_P', 'EMB_P', 'EMB_P', 'EMB_P', 'EMB_P', 'EMB_P', 'EMB_P', 'EMB_P', 'EMB_P', 'EMB_P', 'EMB_P', 'EMB_P', 'EMB_P', 'EMB_P', 'EMB_P', 'EMB_P', 'EMB_P', 'EMB_P', 'EMB_P', 'EMB_P', 'EMB_P', 'EMB_P', 'EMB_P', 'EMB_P', 'EMB_P', 'EMB_P', 'EMB_P', 'EMB_P', 'EMB_P', 'EMB_P', 'EMB_P', 'EMB_P', 'EMB_P', 'EMB_P', 'EMB_P', 'EMB_P', 'EMB_P', 'EMB_P', 'EMB_P', 'EMB_P', 'EMB_P', 'EMB_P', 'EMB_P', 'EMB_P', 'EMB_P', 'EMB_P']"
8,Еда,понравилась,24713:11_1003,Еда понравилась.,6.9,6.3,"['EMB_O', 'ASP_B', 'ASP_E', 'OPN_B', 'OPN_I', 'OPN_I', 'OPN_E', 'EMB_O', 'EMB_O', 'EMB_P', 'EMB_P', 'EMB_P', 'EMB_P', 'EMB_P', 'EMB_P', 'EMB_P', 'EMB_P', 'EMB_P', 'EMB_P', 'EMB_P', 'EMB_P', 'EMB_P', 'EMB_P', 'EMB_P', 'EMB_P', 'EMB_P', 'EMB_P', 'EMB_P', 'EMB_P', 'EMB_P', 'EMB_P', 'EMB_P', 'EMB_P', 'EMB_P', 'EMB_P', 'EMB_P', 'EMB_P', 'EMB_P', 'EMB_P', 'EMB_P', 'EMB_P', 'EMB_P', 'EMB_P', 'EMB_P', 'EMB_P', 'EMB_P', 'EMB_P', 'EMB_P', 'EMB_P', 'EMB_P', 'EMB_P', 'EMB_P', 'EMB_P', 'EMB_P', 'EMB_P', 'EMB_P', 'EMB_P', 'EMB_P', 'EMB_P', 'EMB_P', 'EMB_P', 'EMB_P', 'EMB_P', 'EMB_P', 'EMB_P', 'EMB_P', 'EMB_P', 'EMB_P', 'EMB_P', 'EMB_P', 'EMB_P', 'EMB_P', 'EMB_P', 'EMB_P', 'EMB_P', 'EMB_P', 'EMB_P', 'EMB_P', 'EMB_P', 'EMB_P', 'EMB_P', 'EMB_P', 'EMB_P', 'EMB_P', 'EMB_P', 'EMB_P', 'EMB_P', 'EMB_P', 'EMB_P', 'EMB_P', 'EMB_P', 'EMB_P', 'EMB_P', 'EMB_P', 'EMB_P', 'EMB_P', 'EMB_P', 'EMB_P', 'EMB_P', 'EMB_P', 'EMB_P', 'EMB_P', 'EMB_P', 'EMB_P', 'EMB_P', 'EMB_P', 'EMB_P', 'EMB_P', 'EMB_P', 'EMB_P', 'EMB_P', 'EMB_P', 'EMB_P', 'EMB_P', 'EMB_P', 'EMB_P', 'EMB_P', 'EMB_P', 'EMB_P', 'EMB_P', 'EMB_P', 'EMB_P', 'EMB_P', 'EMB_P', 'EMB_P', 'EMB_P', 'EMB_P', 'EMB_P']"
9,Горячее,не понравилось,24713:13_1004,Горячее тоже не понравилось.,2.9,6.4,"['EMB_O', 'ASP_B', 'ASP_I', 'ASP_I', 'ASP_E', 'EMB_O', 'OPN_B', 'OPN_I', 'OPN_I', 'OPN_I', 'OPN_E', 'EMB_O', 'EMB_O', 'EMB_P', 'EMB_P', 'EMB_P', 'EMB_P', 'EMB_P', 'EMB_P', 'EMB_P', 'EMB_P', 'EMB_P', 'EMB_P', 'EMB_P', 'EMB_P', 'EMB_P', 'EMB_P', 'EMB_P', 'EMB_P', 'EMB_P', 'EMB_P', 'EMB_P', 'EMB_P', 'EMB_P', 'EMB_P', 'EMB_P', 'EMB_P', 'EMB_P', 'EMB_P', 'EMB_P', 'EMB_P', 'EMB_P', 'EMB_P', 'EMB_P', 'EMB_P', 'EMB_P', 'EMB_P', 'EMB_P', 'EMB_P', 'EMB_P', 'EMB_P', 'EMB_P', 'EMB_P', 'EMB_P', 'EMB_P', 'EMB_P', 'EMB_P', 'EMB_P', 'EMB_P', 'EMB_P', 'EMB_P', 'EMB_P', 'EMB_P', 'EMB_P', 'EMB_P', 'EMB_P', 'EMB_P', 'EMB_P', 'EMB_P', 'EMB_P', 'EMB_P', 'EMB_P', 'EMB_P', 'EMB_P', 'EMB_P', 'EMB_P', 'EMB_P', 'EMB_P', 'EMB_P', 'EMB_P', 'EMB_P', 'EMB_P', 'EMB_P', 'EMB_P', 'EMB_P', 'EMB_P', 'EMB_P', 'EMB_P', 'EMB_P', 'EMB_P', 'EMB_P', 'EMB_P', 'EMB_P', 'EMB_P', 'EMB_P', 'EMB_P', 'EMB_P', 'EMB_P', 'EMB_P', 'EMB_P', 'EMB_P', 'EMB_P', 'EMB_P', 'EMB_P', 'EMB_P', 'EMB_P', 'EMB_P', 'EMB_P', 'EMB_P', 'EMB_P', 'EMB_P', 'EMB_P', 'EMB_P', 'EMB_P', 'EMB_P', 'EMB_P', 'EMB_P', 'EMB_P', 'EMB_P', 'EMB_P', 'EMB_P', 'EMB_P', 'EMB_P', 'EMB_P', 'EMB_P', 'EMB_P', 'EMB_P', 'EMB_P']"
10,еды,не украсило,24713:15_1005,"Свадьба, конечно, прошла весело, но качество еды ее не украсило.",3.12,6.38,"['EMB_O', 'EMB_O', 'EMB_O', 'EMB_O', 'EMB_O', 'EMB_O', 'EMB_O', 'EMB_O', 'EMB_O', 'EMB_O', 'EMB_O', 'EMB_O', 'EMB_O', 'EMB_O', 'EMB_O', 'EMB_O', 'ASP_B', 'ASP_E', 'EMB_O', 'OPN_B', 'OPN_I', 'OPN_I', 'OPN_E', 'EMB_O', 'EMB_O', 'EMB_P', 'EMB_P', 'EMB_P', 'EMB_P', 'EMB_P', 'EMB_P', 'EMB_P', 'EMB_P', 'EMB_P', 'EMB_P', 'EMB_P', 'EMB_P', 'EMB_P', 'EMB_P', 'EMB_P', 'EMB_P', 'EMB_P', 'EMB_P', 'EMB_P', 'EMB_P', 'EMB_P', 'EMB_P', 'EMB_P', 'EMB_P', 'EMB_P', 'EMB_P', 'EMB_P', 'EMB_P', 'EMB_P', 'EMB_P', 'EMB_P', 'EMB_P', 'EMB_P', 'EMB_P', 'EMB_P', 'EMB_P', 'EMB_P', 'EMB_P', 'EMB_P', 'EMB_P', 'EMB_P', 'EMB_P', 'EMB_P', 'EMB_P', 'EMB_P', 'EMB_P', 'EMB_P', 'EMB_P', 'EMB_P', 'EMB_P', 'EMB_P', 'EMB_P', 'EMB_P', 'EMB_P', 'EMB_P', 'EMB_P', 'EMB_P', 'EMB_P', 'EMB_P', 'EMB_P', 'EMB_P', 'EMB_P', 'EMB_P', 'EMB_P', 'EMB_P', 'EMB_P', 'EMB_P', 'EMB_P', 'EMB_P', 'EMB_P', 'EMB_P', 'EMB_P', 'EMB_P', 'EMB_P', 'EMB_P', 'EMB_P', 'EMB_P', 'EMB_P', 'EMB_P', 'EMB_P', 'EMB_P', 'EMB_P', 'EMB_P', 'EMB_P', 'EMB_P', 'EMB_P', 'EMB_P', 'EMB_P', 'EMB_P', 'EMB_P', 'EMB_P', 'EMB_P', 'EMB_P', 'EMB_P', 'EMB_P', 'EMB_P', 'EMB_P', 'EMB_P', 'EMB_P', 'EMB_P', 'EMB_P', 'EMB_P', 'EMB_P']"
11,официанты,могу сама все собрать со столов,24713:18_1006,"К моему удивлению, официанты мне сказали, что я могу сама все собрать со столов, они за отдельную плату дадут мне контейнеры.",2.38,7.12,"['EMB_O', 'EMB_O', 'EMB_O', 'EMB_O', 'EMB_O', 'EMB_O', 'EMB_O', 'EMB_O', 'EMB_O', 'EMB_O', 'ASP_B', 'ASP_I', 'ASP_I', 'ASP_I', 'ASP_E', 'EMB_O', 'EMB_O', 'EMB_O', 'EMB_O', 'EMB_O', 'EMB_O', 'OPN_B', 'OPN_I', 'OPN_I', 'OPN_I', 'OPN_I', 'OPN_I', 'OPN_I', 'OPN_E', 'EMB_O', 'EMB_O', 'EMB_O', 'EMB_O', 'EMB_O', 'EMB_O', 'EMB_O', 'EMB_O', 'EMB_O', 'EMB_O', 'EMB_O', 'EMB_O', 'EMB_O', 'EMB_O', 'EMB_O', 'EMB_O', 'EMB_P', 'EMB_P', 'EMB_P', 'EMB_P', 'EMB_P', 'EMB_P', 'EMB_P', 'EMB_P', 'EMB_P', 'EMB_P', 'EMB_P', 'EMB_P', 'EMB_P', 'EMB_P', 'EMB_P', 'EMB_P', 'EMB_P', 'EMB_P', 'EMB_P', 'EMB_P', 'EMB_P', 'EMB_P', 'EMB_P', 'EMB_P', 'EMB_P', 'EMB_P', 'EMB_P', 'EMB_P', 'EMB_P', 'EMB_P', 'EMB_P', 'EMB_P', 'EMB_P', 'EMB_P', 'EMB_P', 'EMB_P', 'EMB_P', 'EMB_P', 'EMB_P', 'EMB_P', 'EMB_P', 'EMB_P', 'EMB_P', 'EMB_P', 'EMB_P', 'EMB_P', 'EMB_P', 'EMB_P', 'EMB_P', 'EMB_P', 'EMB_P', 'EMB_P', 'EMB_P', 'EMB_P', 'EMB_P', 'EMB_P', 'EMB_P', 'EMB_P', 'EMB_P', 'EMB_P', 'EMB_P', 'EMB_P', 'EMB_P', 'EMB_P', 'EMB_P', 'EMB_P', 'EMB_P', 'EMB_P', 'EMB_P', 'EMB_P', 'EMB_P', 'EMB_P', 'EMB_P', 'EMB_P', 'EMB_P', 'EMB_P', 'EMB_P', 'EMB_P', 'EMB_P', 'EMB_P', 'EMB_P', 'EMB_P', 'EMB_P']"
12,Интерьер,понравился,24916:1_1007,"Интерьер - понравился, кухня - тоже.",6.9,6.3,"['EMB_O', 'ASP_B', 'ASP_I', 'ASP_E', 'EMB_O', 'OPN_B', 'OPN_I', 'OPN_I', 'OPN_E', 'EMB_O', 'EMB_O', 'EMB_O', 'EMB_O', 'EMB_O', 'EMB_O', 'EMB_O', 'EMB_O', 'EMB_P', 'EMB_P', 'EMB_P', 'EMB_P', 'EMB_P', 'EMB_P', 'EMB_P', 'EMB_P', 'EMB_P', 'EMB_P', 'EMB_P', 'EMB_P', 'EMB_P', 'EMB_P', 'EMB_P', 'EMB_P', 'EMB_P', 'EMB_P', 'EMB_P', 'EMB_P', 'EMB_P', 'EMB_P', 'EMB_P', 'EMB_P', 'EMB_P', 'EMB_P', 'EMB_P', 'EMB_P', 'EMB_P', 'EMB_P', 'EMB_P', 'EMB_P', 'EMB_P', 'EMB_P', 'EMB_P', 'EMB_P', 'EMB_P', 'EMB_P', 'EMB_P', 'EMB_P', 'EMB_P', 'EMB_P', 'EMB_P', 'EMB_P', 'EMB_P', 'EMB_P', 'EMB_P', 'EMB_P', 'EMB_P', 'EMB_P', 'EMB_P', 'EMB_P', 'EMB_P', 'EMB_P', 'EMB_P', 'EMB_P', 'EMB_P', 'EMB_P', 'EMB_P', 'EMB_P', 'EMB_P', 'EMB_P', 'EMB_P', 'EMB_P', 'EMB_P', 'EMB_P', 'EMB_P', 'EMB_P', 'EMB_P', 'EMB_P', 'EMB_P', 'EMB_P', 'EMB_P', 'EMB_P', 'EMB_P', 'EMB_P', 'EMB_P', 'EMB_P', 'EMB_P', 'EMB_P', 'EMB_P', 'EMB_P', 'EMB_P', 'EMB_P', 'EMB_P', 'EMB_P', 'EMB_P', 'EMB_P', 'EMB_P', 'EMB_P', 'EMB_P', 'EMB_P', 'EMB_P', 'EMB_P', 'EMB_P', 'EMB_P', 'EMB_P', 'EMB_P', 'EMB_P', 'EMB_P', 'EMB_P', 'EMB_P', 'EMB_P', 'EMB_P', 'EMB_P', 'EMB_P', 'EMB_P', 'EMB_P', 'EMB_P', 'EMB_P', 'EMB_P']"
13,кухня,понравился,24916:1_1007,"Интерьер - понравился, кухня - тоже.",6.9,6.3,"['EMB_O', 'EMB_O', 'EMB_O', 'EMB_O', 'EMB_O', 'OPN_B', 'OPN_I', 'OPN_I', 'OPN_E', 'EMB_O', 'ASP_B', 'ASP_I', 'ASP_E', 'EMB_O', 'EMB_O', 'EMB_O', 'EMB_O', 'EMB_P', 'EMB_P', 'EMB_P', 'EMB_P', 'EMB_P', 'EMB_P', 'EMB_P', 'EMB_P', 'EMB_P', 'EMB_P', 'EMB_P', 'EMB_P', 'EMB_P', 'EMB_P', 'EMB_P', 'EMB_P', 'EMB_P', 'EMB_P', 'EMB_P', 'EMB_P', 'EMB_P', 'EMB_P', 'EMB_P', 'EMB_P', 'EMB_P', 'EMB_P', 'EMB_P', 'EMB_P', 'EMB_P', 'EMB_P', 'EMB_P', 'EMB_P', 'EMB_P', 'EMB_P', 'EMB_P', 'EMB_P', 'EMB_P', 'EMB_P', 'EMB_P', 'EMB_P', 'EMB_P', 'EMB_P', 'EMB_P', 'EMB_P', 'EMB_P', 'EMB_P', 'EMB_P', 'EMB_P', 'EMB_P', 'EMB_P', 'EMB_P', 'EMB_P', 'EMB_P', 'EMB_P', 'EMB_P', 'EMB_P', 'EMB_P', 'EMB_P', 'EMB_P', 'EMB_P', 'EMB_P', 'EMB_P', 'EMB_P', 'EMB_P', 'EMB_P', 'EMB_P', 'EMB_P', 'EMB_P', 'EMB_P', 'EMB_P', 'EMB_P', 'EMB_P', 'EMB_P', 'EMB_P', 'EMB_P', 'EMB_P', 'EMB_P', 'EMB_P', 'EMB_P', 'EMB_P', 'EMB_P', 'EMB_P', 'EMB_P', 'EMB_P', 'EMB_P', 'EMB_P', 'EMB_P', 'EMB_P', 'EMB_P', 'EMB_P', 'EMB_P', 'EMB_P', 'EMB_P', 'EMB_P', 'EMB_P', 'EMB_P', 'EMB_P', 'EMB_P', 'EMB_P', 'EMB_P', 'EMB_P', 'EMB_P', 'EMB_P', 'EMB_P', 'EMB_P', 'EMB_P', 'EMB_P', 'EMB_P', 'EMB_P', 'EMB_P', 'EMB_P']"
14,обслуга,стремилась начать отмечать 8-е марта побыстрее,24916:2_1008,"А вот обслуживание.... то ли обслуга стремилась начать отмечать 8-е марта побыстрее (мы приехали туда около 21.30,девушка при входе сказала, что ресторан работает до 23.00, хотя ЗАРАНЕЕ, когда делалась бронь столика, НАС НИКТО НЕ ПРЕДУПРЕДИЛ, ЧТО РЕСТОРАН БУДЕТ РАБОТАТЬ ДО 23.00)",2.38,6.75,"['EMB_O', 'EMB_O', 'EMB_O', 'EMB_O', 'ASP_S', 'EMB_O', 'EMB_O', 'EMB_O', 'EMB_O', 'EMB_O', 'EMB_O', 'EMB_O', 'EMB_O', 'EMB_O', 'EMB_O', 'ASP_B', 'ASP_E', 'OPN_B', 'OPN_I', 'OPN_I', 'OPN_I', 'OPN_I', 'OPN_I', 'OPN_I', 'OPN_I', 'OPN_I', 'OPN_I', 'OPN_I', 'OPN_I', 'OPN_I', 'OPN_I', 'OPN_I', 'OPN_E', 'EMB_O', 'EMB_O', 'EMB_O', 'EMB_O', 'EMB_O', 'EMB_O', 'EMB_O', 'EMB_O', 'EMB_O', 'EMB_O', 'EMB_O', 'EMB_O', 'EMB_O', 'EMB_O', 'EMB_O', 'EMB_O', 'EMB_O', 'EMB_O', 'EMB_O', 'EMB_O', 'EMB_O', 'EMB_O', 'EMB_O', 'EMB_O', 'EMB_O', 'EMB_O', 'EMB_O', 'EMB_O', 'EMB_O', 'EMB_O', 'EMB_O', 'EMB_O', 'EMB_O', 'EMB_O', 'EMB_O', 'EMB_O', 'EMB_O', 'EMB_O', 'EMB_O', 'EMB_O', 'EMB_O', 'EMB_O', 'EMB_O', 'EMB_O', 'EMB_O', 'EMB_O', 'EMB_O', 'EMB_O', 'EMB_O', 'EMB_O', 'EMB_O', 'EMB_O', 'EMB_O', 'EMB_O', 'EMB_O', 'EMB_O', 'EMB_O', 'EMB_O', 'EMB_O', 'EMB_O', 'EMB_O', 'EMB_O', 'EMB_O', 'EMB_O', 'EMB_O', 'EMB_O', 'EMB_O', 'EMB_O', 'EMB_O', 'EMB_O', 'EMB_O', 'EMB_O', 'EMB_O', 'EMB_O', 'EMB_O', 'EMB_O', 'EMB_O', 'EMB_O', 'EMB_O', 'EMB_O', 'EMB_O', 'EMB_O', 'EMB_O', 'EMB_O', 'EMB_O', 'EMB_O', 'EMB_O', 'EMB_O', 'EMB_O', 'EMB_O', 'EMB_O', 'EMB_O', 'EMB_O', 'EMB_O', 'EMB_O']"
15,девушка,хамски,24916:3_1009,"Заказ принесли довольно быстро, но как только мы приступили к еде, девушка хамски попросила нас пересесть за другой столик.",1.5,8.25,"['EMB_O', 'EMB_O', 'EMB_O', 'EMB_O', 'EMB_O', 'EMB_O', 'EMB_O', 'EMB_O', 'EMB_O', 'EMB_O', 'EMB_O', 'EMB_O', 'EMB_O', 'EMB_O', 'EMB_O', 'EMB_O', 'EMB_O', 'EMB_O', 'EMB_O', 'ASP_B', 'ASP_E', 'OPN_B', 'OPN_I', 'OPN_E', 'EMB_O', 'EMB_O', 'EMB_O', 'EMB_O', 'EMB_O', 'EMB_O', 'EMB_O', 'EMB_O', 'EMB_O', 'EMB_O', 'EMB_O', 'EMB_O', 'EMB_O', 'EMB_P', 'EMB_P', 'EMB_P', 'EMB_P', 'EMB_P', 'EMB_P', 'EMB_P', 'EMB_P', 'EMB_P', 'EMB_P', 'EMB_P', 'EMB_P', 'EMB_P', 'EMB_P', 'EMB_P', 'EMB_P', 'EMB_P', 'EMB_P', 'EMB_P', 'EMB_P', 'EMB_P', 'EMB_P', 'EMB_P', 'EMB_P', 'EMB_P', 'EMB_P', 'EMB_P', 'EMB_P', 'EMB_P', 'EMB_P', 'EMB_P', 'EMB_P', 'EMB_P', 'EMB_P', 'EMB_P', 'EMB_P', 'EMB_P', 'EMB_P', 'EMB_P', 'EMB_P', 'EMB_P', 'EMB_P', 'EMB_P', 'EMB_P', 'EMB_P', 'EMB_P', 'EMB_P', 'EMB_P', 'EMB_P', 'EMB_P', 'EMB_P', 'EMB_P', 'EMB_P', 'EMB_P', 'EMB_P', 'EMB_P', 'EMB_P', 'EMB_P', 'EMB_P', 'EMB_P', 'EMB_P', 'EMB_P', 'EMB_P', 'EMB_P', 'EMB_P', 'EMB_P', 'EMB_P', 'EMB_P', 'EMB_P', 'EMB_P', 'EMB_P', 'EMB_P', 'EMB_P', 'EMB_P', 'EMB_P', 'EMB_P', 'EMB_P', 'EMB_P', 'EMB_P', 'EMB_P', 'EMB_P', 'EMB_P', 'EMB_P', 'EMB_P', 'EMB_P', 'EMB_P', 'EMB_P', 'EMB_P', 'EMB_P', 'EMB_P', 'EMB_P']"
16,чаевых,не оставили,24916:5_1010,"Настроение испорчено не было (просто было неприятно), но чаевых мы не оставили.",3.0,6.12,"['EMB_O', 'EMB_O', 'EMB_O', 'EMB_O', 'EMB_O', 'EMB_O', 'EMB_O', 'EMB_O', 'OPN_S', 'EMB_O', 'EMB_O', 'EMB_O', 'EMB_O', 'EMB_O', 'EMB_O', 'EMB_O', 'EMB_O', 'EMB_O', 'EMB_O', 'EMB_O', 'ASP_B', 'ASP_I', 'ASP_E', 'EMB_O', 'EMB_O', 'OPN_B', 'OPN_E', 'EMB_O', 'EMB_O', 'EMB_P', 'EMB_P', 'EMB_P', 'EMB_P', 'EMB_P', 'EMB_P', 'EMB_P', 'EMB_P', 'EMB_P', 'EMB_P', 'EMB_P', 'EMB_P', 'EMB_P', 'EMB_P', 'EMB_P', 'EMB_P', 'EMB_P', 'EMB_P', 'EMB_P', 'EMB_P', 'EMB_P', 'EMB_P', 'EMB_P', 'EMB_P', 'EMB_P', 'EMB_P', 'EMB_P', 'EMB_P', 'EMB_P', 'EMB_P', 'EMB_P', 'EMB_P', 'EMB_P', 'EMB_P', 'EMB_P', 'EMB_P', 'EMB_P', 'EMB_P', 'EMB_P', 'EMB_P', 'EMB_P', 'EMB_P', 'EMB_P', 'EMB_P', 'EMB_P', 'EMB_P', 'EMB_P', 'EMB_P', 'EMB_P', 'EMB_P', 'EMB_P', 'EMB_P', 'EMB_P', 'EMB_P', 'EMB_P', 'EMB_P', 'EMB_P', 'EMB_P', 'EMB_P', 'EMB_P', 'EMB_P', 'EMB_P', 'EMB_P', 'EMB_P', 'EMB_P', 'EMB_P', 'EMB_P', 'EMB_P', 'EMB_P', 'EMB_P', 'EMB_P', 'EMB_P', 'EMB_P', 'EMB_P', 'EMB_P', 'EMB_P', 'EMB_P', 'EMB_P', 'EMB_P', 'EMB_P', 'EMB_P', 'EMB_P', 'EMB_P', 'EMB_P', 'EMB_P', 'EMB_P', 'EMB_P', 'EMB_P', 'EMB_P', 'EMB_P', 'EMB_P', 'EMB_P', 'EMB_P', 'EMB_P', 'EMB_P', 'EMB_P', 'EMB_P', 'EMB_P', 'EMB_P']"
17,второй этаж,шокирована,25507:2_1011,"Я сначала подумала, что это и есть такое кафе, но поднявшись на второй этаж была шокирована количеством людей!!",2.67,7.83,"['EMB_O', 'EMB_O', 'EMB_O', 'EMB_O', 'EMB_O', 'EMB_O', 'EMB_O', 'EMB_O', 'EMB_O', 'EMB_O', 'EMB_O', 'EMB_O', 'EMB_O', 'EMB_O', 'EMB_O', 'EMB_O', 'EMB_O', 'EMB_O', 'EMB_O', 'ASP_B', 'ASP_I', 'ASP_E', 'EMB_O', 'OPN_B', 'OPN_I', 'OPN_E', 'EMB_O', 'EMB_O', 'EMB_O', 'EMB_O', 'EMB_O', 'EMB_O', 'EMB_P', 'EMB_P', 'EMB_P', 'EMB_P', 'EMB_P', 'EMB_P', 'EMB_P', 'EMB_P', 'EMB_P', 'EMB_P', 'EMB_P', 'EMB_P', 'EMB_P', 'EMB_P', 'EMB_P', 'EMB_P', 'EMB_P', 'EMB_P', 'EMB_P', 'EMB_P', 'EMB_P', 'EMB_P', 'EMB_P', 'EMB_P', 'EMB_P', 'EMB_P', 'EMB_P', 'EMB_P', 'EMB_P', 'EMB_P', 'EMB_P', 'EMB_P', 'EMB_P', 'EMB_P', 'EMB_P', 'EMB_P', 'EMB_P', 'EMB_P', 'EMB_P', 'EMB_P', 'EMB_P', 'EMB_P', 'EMB_P', 'EMB_P', 'EMB_P', 'EMB_P', 'EMB_P', 'EMB_P', 'EMB_P', 'EMB_P', 'EMB_P', 'EMB_P', 'EMB_P', 'EMB_P', 'EMB_P', 'EMB_P', 'EMB_P', 'EMB_P', 'EMB_P', 'EMB_P', 'EMB_P', 'EMB_P', 'EMB_P', 'EMB_P', 'EMB_P', 'EMB_P', 'EMB_P', 'EMB_P', 'EMB_P', 'EMB_P', 'EMB_P', 'EMB_P', 'EMB_P', 'EMB_P', 'EMB_P', 'EMB_P', 'EMB_P', 'EMB_P', 'EMB_P', 'EMB_P', 'EMB_P', 'EMB_P', 'EMB_P', 'EMB_P', 'EMB_P', 'EMB_P', 'EMB_P', 'EMB_P', 'EMB_P', 'EMB_P', 'EMB_P', 'EMB_P', 'EMB_P', 'EMB_P', 'EMB_P', 'EMB_P']"
18,Официантку,пришлось долго ждать,25507:4_1012,"Официантку пришлось долго ждать-при условии того, что позвали ее сами, да и не один раз!!",2.6,6.8,"['EMB_O', 'ASP_B', 'ASP_I', 'ASP_I', 'ASP_I', 'ASP_E', 'OPN_B', 'OPN_I', 'OPN_I', 'OPN_E', 'EMB_O', 'EMB_O', 'EMB_O', 'EMB_O', 'EMB_O', 'EMB_O', 'EMB_O', 'EMB_O', 'EMB_O', 'EMB_O', 'EMB_O', 'EMB_O', 'EMB_O', 'EMB_O', 'EMB_O', 'EMB_O', 'EMB_O', 'EMB_O', 'EMB_O', 'EMB_O', 'EMB_O', 'EMB_O', 'EMB_P', 'EMB_P', 'EMB_P', 'EMB_P', 'EMB_P', 'EMB_P', 'EMB_P', 'EMB_P', 'EMB_P', 'EMB_P', 'EMB_P', 'EMB_P', 'EMB_P', 'EMB_P', 'EMB_P', 'EMB_P', 'EMB_P', 'EMB_P', 'EMB_P', 'EMB_P', 'EMB_P', 'EMB_P', 'EMB_P', 'EMB_P', 'EMB_P', 'EMB_P', 'EMB_P', 'EMB_P', 'EMB_P', 'EMB_P', 'EMB_P', 'EMB_P', 'EMB_P', 'EMB_P', 'EMB_P', 'EMB_P', 'EMB_P', 'EMB_P', 'EMB_P', 'EMB_P', 'EMB_P', 'EMB_P', 'EMB_P', 'EMB_P', 'EMB_P', 'EMB_P', 'EMB_P', 'EMB_P', 'EMB_P', 'EMB_P', 'EMB_P', 'EMB_P', 'EMB_P', 'EMB_P', 'EMB_P', 'EMB_P', 'EMB_P', 'EMB_P', 'EMB_P', 'EMB_P', 'EMB_P', 'EMB_P', 'EMB_P', 'EMB_P', 'EMB_P', 'EMB_P', 'EMB_P', 'EMB_P', 'EMB_P', 'EMB_P', 'EMB_P', 'EMB_P', 'EMB_P', 'EMB_P', 'EMB_P', 'EMB_P', 'EMB_P', 'EMB_P', 'EMB_P', 'EMB_P', 'EMB_P', 'EMB_P', 'EMB_P', 'EMB_P', 'EMB_P', 'EMB_P', 'EMB_P', 'EMB_P', 'EMB_P', 'EMB_P', 'EMB_P', 'EMB_P', 'EMB_P', 'EMB_P', 'EMB_P', 'EMB_P']"
19,Салат,очень понравился,25507:8_1013,Салат принесли быстро-очень понравился!!,7.8,7.1,"['EMB_O', 'ASP_B', 'ASP_E', 'EMB_O', 'EMB_O', 'EMB_O', 'EMB_O', 'OPN_B', 'OPN_I', 'OPN_I', 'OPN_I', 'OPN_E', 'EMB_O', 'EMB_O', 'EMB_O', 'EMB_P', 'EMB_P', 'EMB_P', 'EMB_P', 'EMB_P', 'EMB_P', 'EMB_P', 'EMB_P', 'EMB_P', 'EMB_P', 'EMB_P', 'EMB_P', 'EMB_P', 'EMB_P', 'EMB_P', 'EMB_P', 'EMB_P', 'EMB_P', 'EMB_P', 'EMB_P', 'EMB_P', 'EMB_P', 'EMB_P', 'EMB_P', 'EMB_P', 'EMB_P', 'EMB_P', 'EMB_P', 'EMB_P', 'EMB_P', 'EMB_P', 'EMB_P', 'EMB_P', 'EMB_P', 'EMB_P', 'EMB_P', 'EMB_P', 'EMB_P', 'EMB_P', 'EMB_P', 'EMB_P', 'EMB_P', 'EMB_P', 'EMB_P', 'EMB_P', 'EMB_P', 'EMB_P', 'EMB_P', 'EMB_P', 'EMB_P', 'EMB_P', 'EMB_P', 'EMB_P', 'EMB_P', 'EMB_P', 'EMB_P', 'EMB_P', 'EMB_P', 'EMB_P', 'EMB_P', 'EMB_P', 'EMB_P', 'EMB_P', 'EMB_P', 'EMB_P', 'EMB_P', 'EMB_P', 'EMB_P', 'EMB_P', 'EMB_P', 'EMB_P', 'EMB_P', 'EMB_P', 'EMB_P', 'EMB_P', 'EMB_P', 'EMB_P', 'EMB_P', 'EMB_P', 'EMB_P', 'EMB_P', 'EMB_P', 'EMB_P', 'EMB_P', 'EMB_P', 'EMB_P', 'EMB_P', 'EMB_P', 'EMB_P', 'EMB_P', 'EMB_P', 'EMB_P', 'EMB_P', 'EMB_P', 'EMB_P', 'EMB_P', 'EMB_P', 'EMB_P', 'EMB_P', 'EMB_P', 'EMB_P', 'EMB_P', 'EMB_P', 'EMB_P', 'EMB_P', 'EMB_P', 'EMB_P', 'EMB_P', 'EMB_P', 'EMB_P', 'EMB_P', 'EMB_P', 'EMB_P']"
20,Овощи,свежие,25507:10_1014,Овощи свежие цыпленка долго ждали..наверно с полчаса.,6.7,6.1,"['EMB_O', 'ASP_B', 'ASP_E', 'OPN_B', 'OPN_E', 'EMB_O', 'EMB_O', 'EMB_O', 'EMB_O', 'EMB_O', 'EMB_O', 'EMB_O', 'EMB_O', 'EMB_O', 'EMB_O', 'EMB_O', 'EMB_O', 'EMB_O', 'EMB_O', 'EMB_O', 'EMB_O', 'EMB_O', 'EMB_O', 'EMB_P', 'EMB_P', 'EMB_P', 'EMB_P', 'EMB_P', 'EMB_P', 'EMB_P', 'EMB_P', 'EMB_P', 'EMB_P', 'EMB_P', 'EMB_P', 'EMB_P', 'EMB_P', 'EMB_P', 'EMB_P', 'EMB_P', 'EMB_P', 'EMB_P', 'EMB_P', 'EMB_P', 'EMB_P', 'EMB_P', 'EMB_P', 'EMB_P', 'EMB_P', 'EMB_P', 'EMB_P', 'EMB_P', 'EMB_P', 'EMB_P', 'EMB_P', 'EMB_P', 'EMB_P', 'EMB_P', 'EMB_P', 'EMB_P', 'EMB_P', 'EMB_P', 'EMB_P', 'EMB_P', 'EMB_P', 'EMB_P', 'EMB_P', 'EMB_P', 'EMB_P', 'EMB_P', 'EMB_P', 'EMB_P', 'EMB_P', 'EMB_P', 'EMB_P', 'EMB_P', 'EMB_P', 'EMB_P', 'EMB_P', 'EMB_P', 'EMB_P', 'EMB_P', 'EMB_P', 'EMB_P', 'EMB_P', 'EMB_P', 'EMB_P', 'EMB_P', 'EMB_P', 'EMB_P', 'EMB_P', 'EMB_P', 'EMB_P', 'EMB_P', 'EMB_P', 'EMB_P', 'EMB_P', 'EMB_P', 'EMB_P', 'EMB_P', 'EMB_P', 'EMB_P', 'EMB_P', 'EMB_P', 'EMB_P', 'EMB_P', 'EMB_P', 'EMB_P', 'EMB_P', 'EMB_P', 'EMB_P', 'EMB_P', 'EMB_P', 'EMB_P', 'EMB_P', 'EMB_P', 'EMB_P', 'EMB_P', 'EMB_P', 'EMB_P', 'EMB_P', 'EMB_P', 'EMB_P', 'EMB_P', 'EMB_P', 'EMB_P', 'EMB_P', 'EMB_P']"
21,приправа,в меру,25507:11_1015,"Но это того стоило..хорошо приготовлен, приправа в меру.",6.5,5.7,"['EMB_O', 'EMB_O', 'EMB_O', 'EMB_O', 'EMB_O', 'EMB_O', 'EMB_O', 'EMB_O', 'EMB_O', 'ASP_S', 'EMB_O', 'EMB_O', 'EMB_O', 'EMB_O', 'EMB_O', 'ASP_S', 'OPN_B', 'OPN_I', 'OPN_E', 'EMB_O', 'EMB_O', 'EMB_P', 'EMB_P', 'EMB_P', 'EMB_P', 'EMB_P', 'EMB_P', 'EMB_P', 'EMB_P', 'EMB_P', 'EMB_P', 'EMB_P', 'EMB_P', 'EMB_P', 'EMB_P', 'EMB_P', 'EMB_P', 'EMB_P', 'EMB_P', 'EMB_P', 'EMB_P', 'EMB_P', 'EMB_P', 'EMB_P', 'EMB_P', 'EMB_P', 'EMB_P', 'EMB_P', 'EMB_P', 'EMB_P', 'EMB_P', 'EMB_P', 'EMB_P', 'EMB_P', 'EMB_P', 'EMB_P', 'EMB_P', 'EMB_P', 'EMB_P', 'EMB_P', 'EMB_P', 'EMB_P', 'EMB_P', 'EMB_P', 'EMB_P', 'EMB_P', 'EMB_P', 'EMB_P', 'EMB_P', 'EMB_P', 'EMB_P', 'EMB_P', 'EMB_P', 'EMB_P', 'EMB_P', 'EMB_P', 'EMB_P', 'EMB_P', 'EMB_P', 'EMB_P', 'EMB_P', 'EMB_P', 'EMB_P', 'EMB_P', 'EMB_P', 'EMB_P', 'EMB_P', 'EMB_P', 'EMB_P', 'EMB_P', 'EMB_P', 'EMB_P', 'EMB_P', 'EMB_P', 'EMB_P', 'EMB_P', 'EMB_P', 'EMB_P', 'EMB_P', 'EMB_P', 'EMB_P', 'EMB_P', 'EMB_P', 'EMB_P', 'EMB_P', 'EMB_P', 'EMB_P', 'EMB_P', 'EMB_P', 'EMB_P', 'EMB_P', 'EMB_P', 'EMB_P', 'EMB_P', 'EMB_P', 'EMB_P', 'EMB_P', 'EMB_P', 'EMB_P', 'EMB_P', 'EMB_P', 'EMB_P', 'EMB_P', 'EMB_P', 'EMB_P', 'EMB_P', 'EMB_P', 'EMB_P']"
22,Чеснок,как надо,25507:12_1016,Чеснок как надо.,6.5,6.0,"['EMB_O', 'ASP_B', 'ASP_I', 'ASP_E', 'OPN_B', 'OPN_I', 'OPN_E', 'EMB_O', 'EMB_O', 'EMB_P', 'EMB_P', 'EMB_P', 'EMB_P', 'EMB_P', 'EMB_P', 'EMB_P', 'EMB_P', 'EMB_P', 'EMB_P', 'EMB_P', 'EMB_P', 'EMB_P', 'EMB_P', 'EMB_P', 'EMB_P', 'EMB_P', 'EMB_P', 'EMB_P', 'EMB_P', 'EMB_P', 'EMB_P', 'EMB_P', 'EMB_P', 'EMB_P', 'EMB_P', 'EMB_P', 'EMB_P', 'EMB_P', 'EMB_P', 'EMB_P', 'EMB_P', 'EMB_P', 'EMB_P', 'EMB_P', 'EMB_P', 'EMB_P', 'EMB_P', 'EMB_P', 'EMB_P', 'EMB_P', 'EMB_P', 'EMB_P', 'EMB_P', 'EMB_P', 'EMB_P', 'EMB_P', 'EMB_P', 'EMB_P', 'EMB_P', 'EMB_P', 'EMB_P', 'EMB_P', 'EMB_P', 'EMB_P', 'EMB_P', 'EMB_P', 'EMB_P', 'EMB_P', 'EMB_P', 'EMB_P', 'EMB_P', 'EMB_P', 'EMB_P', 'EMB_P', 'EMB_P', 'EMB_P', 'EMB_P', 'EMB_P', 'EMB_P', 'EMB_P', 'EMB_P', 'EMB_P', 'EMB_P', 'EMB_P', 'EMB_P', 'EMB_P', 'EMB_P', 'EMB_P', 'EMB_P', 'EMB_P', 'EMB_P', 'EMB_P', 'EMB_P', 'EMB_P', 'EMB_P', 'EMB_P', 'EMB_P', 'EMB_P', 'EMB_P', 'EMB_P', 'EMB_P', 'EMB_P', 'EMB_P', 'EMB_P', 'EMB_P', 'EMB_P', 'EMB_P', 'EMB_P', 'EMB_P', 'EMB_P', 'EMB_P', 'EMB_P', 'EMB_P', 'EMB_P', 'EMB_P', 'EMB_P', 'EMB_P', 'EMB_P', 'EMB_P', 'EMB_P', 'EMB_P', 'EMB_P', 'EMB_P', 'EMB_P', 'EMB_P', 'EMB_P', 'EMB_P', 'EMB_P']"
23,Соус,не понравился,25507:13_1017,"Соус прилагается, но мне он не понравился..может конечно из-за хлеба так как я его макала в соус..",2.88,7.12,"['EMB_O', 'ASP_B', 'ASP_E', 'EMB_O', 'EMB_O', 'EMB_O', 'EMB_O', 'EMB_O', 'EMB_O', 'EMB_O', 'OPN_B', 'OPN_I', 'OPN_I', 'OPN_I', 'OPN_E', 'EMB_O', 'EMB_O', 'EMB_O', 'EMB_O', 'EMB_O', 'EMB_O', 'EMB_O', 'EMB_O', 'EMB_O', 'EMB_O', 'EMB_O', 'EMB_O', 'EMB_O', 'EMB_O', 'EMB_O', 'EMB_O', 'EMB_O', 'EMB_O', 'EMB_O', 'EMB_O', 'EMB_O', 'EMB_O', 'EMB_O', 'EMB_P', 'EMB_P', 'EMB_P', 'EMB_P', 'EMB_P', 'EMB_P', 'EMB_P', 'EMB_P', 'EMB_P', 'EMB_P', 'EMB_P', 'EMB_P', 'EMB_P', 'EMB_P', 'EMB_P', 'EMB_P', 'EMB_P', 'EMB_P', 'EMB_P', 'EMB_P', 'EMB_P', 'EMB_P', 'EMB_P', 'EMB_P', 'EMB_P', 'EMB_P', 'EMB_P', 'EMB_P', 'EMB_P', 'EMB_P', 'EMB_P', 'EMB_P', 'EMB_P', 'EMB_P', 'EMB_P', 'EMB_P', 'EMB_P', 'EMB_P', 'EMB_P', 'EMB_P', 'EMB_P', 'EMB_P', 'EMB_P', 'EMB_P', 'EMB_P', 'EMB_P', 'EMB_P', 'EMB_P', 'EMB_P', 'EMB_P', 'EMB_P', 'EMB_P', 'EMB_P', 'EMB_P', 'EMB_P', 'EMB_P', 'EMB_P', 'EMB_P', 'EMB_P', 'EMB_P', 'EMB_P', 'EMB_P', 'EMB_P', 'EMB_P', 'EMB_P', 'EMB_P', 'EMB_P', 'EMB_P', 'EMB_P', 'EMB_P', 'EMB_P', 'EMB_P', 'EMB_P', 'EMB_P', 'EMB_P', 'EMB_P', 'EMB_P', 'EMB_P', 'EMB_P', 'EMB_P', 'EMB_P', 'EMB_P', 'EMB_P', 'EMB_P', 'EMB_P', 'EMB_P', 'EMB_P', 'EMB_P', 'EMB_P', 'EMB_P']"
24,официантка,очень приятная,25507:14_1018,"Вообще впечатления остались приятные официантка которая нас обслуживала очень приятная и простая девушка, чего конечно нельзя сказать об администраторах..но да Бог с ними!!",7.17,6.17,"['EMB_O', 'EMB_O', 'EMB_O', 'EMB_O', 'EMB_O', 'EMB_O', 'EMB_O', 'EMB_O', 'EMB_O', 'EMB_O', 'EMB_O', 'EMB_O', 'EMB_O', 'ASP_B', 'ASP_I', 'ASP_I', 'ASP_I', 'ASP_E', 'EMB_O', 'EMB_O', 'EMB_O', 'EMB_O', 'EMB_O', 'EMB_O', 'OPN_B', 'OPN_I', 'OPN_I', 'OPN_E', 'EMB_O', 'EMB_O', 'EMB_O', 'EMB_O', 'EMB_O', 'EMB_O', 'EMB_O', 'EMB_O', 'EMB_O', 'EMB_O', 'EMB_O', 'EMB_O', 'EMB_O', 'EMB_O', 'EMB_O', 'EMB_O', 'EMB_O', 'EMB_O', 'EMB_O', 'EMB_O', 'EMB_O', 'EMB_O', 'EMB_O', 'EMB_O', 'EMB_O', 'EMB_O', 'EMB_O', 'EMB_O', 'EMB_O', 'EMB_O', 'EMB_O', 'EMB_O', 'EMB_P', 'EMB_P', 'EMB_P', 'EMB_P', 'EMB_P', 'EMB_P', 'EMB_P', 'EMB_P', 'EMB_P', 'EMB_P', 'EMB_P', 'EMB_P', 'EMB_P', 'EMB_P', 'EMB_P', 'EMB_P', 'EMB_P', 'EMB_P', 'EMB_P', 'EMB_P', 'EMB_P', 'EMB_P', 'EMB_P', 'EMB_P', 'EMB_P', 'EMB_P', 'EMB_P', 'EMB_P', 'EMB_P', 'EMB_P', 'EMB_P', 'EMB_P', 'EMB_P', 'EMB_P', 'EMB_P', 'EMB_P', 'EMB_P', 'EMB_P', 'EMB_P', 'EMB_P', 'EMB_P', 'EMB_P', 'EMB_P', 'EMB_P', 'EMB_P', 'EMB_P', 'EMB_P', 'EMB_P', 'EMB_P', 'EMB_P', 'EMB_P', 'EMB_P', 'EMB_P', 'EMB_P', 'EMB_P', 'EMB_P', 'EMB_P', 'EMB_P', 'EMB_P', 'EMB_P', 'EMB_P', 'EMB_P', 'EMB_P', 'EMB_P', 'EMB_P', 'EMB_P', 'EMB_P', 'EMB_P']"
25,девушка,очень приятная,25507:14_1018,"Вообще впечатления остались приятные официантка которая нас обслуживала очень приятная и простая девушка, чего конечно нельзя сказать об администраторах..но да Бог с ними!!",7.5,6.75,"['EMB_O', 'EMB_O', 'EMB_O', 'EMB_O', 'EMB_O', 'EMB_O', 'EMB_O', 'EMB_O', 'EMB_O', 'EMB_O', 'EMB_O', 'EMB_O', 'EMB_O', 'EMB_O', 'EMB_O', 'EMB_O', 'EMB_O', 'EMB_O', 'EMB_O', 'EMB_O', 'EMB_O', 'EMB_O', 'EMB_O', 'EMB_O', 'OPN_B', 'OPN_I', 'OPN_I', 'OPN_E', 'EMB_O', 'EMB_O', 'EMB_O', 'EMB_O', 'ASP_B', 'ASP_E', 'EMB_O', 'EMB_O', 'EMB_O', 'EMB_O', 'EMB_O', 'EMB_O', 'EMB_O', 'EMB_O', 'EMB_O', 'EMB_O', 'EMB_O', 'EMB_O', 'EMB_O', 'EMB_O', 'EMB_O', 'EMB_O', 'EMB_O', 'EMB_O', 'EMB_O', 'EMB_O', 'EMB_O', 'EMB_O', 'EMB_O', 'EMB_O', 'EMB_O', 'EMB_O', 'EMB_P', 'EMB_P', 'EMB_P', 'EMB_P', 'EMB_P', 'EMB_P', 'EMB_P', 'EMB_P', 'EMB_P', 'EMB_P', 'EMB_P', 'EMB_P', 'EMB_P', 'EMB_P', 'EMB_P', 'EMB_P', 'EMB_P', 'EMB_P', 'EMB_P', 'EMB_P', 'EMB_P', 'EMB_P', 'EMB_P', 'EMB_P', 'EMB_P', 'EMB_P', 'EMB_P', 'EMB_P', 'EMB_P', 'EMB_P', 'EMB_P', 'EMB_P', 'EMB_P', 'EMB_P', 'EMB_P', 'EMB_P', 'EMB_P', 'EMB_P', 'EMB_P', 'EMB_P', 'EMB_P', 'EMB_P', 'EMB_P', 'EMB_P', 'EMB_P', 'EMB_P', 'EMB_P', 'EMB_P', 'EMB_P', 'EMB_P', 'EMB_P', 'EMB_P', 'EMB_P', 'EMB_P', 'EMB_P', 'EMB_P', 'EMB_P', 'EMB_P', 'EMB_P', 'EMB_P', 'EMB_P', 'EMB_P', 'EMB_P', 'EMB_P', 'EMB_P', 'EMB_P', 'EMB_P', 'EMB_P']"
26,администраторах,чего конечно нельзя сказать,25507:14_1018,"Вообще впечатления остались приятные официантка которая нас обслуживала очень приятная и простая девушка, чего конечно нельзя сказать об администраторах..но да Бог с ними!!",3.25,5.75,"['EMB_O', 'EMB_O', 'EMB_O', 'EMB_O', 'EMB_O', 'EMB_O', 'EMB_O', 'EMB_O', 'EMB_O', 'EMB_O', 'EMB_O', 'EMB_O', 'EMB_O', 'EMB_O', 'EMB_O', 'EMB_O', 'EMB_O', 'EMB_O', 'EMB_O', 'EMB_O', 'EMB_O', 'EMB_O', 'EMB_O', 'EMB_O', 'EMB_O', 'EMB_O', 'EMB_O', 'EMB_O', 'EMB_O', 'EMB_O', 'EMB_O', 'EMB_O', 'EMB_O', 'EMB_O', 'EMB_O', 'OPN_B', 'OPN_I', 'OPN_I', 'OPN_I', 'OPN_I', 'OPN_I', 'OPN_I', 'OPN_E', 'EMB_O', 'ASP_B', 'ASP_I', 'ASP_I', 'ASP_I', 'ASP_I', 'ASP_E', 'EMB_O', 'EMB_O', 'EMB_O', 'EMB_O', 'EMB_O', 'EMB_O', 'EMB_O', 'EMB_O', 'EMB_O', 'EMB_O', 'EMB_P', 'EMB_P', 'EMB_P', 'EMB_P', 'EMB_P', 'EMB_P', 'EMB_P', 'EMB_P', 'EMB_P', 'EMB_P', 'EMB_P', 'EMB_P', 'EMB_P', 'EMB_P', 'EMB_P', 'EMB_P', 'EMB_P', 'EMB_P', 'EMB_P', 'EMB_P', 'EMB_P', 'EMB_P', 'EMB_P', 'EMB_P', 'EMB_P', 'EMB_P', 'EMB_P', 'EMB_P', 'EMB_P', 'EMB_P', 'EMB_P', 'EMB_P', 'EMB_P', 'EMB_P', 'EMB_P', 'EMB_P', 'EMB_P', 'EMB_P', 'EMB_P', 'EMB_P', 'EMB_P', 'EMB_P', 'EMB_P', 'EMB_P', 'EMB_P', 'EMB_P', 'EMB_P', 'EMB_P', 'EMB_P', 'EMB_P', 'EMB_P', 'EMB_P', 'EMB_P', 'EMB_P', 'EMB_P', 'EMB_P', 'EMB_P', 'EMB_P', 'EMB_P', 'EMB_P', 'EMB_P', 'EMB_P', 'EMB_P', 'EMB_P', 'EMB_P', 'EMB_P', 'EMB_P', 'EMB_P']"
27,девушки,проводили,25709:5_1019,На входе девушки спросили о наших предпочтениях и проводили на второй этаж.,6.67,6.67,"['EMB_O', 'EMB_O', 'EMB_O', 'EMB_O', 'EMB_O', 'ASP_B', 'ASP_E', 'EMB_O', 'EMB_O', 'EMB_O', 'EMB_O', 'EMB_O', 'EMB_O', 'EMB_O', 'EMB_O', 'EMB_O', 'EMB_O', 'EMB_O', 'OPN_B', 'OPN_E', 'EMB_O', 'EMB_O', 'EMB_O', 'EMB_O', 'EMB_O', 'EMB_O', 'EMB_P', 'EMB_P', 'EMB_P', 'EMB_P', 'EMB_P', 'EMB_P', 'EMB_P', 'EMB_P', 'EMB_P', 'EMB_P', 'EMB_P', 'EMB_P', 'EMB_P', 'EMB_P', 'EMB_P', 'EMB_P', 'EMB_P', 'EMB_P', 'EMB_P', 'EMB_P', 'EMB_P', 'EMB_P', 'EMB_P', 'EMB_P', 'EMB_P', 'EMB_P', 'EMB_P', 'EMB_P', 'EMB_P', 'EMB_P', 'EMB_P', 'EMB_P', 'EMB_P', 'EMB_P', 'EMB_P', 'EMB_P', 'EMB_P', 'EMB_P', 'EMB_P', 'EMB_P', 'EMB_P', 'EMB_P', 'EMB_P', 'EMB_P', 'EMB_P', 'EMB_P', 'EMB_P', 'EMB_P', 'EMB_P', 'EMB_P', 'EMB_P', 'EMB_P', 'EMB_P', 'EMB_P', 'EMB_P', 'EMB_P', 'EMB_P', 'EMB_P', 'EMB_P', 'EMB_P', 'EMB_P', 'EMB_P', 'EMB_P', 'EMB_P', 'EMB_P', 'EMB_P', 'EMB_P', 'EMB_P', 'EMB_P', 'EMB_P', 'EMB_P', 'EMB_P', 'EMB_P', 'EMB_P', 'EMB_P', 'EMB_P', 'EMB_P', 'EMB_P', 'EMB_P', 'EMB_P', 'EMB_P', 'EMB_P', 'EMB_P', 'EMB_P', 'EMB_P', 'EMB_P', 'EMB_P', 'EMB_P', 'EMB_P', 'EMB_P', 'EMB_P', 'EMB_P', 'EMB_P', 'EMB_P', 'EMB_P', 'EMB_P', 'EMB_P', 'EMB_P', 'EMB_P', 'EMB_P', 'EMB_P', 'EMB_P']"
28,диваны,Мягкие,25709:8_1020,Мягкие диваны с россыпью подушек.,7.12,7.0,"['EMB_O', 'OPN_B', 'OPN_I', 'OPN_E', 'ASP_B', 'ASP_E', 'EMB_O', 'EMB_O', 'EMB_O', 'EMB_O', 'EMB_O', 'EMB_O', 'EMB_O', 'EMB_O', 'EMB_O', 'EMB_O', 'EMB_P', 'EMB_P', 'EMB_P', 'EMB_P', 'EMB_P', 'EMB_P', 'EMB_P', 'EMB_P', 'EMB_P', 'EMB_P', 'EMB_P', 'EMB_P', 'EMB_P', 'EMB_P', 'EMB_P', 'EMB_P', 'EMB_P', 'EMB_P', 'EMB_P', 'EMB_P', 'EMB_P', 'EMB_P', 'EMB_P', 'EMB_P', 'EMB_P', 'EMB_P', 'EMB_P', 'EMB_P', 'EMB_P', 'EMB_P', 'EMB_P', 'EMB_P', 'EMB_P', 'EMB_P', 'EMB_P', 'EMB_P', 'EMB_P', 'EMB_P', 'EMB_P', 'EMB_P', 'EMB_P', 'EMB_P', 'EMB_P', 'EMB_P', 'EMB_P', 'EMB_P', 'EMB_P', 'EMB_P', 'EMB_P', 'EMB_P', 'EMB_P', 'EMB_P', 'EMB_P', 'EMB_P', 'EMB_P', 'EMB_P', 'EMB_P', 'EMB_P', 'EMB_P', 'EMB_P', 'EMB_P', 'EMB_P', 'EMB_P', 'EMB_P', 'EMB_P', 'EMB_P', 'EMB_P', 'EMB_P', 'EMB_P', 'EMB_P', 'EMB_P', 'EMB_P', 'EMB_P', 'EMB_P', 'EMB_P', 'EMB_P', 'EMB_P', 'EMB_P', 'EMB_P', 'EMB_P', 'EMB_P', 'EMB_P', 'EMB_P', 'EMB_P', 'EMB_P', 'EMB_P', 'EMB_P', 'EMB_P', 'EMB_P', 'EMB_P', 'EMB_P', 'EMB_P', 'EMB_P', 'EMB_P', 'EMB_P', 'EMB_P', 'EMB_P', 'EMB_P', 'EMB_P', 'EMB_P', 'EMB_P', 'EMB_P', 'EMB_P', 'EMB_P', 'EMB_P', 'EMB_P', 'EMB_P', 'EMB_P', 'EMB_P', 'EMB_P', 'EMB_P', 'EMB_P']"
29,подушек,россыпью,25709:8_1020,Мягкие диваны с россыпью подушек.,6.5,6.0,"['EMB_O', 'EMB_O', 'EMB_O', 'EMB_O', 'EMB_O', 'EMB_O', 'EMB_O', 'OPN_B', 'OPN_I', 'OPN_I', 'OPN_E', 'ASP_B', 'ASP_I', 'ASP_E', 'EMB_O', 'EMB_O', 'EMB_P', 'EMB_P', 'EMB_P', 'EMB_P', 'EMB_P', 'EMB_P', 'EMB_P', 'EMB_P', 'EMB_P', 'EMB_P', 'EMB_P', 'EMB_P', 'EMB_P', 'EMB_P', 'EMB_P', 'EMB_P', 'EMB_P', 'EMB_P', 'EMB_P', 'EMB_P', 'EMB_P', 'EMB_P', 'EMB_P', 'EMB_P', 'EMB_P', 'EMB_P', 'EMB_P', 'EMB_P', 'EMB_P', 'EMB_P', 'EMB_P', 'EMB_P', 'EMB_P', 'EMB_P', 'EMB_P', 'EMB_P', 'EMB_P', 'EMB_P', 'EMB_P', 'EMB_P', 'EMB_P', 'EMB_P', 'EMB_P', 'EMB_P', 'EMB_P', 'EMB_P', 'EMB_P', 'EMB_P', 'EMB_P', 'EMB_P', 'EMB_P', 'EMB_P', 'EMB_P', 'EMB_P', 'EMB_P', 'EMB_P', 'EMB_P', 'EMB_P', 'EMB_P', 'EMB_P', 'EMB_P', 'EMB_P', 'EMB_P', 'EMB_P', 'EMB_P', 'EMB_P', 'EMB_P', 'EMB_P', 'EMB_P', 'EMB_P', 'EMB_P', 'EMB_P', 'EMB_P', 'EMB_P', 'EMB_P', 'EMB_P', 'EMB_P', 'EMB_P', 'EMB_P', 'EMB_P', 'EMB_P', 'EMB_P', 'EMB_P', 'EMB_P', 'EMB_P', 'EMB_P', 'EMB_P', 'EMB_P', 'EMB_P', 'EMB_P', 'EMB_P', 'EMB_P', 'EMB_P', 'EMB_P', 'EMB_P', 'EMB_P', 'EMB_P', 'EMB_P', 'EMB_P', 'EMB_P', 'EMB_P', 'EMB_P', 'EMB_P', 'EMB_P', 'EMB_P', 'EMB_P', 'EMB_P', 'EMB_P', 'EMB_P', 'EMB_P', 'EMB_P', 'EMB_P']"
30,музыка,негромкая,25709:9_1021,Довольно приятная негромкая музыка и легкий полумрак.,6.38,5.75,"['EMB_O', 'EMB_O', 'EMB_O', 'EMB_O', 'EMB_O', 'EMB_O', 'EMB_O', 'OPN_B', 'OPN_I', 'OPN_I', 'OPN_E', 'ASP_S', 'EMB_O', 'EMB_O', 'EMB_O', 'EMB_O', 'EMB_O', 'EMB_O', 'EMB_O', 'EMB_O', 'EMB_O', 'EMB_P', 'EMB_P', 'EMB_P', 'EMB_P', 'EMB_P', 'EMB_P', 'EMB_P', 'EMB_P', 'EMB_P', 'EMB_P', 'EMB_P', 'EMB_P', 'EMB_P', 'EMB_P', 'EMB_P', 'EMB_P', 'EMB_P', 'EMB_P', 'EMB_P', 'EMB_P', 'EMB_P', 'EMB_P', 'EMB_P', 'EMB_P', 'EMB_P', 'EMB_P', 'EMB_P', 'EMB_P', 'EMB_P', 'EMB_P', 'EMB_P', 'EMB_P', 'EMB_P', 'EMB_P', 'EMB_P', 'EMB_P', 'EMB_P', 'EMB_P', 'EMB_P', 'EMB_P', 'EMB_P', 'EMB_P', 'EMB_P', 'EMB_P', 'EMB_P', 'EMB_P', 'EMB_P', 'EMB_P', 'EMB_P', 'EMB_P', 'EMB_P', 'EMB_P', 'EMB_P', 'EMB_P', 'EMB_P', 'EMB_P', 'EMB_P', 'EMB_P', 'EMB_P', 'EMB_P', 'EMB_P', 'EMB_P', 'EMB_P', 'EMB_P', 'EMB_P', 'EMB_P', 'EMB_P', 'EMB_P', 'EMB_P', 'EMB_P', 'EMB_P', 'EMB_P', 'EMB_P', 'EMB_P', 'EMB_P', 'EMB_P', 'EMB_P', 'EMB_P', 'EMB_P', 'EMB_P', 'EMB_P', 'EMB_P', 'EMB_P', 'EMB_P', 'EMB_P', 'EMB_P', 'EMB_P', 'EMB_P', 'EMB_P', 'EMB_P', 'EMB_P', 'EMB_P', 'EMB_P', 'EMB_P', 'EMB_P', 'EMB_P', 'EMB_P', 'EMB_P', 'EMB_P', 'EMB_P', 'EMB_P', 'EMB_P', 'EMB_P', 'EMB_P', 'EMB_P', 'EMB_P', 'EMB_P']"
31,полумрак,легкий,25709:9_1021,Довольно приятная негромкая музыка и легкий полумрак.,6.2,5.4,"['EMB_O', 'EMB_O', 'EMB_O', 'EMB_O', 'EMB_O', 'EMB_O', 'EMB_O', 'EMB_O', 'EMB_O', 'EMB_O', 'EMB_O', 'EMB_O', 'EMB_O', 'OPN_B', 'OPN_I', 'OPN_E', 'ASP_B', 'ASP_I', 'ASP_E', 'EMB_O', 'EMB_O', 'EMB_P', 'EMB_P', 'EMB_P', 'EMB_P', 'EMB_P', 'EMB_P', 'EMB_P', 'EMB_P', 'EMB_P', 'EMB_P', 'EMB_P', 'EMB_P', 'EMB_P', 'EMB_P', 'EMB_P', 'EMB_P', 'EMB_P', 'EMB_P', 'EMB_P', 'EMB_P', 'EMB_P', 'EMB_P', 'EMB_P', 'EMB_P', 'EMB_P', 'EMB_P', 'EMB_P', 'EMB_P', 'EMB_P', 'EMB_P', 'EMB_P', 'EMB_P', 'EMB_P', 'EMB_P', 'EMB_P', 'EMB_P', 'EMB_P', 'EMB_P', 'EMB_P', 'EMB_P', 'EMB_P', 'EMB_P', 'EMB_P', 'EMB_P', 'EMB_P', 'EMB_P', 'EMB_P', 'EMB_P', 'EMB_P', 'EMB_P', 'EMB_P', 'EMB_P', 'EMB_P', 'EMB_P', 'EMB_P', 'EMB_P', 'EMB_P', 'EMB_P', 'EMB_P', 'EMB_P', 'EMB_P', 'EMB_P', 'EMB_P', 'EMB_P', 'EMB_P', 'EMB_P', 'EMB_P', 'EMB_P', 'EMB_P', 'EMB_P', 'EMB_P', 'EMB_P', 'EMB_P', 'EMB_P', 'EMB_P', 'EMB_P', 'EMB_P', 'EMB_P', 'EMB_P', 'EMB_P', 'EMB_P', 'EMB_P', 'EMB_P', 'EMB_P', 'EMB_P', 'EMB_P', 'EMB_P', 'EMB_P', 'EMB_P', 'EMB_P', 'EMB_P', 'EMB_P', 'EMB_P', 'EMB_P', 'EMB_P', 'EMB_P', 'EMB_P', 'EMB_P', 'EMB_P', 'EMB_P', 'EMB_P', 'EMB_P', 'EMB_P', 'EMB_P', 'EMB_P', 'EMB_P', 'EMB_P']"
32,Медальоны из говядины с запеченным картофелем,прекрасны,25709:13_1022,Медальоны из говядины с запеченным картофелем были прекрасны.,7.9,7.3,"['EMB_O', 'ASP_B', 'ASP_I', 'ASP_I', 'ASP_I', 'ASP_I', 'ASP_I', 'ASP_I', 'ASP_I', 'ASP_I', 'ASP_I', 'ASP_I', 'ASP_I', 'ASP_I', 'ASP_I', 'ASP_I', 'ASP_E', 'EMB_O', 'OPN_B', 'OPN_I', 'OPN_I', 'OPN_E', 'EMB_O', 'EMB_O', 'EMB_P', 'EMB_P', 'EMB_P', 'EMB_P', 'EMB_P', 'EMB_P', 'EMB_P', 'EMB_P', 'EMB_P', 'EMB_P', 'EMB_P', 'EMB_P', 'EMB_P', 'EMB_P', 'EMB_P', 'EMB_P', 'EMB_P', 'EMB_P', 'EMB_P', 'EMB_P', 'EMB_P', 'EMB_P', 'EMB_P', 'EMB_P', 'EMB_P', 'EMB_P', 'EMB_P', 'EMB_P', 'EMB_P', 'EMB_P', 'EMB_P', 'EMB_P', 'EMB_P', 'EMB_P', 'EMB_P', 'EMB_P', 'EMB_P', 'EMB_P', 'EMB_P', 'EMB_P', 'EMB_P', 'EMB_P', 'EMB_P', 'EMB_P', 'EMB_P', 'EMB_P', 'EMB_P', 'EMB_P', 'EMB_P', 'EMB_P', 'EMB_P', 'EMB_P', 'EMB_P', 'EMB_P', 'EMB_P', 'EMB_P', 'EMB_P', 'EMB_P', 'EMB_P', 'EMB_P', 'EMB_P', 'EMB_P', 'EMB_P', 'EMB_P', 'EMB_P', 'EMB_P', 'EMB_P', 'EMB_P', 'EMB_P', 'EMB_P', 'EMB_P', 'EMB_P', 'EMB_P', 'EMB_P', 'EMB_P', 'EMB_P', 'EMB_P', 'EMB_P', 'EMB_P', 'EMB_P', 'EMB_P', 'EMB_P', 'EMB_P', 'EMB_P', 'EMB_P', 'EMB_P', 'EMB_P', 'EMB_P', 'EMB_P', 'EMB_P', 'EMB_P', 'EMB_P', 'EMB_P', 'EMB_P', 'EMB_P', 'EMB_P', 'EMB_P', 'EMB_P', 'EMB_P', 'EMB_P', 'EMB_P', 'EMB_P', 'EMB_P', 'EMB_P']"
33,мясо,хорошо,25709:14_1023,"В последнее время совсем отошла от рыбы и радуюсь, когда подают хорошо приготовленное мясо.",6.67,6.0,"['EMB_O', 'EMB_O', 'EMB_O', 'EMB_O', 'EMB_O', 'EMB_O', 'EMB_O', 'EMB_O', 'EMB_O', 'EMB_O', 'EMB_O', 'EMB_O', 'EMB_O', 'EMB_O', 'EMB_O', 'EMB_O', 'EMB_O', 'EMB_O', 'EMB_O', 'EMB_O', 'OPN_S', 'EMB_O', 'EMB_O', 'EMB_O', 'EMB_O', 'EMB_O', 'ASP_B', 'ASP_I', 'ASP_E', 'EMB_O', 'EMB_O', 'EMB_P', 'EMB_P', 'EMB_P', 'EMB_P', 'EMB_P', 'EMB_P', 'EMB_P', 'EMB_P', 'EMB_P', 'EMB_P', 'EMB_P', 'EMB_P', 'EMB_P', 'EMB_P', 'EMB_P', 'EMB_P', 'EMB_P', 'EMB_P', 'EMB_P', 'EMB_P', 'EMB_P', 'EMB_P', 'EMB_P', 'EMB_P', 'EMB_P', 'EMB_P', 'EMB_P', 'EMB_P', 'EMB_P', 'EMB_P', 'EMB_P', 'EMB_P', 'EMB_P', 'EMB_P', 'EMB_P', 'EMB_P', 'EMB_P', 'EMB_P', 'EMB_P', 'EMB_P', 'EMB_P', 'EMB_P', 'EMB_P', 'EMB_P', 'EMB_P', 'EMB_P', 'EMB_P', 'EMB_P', 'EMB_P', 'EMB_P', 'EMB_P', 'EMB_P', 'EMB_P', 'EMB_P', 'EMB_P', 'EMB_P', 'EMB_P', 'EMB_P', 'EMB_P', 'EMB_P', 'EMB_P', 'EMB_P', 'EMB_P', 'EMB_P', 'EMB_P', 'EMB_P', 'EMB_P', 'EMB_P', 'EMB_P', 'EMB_P', 'EMB_P', 'EMB_P', 'EMB_P', 'EMB_P', 'EMB_P', 'EMB_P', 'EMB_P', 'EMB_P', 'EMB_P', 'EMB_P', 'EMB_P', 'EMB_P', 'EMB_P', 'EMB_P', 'EMB_P', 'EMB_P', 'EMB_P', 'EMB_P', 'EMB_P', 'EMB_P', 'EMB_P', 'EMB_P', 'EMB_P', 'EMB_P', 'EMB_P', 'EMB_P', 'EMB_P']"
34,обслуживании,на зов являлись в течение минуты,25709:16_1024,"В зале постоянно находилось на обслуживании человека два, так что на зов являлись в течение минуты.",7.5,7.17,"['EMB_O', 'EMB_O', 'EMB_O', 'EMB_O', 'EMB_O', 'OPN_S', 'EMB_O', 'EMB_O', 'EMB_O', 'ASP_B', 'ASP_I', 'ASP_I', 'ASP_E', 'EMB_O', 'EMB_O', 'EMB_O', 'EMB_O', 'EMB_O', 'EMB_O', 'OPN_B', 'OPN_I', 'OPN_I', 'OPN_I', 'OPN_I', 'OPN_I', 'OPN_I', 'OPN_E', 'EMB_O', 'EMB_O', 'EMB_P', 'EMB_P', 'EMB_P', 'EMB_P', 'EMB_P', 'EMB_P', 'EMB_P', 'EMB_P', 'EMB_P', 'EMB_P', 'EMB_P', 'EMB_P', 'EMB_P', 'EMB_P', 'EMB_P', 'EMB_P', 'EMB_P', 'EMB_P', 'EMB_P', 'EMB_P', 'EMB_P', 'EMB_P', 'EMB_P', 'EMB_P', 'EMB_P', 'EMB_P', 'EMB_P', 'EMB_P', 'EMB_P', 'EMB_P', 'EMB_P', 'EMB_P', 'EMB_P', 'EMB_P', 'EMB_P', 'EMB_P', 'EMB_P', 'EMB_P', 'EMB_P', 'EMB_P', 'EMB_P', 'EMB_P', 'EMB_P', 'EMB_P', 'EMB_P', 'EMB_P', 'EMB_P', 'EMB_P', 'EMB_P', 'EMB_P', 'EMB_P', 'EMB_P', 'EMB_P', 'EMB_P', 'EMB_P', 'EMB_P', 'EMB_P', 'EMB_P', 'EMB_P', 'EMB_P', 'EMB_P', 'EMB_P', 'EMB_P', 'EMB_P', 'EMB_P', 'EMB_P', 'EMB_P', 'EMB_P', 'EMB_P', 'EMB_P', 'EMB_P', 'EMB_P', 'EMB_P', 'EMB_P', 'EMB_P', 'EMB_P', 'EMB_P', 'EMB_P', 'EMB_P', 'EMB_P', 'EMB_P', 'EMB_P', 'EMB_P', 'EMB_P', 'EMB_P', 'EMB_P', 'EMB_P', 'EMB_P', 'EMB_P', 'EMB_P', 'EMB_P', 'EMB_P', 'EMB_P', 'EMB_P', 'EMB_P', 'EMB_P', 'EMB_P', 'EMB_P', 'EMB_P']"
35,заведения,отличное,25709:19_1025,В целом отличное впечатление от данного заведения.,7.67,7.17,"['EMB_O', 'EMB_O', 'EMB_O', 'OPN_B', 'OPN_I', 'OPN_E', 'EMB_O', 'EMB_O', 'EMB_O', 'EMB_O', 'EMB_O', 'EMB_O', 'ASP_B', 'ASP_E', 'EMB_O', 'EMB_O', 'EMB_P', 'EMB_P', 'EMB_P', 'EMB_P', 'EMB_P', 'EMB_P', 'EMB_P', 'EMB_P', 'EMB_P', 'EMB_P', 'EMB_P', 'EMB_P', 'EMB_P', 'EMB_P', 'EMB_P', 'EMB_P', 'EMB_P', 'EMB_P', 'EMB_P', 'EMB_P', 'EMB_P', 'EMB_P', 'EMB_P', 'EMB_P', 'EMB_P', 'EMB_P', 'EMB_P', 'EMB_P', 'EMB_P', 'EMB_P', 'EMB_P', 'EMB_P', 'EMB_P', 'EMB_P', 'EMB_P', 'EMB_P', 'EMB_P', 'EMB_P', 'EMB_P', 'EMB_P', 'EMB_P', 'EMB_P', 'EMB_P', 'EMB_P', 'EMB_P', 'EMB_P', 'EMB_P', 'EMB_P', 'EMB_P', 'EMB_P', 'EMB_P', 'EMB_P', 'EMB_P', 'EMB_P', 'EMB_P', 'EMB_P', 'EMB_P', 'EMB_P', 'EMB_P', 'EMB_P', 'EMB_P', 'EMB_P', 'EMB_P', 'EMB_P', 'EMB_P', 'EMB_P', 'EMB_P', 'EMB_P', 'EMB_P', 'EMB_P', 'EMB_P', 'EMB_P', 'EMB_P', 'EMB_P', 'EMB_P', 'EMB_P', 'EMB_P', 'EMB_P', 'EMB_P', 'EMB_P', 'EMB_P', 'EMB_P', 'EMB_P', 'EMB_P', 'EMB_P', 'EMB_P', 'EMB_P', 'EMB_P', 'EMB_P', 'EMB_P', 'EMB_P', 'EMB_P', 'EMB_P', 'EMB_P', 'EMB_P', 'EMB_P', 'EMB_P', 'EMB_P', 'EMB_P', 'EMB_P', 'EMB_P', 'EMB_P', 'EMB_P', 'EMB_P', 'EMB_P', 'EMB_P', 'EMB_P', 'EMB_P', 'EMB_P', 'EMB_P', 'EMB_P', 'EMB_P']"
36,официант,предоставлен только нам,25753:2_1026,"Нам повезло - в это время в ресторане было мало посетителей, поэтому официант (хотя, мне кажется, нас обслуживал администратор) был предоставлен только нам.",6.62,5.62,"['EMB_O', 'EMB_O', 'EMB_O', 'EMB_O', 'EMB_O', 'EMB_O', 'EMB_O', 'EMB_O', 'EMB_O', 'EMB_O', 'EMB_O', 'EMB_O', 'EMB_O', 'EMB_O', 'EMB_O', 'EMB_O', 'EMB_O', 'EMB_O', 'EMB_O', 'EMB_O', 'ASP_B', 'ASP_I', 'ASP_I', 'ASP_E', 'EMB_O', 'EMB_O', 'EMB_O', 'EMB_O', 'EMB_O', 'EMB_O', 'EMB_O', 'EMB_O', 'EMB_O', 'EMB_O', 'EMB_O', 'EMB_O', 'EMB_O', 'EMB_O', 'EMB_O', 'EMB_O', 'EMB_O', 'EMB_O', 'OPN_B', 'OPN_I', 'OPN_I', 'OPN_I', 'OPN_I', 'OPN_E', 'EMB_O', 'EMB_O', 'EMB_P', 'EMB_P', 'EMB_P', 'EMB_P', 'EMB_P', 'EMB_P', 'EMB_P', 'EMB_P', 'EMB_P', 'EMB_P', 'EMB_P', 'EMB_P', 'EMB_P', 'EMB_P', 'EMB_P', 'EMB_P', 'EMB_P', 'EMB_P', 'EMB_P', 'EMB_P', 'EMB_P', 'EMB_P', 'EMB_P', 'EMB_P', 'EMB_P', 'EMB_P', 'EMB_P', 'EMB_P', 'EMB_P', 'EMB_P', 'EMB_P', 'EMB_P', 'EMB_P', 'EMB_P', 'EMB_P', 'EMB_P', 'EMB_P', 'EMB_P', 'EMB_P', 'EMB_P', 'EMB_P', 'EMB_P', 'EMB_P', 'EMB_P', 'EMB_P', 'EMB_P', 'EMB_P', 'EMB_P', 'EMB_P', 'EMB_P', 'EMB_P', 'EMB_P', 'EMB_P', 'EMB_P', 'EMB_P', 'EMB_P', 'EMB_P', 'EMB_P', 'EMB_P', 'EMB_P', 'EMB_P', 'EMB_P', 'EMB_P', 'EMB_P', 'EMB_P', 'EMB_P', 'EMB_P', 'EMB_P', 'EMB_P', 'EMB_P', 'EMB_P', 'EMB_P', 'EMB_P', 'EMB_P', 'EMB_P', 'EMB_P', 'EMB_P', 'EMB_P']"
37,обслуживание,Очень понравилось,25753:3_1027,"Очень понравилось обслуживание - профессиональное, ненавязчивое, доброжелательное.",8.12,7.62,"['EMB_O', 'OPN_B', 'OPN_I', 'OPN_I', 'OPN_I', 'OPN_I', 'OPN_E', 'ASP_B', 'ASP_I', 'ASP_I', 'ASP_E', 'EMB_O', 'EMB_O', 'EMB_O', 'EMB_O', 'EMB_O', 'EMB_O', 'EMB_O', 'EMB_O', 'EMB_O', 'EMB_O', 'EMB_O', 'EMB_O', 'EMB_O', 'EMB_O', 'EMB_O', 'EMB_O', 'EMB_O', 'EMB_O', 'EMB_O', 'EMB_P', 'EMB_P', 'EMB_P', 'EMB_P', 'EMB_P', 'EMB_P', 'EMB_P', 'EMB_P', 'EMB_P', 'EMB_P', 'EMB_P', 'EMB_P', 'EMB_P', 'EMB_P', 'EMB_P', 'EMB_P', 'EMB_P', 'EMB_P', 'EMB_P', 'EMB_P', 'EMB_P', 'EMB_P', 'EMB_P', 'EMB_P', 'EMB_P', 'EMB_P', 'EMB_P', 'EMB_P', 'EMB_P', 'EMB_P', 'EMB_P', 'EMB_P', 'EMB_P', 'EMB_P', 'EMB_P', 'EMB_P', 'EMB_P', 'EMB_P', 'EMB_P', 'EMB_P', 'EMB_P', 'EMB_P', 'EMB_P', 'EMB_P', 'EMB_P', 'EMB_P', 'EMB_P', 'EMB_P', 'EMB_P', 'EMB_P', 'EMB_P', 'EMB_P', 'EMB_P', 'EMB_P', 'EMB_P', 'EMB_P', 'EMB_P', 'EMB_P', 'EMB_P', 'EMB_P', 'EMB_P', 'EMB_P', 'EMB_P', 'EMB_P', 'EMB_P', 'EMB_P', 'EMB_P', 'EMB_P', 'EMB_P', 'EMB_P', 'EMB_P', 'EMB_P', 'EMB_P', 'EMB_P', 'EMB_P', 'EMB_P', 'EMB_P', 'EMB_P', 'EMB_P', 'EMB_P', 'EMB_P', 'EMB_P', 'EMB_P', 'EMB_P', 'EMB_P', 'EMB_P', 'EMB_P', 'EMB_P', 'EMB_P', 'EMB_P', 'EMB_P', 'EMB_P', 'EMB_P', 'EMB_P', 'EMB_P', 'EMB_P', 'EMB_P', 'EMB_P']"
38,Еда,очень вкусная,25753:5_1028,Еда очень вкусная!,7.8,7.2,"['EMB_O', 'ASP_B', 'ASP_E', 'OPN_B', 'OPN_I', 'OPN_I', 'OPN_I', 'OPN_E', 'EMB_O', 'EMB_O', 'EMB_P', 'EMB_P', 'EMB_P', 'EMB_P', 'EMB_P', 'EMB_P', 'EMB_P', 'EMB_P', 'EMB_P', 'EMB_P', 'EMB_P', 'EMB_P', 'EMB_P', 'EMB_P', 'EMB_P', 'EMB_P', 'EMB_P', 'EMB_P', 'EMB_P', 'EMB_P', 'EMB_P', 'EMB_P', 'EMB_P', 'EMB_P', 'EMB_P', 'EMB_P', 'EMB_P', 'EMB_P', 'EMB_P', 'EMB_P', 'EMB_P', 'EMB_P', 'EMB_P', 'EMB_P', 'EMB_P', 'EMB_P', 'EMB_P', 'EMB_P', 'EMB_P', 'EMB_P', 'EMB_P', 'EMB_P', 'EMB_P', 'EMB_P', 'EMB_P', 'EMB_P', 'EMB_P', 'EMB_P', 'EMB_P', 'EMB_P', 'EMB_P', 'EMB_P', 'EMB_P', 'EMB_P', 'EMB_P', 'EMB_P', 'EMB_P', 'EMB_P', 'EMB_P', 'EMB_P', 'EMB_P', 'EMB_P', 'EMB_P', 'EMB_P', 'EMB_P', 'EMB_P', 'EMB_P', 'EMB_P', 'EMB_P', 'EMB_P', 'EMB_P', 'EMB_P', 'EMB_P', 'EMB_P', 'EMB_P', 'EMB_P', 'EMB_P', 'EMB_P', 'EMB_P', 'EMB_P', 'EMB_P', 'EMB_P', 'EMB_P', 'EMB_P', 'EMB_P', 'EMB_P', 'EMB_P', 'EMB_P', 'EMB_P', 'EMB_P', 'EMB_P', 'EMB_P', 'EMB_P', 'EMB_P', 'EMB_P', 'EMB_P', 'EMB_P', 'EMB_P', 'EMB_P', 'EMB_P', 'EMB_P', 'EMB_P', 'EMB_P', 'EMB_P', 'EMB_P', 'EMB_P', 'EMB_P', 'EMB_P', 'EMB_P', 'EMB_P', 'EMB_P', 'EMB_P', 'EMB_P', 'EMB_P', 'EMB_P', 'EMB_P', 'EMB_P', 'EMB_P']"
39,Шашлык,выше всяческих похвал,25753:6_1029,Шашлык - выше всяческих похвал.,8.75,8.0,"['EMB_O', 'ASP_B', 'ASP_I', 'ASP_E', 'EMB_O', 'OPN_B', 'OPN_I', 'OPN_I', 'OPN_I', 'OPN_I', 'OPN_E', 'EMB_O', 'EMB_O', 'EMB_P', 'EMB_P', 'EMB_P', 'EMB_P', 'EMB_P', 'EMB_P', 'EMB_P', 'EMB_P', 'EMB_P', 'EMB_P', 'EMB_P', 'EMB_P', 'EMB_P', 'EMB_P', 'EMB_P', 'EMB_P', 'EMB_P', 'EMB_P', 'EMB_P', 'EMB_P', 'EMB_P', 'EMB_P', 'EMB_P', 'EMB_P', 'EMB_P', 'EMB_P', 'EMB_P', 'EMB_P', 'EMB_P', 'EMB_P', 'EMB_P', 'EMB_P', 'EMB_P', 'EMB_P', 'EMB_P', 'EMB_P', 'EMB_P', 'EMB_P', 'EMB_P', 'EMB_P', 'EMB_P', 'EMB_P', 'EMB_P', 'EMB_P', 'EMB_P', 'EMB_P', 'EMB_P', 'EMB_P', 'EMB_P', 'EMB_P', 'EMB_P', 'EMB_P', 'EMB_P', 'EMB_P', 'EMB_P', 'EMB_P', 'EMB_P', 'EMB_P', 'EMB_P', 'EMB_P', 'EMB_P', 'EMB_P', 'EMB_P', 'EMB_P', 'EMB_P', 'EMB_P', 'EMB_P', 'EMB_P', 'EMB_P', 'EMB_P', 'EMB_P', 'EMB_P', 'EMB_P', 'EMB_P', 'EMB_P', 'EMB_P', 'EMB_P', 'EMB_P', 'EMB_P', 'EMB_P', 'EMB_P', 'EMB_P', 'EMB_P', 'EMB_P', 'EMB_P', 'EMB_P', 'EMB_P', 'EMB_P', 'EMB_P', 'EMB_P', 'EMB_P', 'EMB_P', 'EMB_P', 'EMB_P', 'EMB_P', 'EMB_P', 'EMB_P', 'EMB_P', 'EMB_P', 'EMB_P', 'EMB_P', 'EMB_P', 'EMB_P', 'EMB_P', 'EMB_P', 'EMB_P', 'EMB_P', 'EMB_P', 'EMB_P', 'EMB_P', 'EMB_P', 'EMB_P', 'EMB_P', 'EMB_P', 'EMB_P']"
40,Обстановка,очень уютные,25753:7_1030,"Обстановка, интерьер очень уютные.",7.8,7.0,"['EMB_O', 'ASP_B', 'ASP_I', 'ASP_E', 'EMB_O', 'EMB_O', 'EMB_O', 'EMB_O', 'OPN_B', 'OPN_I', 'OPN_I', 'OPN_E', 'EMB_O', 'EMB_O', 'EMB_P', 'EMB_P', 'EMB_P', 'EMB_P', 'EMB_P', 'EMB_P', 'EMB_P', 'EMB_P', 'EMB_P', 'EMB_P', 'EMB_P', 'EMB_P', 'EMB_P', 'EMB_P', 'EMB_P', 'EMB_P', 'EMB_P', 'EMB_P', 'EMB_P', 'EMB_P', 'EMB_P', 'EMB_P', 'EMB_P', 'EMB_P', 'EMB_P', 'EMB_P', 'EMB_P', 'EMB_P', 'EMB_P', 'EMB_P', 'EMB_P', 'EMB_P', 'EMB_P', 'EMB_P', 'EMB_P', 'EMB_P', 'EMB_P', 'EMB_P', 'EMB_P', 'EMB_P', 'EMB_P', 'EMB_P', 'EMB_P', 'EMB_P', 'EMB_P', 'EMB_P', 'EMB_P', 'EMB_P', 'EMB_P', 'EMB_P', 'EMB_P', 'EMB_P', 'EMB_P', 'EMB_P', 'EMB_P', 'EMB_P', 'EMB_P', 'EMB_P', 'EMB_P', 'EMB_P', 'EMB_P', 'EMB_P', 'EMB_P', 'EMB_P', 'EMB_P', 'EMB_P', 'EMB_P', 'EMB_P', 'EMB_P', 'EMB_P', 'EMB_P', 'EMB_P', 'EMB_P', 'EMB_P', 'EMB_P', 'EMB_P', 'EMB_P', 'EMB_P', 'EMB_P', 'EMB_P', 'EMB_P', 'EMB_P', 'EMB_P', 'EMB_P', 'EMB_P', 'EMB_P', 'EMB_P', 'EMB_P', 'EMB_P', 'EMB_P', 'EMB_P', 'EMB_P', 'EMB_P', 'EMB_P', 'EMB_P', 'EMB_P', 'EMB_P', 'EMB_P', 'EMB_P', 'EMB_P', 'EMB_P', 'EMB_P', 'EMB_P', 'EMB_P', 'EMB_P', 'EMB_P', 'EMB_P', 'EMB_P', 'EMB_P', 'EMB_P', 'EMB_P', 'EMB_P', 'EMB_P', 'EMB_P']"
41,интерьер,очень уютные,25753:7_1030,"Обстановка, интерьер очень уютные.",7.8,7.0,"['EMB_O', 'EMB_O', 'EMB_O', 'EMB_O', 'EMB_O', 'ASP_B', 'ASP_I', 'ASP_E', 'OPN_B', 'OPN_I', 'OPN_I', 'OPN_E', 'EMB_O', 'EMB_O', 'EMB_P', 'EMB_P', 'EMB_P', 'EMB_P', 'EMB_P', 'EMB_P', 'EMB_P', 'EMB_P', 'EMB_P', 'EMB_P', 'EMB_P', 'EMB_P', 'EMB_P', 'EMB_P', 'EMB_P', 'EMB_P', 'EMB_P', 'EMB_P', 'EMB_P', 'EMB_P', 'EMB_P', 'EMB_P', 'EMB_P', 'EMB_P', 'EMB_P', 'EMB_P', 'EMB_P', 'EMB_P', 'EMB_P', 'EMB_P', 'EMB_P', 'EMB_P', 'EMB_P', 'EMB_P', 'EMB_P', 'EMB_P', 'EMB_P', 'EMB_P', 'EMB_P', 'EMB_P', 'EMB_P', 'EMB_P', 'EMB_P', 'EMB_P', 'EMB_P', 'EMB_P', 'EMB_P', 'EMB_P', 'EMB_P', 'EMB_P', 'EMB_P', 'EMB_P', 'EMB_P', 'EMB_P', 'EMB_P', 'EMB_P', 'EMB_P', 'EMB_P', 'EMB_P', 'EMB_P', 'EMB_P', 'EMB_P', 'EMB_P', 'EMB_P', 'EMB_P', 'EMB_P', 'EMB_P', 'EMB_P', 'EMB_P', 'EMB_P', 'EMB_P', 'EMB_P', 'EMB_P', 'EMB_P', 'EMB_P', 'EMB_P', 'EMB_P', 'EMB_P', 'EMB_P', 'EMB_P', 'EMB_P', 'EMB_P', 'EMB_P', 'EMB_P', 'EMB_P', 'EMB_P', 'EMB_P', 'EMB_P', 'EMB_P', 'EMB_P', 'EMB_P', 'EMB_P', 'EMB_P', 'EMB_P', 'EMB_P', 'EMB_P', 'EMB_P', 'EMB_P', 'EMB_P', 'EMB_P', 'EMB_P', 'EMB_P', 'EMB_P', 'EMB_P', 'EMB_P', 'EMB_P', 'EMB_P', 'EMB_P', 'EMB_P', 'EMB_P', 'EMB_P', 'EMB_P', 'EMB_P', 'EMB_P']"
42,интерьер,Красивый,25861:1_1031,Красивый интерьер - сидели у окна за столиком с диванчиками.,7.38,7.12,"['EMB_O', 'OPN_B', 'OPN_I', 'OPN_I', 'OPN_E', 'ASP_B', 'ASP_I', 'ASP_E', 'EMB_O', 'EMB_O', 'EMB_O', 'EMB_O', 'EMB_O', 'EMB_O', 'EMB_O', 'EMB_O', 'EMB_O', 'EMB_O', 'EMB_O', 'EMB_O', 'EMB_O', 'EMB_O', 'EMB_O', 'EMB_O', 'EMB_O', 'EMB_P', 'EMB_P', 'EMB_P', 'EMB_P', 'EMB_P', 'EMB_P', 'EMB_P', 'EMB_P', 'EMB_P', 'EMB_P', 'EMB_P', 'EMB_P', 'EMB_P', 'EMB_P', 'EMB_P', 'EMB_P', 'EMB_P', 'EMB_P', 'EMB_P', 'EMB_P', 'EMB_P', 'EMB_P', 'EMB_P', 'EMB_P', 'EMB_P', 'EMB_P', 'EMB_P', 'EMB_P', 'EMB_P', 'EMB_P', 'EMB_P', 'EMB_P', 'EMB_P', 'EMB_P', 'EMB_P', 'EMB_P', 'EMB_P', 'EMB_P', 'EMB_P', 'EMB_P', 'EMB_P', 'EMB_P', 'EMB_P', 'EMB_P', 'EMB_P', 'EMB_P', 'EMB_P', 'EMB_P', 'EMB_P', 'EMB_P', 'EMB_P', 'EMB_P', 'EMB_P', 'EMB_P', 'EMB_P', 'EMB_P', 'EMB_P', 'EMB_P', 'EMB_P', 'EMB_P', 'EMB_P', 'EMB_P', 'EMB_P', 'EMB_P', 'EMB_P', 'EMB_P', 'EMB_P', 'EMB_P', 'EMB_P', 'EMB_P', 'EMB_P', 'EMB_P', 'EMB_P', 'EMB_P', 'EMB_P', 'EMB_P', 'EMB_P', 'EMB_P', 'EMB_P', 'EMB_P', 'EMB_P', 'EMB_P', 'EMB_P', 'EMB_P', 'EMB_P', 'EMB_P', 'EMB_P', 'EMB_P', 'EMB_P', 'EMB_P', 'EMB_P', 'EMB_P', 'EMB_P', 'EMB_P', 'EMB_P', 'EMB_P', 'EMB_P', 'EMB_P', 'EMB_P', 'EMB_P', 'EMB_P', 'EMB_P', 'EMB_P']"
43,Порции,небольшие,25861:3_1032,"Порции небольшие, но паста была оч.вкусной)))",4.0,5.2,"['EMB_O', 'ASP_B', 'ASP_I', 'ASP_E', 'OPN_B', 'OPN_E', 'EMB_O', 'EMB_O', 'EMB_O', 'EMB_O', 'EMB_O', 'EMB_O', 'EMB_O', 'EMB_O', 'EMB_O', 'EMB_O', 'EMB_O', 'EMB_O', 'EMB_O', 'EMB_O', 'EMB_O', 'EMB_P', 'EMB_P', 'EMB_P', 'EMB_P', 'EMB_P', 'EMB_P', 'EMB_P', 'EMB_P', 'EMB_P', 'EMB_P', 'EMB_P', 'EMB_P', 'EMB_P', 'EMB_P', 'EMB_P', 'EMB_P', 'EMB_P', 'EMB_P', 'EMB_P', 'EMB_P', 'EMB_P', 'EMB_P', 'EMB_P', 'EMB_P', 'EMB_P', 'EMB_P', 'EMB_P', 'EMB_P', 'EMB_P', 'EMB_P', 'EMB_P', 'EMB_P', 'EMB_P', 'EMB_P', 'EMB_P', 'EMB_P', 'EMB_P', 'EMB_P', 'EMB_P', 'EMB_P', 'EMB_P', 'EMB_P', 'EMB_P', 'EMB_P', 'EMB_P', 'EMB_P', 'EMB_P', 'EMB_P', 'EMB_P', 'EMB_P', 'EMB_P', 'EMB_P', 'EMB_P', 'EMB_P', 'EMB_P', 'EMB_P', 'EMB_P', 'EMB_P', 'EMB_P', 'EMB_P', 'EMB_P', 'EMB_P', 'EMB_P', 'EMB_P', 'EMB_P', 'EMB_P', 'EMB_P', 'EMB_P', 'EMB_P', 'EMB_P', 'EMB_P', 'EMB_P', 'EMB_P', 'EMB_P', 'EMB_P', 'EMB_P', 'EMB_P', 'EMB_P', 'EMB_P', 'EMB_P', 'EMB_P', 'EMB_P', 'EMB_P', 'EMB_P', 'EMB_P', 'EMB_P', 'EMB_P', 'EMB_P', 'EMB_P', 'EMB_P', 'EMB_P', 'EMB_P', 'EMB_P', 'EMB_P', 'EMB_P', 'EMB_P', 'EMB_P', 'EMB_P', 'EMB_P', 'EMB_P', 'EMB_P', 'EMB_P', 'EMB_P', 'EMB_P', 'EMB_P', 'EMB_P', 'EMB_P']"
44,Обслуживание,не понравилось,25861:4_1033,"Обслуживание не понравилось - готовят (или приносят??) заказ ОЧЕНЬ долго, учитывая что оба раза ресторан был полупустой...",2.7,6.5,"['EMB_O', 'ASP_B', 'ASP_I', 'ASP_I', 'ASP_E', 'OPN_B', 'OPN_I', 'OPN_I', 'OPN_I', 'OPN_E', 'EMB_O', 'EMB_O', 'EMB_O', 'EMB_O', 'EMB_O', 'EMB_O', 'EMB_O', 'EMB_O', 'EMB_O', 'EMB_O', 'EMB_O', 'EMB_O', 'EMB_O', 'EMB_O', 'EMB_O', 'EMB_O', 'EMB_O', 'EMB_O', 'EMB_O', 'EMB_O', 'EMB_O', 'EMB_O', 'EMB_O', 'EMB_O', 'EMB_O', 'EMB_O', 'EMB_O', 'EMB_O', 'EMB_O', 'EMB_O', 'EMB_O', 'EMB_O', 'EMB_O', 'EMB_O', 'EMB_O', 'EMB_O', 'EMB_O', 'EMB_O', 'EMB_P', 'EMB_P', 'EMB_P', 'EMB_P', 'EMB_P', 'EMB_P', 'EMB_P', 'EMB_P', 'EMB_P', 'EMB_P', 'EMB_P', 'EMB_P', 'EMB_P', 'EMB_P', 'EMB_P', 'EMB_P', 'EMB_P', 'EMB_P', 'EMB_P', 'EMB_P', 'EMB_P', 'EMB_P', 'EMB_P', 'EMB_P', 'EMB_P', 'EMB_P', 'EMB_P', 'EMB_P', 'EMB_P', 'EMB_P', 'EMB_P', 'EMB_P', 'EMB_P', 'EMB_P', 'EMB_P', 'EMB_P', 'EMB_P', 'EMB_P', 'EMB_P', 'EMB_P', 'EMB_P', 'EMB_P', 'EMB_P', 'EMB_P', 'EMB_P', 'EMB_P', 'EMB_P', 'EMB_P', 'EMB_P', 'EMB_P', 'EMB_P', 'EMB_P', 'EMB_P', 'EMB_P', 'EMB_P', 'EMB_P', 'EMB_P', 'EMB_P', 'EMB_P', 'EMB_P', 'EMB_P', 'EMB_P', 'EMB_P', 'EMB_P', 'EMB_P', 'EMB_P', 'EMB_P', 'EMB_P', 'EMB_P', 'EMB_P', 'EMB_P', 'EMB_P', 'EMB_P', 'EMB_P', 'EMB_P', 'EMB_P', 'EMB_P', 'EMB_P', 'EMB_P', 'EMB_P']"
45,Моджо,приятным,25861:5_1034,"Если бы не это, то могла бы назвать Моджо приятным местом чтобы посидеть вечером с друзьями.",6.5,6.0,"['EMB_O', 'EMB_O', 'EMB_O', 'EMB_O', 'EMB_O', 'EMB_O', 'EMB_O', 'EMB_O', 'EMB_O', 'EMB_O', 'EMB_O', 'ASP_B', 'ASP_I', 'ASP_E', 'OPN_B', 'OPN_I', 'OPN_E', 'EMB_O', 'EMB_O', 'EMB_O', 'EMB_O', 'EMB_O', 'EMB_O', 'EMB_O', 'EMB_O', 'EMB_O', 'EMB_O', 'EMB_O', 'EMB_O', 'EMB_O', 'EMB_O', 'EMB_P', 'EMB_P', 'EMB_P', 'EMB_P', 'EMB_P', 'EMB_P', 'EMB_P', 'EMB_P', 'EMB_P', 'EMB_P', 'EMB_P', 'EMB_P', 'EMB_P', 'EMB_P', 'EMB_P', 'EMB_P', 'EMB_P', 'EMB_P', 'EMB_P', 'EMB_P', 'EMB_P', 'EMB_P', 'EMB_P', 'EMB_P', 'EMB_P', 'EMB_P', 'EMB_P', 'EMB_P', 'EMB_P', 'EMB_P', 'EMB_P', 'EMB_P', 'EMB_P', 'EMB_P', 'EMB_P', 'EMB_P', 'EMB_P', 'EMB_P', 'EMB_P', 'EMB_P', 'EMB_P', 'EMB_P', 'EMB_P', 'EMB_P', 'EMB_P', 'EMB_P', 'EMB_P', 'EMB_P', 'EMB_P', 'EMB_P', 'EMB_P', 'EMB_P', 'EMB_P', 'EMB_P', 'EMB_P', 'EMB_P', 'EMB_P', 'EMB_P', 'EMB_P', 'EMB_P', 'EMB_P', 'EMB_P', 'EMB_P', 'EMB_P', 'EMB_P', 'EMB_P', 'EMB_P', 'EMB_P', 'EMB_P', 'EMB_P', 'EMB_P', 'EMB_P', 'EMB_P', 'EMB_P', 'EMB_P', 'EMB_P', 'EMB_P', 'EMB_P', 'EMB_P', 'EMB_P', 'EMB_P', 'EMB_P', 'EMB_P', 'EMB_P', 'EMB_P', 'EMB_P', 'EMB_P', 'EMB_P', 'EMB_P', 'EMB_P', 'EMB_P', 'EMB_P', 'EMB_P', 'EMB_P', 'EMB_P', 'EMB_P', 'EMB_P']"
46,местечку,классному,25960:0_1035,Первые месяцы после открытия просто не могли нарадоваться такому классному местечку.,7.6,7.4,"['EMB_O', 'EMB_O', 'EMB_O', 'EMB_O', 'EMB_O', 'EMB_O', 'EMB_O', 'EMB_O', 'EMB_O', 'EMB_O', 'EMB_O', 'EMB_O', 'EMB_O', 'EMB_O', 'OPN_B', 'OPN_E', 'ASP_B', 'ASP_E', 'EMB_O', 'EMB_O', 'EMB_P', 'EMB_P', 'EMB_P', 'EMB_P', 'EMB_P', 'EMB_P', 'EMB_P', 'EMB_P', 'EMB_P', 'EMB_P', 'EMB_P', 'EMB_P', 'EMB_P', 'EMB_P', 'EMB_P', 'EMB_P', 'EMB_P', 'EMB_P', 'EMB_P', 'EMB_P', 'EMB_P', 'EMB_P', 'EMB_P', 'EMB_P', 'EMB_P', 'EMB_P', 'EMB_P', 'EMB_P', 'EMB_P', 'EMB_P', 'EMB_P', 'EMB_P', 'EMB_P', 'EMB_P', 'EMB_P', 'EMB_P', 'EMB_P', 'EMB_P', 'EMB_P', 'EMB_P', 'EMB_P', 'EMB_P', 'EMB_P', 'EMB_P', 'EMB_P', 'EMB_P', 'EMB_P', 'EMB_P', 'EMB_P', 'EMB_P', 'EMB_P', 'EMB_P', 'EMB_P', 'EMB_P', 'EMB_P', 'EMB_P', 'EMB_P', 'EMB_P', 'EMB_P', 'EMB_P', 'EMB_P', 'EMB_P', 'EMB_P', 'EMB_P', 'EMB_P', 'EMB_P', 'EMB_P', 'EMB_P', 'EMB_P', 'EMB_P', 'EMB_P', 'EMB_P', 'EMB_P', 'EMB_P', 'EMB_P', 'EMB_P', 'EMB_P', 'EMB_P', 'EMB_P', 'EMB_P', 'EMB_P', 'EMB_P', 'EMB_P', 'EMB_P', 'EMB_P', 'EMB_P', 'EMB_P', 'EMB_P', 'EMB_P', 'EMB_P', 'EMB_P', 'EMB_P', 'EMB_P', 'EMB_P', 'EMB_P', 'EMB_P', 'EMB_P', 'EMB_P', 'EMB_P', 'EMB_P', 'EMB_P', 'EMB_P', 'EMB_P', 'EMB_P', 'EMB_P', 'EMB_P', 'EMB_P', 'EMB_P']"
47,Обслуживание,отличное,25960:2_1036,Обслуживание было отличное и качество блюд на высоте.,7.7,7.1,"['EMB_O', 'ASP_B', 'ASP_I', 'ASP_I', 'ASP_E', 'EMB_O', 'OPN_B', 'OPN_I', 'OPN_E', 'EMB_O', 'EMB_O', 'EMB_O', 'EMB_O', 'EMB_O', 'EMB_O', 'EMB_O', 'EMB_O', 'EMB_O', 'EMB_O', 'EMB_P', 'EMB_P', 'EMB_P', 'EMB_P', 'EMB_P', 'EMB_P', 'EMB_P', 'EMB_P', 'EMB_P', 'EMB_P', 'EMB_P', 'EMB_P', 'EMB_P', 'EMB_P', 'EMB_P', 'EMB_P', 'EMB_P', 'EMB_P', 'EMB_P', 'EMB_P', 'EMB_P', 'EMB_P', 'EMB_P', 'EMB_P', 'EMB_P', 'EMB_P', 'EMB_P', 'EMB_P', 'EMB_P', 'EMB_P', 'EMB_P', 'EMB_P', 'EMB_P', 'EMB_P', 'EMB_P', 'EMB_P', 'EMB_P', 'EMB_P', 'EMB_P', 'EMB_P', 'EMB_P', 'EMB_P', 'EMB_P', 'EMB_P', 'EMB_P', 'EMB_P', 'EMB_P', 'EMB_P', 'EMB_P', 'EMB_P', 'EMB_P', 'EMB_P', 'EMB_P', 'EMB_P', 'EMB_P', 'EMB_P', 'EMB_P', 'EMB_P', 'EMB_P', 'EMB_P', 'EMB_P', 'EMB_P', 'EMB_P', 'EMB_P', 'EMB_P', 'EMB_P', 'EMB_P', 'EMB_P', 'EMB_P', 'EMB_P', 'EMB_P', 'EMB_P', 'EMB_P', 'EMB_P', 'EMB_P', 'EMB_P', 'EMB_P', 'EMB_P', 'EMB_P', 'EMB_P', 'EMB_P', 'EMB_P', 'EMB_P', 'EMB_P', 'EMB_P', 'EMB_P', 'EMB_P', 'EMB_P', 'EMB_P', 'EMB_P', 'EMB_P', 'EMB_P', 'EMB_P', 'EMB_P', 'EMB_P', 'EMB_P', 'EMB_P', 'EMB_P', 'EMB_P', 'EMB_P', 'EMB_P', 'EMB_P', 'EMB_P', 'EMB_P', 'EMB_P', 'EMB_P', 'EMB_P', 'EMB_P', 'EMB_P']"
48,блюд,на высоте,25960:2_1036,Обслуживание было отличное и качество блюд на высоте.,7.75,7.12,"['EMB_O', 'EMB_O', 'EMB_O', 'EMB_O', 'EMB_O', 'EMB_O', 'EMB_O', 'EMB_O', 'EMB_O', 'EMB_O', 'EMB_O', 'EMB_O', 'ASP_B', 'ASP_I', 'ASP_E', 'OPN_B', 'OPN_E', 'EMB_O', 'EMB_O', 'EMB_P', 'EMB_P', 'EMB_P', 'EMB_P', 'EMB_P', 'EMB_P', 'EMB_P', 'EMB_P', 'EMB_P', 'EMB_P', 'EMB_P', 'EMB_P', 'EMB_P', 'EMB_P', 'EMB_P', 'EMB_P', 'EMB_P', 'EMB_P', 'EMB_P', 'EMB_P', 'EMB_P', 'EMB_P', 'EMB_P', 'EMB_P', 'EMB_P', 'EMB_P', 'EMB_P', 'EMB_P', 'EMB_P', 'EMB_P', 'EMB_P', 'EMB_P', 'EMB_P', 'EMB_P', 'EMB_P', 'EMB_P', 'EMB_P', 'EMB_P', 'EMB_P', 'EMB_P', 'EMB_P', 'EMB_P', 'EMB_P', 'EMB_P', 'EMB_P', 'EMB_P', 'EMB_P', 'EMB_P', 'EMB_P', 'EMB_P', 'EMB_P', 'EMB_P', 'EMB_P', 'EMB_P', 'EMB_P', 'EMB_P', 'EMB_P', 'EMB_P', 'EMB_P', 'EMB_P', 'EMB_P', 'EMB_P', 'EMB_P', 'EMB_P', 'EMB_P', 'EMB_P', 'EMB_P', 'EMB_P', 'EMB_P', 'EMB_P', 'EMB_P', 'EMB_P', 'EMB_P', 'EMB_P', 'EMB_P', 'EMB_P', 'EMB_P', 'EMB_P', 'EMB_P', 'EMB_P', 'EMB_P', 'EMB_P', 'EMB_P', 'EMB_P', 'EMB_P', 'EMB_P', 'EMB_P', 'EMB_P', 'EMB_P', 'EMB_P', 'EMB_P', 'EMB_P', 'EMB_P', 'EMB_P', 'EMB_P', 'EMB_P', 'EMB_P', 'EMB_P', 'EMB_P', 'EMB_P', 'EMB_P', 'EMB_P', 'EMB_P', 'EMB_P', 'EMB_P', 'EMB_P', 'EMB_P', 'EMB_P', 'EMB_P']"
49,Сервис,упал резко,25960:6_1037,Сервис упал резко.,1.75,7.38,"['EMB_O', 'ASP_B', 'ASP_I', 'ASP_E', 'OPN_B', 'OPN_I', 'OPN_E', 'EMB_O', 'EMB_O', 'EMB_P', 'EMB_P', 'EMB_P', 'EMB_P', 'EMB_P', 'EMB_P', 'EMB_P', 'EMB_P', 'EMB_P', 'EMB_P', 'EMB_P', 'EMB_P', 'EMB_P', 'EMB_P', 'EMB_P', 'EMB_P', 'EMB_P', 'EMB_P', 'EMB_P', 'EMB_P', 'EMB_P', 'EMB_P', 'EMB_P', 'EMB_P', 'EMB_P', 'EMB_P', 'EMB_P', 'EMB_P', 'EMB_P', 'EMB_P', 'EMB_P', 'EMB_P', 'EMB_P', 'EMB_P', 'EMB_P', 'EMB_P', 'EMB_P', 'EMB_P', 'EMB_P', 'EMB_P', 'EMB_P', 'EMB_P', 'EMB_P', 'EMB_P', 'EMB_P', 'EMB_P', 'EMB_P', 'EMB_P', 'EMB_P', 'EMB_P', 'EMB_P', 'EMB_P', 'EMB_P', 'EMB_P', 'EMB_P', 'EMB_P', 'EMB_P', 'EMB_P', 'EMB_P', 'EMB_P', 'EMB_P', 'EMB_P', 'EMB_P', 'EMB_P', 'EMB_P', 'EMB_P', 'EMB_P', 'EMB_P', 'EMB_P', 'EMB_P', 'EMB_P', 'EMB_P', 'EMB_P', 'EMB_P', 'EMB_P', 'EMB_P', 'EMB_P', 'EMB_P', 'EMB_P', 'EMB_P', 'EMB_P', 'EMB_P', 'EMB_P', 'EMB_P', 'EMB_P', 'EMB_P', 'EMB_P', 'EMB_P', 'EMB_P', 'EMB_P', 'EMB_P', 'EMB_P', 'EMB_P', 'EMB_P', 'EMB_P', 'EMB_P', 'EMB_P', 'EMB_P', 'EMB_P', 'EMB_P', 'EMB_P', 'EMB_P', 'EMB_P', 'EMB_P', 'EMB_P', 'EMB_P', 'EMB_P', 'EMB_P', 'EMB_P', 'EMB_P', 'EMB_P', 'EMB_P', 'EMB_P', 'EMB_P', 'EMB_P', 'EMB_P', 'EMB_P', 'EMB_P', 'EMB_P']"
50,меню,Очень часто не бывает,25960:8_1038,Очень часто не бывает того что есть в меню (хотя раньше такого не было) да и качество еды испортилось на мой взгляд.,2.4,7.0,"['EMB_O', 'OPN_B', 'OPN_I', 'OPN_I', 'OPN_I', 'OPN_I', 'OPN_E', 'EMB_O', 'EMB_O', 'EMB_O', 'EMB_O', 'ASP_B', 'ASP_E', 'EMB_O', 'EMB_O', 'EMB_O', 'EMB_O', 'EMB_O', 'EMB_O', 'EMB_O', 'EMB_O', 'EMB_O', 'EMB_O', 'EMB_O', 'EMB_O', 'EMB_O', 'EMB_O', 'EMB_O', 'EMB_O', 'EMB_O', 'EMB_O', 'EMB_O', 'EMB_O', 'EMB_O', 'EMB_O', 'EMB_O', 'EMB_O', 'EMB_P', 'EMB_P', 'EMB_P', 'EMB_P', 'EMB_P', 'EMB_P', 'EMB_P', 'EMB_P', 'EMB_P', 'EMB_P', 'EMB_P', 'EMB_P', 'EMB_P', 'EMB_P', 'EMB_P', 'EMB_P', 'EMB_P', 'EMB_P', 'EMB_P', 'EMB_P', 'EMB_P', 'EMB_P', 'EMB_P', 'EMB_P', 'EMB_P', 'EMB_P', 'EMB_P', 'EMB_P', 'EMB_P', 'EMB_P', 'EMB_P', 'EMB_P', 'EMB_P', 'EMB_P', 'EMB_P', 'EMB_P', 'EMB_P', 'EMB_P', 'EMB_P', 'EMB_P', 'EMB_P', 'EMB_P', 'EMB_P', 'EMB_P', 'EMB_P', 'EMB_P', 'EMB_P', 'EMB_P', 'EMB_P', 'EMB_P', 'EMB_P', 'EMB_P', 'EMB_P', 'EMB_P', 'EMB_P', 'EMB_P', 'EMB_P', 'EMB_P', 'EMB_P', 'EMB_P', 'EMB_P', 'EMB_P', 'EMB_P', 'EMB_P', 'EMB_P', 'EMB_P', 'EMB_P', 'EMB_P', 'EMB_P', 'EMB_P', 'EMB_P', 'EMB_P', 'EMB_P', 'EMB_P', 'EMB_P', 'EMB_P', 'EMB_P', 'EMB_P', 'EMB_P', 'EMB_P', 'EMB_P', 'EMB_P', 'EMB_P', 'EMB_P', 'EMB_P', 'EMB_P', 'EMB_P', 'EMB_P', 'EMB_P', 'EMB_P', 'EMB_P']"
51,качество еды,испортилось,25960:8_1038,Очень часто не бывает того что есть в меню (хотя раньше такого не было) да и качество еды испортилось на мой взгляд.,2.62,6.75,"['EMB_O', 'EMB_O', 'EMB_O', 'EMB_O', 'EMB_O', 'EMB_O', 'EMB_O', 'EMB_O', 'EMB_O', 'EMB_O', 'EMB_O', 'EMB_O', 'EMB_O', 'EMB_O', 'EMB_O', 'EMB_O', 'EMB_O', 'EMB_O', 'EMB_O', 'EMB_O', 'EMB_O', 'EMB_O', 'ASP_B', 'ASP_I', 'ASP_I', 'ASP_E', 'OPN_B', 'OPN_I', 'OPN_E', 'EMB_O', 'EMB_O', 'EMB_O', 'EMB_O', 'EMB_O', 'EMB_O', 'EMB_O', 'EMB_O', 'EMB_P', 'EMB_P', 'EMB_P', 'EMB_P', 'EMB_P', 'EMB_P', 'EMB_P', 'EMB_P', 'EMB_P', 'EMB_P', 'EMB_P', 'EMB_P', 'EMB_P', 'EMB_P', 'EMB_P', 'EMB_P', 'EMB_P', 'EMB_P', 'EMB_P', 'EMB_P', 'EMB_P', 'EMB_P', 'EMB_P', 'EMB_P', 'EMB_P', 'EMB_P', 'EMB_P', 'EMB_P', 'EMB_P', 'EMB_P', 'EMB_P', 'EMB_P', 'EMB_P', 'EMB_P', 'EMB_P', 'EMB_P', 'EMB_P', 'EMB_P', 'EMB_P', 'EMB_P', 'EMB_P', 'EMB_P', 'EMB_P', 'EMB_P', 'EMB_P', 'EMB_P', 'EMB_P', 'EMB_P', 'EMB_P', 'EMB_P', 'EMB_P', 'EMB_P', 'EMB_P', 'EMB_P', 'EMB_P', 'EMB_P', 'EMB_P', 'EMB_P', 'EMB_P', 'EMB_P', 'EMB_P', 'EMB_P', 'EMB_P', 'EMB_P', 'EMB_P', 'EMB_P', 'EMB_P', 'EMB_P', 'EMB_P', 'EMB_P', 'EMB_P', 'EMB_P', 'EMB_P', 'EMB_P', 'EMB_P', 'EMB_P', 'EMB_P', 'EMB_P', 'EMB_P', 'EMB_P', 'EMB_P', 'EMB_P', 'EMB_P', 'EMB_P', 'EMB_P', 'EMB_P', 'EMB_P', 'EMB_P', 'EMB_P', 'EMB_P', 'EMB_P']"
52,место,Вобщем больше не радует,25960:10_1039,Вобщем больше не радует это место.,2.1,6.9,"['EMB_O', 'OPN_B', 'OPN_I', 'OPN_I', 'OPN_I', 'OPN_I', 'OPN_I', 'OPN_E', 'EMB_O', 'ASP_S', 'EMB_O', 'EMB_O', 'EMB_P', 'EMB_P', 'EMB_P', 'EMB_P', 'EMB_P', 'EMB_P', 'EMB_P', 'EMB_P', 'EMB_P', 'EMB_P', 'EMB_P', 'EMB_P', 'EMB_P', 'EMB_P', 'EMB_P', 'EMB_P', 'EMB_P', 'EMB_P', 'EMB_P', 'EMB_P', 'EMB_P', 'EMB_P', 'EMB_P', 'EMB_P', 'EMB_P', 'EMB_P', 'EMB_P', 'EMB_P', 'EMB_P', 'EMB_P', 'EMB_P', 'EMB_P', 'EMB_P', 'EMB_P', 'EMB_P', 'EMB_P', 'EMB_P', 'EMB_P', 'EMB_P', 'EMB_P', 'EMB_P', 'EMB_P', 'EMB_P', 'EMB_P', 'EMB_P', 'EMB_P', 'EMB_P', 'EMB_P', 'EMB_P', 'EMB_P', 'EMB_P', 'EMB_P', 'EMB_P', 'EMB_P', 'EMB_P', 'EMB_P', 'EMB_P', 'EMB_P', 'EMB_P', 'EMB_P', 'EMB_P', 'EMB_P', 'EMB_P', 'EMB_P', 'EMB_P', 'EMB_P', 'EMB_P', 'EMB_P', 'EMB_P', 'EMB_P', 'EMB_P', 'EMB_P', 'EMB_P', 'EMB_P', 'EMB_P', 'EMB_P', 'EMB_P', 'EMB_P', 'EMB_P', 'EMB_P', 'EMB_P', 'EMB_P', 'EMB_P', 'EMB_P', 'EMB_P', 'EMB_P', 'EMB_P', 'EMB_P', 'EMB_P', 'EMB_P', 'EMB_P', 'EMB_P', 'EMB_P', 'EMB_P', 'EMB_P', 'EMB_P', 'EMB_P', 'EMB_P', 'EMB_P', 'EMB_P', 'EMB_P', 'EMB_P', 'EMB_P', 'EMB_P', 'EMB_P', 'EMB_P', 'EMB_P', 'EMB_P', 'EMB_P', 'EMB_P', 'EMB_P', 'EMB_P', 'EMB_P', 'EMB_P', 'EMB_P', 'EMB_P']"
53,Заведение,уютное,26022:1_1040,"Заведение очень приятное, маленькое уютное - но это скорее кафе, чем ресторан.",6.83,6.33,"['EMB_O', 'ASP_B', 'ASP_E', 'EMB_O', 'EMB_O', 'EMB_O', 'EMB_O', 'EMB_O', 'EMB_O', 'EMB_O', 'EMB_O', 'OPN_B', 'OPN_I', 'OPN_E', 'EMB_O', 'EMB_O', 'EMB_O', 'EMB_O', 'EMB_O', 'EMB_O', 'EMB_O', 'EMB_O', 'EMB_O', 'EMB_O', 'EMB_O', 'EMB_O', 'EMB_P', 'EMB_P', 'EMB_P', 'EMB_P', 'EMB_P', 'EMB_P', 'EMB_P', 'EMB_P', 'EMB_P', 'EMB_P', 'EMB_P', 'EMB_P', 'EMB_P', 'EMB_P', 'EMB_P', 'EMB_P', 'EMB_P', 'EMB_P', 'EMB_P', 'EMB_P', 'EMB_P', 'EMB_P', 'EMB_P', 'EMB_P', 'EMB_P', 'EMB_P', 'EMB_P', 'EMB_P', 'EMB_P', 'EMB_P', 'EMB_P', 'EMB_P', 'EMB_P', 'EMB_P', 'EMB_P', 'EMB_P', 'EMB_P', 'EMB_P', 'EMB_P', 'EMB_P', 'EMB_P', 'EMB_P', 'EMB_P', 'EMB_P', 'EMB_P', 'EMB_P', 'EMB_P', 'EMB_P', 'EMB_P', 'EMB_P', 'EMB_P', 'EMB_P', 'EMB_P', 'EMB_P', 'EMB_P', 'EMB_P', 'EMB_P', 'EMB_P', 'EMB_P', 'EMB_P', 'EMB_P', 'EMB_P', 'EMB_P', 'EMB_P', 'EMB_P', 'EMB_P', 'EMB_P', 'EMB_P', 'EMB_P', 'EMB_P', 'EMB_P', 'EMB_P', 'EMB_P', 'EMB_P', 'EMB_P', 'EMB_P', 'EMB_P', 'EMB_P', 'EMB_P', 'EMB_P', 'EMB_P', 'EMB_P', 'EMB_P', 'EMB_P', 'EMB_P', 'EMB_P', 'EMB_P', 'EMB_P', 'EMB_P', 'EMB_P', 'EMB_P', 'EMB_P', 'EMB_P', 'EMB_P', 'EMB_P', 'EMB_P', 'EMB_P', 'EMB_P', 'EMB_P', 'EMB_P', 'EMB_P', 'EMB_P']"
54,гардеробщику-официанту-бармену,Огромное спасибо,26022:3_1041,"Огромное спасибо гардеробщику-официанту-бармену в одном лице, симпатичному и дружелюбному афроамериканцу ))",8.17,7.83,"['EMB_O', 'OPN_B', 'OPN_I', 'OPN_I', 'OPN_I', 'OPN_I', 'OPN_I', 'OPN_E', 'ASP_B', 'ASP_I', 'ASP_I', 'ASP_I', 'ASP_I', 'ASP_I', 'ASP_I', 'ASP_I', 'ASP_I', 'ASP_I', 'ASP_I', 'ASP_I', 'ASP_I', 'ASP_I', 'ASP_E', 'EMB_O', 'EMB_O', 'EMB_O', 'EMB_O', 'EMB_O', 'EMB_O', 'EMB_O', 'EMB_O', 'EMB_O', 'EMB_O', 'EMB_O', 'EMB_O', 'EMB_O', 'EMB_O', 'EMB_O', 'EMB_O', 'EMB_O', 'EMB_O', 'EMB_O', 'EMB_O', 'EMB_O', 'EMB_O', 'EMB_O', 'EMB_O', 'EMB_O', 'EMB_O', 'EMB_P', 'EMB_P', 'EMB_P', 'EMB_P', 'EMB_P', 'EMB_P', 'EMB_P', 'EMB_P', 'EMB_P', 'EMB_P', 'EMB_P', 'EMB_P', 'EMB_P', 'EMB_P', 'EMB_P', 'EMB_P', 'EMB_P', 'EMB_P', 'EMB_P', 'EMB_P', 'EMB_P', 'EMB_P', 'EMB_P', 'EMB_P', 'EMB_P', 'EMB_P', 'EMB_P', 'EMB_P', 'EMB_P', 'EMB_P', 'EMB_P', 'EMB_P', 'EMB_P', 'EMB_P', 'EMB_P', 'EMB_P', 'EMB_P', 'EMB_P', 'EMB_P', 'EMB_P', 'EMB_P', 'EMB_P', 'EMB_P', 'EMB_P', 'EMB_P', 'EMB_P', 'EMB_P', 'EMB_P', 'EMB_P', 'EMB_P', 'EMB_P', 'EMB_P', 'EMB_P', 'EMB_P', 'EMB_P', 'EMB_P', 'EMB_P', 'EMB_P', 'EMB_P', 'EMB_P', 'EMB_P', 'EMB_P', 'EMB_P', 'EMB_P', 'EMB_P', 'EMB_P', 'EMB_P', 'EMB_P', 'EMB_P', 'EMB_P', 'EMB_P', 'EMB_P', 'EMB_P', 'EMB_P', 'EMB_P', 'EMB_P', 'EMB_P', 'EMB_P', 'EMB_P']"
55,афроамериканцу,симпатичному,26022:3_1041,"Огромное спасибо гардеробщику-официанту-бармену в одном лице, симпатичному и дружелюбному афроамериканцу ))",6.8,6.2,"['EMB_O', 'EMB_O', 'EMB_O', 'EMB_O', 'EMB_O', 'EMB_O', 'EMB_O', 'EMB_O', 'EMB_O', 'EMB_O', 'EMB_O', 'EMB_O', 'EMB_O', 'EMB_O', 'EMB_O', 'EMB_O', 'EMB_O', 'EMB_O', 'EMB_O', 'EMB_O', 'EMB_O', 'EMB_O', 'EMB_O', 'EMB_O', 'EMB_O', 'EMB_O', 'EMB_O', 'OPN_B', 'OPN_I', 'OPN_I', 'OPN_I', 'OPN_E', 'EMB_O', 'EMB_O', 'EMB_O', 'EMB_O', 'EMB_O', 'EMB_O', 'EMB_O', 'ASP_B', 'ASP_I', 'ASP_I', 'ASP_I', 'ASP_I', 'ASP_I', 'ASP_E', 'EMB_O', 'EMB_O', 'EMB_O', 'EMB_P', 'EMB_P', 'EMB_P', 'EMB_P', 'EMB_P', 'EMB_P', 'EMB_P', 'EMB_P', 'EMB_P', 'EMB_P', 'EMB_P', 'EMB_P', 'EMB_P', 'EMB_P', 'EMB_P', 'EMB_P', 'EMB_P', 'EMB_P', 'EMB_P', 'EMB_P', 'EMB_P', 'EMB_P', 'EMB_P', 'EMB_P', 'EMB_P', 'EMB_P', 'EMB_P', 'EMB_P', 'EMB_P', 'EMB_P', 'EMB_P', 'EMB_P', 'EMB_P', 'EMB_P', 'EMB_P', 'EMB_P', 'EMB_P', 'EMB_P', 'EMB_P', 'EMB_P', 'EMB_P', 'EMB_P', 'EMB_P', 'EMB_P', 'EMB_P', 'EMB_P', 'EMB_P', 'EMB_P', 'EMB_P', 'EMB_P', 'EMB_P', 'EMB_P', 'EMB_P', 'EMB_P', 'EMB_P', 'EMB_P', 'EMB_P', 'EMB_P', 'EMB_P', 'EMB_P', 'EMB_P', 'EMB_P', 'EMB_P', 'EMB_P', 'EMB_P', 'EMB_P', 'EMB_P', 'EMB_P', 'EMB_P', 'EMB_P', 'EMB_P', 'EMB_P', 'EMB_P', 'EMB_P', 'EMB_P', 'EMB_P', 'EMB_P', 'EMB_P', 'EMB_P']"
56,роллы,особенно вкусные,26022:4_1042,"Пробовали различные роллы, готовили их очень быстро 5-10 минут, особенно вкусные запеченные и филадельфия быда хороша, но я не поняла, почему роллов было где 5, где, 6, а где 7 )))",7.67,7.0,"['EMB_O', 'EMB_O', 'EMB_O', 'EMB_O', 'EMB_O', 'ASP_B', 'ASP_I', 'ASP_E', 'EMB_O', 'EMB_O', 'EMB_O', 'EMB_O', 'EMB_O', 'EMB_O', 'EMB_O', 'EMB_O', 'EMB_O', 'EMB_O', 'EMB_O', 'EMB_O', 'OPN_B', 'OPN_I', 'OPN_I', 'OPN_E', 'EMB_O', 'EMB_O', 'EMB_O', 'EMB_O', 'EMB_O', 'EMB_O', 'EMB_O', 'EMB_O', 'EMB_O', 'EMB_O', 'EMB_O', 'EMB_O', 'EMB_O', 'EMB_O', 'EMB_O', 'EMB_O', 'EMB_O', 'EMB_O', 'EMB_O', 'EMB_O', 'EMB_O', 'EMB_O', 'EMB_O', 'EMB_O', 'EMB_O', 'EMB_O', 'EMB_O', 'EMB_O', 'EMB_O', 'EMB_O', 'EMB_O', 'EMB_O', 'EMB_O', 'EMB_O', 'EMB_O', 'EMB_O', 'EMB_O', 'EMB_O', 'EMB_O', 'EMB_O', 'EMB_O', 'EMB_O', 'EMB_P', 'EMB_P', 'EMB_P', 'EMB_P', 'EMB_P', 'EMB_P', 'EMB_P', 'EMB_P', 'EMB_P', 'EMB_P', 'EMB_P', 'EMB_P', 'EMB_P', 'EMB_P', 'EMB_P', 'EMB_P', 'EMB_P', 'EMB_P', 'EMB_P', 'EMB_P', 'EMB_P', 'EMB_P', 'EMB_P', 'EMB_P', 'EMB_P', 'EMB_P', 'EMB_P', 'EMB_P', 'EMB_P', 'EMB_P', 'EMB_P', 'EMB_P', 'EMB_P', 'EMB_P', 'EMB_P', 'EMB_P', 'EMB_P', 'EMB_P', 'EMB_P', 'EMB_P', 'EMB_P', 'EMB_P', 'EMB_P', 'EMB_P', 'EMB_P', 'EMB_P', 'EMB_P', 'EMB_P', 'EMB_P', 'EMB_P', 'EMB_P', 'EMB_P', 'EMB_P', 'EMB_P', 'EMB_P', 'EMB_P', 'EMB_P', 'EMB_P', 'EMB_P', 'EMB_P', 'EMB_P', 'EMB_P']"
57,филадельфия,хороша,26022:4_1042,"Пробовали различные роллы, готовили их очень быстро 5-10 минут, особенно вкусные запеченные и филадельфия быда хороша, но я не поняла, почему роллов было где 5, где, 6, а где 7 )))",6.88,6.25,"['EMB_O', 'EMB_O', 'EMB_O', 'EMB_O', 'EMB_O', 'EMB_O', 'EMB_O', 'EMB_O', 'EMB_O', 'EMB_O', 'EMB_O', 'EMB_O', 'EMB_O', 'EMB_O', 'EMB_O', 'EMB_O', 'EMB_O', 'EMB_O', 'EMB_O', 'EMB_O', 'EMB_O', 'EMB_O', 'EMB_O', 'EMB_O', 'EMB_O', 'EMB_O', 'EMB_O', 'EMB_O', 'ASP_B', 'ASP_I', 'ASP_I', 'ASP_I', 'ASP_E', 'EMB_O', 'EMB_O', 'OPN_B', 'OPN_I', 'OPN_E', 'EMB_O', 'EMB_O', 'EMB_O', 'EMB_O', 'EMB_O', 'EMB_O', 'EMB_O', 'EMB_O', 'EMB_O', 'EMB_O', 'EMB_O', 'EMB_O', 'EMB_O', 'EMB_O', 'EMB_O', 'EMB_O', 'EMB_O', 'EMB_O', 'EMB_O', 'EMB_O', 'EMB_O', 'EMB_O', 'EMB_O', 'EMB_O', 'EMB_O', 'EMB_O', 'EMB_O', 'EMB_O', 'EMB_P', 'EMB_P', 'EMB_P', 'EMB_P', 'EMB_P', 'EMB_P', 'EMB_P', 'EMB_P', 'EMB_P', 'EMB_P', 'EMB_P', 'EMB_P', 'EMB_P', 'EMB_P', 'EMB_P', 'EMB_P', 'EMB_P', 'EMB_P', 'EMB_P', 'EMB_P', 'EMB_P', 'EMB_P', 'EMB_P', 'EMB_P', 'EMB_P', 'EMB_P', 'EMB_P', 'EMB_P', 'EMB_P', 'EMB_P', 'EMB_P', 'EMB_P', 'EMB_P', 'EMB_P', 'EMB_P', 'EMB_P', 'EMB_P', 'EMB_P', 'EMB_P', 'EMB_P', 'EMB_P', 'EMB_P', 'EMB_P', 'EMB_P', 'EMB_P', 'EMB_P', 'EMB_P', 'EMB_P', 'EMB_P', 'EMB_P', 'EMB_P', 'EMB_P', 'EMB_P', 'EMB_P', 'EMB_P', 'EMB_P', 'EMB_P', 'EMB_P', 'EMB_P', 'EMB_P', 'EMB_P', 'EMB_P']"
58,роллов,"не поняла, почему",26022:4_1042,"Пробовали различные роллы, готовили их очень быстро 5-10 минут, особенно вкусные запеченные и филадельфия быда хороша, но я не поняла, почему роллов было где 5, где, 6, а где 7 )))",3.33,6.5,"['EMB_O', 'EMB_O', 'EMB_O', 'EMB_O', 'EMB_O', 'ASP_B', 'ASP_E', 'EMB_O', 'EMB_O', 'EMB_O', 'EMB_O', 'EMB_O', 'EMB_O', 'EMB_O', 'EMB_O', 'EMB_O', 'EMB_O', 'EMB_O', 'EMB_O', 'EMB_O', 'EMB_O', 'EMB_O', 'EMB_O', 'EMB_O', 'EMB_O', 'EMB_O', 'EMB_O', 'EMB_O', 'EMB_O', 'EMB_O', 'EMB_O', 'EMB_O', 'EMB_O', 'EMB_O', 'EMB_O', 'EMB_O', 'EMB_O', 'EMB_O', 'EMB_O', 'EMB_O', 'EMB_O', 'OPN_B', 'OPN_I', 'OPN_I', 'OPN_I', 'OPN_I', 'OPN_I', 'OPN_E', 'EMB_O', 'EMB_O', 'ASP_S', 'EMB_O', 'EMB_O', 'EMB_O', 'EMB_O', 'EMB_O', 'EMB_O', 'EMB_O', 'EMB_O', 'EMB_O', 'EMB_O', 'EMB_O', 'EMB_O', 'EMB_O', 'EMB_O', 'EMB_O', 'EMB_P', 'EMB_P', 'EMB_P', 'EMB_P', 'EMB_P', 'EMB_P', 'EMB_P', 'EMB_P', 'EMB_P', 'EMB_P', 'EMB_P', 'EMB_P', 'EMB_P', 'EMB_P', 'EMB_P', 'EMB_P', 'EMB_P', 'EMB_P', 'EMB_P', 'EMB_P', 'EMB_P', 'EMB_P', 'EMB_P', 'EMB_P', 'EMB_P', 'EMB_P', 'EMB_P', 'EMB_P', 'EMB_P', 'EMB_P', 'EMB_P', 'EMB_P', 'EMB_P', 'EMB_P', 'EMB_P', 'EMB_P', 'EMB_P', 'EMB_P', 'EMB_P', 'EMB_P', 'EMB_P', 'EMB_P', 'EMB_P', 'EMB_P', 'EMB_P', 'EMB_P', 'EMB_P', 'EMB_P', 'EMB_P', 'EMB_P', 'EMB_P', 'EMB_P', 'EMB_P', 'EMB_P', 'EMB_P', 'EMB_P', 'EMB_P', 'EMB_P', 'EMB_P', 'EMB_P', 'EMB_P', 'EMB_P']"
59,заведении,ресторанный,26022:5_1043,"Ценник в этом заведении на мой взгляд ресторанный, хотя может это из-за того что роллы довольно большие.",3.25,6.0,"['EMB_O', 'EMB_O', 'EMB_O', 'EMB_O', 'EMB_O', 'EMB_O', 'ASP_B', 'ASP_I', 'ASP_E', 'EMB_O', 'EMB_O', 'EMB_O', 'EMB_O', 'EMB_O', 'EMB_O', 'OPN_B', 'OPN_I', 'OPN_I', 'OPN_E', 'EMB_O', 'EMB_O', 'EMB_O', 'EMB_O', 'EMB_O', 'EMB_O', 'EMB_O', 'EMB_O', 'EMB_O', 'EMB_O', 'EMB_O', 'EMB_O', 'EMB_O', 'EMB_O', 'EMB_O', 'EMB_O', 'EMB_P', 'EMB_P', 'EMB_P', 'EMB_P', 'EMB_P', 'EMB_P', 'EMB_P', 'EMB_P', 'EMB_P', 'EMB_P', 'EMB_P', 'EMB_P', 'EMB_P', 'EMB_P', 'EMB_P', 'EMB_P', 'EMB_P', 'EMB_P', 'EMB_P', 'EMB_P', 'EMB_P', 'EMB_P', 'EMB_P', 'EMB_P', 'EMB_P', 'EMB_P', 'EMB_P', 'EMB_P', 'EMB_P', 'EMB_P', 'EMB_P', 'EMB_P', 'EMB_P', 'EMB_P', 'EMB_P', 'EMB_P', 'EMB_P', 'EMB_P', 'EMB_P', 'EMB_P', 'EMB_P', 'EMB_P', 'EMB_P', 'EMB_P', 'EMB_P', 'EMB_P', 'EMB_P', 'EMB_P', 'EMB_P', 'EMB_P', 'EMB_P', 'EMB_P', 'EMB_P', 'EMB_P', 'EMB_P', 'EMB_P', 'EMB_P', 'EMB_P', 'EMB_P', 'EMB_P', 'EMB_P', 'EMB_P', 'EMB_P', 'EMB_P', 'EMB_P', 'EMB_P', 'EMB_P', 'EMB_P', 'EMB_P', 'EMB_P', 'EMB_P', 'EMB_P', 'EMB_P', 'EMB_P', 'EMB_P', 'EMB_P', 'EMB_P', 'EMB_P', 'EMB_P', 'EMB_P', 'EMB_P', 'EMB_P', 'EMB_P', 'EMB_P', 'EMB_P', 'EMB_P', 'EMB_P', 'EMB_P', 'EMB_P', 'EMB_P', 'EMB_P', 'EMB_P', 'EMB_P']"
60,горячих блюд,очень большой выбор,26022:6_1044,"В целом мне понравилось - очень большой выбор суши, роллов, салатов, супов и других горячих блюд.",7.67,7.0,"['EMB_O', 'EMB_O', 'EMB_O', 'EMB_O', 'EMB_O', 'EMB_O', 'EMB_O', 'EMB_O', 'EMB_O', 'OPN_B', 'OPN_I', 'OPN_I', 'OPN_E', 'EMB_O', 'EMB_O', 'EMB_O', 'EMB_O', 'EMB_O', 'EMB_O', 'EMB_O', 'EMB_O', 'EMB_O', 'EMB_O', 'EMB_O', 'EMB_O', 'EMB_O', 'EMB_O', 'EMB_O', 'ASP_B', 'ASP_I', 'ASP_I', 'ASP_I', 'ASP_I', 'ASP_E', 'EMB_O', 'EMB_O', 'EMB_P', 'EMB_P', 'EMB_P', 'EMB_P', 'EMB_P', 'EMB_P', 'EMB_P', 'EMB_P', 'EMB_P', 'EMB_P', 'EMB_P', 'EMB_P', 'EMB_P', 'EMB_P', 'EMB_P', 'EMB_P', 'EMB_P', 'EMB_P', 'EMB_P', 'EMB_P', 'EMB_P', 'EMB_P', 'EMB_P', 'EMB_P', 'EMB_P', 'EMB_P', 'EMB_P', 'EMB_P', 'EMB_P', 'EMB_P', 'EMB_P', 'EMB_P', 'EMB_P', 'EMB_P', 'EMB_P', 'EMB_P', 'EMB_P', 'EMB_P', 'EMB_P', 'EMB_P', 'EMB_P', 'EMB_P', 'EMB_P', 'EMB_P', 'EMB_P', 'EMB_P', 'EMB_P', 'EMB_P', 'EMB_P', 'EMB_P', 'EMB_P', 'EMB_P', 'EMB_P', 'EMB_P', 'EMB_P', 'EMB_P', 'EMB_P', 'EMB_P', 'EMB_P', 'EMB_P', 'EMB_P', 'EMB_P', 'EMB_P', 'EMB_P', 'EMB_P', 'EMB_P', 'EMB_P', 'EMB_P', 'EMB_P', 'EMB_P', 'EMB_P', 'EMB_P', 'EMB_P', 'EMB_P', 'EMB_P', 'EMB_P', 'EMB_P', 'EMB_P', 'EMB_P', 'EMB_P', 'EMB_P', 'EMB_P', 'EMB_P', 'EMB_P', 'EMB_P', 'EMB_P', 'EMB_P', 'EMB_P', 'EMB_P', 'EMB_P', 'EMB_P', 'EMB_P']"
61,Интерьер,притягивает,26152:3_1045,Интерьер: еще с улицы ресторан притягивает уютной атмосферой и приглушенным светом.,7.25,6.62,"['EMB_O', 'ASP_B', 'ASP_I', 'ASP_E', 'EMB_O', 'EMB_O', 'EMB_O', 'EMB_O', 'EMB_O', 'EMB_O', 'EMB_O', 'OPN_B', 'OPN_I', 'OPN_I', 'OPN_E', 'EMB_O', 'EMB_O', 'EMB_O', 'EMB_O', 'EMB_O', 'EMB_O', 'EMB_O', 'EMB_O', 'EMB_O', 'EMB_O', 'EMB_O', 'EMB_O', 'EMB_O', 'EMB_O', 'EMB_O', 'EMB_O', 'EMB_P', 'EMB_P', 'EMB_P', 'EMB_P', 'EMB_P', 'EMB_P', 'EMB_P', 'EMB_P', 'EMB_P', 'EMB_P', 'EMB_P', 'EMB_P', 'EMB_P', 'EMB_P', 'EMB_P', 'EMB_P', 'EMB_P', 'EMB_P', 'EMB_P', 'EMB_P', 'EMB_P', 'EMB_P', 'EMB_P', 'EMB_P', 'EMB_P', 'EMB_P', 'EMB_P', 'EMB_P', 'EMB_P', 'EMB_P', 'EMB_P', 'EMB_P', 'EMB_P', 'EMB_P', 'EMB_P', 'EMB_P', 'EMB_P', 'EMB_P', 'EMB_P', 'EMB_P', 'EMB_P', 'EMB_P', 'EMB_P', 'EMB_P', 'EMB_P', 'EMB_P', 'EMB_P', 'EMB_P', 'EMB_P', 'EMB_P', 'EMB_P', 'EMB_P', 'EMB_P', 'EMB_P', 'EMB_P', 'EMB_P', 'EMB_P', 'EMB_P', 'EMB_P', 'EMB_P', 'EMB_P', 'EMB_P', 'EMB_P', 'EMB_P', 'EMB_P', 'EMB_P', 'EMB_P', 'EMB_P', 'EMB_P', 'EMB_P', 'EMB_P', 'EMB_P', 'EMB_P', 'EMB_P', 'EMB_P', 'EMB_P', 'EMB_P', 'EMB_P', 'EMB_P', 'EMB_P', 'EMB_P', 'EMB_P', 'EMB_P', 'EMB_P', 'EMB_P', 'EMB_P', 'EMB_P', 'EMB_P', 'EMB_P', 'EMB_P', 'EMB_P', 'EMB_P', 'EMB_P', 'EMB_P', 'EMB_P', 'EMB_P', 'EMB_P']"
62,атмосферой,уютной,26152:3_1045,Интерьер: еще с улицы ресторан притягивает уютной атмосферой и приглушенным светом.,7.0,6.4,"['EMB_O', 'EMB_O', 'EMB_O', 'EMB_O', 'EMB_O', 'EMB_O', 'EMB_O', 'EMB_O', 'EMB_O', 'EMB_O', 'EMB_O', 'EMB_O', 'EMB_O', 'EMB_O', 'EMB_O', 'OPN_B', 'OPN_I', 'OPN_E', 'ASP_B', 'ASP_I', 'ASP_I', 'ASP_E', 'EMB_O', 'EMB_O', 'EMB_O', 'EMB_O', 'EMB_O', 'EMB_O', 'EMB_O', 'EMB_O', 'EMB_O', 'EMB_P', 'EMB_P', 'EMB_P', 'EMB_P', 'EMB_P', 'EMB_P', 'EMB_P', 'EMB_P', 'EMB_P', 'EMB_P', 'EMB_P', 'EMB_P', 'EMB_P', 'EMB_P', 'EMB_P', 'EMB_P', 'EMB_P', 'EMB_P', 'EMB_P', 'EMB_P', 'EMB_P', 'EMB_P', 'EMB_P', 'EMB_P', 'EMB_P', 'EMB_P', 'EMB_P', 'EMB_P', 'EMB_P', 'EMB_P', 'EMB_P', 'EMB_P', 'EMB_P', 'EMB_P', 'EMB_P', 'EMB_P', 'EMB_P', 'EMB_P', 'EMB_P', 'EMB_P', 'EMB_P', 'EMB_P', 'EMB_P', 'EMB_P', 'EMB_P', 'EMB_P', 'EMB_P', 'EMB_P', 'EMB_P', 'EMB_P', 'EMB_P', 'EMB_P', 'EMB_P', 'EMB_P', 'EMB_P', 'EMB_P', 'EMB_P', 'EMB_P', 'EMB_P', 'EMB_P', 'EMB_P', 'EMB_P', 'EMB_P', 'EMB_P', 'EMB_P', 'EMB_P', 'EMB_P', 'EMB_P', 'EMB_P', 'EMB_P', 'EMB_P', 'EMB_P', 'EMB_P', 'EMB_P', 'EMB_P', 'EMB_P', 'EMB_P', 'EMB_P', 'EMB_P', 'EMB_P', 'EMB_P', 'EMB_P', 'EMB_P', 'EMB_P', 'EMB_P', 'EMB_P', 'EMB_P', 'EMB_P', 'EMB_P', 'EMB_P', 'EMB_P', 'EMB_P', 'EMB_P', 'EMB_P', 'EMB_P', 'EMB_P', 'EMB_P']"
63,мебель,добротная,26152:5_1046,"Кирпичные стены, добротная мебель, современный интерьер...",6.8,6.3,"['EMB_O', 'EMB_O', 'EMB_O', 'EMB_O', 'EMB_O', 'EMB_O', 'EMB_O', 'OPN_B', 'OPN_E', 'ASP_B', 'ASP_I', 'ASP_E', 'EMB_O', 'EMB_O', 'EMB_O', 'EMB_O', 'EMB_O', 'EMB_O', 'EMB_O', 'EMB_O', 'EMB_O', 'EMB_O', 'EMB_O', 'EMB_P', 'EMB_P', 'EMB_P', 'EMB_P', 'EMB_P', 'EMB_P', 'EMB_P', 'EMB_P', 'EMB_P', 'EMB_P', 'EMB_P', 'EMB_P', 'EMB_P', 'EMB_P', 'EMB_P', 'EMB_P', 'EMB_P', 'EMB_P', 'EMB_P', 'EMB_P', 'EMB_P', 'EMB_P', 'EMB_P', 'EMB_P', 'EMB_P', 'EMB_P', 'EMB_P', 'EMB_P', 'EMB_P', 'EMB_P', 'EMB_P', 'EMB_P', 'EMB_P', 'EMB_P', 'EMB_P', 'EMB_P', 'EMB_P', 'EMB_P', 'EMB_P', 'EMB_P', 'EMB_P', 'EMB_P', 'EMB_P', 'EMB_P', 'EMB_P', 'EMB_P', 'EMB_P', 'EMB_P', 'EMB_P', 'EMB_P', 'EMB_P', 'EMB_P', 'EMB_P', 'EMB_P', 'EMB_P', 'EMB_P', 'EMB_P', 'EMB_P', 'EMB_P', 'EMB_P', 'EMB_P', 'EMB_P', 'EMB_P', 'EMB_P', 'EMB_P', 'EMB_P', 'EMB_P', 'EMB_P', 'EMB_P', 'EMB_P', 'EMB_P', 'EMB_P', 'EMB_P', 'EMB_P', 'EMB_P', 'EMB_P', 'EMB_P', 'EMB_P', 'EMB_P', 'EMB_P', 'EMB_P', 'EMB_P', 'EMB_P', 'EMB_P', 'EMB_P', 'EMB_P', 'EMB_P', 'EMB_P', 'EMB_P', 'EMB_P', 'EMB_P', 'EMB_P', 'EMB_P', 'EMB_P', 'EMB_P', 'EMB_P', 'EMB_P', 'EMB_P', 'EMB_P', 'EMB_P', 'EMB_P', 'EMB_P', 'EMB_P', 'EMB_P', 'EMB_P']"
64,интерьер,современный,26152:5_1046,"Кирпичные стены, добротная мебель, современный интерьер...",6.7,6.1,"['EMB_O', 'EMB_O', 'EMB_O', 'EMB_O', 'EMB_O', 'EMB_O', 'EMB_O', 'EMB_O', 'EMB_O', 'EMB_O', 'EMB_O', 'EMB_O', 'EMB_O', 'OPN_B', 'OPN_I', 'OPN_E', 'ASP_B', 'ASP_I', 'ASP_E', 'EMB_O', 'EMB_O', 'EMB_O', 'EMB_O', 'EMB_P', 'EMB_P', 'EMB_P', 'EMB_P', 'EMB_P', 'EMB_P', 'EMB_P', 'EMB_P', 'EMB_P', 'EMB_P', 'EMB_P', 'EMB_P', 'EMB_P', 'EMB_P', 'EMB_P', 'EMB_P', 'EMB_P', 'EMB_P', 'EMB_P', 'EMB_P', 'EMB_P', 'EMB_P', 'EMB_P', 'EMB_P', 'EMB_P', 'EMB_P', 'EMB_P', 'EMB_P', 'EMB_P', 'EMB_P', 'EMB_P', 'EMB_P', 'EMB_P', 'EMB_P', 'EMB_P', 'EMB_P', 'EMB_P', 'EMB_P', 'EMB_P', 'EMB_P', 'EMB_P', 'EMB_P', 'EMB_P', 'EMB_P', 'EMB_P', 'EMB_P', 'EMB_P', 'EMB_P', 'EMB_P', 'EMB_P', 'EMB_P', 'EMB_P', 'EMB_P', 'EMB_P', 'EMB_P', 'EMB_P', 'EMB_P', 'EMB_P', 'EMB_P', 'EMB_P', 'EMB_P', 'EMB_P', 'EMB_P', 'EMB_P', 'EMB_P', 'EMB_P', 'EMB_P', 'EMB_P', 'EMB_P', 'EMB_P', 'EMB_P', 'EMB_P', 'EMB_P', 'EMB_P', 'EMB_P', 'EMB_P', 'EMB_P', 'EMB_P', 'EMB_P', 'EMB_P', 'EMB_P', 'EMB_P', 'EMB_P', 'EMB_P', 'EMB_P', 'EMB_P', 'EMB_P', 'EMB_P', 'EMB_P', 'EMB_P', 'EMB_P', 'EMB_P', 'EMB_P', 'EMB_P', 'EMB_P', 'EMB_P', 'EMB_P', 'EMB_P', 'EMB_P', 'EMB_P', 'EMB_P', 'EMB_P', 'EMB_P', 'EMB_P', 'EMB_P']"
65,Сервис,приветливо,26152:8_1047,"Сервис: встретили приветливо, повесили одежду в шкаф, проводили за стол.",6.67,6.0,"['EMB_O', 'ASP_B', 'ASP_I', 'ASP_E', 'EMB_O', 'EMB_O', 'EMB_O', 'EMB_O', 'EMB_O', 'OPN_B', 'OPN_I', 'OPN_E', 'EMB_O', 'EMB_O', 'EMB_O', 'EMB_O', 'EMB_O', 'EMB_O', 'EMB_O', 'EMB_O', 'EMB_O', 'EMB_O', 'EMB_O', 'EMB_O', 'EMB_O', 'EMB_O', 'EMB_O', 'EMB_O', 'EMB_O', 'EMB_O', 'EMB_O', 'EMB_P', 'EMB_P', 'EMB_P', 'EMB_P', 'EMB_P', 'EMB_P', 'EMB_P', 'EMB_P', 'EMB_P', 'EMB_P', 'EMB_P', 'EMB_P', 'EMB_P', 'EMB_P', 'EMB_P', 'EMB_P', 'EMB_P', 'EMB_P', 'EMB_P', 'EMB_P', 'EMB_P', 'EMB_P', 'EMB_P', 'EMB_P', 'EMB_P', 'EMB_P', 'EMB_P', 'EMB_P', 'EMB_P', 'EMB_P', 'EMB_P', 'EMB_P', 'EMB_P', 'EMB_P', 'EMB_P', 'EMB_P', 'EMB_P', 'EMB_P', 'EMB_P', 'EMB_P', 'EMB_P', 'EMB_P', 'EMB_P', 'EMB_P', 'EMB_P', 'EMB_P', 'EMB_P', 'EMB_P', 'EMB_P', 'EMB_P', 'EMB_P', 'EMB_P', 'EMB_P', 'EMB_P', 'EMB_P', 'EMB_P', 'EMB_P', 'EMB_P', 'EMB_P', 'EMB_P', 'EMB_P', 'EMB_P', 'EMB_P', 'EMB_P', 'EMB_P', 'EMB_P', 'EMB_P', 'EMB_P', 'EMB_P', 'EMB_P', 'EMB_P', 'EMB_P', 'EMB_P', 'EMB_P', 'EMB_P', 'EMB_P', 'EMB_P', 'EMB_P', 'EMB_P', 'EMB_P', 'EMB_P', 'EMB_P', 'EMB_P', 'EMB_P', 'EMB_P', 'EMB_P', 'EMB_P', 'EMB_P', 'EMB_P', 'EMB_P', 'EMB_P', 'EMB_P', 'EMB_P', 'EMB_P', 'EMB_P', 'EMB_P', 'EMB_P']"
66,Персонал,старается,26152:13_1048,"Персонал старается, надеюсь так будет продолжаться и дальше.",6.5,5.7,"['EMB_O', 'ASP_B', 'ASP_I', 'ASP_E', 'OPN_B', 'OPN_I', 'OPN_E', 'EMB_O', 'EMB_O', 'EMB_O', 'EMB_O', 'EMB_O', 'EMB_O', 'EMB_O', 'EMB_O', 'EMB_O', 'EMB_O', 'EMB_O', 'EMB_O', 'EMB_O', 'EMB_O', 'EMB_O', 'EMB_O', 'EMB_P', 'EMB_P', 'EMB_P', 'EMB_P', 'EMB_P', 'EMB_P', 'EMB_P', 'EMB_P', 'EMB_P', 'EMB_P', 'EMB_P', 'EMB_P', 'EMB_P', 'EMB_P', 'EMB_P', 'EMB_P', 'EMB_P', 'EMB_P', 'EMB_P', 'EMB_P', 'EMB_P', 'EMB_P', 'EMB_P', 'EMB_P', 'EMB_P', 'EMB_P', 'EMB_P', 'EMB_P', 'EMB_P', 'EMB_P', 'EMB_P', 'EMB_P', 'EMB_P', 'EMB_P', 'EMB_P', 'EMB_P', 'EMB_P', 'EMB_P', 'EMB_P', 'EMB_P', 'EMB_P', 'EMB_P', 'EMB_P', 'EMB_P', 'EMB_P', 'EMB_P', 'EMB_P', 'EMB_P', 'EMB_P', 'EMB_P', 'EMB_P', 'EMB_P', 'EMB_P', 'EMB_P', 'EMB_P', 'EMB_P', 'EMB_P', 'EMB_P', 'EMB_P', 'EMB_P', 'EMB_P', 'EMB_P', 'EMB_P', 'EMB_P', 'EMB_P', 'EMB_P', 'EMB_P', 'EMB_P', 'EMB_P', 'EMB_P', 'EMB_P', 'EMB_P', 'EMB_P', 'EMB_P', 'EMB_P', 'EMB_P', 'EMB_P', 'EMB_P', 'EMB_P', 'EMB_P', 'EMB_P', 'EMB_P', 'EMB_P', 'EMB_P', 'EMB_P', 'EMB_P', 'EMB_P', 'EMB_P', 'EMB_P', 'EMB_P', 'EMB_P', 'EMB_P', 'EMB_P', 'EMB_P', 'EMB_P', 'EMB_P', 'EMB_P', 'EMB_P', 'EMB_P', 'EMB_P', 'EMB_P', 'EMB_P', 'EMB_P', 'EMB_P', 'EMB_P']"
67,хачапури по-аджарски,отлично,26152:14_1049,"Кухня: хачапури по-аджарски - много сыра, мягкое тесто... отлично.",7.8,7.2,"['EMB_O', 'EMB_O', 'EMB_O', 'EMB_O', 'EMB_O', 'ASP_B', 'ASP_I', 'ASP_I', 'ASP_I', 'ASP_I', 'ASP_I', 'ASP_I', 'ASP_I', 'ASP_E', 'EMB_O', 'EMB_O', 'EMB_O', 'EMB_O', 'EMB_O', 'EMB_O', 'EMB_O', 'EMB_O', 'EMB_O', 'EMB_O', 'EMB_O', 'EMB_O', 'EMB_O', 'EMB_O', 'OPN_B', 'OPN_E', 'EMB_O', 'EMB_O', 'EMB_P', 'EMB_P', 'EMB_P', 'EMB_P', 'EMB_P', 'EMB_P', 'EMB_P', 'EMB_P', 'EMB_P', 'EMB_P', 'EMB_P', 'EMB_P', 'EMB_P', 'EMB_P', 'EMB_P', 'EMB_P', 'EMB_P', 'EMB_P', 'EMB_P', 'EMB_P', 'EMB_P', 'EMB_P', 'EMB_P', 'EMB_P', 'EMB_P', 'EMB_P', 'EMB_P', 'EMB_P', 'EMB_P', 'EMB_P', 'EMB_P', 'EMB_P', 'EMB_P', 'EMB_P', 'EMB_P', 'EMB_P', 'EMB_P', 'EMB_P', 'EMB_P', 'EMB_P', 'EMB_P', 'EMB_P', 'EMB_P', 'EMB_P', 'EMB_P', 'EMB_P', 'EMB_P', 'EMB_P', 'EMB_P', 'EMB_P', 'EMB_P', 'EMB_P', 'EMB_P', 'EMB_P', 'EMB_P', 'EMB_P', 'EMB_P', 'EMB_P', 'EMB_P', 'EMB_P', 'EMB_P', 'EMB_P', 'EMB_P', 'EMB_P', 'EMB_P', 'EMB_P', 'EMB_P', 'EMB_P', 'EMB_P', 'EMB_P', 'EMB_P', 'EMB_P', 'EMB_P', 'EMB_P', 'EMB_P', 'EMB_P', 'EMB_P', 'EMB_P', 'EMB_P', 'EMB_P', 'EMB_P', 'EMB_P', 'EMB_P', 'EMB_P', 'EMB_P', 'EMB_P', 'EMB_P', 'EMB_P', 'EMB_P', 'EMB_P', 'EMB_P', 'EMB_P', 'EMB_P', 'EMB_P', 'EMB_P', 'EMB_P']"
68,сыра,много,26152:14_1049,"Кухня: хачапури по-аджарски - много сыра, мягкое тесто... отлично.",6.9,6.4,"['EMB_O', 'EMB_O', 'EMB_O', 'EMB_O', 'EMB_O', 'EMB_O', 'EMB_O', 'EMB_O', 'EMB_O', 'EMB_O', 'EMB_O', 'EMB_O', 'EMB_O', 'EMB_O', 'EMB_O', 'OPN_S', 'ASP_B', 'ASP_I', 'ASP_E', 'EMB_O', 'EMB_O', 'EMB_O', 'EMB_O', 'EMB_O', 'EMB_O', 'EMB_O', 'EMB_O', 'EMB_O', 'EMB_O', 'EMB_O', 'EMB_O', 'EMB_O', 'EMB_P', 'EMB_P', 'EMB_P', 'EMB_P', 'EMB_P', 'EMB_P', 'EMB_P', 'EMB_P', 'EMB_P', 'EMB_P', 'EMB_P', 'EMB_P', 'EMB_P', 'EMB_P', 'EMB_P', 'EMB_P', 'EMB_P', 'EMB_P', 'EMB_P', 'EMB_P', 'EMB_P', 'EMB_P', 'EMB_P', 'EMB_P', 'EMB_P', 'EMB_P', 'EMB_P', 'EMB_P', 'EMB_P', 'EMB_P', 'EMB_P', 'EMB_P', 'EMB_P', 'EMB_P', 'EMB_P', 'EMB_P', 'EMB_P', 'EMB_P', 'EMB_P', 'EMB_P', 'EMB_P', 'EMB_P', 'EMB_P', 'EMB_P', 'EMB_P', 'EMB_P', 'EMB_P', 'EMB_P', 'EMB_P', 'EMB_P', 'EMB_P', 'EMB_P', 'EMB_P', 'EMB_P', 'EMB_P', 'EMB_P', 'EMB_P', 'EMB_P', 'EMB_P', 'EMB_P', 'EMB_P', 'EMB_P', 'EMB_P', 'EMB_P', 'EMB_P', 'EMB_P', 'EMB_P', 'EMB_P', 'EMB_P', 'EMB_P', 'EMB_P', 'EMB_P', 'EMB_P', 'EMB_P', 'EMB_P', 'EMB_P', 'EMB_P', 'EMB_P', 'EMB_P', 'EMB_P', 'EMB_P', 'EMB_P', 'EMB_P', 'EMB_P', 'EMB_P', 'EMB_P', 'EMB_P', 'EMB_P', 'EMB_P', 'EMB_P', 'EMB_P', 'EMB_P', 'EMB_P', 'EMB_P', 'EMB_P', 'EMB_P']"
69,тесто,мягкое,26152:14_1049,"Кухня: хачапури по-аджарски - много сыра, мягкое тесто... отлично.",6.8,6.4,"['EMB_O', 'EMB_O', 'EMB_O', 'EMB_O', 'EMB_O', 'EMB_O', 'EMB_O', 'EMB_O', 'EMB_O', 'EMB_O', 'EMB_O', 'EMB_O', 'EMB_O', 'EMB_O', 'EMB_O', 'EMB_O', 'EMB_O', 'EMB_O', 'EMB_O', 'EMB_O', 'OPN_B', 'OPN_I', 'OPN_E', 'ASP_B', 'ASP_E', 'EMB_O', 'EMB_O', 'EMB_O', 'EMB_O', 'EMB_O', 'EMB_O', 'EMB_O', 'EMB_P', 'EMB_P', 'EMB_P', 'EMB_P', 'EMB_P', 'EMB_P', 'EMB_P', 'EMB_P', 'EMB_P', 'EMB_P', 'EMB_P', 'EMB_P', 'EMB_P', 'EMB_P', 'EMB_P', 'EMB_P', 'EMB_P', 'EMB_P', 'EMB_P', 'EMB_P', 'EMB_P', 'EMB_P', 'EMB_P', 'EMB_P', 'EMB_P', 'EMB_P', 'EMB_P', 'EMB_P', 'EMB_P', 'EMB_P', 'EMB_P', 'EMB_P', 'EMB_P', 'EMB_P', 'EMB_P', 'EMB_P', 'EMB_P', 'EMB_P', 'EMB_P', 'EMB_P', 'EMB_P', 'EMB_P', 'EMB_P', 'EMB_P', 'EMB_P', 'EMB_P', 'EMB_P', 'EMB_P', 'EMB_P', 'EMB_P', 'EMB_P', 'EMB_P', 'EMB_P', 'EMB_P', 'EMB_P', 'EMB_P', 'EMB_P', 'EMB_P', 'EMB_P', 'EMB_P', 'EMB_P', 'EMB_P', 'EMB_P', 'EMB_P', 'EMB_P', 'EMB_P', 'EMB_P', 'EMB_P', 'EMB_P', 'EMB_P', 'EMB_P', 'EMB_P', 'EMB_P', 'EMB_P', 'EMB_P', 'EMB_P', 'EMB_P', 'EMB_P', 'EMB_P', 'EMB_P', 'EMB_P', 'EMB_P', 'EMB_P', 'EMB_P', 'EMB_P', 'EMB_P', 'EMB_P', 'EMB_P', 'EMB_P', 'EMB_P', 'EMB_P', 'EMB_P', 'EMB_P', 'EMB_P', 'EMB_P', 'EMB_P']"
70,Салат с лососем,понравилось,26152:15_1050,"Салат с лососем - большая порция, необычная заправка, вцелом понравилось.",6.88,6.25,"['EMB_O', 'ASP_B', 'ASP_I', 'ASP_I', 'ASP_I', 'ASP_I', 'ASP_E', 'EMB_O', 'EMB_O', 'EMB_O', 'EMB_O', 'EMB_O', 'EMB_O', 'EMB_O', 'EMB_O', 'EMB_O', 'EMB_O', 'EMB_O', 'EMB_O', 'EMB_O', 'EMB_O', 'EMB_O', 'OPN_B', 'OPN_I', 'OPN_I', 'OPN_E', 'EMB_O', 'EMB_O', 'EMB_P', 'EMB_P', 'EMB_P', 'EMB_P', 'EMB_P', 'EMB_P', 'EMB_P', 'EMB_P', 'EMB_P', 'EMB_P', 'EMB_P', 'EMB_P', 'EMB_P', 'EMB_P', 'EMB_P', 'EMB_P', 'EMB_P', 'EMB_P', 'EMB_P', 'EMB_P', 'EMB_P', 'EMB_P', 'EMB_P', 'EMB_P', 'EMB_P', 'EMB_P', 'EMB_P', 'EMB_P', 'EMB_P', 'EMB_P', 'EMB_P', 'EMB_P', 'EMB_P', 'EMB_P', 'EMB_P', 'EMB_P', 'EMB_P', 'EMB_P', 'EMB_P', 'EMB_P', 'EMB_P', 'EMB_P', 'EMB_P', 'EMB_P', 'EMB_P', 'EMB_P', 'EMB_P', 'EMB_P', 'EMB_P', 'EMB_P', 'EMB_P', 'EMB_P', 'EMB_P', 'EMB_P', 'EMB_P', 'EMB_P', 'EMB_P', 'EMB_P', 'EMB_P', 'EMB_P', 'EMB_P', 'EMB_P', 'EMB_P', 'EMB_P', 'EMB_P', 'EMB_P', 'EMB_P', 'EMB_P', 'EMB_P', 'EMB_P', 'EMB_P', 'EMB_P', 'EMB_P', 'EMB_P', 'EMB_P', 'EMB_P', 'EMB_P', 'EMB_P', 'EMB_P', 'EMB_P', 'EMB_P', 'EMB_P', 'EMB_P', 'EMB_P', 'EMB_P', 'EMB_P', 'EMB_P', 'EMB_P', 'EMB_P', 'EMB_P', 'EMB_P', 'EMB_P', 'EMB_P', 'EMB_P', 'EMB_P', 'EMB_P', 'EMB_P', 'EMB_P', 'EMB_P', 'EMB_P']"
71,порция,большая,26152:15_1050,"Салат с лососем - большая порция, необычная заправка, вцелом понравилось.",6.9,6.3,"['EMB_O', 'EMB_O', 'EMB_O', 'EMB_O', 'EMB_O', 'EMB_O', 'EMB_O', 'EMB_O', 'OPN_S', 'ASP_B', 'ASP_E', 'EMB_O', 'EMB_O', 'EMB_O', 'EMB_O', 'EMB_O', 'EMB_O', 'EMB_O', 'EMB_O', 'EMB_O', 'EMB_O', 'EMB_O', 'EMB_O', 'EMB_O', 'EMB_O', 'EMB_O', 'EMB_O', 'EMB_O', 'EMB_P', 'EMB_P', 'EMB_P', 'EMB_P', 'EMB_P', 'EMB_P', 'EMB_P', 'EMB_P', 'EMB_P', 'EMB_P', 'EMB_P', 'EMB_P', 'EMB_P', 'EMB_P', 'EMB_P', 'EMB_P', 'EMB_P', 'EMB_P', 'EMB_P', 'EMB_P', 'EMB_P', 'EMB_P', 'EMB_P', 'EMB_P', 'EMB_P', 'EMB_P', 'EMB_P', 'EMB_P', 'EMB_P', 'EMB_P', 'EMB_P', 'EMB_P', 'EMB_P', 'EMB_P', 'EMB_P', 'EMB_P', 'EMB_P', 'EMB_P', 'EMB_P', 'EMB_P', 'EMB_P', 'EMB_P', 'EMB_P', 'EMB_P', 'EMB_P', 'EMB_P', 'EMB_P', 'EMB_P', 'EMB_P', 'EMB_P', 'EMB_P', 'EMB_P', 'EMB_P', 'EMB_P', 'EMB_P', 'EMB_P', 'EMB_P', 'EMB_P', 'EMB_P', 'EMB_P', 'EMB_P', 'EMB_P', 'EMB_P', 'EMB_P', 'EMB_P', 'EMB_P', 'EMB_P', 'EMB_P', 'EMB_P', 'EMB_P', 'EMB_P', 'EMB_P', 'EMB_P', 'EMB_P', 'EMB_P', 'EMB_P', 'EMB_P', 'EMB_P', 'EMB_P', 'EMB_P', 'EMB_P', 'EMB_P', 'EMB_P', 'EMB_P', 'EMB_P', 'EMB_P', 'EMB_P', 'EMB_P', 'EMB_P', 'EMB_P', 'EMB_P', 'EMB_P', 'EMB_P', 'EMB_P', 'EMB_P', 'EMB_P', 'EMB_P', 'EMB_P', 'EMB_P', 'EMB_P']"
72,заправка,необычная,26152:15_1050,"Салат с лососем - большая порция, необычная заправка, вцелом понравилось.",6.9,6.2,"['EMB_O', 'EMB_O', 'EMB_O', 'EMB_O', 'EMB_O', 'EMB_O', 'EMB_O', 'EMB_O', 'EMB_O', 'EMB_O', 'EMB_O', 'EMB_O', 'OPN_B', 'OPN_I', 'OPN_E', 'ASP_B', 'ASP_I', 'ASP_E', 'EMB_O', 'EMB_O', 'EMB_O', 'EMB_O', 'EMB_O', 'EMB_O', 'EMB_O', 'EMB_O', 'EMB_O', 'EMB_O', 'EMB_P', 'EMB_P', 'EMB_P', 'EMB_P', 'EMB_P', 'EMB_P', 'EMB_P', 'EMB_P', 'EMB_P', 'EMB_P', 'EMB_P', 'EMB_P', 'EMB_P', 'EMB_P', 'EMB_P', 'EMB_P', 'EMB_P', 'EMB_P', 'EMB_P', 'EMB_P', 'EMB_P', 'EMB_P', 'EMB_P', 'EMB_P', 'EMB_P', 'EMB_P', 'EMB_P', 'EMB_P', 'EMB_P', 'EMB_P', 'EMB_P', 'EMB_P', 'EMB_P', 'EMB_P', 'EMB_P', 'EMB_P', 'EMB_P', 'EMB_P', 'EMB_P', 'EMB_P', 'EMB_P', 'EMB_P', 'EMB_P', 'EMB_P', 'EMB_P', 'EMB_P', 'EMB_P', 'EMB_P', 'EMB_P', 'EMB_P', 'EMB_P', 'EMB_P', 'EMB_P', 'EMB_P', 'EMB_P', 'EMB_P', 'EMB_P', 'EMB_P', 'EMB_P', 'EMB_P', 'EMB_P', 'EMB_P', 'EMB_P', 'EMB_P', 'EMB_P', 'EMB_P', 'EMB_P', 'EMB_P', 'EMB_P', 'EMB_P', 'EMB_P', 'EMB_P', 'EMB_P', 'EMB_P', 'EMB_P', 'EMB_P', 'EMB_P', 'EMB_P', 'EMB_P', 'EMB_P', 'EMB_P', 'EMB_P', 'EMB_P', 'EMB_P', 'EMB_P', 'EMB_P', 'EMB_P', 'EMB_P', 'EMB_P', 'EMB_P', 'EMB_P', 'EMB_P', 'EMB_P', 'EMB_P', 'EMB_P', 'EMB_P', 'EMB_P', 'EMB_P', 'EMB_P', 'EMB_P']"
73,Салат от шеф-повара с курицей,ничего лишнего,26152:16_1051,"Салат от шеф-повара с курицей - ничего лишнего, необычного, но вкусно.",6.33,5.67,"['EMB_O', 'ASP_B', 'ASP_I', 'ASP_I', 'ASP_I', 'ASP_I', 'ASP_I', 'ASP_I', 'ASP_I', 'ASP_I', 'ASP_I', 'ASP_I', 'ASP_E', 'EMB_O', 'OPN_B', 'OPN_I', 'OPN_E', 'EMB_O', 'EMB_O', 'EMB_O', 'EMB_O', 'EMB_O', 'EMB_O', 'EMB_O', 'EMB_O', 'EMB_O', 'EMB_O', 'EMB_O', 'EMB_P', 'EMB_P', 'EMB_P', 'EMB_P', 'EMB_P', 'EMB_P', 'EMB_P', 'EMB_P', 'EMB_P', 'EMB_P', 'EMB_P', 'EMB_P', 'EMB_P', 'EMB_P', 'EMB_P', 'EMB_P', 'EMB_P', 'EMB_P', 'EMB_P', 'EMB_P', 'EMB_P', 'EMB_P', 'EMB_P', 'EMB_P', 'EMB_P', 'EMB_P', 'EMB_P', 'EMB_P', 'EMB_P', 'EMB_P', 'EMB_P', 'EMB_P', 'EMB_P', 'EMB_P', 'EMB_P', 'EMB_P', 'EMB_P', 'EMB_P', 'EMB_P', 'EMB_P', 'EMB_P', 'EMB_P', 'EMB_P', 'EMB_P', 'EMB_P', 'EMB_P', 'EMB_P', 'EMB_P', 'EMB_P', 'EMB_P', 'EMB_P', 'EMB_P', 'EMB_P', 'EMB_P', 'EMB_P', 'EMB_P', 'EMB_P', 'EMB_P', 'EMB_P', 'EMB_P', 'EMB_P', 'EMB_P', 'EMB_P', 'EMB_P', 'EMB_P', 'EMB_P', 'EMB_P', 'EMB_P', 'EMB_P', 'EMB_P', 'EMB_P', 'EMB_P', 'EMB_P', 'EMB_P', 'EMB_P', 'EMB_P', 'EMB_P', 'EMB_P', 'EMB_P', 'EMB_P', 'EMB_P', 'EMB_P', 'EMB_P', 'EMB_P', 'EMB_P', 'EMB_P', 'EMB_P', 'EMB_P', 'EMB_P', 'EMB_P', 'EMB_P', 'EMB_P', 'EMB_P', 'EMB_P', 'EMB_P', 'EMB_P', 'EMB_P', 'EMB_P', 'EMB_P', 'EMB_P']"
74,Тирамису,выше всяких похвал,26152:17_1052,Тирамису - выше всяких похвал.,8.4,7.5,"['EMB_O', 'ASP_B', 'ASP_I', 'ASP_I', 'ASP_E', 'EMB_O', 'OPN_B', 'OPN_I', 'OPN_I', 'OPN_I', 'OPN_I', 'OPN_E', 'EMB_O', 'EMB_O', 'EMB_P', 'EMB_P', 'EMB_P', 'EMB_P', 'EMB_P', 'EMB_P', 'EMB_P', 'EMB_P', 'EMB_P', 'EMB_P', 'EMB_P', 'EMB_P', 'EMB_P', 'EMB_P', 'EMB_P', 'EMB_P', 'EMB_P', 'EMB_P', 'EMB_P', 'EMB_P', 'EMB_P', 'EMB_P', 'EMB_P', 'EMB_P', 'EMB_P', 'EMB_P', 'EMB_P', 'EMB_P', 'EMB_P', 'EMB_P', 'EMB_P', 'EMB_P', 'EMB_P', 'EMB_P', 'EMB_P', 'EMB_P', 'EMB_P', 'EMB_P', 'EMB_P', 'EMB_P', 'EMB_P', 'EMB_P', 'EMB_P', 'EMB_P', 'EMB_P', 'EMB_P', 'EMB_P', 'EMB_P', 'EMB_P', 'EMB_P', 'EMB_P', 'EMB_P', 'EMB_P', 'EMB_P', 'EMB_P', 'EMB_P', 'EMB_P', 'EMB_P', 'EMB_P', 'EMB_P', 'EMB_P', 'EMB_P', 'EMB_P', 'EMB_P', 'EMB_P', 'EMB_P', 'EMB_P', 'EMB_P', 'EMB_P', 'EMB_P', 'EMB_P', 'EMB_P', 'EMB_P', 'EMB_P', 'EMB_P', 'EMB_P', 'EMB_P', 'EMB_P', 'EMB_P', 'EMB_P', 'EMB_P', 'EMB_P', 'EMB_P', 'EMB_P', 'EMB_P', 'EMB_P', 'EMB_P', 'EMB_P', 'EMB_P', 'EMB_P', 'EMB_P', 'EMB_P', 'EMB_P', 'EMB_P', 'EMB_P', 'EMB_P', 'EMB_P', 'EMB_P', 'EMB_P', 'EMB_P', 'EMB_P', 'EMB_P', 'EMB_P', 'EMB_P', 'EMB_P', 'EMB_P', 'EMB_P', 'EMB_P', 'EMB_P', 'EMB_P', 'EMB_P', 'EMB_P', 'EMB_P', 'EMB_P']"
75,крем,Очень нежный,26152:18_1053,"Очень нежный крем, хорошая пропитка.",7.88,7.38,"['EMB_O', 'OPN_B', 'OPN_I', 'OPN_I', 'OPN_E', 'ASP_B', 'ASP_E', 'EMB_O', 'EMB_O', 'EMB_O', 'EMB_O', 'EMB_O', 'EMB_O', 'EMB_O', 'EMB_O', 'EMB_O', 'EMB_P', 'EMB_P', 'EMB_P', 'EMB_P', 'EMB_P', 'EMB_P', 'EMB_P', 'EMB_P', 'EMB_P', 'EMB_P', 'EMB_P', 'EMB_P', 'EMB_P', 'EMB_P', 'EMB_P', 'EMB_P', 'EMB_P', 'EMB_P', 'EMB_P', 'EMB_P', 'EMB_P', 'EMB_P', 'EMB_P', 'EMB_P', 'EMB_P', 'EMB_P', 'EMB_P', 'EMB_P', 'EMB_P', 'EMB_P', 'EMB_P', 'EMB_P', 'EMB_P', 'EMB_P', 'EMB_P', 'EMB_P', 'EMB_P', 'EMB_P', 'EMB_P', 'EMB_P', 'EMB_P', 'EMB_P', 'EMB_P', 'EMB_P', 'EMB_P', 'EMB_P', 'EMB_P', 'EMB_P', 'EMB_P', 'EMB_P', 'EMB_P', 'EMB_P', 'EMB_P', 'EMB_P', 'EMB_P', 'EMB_P', 'EMB_P', 'EMB_P', 'EMB_P', 'EMB_P', 'EMB_P', 'EMB_P', 'EMB_P', 'EMB_P', 'EMB_P', 'EMB_P', 'EMB_P', 'EMB_P', 'EMB_P', 'EMB_P', 'EMB_P', 'EMB_P', 'EMB_P', 'EMB_P', 'EMB_P', 'EMB_P', 'EMB_P', 'EMB_P', 'EMB_P', 'EMB_P', 'EMB_P', 'EMB_P', 'EMB_P', 'EMB_P', 'EMB_P', 'EMB_P', 'EMB_P', 'EMB_P', 'EMB_P', 'EMB_P', 'EMB_P', 'EMB_P', 'EMB_P', 'EMB_P', 'EMB_P', 'EMB_P', 'EMB_P', 'EMB_P', 'EMB_P', 'EMB_P', 'EMB_P', 'EMB_P', 'EMB_P', 'EMB_P', 'EMB_P', 'EMB_P', 'EMB_P', 'EMB_P', 'EMB_P', 'EMB_P', 'EMB_P', 'EMB_P']"
76,пропитка,хорошая,26152:18_1053,"Очень нежный крем, хорошая пропитка.",6.8,6.2,"['EMB_O', 'EMB_O', 'EMB_O', 'EMB_O', 'EMB_O', 'EMB_O', 'EMB_O', 'EMB_O', 'OPN_B', 'OPN_I', 'OPN_E', 'ASP_B', 'ASP_I', 'ASP_E', 'EMB_O', 'EMB_O', 'EMB_P', 'EMB_P', 'EMB_P', 'EMB_P', 'EMB_P', 'EMB_P', 'EMB_P', 'EMB_P', 'EMB_P', 'EMB_P', 'EMB_P', 'EMB_P', 'EMB_P', 'EMB_P', 'EMB_P', 'EMB_P', 'EMB_P', 'EMB_P', 'EMB_P', 'EMB_P', 'EMB_P', 'EMB_P', 'EMB_P', 'EMB_P', 'EMB_P', 'EMB_P', 'EMB_P', 'EMB_P', 'EMB_P', 'EMB_P', 'EMB_P', 'EMB_P', 'EMB_P', 'EMB_P', 'EMB_P', 'EMB_P', 'EMB_P', 'EMB_P', 'EMB_P', 'EMB_P', 'EMB_P', 'EMB_P', 'EMB_P', 'EMB_P', 'EMB_P', 'EMB_P', 'EMB_P', 'EMB_P', 'EMB_P', 'EMB_P', 'EMB_P', 'EMB_P', 'EMB_P', 'EMB_P', 'EMB_P', 'EMB_P', 'EMB_P', 'EMB_P', 'EMB_P', 'EMB_P', 'EMB_P', 'EMB_P', 'EMB_P', 'EMB_P', 'EMB_P', 'EMB_P', 'EMB_P', 'EMB_P', 'EMB_P', 'EMB_P', 'EMB_P', 'EMB_P', 'EMB_P', 'EMB_P', 'EMB_P', 'EMB_P', 'EMB_P', 'EMB_P', 'EMB_P', 'EMB_P', 'EMB_P', 'EMB_P', 'EMB_P', 'EMB_P', 'EMB_P', 'EMB_P', 'EMB_P', 'EMB_P', 'EMB_P', 'EMB_P', 'EMB_P', 'EMB_P', 'EMB_P', 'EMB_P', 'EMB_P', 'EMB_P', 'EMB_P', 'EMB_P', 'EMB_P', 'EMB_P', 'EMB_P', 'EMB_P', 'EMB_P', 'EMB_P', 'EMB_P', 'EMB_P', 'EMB_P', 'EMB_P', 'EMB_P', 'EMB_P', 'EMB_P', 'EMB_P']"
77,рестораны,Хорошо,26152:20_1054,"Хорошо, что открываются не смотря ни на что, рестораны с качественной кухней и хорошим обслуживанием.",7.0,7.0,"['EMB_O', 'OPN_B', 'OPN_I', 'OPN_E', 'EMB_O', 'EMB_O', 'EMB_O', 'EMB_O', 'EMB_O', 'EMB_O', 'EMB_O', 'EMB_O', 'EMB_O', 'EMB_O', 'EMB_O', 'EMB_O', 'EMB_O', 'EMB_O', 'ASP_B', 'ASP_I', 'ASP_E', 'EMB_O', 'EMB_O', 'EMB_O', 'EMB_O', 'EMB_O', 'EMB_O', 'EMB_O', 'EMB_O', 'EMB_O', 'EMB_O', 'EMB_O', 'EMB_O', 'EMB_O', 'EMB_O', 'EMB_O', 'EMB_O', 'EMB_O', 'EMB_P', 'EMB_P', 'EMB_P', 'EMB_P', 'EMB_P', 'EMB_P', 'EMB_P', 'EMB_P', 'EMB_P', 'EMB_P', 'EMB_P', 'EMB_P', 'EMB_P', 'EMB_P', 'EMB_P', 'EMB_P', 'EMB_P', 'EMB_P', 'EMB_P', 'EMB_P', 'EMB_P', 'EMB_P', 'EMB_P', 'EMB_P', 'EMB_P', 'EMB_P', 'EMB_P', 'EMB_P', 'EMB_P', 'EMB_P', 'EMB_P', 'EMB_P', 'EMB_P', 'EMB_P', 'EMB_P', 'EMB_P', 'EMB_P', 'EMB_P', 'EMB_P', 'EMB_P', 'EMB_P', 'EMB_P', 'EMB_P', 'EMB_P', 'EMB_P', 'EMB_P', 'EMB_P', 'EMB_P', 'EMB_P', 'EMB_P', 'EMB_P', 'EMB_P', 'EMB_P', 'EMB_P', 'EMB_P', 'EMB_P', 'EMB_P', 'EMB_P', 'EMB_P', 'EMB_P', 'EMB_P', 'EMB_P', 'EMB_P', 'EMB_P', 'EMB_P', 'EMB_P', 'EMB_P', 'EMB_P', 'EMB_P', 'EMB_P', 'EMB_P', 'EMB_P', 'EMB_P', 'EMB_P', 'EMB_P', 'EMB_P', 'EMB_P', 'EMB_P', 'EMB_P', 'EMB_P', 'EMB_P', 'EMB_P', 'EMB_P', 'EMB_P', 'EMB_P', 'EMB_P', 'EMB_P', 'EMB_P', 'EMB_P', 'EMB_P']"
78,кухней,качественной,26152:20_1054,"Хорошо, что открываются не смотря ни на что, рестораны с качественной кухней и хорошим обслуживанием.",7.1,6.4,"['EMB_O', 'EMB_O', 'EMB_O', 'EMB_O', 'EMB_O', 'EMB_O', 'EMB_O', 'EMB_O', 'EMB_O', 'EMB_O', 'EMB_O', 'EMB_O', 'EMB_O', 'EMB_O', 'EMB_O', 'EMB_O', 'EMB_O', 'EMB_O', 'EMB_O', 'EMB_O', 'EMB_O', 'EMB_O', 'OPN_B', 'OPN_E', 'ASP_B', 'ASP_I', 'ASP_E', 'EMB_O', 'EMB_O', 'EMB_O', 'EMB_O', 'EMB_O', 'EMB_O', 'EMB_O', 'EMB_O', 'EMB_O', 'EMB_O', 'EMB_O', 'EMB_P', 'EMB_P', 'EMB_P', 'EMB_P', 'EMB_P', 'EMB_P', 'EMB_P', 'EMB_P', 'EMB_P', 'EMB_P', 'EMB_P', 'EMB_P', 'EMB_P', 'EMB_P', 'EMB_P', 'EMB_P', 'EMB_P', 'EMB_P', 'EMB_P', 'EMB_P', 'EMB_P', 'EMB_P', 'EMB_P', 'EMB_P', 'EMB_P', 'EMB_P', 'EMB_P', 'EMB_P', 'EMB_P', 'EMB_P', 'EMB_P', 'EMB_P', 'EMB_P', 'EMB_P', 'EMB_P', 'EMB_P', 'EMB_P', 'EMB_P', 'EMB_P', 'EMB_P', 'EMB_P', 'EMB_P', 'EMB_P', 'EMB_P', 'EMB_P', 'EMB_P', 'EMB_P', 'EMB_P', 'EMB_P', 'EMB_P', 'EMB_P', 'EMB_P', 'EMB_P', 'EMB_P', 'EMB_P', 'EMB_P', 'EMB_P', 'EMB_P', 'EMB_P', 'EMB_P', 'EMB_P', 'EMB_P', 'EMB_P', 'EMB_P', 'EMB_P', 'EMB_P', 'EMB_P', 'EMB_P', 'EMB_P', 'EMB_P', 'EMB_P', 'EMB_P', 'EMB_P', 'EMB_P', 'EMB_P', 'EMB_P', 'EMB_P', 'EMB_P', 'EMB_P', 'EMB_P', 'EMB_P', 'EMB_P', 'EMB_P', 'EMB_P', 'EMB_P', 'EMB_P', 'EMB_P', 'EMB_P', 'EMB_P', 'EMB_P']"
79,обслуживанием,хорошим,26152:20_1054,"Хорошо, что открываются не смотря ни на что, рестораны с качественной кухней и хорошим обслуживанием.",6.9,6.2,"['EMB_O', 'EMB_O', 'EMB_O', 'EMB_O', 'EMB_O', 'EMB_O', 'EMB_O', 'EMB_O', 'EMB_O', 'EMB_O', 'EMB_O', 'EMB_O', 'EMB_O', 'EMB_O', 'EMB_O', 'EMB_O', 'EMB_O', 'EMB_O', 'EMB_O', 'EMB_O', 'EMB_O', 'EMB_O', 'EMB_O', 'EMB_O', 'EMB_O', 'EMB_O', 'EMB_O', 'EMB_O', 'OPN_B', 'OPN_I', 'OPN_E', 'ASP_B', 'ASP_I', 'ASP_I', 'ASP_I', 'ASP_E', 'EMB_O', 'EMB_O', 'EMB_P', 'EMB_P', 'EMB_P', 'EMB_P', 'EMB_P', 'EMB_P', 'EMB_P', 'EMB_P', 'EMB_P', 'EMB_P', 'EMB_P', 'EMB_P', 'EMB_P', 'EMB_P', 'EMB_P', 'EMB_P', 'EMB_P', 'EMB_P', 'EMB_P', 'EMB_P', 'EMB_P', 'EMB_P', 'EMB_P', 'EMB_P', 'EMB_P', 'EMB_P', 'EMB_P', 'EMB_P', 'EMB_P', 'EMB_P', 'EMB_P', 'EMB_P', 'EMB_P', 'EMB_P', 'EMB_P', 'EMB_P', 'EMB_P', 'EMB_P', 'EMB_P', 'EMB_P', 'EMB_P', 'EMB_P', 'EMB_P', 'EMB_P', 'EMB_P', 'EMB_P', 'EMB_P', 'EMB_P', 'EMB_P', 'EMB_P', 'EMB_P', 'EMB_P', 'EMB_P', 'EMB_P', 'EMB_P', 'EMB_P', 'EMB_P', 'EMB_P', 'EMB_P', 'EMB_P', 'EMB_P', 'EMB_P', 'EMB_P', 'EMB_P', 'EMB_P', 'EMB_P', 'EMB_P', 'EMB_P', 'EMB_P', 'EMB_P', 'EMB_P', 'EMB_P', 'EMB_P', 'EMB_P', 'EMB_P', 'EMB_P', 'EMB_P', 'EMB_P', 'EMB_P', 'EMB_P', 'EMB_P', 'EMB_P', 'EMB_P', 'EMB_P', 'EMB_P', 'EMB_P', 'EMB_P', 'EMB_P', 'EMB_P', 'EMB_P']"
80,ресторан,замечательный,26284:1_1055,"Мы из Москвы,посетили на выходные Питер и Ваш замечательный ресторан!",7.8,7.4,"['EMB_O', 'EMB_O', 'EMB_O', 'EMB_O', 'EMB_O', 'EMB_O', 'EMB_O', 'EMB_O', 'EMB_O', 'EMB_O', 'EMB_O', 'EMB_O', 'EMB_O', 'EMB_O', 'OPN_B', 'OPN_I', 'OPN_I', 'OPN_I', 'OPN_E', 'ASP_B', 'ASP_I', 'ASP_E', 'EMB_O', 'EMB_O', 'EMB_P', 'EMB_P', 'EMB_P', 'EMB_P', 'EMB_P', 'EMB_P', 'EMB_P', 'EMB_P', 'EMB_P', 'EMB_P', 'EMB_P', 'EMB_P', 'EMB_P', 'EMB_P', 'EMB_P', 'EMB_P', 'EMB_P', 'EMB_P', 'EMB_P', 'EMB_P', 'EMB_P', 'EMB_P', 'EMB_P', 'EMB_P', 'EMB_P', 'EMB_P', 'EMB_P', 'EMB_P', 'EMB_P', 'EMB_P', 'EMB_P', 'EMB_P', 'EMB_P', 'EMB_P', 'EMB_P', 'EMB_P', 'EMB_P', 'EMB_P', 'EMB_P', 'EMB_P', 'EMB_P', 'EMB_P', 'EMB_P', 'EMB_P', 'EMB_P', 'EMB_P', 'EMB_P', 'EMB_P', 'EMB_P', 'EMB_P', 'EMB_P', 'EMB_P', 'EMB_P', 'EMB_P', 'EMB_P', 'EMB_P', 'EMB_P', 'EMB_P', 'EMB_P', 'EMB_P', 'EMB_P', 'EMB_P', 'EMB_P', 'EMB_P', 'EMB_P', 'EMB_P', 'EMB_P', 'EMB_P', 'EMB_P', 'EMB_P', 'EMB_P', 'EMB_P', 'EMB_P', 'EMB_P', 'EMB_P', 'EMB_P', 'EMB_P', 'EMB_P', 'EMB_P', 'EMB_P', 'EMB_P', 'EMB_P', 'EMB_P', 'EMB_P', 'EMB_P', 'EMB_P', 'EMB_P', 'EMB_P', 'EMB_P', 'EMB_P', 'EMB_P', 'EMB_P', 'EMB_P', 'EMB_P', 'EMB_P', 'EMB_P', 'EMB_P', 'EMB_P', 'EMB_P', 'EMB_P', 'EMB_P', 'EMB_P', 'EMB_P', 'EMB_P']"
81,интерьер,необычно,26284:2_1056,"Понравилось все:и необычно выполненный интерьер,и хорошее обслуживание официантки с рекомендацией блюд,прекрасный вид из окна,и самое главное очень хорошая кухня!!!",7.0,6.38,"['EMB_O', 'EMB_O', 'EMB_O', 'EMB_O', 'EMB_O', 'EMB_O', 'EMB_O', 'EMB_O', 'OPN_B', 'OPN_I', 'OPN_E', 'EMB_O', 'EMB_O', 'EMB_O', 'EMB_O', 'ASP_B', 'ASP_I', 'ASP_E', 'EMB_O', 'EMB_O', 'EMB_O', 'EMB_O', 'EMB_O', 'EMB_O', 'EMB_O', 'EMB_O', 'EMB_O', 'EMB_O', 'EMB_O', 'EMB_O', 'EMB_O', 'EMB_O', 'EMB_O', 'EMB_O', 'EMB_O', 'EMB_O', 'EMB_O', 'EMB_O', 'EMB_O', 'EMB_O', 'EMB_O', 'EMB_O', 'EMB_O', 'EMB_O', 'EMB_O', 'EMB_O', 'EMB_O', 'EMB_O', 'EMB_O', 'EMB_O', 'EMB_O', 'EMB_O', 'EMB_O', 'EMB_O', 'EMB_O', 'EMB_O', 'EMB_O', 'EMB_O', 'EMB_O', 'EMB_O', 'EMB_O', 'EMB_O', 'EMB_O', 'EMB_O', 'EMB_O', 'EMB_P', 'EMB_P', 'EMB_P', 'EMB_P', 'EMB_P', 'EMB_P', 'EMB_P', 'EMB_P', 'EMB_P', 'EMB_P', 'EMB_P', 'EMB_P', 'EMB_P', 'EMB_P', 'EMB_P', 'EMB_P', 'EMB_P', 'EMB_P', 'EMB_P', 'EMB_P', 'EMB_P', 'EMB_P', 'EMB_P', 'EMB_P', 'EMB_P', 'EMB_P', 'EMB_P', 'EMB_P', 'EMB_P', 'EMB_P', 'EMB_P', 'EMB_P', 'EMB_P', 'EMB_P', 'EMB_P', 'EMB_P', 'EMB_P', 'EMB_P', 'EMB_P', 'EMB_P', 'EMB_P', 'EMB_P', 'EMB_P', 'EMB_P', 'EMB_P', 'EMB_P', 'EMB_P', 'EMB_P', 'EMB_P', 'EMB_P', 'EMB_P', 'EMB_P', 'EMB_P', 'EMB_P', 'EMB_P', 'EMB_P', 'EMB_P', 'EMB_P', 'EMB_P', 'EMB_P', 'EMB_P', 'EMB_P', 'EMB_P']"
82,обслуживание,хорошее,26284:2_1056,"Понравилось все:и необычно выполненный интерьер,и хорошее обслуживание официантки с рекомендацией блюд,прекрасный вид из окна,и самое главное очень хорошая кухня!!!",6.8,6.2,"['EMB_O', 'EMB_O', 'EMB_O', 'EMB_O', 'EMB_O', 'EMB_O', 'EMB_O', 'EMB_O', 'EMB_O', 'EMB_O', 'EMB_O', 'EMB_O', 'EMB_O', 'EMB_O', 'EMB_O', 'EMB_O', 'EMB_O', 'EMB_O', 'EMB_O', 'EMB_O', 'OPN_B', 'OPN_I', 'OPN_E', 'ASP_B', 'ASP_I', 'ASP_I', 'ASP_E', 'EMB_O', 'EMB_O', 'EMB_O', 'EMB_O', 'EMB_O', 'EMB_O', 'EMB_O', 'EMB_O', 'EMB_O', 'EMB_O', 'EMB_O', 'EMB_O', 'EMB_O', 'EMB_O', 'EMB_O', 'EMB_O', 'EMB_O', 'EMB_O', 'EMB_O', 'EMB_O', 'EMB_O', 'EMB_O', 'EMB_O', 'EMB_O', 'EMB_O', 'EMB_O', 'EMB_O', 'EMB_O', 'EMB_O', 'EMB_O', 'EMB_O', 'EMB_O', 'EMB_O', 'EMB_O', 'EMB_O', 'EMB_O', 'EMB_O', 'EMB_O', 'EMB_P', 'EMB_P', 'EMB_P', 'EMB_P', 'EMB_P', 'EMB_P', 'EMB_P', 'EMB_P', 'EMB_P', 'EMB_P', 'EMB_P', 'EMB_P', 'EMB_P', 'EMB_P', 'EMB_P', 'EMB_P', 'EMB_P', 'EMB_P', 'EMB_P', 'EMB_P', 'EMB_P', 'EMB_P', 'EMB_P', 'EMB_P', 'EMB_P', 'EMB_P', 'EMB_P', 'EMB_P', 'EMB_P', 'EMB_P', 'EMB_P', 'EMB_P', 'EMB_P', 'EMB_P', 'EMB_P', 'EMB_P', 'EMB_P', 'EMB_P', 'EMB_P', 'EMB_P', 'EMB_P', 'EMB_P', 'EMB_P', 'EMB_P', 'EMB_P', 'EMB_P', 'EMB_P', 'EMB_P', 'EMB_P', 'EMB_P', 'EMB_P', 'EMB_P', 'EMB_P', 'EMB_P', 'EMB_P', 'EMB_P', 'EMB_P', 'EMB_P', 'EMB_P', 'EMB_P', 'EMB_P', 'EMB_P', 'EMB_P']"
83,официантки,хорошее,26284:2_1056,"Понравилось все:и необычно выполненный интерьер,и хорошее обслуживание официантки с рекомендацией блюд,прекрасный вид из окна,и самое главное очень хорошая кухня!!!",6.67,6.0,"['EMB_O', 'EMB_O', 'EMB_O', 'EMB_O', 'EMB_O', 'EMB_O', 'EMB_O', 'EMB_O', 'EMB_O', 'EMB_O', 'EMB_O', 'EMB_O', 'EMB_O', 'EMB_O', 'EMB_O', 'EMB_O', 'EMB_O', 'EMB_O', 'EMB_O', 'EMB_O', 'OPN_B', 'OPN_I', 'OPN_E', 'EMB_O', 'EMB_O', 'EMB_O', 'EMB_O', 'ASP_B', 'ASP_I', 'ASP_I', 'ASP_I', 'ASP_E', 'EMB_O', 'EMB_O', 'EMB_O', 'EMB_O', 'EMB_O', 'EMB_O', 'EMB_O', 'EMB_O', 'EMB_O', 'EMB_O', 'EMB_O', 'EMB_O', 'EMB_O', 'EMB_O', 'EMB_O', 'EMB_O', 'EMB_O', 'EMB_O', 'EMB_O', 'EMB_O', 'EMB_O', 'EMB_O', 'EMB_O', 'EMB_O', 'EMB_O', 'EMB_O', 'EMB_O', 'EMB_O', 'EMB_O', 'EMB_O', 'EMB_O', 'EMB_O', 'EMB_O', 'EMB_P', 'EMB_P', 'EMB_P', 'EMB_P', 'EMB_P', 'EMB_P', 'EMB_P', 'EMB_P', 'EMB_P', 'EMB_P', 'EMB_P', 'EMB_P', 'EMB_P', 'EMB_P', 'EMB_P', 'EMB_P', 'EMB_P', 'EMB_P', 'EMB_P', 'EMB_P', 'EMB_P', 'EMB_P', 'EMB_P', 'EMB_P', 'EMB_P', 'EMB_P', 'EMB_P', 'EMB_P', 'EMB_P', 'EMB_P', 'EMB_P', 'EMB_P', 'EMB_P', 'EMB_P', 'EMB_P', 'EMB_P', 'EMB_P', 'EMB_P', 'EMB_P', 'EMB_P', 'EMB_P', 'EMB_P', 'EMB_P', 'EMB_P', 'EMB_P', 'EMB_P', 'EMB_P', 'EMB_P', 'EMB_P', 'EMB_P', 'EMB_P', 'EMB_P', 'EMB_P', 'EMB_P', 'EMB_P', 'EMB_P', 'EMB_P', 'EMB_P', 'EMB_P', 'EMB_P', 'EMB_P', 'EMB_P', 'EMB_P']"
84,вид из окна,прекрасный,26284:2_1056,"Понравилось все:и необычно выполненный интерьер,и хорошее обслуживание официантки с рекомендацией блюд,прекрасный вид из окна,и самое главное очень хорошая кухня!!!",7.9,7.2,"['EMB_O', 'EMB_O', 'EMB_O', 'EMB_O', 'EMB_O', 'EMB_O', 'EMB_O', 'EMB_O', 'EMB_O', 'EMB_O', 'EMB_O', 'EMB_O', 'EMB_O', 'EMB_O', 'EMB_O', 'EMB_O', 'EMB_O', 'EMB_O', 'EMB_O', 'EMB_O', 'EMB_O', 'EMB_O', 'EMB_O', 'EMB_O', 'EMB_O', 'EMB_O', 'EMB_O', 'EMB_O', 'EMB_O', 'EMB_O', 'EMB_O', 'EMB_O', 'EMB_O', 'EMB_O', 'EMB_O', 'EMB_O', 'EMB_O', 'EMB_O', 'EMB_O', 'EMB_O', 'EMB_O', 'OPN_B', 'OPN_I', 'OPN_I', 'OPN_E', 'ASP_B', 'ASP_I', 'ASP_I', 'ASP_E', 'EMB_O', 'EMB_O', 'EMB_O', 'EMB_O', 'EMB_O', 'EMB_O', 'EMB_O', 'EMB_O', 'EMB_O', 'EMB_O', 'EMB_O', 'EMB_O', 'EMB_O', 'EMB_O', 'EMB_O', 'EMB_O', 'EMB_P', 'EMB_P', 'EMB_P', 'EMB_P', 'EMB_P', 'EMB_P', 'EMB_P', 'EMB_P', 'EMB_P', 'EMB_P', 'EMB_P', 'EMB_P', 'EMB_P', 'EMB_P', 'EMB_P', 'EMB_P', 'EMB_P', 'EMB_P', 'EMB_P', 'EMB_P', 'EMB_P', 'EMB_P', 'EMB_P', 'EMB_P', 'EMB_P', 'EMB_P', 'EMB_P', 'EMB_P', 'EMB_P', 'EMB_P', 'EMB_P', 'EMB_P', 'EMB_P', 'EMB_P', 'EMB_P', 'EMB_P', 'EMB_P', 'EMB_P', 'EMB_P', 'EMB_P', 'EMB_P', 'EMB_P', 'EMB_P', 'EMB_P', 'EMB_P', 'EMB_P', 'EMB_P', 'EMB_P', 'EMB_P', 'EMB_P', 'EMB_P', 'EMB_P', 'EMB_P', 'EMB_P', 'EMB_P', 'EMB_P', 'EMB_P', 'EMB_P', 'EMB_P', 'EMB_P', 'EMB_P', 'EMB_P', 'EMB_P']"
85,кухня,очень хорошая,26284:2_1056,"Понравилось все:и необычно выполненный интерьер,и хорошее обслуживание официантки с рекомендацией блюд,прекрасный вид из окна,и самое главное очень хорошая кухня!!!",7.6,7.1,"['EMB_O', 'EMB_O', 'EMB_O', 'EMB_O', 'EMB_O', 'EMB_O', 'EMB_O', 'EMB_O', 'EMB_O', 'EMB_O', 'EMB_O', 'EMB_O', 'EMB_O', 'EMB_O', 'EMB_O', 'EMB_O', 'EMB_O', 'EMB_O', 'EMB_O', 'EMB_O', 'EMB_O', 'EMB_O', 'EMB_O', 'EMB_O', 'EMB_O', 'EMB_O', 'EMB_O', 'EMB_O', 'EMB_O', 'EMB_O', 'EMB_O', 'EMB_O', 'EMB_O', 'EMB_O', 'EMB_O', 'EMB_O', 'EMB_O', 'EMB_O', 'EMB_O', 'EMB_O', 'EMB_O', 'EMB_O', 'EMB_O', 'EMB_O', 'EMB_O', 'EMB_O', 'EMB_O', 'EMB_O', 'EMB_O', 'EMB_O', 'EMB_O', 'EMB_O', 'EMB_O', 'EMB_O', 'OPN_B', 'OPN_I', 'OPN_I', 'OPN_E', 'ASP_B', 'ASP_I', 'ASP_E', 'EMB_O', 'EMB_O', 'EMB_O', 'EMB_O', 'EMB_P', 'EMB_P', 'EMB_P', 'EMB_P', 'EMB_P', 'EMB_P', 'EMB_P', 'EMB_P', 'EMB_P', 'EMB_P', 'EMB_P', 'EMB_P', 'EMB_P', 'EMB_P', 'EMB_P', 'EMB_P', 'EMB_P', 'EMB_P', 'EMB_P', 'EMB_P', 'EMB_P', 'EMB_P', 'EMB_P', 'EMB_P', 'EMB_P', 'EMB_P', 'EMB_P', 'EMB_P', 'EMB_P', 'EMB_P', 'EMB_P', 'EMB_P', 'EMB_P', 'EMB_P', 'EMB_P', 'EMB_P', 'EMB_P', 'EMB_P', 'EMB_P', 'EMB_P', 'EMB_P', 'EMB_P', 'EMB_P', 'EMB_P', 'EMB_P', 'EMB_P', 'EMB_P', 'EMB_P', 'EMB_P', 'EMB_P', 'EMB_P', 'EMB_P', 'EMB_P', 'EMB_P', 'EMB_P', 'EMB_P', 'EMB_P', 'EMB_P', 'EMB_P', 'EMB_P', 'EMB_P', 'EMB_P', 'EMB_P']"
86,"""BELLINI""",действительно хороших,26284:3_1057,"Цена полностью соответствует качеству,все очень вкусно,что на мой взгляд редкость для Питера,где мало действительно хороших ресторанов.""BELLINI"" один из них!",8.0,8.17,"['EMB_O', 'EMB_O', 'EMB_O', 'EMB_O', 'EMB_O', 'EMB_O', 'EMB_O', 'EMB_O', 'EMB_O', 'EMB_O', 'EMB_O', 'EMB_O', 'EMB_O', 'EMB_O', 'EMB_O', 'EMB_O', 'EMB_O', 'EMB_O', 'EMB_O', 'EMB_O', 'EMB_O', 'EMB_O', 'EMB_O', 'EMB_O', 'EMB_O', 'EMB_O', 'EMB_O', 'EMB_O', 'EMB_O', 'OPN_B', 'OPN_I', 'OPN_I', 'OPN_I', 'OPN_I', 'OPN_I', 'OPN_E', 'EMB_O', 'EMB_O', 'EMB_O', 'EMB_O', 'EMB_O', 'ASP_B', 'ASP_I', 'ASP_I', 'ASP_I', 'ASP_I', 'ASP_E', 'EMB_O', 'EMB_O', 'EMB_O', 'EMB_O', 'EMB_O', 'EMB_P', 'EMB_P', 'EMB_P', 'EMB_P', 'EMB_P', 'EMB_P', 'EMB_P', 'EMB_P', 'EMB_P', 'EMB_P', 'EMB_P', 'EMB_P', 'EMB_P', 'EMB_P', 'EMB_P', 'EMB_P', 'EMB_P', 'EMB_P', 'EMB_P', 'EMB_P', 'EMB_P', 'EMB_P', 'EMB_P', 'EMB_P', 'EMB_P', 'EMB_P', 'EMB_P', 'EMB_P', 'EMB_P', 'EMB_P', 'EMB_P', 'EMB_P', 'EMB_P', 'EMB_P', 'EMB_P', 'EMB_P', 'EMB_P', 'EMB_P', 'EMB_P', 'EMB_P', 'EMB_P', 'EMB_P', 'EMB_P', 'EMB_P', 'EMB_P', 'EMB_P', 'EMB_P', 'EMB_P', 'EMB_P', 'EMB_P', 'EMB_P', 'EMB_P', 'EMB_P', 'EMB_P', 'EMB_P', 'EMB_P', 'EMB_P', 'EMB_P', 'EMB_P', 'EMB_P', 'EMB_P', 'EMB_P', 'EMB_P', 'EMB_P', 'EMB_P', 'EMB_P', 'EMB_P', 'EMB_P', 'EMB_P', 'EMB_P', 'EMB_P', 'EMB_P', 'EMB_P', 'EMB_P', 'EMB_P', 'EMB_P']"
87,интерьера,приятно удивлены простатой,26330:1_1058,"Были приятно удивлены простатой интерьера, качеством кухни(спасибо огромное шеф повару),огромный выбор закусок к пиву.",7.1,6.4,"['EMB_O', 'EMB_O', 'EMB_O', 'OPN_B', 'OPN_I', 'OPN_I', 'OPN_I', 'OPN_I', 'OPN_I', 'OPN_I', 'OPN_I', 'OPN_E', 'ASP_B', 'ASP_I', 'ASP_E', 'EMB_O', 'EMB_O', 'EMB_O', 'EMB_O', 'EMB_O', 'EMB_O', 'EMB_O', 'EMB_O', 'EMB_O', 'EMB_O', 'EMB_O', 'EMB_O', 'EMB_O', 'EMB_O', 'EMB_O', 'EMB_O', 'EMB_O', 'EMB_O', 'EMB_O', 'EMB_O', 'EMB_O', 'EMB_O', 'EMB_O', 'EMB_O', 'EMB_O', 'EMB_O', 'EMB_O', 'EMB_O', 'EMB_O', 'EMB_O', 'EMB_O', 'EMB_O', 'EMB_O', 'EMB_O', 'EMB_O', 'EMB_P', 'EMB_P', 'EMB_P', 'EMB_P', 'EMB_P', 'EMB_P', 'EMB_P', 'EMB_P', 'EMB_P', 'EMB_P', 'EMB_P', 'EMB_P', 'EMB_P', 'EMB_P', 'EMB_P', 'EMB_P', 'EMB_P', 'EMB_P', 'EMB_P', 'EMB_P', 'EMB_P', 'EMB_P', 'EMB_P', 'EMB_P', 'EMB_P', 'EMB_P', 'EMB_P', 'EMB_P', 'EMB_P', 'EMB_P', 'EMB_P', 'EMB_P', 'EMB_P', 'EMB_P', 'EMB_P', 'EMB_P', 'EMB_P', 'EMB_P', 'EMB_P', 'EMB_P', 'EMB_P', 'EMB_P', 'EMB_P', 'EMB_P', 'EMB_P', 'EMB_P', 'EMB_P', 'EMB_P', 'EMB_P', 'EMB_P', 'EMB_P', 'EMB_P', 'EMB_P', 'EMB_P', 'EMB_P', 'EMB_P', 'EMB_P', 'EMB_P', 'EMB_P', 'EMB_P', 'EMB_P', 'EMB_P', 'EMB_P', 'EMB_P', 'EMB_P', 'EMB_P', 'EMB_P', 'EMB_P', 'EMB_P', 'EMB_P', 'EMB_P', 'EMB_P', 'EMB_P', 'EMB_P', 'EMB_P', 'EMB_P', 'EMB_P', 'EMB_P']"
88,кухни,спасибо огромное,26330:1_1058,"Были приятно удивлены простатой интерьера, качеством кухни(спасибо огромное шеф повару),огромный выбор закусок к пиву.",8.17,8.17,"['EMB_O', 'EMB_O', 'EMB_O', 'EMB_O', 'EMB_O', 'EMB_O', 'EMB_O', 'EMB_O', 'EMB_O', 'EMB_O', 'EMB_O', 'EMB_O', 'EMB_O', 'EMB_O', 'EMB_O', 'EMB_O', 'EMB_O', 'EMB_O', 'EMB_O', 'ASP_B', 'ASP_I', 'ASP_E', 'EMB_O', 'OPN_B', 'OPN_I', 'OPN_I', 'OPN_I', 'OPN_I', 'OPN_I', 'OPN_E', 'EMB_O', 'EMB_O', 'EMB_O', 'EMB_O', 'EMB_O', 'EMB_O', 'EMB_O', 'EMB_O', 'EMB_O', 'EMB_O', 'EMB_O', 'EMB_O', 'EMB_O', 'EMB_O', 'EMB_O', 'EMB_O', 'EMB_O', 'EMB_O', 'EMB_O', 'EMB_O', 'EMB_P', 'EMB_P', 'EMB_P', 'EMB_P', 'EMB_P', 'EMB_P', 'EMB_P', 'EMB_P', 'EMB_P', 'EMB_P', 'EMB_P', 'EMB_P', 'EMB_P', 'EMB_P', 'EMB_P', 'EMB_P', 'EMB_P', 'EMB_P', 'EMB_P', 'EMB_P', 'EMB_P', 'EMB_P', 'EMB_P', 'EMB_P', 'EMB_P', 'EMB_P', 'EMB_P', 'EMB_P', 'EMB_P', 'EMB_P', 'EMB_P', 'EMB_P', 'EMB_P', 'EMB_P', 'EMB_P', 'EMB_P', 'EMB_P', 'EMB_P', 'EMB_P', 'EMB_P', 'EMB_P', 'EMB_P', 'EMB_P', 'EMB_P', 'EMB_P', 'EMB_P', 'EMB_P', 'EMB_P', 'EMB_P', 'EMB_P', 'EMB_P', 'EMB_P', 'EMB_P', 'EMB_P', 'EMB_P', 'EMB_P', 'EMB_P', 'EMB_P', 'EMB_P', 'EMB_P', 'EMB_P', 'EMB_P', 'EMB_P', 'EMB_P', 'EMB_P', 'EMB_P', 'EMB_P', 'EMB_P', 'EMB_P', 'EMB_P', 'EMB_P', 'EMB_P', 'EMB_P', 'EMB_P', 'EMB_P', 'EMB_P', 'EMB_P', 'EMB_P']"
89,закусок к пиву,огромный выбор,26330:1_1058,"Были приятно удивлены простатой интерьера, качеством кухни(спасибо огромное шеф повару),огромный выбор закусок к пиву.",8.17,7.67,"['EMB_O', 'EMB_O', 'EMB_O', 'EMB_O', 'EMB_O', 'EMB_O', 'EMB_O', 'EMB_O', 'EMB_O', 'EMB_O', 'EMB_O', 'EMB_O', 'EMB_O', 'EMB_O', 'EMB_O', 'EMB_O', 'EMB_O', 'EMB_O', 'EMB_O', 'EMB_O', 'EMB_O', 'EMB_O', 'EMB_O', 'EMB_O', 'EMB_O', 'EMB_O', 'OPN_B', 'OPN_I', 'OPN_E', 'EMB_O', 'EMB_O', 'EMB_O', 'EMB_O', 'EMB_O', 'EMB_O', 'EMB_O', 'EMB_O', 'EMB_O', 'EMB_O', 'OPN_B', 'OPN_I', 'OPN_E', 'ASP_B', 'ASP_I', 'ASP_I', 'ASP_I', 'ASP_I', 'ASP_E', 'EMB_O', 'EMB_O', 'EMB_P', 'EMB_P', 'EMB_P', 'EMB_P', 'EMB_P', 'EMB_P', 'EMB_P', 'EMB_P', 'EMB_P', 'EMB_P', 'EMB_P', 'EMB_P', 'EMB_P', 'EMB_P', 'EMB_P', 'EMB_P', 'EMB_P', 'EMB_P', 'EMB_P', 'EMB_P', 'EMB_P', 'EMB_P', 'EMB_P', 'EMB_P', 'EMB_P', 'EMB_P', 'EMB_P', 'EMB_P', 'EMB_P', 'EMB_P', 'EMB_P', 'EMB_P', 'EMB_P', 'EMB_P', 'EMB_P', 'EMB_P', 'EMB_P', 'EMB_P', 'EMB_P', 'EMB_P', 'EMB_P', 'EMB_P', 'EMB_P', 'EMB_P', 'EMB_P', 'EMB_P', 'EMB_P', 'EMB_P', 'EMB_P', 'EMB_P', 'EMB_P', 'EMB_P', 'EMB_P', 'EMB_P', 'EMB_P', 'EMB_P', 'EMB_P', 'EMB_P', 'EMB_P', 'EMB_P', 'EMB_P', 'EMB_P', 'EMB_P', 'EMB_P', 'EMB_P', 'EMB_P', 'EMB_P', 'EMB_P', 'EMB_P', 'EMB_P', 'EMB_P', 'EMB_P', 'EMB_P', 'EMB_P', 'EMB_P', 'EMB_P', 'EMB_P', 'EMB_P']"
90,перчики халапена,Особенно понравились,26330:2_1059,"Особенно понравились ""перчики халапена"" (кажется так называлось это бесподобное блюдо),умеренные цены, большие порции.",7.88,7.62,"['EMB_O', 'OPN_B', 'OPN_I', 'OPN_I', 'OPN_I', 'OPN_I', 'OPN_I', 'OPN_I', 'OPN_E', 'EMB_O', 'ASP_B', 'ASP_I', 'ASP_I', 'ASP_I', 'ASP_I', 'ASP_E', 'EMB_O', 'EMB_O', 'EMB_O', 'EMB_O', 'EMB_O', 'EMB_O', 'EMB_O', 'EMB_O', 'EMB_O', 'EMB_O', 'EMB_O', 'EMB_O', 'EMB_O', 'EMB_O', 'EMB_O', 'EMB_O', 'EMB_O', 'EMB_O', 'EMB_O', 'EMB_O', 'EMB_O', 'EMB_O', 'EMB_O', 'EMB_O', 'EMB_O', 'EMB_O', 'EMB_O', 'EMB_O', 'EMB_O', 'EMB_P', 'EMB_P', 'EMB_P', 'EMB_P', 'EMB_P', 'EMB_P', 'EMB_P', 'EMB_P', 'EMB_P', 'EMB_P', 'EMB_P', 'EMB_P', 'EMB_P', 'EMB_P', 'EMB_P', 'EMB_P', 'EMB_P', 'EMB_P', 'EMB_P', 'EMB_P', 'EMB_P', 'EMB_P', 'EMB_P', 'EMB_P', 'EMB_P', 'EMB_P', 'EMB_P', 'EMB_P', 'EMB_P', 'EMB_P', 'EMB_P', 'EMB_P', 'EMB_P', 'EMB_P', 'EMB_P', 'EMB_P', 'EMB_P', 'EMB_P', 'EMB_P', 'EMB_P', 'EMB_P', 'EMB_P', 'EMB_P', 'EMB_P', 'EMB_P', 'EMB_P', 'EMB_P', 'EMB_P', 'EMB_P', 'EMB_P', 'EMB_P', 'EMB_P', 'EMB_P', 'EMB_P', 'EMB_P', 'EMB_P', 'EMB_P', 'EMB_P', 'EMB_P', 'EMB_P', 'EMB_P', 'EMB_P', 'EMB_P', 'EMB_P', 'EMB_P', 'EMB_P', 'EMB_P', 'EMB_P', 'EMB_P', 'EMB_P', 'EMB_P', 'EMB_P', 'EMB_P', 'EMB_P', 'EMB_P', 'EMB_P', 'EMB_P', 'EMB_P', 'EMB_P', 'EMB_P', 'EMB_P', 'EMB_P', 'EMB_P']"
91,порции,большие,26330:2_1059,"Особенно понравились ""перчики халапена"" (кажется так называлось это бесподобное блюдо),умеренные цены, большие порции.",7.2,6.6,"['EMB_O', 'EMB_O', 'EMB_O', 'EMB_O', 'EMB_O', 'EMB_O', 'EMB_O', 'EMB_O', 'EMB_O', 'EMB_O', 'EMB_O', 'EMB_O', 'EMB_O', 'EMB_O', 'EMB_O', 'EMB_O', 'EMB_O', 'EMB_O', 'EMB_O', 'EMB_O', 'EMB_O', 'EMB_O', 'EMB_O', 'EMB_O', 'EMB_O', 'EMB_O', 'EMB_O', 'EMB_O', 'EMB_O', 'EMB_O', 'EMB_O', 'EMB_O', 'EMB_O', 'EMB_O', 'EMB_O', 'EMB_O', 'EMB_O', 'EMB_O', 'EMB_O', 'EMB_O', 'OPN_S', 'ASP_B', 'ASP_E', 'EMB_O', 'EMB_O', 'EMB_P', 'EMB_P', 'EMB_P', 'EMB_P', 'EMB_P', 'EMB_P', 'EMB_P', 'EMB_P', 'EMB_P', 'EMB_P', 'EMB_P', 'EMB_P', 'EMB_P', 'EMB_P', 'EMB_P', 'EMB_P', 'EMB_P', 'EMB_P', 'EMB_P', 'EMB_P', 'EMB_P', 'EMB_P', 'EMB_P', 'EMB_P', 'EMB_P', 'EMB_P', 'EMB_P', 'EMB_P', 'EMB_P', 'EMB_P', 'EMB_P', 'EMB_P', 'EMB_P', 'EMB_P', 'EMB_P', 'EMB_P', 'EMB_P', 'EMB_P', 'EMB_P', 'EMB_P', 'EMB_P', 'EMB_P', 'EMB_P', 'EMB_P', 'EMB_P', 'EMB_P', 'EMB_P', 'EMB_P', 'EMB_P', 'EMB_P', 'EMB_P', 'EMB_P', 'EMB_P', 'EMB_P', 'EMB_P', 'EMB_P', 'EMB_P', 'EMB_P', 'EMB_P', 'EMB_P', 'EMB_P', 'EMB_P', 'EMB_P', 'EMB_P', 'EMB_P', 'EMB_P', 'EMB_P', 'EMB_P', 'EMB_P', 'EMB_P', 'EMB_P', 'EMB_P', 'EMB_P', 'EMB_P', 'EMB_P', 'EMB_P', 'EMB_P', 'EMB_P', 'EMB_P', 'EMB_P', 'EMB_P', 'EMB_P', 'EMB_P']"
92,обслуживающий персонал,Приятно удивил,26330:4_1060,Приятно удивил обслуживающий персонал.,7.33,7.33,"['EMB_O', 'OPN_B', 'OPN_I', 'OPN_I', 'OPN_I', 'OPN_E', 'ASP_B', 'ASP_I', 'ASP_I', 'ASP_I', 'ASP_I', 'ASP_I', 'ASP_E', 'EMB_O', 'EMB_O', 'EMB_P', 'EMB_P', 'EMB_P', 'EMB_P', 'EMB_P', 'EMB_P', 'EMB_P', 'EMB_P', 'EMB_P', 'EMB_P', 'EMB_P', 'EMB_P', 'EMB_P', 'EMB_P', 'EMB_P', 'EMB_P', 'EMB_P', 'EMB_P', 'EMB_P', 'EMB_P', 'EMB_P', 'EMB_P', 'EMB_P', 'EMB_P', 'EMB_P', 'EMB_P', 'EMB_P', 'EMB_P', 'EMB_P', 'EMB_P', 'EMB_P', 'EMB_P', 'EMB_P', 'EMB_P', 'EMB_P', 'EMB_P', 'EMB_P', 'EMB_P', 'EMB_P', 'EMB_P', 'EMB_P', 'EMB_P', 'EMB_P', 'EMB_P', 'EMB_P', 'EMB_P', 'EMB_P', 'EMB_P', 'EMB_P', 'EMB_P', 'EMB_P', 'EMB_P', 'EMB_P', 'EMB_P', 'EMB_P', 'EMB_P', 'EMB_P', 'EMB_P', 'EMB_P', 'EMB_P', 'EMB_P', 'EMB_P', 'EMB_P', 'EMB_P', 'EMB_P', 'EMB_P', 'EMB_P', 'EMB_P', 'EMB_P', 'EMB_P', 'EMB_P', 'EMB_P', 'EMB_P', 'EMB_P', 'EMB_P', 'EMB_P', 'EMB_P', 'EMB_P', 'EMB_P', 'EMB_P', 'EMB_P', 'EMB_P', 'EMB_P', 'EMB_P', 'EMB_P', 'EMB_P', 'EMB_P', 'EMB_P', 'EMB_P', 'EMB_P', 'EMB_P', 'EMB_P', 'EMB_P', 'EMB_P', 'EMB_P', 'EMB_P', 'EMB_P', 'EMB_P', 'EMB_P', 'EMB_P', 'EMB_P', 'EMB_P', 'EMB_P', 'EMB_P', 'EMB_P', 'EMB_P', 'EMB_P', 'EMB_P', 'EMB_P', 'EMB_P', 'EMB_P', 'EMB_P', 'EMB_P']"
93,Девушка,хорошо,26330:5_1061,"Девушка, которая нас обслуживала, с редким именем Антонина, хорошо разбирается в предсталенной рестораном еде и умело порекомендовала нам разные закуски.",6.67,6.0,"['EMB_O', 'ASP_B', 'ASP_I', 'ASP_E', 'EMB_O', 'EMB_O', 'EMB_O', 'EMB_O', 'EMB_O', 'EMB_O', 'EMB_O', 'EMB_O', 'EMB_O', 'EMB_O', 'EMB_O', 'EMB_O', 'EMB_O', 'EMB_O', 'EMB_O', 'OPN_S', 'EMB_O', 'EMB_O', 'EMB_O', 'EMB_O', 'EMB_O', 'EMB_O', 'EMB_O', 'EMB_O', 'EMB_O', 'EMB_O', 'EMB_O', 'EMB_O', 'EMB_O', 'EMB_O', 'EMB_O', 'EMB_O', 'EMB_O', 'EMB_O', 'EMB_O', 'EMB_O', 'EMB_O', 'EMB_O', 'EMB_O', 'EMB_O', 'EMB_O', 'EMB_O', 'EMB_O', 'EMB_O', 'EMB_P', 'EMB_P', 'EMB_P', 'EMB_P', 'EMB_P', 'EMB_P', 'EMB_P', 'EMB_P', 'EMB_P', 'EMB_P', 'EMB_P', 'EMB_P', 'EMB_P', 'EMB_P', 'EMB_P', 'EMB_P', 'EMB_P', 'EMB_P', 'EMB_P', 'EMB_P', 'EMB_P', 'EMB_P', 'EMB_P', 'EMB_P', 'EMB_P', 'EMB_P', 'EMB_P', 'EMB_P', 'EMB_P', 'EMB_P', 'EMB_P', 'EMB_P', 'EMB_P', 'EMB_P', 'EMB_P', 'EMB_P', 'EMB_P', 'EMB_P', 'EMB_P', 'EMB_P', 'EMB_P', 'EMB_P', 'EMB_P', 'EMB_P', 'EMB_P', 'EMB_P', 'EMB_P', 'EMB_P', 'EMB_P', 'EMB_P', 'EMB_P', 'EMB_P', 'EMB_P', 'EMB_P', 'EMB_P', 'EMB_P', 'EMB_P', 'EMB_P', 'EMB_P', 'EMB_P', 'EMB_P', 'EMB_P', 'EMB_P', 'EMB_P', 'EMB_P', 'EMB_P', 'EMB_P', 'EMB_P', 'EMB_P', 'EMB_P', 'EMB_P', 'EMB_P', 'EMB_P', 'EMB_P', 'EMB_P', 'EMB_P', 'EMB_P', 'EMB_P', 'EMB_P', 'EMB_P']"
94,пиво,А какое,26330:6_1062,А какое пиво!!!,7.7,7.9,"['EMB_O', 'OPN_B', 'OPN_I', 'OPN_E', 'ASP_B', 'ASP_E', 'EMB_O', 'EMB_O', 'EMB_O', 'EMB_O', 'EMB_P', 'EMB_P', 'EMB_P', 'EMB_P', 'EMB_P', 'EMB_P', 'EMB_P', 'EMB_P', 'EMB_P', 'EMB_P', 'EMB_P', 'EMB_P', 'EMB_P', 'EMB_P', 'EMB_P', 'EMB_P', 'EMB_P', 'EMB_P', 'EMB_P', 'EMB_P', 'EMB_P', 'EMB_P', 'EMB_P', 'EMB_P', 'EMB_P', 'EMB_P', 'EMB_P', 'EMB_P', 'EMB_P', 'EMB_P', 'EMB_P', 'EMB_P', 'EMB_P', 'EMB_P', 'EMB_P', 'EMB_P', 'EMB_P', 'EMB_P', 'EMB_P', 'EMB_P', 'EMB_P', 'EMB_P', 'EMB_P', 'EMB_P', 'EMB_P', 'EMB_P', 'EMB_P', 'EMB_P', 'EMB_P', 'EMB_P', 'EMB_P', 'EMB_P', 'EMB_P', 'EMB_P', 'EMB_P', 'EMB_P', 'EMB_P', 'EMB_P', 'EMB_P', 'EMB_P', 'EMB_P', 'EMB_P', 'EMB_P', 'EMB_P', 'EMB_P', 'EMB_P', 'EMB_P', 'EMB_P', 'EMB_P', 'EMB_P', 'EMB_P', 'EMB_P', 'EMB_P', 'EMB_P', 'EMB_P', 'EMB_P', 'EMB_P', 'EMB_P', 'EMB_P', 'EMB_P', 'EMB_P', 'EMB_P', 'EMB_P', 'EMB_P', 'EMB_P', 'EMB_P', 'EMB_P', 'EMB_P', 'EMB_P', 'EMB_P', 'EMB_P', 'EMB_P', 'EMB_P', 'EMB_P', 'EMB_P', 'EMB_P', 'EMB_P', 'EMB_P', 'EMB_P', 'EMB_P', 'EMB_P', 'EMB_P', 'EMB_P', 'EMB_P', 'EMB_P', 'EMB_P', 'EMB_P', 'EMB_P', 'EMB_P', 'EMB_P', 'EMB_P', 'EMB_P', 'EMB_P', 'EMB_P', 'EMB_P', 'EMB_P', 'EMB_P', 'EMB_P']"
95,бармен,другом,26330:8_1063,бармен стал нам просто другом.,7.67,7.67,"['EMB_O', 'ASP_B', 'ASP_E', 'EMB_O', 'EMB_O', 'EMB_O', 'OPN_S', 'EMB_O', 'EMB_O', 'EMB_P', 'EMB_P', 'EMB_P', 'EMB_P', 'EMB_P', 'EMB_P', 'EMB_P', 'EMB_P', 'EMB_P', 'EMB_P', 'EMB_P', 'EMB_P', 'EMB_P', 'EMB_P', 'EMB_P', 'EMB_P', 'EMB_P', 'EMB_P', 'EMB_P', 'EMB_P', 'EMB_P', 'EMB_P', 'EMB_P', 'EMB_P', 'EMB_P', 'EMB_P', 'EMB_P', 'EMB_P', 'EMB_P', 'EMB_P', 'EMB_P', 'EMB_P', 'EMB_P', 'EMB_P', 'EMB_P', 'EMB_P', 'EMB_P', 'EMB_P', 'EMB_P', 'EMB_P', 'EMB_P', 'EMB_P', 'EMB_P', 'EMB_P', 'EMB_P', 'EMB_P', 'EMB_P', 'EMB_P', 'EMB_P', 'EMB_P', 'EMB_P', 'EMB_P', 'EMB_P', 'EMB_P', 'EMB_P', 'EMB_P', 'EMB_P', 'EMB_P', 'EMB_P', 'EMB_P', 'EMB_P', 'EMB_P', 'EMB_P', 'EMB_P', 'EMB_P', 'EMB_P', 'EMB_P', 'EMB_P', 'EMB_P', 'EMB_P', 'EMB_P', 'EMB_P', 'EMB_P', 'EMB_P', 'EMB_P', 'EMB_P', 'EMB_P', 'EMB_P', 'EMB_P', 'EMB_P', 'EMB_P', 'EMB_P', 'EMB_P', 'EMB_P', 'EMB_P', 'EMB_P', 'EMB_P', 'EMB_P', 'EMB_P', 'EMB_P', 'EMB_P', 'EMB_P', 'EMB_P', 'EMB_P', 'EMB_P', 'EMB_P', 'EMB_P', 'EMB_P', 'EMB_P', 'EMB_P', 'EMB_P', 'EMB_P', 'EMB_P', 'EMB_P', 'EMB_P', 'EMB_P', 'EMB_P', 'EMB_P', 'EMB_P', 'EMB_P', 'EMB_P', 'EMB_P', 'EMB_P', 'EMB_P', 'EMB_P', 'EMB_P', 'EMB_P', 'EMB_P', 'EMB_P']"
96,пиво,умело подобрал,26330:9_1064,На любой вопрос о пиве он умело подобрал каждому из нас пиво по вкусу.,7.75,7.5,"['EMB_O', 'EMB_O', 'EMB_O', 'EMB_O', 'EMB_O', 'ASP_S', 'EMB_O', 'EMB_O', 'EMB_O', 'OPN_B', 'OPN_I', 'OPN_I', 'OPN_I', 'OPN_E', 'EMB_O', 'EMB_O', 'EMB_O', 'EMB_O', 'EMB_O', 'ASP_S', 'EMB_O', 'EMB_O', 'EMB_O', 'EMB_O', 'EMB_O', 'EMB_O', 'EMB_P', 'EMB_P', 'EMB_P', 'EMB_P', 'EMB_P', 'EMB_P', 'EMB_P', 'EMB_P', 'EMB_P', 'EMB_P', 'EMB_P', 'EMB_P', 'EMB_P', 'EMB_P', 'EMB_P', 'EMB_P', 'EMB_P', 'EMB_P', 'EMB_P', 'EMB_P', 'EMB_P', 'EMB_P', 'EMB_P', 'EMB_P', 'EMB_P', 'EMB_P', 'EMB_P', 'EMB_P', 'EMB_P', 'EMB_P', 'EMB_P', 'EMB_P', 'EMB_P', 'EMB_P', 'EMB_P', 'EMB_P', 'EMB_P', 'EMB_P', 'EMB_P', 'EMB_P', 'EMB_P', 'EMB_P', 'EMB_P', 'EMB_P', 'EMB_P', 'EMB_P', 'EMB_P', 'EMB_P', 'EMB_P', 'EMB_P', 'EMB_P', 'EMB_P', 'EMB_P', 'EMB_P', 'EMB_P', 'EMB_P', 'EMB_P', 'EMB_P', 'EMB_P', 'EMB_P', 'EMB_P', 'EMB_P', 'EMB_P', 'EMB_P', 'EMB_P', 'EMB_P', 'EMB_P', 'EMB_P', 'EMB_P', 'EMB_P', 'EMB_P', 'EMB_P', 'EMB_P', 'EMB_P', 'EMB_P', 'EMB_P', 'EMB_P', 'EMB_P', 'EMB_P', 'EMB_P', 'EMB_P', 'EMB_P', 'EMB_P', 'EMB_P', 'EMB_P', 'EMB_P', 'EMB_P', 'EMB_P', 'EMB_P', 'EMB_P', 'EMB_P', 'EMB_P', 'EMB_P', 'EMB_P', 'EMB_P', 'EMB_P', 'EMB_P', 'EMB_P', 'EMB_P', 'EMB_P', 'EMB_P', 'EMB_P']"
97,пивном баре,замечательно,26330:10_1065,Всё было замечательно в этом пивном баре!!!!,7.75,7.75,"['EMB_O', 'EMB_O', 'EMB_O', 'OPN_B', 'OPN_I', 'OPN_I', 'OPN_E', 'EMB_O', 'EMB_O', 'ASP_B', 'ASP_I', 'ASP_I', 'ASP_I', 'ASP_E', 'EMB_O', 'EMB_O', 'EMB_O', 'EMB_O', 'EMB_O', 'EMB_P', 'EMB_P', 'EMB_P', 'EMB_P', 'EMB_P', 'EMB_P', 'EMB_P', 'EMB_P', 'EMB_P', 'EMB_P', 'EMB_P', 'EMB_P', 'EMB_P', 'EMB_P', 'EMB_P', 'EMB_P', 'EMB_P', 'EMB_P', 'EMB_P', 'EMB_P', 'EMB_P', 'EMB_P', 'EMB_P', 'EMB_P', 'EMB_P', 'EMB_P', 'EMB_P', 'EMB_P', 'EMB_P', 'EMB_P', 'EMB_P', 'EMB_P', 'EMB_P', 'EMB_P', 'EMB_P', 'EMB_P', 'EMB_P', 'EMB_P', 'EMB_P', 'EMB_P', 'EMB_P', 'EMB_P', 'EMB_P', 'EMB_P', 'EMB_P', 'EMB_P', 'EMB_P', 'EMB_P', 'EMB_P', 'EMB_P', 'EMB_P', 'EMB_P', 'EMB_P', 'EMB_P', 'EMB_P', 'EMB_P', 'EMB_P', 'EMB_P', 'EMB_P', 'EMB_P', 'EMB_P', 'EMB_P', 'EMB_P', 'EMB_P', 'EMB_P', 'EMB_P', 'EMB_P', 'EMB_P', 'EMB_P', 'EMB_P', 'EMB_P', 'EMB_P', 'EMB_P', 'EMB_P', 'EMB_P', 'EMB_P', 'EMB_P', 'EMB_P', 'EMB_P', 'EMB_P', 'EMB_P', 'EMB_P', 'EMB_P', 'EMB_P', 'EMB_P', 'EMB_P', 'EMB_P', 'EMB_P', 'EMB_P', 'EMB_P', 'EMB_P', 'EMB_P', 'EMB_P', 'EMB_P', 'EMB_P', 'EMB_P', 'EMB_P', 'EMB_P', 'EMB_P', 'EMB_P', 'EMB_P', 'EMB_P', 'EMB_P', 'EMB_P', 'EMB_P', 'EMB_P', 'EMB_P', 'EMB_P', 'EMB_P']"
98,Гроссенштрассе,Всем,26330:11_1066,Всем Гроссенштрассе!!!!!!!!!!!!!!!!!,8.17,8.67,"['EMB_O', 'OPN_B', 'OPN_E', 'ASP_B', 'ASP_I', 'ASP_I', 'ASP_I', 'ASP_I', 'ASP_E', 'EMB_O', 'EMB_O', 'EMB_O', 'EMB_O', 'EMB_O', 'EMB_O', 'EMB_O', 'EMB_O', 'EMB_O', 'EMB_O', 'EMB_O', 'EMB_O', 'EMB_O', 'EMB_O', 'EMB_O', 'EMB_O', 'EMB_O', 'EMB_O', 'EMB_P', 'EMB_P', 'EMB_P', 'EMB_P', 'EMB_P', 'EMB_P', 'EMB_P', 'EMB_P', 'EMB_P', 'EMB_P', 'EMB_P', 'EMB_P', 'EMB_P', 'EMB_P', 'EMB_P', 'EMB_P', 'EMB_P', 'EMB_P', 'EMB_P', 'EMB_P', 'EMB_P', 'EMB_P', 'EMB_P', 'EMB_P', 'EMB_P', 'EMB_P', 'EMB_P', 'EMB_P', 'EMB_P', 'EMB_P', 'EMB_P', 'EMB_P', 'EMB_P', 'EMB_P', 'EMB_P', 'EMB_P', 'EMB_P', 'EMB_P', 'EMB_P', 'EMB_P', 'EMB_P', 'EMB_P', 'EMB_P', 'EMB_P', 'EMB_P', 'EMB_P', 'EMB_P', 'EMB_P', 'EMB_P', 'EMB_P', 'EMB_P', 'EMB_P', 'EMB_P', 'EMB_P', 'EMB_P', 'EMB_P', 'EMB_P', 'EMB_P', 'EMB_P', 'EMB_P', 'EMB_P', 'EMB_P', 'EMB_P', 'EMB_P', 'EMB_P', 'EMB_P', 'EMB_P', 'EMB_P', 'EMB_P', 'EMB_P', 'EMB_P', 'EMB_P', 'EMB_P', 'EMB_P', 'EMB_P', 'EMB_P', 'EMB_P', 'EMB_P', 'EMB_P', 'EMB_P', 'EMB_P', 'EMB_P', 'EMB_P', 'EMB_P', 'EMB_P', 'EMB_P', 'EMB_P', 'EMB_P', 'EMB_P', 'EMB_P', 'EMB_P', 'EMB_P', 'EMB_P', 'EMB_P', 'EMB_P', 'EMB_P', 'EMB_P', 'EMB_P', 'EMB_P', 'EMB_P', 'EMB_P']"
99,кухня,ухудшились,26887:1_1067,"Но в последнее время и кухня и обслуживание ухудшились: то суши были настолько солеными, что есть их было невозможно, то пирожок к первому блюду был подан после того, как само первое было съедено.",2.9,6.6,"['EMB_O', 'EMB_O', 'EMB_O', 'EMB_O', 'EMB_O', 'EMB_O', 'ASP_B', 'ASP_I', 'ASP_E', 'EMB_O', 'EMB_O', 'EMB_O', 'EMB_O', 'EMB_O', 'OPN_B', 'OPN_I', 'OPN_I', 'OPN_I', 'OPN_E', 'EMB_O', 'EMB_O', 'EMB_O', 'EMB_O', 'EMB_O', 'EMB_O', 'EMB_O', 'EMB_O', 'EMB_O', 'EMB_O', 'EMB_O', 'EMB_O', 'EMB_O', 'EMB_O', 'EMB_O', 'EMB_O', 'EMB_O', 'EMB_O', 'EMB_O', 'EMB_O', 'EMB_O', 'EMB_O', 'EMB_O', 'EMB_O', 'EMB_O', 'EMB_O', 'EMB_O', 'EMB_O', 'EMB_O', 'EMB_O', 'EMB_O', 'EMB_O', 'EMB_O', 'EMB_O', 'EMB_O', 'EMB_O', 'EMB_O', 'EMB_O', 'EMB_O', 'EMB_O', 'EMB_O', 'EMB_O', 'EMB_O', 'EMB_O', 'EMB_P', 'EMB_P', 'EMB_P', 'EMB_P', 'EMB_P', 'EMB_P', 'EMB_P', 'EMB_P', 'EMB_P', 'EMB_P', 'EMB_P', 'EMB_P', 'EMB_P', 'EMB_P', 'EMB_P', 'EMB_P', 'EMB_P', 'EMB_P', 'EMB_P', 'EMB_P', 'EMB_P', 'EMB_P', 'EMB_P', 'EMB_P', 'EMB_P', 'EMB_P', 'EMB_P', 'EMB_P', 'EMB_P', 'EMB_P', 'EMB_P', 'EMB_P', 'EMB_P', 'EMB_P', 'EMB_P', 'EMB_P', 'EMB_P', 'EMB_P', 'EMB_P', 'EMB_P', 'EMB_P', 'EMB_P', 'EMB_P', 'EMB_P', 'EMB_P', 'EMB_P', 'EMB_P', 'EMB_P', 'EMB_P', 'EMB_P', 'EMB_P', 'EMB_P', 'EMB_P', 'EMB_P', 'EMB_P', 'EMB_P', 'EMB_P', 'EMB_P', 'EMB_P', 'EMB_P', 'EMB_P', 'EMB_P', 'EMB_P', 'EMB_P', 'EMB_P']"
100,обслуживание,ухудшились,26887:1_1067,"Но в последнее время и кухня и обслуживание ухудшились: то суши были настолько солеными, что есть их было невозможно, то пирожок к первому блюду был подан после того, как само первое было съедено.",2.9,6.6,"['EMB_O', 'EMB_O', 'EMB_O', 'EMB_O', 'EMB_O', 'EMB_O', 'EMB_O', 'EMB_O', 'EMB_O', 'EMB_O', 'ASP_B', 'ASP_I', 'ASP_I', 'ASP_E', 'OPN_B', 'OPN_I', 'OPN_I', 'OPN_I', 'OPN_E', 'EMB_O', 'EMB_O', 'EMB_O', 'EMB_O', 'EMB_O', 'EMB_O', 'EMB_O', 'EMB_O', 'EMB_O', 'EMB_O', 'EMB_O', 'EMB_O', 'EMB_O', 'EMB_O', 'EMB_O', 'EMB_O', 'EMB_O', 'EMB_O', 'EMB_O', 'EMB_O', 'EMB_O', 'EMB_O', 'EMB_O', 'EMB_O', 'EMB_O', 'EMB_O', 'EMB_O', 'EMB_O', 'EMB_O', 'EMB_O', 'EMB_O', 'EMB_O', 'EMB_O', 'EMB_O', 'EMB_O', 'EMB_O', 'EMB_O', 'EMB_O', 'EMB_O', 'EMB_O', 'EMB_O', 'EMB_O', 'EMB_O', 'EMB_O', 'EMB_P', 'EMB_P', 'EMB_P', 'EMB_P', 'EMB_P', 'EMB_P', 'EMB_P', 'EMB_P', 'EMB_P', 'EMB_P', 'EMB_P', 'EMB_P', 'EMB_P', 'EMB_P', 'EMB_P', 'EMB_P', 'EMB_P', 'EMB_P', 'EMB_P', 'EMB_P', 'EMB_P', 'EMB_P', 'EMB_P', 'EMB_P', 'EMB_P', 'EMB_P', 'EMB_P', 'EMB_P', 'EMB_P', 'EMB_P', 'EMB_P', 'EMB_P', 'EMB_P', 'EMB_P', 'EMB_P', 'EMB_P', 'EMB_P', 'EMB_P', 'EMB_P', 'EMB_P', 'EMB_P', 'EMB_P', 'EMB_P', 'EMB_P', 'EMB_P', 'EMB_P', 'EMB_P', 'EMB_P', 'EMB_P', 'EMB_P', 'EMB_P', 'EMB_P', 'EMB_P', 'EMB_P', 'EMB_P', 'EMB_P', 'EMB_P', 'EMB_P', 'EMB_P', 'EMB_P', 'EMB_P', 'EMB_P', 'EMB_P', 'EMB_P', 'EMB_P']"
101,суши,невозможно,26887:1_1067,"Но в последнее время и кухня и обслуживание ухудшились: то суши были настолько солеными, что есть их было невозможно, то пирожок к первому блюду был подан после того, как само первое было съедено.",1.33,8.5,"['EMB_O', 'EMB_O', 'EMB_O', 'EMB_O', 'EMB_O', 'EMB_O', 'EMB_O', 'EMB_O', 'EMB_O', 'EMB_O', 'EMB_O', 'EMB_O', 'EMB_O', 'EMB_O', 'EMB_O', 'EMB_O', 'EMB_O', 'EMB_O', 'EMB_O', 'EMB_O', 'EMB_O', 'ASP_B', 'ASP_E', 'EMB_O', 'EMB_O', 'EMB_O', 'EMB_O', 'EMB_O', 'EMB_O', 'EMB_O', 'EMB_O', 'EMB_O', 'EMB_O', 'EMB_O', 'EMB_O', 'OPN_B', 'OPN_E', 'EMB_O', 'EMB_O', 'EMB_O', 'EMB_O', 'EMB_O', 'EMB_O', 'EMB_O', 'EMB_O', 'EMB_O', 'EMB_O', 'EMB_O', 'EMB_O', 'EMB_O', 'EMB_O', 'EMB_O', 'EMB_O', 'EMB_O', 'EMB_O', 'EMB_O', 'EMB_O', 'EMB_O', 'EMB_O', 'EMB_O', 'EMB_O', 'EMB_O', 'EMB_O', 'EMB_P', 'EMB_P', 'EMB_P', 'EMB_P', 'EMB_P', 'EMB_P', 'EMB_P', 'EMB_P', 'EMB_P', 'EMB_P', 'EMB_P', 'EMB_P', 'EMB_P', 'EMB_P', 'EMB_P', 'EMB_P', 'EMB_P', 'EMB_P', 'EMB_P', 'EMB_P', 'EMB_P', 'EMB_P', 'EMB_P', 'EMB_P', 'EMB_P', 'EMB_P', 'EMB_P', 'EMB_P', 'EMB_P', 'EMB_P', 'EMB_P', 'EMB_P', 'EMB_P', 'EMB_P', 'EMB_P', 'EMB_P', 'EMB_P', 'EMB_P', 'EMB_P', 'EMB_P', 'EMB_P', 'EMB_P', 'EMB_P', 'EMB_P', 'EMB_P', 'EMB_P', 'EMB_P', 'EMB_P', 'EMB_P', 'EMB_P', 'EMB_P', 'EMB_P', 'EMB_P', 'EMB_P', 'EMB_P', 'EMB_P', 'EMB_P', 'EMB_P', 'EMB_P', 'EMB_P', 'EMB_P', 'EMB_P', 'EMB_P', 'EMB_P', 'EMB_P']"
102,девушка,не представившись,26887:10_1068,"Через пять минут подошла девушка, которая не представившись спросила о наших претензиях.",2.75,7.12,"['EMB_O', 'EMB_O', 'EMB_O', 'EMB_O', 'EMB_O', 'EMB_O', 'ASP_B', 'ASP_E', 'EMB_O', 'EMB_O', 'OPN_B', 'OPN_I', 'OPN_I', 'OPN_E', 'EMB_O', 'EMB_O', 'EMB_O', 'EMB_O', 'EMB_O', 'EMB_O', 'EMB_O', 'EMB_O', 'EMB_O', 'EMB_O', 'EMB_O', 'EMB_P', 'EMB_P', 'EMB_P', 'EMB_P', 'EMB_P', 'EMB_P', 'EMB_P', 'EMB_P', 'EMB_P', 'EMB_P', 'EMB_P', 'EMB_P', 'EMB_P', 'EMB_P', 'EMB_P', 'EMB_P', 'EMB_P', 'EMB_P', 'EMB_P', 'EMB_P', 'EMB_P', 'EMB_P', 'EMB_P', 'EMB_P', 'EMB_P', 'EMB_P', 'EMB_P', 'EMB_P', 'EMB_P', 'EMB_P', 'EMB_P', 'EMB_P', 'EMB_P', 'EMB_P', 'EMB_P', 'EMB_P', 'EMB_P', 'EMB_P', 'EMB_P', 'EMB_P', 'EMB_P', 'EMB_P', 'EMB_P', 'EMB_P', 'EMB_P', 'EMB_P', 'EMB_P', 'EMB_P', 'EMB_P', 'EMB_P', 'EMB_P', 'EMB_P', 'EMB_P', 'EMB_P', 'EMB_P', 'EMB_P', 'EMB_P', 'EMB_P', 'EMB_P', 'EMB_P', 'EMB_P', 'EMB_P', 'EMB_P', 'EMB_P', 'EMB_P', 'EMB_P', 'EMB_P', 'EMB_P', 'EMB_P', 'EMB_P', 'EMB_P', 'EMB_P', 'EMB_P', 'EMB_P', 'EMB_P', 'EMB_P', 'EMB_P', 'EMB_P', 'EMB_P', 'EMB_P', 'EMB_P', 'EMB_P', 'EMB_P', 'EMB_P', 'EMB_P', 'EMB_P', 'EMB_P', 'EMB_P', 'EMB_P', 'EMB_P', 'EMB_P', 'EMB_P', 'EMB_P', 'EMB_P', 'EMB_P', 'EMB_P', 'EMB_P', 'EMB_P', 'EMB_P', 'EMB_P', 'EMB_P', 'EMB_P', 'EMB_P']"
103,персонала,расхлябанность,26887:12_1069,"Для ресторана такого уровня не допустимо, чтобы расхлябанность и неисполнительность персонала сказывались на общем впечатлении о заведении.",2.2,7.3,"['EMB_O', 'EMB_O', 'OPN_S', 'EMB_O', 'EMB_O', 'EMB_O', 'EMB_O', 'EMB_O', 'EMB_O', 'EMB_O', 'EMB_O', 'EMB_O', 'EMB_O', 'EMB_O', 'EMB_O', 'OPN_B', 'OPN_I', 'OPN_I', 'OPN_I', 'OPN_E', 'EMB_O', 'EMB_O', 'EMB_O', 'EMB_O', 'EMB_O', 'EMB_O', 'EMB_O', 'ASP_B', 'ASP_I', 'ASP_E', 'EMB_O', 'EMB_O', 'EMB_O', 'EMB_O', 'EMB_O', 'EMB_O', 'EMB_O', 'EMB_O', 'EMB_O', 'EMB_O', 'EMB_O', 'EMB_O', 'EMB_O', 'EMB_O', 'EMB_O', 'EMB_O', 'EMB_O', 'EMB_P', 'EMB_P', 'EMB_P', 'EMB_P', 'EMB_P', 'EMB_P', 'EMB_P', 'EMB_P', 'EMB_P', 'EMB_P', 'EMB_P', 'EMB_P', 'EMB_P', 'EMB_P', 'EMB_P', 'EMB_P', 'EMB_P', 'EMB_P', 'EMB_P', 'EMB_P', 'EMB_P', 'EMB_P', 'EMB_P', 'EMB_P', 'EMB_P', 'EMB_P', 'EMB_P', 'EMB_P', 'EMB_P', 'EMB_P', 'EMB_P', 'EMB_P', 'EMB_P', 'EMB_P', 'EMB_P', 'EMB_P', 'EMB_P', 'EMB_P', 'EMB_P', 'EMB_P', 'EMB_P', 'EMB_P', 'EMB_P', 'EMB_P', 'EMB_P', 'EMB_P', 'EMB_P', 'EMB_P', 'EMB_P', 'EMB_P', 'EMB_P', 'EMB_P', 'EMB_P', 'EMB_P', 'EMB_P', 'EMB_P', 'EMB_P', 'EMB_P', 'EMB_P', 'EMB_P', 'EMB_P', 'EMB_P', 'EMB_P', 'EMB_P', 'EMB_P', 'EMB_P', 'EMB_P', 'EMB_P', 'EMB_P', 'EMB_P', 'EMB_P', 'EMB_P', 'EMB_P', 'EMB_P', 'EMB_P', 'EMB_P', 'EMB_P', 'EMB_P', 'EMB_P', 'EMB_P', 'EMB_P']"
104,заведении,не допустимо,26887:12_1069,"Для ресторана такого уровня не допустимо, чтобы расхлябанность и неисполнительность персонала сказывались на общем впечатлении о заведении.",2.25,7.25,"['EMB_O', 'EMB_O', 'EMB_O', 'EMB_O', 'EMB_O', 'EMB_O', 'EMB_O', 'OPN_B', 'OPN_I', 'OPN_I', 'OPN_I', 'OPN_E', 'EMB_O', 'EMB_O', 'EMB_O', 'EMB_O', 'EMB_O', 'EMB_O', 'EMB_O', 'EMB_O', 'EMB_O', 'EMB_O', 'EMB_O', 'EMB_O', 'EMB_O', 'EMB_O', 'EMB_O', 'EMB_O', 'EMB_O', 'EMB_O', 'EMB_O', 'EMB_O', 'EMB_O', 'EMB_O', 'EMB_O', 'EMB_O', 'EMB_O', 'EMB_O', 'EMB_O', 'EMB_O', 'EMB_O', 'EMB_O', 'ASP_B', 'ASP_I', 'ASP_E', 'EMB_O', 'EMB_O', 'EMB_P', 'EMB_P', 'EMB_P', 'EMB_P', 'EMB_P', 'EMB_P', 'EMB_P', 'EMB_P', 'EMB_P', 'EMB_P', 'EMB_P', 'EMB_P', 'EMB_P', 'EMB_P', 'EMB_P', 'EMB_P', 'EMB_P', 'EMB_P', 'EMB_P', 'EMB_P', 'EMB_P', 'EMB_P', 'EMB_P', 'EMB_P', 'EMB_P', 'EMB_P', 'EMB_P', 'EMB_P', 'EMB_P', 'EMB_P', 'EMB_P', 'EMB_P', 'EMB_P', 'EMB_P', 'EMB_P', 'EMB_P', 'EMB_P', 'EMB_P', 'EMB_P', 'EMB_P', 'EMB_P', 'EMB_P', 'EMB_P', 'EMB_P', 'EMB_P', 'EMB_P', 'EMB_P', 'EMB_P', 'EMB_P', 'EMB_P', 'EMB_P', 'EMB_P', 'EMB_P', 'EMB_P', 'EMB_P', 'EMB_P', 'EMB_P', 'EMB_P', 'EMB_P', 'EMB_P', 'EMB_P', 'EMB_P', 'EMB_P', 'EMB_P', 'EMB_P', 'EMB_P', 'EMB_P', 'EMB_P', 'EMB_P', 'EMB_P', 'EMB_P', 'EMB_P', 'EMB_P', 'EMB_P', 'EMB_P', 'EMB_P', 'EMB_P', 'EMB_P', 'EMB_P', 'EMB_P', 'EMB_P']"
105,обслуживание,очень понравилось,27040:3_1070,"В зале сидело столика 3 вместе с нами, обслуживание-очень понравилось!",7.7,7.2,"['EMB_O', 'EMB_O', 'EMB_O', 'EMB_O', 'EMB_O', 'EMB_O', 'EMB_O', 'EMB_O', 'EMB_O', 'EMB_O', 'EMB_O', 'EMB_O', 'EMB_O', 'EMB_O', 'EMB_O', 'ASP_B', 'ASP_I', 'ASP_I', 'ASP_E', 'EMB_O', 'OPN_B', 'OPN_I', 'OPN_I', 'OPN_I', 'OPN_E', 'EMB_O', 'EMB_O', 'EMB_P', 'EMB_P', 'EMB_P', 'EMB_P', 'EMB_P', 'EMB_P', 'EMB_P', 'EMB_P', 'EMB_P', 'EMB_P', 'EMB_P', 'EMB_P', 'EMB_P', 'EMB_P', 'EMB_P', 'EMB_P', 'EMB_P', 'EMB_P', 'EMB_P', 'EMB_P', 'EMB_P', 'EMB_P', 'EMB_P', 'EMB_P', 'EMB_P', 'EMB_P', 'EMB_P', 'EMB_P', 'EMB_P', 'EMB_P', 'EMB_P', 'EMB_P', 'EMB_P', 'EMB_P', 'EMB_P', 'EMB_P', 'EMB_P', 'EMB_P', 'EMB_P', 'EMB_P', 'EMB_P', 'EMB_P', 'EMB_P', 'EMB_P', 'EMB_P', 'EMB_P', 'EMB_P', 'EMB_P', 'EMB_P', 'EMB_P', 'EMB_P', 'EMB_P', 'EMB_P', 'EMB_P', 'EMB_P', 'EMB_P', 'EMB_P', 'EMB_P', 'EMB_P', 'EMB_P', 'EMB_P', 'EMB_P', 'EMB_P', 'EMB_P', 'EMB_P', 'EMB_P', 'EMB_P', 'EMB_P', 'EMB_P', 'EMB_P', 'EMB_P', 'EMB_P', 'EMB_P', 'EMB_P', 'EMB_P', 'EMB_P', 'EMB_P', 'EMB_P', 'EMB_P', 'EMB_P', 'EMB_P', 'EMB_P', 'EMB_P', 'EMB_P', 'EMB_P', 'EMB_P', 'EMB_P', 'EMB_P', 'EMB_P', 'EMB_P', 'EMB_P', 'EMB_P', 'EMB_P', 'EMB_P', 'EMB_P', 'EMB_P', 'EMB_P', 'EMB_P', 'EMB_P', 'EMB_P', 'EMB_P']"
106,официант,подходил очень часто,27040:4_1071,"Наш официант в течение всего вечера подходил очень часто, узнавал все ли хорошо и не желаем ли мы чего!",7.5,7.25,"['EMB_O', 'EMB_O', 'EMB_O', 'ASP_B', 'ASP_I', 'ASP_I', 'ASP_E', 'EMB_O', 'EMB_O', 'EMB_O', 'EMB_O', 'EMB_O', 'OPN_B', 'OPN_I', 'OPN_I', 'OPN_E', 'EMB_O', 'EMB_O', 'EMB_O', 'EMB_O', 'EMB_O', 'EMB_O', 'EMB_O', 'EMB_O', 'EMB_O', 'EMB_O', 'EMB_O', 'EMB_O', 'EMB_O', 'EMB_O', 'EMB_O', 'EMB_O', 'EMB_O', 'EMB_P', 'EMB_P', 'EMB_P', 'EMB_P', 'EMB_P', 'EMB_P', 'EMB_P', 'EMB_P', 'EMB_P', 'EMB_P', 'EMB_P', 'EMB_P', 'EMB_P', 'EMB_P', 'EMB_P', 'EMB_P', 'EMB_P', 'EMB_P', 'EMB_P', 'EMB_P', 'EMB_P', 'EMB_P', 'EMB_P', 'EMB_P', 'EMB_P', 'EMB_P', 'EMB_P', 'EMB_P', 'EMB_P', 'EMB_P', 'EMB_P', 'EMB_P', 'EMB_P', 'EMB_P', 'EMB_P', 'EMB_P', 'EMB_P', 'EMB_P', 'EMB_P', 'EMB_P', 'EMB_P', 'EMB_P', 'EMB_P', 'EMB_P', 'EMB_P', 'EMB_P', 'EMB_P', 'EMB_P', 'EMB_P', 'EMB_P', 'EMB_P', 'EMB_P', 'EMB_P', 'EMB_P', 'EMB_P', 'EMB_P', 'EMB_P', 'EMB_P', 'EMB_P', 'EMB_P', 'EMB_P', 'EMB_P', 'EMB_P', 'EMB_P', 'EMB_P', 'EMB_P', 'EMB_P', 'EMB_P', 'EMB_P', 'EMB_P', 'EMB_P', 'EMB_P', 'EMB_P', 'EMB_P', 'EMB_P', 'EMB_P', 'EMB_P', 'EMB_P', 'EMB_P', 'EMB_P', 'EMB_P', 'EMB_P', 'EMB_P', 'EMB_P', 'EMB_P', 'EMB_P', 'EMB_P', 'EMB_P', 'EMB_P', 'EMB_P', 'EMB_P', 'EMB_P', 'EMB_P', 'EMB_P', 'EMB_P']"
107,Кальян,супер,27040:5_1072,Кальян-супер!,8.2,8.0,"['EMB_O', 'ASP_B', 'ASP_I', 'ASP_E', 'EMB_O', 'OPN_B', 'OPN_E', 'EMB_O', 'EMB_O', 'EMB_P', 'EMB_P', 'EMB_P', 'EMB_P', 'EMB_P', 'EMB_P', 'EMB_P', 'EMB_P', 'EMB_P', 'EMB_P', 'EMB_P', 'EMB_P', 'EMB_P', 'EMB_P', 'EMB_P', 'EMB_P', 'EMB_P', 'EMB_P', 'EMB_P', 'EMB_P', 'EMB_P', 'EMB_P', 'EMB_P', 'EMB_P', 'EMB_P', 'EMB_P', 'EMB_P', 'EMB_P', 'EMB_P', 'EMB_P', 'EMB_P', 'EMB_P', 'EMB_P', 'EMB_P', 'EMB_P', 'EMB_P', 'EMB_P', 'EMB_P', 'EMB_P', 'EMB_P', 'EMB_P', 'EMB_P', 'EMB_P', 'EMB_P', 'EMB_P', 'EMB_P', 'EMB_P', 'EMB_P', 'EMB_P', 'EMB_P', 'EMB_P', 'EMB_P', 'EMB_P', 'EMB_P', 'EMB_P', 'EMB_P', 'EMB_P', 'EMB_P', 'EMB_P', 'EMB_P', 'EMB_P', 'EMB_P', 'EMB_P', 'EMB_P', 'EMB_P', 'EMB_P', 'EMB_P', 'EMB_P', 'EMB_P', 'EMB_P', 'EMB_P', 'EMB_P', 'EMB_P', 'EMB_P', 'EMB_P', 'EMB_P', 'EMB_P', 'EMB_P', 'EMB_P', 'EMB_P', 'EMB_P', 'EMB_P', 'EMB_P', 'EMB_P', 'EMB_P', 'EMB_P', 'EMB_P', 'EMB_P', 'EMB_P', 'EMB_P', 'EMB_P', 'EMB_P', 'EMB_P', 'EMB_P', 'EMB_P', 'EMB_P', 'EMB_P', 'EMB_P', 'EMB_P', 'EMB_P', 'EMB_P', 'EMB_P', 'EMB_P', 'EMB_P', 'EMB_P', 'EMB_P', 'EMB_P', 'EMB_P', 'EMB_P', 'EMB_P', 'EMB_P', 'EMB_P', 'EMB_P', 'EMB_P', 'EMB_P', 'EMB_P', 'EMB_P', 'EMB_P', 'EMB_P']"
108,закуски-крылья,очень понравилось,27040:6_1073,"Заказывали закуски-крылья, сырные шарики, фрукты-все очень понравилось!!!",8.1,7.7,"['EMB_O', 'EMB_O', 'EMB_O', 'EMB_O', 'ASP_B', 'ASP_I', 'ASP_I', 'ASP_I', 'ASP_I', 'ASP_I', 'ASP_E', 'EMB_O', 'EMB_O', 'EMB_O', 'EMB_O', 'EMB_O', 'EMB_O', 'EMB_O', 'EMB_O', 'EMB_O', 'EMB_O', 'EMB_O', 'EMB_O', 'OPN_B', 'OPN_I', 'OPN_I', 'OPN_I', 'OPN_E', 'EMB_O', 'EMB_O', 'EMB_O', 'EMB_O', 'EMB_P', 'EMB_P', 'EMB_P', 'EMB_P', 'EMB_P', 'EMB_P', 'EMB_P', 'EMB_P', 'EMB_P', 'EMB_P', 'EMB_P', 'EMB_P', 'EMB_P', 'EMB_P', 'EMB_P', 'EMB_P', 'EMB_P', 'EMB_P', 'EMB_P', 'EMB_P', 'EMB_P', 'EMB_P', 'EMB_P', 'EMB_P', 'EMB_P', 'EMB_P', 'EMB_P', 'EMB_P', 'EMB_P', 'EMB_P', 'EMB_P', 'EMB_P', 'EMB_P', 'EMB_P', 'EMB_P', 'EMB_P', 'EMB_P', 'EMB_P', 'EMB_P', 'EMB_P', 'EMB_P', 'EMB_P', 'EMB_P', 'EMB_P', 'EMB_P', 'EMB_P', 'EMB_P', 'EMB_P', 'EMB_P', 'EMB_P', 'EMB_P', 'EMB_P', 'EMB_P', 'EMB_P', 'EMB_P', 'EMB_P', 'EMB_P', 'EMB_P', 'EMB_P', 'EMB_P', 'EMB_P', 'EMB_P', 'EMB_P', 'EMB_P', 'EMB_P', 'EMB_P', 'EMB_P', 'EMB_P', 'EMB_P', 'EMB_P', 'EMB_P', 'EMB_P', 'EMB_P', 'EMB_P', 'EMB_P', 'EMB_P', 'EMB_P', 'EMB_P', 'EMB_P', 'EMB_P', 'EMB_P', 'EMB_P', 'EMB_P', 'EMB_P', 'EMB_P', 'EMB_P', 'EMB_P', 'EMB_P', 'EMB_P', 'EMB_P', 'EMB_P', 'EMB_P', 'EMB_P', 'EMB_P', 'EMB_P', 'EMB_P']"
109,сырные шарики,очень понравилось,27040:6_1073,"Заказывали закуски-крылья, сырные шарики, фрукты-все очень понравилось!!!",8.1,7.7,"['EMB_O', 'EMB_O', 'EMB_O', 'EMB_O', 'EMB_O', 'EMB_O', 'EMB_O', 'EMB_O', 'EMB_O', 'EMB_O', 'EMB_O', 'EMB_O', 'ASP_B', 'ASP_I', 'ASP_I', 'ASP_I', 'ASP_E', 'EMB_O', 'EMB_O', 'EMB_O', 'EMB_O', 'EMB_O', 'EMB_O', 'OPN_B', 'OPN_I', 'OPN_I', 'OPN_I', 'OPN_E', 'EMB_O', 'EMB_O', 'EMB_O', 'EMB_O', 'EMB_P', 'EMB_P', 'EMB_P', 'EMB_P', 'EMB_P', 'EMB_P', 'EMB_P', 'EMB_P', 'EMB_P', 'EMB_P', 'EMB_P', 'EMB_P', 'EMB_P', 'EMB_P', 'EMB_P', 'EMB_P', 'EMB_P', 'EMB_P', 'EMB_P', 'EMB_P', 'EMB_P', 'EMB_P', 'EMB_P', 'EMB_P', 'EMB_P', 'EMB_P', 'EMB_P', 'EMB_P', 'EMB_P', 'EMB_P', 'EMB_P', 'EMB_P', 'EMB_P', 'EMB_P', 'EMB_P', 'EMB_P', 'EMB_P', 'EMB_P', 'EMB_P', 'EMB_P', 'EMB_P', 'EMB_P', 'EMB_P', 'EMB_P', 'EMB_P', 'EMB_P', 'EMB_P', 'EMB_P', 'EMB_P', 'EMB_P', 'EMB_P', 'EMB_P', 'EMB_P', 'EMB_P', 'EMB_P', 'EMB_P', 'EMB_P', 'EMB_P', 'EMB_P', 'EMB_P', 'EMB_P', 'EMB_P', 'EMB_P', 'EMB_P', 'EMB_P', 'EMB_P', 'EMB_P', 'EMB_P', 'EMB_P', 'EMB_P', 'EMB_P', 'EMB_P', 'EMB_P', 'EMB_P', 'EMB_P', 'EMB_P', 'EMB_P', 'EMB_P', 'EMB_P', 'EMB_P', 'EMB_P', 'EMB_P', 'EMB_P', 'EMB_P', 'EMB_P', 'EMB_P', 'EMB_P', 'EMB_P', 'EMB_P', 'EMB_P', 'EMB_P', 'EMB_P', 'EMB_P', 'EMB_P', 'EMB_P', 'EMB_P']"
110,фрукты,очень понравилось,27040:6_1073,"Заказывали закуски-крылья, сырные шарики, фрукты-все очень понравилось!!!",8.1,7.7,"['EMB_O', 'EMB_O', 'EMB_O', 'EMB_O', 'EMB_O', 'EMB_O', 'EMB_O', 'EMB_O', 'EMB_O', 'EMB_O', 'EMB_O', 'EMB_O', 'EMB_O', 'EMB_O', 'EMB_O', 'EMB_O', 'EMB_O', 'EMB_O', 'ASP_B', 'ASP_I', 'ASP_E', 'EMB_O', 'EMB_O', 'OPN_B', 'OPN_I', 'OPN_I', 'OPN_I', 'OPN_E', 'EMB_O', 'EMB_O', 'EMB_O', 'EMB_O', 'EMB_P', 'EMB_P', 'EMB_P', 'EMB_P', 'EMB_P', 'EMB_P', 'EMB_P', 'EMB_P', 'EMB_P', 'EMB_P', 'EMB_P', 'EMB_P', 'EMB_P', 'EMB_P', 'EMB_P', 'EMB_P', 'EMB_P', 'EMB_P', 'EMB_P', 'EMB_P', 'EMB_P', 'EMB_P', 'EMB_P', 'EMB_P', 'EMB_P', 'EMB_P', 'EMB_P', 'EMB_P', 'EMB_P', 'EMB_P', 'EMB_P', 'EMB_P', 'EMB_P', 'EMB_P', 'EMB_P', 'EMB_P', 'EMB_P', 'EMB_P', 'EMB_P', 'EMB_P', 'EMB_P', 'EMB_P', 'EMB_P', 'EMB_P', 'EMB_P', 'EMB_P', 'EMB_P', 'EMB_P', 'EMB_P', 'EMB_P', 'EMB_P', 'EMB_P', 'EMB_P', 'EMB_P', 'EMB_P', 'EMB_P', 'EMB_P', 'EMB_P', 'EMB_P', 'EMB_P', 'EMB_P', 'EMB_P', 'EMB_P', 'EMB_P', 'EMB_P', 'EMB_P', 'EMB_P', 'EMB_P', 'EMB_P', 'EMB_P', 'EMB_P', 'EMB_P', 'EMB_P', 'EMB_P', 'EMB_P', 'EMB_P', 'EMB_P', 'EMB_P', 'EMB_P', 'EMB_P', 'EMB_P', 'EMB_P', 'EMB_P', 'EMB_P', 'EMB_P', 'EMB_P', 'EMB_P', 'EMB_P', 'EMB_P', 'EMB_P', 'EMB_P', 'EMB_P', 'EMB_P', 'EMB_P', 'EMB_P', 'EMB_P']"
111,место,замечательное,27169:4_1074,А 31 мая посетили с друзьями это замечательное место!,7.8,7.4,"['EMB_O', 'EMB_O', 'EMB_O', 'EMB_O', 'EMB_O', 'EMB_O', 'EMB_O', 'EMB_O', 'EMB_O', 'EMB_O', 'EMB_O', 'OPN_B', 'OPN_I', 'OPN_I', 'OPN_I', 'OPN_E', 'ASP_S', 'EMB_O', 'EMB_O', 'EMB_P', 'EMB_P', 'EMB_P', 'EMB_P', 'EMB_P', 'EMB_P', 'EMB_P', 'EMB_P', 'EMB_P', 'EMB_P', 'EMB_P', 'EMB_P', 'EMB_P', 'EMB_P', 'EMB_P', 'EMB_P', 'EMB_P', 'EMB_P', 'EMB_P', 'EMB_P', 'EMB_P', 'EMB_P', 'EMB_P', 'EMB_P', 'EMB_P', 'EMB_P', 'EMB_P', 'EMB_P', 'EMB_P', 'EMB_P', 'EMB_P', 'EMB_P', 'EMB_P', 'EMB_P', 'EMB_P', 'EMB_P', 'EMB_P', 'EMB_P', 'EMB_P', 'EMB_P', 'EMB_P', 'EMB_P', 'EMB_P', 'EMB_P', 'EMB_P', 'EMB_P', 'EMB_P', 'EMB_P', 'EMB_P', 'EMB_P', 'EMB_P', 'EMB_P', 'EMB_P', 'EMB_P', 'EMB_P', 'EMB_P', 'EMB_P', 'EMB_P', 'EMB_P', 'EMB_P', 'EMB_P', 'EMB_P', 'EMB_P', 'EMB_P', 'EMB_P', 'EMB_P', 'EMB_P', 'EMB_P', 'EMB_P', 'EMB_P', 'EMB_P', 'EMB_P', 'EMB_P', 'EMB_P', 'EMB_P', 'EMB_P', 'EMB_P', 'EMB_P', 'EMB_P', 'EMB_P', 'EMB_P', 'EMB_P', 'EMB_P', 'EMB_P', 'EMB_P', 'EMB_P', 'EMB_P', 'EMB_P', 'EMB_P', 'EMB_P', 'EMB_P', 'EMB_P', 'EMB_P', 'EMB_P', 'EMB_P', 'EMB_P', 'EMB_P', 'EMB_P', 'EMB_P', 'EMB_P', 'EMB_P', 'EMB_P', 'EMB_P', 'EMB_P', 'EMB_P', 'EMB_P', 'EMB_P', 'EMB_P', 'EMB_P']"
112,Интерьер,превзошли все ожидания,27169:6_1075,"Интерьер средневекового замка, обстановка, обслуживание превзошли все ожидания.",8.0,7.33,"['EMB_O', 'ASP_B', 'ASP_I', 'ASP_E', 'EMB_O', 'EMB_O', 'EMB_O', 'EMB_O', 'EMB_O', 'EMB_O', 'EMB_O', 'EMB_O', 'EMB_O', 'EMB_O', 'EMB_O', 'EMB_O', 'EMB_O', 'EMB_O', 'OPN_B', 'OPN_I', 'OPN_I', 'OPN_I', 'OPN_I', 'OPN_I', 'OPN_I', 'OPN_E', 'EMB_O', 'EMB_O', 'EMB_P', 'EMB_P', 'EMB_P', 'EMB_P', 'EMB_P', 'EMB_P', 'EMB_P', 'EMB_P', 'EMB_P', 'EMB_P', 'EMB_P', 'EMB_P', 'EMB_P', 'EMB_P', 'EMB_P', 'EMB_P', 'EMB_P', 'EMB_P', 'EMB_P', 'EMB_P', 'EMB_P', 'EMB_P', 'EMB_P', 'EMB_P', 'EMB_P', 'EMB_P', 'EMB_P', 'EMB_P', 'EMB_P', 'EMB_P', 'EMB_P', 'EMB_P', 'EMB_P', 'EMB_P', 'EMB_P', 'EMB_P', 'EMB_P', 'EMB_P', 'EMB_P', 'EMB_P', 'EMB_P', 'EMB_P', 'EMB_P', 'EMB_P', 'EMB_P', 'EMB_P', 'EMB_P', 'EMB_P', 'EMB_P', 'EMB_P', 'EMB_P', 'EMB_P', 'EMB_P', 'EMB_P', 'EMB_P', 'EMB_P', 'EMB_P', 'EMB_P', 'EMB_P', 'EMB_P', 'EMB_P', 'EMB_P', 'EMB_P', 'EMB_P', 'EMB_P', 'EMB_P', 'EMB_P', 'EMB_P', 'EMB_P', 'EMB_P', 'EMB_P', 'EMB_P', 'EMB_P', 'EMB_P', 'EMB_P', 'EMB_P', 'EMB_P', 'EMB_P', 'EMB_P', 'EMB_P', 'EMB_P', 'EMB_P', 'EMB_P', 'EMB_P', 'EMB_P', 'EMB_P', 'EMB_P', 'EMB_P', 'EMB_P', 'EMB_P', 'EMB_P', 'EMB_P', 'EMB_P', 'EMB_P', 'EMB_P', 'EMB_P', 'EMB_P', 'EMB_P', 'EMB_P', 'EMB_P']"
113,обстановка,превзошли все ожидания,27169:6_1075,"Интерьер средневекового замка, обстановка, обслуживание превзошли все ожидания.",8.0,7.33,"['EMB_O', 'EMB_O', 'EMB_O', 'EMB_O', 'EMB_O', 'EMB_O', 'EMB_O', 'EMB_O', 'EMB_O', 'EMB_O', 'ASP_B', 'ASP_I', 'ASP_E', 'EMB_O', 'EMB_O', 'EMB_O', 'EMB_O', 'EMB_O', 'OPN_B', 'OPN_I', 'OPN_I', 'OPN_I', 'OPN_I', 'OPN_I', 'OPN_I', 'OPN_E', 'EMB_O', 'EMB_O', 'EMB_P', 'EMB_P', 'EMB_P', 'EMB_P', 'EMB_P', 'EMB_P', 'EMB_P', 'EMB_P', 'EMB_P', 'EMB_P', 'EMB_P', 'EMB_P', 'EMB_P', 'EMB_P', 'EMB_P', 'EMB_P', 'EMB_P', 'EMB_P', 'EMB_P', 'EMB_P', 'EMB_P', 'EMB_P', 'EMB_P', 'EMB_P', 'EMB_P', 'EMB_P', 'EMB_P', 'EMB_P', 'EMB_P', 'EMB_P', 'EMB_P', 'EMB_P', 'EMB_P', 'EMB_P', 'EMB_P', 'EMB_P', 'EMB_P', 'EMB_P', 'EMB_P', 'EMB_P', 'EMB_P', 'EMB_P', 'EMB_P', 'EMB_P', 'EMB_P', 'EMB_P', 'EMB_P', 'EMB_P', 'EMB_P', 'EMB_P', 'EMB_P', 'EMB_P', 'EMB_P', 'EMB_P', 'EMB_P', 'EMB_P', 'EMB_P', 'EMB_P', 'EMB_P', 'EMB_P', 'EMB_P', 'EMB_P', 'EMB_P', 'EMB_P', 'EMB_P', 'EMB_P', 'EMB_P', 'EMB_P', 'EMB_P', 'EMB_P', 'EMB_P', 'EMB_P', 'EMB_P', 'EMB_P', 'EMB_P', 'EMB_P', 'EMB_P', 'EMB_P', 'EMB_P', 'EMB_P', 'EMB_P', 'EMB_P', 'EMB_P', 'EMB_P', 'EMB_P', 'EMB_P', 'EMB_P', 'EMB_P', 'EMB_P', 'EMB_P', 'EMB_P', 'EMB_P', 'EMB_P', 'EMB_P', 'EMB_P', 'EMB_P', 'EMB_P', 'EMB_P', 'EMB_P', 'EMB_P']"
114,обслуживание,превзошли все ожидания,27169:6_1075,"Интерьер средневекового замка, обстановка, обслуживание превзошли все ожидания.",8.0,7.33,"['EMB_O', 'EMB_O', 'EMB_O', 'EMB_O', 'EMB_O', 'EMB_O', 'EMB_O', 'EMB_O', 'EMB_O', 'EMB_O', 'ASP_S', 'EMB_O', 'EMB_O', 'EMB_O', 'EMB_O', 'ASP_B', 'ASP_I', 'ASP_E', 'OPN_B', 'OPN_I', 'OPN_I', 'OPN_I', 'OPN_I', 'OPN_I', 'OPN_I', 'OPN_E', 'EMB_O', 'EMB_O', 'EMB_P', 'EMB_P', 'EMB_P', 'EMB_P', 'EMB_P', 'EMB_P', 'EMB_P', 'EMB_P', 'EMB_P', 'EMB_P', 'EMB_P', 'EMB_P', 'EMB_P', 'EMB_P', 'EMB_P', 'EMB_P', 'EMB_P', 'EMB_P', 'EMB_P', 'EMB_P', 'EMB_P', 'EMB_P', 'EMB_P', 'EMB_P', 'EMB_P', 'EMB_P', 'EMB_P', 'EMB_P', 'EMB_P', 'EMB_P', 'EMB_P', 'EMB_P', 'EMB_P', 'EMB_P', 'EMB_P', 'EMB_P', 'EMB_P', 'EMB_P', 'EMB_P', 'EMB_P', 'EMB_P', 'EMB_P', 'EMB_P', 'EMB_P', 'EMB_P', 'EMB_P', 'EMB_P', 'EMB_P', 'EMB_P', 'EMB_P', 'EMB_P', 'EMB_P', 'EMB_P', 'EMB_P', 'EMB_P', 'EMB_P', 'EMB_P', 'EMB_P', 'EMB_P', 'EMB_P', 'EMB_P', 'EMB_P', 'EMB_P', 'EMB_P', 'EMB_P', 'EMB_P', 'EMB_P', 'EMB_P', 'EMB_P', 'EMB_P', 'EMB_P', 'EMB_P', 'EMB_P', 'EMB_P', 'EMB_P', 'EMB_P', 'EMB_P', 'EMB_P', 'EMB_P', 'EMB_P', 'EMB_P', 'EMB_P', 'EMB_P', 'EMB_P', 'EMB_P', 'EMB_P', 'EMB_P', 'EMB_P', 'EMB_P', 'EMB_P', 'EMB_P', 'EMB_P', 'EMB_P', 'EMB_P', 'EMB_P', 'EMB_P', 'EMB_P', 'EMB_P', 'EMB_P', 'EMB_P']"
115,блюда,очень вкусно,27169:7_1076,"Цены приемлемые, блюда оригинально,со вкусом оформлены, и, самое главное, всё очень вкусно, порции хорошие.",7.62,6.88,"['EMB_O', 'EMB_O', 'EMB_O', 'EMB_O', 'EMB_O', 'EMB_O', 'EMB_O', 'EMB_O', 'ASP_B', 'ASP_I', 'ASP_E', 'EMB_O', 'EMB_O', 'EMB_O', 'EMB_O', 'EMB_O', 'EMB_O', 'EMB_O', 'EMB_O', 'EMB_O', 'EMB_O', 'EMB_O', 'EMB_O', 'EMB_O', 'EMB_O', 'EMB_O', 'EMB_O', 'EMB_O', 'EMB_O', 'EMB_O', 'EMB_O', 'EMB_O', 'OPN_B', 'OPN_I', 'OPN_I', 'OPN_E', 'EMB_O', 'EMB_O', 'EMB_O', 'EMB_O', 'EMB_O', 'EMB_O', 'EMB_O', 'EMB_O', 'EMB_P', 'EMB_P', 'EMB_P', 'EMB_P', 'EMB_P', 'EMB_P', 'EMB_P', 'EMB_P', 'EMB_P', 'EMB_P', 'EMB_P', 'EMB_P', 'EMB_P', 'EMB_P', 'EMB_P', 'EMB_P', 'EMB_P', 'EMB_P', 'EMB_P', 'EMB_P', 'EMB_P', 'EMB_P', 'EMB_P', 'EMB_P', 'EMB_P', 'EMB_P', 'EMB_P', 'EMB_P', 'EMB_P', 'EMB_P', 'EMB_P', 'EMB_P', 'EMB_P', 'EMB_P', 'EMB_P', 'EMB_P', 'EMB_P', 'EMB_P', 'EMB_P', 'EMB_P', 'EMB_P', 'EMB_P', 'EMB_P', 'EMB_P', 'EMB_P', 'EMB_P', 'EMB_P', 'EMB_P', 'EMB_P', 'EMB_P', 'EMB_P', 'EMB_P', 'EMB_P', 'EMB_P', 'EMB_P', 'EMB_P', 'EMB_P', 'EMB_P', 'EMB_P', 'EMB_P', 'EMB_P', 'EMB_P', 'EMB_P', 'EMB_P', 'EMB_P', 'EMB_P', 'EMB_P', 'EMB_P', 'EMB_P', 'EMB_P', 'EMB_P', 'EMB_P', 'EMB_P', 'EMB_P', 'EMB_P', 'EMB_P', 'EMB_P', 'EMB_P', 'EMB_P', 'EMB_P', 'EMB_P', 'EMB_P', 'EMB_P', 'EMB_P']"
116,порции,хорошие,27169:7_1076,"Цены приемлемые, блюда оригинально,со вкусом оформлены, и, самое главное, всё очень вкусно, порции хорошие.",6.8,6.2,"['EMB_O', 'EMB_O', 'EMB_O', 'EMB_O', 'EMB_O', 'EMB_O', 'EMB_O', 'EMB_O', 'EMB_O', 'EMB_O', 'EMB_O', 'EMB_O', 'EMB_O', 'EMB_O', 'EMB_O', 'EMB_O', 'EMB_O', 'EMB_O', 'EMB_O', 'EMB_O', 'EMB_O', 'EMB_O', 'EMB_O', 'EMB_O', 'EMB_O', 'EMB_O', 'EMB_O', 'EMB_O', 'EMB_O', 'EMB_O', 'EMB_O', 'EMB_O', 'EMB_O', 'EMB_O', 'EMB_O', 'EMB_O', 'EMB_O', 'ASP_B', 'ASP_E', 'OPN_B', 'OPN_I', 'OPN_E', 'EMB_O', 'EMB_O', 'EMB_P', 'EMB_P', 'EMB_P', 'EMB_P', 'EMB_P', 'EMB_P', 'EMB_P', 'EMB_P', 'EMB_P', 'EMB_P', 'EMB_P', 'EMB_P', 'EMB_P', 'EMB_P', 'EMB_P', 'EMB_P', 'EMB_P', 'EMB_P', 'EMB_P', 'EMB_P', 'EMB_P', 'EMB_P', 'EMB_P', 'EMB_P', 'EMB_P', 'EMB_P', 'EMB_P', 'EMB_P', 'EMB_P', 'EMB_P', 'EMB_P', 'EMB_P', 'EMB_P', 'EMB_P', 'EMB_P', 'EMB_P', 'EMB_P', 'EMB_P', 'EMB_P', 'EMB_P', 'EMB_P', 'EMB_P', 'EMB_P', 'EMB_P', 'EMB_P', 'EMB_P', 'EMB_P', 'EMB_P', 'EMB_P', 'EMB_P', 'EMB_P', 'EMB_P', 'EMB_P', 'EMB_P', 'EMB_P', 'EMB_P', 'EMB_P', 'EMB_P', 'EMB_P', 'EMB_P', 'EMB_P', 'EMB_P', 'EMB_P', 'EMB_P', 'EMB_P', 'EMB_P', 'EMB_P', 'EMB_P', 'EMB_P', 'EMB_P', 'EMB_P', 'EMB_P', 'EMB_P', 'EMB_P', 'EMB_P', 'EMB_P', 'EMB_P', 'EMB_P', 'EMB_P', 'EMB_P', 'EMB_P', 'EMB_P', 'EMB_P', 'EMB_P']"
117,продукты,свежие,27169:8_1077,"Сразу было видно, что все продукты свежие!",6.9,6.3,"['EMB_O', 'EMB_O', 'EMB_O', 'EMB_O', 'EMB_O', 'EMB_O', 'EMB_O', 'EMB_O', 'EMB_O', 'ASP_B', 'ASP_E', 'OPN_B', 'OPN_E', 'EMB_O', 'EMB_O', 'EMB_P', 'EMB_P', 'EMB_P', 'EMB_P', 'EMB_P', 'EMB_P', 'EMB_P', 'EMB_P', 'EMB_P', 'EMB_P', 'EMB_P', 'EMB_P', 'EMB_P', 'EMB_P', 'EMB_P', 'EMB_P', 'EMB_P', 'EMB_P', 'EMB_P', 'EMB_P', 'EMB_P', 'EMB_P', 'EMB_P', 'EMB_P', 'EMB_P', 'EMB_P', 'EMB_P', 'EMB_P', 'EMB_P', 'EMB_P', 'EMB_P', 'EMB_P', 'EMB_P', 'EMB_P', 'EMB_P', 'EMB_P', 'EMB_P', 'EMB_P', 'EMB_P', 'EMB_P', 'EMB_P', 'EMB_P', 'EMB_P', 'EMB_P', 'EMB_P', 'EMB_P', 'EMB_P', 'EMB_P', 'EMB_P', 'EMB_P', 'EMB_P', 'EMB_P', 'EMB_P', 'EMB_P', 'EMB_P', 'EMB_P', 'EMB_P', 'EMB_P', 'EMB_P', 'EMB_P', 'EMB_P', 'EMB_P', 'EMB_P', 'EMB_P', 'EMB_P', 'EMB_P', 'EMB_P', 'EMB_P', 'EMB_P', 'EMB_P', 'EMB_P', 'EMB_P', 'EMB_P', 'EMB_P', 'EMB_P', 'EMB_P', 'EMB_P', 'EMB_P', 'EMB_P', 'EMB_P', 'EMB_P', 'EMB_P', 'EMB_P', 'EMB_P', 'EMB_P', 'EMB_P', 'EMB_P', 'EMB_P', 'EMB_P', 'EMB_P', 'EMB_P', 'EMB_P', 'EMB_P', 'EMB_P', 'EMB_P', 'EMB_P', 'EMB_P', 'EMB_P', 'EMB_P', 'EMB_P', 'EMB_P', 'EMB_P', 'EMB_P', 'EMB_P', 'EMB_P', 'EMB_P', 'EMB_P', 'EMB_P', 'EMB_P', 'EMB_P', 'EMB_P', 'EMB_P', 'EMB_P']"
118,блюде,неравнодушное,27169:9_1078,В каждом блюде замечаешь неравнодушное отношение его автора.,7.0,6.5,"['EMB_O', 'EMB_O', 'EMB_O', 'ASP_B', 'ASP_I', 'ASP_E', 'EMB_O', 'EMB_O', 'EMB_O', 'EMB_O', 'OPN_B', 'OPN_I', 'OPN_I', 'OPN_I', 'OPN_I', 'OPN_E', 'EMB_O', 'EMB_O', 'EMB_O', 'EMB_O', 'EMB_O', 'EMB_P', 'EMB_P', 'EMB_P', 'EMB_P', 'EMB_P', 'EMB_P', 'EMB_P', 'EMB_P', 'EMB_P', 'EMB_P', 'EMB_P', 'EMB_P', 'EMB_P', 'EMB_P', 'EMB_P', 'EMB_P', 'EMB_P', 'EMB_P', 'EMB_P', 'EMB_P', 'EMB_P', 'EMB_P', 'EMB_P', 'EMB_P', 'EMB_P', 'EMB_P', 'EMB_P', 'EMB_P', 'EMB_P', 'EMB_P', 'EMB_P', 'EMB_P', 'EMB_P', 'EMB_P', 'EMB_P', 'EMB_P', 'EMB_P', 'EMB_P', 'EMB_P', 'EMB_P', 'EMB_P', 'EMB_P', 'EMB_P', 'EMB_P', 'EMB_P', 'EMB_P', 'EMB_P', 'EMB_P', 'EMB_P', 'EMB_P', 'EMB_P', 'EMB_P', 'EMB_P', 'EMB_P', 'EMB_P', 'EMB_P', 'EMB_P', 'EMB_P', 'EMB_P', 'EMB_P', 'EMB_P', 'EMB_P', 'EMB_P', 'EMB_P', 'EMB_P', 'EMB_P', 'EMB_P', 'EMB_P', 'EMB_P', 'EMB_P', 'EMB_P', 'EMB_P', 'EMB_P', 'EMB_P', 'EMB_P', 'EMB_P', 'EMB_P', 'EMB_P', 'EMB_P', 'EMB_P', 'EMB_P', 'EMB_P', 'EMB_P', 'EMB_P', 'EMB_P', 'EMB_P', 'EMB_P', 'EMB_P', 'EMB_P', 'EMB_P', 'EMB_P', 'EMB_P', 'EMB_P', 'EMB_P', 'EMB_P', 'EMB_P', 'EMB_P', 'EMB_P', 'EMB_P', 'EMB_P', 'EMB_P', 'EMB_P', 'EMB_P', 'EMB_P', 'EMB_P', 'EMB_P', 'EMB_P']"
119,персонал,Очень порадовал,27169:10_1079,"Очень порадовал персонал: администраторы Елена, Марина, официант Николай.",8.0,7.62,"['EMB_O', 'OPN_B', 'OPN_I', 'OPN_I', 'OPN_I', 'OPN_E', 'ASP_B', 'ASP_I', 'ASP_E', 'EMB_O', 'EMB_O', 'EMB_O', 'EMB_O', 'EMB_O', 'EMB_O', 'EMB_O', 'EMB_O', 'EMB_O', 'EMB_O', 'EMB_O', 'EMB_O', 'EMB_O', 'EMB_O', 'EMB_O', 'EMB_O', 'EMB_O', 'EMB_P', 'EMB_P', 'EMB_P', 'EMB_P', 'EMB_P', 'EMB_P', 'EMB_P', 'EMB_P', 'EMB_P', 'EMB_P', 'EMB_P', 'EMB_P', 'EMB_P', 'EMB_P', 'EMB_P', 'EMB_P', 'EMB_P', 'EMB_P', 'EMB_P', 'EMB_P', 'EMB_P', 'EMB_P', 'EMB_P', 'EMB_P', 'EMB_P', 'EMB_P', 'EMB_P', 'EMB_P', 'EMB_P', 'EMB_P', 'EMB_P', 'EMB_P', 'EMB_P', 'EMB_P', 'EMB_P', 'EMB_P', 'EMB_P', 'EMB_P', 'EMB_P', 'EMB_P', 'EMB_P', 'EMB_P', 'EMB_P', 'EMB_P', 'EMB_P', 'EMB_P', 'EMB_P', 'EMB_P', 'EMB_P', 'EMB_P', 'EMB_P', 'EMB_P', 'EMB_P', 'EMB_P', 'EMB_P', 'EMB_P', 'EMB_P', 'EMB_P', 'EMB_P', 'EMB_P', 'EMB_P', 'EMB_P', 'EMB_P', 'EMB_P', 'EMB_P', 'EMB_P', 'EMB_P', 'EMB_P', 'EMB_P', 'EMB_P', 'EMB_P', 'EMB_P', 'EMB_P', 'EMB_P', 'EMB_P', 'EMB_P', 'EMB_P', 'EMB_P', 'EMB_P', 'EMB_P', 'EMB_P', 'EMB_P', 'EMB_P', 'EMB_P', 'EMB_P', 'EMB_P', 'EMB_P', 'EMB_P', 'EMB_P', 'EMB_P', 'EMB_P', 'EMB_P', 'EMB_P', 'EMB_P', 'EMB_P', 'EMB_P', 'EMB_P', 'EMB_P', 'EMB_P', 'EMB_P', 'EMB_P', 'EMB_P']"
120,администраторы,Очень порадовал,27169:10_1079,"Очень порадовал персонал: администраторы Елена, Марина, официант Николай.",8.0,7.62,"['EMB_O', 'OPN_B', 'OPN_I', 'OPN_I', 'OPN_I', 'OPN_E', 'EMB_O', 'EMB_O', 'EMB_O', 'EMB_O', 'ASP_B', 'ASP_I', 'ASP_I', 'ASP_I', 'ASP_E', 'EMB_O', 'EMB_O', 'EMB_O', 'EMB_O', 'EMB_O', 'EMB_O', 'EMB_O', 'EMB_O', 'EMB_O', 'EMB_O', 'EMB_O', 'EMB_P', 'EMB_P', 'EMB_P', 'EMB_P', 'EMB_P', 'EMB_P', 'EMB_P', 'EMB_P', 'EMB_P', 'EMB_P', 'EMB_P', 'EMB_P', 'EMB_P', 'EMB_P', 'EMB_P', 'EMB_P', 'EMB_P', 'EMB_P', 'EMB_P', 'EMB_P', 'EMB_P', 'EMB_P', 'EMB_P', 'EMB_P', 'EMB_P', 'EMB_P', 'EMB_P', 'EMB_P', 'EMB_P', 'EMB_P', 'EMB_P', 'EMB_P', 'EMB_P', 'EMB_P', 'EMB_P', 'EMB_P', 'EMB_P', 'EMB_P', 'EMB_P', 'EMB_P', 'EMB_P', 'EMB_P', 'EMB_P', 'EMB_P', 'EMB_P', 'EMB_P', 'EMB_P', 'EMB_P', 'EMB_P', 'EMB_P', 'EMB_P', 'EMB_P', 'EMB_P', 'EMB_P', 'EMB_P', 'EMB_P', 'EMB_P', 'EMB_P', 'EMB_P', 'EMB_P', 'EMB_P', 'EMB_P', 'EMB_P', 'EMB_P', 'EMB_P', 'EMB_P', 'EMB_P', 'EMB_P', 'EMB_P', 'EMB_P', 'EMB_P', 'EMB_P', 'EMB_P', 'EMB_P', 'EMB_P', 'EMB_P', 'EMB_P', 'EMB_P', 'EMB_P', 'EMB_P', 'EMB_P', 'EMB_P', 'EMB_P', 'EMB_P', 'EMB_P', 'EMB_P', 'EMB_P', 'EMB_P', 'EMB_P', 'EMB_P', 'EMB_P', 'EMB_P', 'EMB_P', 'EMB_P', 'EMB_P', 'EMB_P', 'EMB_P', 'EMB_P', 'EMB_P', 'EMB_P', 'EMB_P', 'EMB_P']"
121,официант,Очень порадовал,27169:10_1079,"Очень порадовал персонал: администраторы Елена, Марина, официант Николай.",8.0,7.62,"['EMB_O', 'OPN_B', 'OPN_I', 'OPN_I', 'OPN_I', 'OPN_E', 'EMB_O', 'EMB_O', 'EMB_O', 'EMB_O', 'EMB_O', 'EMB_O', 'EMB_O', 'EMB_O', 'EMB_O', 'EMB_O', 'EMB_O', 'EMB_O', 'EMB_O', 'ASP_B', 'ASP_I', 'ASP_I', 'ASP_E', 'EMB_O', 'EMB_O', 'EMB_O', 'EMB_P', 'EMB_P', 'EMB_P', 'EMB_P', 'EMB_P', 'EMB_P', 'EMB_P', 'EMB_P', 'EMB_P', 'EMB_P', 'EMB_P', 'EMB_P', 'EMB_P', 'EMB_P', 'EMB_P', 'EMB_P', 'EMB_P', 'EMB_P', 'EMB_P', 'EMB_P', 'EMB_P', 'EMB_P', 'EMB_P', 'EMB_P', 'EMB_P', 'EMB_P', 'EMB_P', 'EMB_P', 'EMB_P', 'EMB_P', 'EMB_P', 'EMB_P', 'EMB_P', 'EMB_P', 'EMB_P', 'EMB_P', 'EMB_P', 'EMB_P', 'EMB_P', 'EMB_P', 'EMB_P', 'EMB_P', 'EMB_P', 'EMB_P', 'EMB_P', 'EMB_P', 'EMB_P', 'EMB_P', 'EMB_P', 'EMB_P', 'EMB_P', 'EMB_P', 'EMB_P', 'EMB_P', 'EMB_P', 'EMB_P', 'EMB_P', 'EMB_P', 'EMB_P', 'EMB_P', 'EMB_P', 'EMB_P', 'EMB_P', 'EMB_P', 'EMB_P', 'EMB_P', 'EMB_P', 'EMB_P', 'EMB_P', 'EMB_P', 'EMB_P', 'EMB_P', 'EMB_P', 'EMB_P', 'EMB_P', 'EMB_P', 'EMB_P', 'EMB_P', 'EMB_P', 'EMB_P', 'EMB_P', 'EMB_P', 'EMB_P', 'EMB_P', 'EMB_P', 'EMB_P', 'EMB_P', 'EMB_P', 'EMB_P', 'EMB_P', 'EMB_P', 'EMB_P', 'EMB_P', 'EMB_P', 'EMB_P', 'EMB_P', 'EMB_P', 'EMB_P', 'EMB_P', 'EMB_P', 'EMB_P', 'EMB_P']"
122,обслуживание,доброжелательное,27169:11_1080,"Хочу отметить доброжелательное, вежливое, внимательное и при этом ненавязчивое обслуживание!",6.9,6.4,"['EMB_O', 'EMB_O', 'EMB_O', 'EMB_O', 'EMB_O', 'OPN_B', 'OPN_I', 'OPN_I', 'OPN_I', 'OPN_E', 'EMB_O', 'EMB_O', 'EMB_O', 'EMB_O', 'EMB_O', 'EMB_O', 'EMB_O', 'EMB_O', 'EMB_O', 'EMB_O', 'EMB_O', 'EMB_O', 'EMB_O', 'EMB_O', 'EMB_O', 'EMB_O', 'EMB_O', 'ASP_B', 'ASP_I', 'ASP_I', 'ASP_E', 'EMB_O', 'EMB_O', 'EMB_P', 'EMB_P', 'EMB_P', 'EMB_P', 'EMB_P', 'EMB_P', 'EMB_P', 'EMB_P', 'EMB_P', 'EMB_P', 'EMB_P', 'EMB_P', 'EMB_P', 'EMB_P', 'EMB_P', 'EMB_P', 'EMB_P', 'EMB_P', 'EMB_P', 'EMB_P', 'EMB_P', 'EMB_P', 'EMB_P', 'EMB_P', 'EMB_P', 'EMB_P', 'EMB_P', 'EMB_P', 'EMB_P', 'EMB_P', 'EMB_P', 'EMB_P', 'EMB_P', 'EMB_P', 'EMB_P', 'EMB_P', 'EMB_P', 'EMB_P', 'EMB_P', 'EMB_P', 'EMB_P', 'EMB_P', 'EMB_P', 'EMB_P', 'EMB_P', 'EMB_P', 'EMB_P', 'EMB_P', 'EMB_P', 'EMB_P', 'EMB_P', 'EMB_P', 'EMB_P', 'EMB_P', 'EMB_P', 'EMB_P', 'EMB_P', 'EMB_P', 'EMB_P', 'EMB_P', 'EMB_P', 'EMB_P', 'EMB_P', 'EMB_P', 'EMB_P', 'EMB_P', 'EMB_P', 'EMB_P', 'EMB_P', 'EMB_P', 'EMB_P', 'EMB_P', 'EMB_P', 'EMB_P', 'EMB_P', 'EMB_P', 'EMB_P', 'EMB_P', 'EMB_P', 'EMB_P', 'EMB_P', 'EMB_P', 'EMB_P', 'EMB_P', 'EMB_P', 'EMB_P', 'EMB_P', 'EMB_P', 'EMB_P', 'EMB_P', 'EMB_P', 'EMB_P', 'EMB_P', 'EMB_P', 'EMB_P']"
123,интерьера,замечательного,27169:14_1081,"Отмечу также как человек, увлекающийся фотографией,что фотографии на фоне этого замечательного средневекового интерьера получаются просто фантастические!",7.8,7.3,"['EMB_O', 'EMB_O', 'EMB_O', 'EMB_O', 'EMB_O', 'EMB_O', 'EMB_O', 'EMB_O', 'EMB_O', 'EMB_O', 'EMB_O', 'EMB_O', 'EMB_O', 'EMB_O', 'EMB_O', 'EMB_O', 'EMB_O', 'EMB_O', 'EMB_O', 'EMB_O', 'EMB_O', 'EMB_O', 'EMB_O', 'OPN_B', 'OPN_I', 'OPN_I', 'OPN_I', 'OPN_E', 'EMB_O', 'EMB_O', 'EMB_O', 'EMB_O', 'ASP_B', 'ASP_I', 'ASP_E', 'EMB_O', 'EMB_O', 'EMB_O', 'EMB_O', 'EMB_O', 'EMB_O', 'EMB_O', 'EMB_O', 'EMB_O', 'EMB_O', 'EMB_P', 'EMB_P', 'EMB_P', 'EMB_P', 'EMB_P', 'EMB_P', 'EMB_P', 'EMB_P', 'EMB_P', 'EMB_P', 'EMB_P', 'EMB_P', 'EMB_P', 'EMB_P', 'EMB_P', 'EMB_P', 'EMB_P', 'EMB_P', 'EMB_P', 'EMB_P', 'EMB_P', 'EMB_P', 'EMB_P', 'EMB_P', 'EMB_P', 'EMB_P', 'EMB_P', 'EMB_P', 'EMB_P', 'EMB_P', 'EMB_P', 'EMB_P', 'EMB_P', 'EMB_P', 'EMB_P', 'EMB_P', 'EMB_P', 'EMB_P', 'EMB_P', 'EMB_P', 'EMB_P', 'EMB_P', 'EMB_P', 'EMB_P', 'EMB_P', 'EMB_P', 'EMB_P', 'EMB_P', 'EMB_P', 'EMB_P', 'EMB_P', 'EMB_P', 'EMB_P', 'EMB_P', 'EMB_P', 'EMB_P', 'EMB_P', 'EMB_P', 'EMB_P', 'EMB_P', 'EMB_P', 'EMB_P', 'EMB_P', 'EMB_P', 'EMB_P', 'EMB_P', 'EMB_P', 'EMB_P', 'EMB_P', 'EMB_P', 'EMB_P', 'EMB_P', 'EMB_P', 'EMB_P', 'EMB_P', 'EMB_P', 'EMB_P', 'EMB_P', 'EMB_P', 'EMB_P', 'EMB_P', 'EMB_P', 'EMB_P']"
124,Цвет,очень сочетается,27169:15_1082,"Цвет, свет, оформление стен - всё очень сочетается.",7.75,7.25,"['EMB_O', 'ASP_B', 'ASP_E', 'EMB_O', 'EMB_O', 'EMB_O', 'EMB_O', 'EMB_O', 'EMB_O', 'EMB_O', 'EMB_O', 'EMB_O', 'EMB_O', 'EMB_O', 'OPN_B', 'OPN_I', 'OPN_I', 'OPN_E', 'EMB_O', 'EMB_O', 'EMB_P', 'EMB_P', 'EMB_P', 'EMB_P', 'EMB_P', 'EMB_P', 'EMB_P', 'EMB_P', 'EMB_P', 'EMB_P', 'EMB_P', 'EMB_P', 'EMB_P', 'EMB_P', 'EMB_P', 'EMB_P', 'EMB_P', 'EMB_P', 'EMB_P', 'EMB_P', 'EMB_P', 'EMB_P', 'EMB_P', 'EMB_P', 'EMB_P', 'EMB_P', 'EMB_P', 'EMB_P', 'EMB_P', 'EMB_P', 'EMB_P', 'EMB_P', 'EMB_P', 'EMB_P', 'EMB_P', 'EMB_P', 'EMB_P', 'EMB_P', 'EMB_P', 'EMB_P', 'EMB_P', 'EMB_P', 'EMB_P', 'EMB_P', 'EMB_P', 'EMB_P', 'EMB_P', 'EMB_P', 'EMB_P', 'EMB_P', 'EMB_P', 'EMB_P', 'EMB_P', 'EMB_P', 'EMB_P', 'EMB_P', 'EMB_P', 'EMB_P', 'EMB_P', 'EMB_P', 'EMB_P', 'EMB_P', 'EMB_P', 'EMB_P', 'EMB_P', 'EMB_P', 'EMB_P', 'EMB_P', 'EMB_P', 'EMB_P', 'EMB_P', 'EMB_P', 'EMB_P', 'EMB_P', 'EMB_P', 'EMB_P', 'EMB_P', 'EMB_P', 'EMB_P', 'EMB_P', 'EMB_P', 'EMB_P', 'EMB_P', 'EMB_P', 'EMB_P', 'EMB_P', 'EMB_P', 'EMB_P', 'EMB_P', 'EMB_P', 'EMB_P', 'EMB_P', 'EMB_P', 'EMB_P', 'EMB_P', 'EMB_P', 'EMB_P', 'EMB_P', 'EMB_P', 'EMB_P', 'EMB_P', 'EMB_P', 'EMB_P', 'EMB_P', 'EMB_P', 'EMB_P', 'EMB_P', 'EMB_P']"
125,свет,очень сочетается,27169:15_1082,"Цвет, свет, оформление стен - всё очень сочетается.",7.75,7.25,"['EMB_O', 'EMB_O', 'EMB_O', 'EMB_O', 'ASP_S', 'EMB_O', 'EMB_O', 'EMB_O', 'EMB_O', 'EMB_O', 'EMB_O', 'EMB_O', 'EMB_O', 'EMB_O', 'OPN_B', 'OPN_I', 'OPN_I', 'OPN_E', 'EMB_O', 'EMB_O', 'EMB_P', 'EMB_P', 'EMB_P', 'EMB_P', 'EMB_P', 'EMB_P', 'EMB_P', 'EMB_P', 'EMB_P', 'EMB_P', 'EMB_P', 'EMB_P', 'EMB_P', 'EMB_P', 'EMB_P', 'EMB_P', 'EMB_P', 'EMB_P', 'EMB_P', 'EMB_P', 'EMB_P', 'EMB_P', 'EMB_P', 'EMB_P', 'EMB_P', 'EMB_P', 'EMB_P', 'EMB_P', 'EMB_P', 'EMB_P', 'EMB_P', 'EMB_P', 'EMB_P', 'EMB_P', 'EMB_P', 'EMB_P', 'EMB_P', 'EMB_P', 'EMB_P', 'EMB_P', 'EMB_P', 'EMB_P', 'EMB_P', 'EMB_P', 'EMB_P', 'EMB_P', 'EMB_P', 'EMB_P', 'EMB_P', 'EMB_P', 'EMB_P', 'EMB_P', 'EMB_P', 'EMB_P', 'EMB_P', 'EMB_P', 'EMB_P', 'EMB_P', 'EMB_P', 'EMB_P', 'EMB_P', 'EMB_P', 'EMB_P', 'EMB_P', 'EMB_P', 'EMB_P', 'EMB_P', 'EMB_P', 'EMB_P', 'EMB_P', 'EMB_P', 'EMB_P', 'EMB_P', 'EMB_P', 'EMB_P', 'EMB_P', 'EMB_P', 'EMB_P', 'EMB_P', 'EMB_P', 'EMB_P', 'EMB_P', 'EMB_P', 'EMB_P', 'EMB_P', 'EMB_P', 'EMB_P', 'EMB_P', 'EMB_P', 'EMB_P', 'EMB_P', 'EMB_P', 'EMB_P', 'EMB_P', 'EMB_P', 'EMB_P', 'EMB_P', 'EMB_P', 'EMB_P', 'EMB_P', 'EMB_P', 'EMB_P', 'EMB_P', 'EMB_P', 'EMB_P', 'EMB_P', 'EMB_P', 'EMB_P']"
126,оформление стен,очень сочетается,27169:15_1082,"Цвет, свет, оформление стен - всё очень сочетается.",7.75,7.25,"['EMB_O', 'EMB_O', 'EMB_O', 'EMB_O', 'EMB_O', 'EMB_O', 'ASP_B', 'ASP_I', 'ASP_I', 'ASP_I', 'ASP_I', 'ASP_E', 'EMB_O', 'EMB_O', 'OPN_B', 'OPN_I', 'OPN_I', 'OPN_E', 'EMB_O', 'EMB_O', 'EMB_P', 'EMB_P', 'EMB_P', 'EMB_P', 'EMB_P', 'EMB_P', 'EMB_P', 'EMB_P', 'EMB_P', 'EMB_P', 'EMB_P', 'EMB_P', 'EMB_P', 'EMB_P', 'EMB_P', 'EMB_P', 'EMB_P', 'EMB_P', 'EMB_P', 'EMB_P', 'EMB_P', 'EMB_P', 'EMB_P', 'EMB_P', 'EMB_P', 'EMB_P', 'EMB_P', 'EMB_P', 'EMB_P', 'EMB_P', 'EMB_P', 'EMB_P', 'EMB_P', 'EMB_P', 'EMB_P', 'EMB_P', 'EMB_P', 'EMB_P', 'EMB_P', 'EMB_P', 'EMB_P', 'EMB_P', 'EMB_P', 'EMB_P', 'EMB_P', 'EMB_P', 'EMB_P', 'EMB_P', 'EMB_P', 'EMB_P', 'EMB_P', 'EMB_P', 'EMB_P', 'EMB_P', 'EMB_P', 'EMB_P', 'EMB_P', 'EMB_P', 'EMB_P', 'EMB_P', 'EMB_P', 'EMB_P', 'EMB_P', 'EMB_P', 'EMB_P', 'EMB_P', 'EMB_P', 'EMB_P', 'EMB_P', 'EMB_P', 'EMB_P', 'EMB_P', 'EMB_P', 'EMB_P', 'EMB_P', 'EMB_P', 'EMB_P', 'EMB_P', 'EMB_P', 'EMB_P', 'EMB_P', 'EMB_P', 'EMB_P', 'EMB_P', 'EMB_P', 'EMB_P', 'EMB_P', 'EMB_P', 'EMB_P', 'EMB_P', 'EMB_P', 'EMB_P', 'EMB_P', 'EMB_P', 'EMB_P', 'EMB_P', 'EMB_P', 'EMB_P', 'EMB_P', 'EMB_P', 'EMB_P', 'EMB_P', 'EMB_P', 'EMB_P', 'EMB_P', 'EMB_P', 'EMB_P', 'EMB_P']"
127,ресторанчик,уютный,27375:0_1083,Первый раз посетили с друзьями этот уютный ресторанчик месяца два назад.,7.0,6.4,"['EMB_O', 'EMB_O', 'EMB_O', 'EMB_O', 'EMB_O', 'EMB_O', 'EMB_O', 'EMB_O', 'EMB_O', 'EMB_O', 'OPN_B', 'OPN_I', 'OPN_E', 'ASP_B', 'ASP_I', 'ASP_I', 'ASP_E', 'EMB_O', 'EMB_O', 'EMB_O', 'EMB_O', 'EMB_O', 'EMB_P', 'EMB_P', 'EMB_P', 'EMB_P', 'EMB_P', 'EMB_P', 'EMB_P', 'EMB_P', 'EMB_P', 'EMB_P', 'EMB_P', 'EMB_P', 'EMB_P', 'EMB_P', 'EMB_P', 'EMB_P', 'EMB_P', 'EMB_P', 'EMB_P', 'EMB_P', 'EMB_P', 'EMB_P', 'EMB_P', 'EMB_P', 'EMB_P', 'EMB_P', 'EMB_P', 'EMB_P', 'EMB_P', 'EMB_P', 'EMB_P', 'EMB_P', 'EMB_P', 'EMB_P', 'EMB_P', 'EMB_P', 'EMB_P', 'EMB_P', 'EMB_P', 'EMB_P', 'EMB_P', 'EMB_P', 'EMB_P', 'EMB_P', 'EMB_P', 'EMB_P', 'EMB_P', 'EMB_P', 'EMB_P', 'EMB_P', 'EMB_P', 'EMB_P', 'EMB_P', 'EMB_P', 'EMB_P', 'EMB_P', 'EMB_P', 'EMB_P', 'EMB_P', 'EMB_P', 'EMB_P', 'EMB_P', 'EMB_P', 'EMB_P', 'EMB_P', 'EMB_P', 'EMB_P', 'EMB_P', 'EMB_P', 'EMB_P', 'EMB_P', 'EMB_P', 'EMB_P', 'EMB_P', 'EMB_P', 'EMB_P', 'EMB_P', 'EMB_P', 'EMB_P', 'EMB_P', 'EMB_P', 'EMB_P', 'EMB_P', 'EMB_P', 'EMB_P', 'EMB_P', 'EMB_P', 'EMB_P', 'EMB_P', 'EMB_P', 'EMB_P', 'EMB_P', 'EMB_P', 'EMB_P', 'EMB_P', 'EMB_P', 'EMB_P', 'EMB_P', 'EMB_P', 'EMB_P', 'EMB_P', 'EMB_P', 'EMB_P', 'EMB_P', 'EMB_P', 'EMB_P']"
128,пиво,Вкусное,27375:2_1084,"Вкусное пиво(особенно ячменное :) и суджук к нему в виде закуски :), атмосфера, приветливый персонал!",7.33,7.0,"['EMB_O', 'OPN_B', 'OPN_I', 'OPN_I', 'OPN_E', 'ASP_B', 'ASP_E', 'EMB_O', 'EMB_O', 'EMB_O', 'EMB_O', 'EMB_O', 'EMB_O', 'EMB_O', 'EMB_O', 'EMB_O', 'EMB_O', 'EMB_O', 'EMB_O', 'EMB_O', 'EMB_O', 'EMB_O', 'EMB_O', 'EMB_O', 'EMB_O', 'EMB_O', 'EMB_O', 'EMB_O', 'EMB_O', 'EMB_O', 'EMB_O', 'EMB_O', 'EMB_O', 'EMB_O', 'EMB_O', 'EMB_O', 'EMB_O', 'EMB_O', 'EMB_O', 'EMB_O', 'EMB_O', 'EMB_O', 'EMB_P', 'EMB_P', 'EMB_P', 'EMB_P', 'EMB_P', 'EMB_P', 'EMB_P', 'EMB_P', 'EMB_P', 'EMB_P', 'EMB_P', 'EMB_P', 'EMB_P', 'EMB_P', 'EMB_P', 'EMB_P', 'EMB_P', 'EMB_P', 'EMB_P', 'EMB_P', 'EMB_P', 'EMB_P', 'EMB_P', 'EMB_P', 'EMB_P', 'EMB_P', 'EMB_P', 'EMB_P', 'EMB_P', 'EMB_P', 'EMB_P', 'EMB_P', 'EMB_P', 'EMB_P', 'EMB_P', 'EMB_P', 'EMB_P', 'EMB_P', 'EMB_P', 'EMB_P', 'EMB_P', 'EMB_P', 'EMB_P', 'EMB_P', 'EMB_P', 'EMB_P', 'EMB_P', 'EMB_P', 'EMB_P', 'EMB_P', 'EMB_P', 'EMB_P', 'EMB_P', 'EMB_P', 'EMB_P', 'EMB_P', 'EMB_P', 'EMB_P', 'EMB_P', 'EMB_P', 'EMB_P', 'EMB_P', 'EMB_P', 'EMB_P', 'EMB_P', 'EMB_P', 'EMB_P', 'EMB_P', 'EMB_P', 'EMB_P', 'EMB_P', 'EMB_P', 'EMB_P', 'EMB_P', 'EMB_P', 'EMB_P', 'EMB_P', 'EMB_P', 'EMB_P', 'EMB_P', 'EMB_P', 'EMB_P', 'EMB_P', 'EMB_P', 'EMB_P', 'EMB_P']"
129,персонал,приветливый,27375:2_1084,"Вкусное пиво(особенно ячменное :) и суджук к нему в виде закуски :), атмосфера, приветливый персонал!",6.8,6.3,"['EMB_O', 'EMB_O', 'EMB_O', 'EMB_O', 'EMB_O', 'EMB_O', 'EMB_O', 'EMB_O', 'EMB_O', 'EMB_O', 'EMB_O', 'EMB_O', 'EMB_O', 'EMB_O', 'EMB_O', 'EMB_O', 'EMB_O', 'EMB_O', 'EMB_O', 'EMB_O', 'EMB_O', 'EMB_O', 'EMB_O', 'EMB_O', 'EMB_O', 'EMB_O', 'EMB_O', 'EMB_O', 'EMB_O', 'EMB_O', 'EMB_O', 'EMB_O', 'EMB_O', 'OPN_B', 'OPN_I', 'OPN_I', 'OPN_E', 'ASP_B', 'ASP_I', 'ASP_E', 'EMB_O', 'EMB_O', 'EMB_P', 'EMB_P', 'EMB_P', 'EMB_P', 'EMB_P', 'EMB_P', 'EMB_P', 'EMB_P', 'EMB_P', 'EMB_P', 'EMB_P', 'EMB_P', 'EMB_P', 'EMB_P', 'EMB_P', 'EMB_P', 'EMB_P', 'EMB_P', 'EMB_P', 'EMB_P', 'EMB_P', 'EMB_P', 'EMB_P', 'EMB_P', 'EMB_P', 'EMB_P', 'EMB_P', 'EMB_P', 'EMB_P', 'EMB_P', 'EMB_P', 'EMB_P', 'EMB_P', 'EMB_P', 'EMB_P', 'EMB_P', 'EMB_P', 'EMB_P', 'EMB_P', 'EMB_P', 'EMB_P', 'EMB_P', 'EMB_P', 'EMB_P', 'EMB_P', 'EMB_P', 'EMB_P', 'EMB_P', 'EMB_P', 'EMB_P', 'EMB_P', 'EMB_P', 'EMB_P', 'EMB_P', 'EMB_P', 'EMB_P', 'EMB_P', 'EMB_P', 'EMB_P', 'EMB_P', 'EMB_P', 'EMB_P', 'EMB_P', 'EMB_P', 'EMB_P', 'EMB_P', 'EMB_P', 'EMB_P', 'EMB_P', 'EMB_P', 'EMB_P', 'EMB_P', 'EMB_P', 'EMB_P', 'EMB_P', 'EMB_P', 'EMB_P', 'EMB_P', 'EMB_P', 'EMB_P', 'EMB_P', 'EMB_P', 'EMB_P', 'EMB_P', 'EMB_P', 'EMB_P']"
130,девушка,высокий профессионал,27375:3_1085,"Миниатюрная девушка(по-моему, администратор ресторана)высокий профессионал своего дела: ненавязчивое обслуживание, дружелюбный подход к посетителям, внимательное отношение к клиентам.",8.12,7.62,"['EMB_O', 'EMB_O', 'EMB_O', 'EMB_O', 'EMB_O', 'EMB_O', 'ASP_B', 'ASP_E', 'EMB_O', 'EMB_O', 'EMB_O', 'EMB_O', 'EMB_O', 'EMB_O', 'EMB_O', 'EMB_O', 'EMB_O', 'EMB_O', 'EMB_O', 'EMB_O', 'EMB_O', 'EMB_O', 'EMB_O', 'EMB_O', 'OPN_B', 'OPN_I', 'OPN_I', 'OPN_I', 'OPN_I', 'OPN_E', 'EMB_O', 'EMB_O', 'EMB_O', 'EMB_O', 'EMB_O', 'EMB_O', 'EMB_O', 'EMB_O', 'EMB_O', 'EMB_O', 'EMB_O', 'EMB_O', 'EMB_O', 'EMB_O', 'EMB_O', 'EMB_O', 'EMB_O', 'EMB_O', 'EMB_O', 'EMB_O', 'EMB_O', 'EMB_O', 'EMB_O', 'EMB_O', 'EMB_O', 'EMB_O', 'EMB_O', 'EMB_O', 'EMB_O', 'EMB_O', 'EMB_O', 'EMB_O', 'EMB_O', 'EMB_O', 'EMB_O', 'EMB_O', 'EMB_P', 'EMB_P', 'EMB_P', 'EMB_P', 'EMB_P', 'EMB_P', 'EMB_P', 'EMB_P', 'EMB_P', 'EMB_P', 'EMB_P', 'EMB_P', 'EMB_P', 'EMB_P', 'EMB_P', 'EMB_P', 'EMB_P', 'EMB_P', 'EMB_P', 'EMB_P', 'EMB_P', 'EMB_P', 'EMB_P', 'EMB_P', 'EMB_P', 'EMB_P', 'EMB_P', 'EMB_P', 'EMB_P', 'EMB_P', 'EMB_P', 'EMB_P', 'EMB_P', 'EMB_P', 'EMB_P', 'EMB_P', 'EMB_P', 'EMB_P', 'EMB_P', 'EMB_P', 'EMB_P', 'EMB_P', 'EMB_P', 'EMB_P', 'EMB_P', 'EMB_P', 'EMB_P', 'EMB_P', 'EMB_P', 'EMB_P', 'EMB_P', 'EMB_P', 'EMB_P', 'EMB_P', 'EMB_P', 'EMB_P', 'EMB_P', 'EMB_P', 'EMB_P', 'EMB_P', 'EMB_P', 'EMB_P']"
131,администратор ресторана,высокий профессионал,27375:3_1085,"Миниатюрная девушка(по-моему, администратор ресторана)высокий профессионал своего дела: ненавязчивое обслуживание, дружелюбный подход к посетителям, внимательное отношение к клиентам.",8.12,7.62,"['EMB_O', 'EMB_O', 'EMB_O', 'EMB_O', 'EMB_O', 'EMB_O', 'EMB_O', 'EMB_O', 'EMB_O', 'EMB_O', 'EMB_O', 'EMB_O', 'EMB_O', 'EMB_O', 'EMB_O', 'ASP_B', 'ASP_I', 'ASP_I', 'ASP_I', 'ASP_I', 'ASP_I', 'ASP_I', 'ASP_E', 'EMB_O', 'OPN_B', 'OPN_I', 'OPN_I', 'OPN_I', 'OPN_I', 'OPN_E', 'EMB_O', 'EMB_O', 'EMB_O', 'EMB_O', 'EMB_O', 'EMB_O', 'EMB_O', 'EMB_O', 'EMB_O', 'EMB_O', 'EMB_O', 'EMB_O', 'EMB_O', 'EMB_O', 'EMB_O', 'EMB_O', 'EMB_O', 'EMB_O', 'EMB_O', 'EMB_O', 'EMB_O', 'EMB_O', 'EMB_O', 'EMB_O', 'EMB_O', 'EMB_O', 'EMB_O', 'EMB_O', 'EMB_O', 'EMB_O', 'EMB_O', 'EMB_O', 'EMB_O', 'EMB_O', 'EMB_O', 'EMB_O', 'EMB_P', 'EMB_P', 'EMB_P', 'EMB_P', 'EMB_P', 'EMB_P', 'EMB_P', 'EMB_P', 'EMB_P', 'EMB_P', 'EMB_P', 'EMB_P', 'EMB_P', 'EMB_P', 'EMB_P', 'EMB_P', 'EMB_P', 'EMB_P', 'EMB_P', 'EMB_P', 'EMB_P', 'EMB_P', 'EMB_P', 'EMB_P', 'EMB_P', 'EMB_P', 'EMB_P', 'EMB_P', 'EMB_P', 'EMB_P', 'EMB_P', 'EMB_P', 'EMB_P', 'EMB_P', 'EMB_P', 'EMB_P', 'EMB_P', 'EMB_P', 'EMB_P', 'EMB_P', 'EMB_P', 'EMB_P', 'EMB_P', 'EMB_P', 'EMB_P', 'EMB_P', 'EMB_P', 'EMB_P', 'EMB_P', 'EMB_P', 'EMB_P', 'EMB_P', 'EMB_P', 'EMB_P', 'EMB_P', 'EMB_P', 'EMB_P', 'EMB_P', 'EMB_P', 'EMB_P', 'EMB_P', 'EMB_P']"
132,обслуживание,ненавязчивое,27375:3_1085,"Миниатюрная девушка(по-моему, администратор ресторана)высокий профессионал своего дела: ненавязчивое обслуживание, дружелюбный подход к посетителям, внимательное отношение к клиентам.",6.7,6.0,"['EMB_O', 'EMB_O', 'EMB_O', 'EMB_O', 'EMB_O', 'EMB_O', 'EMB_O', 'EMB_O', 'EMB_O', 'EMB_O', 'EMB_O', 'EMB_O', 'EMB_O', 'EMB_O', 'EMB_O', 'EMB_O', 'EMB_O', 'EMB_O', 'EMB_O', 'EMB_O', 'EMB_O', 'EMB_O', 'EMB_O', 'EMB_O', 'EMB_O', 'EMB_O', 'EMB_O', 'EMB_O', 'EMB_O', 'EMB_O', 'EMB_O', 'EMB_O', 'EMB_O', 'OPN_B', 'OPN_I', 'OPN_I', 'OPN_I', 'OPN_E', 'ASP_B', 'ASP_I', 'ASP_I', 'ASP_E', 'EMB_O', 'EMB_O', 'EMB_O', 'EMB_O', 'EMB_O', 'EMB_O', 'EMB_O', 'EMB_O', 'EMB_O', 'EMB_O', 'EMB_O', 'EMB_O', 'EMB_O', 'EMB_O', 'EMB_O', 'EMB_O', 'EMB_O', 'EMB_O', 'EMB_O', 'EMB_O', 'EMB_O', 'EMB_O', 'EMB_O', 'EMB_O', 'EMB_P', 'EMB_P', 'EMB_P', 'EMB_P', 'EMB_P', 'EMB_P', 'EMB_P', 'EMB_P', 'EMB_P', 'EMB_P', 'EMB_P', 'EMB_P', 'EMB_P', 'EMB_P', 'EMB_P', 'EMB_P', 'EMB_P', 'EMB_P', 'EMB_P', 'EMB_P', 'EMB_P', 'EMB_P', 'EMB_P', 'EMB_P', 'EMB_P', 'EMB_P', 'EMB_P', 'EMB_P', 'EMB_P', 'EMB_P', 'EMB_P', 'EMB_P', 'EMB_P', 'EMB_P', 'EMB_P', 'EMB_P', 'EMB_P', 'EMB_P', 'EMB_P', 'EMB_P', 'EMB_P', 'EMB_P', 'EMB_P', 'EMB_P', 'EMB_P', 'EMB_P', 'EMB_P', 'EMB_P', 'EMB_P', 'EMB_P', 'EMB_P', 'EMB_P', 'EMB_P', 'EMB_P', 'EMB_P', 'EMB_P', 'EMB_P', 'EMB_P', 'EMB_P', 'EMB_P', 'EMB_P', 'EMB_P']"
133,подход к посетителям,дружелюбный,27375:3_1085,"Миниатюрная девушка(по-моему, администратор ресторана)высокий профессионал своего дела: ненавязчивое обслуживание, дружелюбный подход к посетителям, внимательное отношение к клиентам.",6.9,6.5,"['EMB_O', 'EMB_O', 'EMB_O', 'EMB_O', 'EMB_O', 'EMB_O', 'EMB_O', 'EMB_O', 'EMB_O', 'EMB_O', 'EMB_O', 'EMB_O', 'EMB_O', 'EMB_O', 'EMB_O', 'EMB_O', 'EMB_O', 'EMB_O', 'EMB_O', 'EMB_O', 'EMB_O', 'EMB_O', 'EMB_O', 'EMB_O', 'EMB_O', 'EMB_O', 'EMB_O', 'EMB_O', 'EMB_O', 'EMB_O', 'EMB_O', 'EMB_O', 'EMB_O', 'EMB_O', 'EMB_O', 'EMB_O', 'EMB_O', 'EMB_O', 'EMB_O', 'EMB_O', 'EMB_O', 'EMB_O', 'EMB_O', 'OPN_B', 'OPN_I', 'OPN_I', 'OPN_I', 'OPN_E', 'ASP_B', 'ASP_I', 'ASP_I', 'ASP_I', 'ASP_I', 'ASP_E', 'EMB_O', 'EMB_O', 'EMB_O', 'EMB_O', 'EMB_O', 'EMB_O', 'EMB_O', 'EMB_O', 'EMB_O', 'EMB_O', 'EMB_O', 'EMB_O', 'EMB_P', 'EMB_P', 'EMB_P', 'EMB_P', 'EMB_P', 'EMB_P', 'EMB_P', 'EMB_P', 'EMB_P', 'EMB_P', 'EMB_P', 'EMB_P', 'EMB_P', 'EMB_P', 'EMB_P', 'EMB_P', 'EMB_P', 'EMB_P', 'EMB_P', 'EMB_P', 'EMB_P', 'EMB_P', 'EMB_P', 'EMB_P', 'EMB_P', 'EMB_P', 'EMB_P', 'EMB_P', 'EMB_P', 'EMB_P', 'EMB_P', 'EMB_P', 'EMB_P', 'EMB_P', 'EMB_P', 'EMB_P', 'EMB_P', 'EMB_P', 'EMB_P', 'EMB_P', 'EMB_P', 'EMB_P', 'EMB_P', 'EMB_P', 'EMB_P', 'EMB_P', 'EMB_P', 'EMB_P', 'EMB_P', 'EMB_P', 'EMB_P', 'EMB_P', 'EMB_P', 'EMB_P', 'EMB_P', 'EMB_P', 'EMB_P', 'EMB_P', 'EMB_P', 'EMB_P', 'EMB_P', 'EMB_P']"
134,отношение к клиентам,внимательное,27375:3_1085,"Миниатюрная девушка(по-моему, администратор ресторана)высокий профессионал своего дела: ненавязчивое обслуживание, дружелюбный подход к посетителям, внимательное отношение к клиентам.",7.1,6.5,"['EMB_O', 'EMB_O', 'EMB_O', 'EMB_O', 'EMB_O', 'EMB_O', 'EMB_O', 'EMB_O', 'EMB_O', 'EMB_O', 'EMB_O', 'EMB_O', 'EMB_O', 'EMB_O', 'EMB_O', 'EMB_O', 'EMB_O', 'EMB_O', 'EMB_O', 'EMB_O', 'EMB_O', 'EMB_O', 'EMB_O', 'EMB_O', 'EMB_O', 'EMB_O', 'EMB_O', 'EMB_O', 'EMB_O', 'EMB_O', 'EMB_O', 'EMB_O', 'EMB_O', 'EMB_O', 'EMB_O', 'EMB_O', 'EMB_O', 'EMB_O', 'EMB_O', 'EMB_O', 'EMB_O', 'EMB_O', 'EMB_O', 'EMB_O', 'EMB_O', 'EMB_O', 'EMB_O', 'EMB_O', 'EMB_O', 'EMB_O', 'EMB_O', 'EMB_O', 'EMB_O', 'EMB_O', 'EMB_O', 'OPN_B', 'OPN_I', 'OPN_E', 'ASP_B', 'ASP_I', 'ASP_I', 'ASP_I', 'ASP_I', 'ASP_E', 'EMB_O', 'EMB_O', 'EMB_P', 'EMB_P', 'EMB_P', 'EMB_P', 'EMB_P', 'EMB_P', 'EMB_P', 'EMB_P', 'EMB_P', 'EMB_P', 'EMB_P', 'EMB_P', 'EMB_P', 'EMB_P', 'EMB_P', 'EMB_P', 'EMB_P', 'EMB_P', 'EMB_P', 'EMB_P', 'EMB_P', 'EMB_P', 'EMB_P', 'EMB_P', 'EMB_P', 'EMB_P', 'EMB_P', 'EMB_P', 'EMB_P', 'EMB_P', 'EMB_P', 'EMB_P', 'EMB_P', 'EMB_P', 'EMB_P', 'EMB_P', 'EMB_P', 'EMB_P', 'EMB_P', 'EMB_P', 'EMB_P', 'EMB_P', 'EMB_P', 'EMB_P', 'EMB_P', 'EMB_P', 'EMB_P', 'EMB_P', 'EMB_P', 'EMB_P', 'EMB_P', 'EMB_P', 'EMB_P', 'EMB_P', 'EMB_P', 'EMB_P', 'EMB_P', 'EMB_P', 'EMB_P', 'EMB_P', 'EMB_P', 'EMB_P']"
135,атмосфера,Приятная,27539:1_1086,"Приятная атмосфера, живая музыка (немного громко правда показалось).",7.12,6.88,"['EMB_O', 'OPN_B', 'OPN_I', 'OPN_E', 'ASP_B', 'ASP_I', 'ASP_E', 'EMB_O', 'EMB_O', 'EMB_O', 'EMB_O', 'EMB_O', 'EMB_O', 'EMB_O', 'EMB_O', 'EMB_O', 'EMB_O', 'EMB_O', 'EMB_O', 'EMB_O', 'EMB_O', 'EMB_O', 'EMB_O', 'EMB_P', 'EMB_P', 'EMB_P', 'EMB_P', 'EMB_P', 'EMB_P', 'EMB_P', 'EMB_P', 'EMB_P', 'EMB_P', 'EMB_P', 'EMB_P', 'EMB_P', 'EMB_P', 'EMB_P', 'EMB_P', 'EMB_P', 'EMB_P', 'EMB_P', 'EMB_P', 'EMB_P', 'EMB_P', 'EMB_P', 'EMB_P', 'EMB_P', 'EMB_P', 'EMB_P', 'EMB_P', 'EMB_P', 'EMB_P', 'EMB_P', 'EMB_P', 'EMB_P', 'EMB_P', 'EMB_P', 'EMB_P', 'EMB_P', 'EMB_P', 'EMB_P', 'EMB_P', 'EMB_P', 'EMB_P', 'EMB_P', 'EMB_P', 'EMB_P', 'EMB_P', 'EMB_P', 'EMB_P', 'EMB_P', 'EMB_P', 'EMB_P', 'EMB_P', 'EMB_P', 'EMB_P', 'EMB_P', 'EMB_P', 'EMB_P', 'EMB_P', 'EMB_P', 'EMB_P', 'EMB_P', 'EMB_P', 'EMB_P', 'EMB_P', 'EMB_P', 'EMB_P', 'EMB_P', 'EMB_P', 'EMB_P', 'EMB_P', 'EMB_P', 'EMB_P', 'EMB_P', 'EMB_P', 'EMB_P', 'EMB_P', 'EMB_P', 'EMB_P', 'EMB_P', 'EMB_P', 'EMB_P', 'EMB_P', 'EMB_P', 'EMB_P', 'EMB_P', 'EMB_P', 'EMB_P', 'EMB_P', 'EMB_P', 'EMB_P', 'EMB_P', 'EMB_P', 'EMB_P', 'EMB_P', 'EMB_P', 'EMB_P', 'EMB_P', 'EMB_P', 'EMB_P', 'EMB_P', 'EMB_P', 'EMB_P', 'EMB_P', 'EMB_P', 'EMB_P']"
136,живая музыка,немного громко,27539:1_1086,"Приятная атмосфера, живая музыка (немного громко правда показалось).",4.83,4.83,"['EMB_O', 'EMB_O', 'EMB_O', 'EMB_O', 'EMB_O', 'EMB_O', 'EMB_O', 'EMB_O', 'ASP_B', 'ASP_I', 'ASP_E', 'EMB_O', 'OPN_B', 'OPN_I', 'OPN_I', 'OPN_E', 'EMB_O', 'EMB_O', 'EMB_O', 'EMB_O', 'EMB_O', 'EMB_O', 'EMB_O', 'EMB_P', 'EMB_P', 'EMB_P', 'EMB_P', 'EMB_P', 'EMB_P', 'EMB_P', 'EMB_P', 'EMB_P', 'EMB_P', 'EMB_P', 'EMB_P', 'EMB_P', 'EMB_P', 'EMB_P', 'EMB_P', 'EMB_P', 'EMB_P', 'EMB_P', 'EMB_P', 'EMB_P', 'EMB_P', 'EMB_P', 'EMB_P', 'EMB_P', 'EMB_P', 'EMB_P', 'EMB_P', 'EMB_P', 'EMB_P', 'EMB_P', 'EMB_P', 'EMB_P', 'EMB_P', 'EMB_P', 'EMB_P', 'EMB_P', 'EMB_P', 'EMB_P', 'EMB_P', 'EMB_P', 'EMB_P', 'EMB_P', 'EMB_P', 'EMB_P', 'EMB_P', 'EMB_P', 'EMB_P', 'EMB_P', 'EMB_P', 'EMB_P', 'EMB_P', 'EMB_P', 'EMB_P', 'EMB_P', 'EMB_P', 'EMB_P', 'EMB_P', 'EMB_P', 'EMB_P', 'EMB_P', 'EMB_P', 'EMB_P', 'EMB_P', 'EMB_P', 'EMB_P', 'EMB_P', 'EMB_P', 'EMB_P', 'EMB_P', 'EMB_P', 'EMB_P', 'EMB_P', 'EMB_P', 'EMB_P', 'EMB_P', 'EMB_P', 'EMB_P', 'EMB_P', 'EMB_P', 'EMB_P', 'EMB_P', 'EMB_P', 'EMB_P', 'EMB_P', 'EMB_P', 'EMB_P', 'EMB_P', 'EMB_P', 'EMB_P', 'EMB_P', 'EMB_P', 'EMB_P', 'EMB_P', 'EMB_P', 'EMB_P', 'EMB_P', 'EMB_P', 'EMB_P', 'EMB_P', 'EMB_P', 'EMB_P', 'EMB_P', 'EMB_P', 'EMB_P']"
137,утку по пекински с супом,наслаждались,27539:2_1087,"Заказывали еще днем утку по пекински с супом (важно!), вечером наслаждались едой.",8.17,7.83,"['EMB_O', 'EMB_O', 'EMB_O', 'EMB_O', 'EMB_O', 'EMB_O', 'EMB_O', 'ASP_B', 'ASP_I', 'ASP_I', 'ASP_I', 'ASP_I', 'ASP_I', 'ASP_I', 'ASP_I', 'ASP_E', 'EMB_O', 'EMB_O', 'EMB_O', 'EMB_O', 'EMB_O', 'EMB_O', 'EMB_O', 'EMB_O', 'OPN_B', 'OPN_I', 'OPN_I', 'OPN_E', 'EMB_O', 'EMB_O', 'EMB_O', 'EMB_O', 'EMB_P', 'EMB_P', 'EMB_P', 'EMB_P', 'EMB_P', 'EMB_P', 'EMB_P', 'EMB_P', 'EMB_P', 'EMB_P', 'EMB_P', 'EMB_P', 'EMB_P', 'EMB_P', 'EMB_P', 'EMB_P', 'EMB_P', 'EMB_P', 'EMB_P', 'EMB_P', 'EMB_P', 'EMB_P', 'EMB_P', 'EMB_P', 'EMB_P', 'EMB_P', 'EMB_P', 'EMB_P', 'EMB_P', 'EMB_P', 'EMB_P', 'EMB_P', 'EMB_P', 'EMB_P', 'EMB_P', 'EMB_P', 'EMB_P', 'EMB_P', 'EMB_P', 'EMB_P', 'EMB_P', 'EMB_P', 'EMB_P', 'EMB_P', 'EMB_P', 'EMB_P', 'EMB_P', 'EMB_P', 'EMB_P', 'EMB_P', 'EMB_P', 'EMB_P', 'EMB_P', 'EMB_P', 'EMB_P', 'EMB_P', 'EMB_P', 'EMB_P', 'EMB_P', 'EMB_P', 'EMB_P', 'EMB_P', 'EMB_P', 'EMB_P', 'EMB_P', 'EMB_P', 'EMB_P', 'EMB_P', 'EMB_P', 'EMB_P', 'EMB_P', 'EMB_P', 'EMB_P', 'EMB_P', 'EMB_P', 'EMB_P', 'EMB_P', 'EMB_P', 'EMB_P', 'EMB_P', 'EMB_P', 'EMB_P', 'EMB_P', 'EMB_P', 'EMB_P', 'EMB_P', 'EMB_P', 'EMB_P', 'EMB_P', 'EMB_P', 'EMB_P', 'EMB_P', 'EMB_P', 'EMB_P', 'EMB_P', 'EMB_P']"
138,едой,наслаждались,27539:2_1087,"Заказывали еще днем утку по пекински с супом (важно!), вечером наслаждались едой.",8.12,7.62,"['EMB_O', 'EMB_O', 'EMB_O', 'EMB_O', 'EMB_O', 'EMB_O', 'EMB_O', 'EMB_O', 'EMB_O', 'EMB_O', 'EMB_O', 'EMB_O', 'EMB_O', 'EMB_O', 'EMB_O', 'EMB_O', 'EMB_O', 'EMB_O', 'EMB_O', 'EMB_O', 'EMB_O', 'EMB_O', 'EMB_O', 'EMB_O', 'OPN_B', 'OPN_I', 'OPN_I', 'OPN_E', 'ASP_B', 'ASP_E', 'EMB_O', 'EMB_O', 'EMB_P', 'EMB_P', 'EMB_P', 'EMB_P', 'EMB_P', 'EMB_P', 'EMB_P', 'EMB_P', 'EMB_P', 'EMB_P', 'EMB_P', 'EMB_P', 'EMB_P', 'EMB_P', 'EMB_P', 'EMB_P', 'EMB_P', 'EMB_P', 'EMB_P', 'EMB_P', 'EMB_P', 'EMB_P', 'EMB_P', 'EMB_P', 'EMB_P', 'EMB_P', 'EMB_P', 'EMB_P', 'EMB_P', 'EMB_P', 'EMB_P', 'EMB_P', 'EMB_P', 'EMB_P', 'EMB_P', 'EMB_P', 'EMB_P', 'EMB_P', 'EMB_P', 'EMB_P', 'EMB_P', 'EMB_P', 'EMB_P', 'EMB_P', 'EMB_P', 'EMB_P', 'EMB_P', 'EMB_P', 'EMB_P', 'EMB_P', 'EMB_P', 'EMB_P', 'EMB_P', 'EMB_P', 'EMB_P', 'EMB_P', 'EMB_P', 'EMB_P', 'EMB_P', 'EMB_P', 'EMB_P', 'EMB_P', 'EMB_P', 'EMB_P', 'EMB_P', 'EMB_P', 'EMB_P', 'EMB_P', 'EMB_P', 'EMB_P', 'EMB_P', 'EMB_P', 'EMB_P', 'EMB_P', 'EMB_P', 'EMB_P', 'EMB_P', 'EMB_P', 'EMB_P', 'EMB_P', 'EMB_P', 'EMB_P', 'EMB_P', 'EMB_P', 'EMB_P', 'EMB_P', 'EMB_P', 'EMB_P', 'EMB_P', 'EMB_P', 'EMB_P', 'EMB_P', 'EMB_P', 'EMB_P', 'EMB_P', 'EMB_P']"
139,место,отличное,27539:3_1088,"Общее впечатление - отличное место, есть конечно несколько недостатков: чай зачем то принесли в самом начале (просили девушку остановиться от выполнения церемонии чаяналивания, но видимо она совсем не говорит по русски :))), порции конечо не такие огромные как обычно бывает в китайских ресторанах (особено рис - такого больше нигде не встречал:))), и суп к утке так и не принесли.",7.7,7.1,"['EMB_O', 'EMB_O', 'EMB_O', 'EMB_O', 'EMB_O', 'EMB_O', 'EMB_O', 'EMB_O', 'OPN_B', 'OPN_I', 'OPN_E', 'ASP_S', 'EMB_O', 'EMB_O', 'EMB_O', 'EMB_O', 'EMB_O', 'EMB_O', 'EMB_O', 'EMB_O', 'EMB_O', 'EMB_O', 'EMB_O', 'EMB_O', 'EMB_O', 'EMB_O', 'EMB_O', 'EMB_O', 'EMB_O', 'EMB_O', 'EMB_O', 'EMB_O', 'EMB_O', 'EMB_O', 'EMB_O', 'EMB_O', 'EMB_O', 'EMB_O', 'EMB_O', 'EMB_O', 'EMB_O', 'EMB_O', 'EMB_O', 'EMB_O', 'EMB_O', 'EMB_O', 'EMB_O', 'EMB_O', 'EMB_O', 'EMB_O', 'EMB_O', 'EMB_O', 'EMB_O', 'EMB_O', 'EMB_O', 'EMB_O', 'EMB_O', 'EMB_O', 'EMB_O', 'EMB_O', 'EMB_O', 'EMB_O', 'EMB_O', 'EMB_O', 'EMB_O', 'EMB_O', 'EMB_O', 'EMB_O', 'EMB_O', 'EMB_O', 'EMB_O', 'EMB_O', 'EMB_O', 'EMB_O', 'EMB_O', 'EMB_O', 'EMB_O', 'EMB_O', 'EMB_O', 'EMB_O', 'EMB_O', 'EMB_O', 'EMB_O', 'EMB_O', 'EMB_O', 'EMB_O', 'EMB_O', 'EMB_O', 'EMB_O', 'EMB_O', 'EMB_O', 'EMB_O', 'EMB_O', 'EMB_O', 'EMB_O', 'EMB_O', 'EMB_O', 'EMB_O', 'EMB_O', 'EMB_O', 'EMB_O', 'EMB_O', 'EMB_O', 'EMB_O', 'EMB_O', 'EMB_O', 'EMB_O', 'EMB_O', 'EMB_O', 'EMB_O', 'EMB_O', 'EMB_O', 'EMB_O', 'EMB_O', 'EMB_O', 'EMB_O', 'EMB_O', 'EMB_O', 'EMB_O', 'EMB_O', 'EMB_O', 'EMB_O', 'EMB_O', 'EMB_O', 'EMB_P', 'EMB_P', 'EMB_P', 'EMB_P']"
140,девушку,совсем не говорит по русски,27539:3_1088,"Общее впечатление - отличное место, есть конечно несколько недостатков: чай зачем то принесли в самом начале (просили девушку остановиться от выполнения церемонии чаяналивания, но видимо она совсем не говорит по русски :))), порции конечо не такие огромные как обычно бывает в китайских ресторанах (особено рис - такого больше нигде не встречал:))), и суп к утке так и не принесли.",3.0,6.12,"['EMB_O', 'EMB_O', 'EMB_O', 'EMB_O', 'EMB_O', 'EMB_O', 'EMB_O', 'EMB_O', 'EMB_O', 'EMB_O', 'EMB_O', 'EMB_O', 'EMB_O', 'EMB_O', 'EMB_O', 'EMB_O', 'EMB_O', 'EMB_O', 'EMB_O', 'EMB_O', 'EMB_O', 'EMB_O', 'EMB_O', 'EMB_O', 'EMB_O', 'EMB_O', 'EMB_O', 'EMB_O', 'EMB_O', 'EMB_O', 'EMB_O', 'EMB_O', 'EMB_O', 'EMB_O', 'EMB_O', 'ASP_B', 'ASP_I', 'ASP_E', 'EMB_O', 'EMB_O', 'EMB_O', 'EMB_O', 'EMB_O', 'EMB_O', 'EMB_O', 'EMB_O', 'EMB_O', 'EMB_O', 'EMB_O', 'EMB_O', 'EMB_O', 'EMB_O', 'EMB_O', 'EMB_O', 'EMB_O', 'EMB_O', 'OPN_B', 'OPN_I', 'OPN_I', 'OPN_I', 'OPN_I', 'OPN_I', 'OPN_E', 'EMB_O', 'EMB_O', 'EMB_O', 'EMB_O', 'EMB_O', 'EMB_O', 'EMB_O', 'EMB_O', 'EMB_O', 'EMB_O', 'EMB_O', 'EMB_O', 'EMB_O', 'EMB_O', 'EMB_O', 'EMB_O', 'EMB_O', 'EMB_O', 'EMB_O', 'EMB_O', 'EMB_O', 'EMB_O', 'EMB_O', 'EMB_O', 'EMB_O', 'EMB_O', 'EMB_O', 'EMB_O', 'EMB_O', 'EMB_O', 'EMB_O', 'EMB_O', 'EMB_O', 'EMB_O', 'EMB_O', 'EMB_O', 'EMB_O', 'EMB_O', 'EMB_O', 'EMB_O', 'EMB_O', 'EMB_O', 'EMB_O', 'EMB_O', 'EMB_O', 'EMB_O', 'EMB_O', 'EMB_O', 'EMB_O', 'EMB_O', 'EMB_O', 'EMB_O', 'EMB_O', 'EMB_O', 'EMB_O', 'EMB_O', 'EMB_O', 'EMB_O', 'EMB_O', 'EMB_O', 'EMB_O', 'EMB_P', 'EMB_P', 'EMB_P', 'EMB_P']"
141,порции,не такие огромные,27539:3_1088,"Общее впечатление - отличное место, есть конечно несколько недостатков: чай зачем то принесли в самом начале (просили девушку остановиться от выполнения церемонии чаяналивания, но видимо она совсем не говорит по русски :))), порции конечо не такие огромные как обычно бывает в китайских ресторанах (особено рис - такого больше нигде не встречал:))), и суп к утке так и не принесли.",3.38,5.88,"['EMB_O', 'EMB_O', 'EMB_O', 'EMB_O', 'EMB_O', 'EMB_O', 'EMB_O', 'EMB_O', 'EMB_O', 'EMB_O', 'EMB_O', 'EMB_O', 'EMB_O', 'EMB_O', 'EMB_O', 'EMB_O', 'EMB_O', 'OPN_S', 'EMB_O', 'EMB_O', 'EMB_O', 'EMB_O', 'EMB_O', 'EMB_O', 'EMB_O', 'EMB_O', 'EMB_O', 'EMB_O', 'EMB_O', 'EMB_O', 'EMB_O', 'EMB_O', 'EMB_O', 'EMB_O', 'EMB_O', 'EMB_O', 'EMB_O', 'EMB_O', 'EMB_O', 'EMB_O', 'EMB_O', 'EMB_O', 'EMB_O', 'EMB_O', 'EMB_O', 'EMB_O', 'EMB_O', 'EMB_O', 'EMB_O', 'EMB_O', 'EMB_O', 'EMB_O', 'EMB_O', 'EMB_O', 'EMB_O', 'EMB_O', 'EMB_O', 'EMB_O', 'EMB_O', 'EMB_O', 'EMB_O', 'EMB_O', 'EMB_O', 'EMB_O', 'EMB_O', 'EMB_O', 'EMB_O', 'EMB_O', 'ASP_B', 'ASP_E', 'EMB_O', 'EMB_O', 'EMB_O', 'EMB_O', 'OPN_B', 'OPN_I', 'OPN_I', 'OPN_I', 'OPN_E', 'EMB_O', 'EMB_O', 'EMB_O', 'EMB_O', 'EMB_O', 'EMB_O', 'EMB_O', 'EMB_O', 'EMB_O', 'EMB_O', 'EMB_O', 'EMB_O', 'EMB_O', 'EMB_O', 'EMB_O', 'EMB_O', 'EMB_O', 'EMB_O', 'EMB_O', 'EMB_O', 'EMB_O', 'EMB_O', 'EMB_O', 'EMB_O', 'EMB_O', 'EMB_O', 'EMB_O', 'EMB_O', 'EMB_O', 'EMB_O', 'EMB_O', 'EMB_O', 'EMB_O', 'EMB_O', 'EMB_O', 'EMB_O', 'EMB_O', 'EMB_O', 'EMB_O', 'EMB_O', 'EMB_O', 'EMB_O', 'EMB_O', 'EMB_O', 'EMB_O', 'EMB_P', 'EMB_P', 'EMB_P', 'EMB_P']"
142,суп к утке,не принесли,27539:3_1088,"Общее впечатление - отличное место, есть конечно несколько недостатков: чай зачем то принесли в самом начале (просили девушку остановиться от выполнения церемонии чаяналивания, но видимо она совсем не говорит по русски :))), порции конечо не такие огромные как обычно бывает в китайских ресторанах (особено рис - такого больше нигде не встречал:))), и суп к утке так и не принесли.",2.17,7.17,"['EMB_O', 'EMB_O', 'EMB_O', 'EMB_O', 'EMB_O', 'EMB_O', 'EMB_O', 'EMB_O', 'EMB_O', 'EMB_O', 'EMB_O', 'EMB_O', 'EMB_O', 'EMB_O', 'EMB_O', 'EMB_O', 'EMB_O', 'OPN_S', 'EMB_O', 'EMB_O', 'EMB_O', 'EMB_O', 'EMB_O', 'EMB_O', 'EMB_O', 'EMB_O', 'EMB_O', 'OPN_B', 'OPN_E', 'EMB_O', 'EMB_O', 'EMB_O', 'EMB_O', 'EMB_O', 'EMB_O', 'EMB_O', 'EMB_O', 'EMB_O', 'EMB_O', 'EMB_O', 'EMB_O', 'EMB_O', 'EMB_O', 'EMB_O', 'EMB_O', 'EMB_O', 'EMB_O', 'EMB_O', 'EMB_O', 'EMB_O', 'EMB_O', 'EMB_O', 'EMB_O', 'EMB_O', 'EMB_O', 'EMB_O', 'EMB_O', 'EMB_O', 'EMB_O', 'EMB_O', 'EMB_O', 'EMB_O', 'EMB_O', 'EMB_O', 'EMB_O', 'EMB_O', 'EMB_O', 'EMB_O', 'EMB_O', 'EMB_O', 'EMB_O', 'EMB_O', 'EMB_O', 'EMB_O', 'EMB_O', 'EMB_O', 'EMB_O', 'EMB_O', 'EMB_O', 'EMB_O', 'EMB_O', 'EMB_O', 'EMB_O', 'EMB_O', 'EMB_O', 'EMB_O', 'EMB_O', 'EMB_O', 'EMB_O', 'EMB_O', 'EMB_O', 'EMB_O', 'EMB_O', 'EMB_O', 'EMB_O', 'EMB_O', 'EMB_O', 'EMB_O', 'EMB_O', 'EMB_O', 'EMB_O', 'EMB_O', 'EMB_O', 'EMB_O', 'EMB_O', 'EMB_O', 'EMB_O', 'EMB_O', 'EMB_O', 'EMB_O', 'EMB_O', 'EMB_O', 'ASP_B', 'ASP_I', 'ASP_I', 'ASP_I', 'ASP_E', 'EMB_O', 'EMB_O', 'EMB_O', 'EMB_O', 'EMB_O', 'EMB_O', 'EMB_O', 'EMB_P', 'EMB_P', 'EMB_P', 'EMB_P']"
143,девушка администратор,прекрасно,27539:4_1089,"А в остальном все прекрасно: и девушка администратор (помогла нам сделать выбор блюд), уютная атмосфера, в зале не накуренно, обслуживание очень даже быстрое, официатки внимательные, еда вкусная.",8.0,7.67,"['EMB_O', 'EMB_O', 'EMB_O', 'EMB_O', 'EMB_O', 'EMB_O', 'EMB_O', 'OPN_B', 'OPN_I', 'OPN_I', 'OPN_E', 'EMB_O', 'EMB_O', 'ASP_B', 'ASP_I', 'ASP_I', 'ASP_I', 'ASP_I', 'ASP_I', 'ASP_E', 'EMB_O', 'EMB_O', 'EMB_O', 'EMB_O', 'EMB_O', 'EMB_O', 'EMB_O', 'EMB_O', 'EMB_O', 'EMB_O', 'EMB_O', 'EMB_O', 'EMB_O', 'EMB_O', 'EMB_O', 'EMB_O', 'EMB_O', 'EMB_O', 'EMB_O', 'EMB_O', 'EMB_O', 'EMB_O', 'EMB_O', 'EMB_O', 'EMB_O', 'EMB_O', 'EMB_O', 'EMB_O', 'EMB_O', 'EMB_O', 'EMB_O', 'EMB_O', 'EMB_O', 'EMB_O', 'EMB_O', 'EMB_O', 'EMB_O', 'EMB_O', 'EMB_O', 'EMB_O', 'EMB_O', 'EMB_O', 'EMB_O', 'EMB_O', 'EMB_O', 'EMB_O', 'EMB_O', 'EMB_O', 'EMB_O', 'EMB_O', 'EMB_O', 'EMB_O', 'EMB_O', 'EMB_O', 'EMB_O', 'EMB_P', 'EMB_P', 'EMB_P', 'EMB_P', 'EMB_P', 'EMB_P', 'EMB_P', 'EMB_P', 'EMB_P', 'EMB_P', 'EMB_P', 'EMB_P', 'EMB_P', 'EMB_P', 'EMB_P', 'EMB_P', 'EMB_P', 'EMB_P', 'EMB_P', 'EMB_P', 'EMB_P', 'EMB_P', 'EMB_P', 'EMB_P', 'EMB_P', 'EMB_P', 'EMB_P', 'EMB_P', 'EMB_P', 'EMB_P', 'EMB_P', 'EMB_P', 'EMB_P', 'EMB_P', 'EMB_P', 'EMB_P', 'EMB_P', 'EMB_P', 'EMB_P', 'EMB_P', 'EMB_P', 'EMB_P', 'EMB_P', 'EMB_P', 'EMB_P', 'EMB_P', 'EMB_P', 'EMB_P', 'EMB_P', 'EMB_P', 'EMB_P', 'EMB_P', 'EMB_P']"
144,атмосфера,уютная,27539:4_1089,"А в остальном все прекрасно: и девушка администратор (помогла нам сделать выбор блюд), уютная атмосфера, в зале не накуренно, обслуживание очень даже быстрое, официатки внимательные, еда вкусная.",7.1,6.4,"['EMB_O', 'EMB_O', 'EMB_O', 'EMB_O', 'EMB_O', 'EMB_O', 'EMB_O', 'EMB_O', 'EMB_O', 'EMB_O', 'EMB_O', 'EMB_O', 'EMB_O', 'EMB_O', 'EMB_O', 'EMB_O', 'EMB_O', 'EMB_O', 'EMB_O', 'EMB_O', 'EMB_O', 'EMB_O', 'EMB_O', 'EMB_O', 'EMB_O', 'EMB_O', 'EMB_O', 'EMB_O', 'EMB_O', 'EMB_O', 'EMB_O', 'EMB_O', 'EMB_O', 'OPN_B', 'OPN_I', 'OPN_E', 'ASP_B', 'ASP_I', 'ASP_E', 'EMB_O', 'EMB_O', 'EMB_O', 'EMB_O', 'EMB_O', 'EMB_O', 'EMB_O', 'EMB_O', 'EMB_O', 'EMB_O', 'EMB_O', 'EMB_O', 'EMB_O', 'EMB_O', 'EMB_O', 'EMB_O', 'EMB_O', 'EMB_O', 'EMB_O', 'EMB_O', 'EMB_O', 'EMB_O', 'EMB_O', 'EMB_O', 'EMB_O', 'EMB_O', 'EMB_O', 'EMB_O', 'EMB_O', 'EMB_O', 'EMB_O', 'EMB_O', 'EMB_O', 'EMB_O', 'EMB_O', 'EMB_O', 'EMB_P', 'EMB_P', 'EMB_P', 'EMB_P', 'EMB_P', 'EMB_P', 'EMB_P', 'EMB_P', 'EMB_P', 'EMB_P', 'EMB_P', 'EMB_P', 'EMB_P', 'EMB_P', 'EMB_P', 'EMB_P', 'EMB_P', 'EMB_P', 'EMB_P', 'EMB_P', 'EMB_P', 'EMB_P', 'EMB_P', 'EMB_P', 'EMB_P', 'EMB_P', 'EMB_P', 'EMB_P', 'EMB_P', 'EMB_P', 'EMB_P', 'EMB_P', 'EMB_P', 'EMB_P', 'EMB_P', 'EMB_P', 'EMB_P', 'EMB_P', 'EMB_P', 'EMB_P', 'EMB_P', 'EMB_P', 'EMB_P', 'EMB_P', 'EMB_P', 'EMB_P', 'EMB_P', 'EMB_P', 'EMB_P', 'EMB_P', 'EMB_P', 'EMB_P', 'EMB_P']"
145,зале,не накуренно,27539:4_1089,"А в остальном все прекрасно: и девушка администратор (помогла нам сделать выбор блюд), уютная атмосфера, в зале не накуренно, обслуживание очень даже быстрое, официатки внимательные, еда вкусная.",6.7,6.3,"['EMB_O', 'EMB_O', 'EMB_O', 'EMB_O', 'EMB_O', 'EMB_O', 'EMB_O', 'EMB_O', 'EMB_O', 'EMB_O', 'EMB_O', 'EMB_O', 'EMB_O', 'EMB_O', 'EMB_O', 'EMB_O', 'EMB_O', 'EMB_O', 'EMB_O', 'EMB_O', 'EMB_O', 'EMB_O', 'EMB_O', 'EMB_O', 'EMB_O', 'EMB_O', 'EMB_O', 'EMB_O', 'EMB_O', 'EMB_O', 'EMB_O', 'EMB_O', 'EMB_O', 'EMB_O', 'EMB_O', 'EMB_O', 'EMB_O', 'EMB_O', 'EMB_O', 'EMB_O', 'EMB_O', 'ASP_B', 'ASP_E', 'OPN_B', 'OPN_I', 'OPN_I', 'OPN_I', 'OPN_E', 'EMB_O', 'EMB_O', 'EMB_O', 'EMB_O', 'EMB_O', 'EMB_O', 'EMB_O', 'EMB_O', 'EMB_O', 'EMB_O', 'EMB_O', 'EMB_O', 'EMB_O', 'EMB_O', 'EMB_O', 'EMB_O', 'EMB_O', 'EMB_O', 'EMB_O', 'EMB_O', 'EMB_O', 'EMB_O', 'EMB_O', 'EMB_O', 'EMB_O', 'EMB_O', 'EMB_O', 'EMB_P', 'EMB_P', 'EMB_P', 'EMB_P', 'EMB_P', 'EMB_P', 'EMB_P', 'EMB_P', 'EMB_P', 'EMB_P', 'EMB_P', 'EMB_P', 'EMB_P', 'EMB_P', 'EMB_P', 'EMB_P', 'EMB_P', 'EMB_P', 'EMB_P', 'EMB_P', 'EMB_P', 'EMB_P', 'EMB_P', 'EMB_P', 'EMB_P', 'EMB_P', 'EMB_P', 'EMB_P', 'EMB_P', 'EMB_P', 'EMB_P', 'EMB_P', 'EMB_P', 'EMB_P', 'EMB_P', 'EMB_P', 'EMB_P', 'EMB_P', 'EMB_P', 'EMB_P', 'EMB_P', 'EMB_P', 'EMB_P', 'EMB_P', 'EMB_P', 'EMB_P', 'EMB_P', 'EMB_P', 'EMB_P', 'EMB_P', 'EMB_P', 'EMB_P', 'EMB_P']"
146,обслуживание,очень даже быстрое,27539:4_1089,"А в остальном все прекрасно: и девушка администратор (помогла нам сделать выбор блюд), уютная атмосфера, в зале не накуренно, обслуживание очень даже быстрое, официатки внимательные, еда вкусная.",7.5,6.7,"['EMB_O', 'EMB_O', 'EMB_O', 'EMB_O', 'EMB_O', 'EMB_O', 'EMB_O', 'EMB_O', 'EMB_O', 'EMB_O', 'EMB_O', 'EMB_O', 'EMB_O', 'EMB_O', 'EMB_O', 'EMB_O', 'EMB_O', 'EMB_O', 'EMB_O', 'EMB_O', 'EMB_O', 'EMB_O', 'EMB_O', 'EMB_O', 'EMB_O', 'EMB_O', 'EMB_O', 'EMB_O', 'EMB_O', 'EMB_O', 'EMB_O', 'EMB_O', 'EMB_O', 'EMB_O', 'EMB_O', 'EMB_O', 'EMB_O', 'EMB_O', 'EMB_O', 'EMB_O', 'EMB_O', 'EMB_O', 'EMB_O', 'EMB_O', 'EMB_O', 'EMB_O', 'EMB_O', 'EMB_O', 'EMB_O', 'ASP_B', 'ASP_I', 'ASP_I', 'ASP_E', 'OPN_B', 'OPN_I', 'OPN_I', 'OPN_E', 'EMB_O', 'EMB_O', 'EMB_O', 'EMB_O', 'EMB_O', 'EMB_O', 'EMB_O', 'EMB_O', 'EMB_O', 'EMB_O', 'EMB_O', 'EMB_O', 'EMB_O', 'EMB_O', 'EMB_O', 'EMB_O', 'EMB_O', 'EMB_O', 'EMB_P', 'EMB_P', 'EMB_P', 'EMB_P', 'EMB_P', 'EMB_P', 'EMB_P', 'EMB_P', 'EMB_P', 'EMB_P', 'EMB_P', 'EMB_P', 'EMB_P', 'EMB_P', 'EMB_P', 'EMB_P', 'EMB_P', 'EMB_P', 'EMB_P', 'EMB_P', 'EMB_P', 'EMB_P', 'EMB_P', 'EMB_P', 'EMB_P', 'EMB_P', 'EMB_P', 'EMB_P', 'EMB_P', 'EMB_P', 'EMB_P', 'EMB_P', 'EMB_P', 'EMB_P', 'EMB_P', 'EMB_P', 'EMB_P', 'EMB_P', 'EMB_P', 'EMB_P', 'EMB_P', 'EMB_P', 'EMB_P', 'EMB_P', 'EMB_P', 'EMB_P', 'EMB_P', 'EMB_P', 'EMB_P', 'EMB_P', 'EMB_P', 'EMB_P', 'EMB_P']"
147,официатки,внимательные,27539:4_1089,"А в остальном все прекрасно: и девушка администратор (помогла нам сделать выбор блюд), уютная атмосфера, в зале не накуренно, обслуживание очень даже быстрое, официатки внимательные, еда вкусная.",7.0,6.6,"['EMB_O', 'EMB_O', 'OPN_S', 'EMB_O', 'EMB_O', 'EMB_O', 'EMB_O', 'EMB_O', 'EMB_O', 'EMB_O', 'EMB_O', 'EMB_O', 'EMB_O', 'EMB_O', 'EMB_O', 'EMB_O', 'EMB_O', 'EMB_O', 'EMB_O', 'EMB_O', 'EMB_O', 'EMB_O', 'EMB_O', 'EMB_O', 'EMB_O', 'EMB_O', 'EMB_O', 'EMB_O', 'EMB_O', 'EMB_O', 'EMB_O', 'EMB_O', 'EMB_O', 'EMB_O', 'EMB_O', 'EMB_O', 'EMB_O', 'EMB_O', 'EMB_O', 'EMB_O', 'EMB_O', 'EMB_O', 'EMB_O', 'EMB_O', 'EMB_O', 'EMB_O', 'EMB_O', 'EMB_O', 'EMB_O', 'EMB_O', 'EMB_O', 'EMB_O', 'EMB_O', 'EMB_O', 'EMB_O', 'EMB_O', 'EMB_O', 'EMB_O', 'ASP_B', 'ASP_I', 'ASP_I', 'ASP_I', 'ASP_E', 'EMB_O', 'OPN_B', 'OPN_E', 'EMB_O', 'EMB_O', 'EMB_O', 'EMB_O', 'EMB_O', 'EMB_O', 'EMB_O', 'EMB_O', 'EMB_O', 'EMB_P', 'EMB_P', 'EMB_P', 'EMB_P', 'EMB_P', 'EMB_P', 'EMB_P', 'EMB_P', 'EMB_P', 'EMB_P', 'EMB_P', 'EMB_P', 'EMB_P', 'EMB_P', 'EMB_P', 'EMB_P', 'EMB_P', 'EMB_P', 'EMB_P', 'EMB_P', 'EMB_P', 'EMB_P', 'EMB_P', 'EMB_P', 'EMB_P', 'EMB_P', 'EMB_P', 'EMB_P', 'EMB_P', 'EMB_P', 'EMB_P', 'EMB_P', 'EMB_P', 'EMB_P', 'EMB_P', 'EMB_P', 'EMB_P', 'EMB_P', 'EMB_P', 'EMB_P', 'EMB_P', 'EMB_P', 'EMB_P', 'EMB_P', 'EMB_P', 'EMB_P', 'EMB_P', 'EMB_P', 'EMB_P', 'EMB_P', 'EMB_P', 'EMB_P', 'EMB_P']"
148,еда,вкусная,27539:4_1089,"А в остальном все прекрасно: и девушка администратор (помогла нам сделать выбор блюд), уютная атмосфера, в зале не накуренно, обслуживание очень даже быстрое, официатки внимательные, еда вкусная.",7.0,6.6,"['EMB_O', 'EMB_O', 'OPN_S', 'EMB_O', 'EMB_O', 'EMB_O', 'EMB_O', 'EMB_O', 'EMB_O', 'EMB_O', 'EMB_O', 'EMB_O', 'EMB_O', 'EMB_O', 'EMB_O', 'EMB_O', 'EMB_O', 'EMB_O', 'EMB_O', 'EMB_O', 'EMB_O', 'EMB_O', 'EMB_O', 'EMB_O', 'EMB_O', 'EMB_O', 'EMB_O', 'EMB_O', 'EMB_O', 'EMB_O', 'EMB_O', 'EMB_O', 'EMB_O', 'EMB_O', 'EMB_O', 'EMB_O', 'EMB_O', 'EMB_O', 'EMB_O', 'EMB_O', 'EMB_O', 'EMB_O', 'EMB_O', 'EMB_O', 'EMB_O', 'OPN_S', 'EMB_O', 'EMB_O', 'EMB_O', 'EMB_O', 'EMB_O', 'EMB_O', 'EMB_O', 'EMB_O', 'EMB_O', 'EMB_O', 'EMB_O', 'EMB_O', 'EMB_O', 'EMB_O', 'EMB_O', 'EMB_O', 'EMB_O', 'EMB_O', 'EMB_O', 'EMB_O', 'EMB_O', 'ASP_B', 'ASP_E', 'EMB_O', 'EMB_O', 'OPN_B', 'OPN_E', 'EMB_O', 'EMB_O', 'EMB_P', 'EMB_P', 'EMB_P', 'EMB_P', 'EMB_P', 'EMB_P', 'EMB_P', 'EMB_P', 'EMB_P', 'EMB_P', 'EMB_P', 'EMB_P', 'EMB_P', 'EMB_P', 'EMB_P', 'EMB_P', 'EMB_P', 'EMB_P', 'EMB_P', 'EMB_P', 'EMB_P', 'EMB_P', 'EMB_P', 'EMB_P', 'EMB_P', 'EMB_P', 'EMB_P', 'EMB_P', 'EMB_P', 'EMB_P', 'EMB_P', 'EMB_P', 'EMB_P', 'EMB_P', 'EMB_P', 'EMB_P', 'EMB_P', 'EMB_P', 'EMB_P', 'EMB_P', 'EMB_P', 'EMB_P', 'EMB_P', 'EMB_P', 'EMB_P', 'EMB_P', 'EMB_P', 'EMB_P', 'EMB_P', 'EMB_P', 'EMB_P', 'EMB_P', 'EMB_P']"
149,китайский ресторан,чуть дороже,27539:5_1090,"В целом приличный китайский ресторан, еда конечно чуть дороже, чем скажем в ""Харбине"", но ресторан того стоит.",4.75,3.62,"['EMB_O', 'EMB_O', 'EMB_O', 'EMB_O', 'EMB_O', 'EMB_O', 'ASP_B', 'ASP_I', 'ASP_I', 'ASP_I', 'ASP_I', 'ASP_E', 'EMB_O', 'EMB_O', 'EMB_O', 'EMB_O', 'EMB_O', 'OPN_B', 'OPN_I', 'OPN_I', 'OPN_I', 'OPN_E', 'EMB_O', 'EMB_O', 'EMB_O', 'EMB_O', 'EMB_O', 'EMB_O', 'EMB_O', 'EMB_O', 'EMB_O', 'EMB_O', 'EMB_O', 'EMB_O', 'EMB_O', 'EMB_O', 'EMB_O', 'EMB_O', 'EMB_O', 'EMB_O', 'EMB_O', 'EMB_O', 'EMB_O', 'EMB_O', 'EMB_P', 'EMB_P', 'EMB_P', 'EMB_P', 'EMB_P', 'EMB_P', 'EMB_P', 'EMB_P', 'EMB_P', 'EMB_P', 'EMB_P', 'EMB_P', 'EMB_P', 'EMB_P', 'EMB_P', 'EMB_P', 'EMB_P', 'EMB_P', 'EMB_P', 'EMB_P', 'EMB_P', 'EMB_P', 'EMB_P', 'EMB_P', 'EMB_P', 'EMB_P', 'EMB_P', 'EMB_P', 'EMB_P', 'EMB_P', 'EMB_P', 'EMB_P', 'EMB_P', 'EMB_P', 'EMB_P', 'EMB_P', 'EMB_P', 'EMB_P', 'EMB_P', 'EMB_P', 'EMB_P', 'EMB_P', 'EMB_P', 'EMB_P', 'EMB_P', 'EMB_P', 'EMB_P', 'EMB_P', 'EMB_P', 'EMB_P', 'EMB_P', 'EMB_P', 'EMB_P', 'EMB_P', 'EMB_P', 'EMB_P', 'EMB_P', 'EMB_P', 'EMB_P', 'EMB_P', 'EMB_P', 'EMB_P', 'EMB_P', 'EMB_P', 'EMB_P', 'EMB_P', 'EMB_P', 'EMB_P', 'EMB_P', 'EMB_P', 'EMB_P', 'EMB_P', 'EMB_P', 'EMB_P', 'EMB_P', 'EMB_P', 'EMB_P', 'EMB_P', 'EMB_P', 'EMB_P', 'EMB_P', 'EMB_P', 'EMB_P', 'EMB_P']"
150,ресторан,любимым,27569:2_1091,"Всё очень понравилось - и кухня, и обслуживание, и обстановка. этот ресторан сразу стал любимым, поэтому время от времени туда заглядываем.",8.5,7.88,"['EMB_O', 'EMB_O', 'EMB_O', 'EMB_O', 'EMB_O', 'EMB_O', 'EMB_O', 'EMB_O', 'EMB_O', 'EMB_O', 'EMB_O', 'EMB_O', 'EMB_O', 'EMB_O', 'EMB_O', 'EMB_O', 'EMB_O', 'EMB_O', 'EMB_O', 'EMB_O', 'EMB_O', 'EMB_O', 'EMB_O', 'EMB_O', 'EMB_O', 'ASP_B', 'ASP_I', 'ASP_E', 'EMB_O', 'EMB_O', 'OPN_B', 'OPN_I', 'OPN_I', 'OPN_E', 'EMB_O', 'EMB_O', 'EMB_O', 'EMB_O', 'EMB_O', 'EMB_O', 'EMB_O', 'EMB_O', 'EMB_O', 'EMB_O', 'EMB_O', 'EMB_O', 'EMB_O', 'EMB_O', 'EMB_P', 'EMB_P', 'EMB_P', 'EMB_P', 'EMB_P', 'EMB_P', 'EMB_P', 'EMB_P', 'EMB_P', 'EMB_P', 'EMB_P', 'EMB_P', 'EMB_P', 'EMB_P', 'EMB_P', 'EMB_P', 'EMB_P', 'EMB_P', 'EMB_P', 'EMB_P', 'EMB_P', 'EMB_P', 'EMB_P', 'EMB_P', 'EMB_P', 'EMB_P', 'EMB_P', 'EMB_P', 'EMB_P', 'EMB_P', 'EMB_P', 'EMB_P', 'EMB_P', 'EMB_P', 'EMB_P', 'EMB_P', 'EMB_P', 'EMB_P', 'EMB_P', 'EMB_P', 'EMB_P', 'EMB_P', 'EMB_P', 'EMB_P', 'EMB_P', 'EMB_P', 'EMB_P', 'EMB_P', 'EMB_P', 'EMB_P', 'EMB_P', 'EMB_P', 'EMB_P', 'EMB_P', 'EMB_P', 'EMB_P', 'EMB_P', 'EMB_P', 'EMB_P', 'EMB_P', 'EMB_P', 'EMB_P', 'EMB_P', 'EMB_P', 'EMB_P', 'EMB_P', 'EMB_P', 'EMB_P', 'EMB_P', 'EMB_P', 'EMB_P', 'EMB_P', 'EMB_P', 'EMB_P', 'EMB_P', 'EMB_P', 'EMB_P', 'EMB_P', 'EMB_P', 'EMB_P']"
151,еду,очень вкусно,27569:6_1092,"Готовят в Арагви очень вкусно, ждать еду приходится недолго.",7.8,7.2,"['EMB_O', 'EMB_O', 'EMB_O', 'EMB_O', 'EMB_O', 'EMB_O', 'EMB_O', 'EMB_O', 'OPN_B', 'OPN_I', 'OPN_I', 'OPN_E', 'EMB_O', 'EMB_O', 'EMB_O', 'ASP_B', 'ASP_E', 'EMB_O', 'EMB_O', 'EMB_O', 'EMB_O', 'EMB_O', 'EMB_P', 'EMB_P', 'EMB_P', 'EMB_P', 'EMB_P', 'EMB_P', 'EMB_P', 'EMB_P', 'EMB_P', 'EMB_P', 'EMB_P', 'EMB_P', 'EMB_P', 'EMB_P', 'EMB_P', 'EMB_P', 'EMB_P', 'EMB_P', 'EMB_P', 'EMB_P', 'EMB_P', 'EMB_P', 'EMB_P', 'EMB_P', 'EMB_P', 'EMB_P', 'EMB_P', 'EMB_P', 'EMB_P', 'EMB_P', 'EMB_P', 'EMB_P', 'EMB_P', 'EMB_P', 'EMB_P', 'EMB_P', 'EMB_P', 'EMB_P', 'EMB_P', 'EMB_P', 'EMB_P', 'EMB_P', 'EMB_P', 'EMB_P', 'EMB_P', 'EMB_P', 'EMB_P', 'EMB_P', 'EMB_P', 'EMB_P', 'EMB_P', 'EMB_P', 'EMB_P', 'EMB_P', 'EMB_P', 'EMB_P', 'EMB_P', 'EMB_P', 'EMB_P', 'EMB_P', 'EMB_P', 'EMB_P', 'EMB_P', 'EMB_P', 'EMB_P', 'EMB_P', 'EMB_P', 'EMB_P', 'EMB_P', 'EMB_P', 'EMB_P', 'EMB_P', 'EMB_P', 'EMB_P', 'EMB_P', 'EMB_P', 'EMB_P', 'EMB_P', 'EMB_P', 'EMB_P', 'EMB_P', 'EMB_P', 'EMB_P', 'EMB_P', 'EMB_P', 'EMB_P', 'EMB_P', 'EMB_P', 'EMB_P', 'EMB_P', 'EMB_P', 'EMB_P', 'EMB_P', 'EMB_P', 'EMB_P', 'EMB_P', 'EMB_P', 'EMB_P', 'EMB_P', 'EMB_P', 'EMB_P', 'EMB_P', 'EMB_P', 'EMB_P', 'EMB_P', 'EMB_P']"
152,зелень с овощами,целую корзинку,27569:7_1093,"Заказывали зелень с овощами, так там принесли этогго добра целую корзинку.))",7.33,7.17,"['EMB_O', 'EMB_O', 'EMB_O', 'EMB_O', 'ASP_B', 'ASP_I', 'ASP_I', 'ASP_I', 'ASP_I', 'ASP_I', 'ASP_E', 'EMB_O', 'EMB_O', 'EMB_O', 'EMB_O', 'EMB_O', 'EMB_O', 'EMB_O', 'EMB_O', 'EMB_O', 'OPN_B', 'OPN_I', 'OPN_I', 'OPN_I', 'OPN_E', 'EMB_O', 'EMB_O', 'EMB_O', 'EMB_O', 'EMB_P', 'EMB_P', 'EMB_P', 'EMB_P', 'EMB_P', 'EMB_P', 'EMB_P', 'EMB_P', 'EMB_P', 'EMB_P', 'EMB_P', 'EMB_P', 'EMB_P', 'EMB_P', 'EMB_P', 'EMB_P', 'EMB_P', 'EMB_P', 'EMB_P', 'EMB_P', 'EMB_P', 'EMB_P', 'EMB_P', 'EMB_P', 'EMB_P', 'EMB_P', 'EMB_P', 'EMB_P', 'EMB_P', 'EMB_P', 'EMB_P', 'EMB_P', 'EMB_P', 'EMB_P', 'EMB_P', 'EMB_P', 'EMB_P', 'EMB_P', 'EMB_P', 'EMB_P', 'EMB_P', 'EMB_P', 'EMB_P', 'EMB_P', 'EMB_P', 'EMB_P', 'EMB_P', 'EMB_P', 'EMB_P', 'EMB_P', 'EMB_P', 'EMB_P', 'EMB_P', 'EMB_P', 'EMB_P', 'EMB_P', 'EMB_P', 'EMB_P', 'EMB_P', 'EMB_P', 'EMB_P', 'EMB_P', 'EMB_P', 'EMB_P', 'EMB_P', 'EMB_P', 'EMB_P', 'EMB_P', 'EMB_P', 'EMB_P', 'EMB_P', 'EMB_P', 'EMB_P', 'EMB_P', 'EMB_P', 'EMB_P', 'EMB_P', 'EMB_P', 'EMB_P', 'EMB_P', 'EMB_P', 'EMB_P', 'EMB_P', 'EMB_P', 'EMB_P', 'EMB_P', 'EMB_P', 'EMB_P', 'EMB_P', 'EMB_P', 'EMB_P', 'EMB_P', 'EMB_P', 'EMB_P', 'EMB_P', 'EMB_P', 'EMB_P', 'EMB_P', 'EMB_P']"
153,шашлык,на любителя,27569:8_1094,"шашлык на любителя- кому-то нравится из телятины, кому-то из свинины.",5.1,3.4,"['EMB_O', 'ASP_B', 'ASP_I', 'ASP_E', 'OPN_B', 'OPN_I', 'OPN_I', 'OPN_I', 'OPN_E', 'EMB_O', 'EMB_O', 'EMB_O', 'EMB_O', 'EMB_O', 'EMB_O', 'EMB_O', 'EMB_O', 'EMB_O', 'EMB_O', 'EMB_O', 'EMB_O', 'EMB_O', 'EMB_O', 'EMB_O', 'EMB_O', 'EMB_O', 'EMB_O', 'EMB_O', 'EMB_O', 'EMB_O', 'EMB_O', 'EMB_O', 'EMB_P', 'EMB_P', 'EMB_P', 'EMB_P', 'EMB_P', 'EMB_P', 'EMB_P', 'EMB_P', 'EMB_P', 'EMB_P', 'EMB_P', 'EMB_P', 'EMB_P', 'EMB_P', 'EMB_P', 'EMB_P', 'EMB_P', 'EMB_P', 'EMB_P', 'EMB_P', 'EMB_P', 'EMB_P', 'EMB_P', 'EMB_P', 'EMB_P', 'EMB_P', 'EMB_P', 'EMB_P', 'EMB_P', 'EMB_P', 'EMB_P', 'EMB_P', 'EMB_P', 'EMB_P', 'EMB_P', 'EMB_P', 'EMB_P', 'EMB_P', 'EMB_P', 'EMB_P', 'EMB_P', 'EMB_P', 'EMB_P', 'EMB_P', 'EMB_P', 'EMB_P', 'EMB_P', 'EMB_P', 'EMB_P', 'EMB_P', 'EMB_P', 'EMB_P', 'EMB_P', 'EMB_P', 'EMB_P', 'EMB_P', 'EMB_P', 'EMB_P', 'EMB_P', 'EMB_P', 'EMB_P', 'EMB_P', 'EMB_P', 'EMB_P', 'EMB_P', 'EMB_P', 'EMB_P', 'EMB_P', 'EMB_P', 'EMB_P', 'EMB_P', 'EMB_P', 'EMB_P', 'EMB_P', 'EMB_P', 'EMB_P', 'EMB_P', 'EMB_P', 'EMB_P', 'EMB_P', 'EMB_P', 'EMB_P', 'EMB_P', 'EMB_P', 'EMB_P', 'EMB_P', 'EMB_P', 'EMB_P', 'EMB_P', 'EMB_P', 'EMB_P', 'EMB_P', 'EMB_P', 'EMB_P', 'EMB_P', 'EMB_P']"
154,чебуреки,Очень вкусные,27569:9_1095,Очень вкусные чебуреки!,8.12,7.88,"['EMB_O', 'OPN_B', 'OPN_I', 'OPN_I', 'OPN_I', 'OPN_E', 'ASP_B', 'ASP_I', 'ASP_E', 'EMB_O', 'EMB_O', 'EMB_P', 'EMB_P', 'EMB_P', 'EMB_P', 'EMB_P', 'EMB_P', 'EMB_P', 'EMB_P', 'EMB_P', 'EMB_P', 'EMB_P', 'EMB_P', 'EMB_P', 'EMB_P', 'EMB_P', 'EMB_P', 'EMB_P', 'EMB_P', 'EMB_P', 'EMB_P', 'EMB_P', 'EMB_P', 'EMB_P', 'EMB_P', 'EMB_P', 'EMB_P', 'EMB_P', 'EMB_P', 'EMB_P', 'EMB_P', 'EMB_P', 'EMB_P', 'EMB_P', 'EMB_P', 'EMB_P', 'EMB_P', 'EMB_P', 'EMB_P', 'EMB_P', 'EMB_P', 'EMB_P', 'EMB_P', 'EMB_P', 'EMB_P', 'EMB_P', 'EMB_P', 'EMB_P', 'EMB_P', 'EMB_P', 'EMB_P', 'EMB_P', 'EMB_P', 'EMB_P', 'EMB_P', 'EMB_P', 'EMB_P', 'EMB_P', 'EMB_P', 'EMB_P', 'EMB_P', 'EMB_P', 'EMB_P', 'EMB_P', 'EMB_P', 'EMB_P', 'EMB_P', 'EMB_P', 'EMB_P', 'EMB_P', 'EMB_P', 'EMB_P', 'EMB_P', 'EMB_P', 'EMB_P', 'EMB_P', 'EMB_P', 'EMB_P', 'EMB_P', 'EMB_P', 'EMB_P', 'EMB_P', 'EMB_P', 'EMB_P', 'EMB_P', 'EMB_P', 'EMB_P', 'EMB_P', 'EMB_P', 'EMB_P', 'EMB_P', 'EMB_P', 'EMB_P', 'EMB_P', 'EMB_P', 'EMB_P', 'EMB_P', 'EMB_P', 'EMB_P', 'EMB_P', 'EMB_P', 'EMB_P', 'EMB_P', 'EMB_P', 'EMB_P', 'EMB_P', 'EMB_P', 'EMB_P', 'EMB_P', 'EMB_P', 'EMB_P', 'EMB_P', 'EMB_P', 'EMB_P', 'EMB_P', 'EMB_P', 'EMB_P', 'EMB_P']"
155,десертов,очень вкусные,27569:10_1096,"десертов немного, но тоже очень вкусные.",7.8,7.0,"['EMB_O', 'ASP_B', 'ASP_I', 'ASP_E', 'EMB_O', 'EMB_O', 'EMB_O', 'EMB_O', 'OPN_B', 'OPN_I', 'OPN_I', 'OPN_E', 'EMB_O', 'EMB_O', 'EMB_P', 'EMB_P', 'EMB_P', 'EMB_P', 'EMB_P', 'EMB_P', 'EMB_P', 'EMB_P', 'EMB_P', 'EMB_P', 'EMB_P', 'EMB_P', 'EMB_P', 'EMB_P', 'EMB_P', 'EMB_P', 'EMB_P', 'EMB_P', 'EMB_P', 'EMB_P', 'EMB_P', 'EMB_P', 'EMB_P', 'EMB_P', 'EMB_P', 'EMB_P', 'EMB_P', 'EMB_P', 'EMB_P', 'EMB_P', 'EMB_P', 'EMB_P', 'EMB_P', 'EMB_P', 'EMB_P', 'EMB_P', 'EMB_P', 'EMB_P', 'EMB_P', 'EMB_P', 'EMB_P', 'EMB_P', 'EMB_P', 'EMB_P', 'EMB_P', 'EMB_P', 'EMB_P', 'EMB_P', 'EMB_P', 'EMB_P', 'EMB_P', 'EMB_P', 'EMB_P', 'EMB_P', 'EMB_P', 'EMB_P', 'EMB_P', 'EMB_P', 'EMB_P', 'EMB_P', 'EMB_P', 'EMB_P', 'EMB_P', 'EMB_P', 'EMB_P', 'EMB_P', 'EMB_P', 'EMB_P', 'EMB_P', 'EMB_P', 'EMB_P', 'EMB_P', 'EMB_P', 'EMB_P', 'EMB_P', 'EMB_P', 'EMB_P', 'EMB_P', 'EMB_P', 'EMB_P', 'EMB_P', 'EMB_P', 'EMB_P', 'EMB_P', 'EMB_P', 'EMB_P', 'EMB_P', 'EMB_P', 'EMB_P', 'EMB_P', 'EMB_P', 'EMB_P', 'EMB_P', 'EMB_P', 'EMB_P', 'EMB_P', 'EMB_P', 'EMB_P', 'EMB_P', 'EMB_P', 'EMB_P', 'EMB_P', 'EMB_P', 'EMB_P', 'EMB_P', 'EMB_P', 'EMB_P', 'EMB_P', 'EMB_P', 'EMB_P', 'EMB_P', 'EMB_P', 'EMB_P', 'EMB_P']"
156,грузинских вин,нет,27569:11_1097,"Пробовали лёгкий десерт и печёную грушу. жаль,что нет грузинских вин... но их нигде нет.",3.33,5.67,"['EMB_O', 'EMB_O', 'EMB_O', 'EMB_O', 'EMB_O', 'EMB_O', 'EMB_O', 'EMB_O', 'EMB_O', 'EMB_O', 'EMB_O', 'EMB_O', 'EMB_O', 'EMB_O', 'EMB_O', 'EMB_O', 'ASP_S', 'EMB_O', 'EMB_O', 'EMB_O', 'EMB_O', 'EMB_O', 'EMB_O', 'EMB_O', 'OPN_S', 'EMB_O', 'ASP_B', 'ASP_I', 'ASP_I', 'ASP_E', 'EMB_O', 'EMB_O', 'EMB_O', 'EMB_O', 'EMB_O', 'EMB_O', 'EMB_O', 'EMB_O', 'EMB_O', 'EMB_O', 'EMB_O', 'EMB_P', 'EMB_P', 'EMB_P', 'EMB_P', 'EMB_P', 'EMB_P', 'EMB_P', 'EMB_P', 'EMB_P', 'EMB_P', 'EMB_P', 'EMB_P', 'EMB_P', 'EMB_P', 'EMB_P', 'EMB_P', 'EMB_P', 'EMB_P', 'EMB_P', 'EMB_P', 'EMB_P', 'EMB_P', 'EMB_P', 'EMB_P', 'EMB_P', 'EMB_P', 'EMB_P', 'EMB_P', 'EMB_P', 'EMB_P', 'EMB_P', 'EMB_P', 'EMB_P', 'EMB_P', 'EMB_P', 'EMB_P', 'EMB_P', 'EMB_P', 'EMB_P', 'EMB_P', 'EMB_P', 'EMB_P', 'EMB_P', 'EMB_P', 'EMB_P', 'EMB_P', 'EMB_P', 'EMB_P', 'EMB_P', 'EMB_P', 'EMB_P', 'EMB_P', 'EMB_P', 'EMB_P', 'EMB_P', 'EMB_P', 'EMB_P', 'EMB_P', 'EMB_P', 'EMB_P', 'EMB_P', 'EMB_P', 'EMB_P', 'EMB_P', 'EMB_P', 'EMB_P', 'EMB_P', 'EMB_P', 'EMB_P', 'EMB_P', 'EMB_P', 'EMB_P', 'EMB_P', 'EMB_P', 'EMB_P', 'EMB_P', 'EMB_P', 'EMB_P', 'EMB_P', 'EMB_P', 'EMB_P', 'EMB_P', 'EMB_P', 'EMB_P', 'EMB_P', 'EMB_P', 'EMB_P']"
157,Музыка,негромкая,27569:12_1098,"Музыка в ресторане негромкая, обстановка располагает к общению.",6.3,5.5,"['EMB_O', 'ASP_B', 'ASP_I', 'ASP_E', 'EMB_O', 'EMB_O', 'EMB_O', 'EMB_O', 'OPN_B', 'OPN_I', 'OPN_I', 'OPN_E', 'EMB_O', 'EMB_O', 'EMB_O', 'EMB_O', 'EMB_O', 'EMB_O', 'EMB_O', 'EMB_O', 'EMB_O', 'EMB_O', 'EMB_O', 'EMB_O', 'EMB_O', 'EMB_P', 'EMB_P', 'EMB_P', 'EMB_P', 'EMB_P', 'EMB_P', 'EMB_P', 'EMB_P', 'EMB_P', 'EMB_P', 'EMB_P', 'EMB_P', 'EMB_P', 'EMB_P', 'EMB_P', 'EMB_P', 'EMB_P', 'EMB_P', 'EMB_P', 'EMB_P', 'EMB_P', 'EMB_P', 'EMB_P', 'EMB_P', 'EMB_P', 'EMB_P', 'EMB_P', 'EMB_P', 'EMB_P', 'EMB_P', 'EMB_P', 'EMB_P', 'EMB_P', 'EMB_P', 'EMB_P', 'EMB_P', 'EMB_P', 'EMB_P', 'EMB_P', 'EMB_P', 'EMB_P', 'EMB_P', 'EMB_P', 'EMB_P', 'EMB_P', 'EMB_P', 'EMB_P', 'EMB_P', 'EMB_P', 'EMB_P', 'EMB_P', 'EMB_P', 'EMB_P', 'EMB_P', 'EMB_P', 'EMB_P', 'EMB_P', 'EMB_P', 'EMB_P', 'EMB_P', 'EMB_P', 'EMB_P', 'EMB_P', 'EMB_P', 'EMB_P', 'EMB_P', 'EMB_P', 'EMB_P', 'EMB_P', 'EMB_P', 'EMB_P', 'EMB_P', 'EMB_P', 'EMB_P', 'EMB_P', 'EMB_P', 'EMB_P', 'EMB_P', 'EMB_P', 'EMB_P', 'EMB_P', 'EMB_P', 'EMB_P', 'EMB_P', 'EMB_P', 'EMB_P', 'EMB_P', 'EMB_P', 'EMB_P', 'EMB_P', 'EMB_P', 'EMB_P', 'EMB_P', 'EMB_P', 'EMB_P', 'EMB_P', 'EMB_P', 'EMB_P', 'EMB_P', 'EMB_P', 'EMB_P', 'EMB_P', 'EMB_P']"
158,обстановка,располагает,27569:12_1098,"Музыка в ресторане негромкая, обстановка располагает к общению.",6.88,6.38,"['EMB_O', 'EMB_O', 'EMB_O', 'EMB_O', 'EMB_O', 'OPN_S', 'EMB_O', 'EMB_O', 'EMB_O', 'EMB_O', 'EMB_O', 'EMB_O', 'EMB_O', 'ASP_B', 'ASP_I', 'ASP_E', 'EMB_O', 'OPN_B', 'OPN_I', 'OPN_E', 'EMB_O', 'EMB_O', 'EMB_O', 'EMB_O', 'EMB_O', 'EMB_P', 'EMB_P', 'EMB_P', 'EMB_P', 'EMB_P', 'EMB_P', 'EMB_P', 'EMB_P', 'EMB_P', 'EMB_P', 'EMB_P', 'EMB_P', 'EMB_P', 'EMB_P', 'EMB_P', 'EMB_P', 'EMB_P', 'EMB_P', 'EMB_P', 'EMB_P', 'EMB_P', 'EMB_P', 'EMB_P', 'EMB_P', 'EMB_P', 'EMB_P', 'EMB_P', 'EMB_P', 'EMB_P', 'EMB_P', 'EMB_P', 'EMB_P', 'EMB_P', 'EMB_P', 'EMB_P', 'EMB_P', 'EMB_P', 'EMB_P', 'EMB_P', 'EMB_P', 'EMB_P', 'EMB_P', 'EMB_P', 'EMB_P', 'EMB_P', 'EMB_P', 'EMB_P', 'EMB_P', 'EMB_P', 'EMB_P', 'EMB_P', 'EMB_P', 'EMB_P', 'EMB_P', 'EMB_P', 'EMB_P', 'EMB_P', 'EMB_P', 'EMB_P', 'EMB_P', 'EMB_P', 'EMB_P', 'EMB_P', 'EMB_P', 'EMB_P', 'EMB_P', 'EMB_P', 'EMB_P', 'EMB_P', 'EMB_P', 'EMB_P', 'EMB_P', 'EMB_P', 'EMB_P', 'EMB_P', 'EMB_P', 'EMB_P', 'EMB_P', 'EMB_P', 'EMB_P', 'EMB_P', 'EMB_P', 'EMB_P', 'EMB_P', 'EMB_P', 'EMB_P', 'EMB_P', 'EMB_P', 'EMB_P', 'EMB_P', 'EMB_P', 'EMB_P', 'EMB_P', 'EMB_P', 'EMB_P', 'EMB_P', 'EMB_P', 'EMB_P', 'EMB_P', 'EMB_P', 'EMB_P', 'EMB_P', 'EMB_P']"
159,Арагви,недорого,27569:13_1099,"Так что если нужно спокойное, приятное место, где можно вкусно и недорого поесть, Арагви - самый лучший вариант!приходите, не пожалеете!",6.88,6.38,"['EMB_O', 'EMB_O', 'EMB_O', 'EMB_O', 'EMB_O', 'EMB_O', 'EMB_O', 'EMB_O', 'EMB_O', 'EMB_O', 'EMB_O', 'EMB_O', 'EMB_O', 'EMB_O', 'EMB_O', 'EMB_O', 'EMB_O', 'EMB_O', 'EMB_O', 'EMB_O', 'EMB_O', 'OPN_B', 'OPN_I', 'OPN_E', 'EMB_O', 'EMB_O', 'EMB_O', 'ASP_B', 'ASP_I', 'ASP_E', 'EMB_O', 'EMB_O', 'EMB_O', 'EMB_O', 'EMB_O', 'EMB_O', 'EMB_O', 'EMB_O', 'EMB_O', 'EMB_O', 'EMB_O', 'EMB_O', 'EMB_O', 'EMB_O', 'EMB_O', 'EMB_O', 'EMB_P', 'EMB_P', 'EMB_P', 'EMB_P', 'EMB_P', 'EMB_P', 'EMB_P', 'EMB_P', 'EMB_P', 'EMB_P', 'EMB_P', 'EMB_P', 'EMB_P', 'EMB_P', 'EMB_P', 'EMB_P', 'EMB_P', 'EMB_P', 'EMB_P', 'EMB_P', 'EMB_P', 'EMB_P', 'EMB_P', 'EMB_P', 'EMB_P', 'EMB_P', 'EMB_P', 'EMB_P', 'EMB_P', 'EMB_P', 'EMB_P', 'EMB_P', 'EMB_P', 'EMB_P', 'EMB_P', 'EMB_P', 'EMB_P', 'EMB_P', 'EMB_P', 'EMB_P', 'EMB_P', 'EMB_P', 'EMB_P', 'EMB_P', 'EMB_P', 'EMB_P', 'EMB_P', 'EMB_P', 'EMB_P', 'EMB_P', 'EMB_P', 'EMB_P', 'EMB_P', 'EMB_P', 'EMB_P', 'EMB_P', 'EMB_P', 'EMB_P', 'EMB_P', 'EMB_P', 'EMB_P', 'EMB_P', 'EMB_P', 'EMB_P', 'EMB_P', 'EMB_P', 'EMB_P', 'EMB_P', 'EMB_P', 'EMB_P', 'EMB_P', 'EMB_P', 'EMB_P', 'EMB_P', 'EMB_P', 'EMB_P', 'EMB_P', 'EMB_P', 'EMB_P', 'EMB_P', 'EMB_P', 'EMB_P']"
160,интерьер,уж очень мне понравился,27620:0_1100,"Я читала негативные отзывы об этом ресторане, но уж очень мне понравился интерьер, поэтому сочла их преувеличенными.",8.25,7.88,"['EMB_O', 'EMB_O', 'EMB_O', 'EMB_O', 'EMB_O', 'EMB_O', 'EMB_O', 'EMB_O', 'EMB_O', 'EMB_O', 'EMB_O', 'EMB_O', 'EMB_O', 'EMB_O', 'EMB_O', 'EMB_O', 'EMB_O', 'OPN_B', 'OPN_I', 'OPN_I', 'OPN_I', 'OPN_I', 'OPN_I', 'OPN_I', 'OPN_E', 'ASP_B', 'ASP_I', 'ASP_E', 'EMB_O', 'EMB_O', 'EMB_O', 'EMB_O', 'EMB_O', 'EMB_O', 'EMB_O', 'EMB_O', 'EMB_O', 'EMB_O', 'EMB_O', 'EMB_O', 'EMB_O', 'EMB_P', 'EMB_P', 'EMB_P', 'EMB_P', 'EMB_P', 'EMB_P', 'EMB_P', 'EMB_P', 'EMB_P', 'EMB_P', 'EMB_P', 'EMB_P', 'EMB_P', 'EMB_P', 'EMB_P', 'EMB_P', 'EMB_P', 'EMB_P', 'EMB_P', 'EMB_P', 'EMB_P', 'EMB_P', 'EMB_P', 'EMB_P', 'EMB_P', 'EMB_P', 'EMB_P', 'EMB_P', 'EMB_P', 'EMB_P', 'EMB_P', 'EMB_P', 'EMB_P', 'EMB_P', 'EMB_P', 'EMB_P', 'EMB_P', 'EMB_P', 'EMB_P', 'EMB_P', 'EMB_P', 'EMB_P', 'EMB_P', 'EMB_P', 'EMB_P', 'EMB_P', 'EMB_P', 'EMB_P', 'EMB_P', 'EMB_P', 'EMB_P', 'EMB_P', 'EMB_P', 'EMB_P', 'EMB_P', 'EMB_P', 'EMB_P', 'EMB_P', 'EMB_P', 'EMB_P', 'EMB_P', 'EMB_P', 'EMB_P', 'EMB_P', 'EMB_P', 'EMB_P', 'EMB_P', 'EMB_P', 'EMB_P', 'EMB_P', 'EMB_P', 'EMB_P', 'EMB_P', 'EMB_P', 'EMB_P', 'EMB_P', 'EMB_P', 'EMB_P', 'EMB_P', 'EMB_P', 'EMB_P', 'EMB_P', 'EMB_P', 'EMB_P', 'EMB_P', 'EMB_P', 'EMB_P']"
161,обслуживание,как таковое там просто отсутствует,27620:1_1101,"Я Вам скажу, теперь уже на собственном опыте, обслуживание как таковое там просто отсутствует.",1.9,7.4,"['EMB_O', 'EMB_O', 'EMB_O', 'EMB_O', 'EMB_O', 'EMB_O', 'EMB_O', 'EMB_O', 'EMB_O', 'EMB_O', 'EMB_O', 'EMB_O', 'EMB_O', 'EMB_O', 'EMB_O', 'EMB_O', 'EMB_O', 'ASP_B', 'ASP_I', 'ASP_I', 'ASP_E', 'OPN_B', 'OPN_I', 'OPN_I', 'OPN_I', 'OPN_I', 'OPN_E', 'EMB_O', 'EMB_O', 'EMB_P', 'EMB_P', 'EMB_P', 'EMB_P', 'EMB_P', 'EMB_P', 'EMB_P', 'EMB_P', 'EMB_P', 'EMB_P', 'EMB_P', 'EMB_P', 'EMB_P', 'EMB_P', 'EMB_P', 'EMB_P', 'EMB_P', 'EMB_P', 'EMB_P', 'EMB_P', 'EMB_P', 'EMB_P', 'EMB_P', 'EMB_P', 'EMB_P', 'EMB_P', 'EMB_P', 'EMB_P', 'EMB_P', 'EMB_P', 'EMB_P', 'EMB_P', 'EMB_P', 'EMB_P', 'EMB_P', 'EMB_P', 'EMB_P', 'EMB_P', 'EMB_P', 'EMB_P', 'EMB_P', 'EMB_P', 'EMB_P', 'EMB_P', 'EMB_P', 'EMB_P', 'EMB_P', 'EMB_P', 'EMB_P', 'EMB_P', 'EMB_P', 'EMB_P', 'EMB_P', 'EMB_P', 'EMB_P', 'EMB_P', 'EMB_P', 'EMB_P', 'EMB_P', 'EMB_P', 'EMB_P', 'EMB_P', 'EMB_P', 'EMB_P', 'EMB_P', 'EMB_P', 'EMB_P', 'EMB_P', 'EMB_P', 'EMB_P', 'EMB_P', 'EMB_P', 'EMB_P', 'EMB_P', 'EMB_P', 'EMB_P', 'EMB_P', 'EMB_P', 'EMB_P', 'EMB_P', 'EMB_P', 'EMB_P', 'EMB_P', 'EMB_P', 'EMB_P', 'EMB_P', 'EMB_P', 'EMB_P', 'EMB_P', 'EMB_P', 'EMB_P', 'EMB_P', 'EMB_P', 'EMB_P', 'EMB_P', 'EMB_P', 'EMB_P', 'EMB_P', 'EMB_P']"
162,официант,ушла,27620:4_1102,"Один сок принесли, а вот апельсинового сока не оказалось (!), официант уточнила на какой заменить и ушла.",3.25,6.0,"['EMB_O', 'EMB_O', 'EMB_O', 'EMB_O', 'EMB_O', 'EMB_O', 'EMB_O', 'EMB_O', 'EMB_O', 'EMB_O', 'EMB_O', 'EMB_O', 'EMB_O', 'EMB_O', 'EMB_O', 'EMB_O', 'EMB_O', 'EMB_O', 'EMB_O', 'EMB_O', 'EMB_O', 'EMB_O', 'EMB_O', 'EMB_O', 'EMB_O', 'ASP_B', 'ASP_I', 'ASP_I', 'ASP_E', 'OPN_S', 'EMB_O', 'EMB_O', 'EMB_O', 'EMB_O', 'EMB_O', 'EMB_O', 'EMB_O', 'EMB_O', 'EMB_O', 'OPN_S', 'EMB_O', 'EMB_O', 'EMB_P', 'EMB_P', 'EMB_P', 'EMB_P', 'EMB_P', 'EMB_P', 'EMB_P', 'EMB_P', 'EMB_P', 'EMB_P', 'EMB_P', 'EMB_P', 'EMB_P', 'EMB_P', 'EMB_P', 'EMB_P', 'EMB_P', 'EMB_P', 'EMB_P', 'EMB_P', 'EMB_P', 'EMB_P', 'EMB_P', 'EMB_P', 'EMB_P', 'EMB_P', 'EMB_P', 'EMB_P', 'EMB_P', 'EMB_P', 'EMB_P', 'EMB_P', 'EMB_P', 'EMB_P', 'EMB_P', 'EMB_P', 'EMB_P', 'EMB_P', 'EMB_P', 'EMB_P', 'EMB_P', 'EMB_P', 'EMB_P', 'EMB_P', 'EMB_P', 'EMB_P', 'EMB_P', 'EMB_P', 'EMB_P', 'EMB_P', 'EMB_P', 'EMB_P', 'EMB_P', 'EMB_P', 'EMB_P', 'EMB_P', 'EMB_P', 'EMB_P', 'EMB_P', 'EMB_P', 'EMB_P', 'EMB_P', 'EMB_P', 'EMB_P', 'EMB_P', 'EMB_P', 'EMB_P', 'EMB_P', 'EMB_P', 'EMB_P', 'EMB_P', 'EMB_P', 'EMB_P', 'EMB_P', 'EMB_P', 'EMB_P', 'EMB_P', 'EMB_P', 'EMB_P', 'EMB_P', 'EMB_P', 'EMB_P', 'EMB_P', 'EMB_P', 'EMB_P', 'EMB_P']"
163,Еда,не понравилась,27620:10_1103,Еда не понравилась.,2.5,6.6,"['EMB_O', 'ASP_B', 'ASP_E', 'OPN_B', 'OPN_I', 'OPN_I', 'OPN_I', 'OPN_E', 'EMB_O', 'EMB_O', 'EMB_P', 'EMB_P', 'EMB_P', 'EMB_P', 'EMB_P', 'EMB_P', 'EMB_P', 'EMB_P', 'EMB_P', 'EMB_P', 'EMB_P', 'EMB_P', 'EMB_P', 'EMB_P', 'EMB_P', 'EMB_P', 'EMB_P', 'EMB_P', 'EMB_P', 'EMB_P', 'EMB_P', 'EMB_P', 'EMB_P', 'EMB_P', 'EMB_P', 'EMB_P', 'EMB_P', 'EMB_P', 'EMB_P', 'EMB_P', 'EMB_P', 'EMB_P', 'EMB_P', 'EMB_P', 'EMB_P', 'EMB_P', 'EMB_P', 'EMB_P', 'EMB_P', 'EMB_P', 'EMB_P', 'EMB_P', 'EMB_P', 'EMB_P', 'EMB_P', 'EMB_P', 'EMB_P', 'EMB_P', 'EMB_P', 'EMB_P', 'EMB_P', 'EMB_P', 'EMB_P', 'EMB_P', 'EMB_P', 'EMB_P', 'EMB_P', 'EMB_P', 'EMB_P', 'EMB_P', 'EMB_P', 'EMB_P', 'EMB_P', 'EMB_P', 'EMB_P', 'EMB_P', 'EMB_P', 'EMB_P', 'EMB_P', 'EMB_P', 'EMB_P', 'EMB_P', 'EMB_P', 'EMB_P', 'EMB_P', 'EMB_P', 'EMB_P', 'EMB_P', 'EMB_P', 'EMB_P', 'EMB_P', 'EMB_P', 'EMB_P', 'EMB_P', 'EMB_P', 'EMB_P', 'EMB_P', 'EMB_P', 'EMB_P', 'EMB_P', 'EMB_P', 'EMB_P', 'EMB_P', 'EMB_P', 'EMB_P', 'EMB_P', 'EMB_P', 'EMB_P', 'EMB_P', 'EMB_P', 'EMB_P', 'EMB_P', 'EMB_P', 'EMB_P', 'EMB_P', 'EMB_P', 'EMB_P', 'EMB_P', 'EMB_P', 'EMB_P', 'EMB_P', 'EMB_P', 'EMB_P', 'EMB_P', 'EMB_P', 'EMB_P', 'EMB_P', 'EMB_P']"
164,кофе,Понравился,27620:13_1104,Понравился только кофе.,7.17,6.83,"['EMB_O', 'OPN_B', 'OPN_I', 'OPN_I', 'OPN_E', 'EMB_O', 'ASP_B', 'ASP_E', 'EMB_O', 'EMB_O', 'EMB_P', 'EMB_P', 'EMB_P', 'EMB_P', 'EMB_P', 'EMB_P', 'EMB_P', 'EMB_P', 'EMB_P', 'EMB_P', 'EMB_P', 'EMB_P', 'EMB_P', 'EMB_P', 'EMB_P', 'EMB_P', 'EMB_P', 'EMB_P', 'EMB_P', 'EMB_P', 'EMB_P', 'EMB_P', 'EMB_P', 'EMB_P', 'EMB_P', 'EMB_P', 'EMB_P', 'EMB_P', 'EMB_P', 'EMB_P', 'EMB_P', 'EMB_P', 'EMB_P', 'EMB_P', 'EMB_P', 'EMB_P', 'EMB_P', 'EMB_P', 'EMB_P', 'EMB_P', 'EMB_P', 'EMB_P', 'EMB_P', 'EMB_P', 'EMB_P', 'EMB_P', 'EMB_P', 'EMB_P', 'EMB_P', 'EMB_P', 'EMB_P', 'EMB_P', 'EMB_P', 'EMB_P', 'EMB_P', 'EMB_P', 'EMB_P', 'EMB_P', 'EMB_P', 'EMB_P', 'EMB_P', 'EMB_P', 'EMB_P', 'EMB_P', 'EMB_P', 'EMB_P', 'EMB_P', 'EMB_P', 'EMB_P', 'EMB_P', 'EMB_P', 'EMB_P', 'EMB_P', 'EMB_P', 'EMB_P', 'EMB_P', 'EMB_P', 'EMB_P', 'EMB_P', 'EMB_P', 'EMB_P', 'EMB_P', 'EMB_P', 'EMB_P', 'EMB_P', 'EMB_P', 'EMB_P', 'EMB_P', 'EMB_P', 'EMB_P', 'EMB_P', 'EMB_P', 'EMB_P', 'EMB_P', 'EMB_P', 'EMB_P', 'EMB_P', 'EMB_P', 'EMB_P', 'EMB_P', 'EMB_P', 'EMB_P', 'EMB_P', 'EMB_P', 'EMB_P', 'EMB_P', 'EMB_P', 'EMB_P', 'EMB_P', 'EMB_P', 'EMB_P', 'EMB_P', 'EMB_P', 'EMB_P', 'EMB_P', 'EMB_P', 'EMB_P', 'EMB_P']"
165,Пирожных,не было,27620:14_1105,Пирожных указанных в меню не было.,2.75,6.62,"['EMB_O', 'ASP_B', 'ASP_I', 'ASP_E', 'EMB_O', 'EMB_O', 'EMB_O', 'EMB_O', 'EMB_O', 'EMB_O', 'OPN_B', 'OPN_E', 'EMB_O', 'EMB_O', 'EMB_P', 'EMB_P', 'EMB_P', 'EMB_P', 'EMB_P', 'EMB_P', 'EMB_P', 'EMB_P', 'EMB_P', 'EMB_P', 'EMB_P', 'EMB_P', 'EMB_P', 'EMB_P', 'EMB_P', 'EMB_P', 'EMB_P', 'EMB_P', 'EMB_P', 'EMB_P', 'EMB_P', 'EMB_P', 'EMB_P', 'EMB_P', 'EMB_P', 'EMB_P', 'EMB_P', 'EMB_P', 'EMB_P', 'EMB_P', 'EMB_P', 'EMB_P', 'EMB_P', 'EMB_P', 'EMB_P', 'EMB_P', 'EMB_P', 'EMB_P', 'EMB_P', 'EMB_P', 'EMB_P', 'EMB_P', 'EMB_P', 'EMB_P', 'EMB_P', 'EMB_P', 'EMB_P', 'EMB_P', 'EMB_P', 'EMB_P', 'EMB_P', 'EMB_P', 'EMB_P', 'EMB_P', 'EMB_P', 'EMB_P', 'EMB_P', 'EMB_P', 'EMB_P', 'EMB_P', 'EMB_P', 'EMB_P', 'EMB_P', 'EMB_P', 'EMB_P', 'EMB_P', 'EMB_P', 'EMB_P', 'EMB_P', 'EMB_P', 'EMB_P', 'EMB_P', 'EMB_P', 'EMB_P', 'EMB_P', 'EMB_P', 'EMB_P', 'EMB_P', 'EMB_P', 'EMB_P', 'EMB_P', 'EMB_P', 'EMB_P', 'EMB_P', 'EMB_P', 'EMB_P', 'EMB_P', 'EMB_P', 'EMB_P', 'EMB_P', 'EMB_P', 'EMB_P', 'EMB_P', 'EMB_P', 'EMB_P', 'EMB_P', 'EMB_P', 'EMB_P', 'EMB_P', 'EMB_P', 'EMB_P', 'EMB_P', 'EMB_P', 'EMB_P', 'EMB_P', 'EMB_P', 'EMB_P', 'EMB_P', 'EMB_P', 'EMB_P', 'EMB_P', 'EMB_P', 'EMB_P', 'EMB_P']"
166,Официантка,не внимательно,27629:4_1106,"Официантка, как будто под легкими наркотиками слушала не внимательно и не чего не записывала, в результате после 25 минутного ожидания принесли не то блюдо, которое заказывали.",3.0,6.33,"['EMB_O', 'ASP_B', 'ASP_I', 'ASP_I', 'ASP_I', 'ASP_E', 'EMB_O', 'EMB_O', 'EMB_O', 'EMB_O', 'EMB_O', 'EMB_O', 'EMB_O', 'EMB_O', 'EMB_O', 'EMB_O', 'EMB_O', 'EMB_O', 'EMB_O', 'EMB_O', 'EMB_O', 'OPN_B', 'OPN_I', 'OPN_I', 'OPN_E', 'EMB_O', 'EMB_O', 'EMB_O', 'EMB_O', 'EMB_O', 'EMB_O', 'EMB_O', 'EMB_O', 'EMB_O', 'EMB_O', 'EMB_O', 'EMB_O', 'EMB_O', 'EMB_O', 'EMB_O', 'EMB_O', 'EMB_O', 'EMB_O', 'EMB_O', 'EMB_O', 'EMB_O', 'EMB_O', 'EMB_O', 'EMB_O', 'EMB_O', 'EMB_O', 'EMB_O', 'EMB_O', 'EMB_O', 'EMB_O', 'EMB_O', 'EMB_O', 'EMB_P', 'EMB_P', 'EMB_P', 'EMB_P', 'EMB_P', 'EMB_P', 'EMB_P', 'EMB_P', 'EMB_P', 'EMB_P', 'EMB_P', 'EMB_P', 'EMB_P', 'EMB_P', 'EMB_P', 'EMB_P', 'EMB_P', 'EMB_P', 'EMB_P', 'EMB_P', 'EMB_P', 'EMB_P', 'EMB_P', 'EMB_P', 'EMB_P', 'EMB_P', 'EMB_P', 'EMB_P', 'EMB_P', 'EMB_P', 'EMB_P', 'EMB_P', 'EMB_P', 'EMB_P', 'EMB_P', 'EMB_P', 'EMB_P', 'EMB_P', 'EMB_P', 'EMB_P', 'EMB_P', 'EMB_P', 'EMB_P', 'EMB_P', 'EMB_P', 'EMB_P', 'EMB_P', 'EMB_P', 'EMB_P', 'EMB_P', 'EMB_P', 'EMB_P', 'EMB_P', 'EMB_P', 'EMB_P', 'EMB_P', 'EMB_P', 'EMB_P', 'EMB_P', 'EMB_P', 'EMB_P', 'EMB_P', 'EMB_P', 'EMB_P', 'EMB_P', 'EMB_P', 'EMB_P', 'EMB_P', 'EMB_P', 'EMB_P', 'EMB_P']"
167,блюда китайской кухни,не одного действительно вкусного,27629:6_1107,"Время было позднее много есть мы не могли , но сказав 3 блюда китайской кухни и 2 японской мы не нашли не одного действительно вкусного.",2.17,7.33,"['EMB_O', 'EMB_O', 'EMB_O', 'EMB_O', 'EMB_O', 'EMB_O', 'EMB_O', 'OPN_S', 'EMB_O', 'EMB_O', 'EMB_O', 'EMB_O', 'EMB_O', 'EMB_O', 'ASP_B', 'ASP_I', 'ASP_I', 'ASP_I', 'ASP_I', 'ASP_I', 'ASP_I', 'ASP_I', 'ASP_E', 'EMB_O', 'EMB_O', 'EMB_O', 'EMB_O', 'EMB_O', 'EMB_O', 'EMB_O', 'EMB_O', 'EMB_O', 'OPN_B', 'OPN_I', 'OPN_I', 'OPN_I', 'OPN_I', 'OPN_I', 'OPN_I', 'OPN_E', 'EMB_O', 'EMB_O', 'EMB_P', 'EMB_P', 'EMB_P', 'EMB_P', 'EMB_P', 'EMB_P', 'EMB_P', 'EMB_P', 'EMB_P', 'EMB_P', 'EMB_P', 'EMB_P', 'EMB_P', 'EMB_P', 'EMB_P', 'EMB_P', 'EMB_P', 'EMB_P', 'EMB_P', 'EMB_P', 'EMB_P', 'EMB_P', 'EMB_P', 'EMB_P', 'EMB_P', 'EMB_P', 'EMB_P', 'EMB_P', 'EMB_P', 'EMB_P', 'EMB_P', 'EMB_P', 'EMB_P', 'EMB_P', 'EMB_P', 'EMB_P', 'EMB_P', 'EMB_P', 'EMB_P', 'EMB_P', 'EMB_P', 'EMB_P', 'EMB_P', 'EMB_P', 'EMB_P', 'EMB_P', 'EMB_P', 'EMB_P', 'EMB_P', 'EMB_P', 'EMB_P', 'EMB_P', 'EMB_P', 'EMB_P', 'EMB_P', 'EMB_P', 'EMB_P', 'EMB_P', 'EMB_P', 'EMB_P', 'EMB_P', 'EMB_P', 'EMB_P', 'EMB_P', 'EMB_P', 'EMB_P', 'EMB_P', 'EMB_P', 'EMB_P', 'EMB_P', 'EMB_P', 'EMB_P', 'EMB_P', 'EMB_P', 'EMB_P', 'EMB_P', 'EMB_P', 'EMB_P', 'EMB_P', 'EMB_P', 'EMB_P', 'EMB_P', 'EMB_P', 'EMB_P', 'EMB_P', 'EMB_P']"
168,Кухня,претензионная,27629:7_1108,Кухня претензионная и не вкусная.,2.8,6.6,"['EMB_O', 'ASP_B', 'ASP_I', 'ASP_E', 'OPN_B', 'OPN_I', 'OPN_I', 'OPN_E', 'EMB_O', 'EMB_O', 'EMB_O', 'EMB_O', 'EMB_O', 'EMB_O', 'EMB_O', 'EMB_O', 'EMB_P', 'EMB_P', 'EMB_P', 'EMB_P', 'EMB_P', 'EMB_P', 'EMB_P', 'EMB_P', 'EMB_P', 'EMB_P', 'EMB_P', 'EMB_P', 'EMB_P', 'EMB_P', 'EMB_P', 'EMB_P', 'EMB_P', 'EMB_P', 'EMB_P', 'EMB_P', 'EMB_P', 'EMB_P', 'EMB_P', 'EMB_P', 'EMB_P', 'EMB_P', 'EMB_P', 'EMB_P', 'EMB_P', 'EMB_P', 'EMB_P', 'EMB_P', 'EMB_P', 'EMB_P', 'EMB_P', 'EMB_P', 'EMB_P', 'EMB_P', 'EMB_P', 'EMB_P', 'EMB_P', 'EMB_P', 'EMB_P', 'EMB_P', 'EMB_P', 'EMB_P', 'EMB_P', 'EMB_P', 'EMB_P', 'EMB_P', 'EMB_P', 'EMB_P', 'EMB_P', 'EMB_P', 'EMB_P', 'EMB_P', 'EMB_P', 'EMB_P', 'EMB_P', 'EMB_P', 'EMB_P', 'EMB_P', 'EMB_P', 'EMB_P', 'EMB_P', 'EMB_P', 'EMB_P', 'EMB_P', 'EMB_P', 'EMB_P', 'EMB_P', 'EMB_P', 'EMB_P', 'EMB_P', 'EMB_P', 'EMB_P', 'EMB_P', 'EMB_P', 'EMB_P', 'EMB_P', 'EMB_P', 'EMB_P', 'EMB_P', 'EMB_P', 'EMB_P', 'EMB_P', 'EMB_P', 'EMB_P', 'EMB_P', 'EMB_P', 'EMB_P', 'EMB_P', 'EMB_P', 'EMB_P', 'EMB_P', 'EMB_P', 'EMB_P', 'EMB_P', 'EMB_P', 'EMB_P', 'EMB_P', 'EMB_P', 'EMB_P', 'EMB_P', 'EMB_P', 'EMB_P', 'EMB_P', 'EMB_P', 'EMB_P', 'EMB_P', 'EMB_P', 'EMB_P']"
169,обслуживание,не дала и 2 х,27629:8_1109,"Кроме того в счет уже включены чаевые, а это 10 % , за такое обслуживание я не дала и 2 х..",2.0,6.7,"['EMB_O', 'EMB_O', 'EMB_O', 'EMB_O', 'EMB_O', 'EMB_O', 'EMB_O', 'EMB_O', 'EMB_O', 'EMB_O', 'EMB_O', 'EMB_O', 'EMB_O', 'EMB_O', 'EMB_O', 'EMB_O', 'EMB_O', 'EMB_O', 'EMB_O', 'EMB_O', 'EMB_O', 'ASP_B', 'ASP_I', 'ASP_I', 'ASP_E', 'EMB_O', 'OPN_B', 'OPN_I', 'OPN_I', 'OPN_I', 'OPN_E', 'EMB_O', 'EMB_O', 'EMB_O', 'EMB_P', 'EMB_P', 'EMB_P', 'EMB_P', 'EMB_P', 'EMB_P', 'EMB_P', 'EMB_P', 'EMB_P', 'EMB_P', 'EMB_P', 'EMB_P', 'EMB_P', 'EMB_P', 'EMB_P', 'EMB_P', 'EMB_P', 'EMB_P', 'EMB_P', 'EMB_P', 'EMB_P', 'EMB_P', 'EMB_P', 'EMB_P', 'EMB_P', 'EMB_P', 'EMB_P', 'EMB_P', 'EMB_P', 'EMB_P', 'EMB_P', 'EMB_P', 'EMB_P', 'EMB_P', 'EMB_P', 'EMB_P', 'EMB_P', 'EMB_P', 'EMB_P', 'EMB_P', 'EMB_P', 'EMB_P', 'EMB_P', 'EMB_P', 'EMB_P', 'EMB_P', 'EMB_P', 'EMB_P', 'EMB_P', 'EMB_P', 'EMB_P', 'EMB_P', 'EMB_P', 'EMB_P', 'EMB_P', 'EMB_P', 'EMB_P', 'EMB_P', 'EMB_P', 'EMB_P', 'EMB_P', 'EMB_P', 'EMB_P', 'EMB_P', 'EMB_P', 'EMB_P', 'EMB_P', 'EMB_P', 'EMB_P', 'EMB_P', 'EMB_P', 'EMB_P', 'EMB_P', 'EMB_P', 'EMB_P', 'EMB_P', 'EMB_P', 'EMB_P', 'EMB_P', 'EMB_P', 'EMB_P', 'EMB_P', 'EMB_P', 'EMB_P', 'EMB_P', 'EMB_P', 'EMB_P', 'EMB_P', 'EMB_P', 'EMB_P', 'EMB_P', 'EMB_P', 'EMB_P', 'EMB_P']"
170,интерьер,положительного,27629:9_1110,Из положительного только интерьер.,6.67,6.0,"['EMB_O', 'EMB_O', 'OPN_B', 'OPN_I', 'OPN_I', 'OPN_I', 'OPN_E', 'EMB_O', 'ASP_B', 'ASP_I', 'ASP_E', 'EMB_O', 'EMB_O', 'EMB_P', 'EMB_P', 'EMB_P', 'EMB_P', 'EMB_P', 'EMB_P', 'EMB_P', 'EMB_P', 'EMB_P', 'EMB_P', 'EMB_P', 'EMB_P', 'EMB_P', 'EMB_P', 'EMB_P', 'EMB_P', 'EMB_P', 'EMB_P', 'EMB_P', 'EMB_P', 'EMB_P', 'EMB_P', 'EMB_P', 'EMB_P', 'EMB_P', 'EMB_P', 'EMB_P', 'EMB_P', 'EMB_P', 'EMB_P', 'EMB_P', 'EMB_P', 'EMB_P', 'EMB_P', 'EMB_P', 'EMB_P', 'EMB_P', 'EMB_P', 'EMB_P', 'EMB_P', 'EMB_P', 'EMB_P', 'EMB_P', 'EMB_P', 'EMB_P', 'EMB_P', 'EMB_P', 'EMB_P', 'EMB_P', 'EMB_P', 'EMB_P', 'EMB_P', 'EMB_P', 'EMB_P', 'EMB_P', 'EMB_P', 'EMB_P', 'EMB_P', 'EMB_P', 'EMB_P', 'EMB_P', 'EMB_P', 'EMB_P', 'EMB_P', 'EMB_P', 'EMB_P', 'EMB_P', 'EMB_P', 'EMB_P', 'EMB_P', 'EMB_P', 'EMB_P', 'EMB_P', 'EMB_P', 'EMB_P', 'EMB_P', 'EMB_P', 'EMB_P', 'EMB_P', 'EMB_P', 'EMB_P', 'EMB_P', 'EMB_P', 'EMB_P', 'EMB_P', 'EMB_P', 'EMB_P', 'EMB_P', 'EMB_P', 'EMB_P', 'EMB_P', 'EMB_P', 'EMB_P', 'EMB_P', 'EMB_P', 'EMB_P', 'EMB_P', 'EMB_P', 'EMB_P', 'EMB_P', 'EMB_P', 'EMB_P', 'EMB_P', 'EMB_P', 'EMB_P', 'EMB_P', 'EMB_P', 'EMB_P', 'EMB_P', 'EMB_P', 'EMB_P', 'EMB_P', 'EMB_P', 'EMB_P', 'EMB_P']"
171,мебель,очень не удобная,27629:10_1111,Но очень не удобная мебель.,2.2,7.2,"['EMB_O', 'EMB_O', 'OPN_B', 'OPN_I', 'OPN_I', 'OPN_I', 'OPN_I', 'OPN_E', 'ASP_B', 'ASP_I', 'ASP_E', 'EMB_O', 'EMB_O', 'EMB_P', 'EMB_P', 'EMB_P', 'EMB_P', 'EMB_P', 'EMB_P', 'EMB_P', 'EMB_P', 'EMB_P', 'EMB_P', 'EMB_P', 'EMB_P', 'EMB_P', 'EMB_P', 'EMB_P', 'EMB_P', 'EMB_P', 'EMB_P', 'EMB_P', 'EMB_P', 'EMB_P', 'EMB_P', 'EMB_P', 'EMB_P', 'EMB_P', 'EMB_P', 'EMB_P', 'EMB_P', 'EMB_P', 'EMB_P', 'EMB_P', 'EMB_P', 'EMB_P', 'EMB_P', 'EMB_P', 'EMB_P', 'EMB_P', 'EMB_P', 'EMB_P', 'EMB_P', 'EMB_P', 'EMB_P', 'EMB_P', 'EMB_P', 'EMB_P', 'EMB_P', 'EMB_P', 'EMB_P', 'EMB_P', 'EMB_P', 'EMB_P', 'EMB_P', 'EMB_P', 'EMB_P', 'EMB_P', 'EMB_P', 'EMB_P', 'EMB_P', 'EMB_P', 'EMB_P', 'EMB_P', 'EMB_P', 'EMB_P', 'EMB_P', 'EMB_P', 'EMB_P', 'EMB_P', 'EMB_P', 'EMB_P', 'EMB_P', 'EMB_P', 'EMB_P', 'EMB_P', 'EMB_P', 'EMB_P', 'EMB_P', 'EMB_P', 'EMB_P', 'EMB_P', 'EMB_P', 'EMB_P', 'EMB_P', 'EMB_P', 'EMB_P', 'EMB_P', 'EMB_P', 'EMB_P', 'EMB_P', 'EMB_P', 'EMB_P', 'EMB_P', 'EMB_P', 'EMB_P', 'EMB_P', 'EMB_P', 'EMB_P', 'EMB_P', 'EMB_P', 'EMB_P', 'EMB_P', 'EMB_P', 'EMB_P', 'EMB_P', 'EMB_P', 'EMB_P', 'EMB_P', 'EMB_P', 'EMB_P', 'EMB_P', 'EMB_P', 'EMB_P', 'EMB_P', 'EMB_P', 'EMB_P', 'EMB_P']"
172,заведение,больше не пойдем,27629:11_1112,"В общем, в это заведение мы больше не пойдем.",2.0,6.83,"['EMB_O', 'EMB_O', 'EMB_O', 'EMB_O', 'EMB_O', 'EMB_O', 'EMB_O', 'ASP_B', 'ASP_E', 'EMB_O', 'OPN_B', 'OPN_I', 'OPN_I', 'OPN_I', 'OPN_E', 'EMB_O', 'EMB_O', 'EMB_P', 'EMB_P', 'EMB_P', 'EMB_P', 'EMB_P', 'EMB_P', 'EMB_P', 'EMB_P', 'EMB_P', 'EMB_P', 'EMB_P', 'EMB_P', 'EMB_P', 'EMB_P', 'EMB_P', 'EMB_P', 'EMB_P', 'EMB_P', 'EMB_P', 'EMB_P', 'EMB_P', 'EMB_P', 'EMB_P', 'EMB_P', 'EMB_P', 'EMB_P', 'EMB_P', 'EMB_P', 'EMB_P', 'EMB_P', 'EMB_P', 'EMB_P', 'EMB_P', 'EMB_P', 'EMB_P', 'EMB_P', 'EMB_P', 'EMB_P', 'EMB_P', 'EMB_P', 'EMB_P', 'EMB_P', 'EMB_P', 'EMB_P', 'EMB_P', 'EMB_P', 'EMB_P', 'EMB_P', 'EMB_P', 'EMB_P', 'EMB_P', 'EMB_P', 'EMB_P', 'EMB_P', 'EMB_P', 'EMB_P', 'EMB_P', 'EMB_P', 'EMB_P', 'EMB_P', 'EMB_P', 'EMB_P', 'EMB_P', 'EMB_P', 'EMB_P', 'EMB_P', 'EMB_P', 'EMB_P', 'EMB_P', 'EMB_P', 'EMB_P', 'EMB_P', 'EMB_P', 'EMB_P', 'EMB_P', 'EMB_P', 'EMB_P', 'EMB_P', 'EMB_P', 'EMB_P', 'EMB_P', 'EMB_P', 'EMB_P', 'EMB_P', 'EMB_P', 'EMB_P', 'EMB_P', 'EMB_P', 'EMB_P', 'EMB_P', 'EMB_P', 'EMB_P', 'EMB_P', 'EMB_P', 'EMB_P', 'EMB_P', 'EMB_P', 'EMB_P', 'EMB_P', 'EMB_P', 'EMB_P', 'EMB_P', 'EMB_P', 'EMB_P', 'EMB_P', 'EMB_P', 'EMB_P', 'EMB_P', 'EMB_P', 'EMB_P', 'EMB_P']"
173,ресторан,Очень хороший,27816:1_1113,Очень хороший ресторан.,7.62,7.12,"['EMB_O', 'OPN_B', 'OPN_I', 'OPN_I', 'OPN_I', 'OPN_E', 'ASP_B', 'ASP_I', 'ASP_E', 'EMB_O', 'EMB_O', 'EMB_P', 'EMB_P', 'EMB_P', 'EMB_P', 'EMB_P', 'EMB_P', 'EMB_P', 'EMB_P', 'EMB_P', 'EMB_P', 'EMB_P', 'EMB_P', 'EMB_P', 'EMB_P', 'EMB_P', 'EMB_P', 'EMB_P', 'EMB_P', 'EMB_P', 'EMB_P', 'EMB_P', 'EMB_P', 'EMB_P', 'EMB_P', 'EMB_P', 'EMB_P', 'EMB_P', 'EMB_P', 'EMB_P', 'EMB_P', 'EMB_P', 'EMB_P', 'EMB_P', 'EMB_P', 'EMB_P', 'EMB_P', 'EMB_P', 'EMB_P', 'EMB_P', 'EMB_P', 'EMB_P', 'EMB_P', 'EMB_P', 'EMB_P', 'EMB_P', 'EMB_P', 'EMB_P', 'EMB_P', 'EMB_P', 'EMB_P', 'EMB_P', 'EMB_P', 'EMB_P', 'EMB_P', 'EMB_P', 'EMB_P', 'EMB_P', 'EMB_P', 'EMB_P', 'EMB_P', 'EMB_P', 'EMB_P', 'EMB_P', 'EMB_P', 'EMB_P', 'EMB_P', 'EMB_P', 'EMB_P', 'EMB_P', 'EMB_P', 'EMB_P', 'EMB_P', 'EMB_P', 'EMB_P', 'EMB_P', 'EMB_P', 'EMB_P', 'EMB_P', 'EMB_P', 'EMB_P', 'EMB_P', 'EMB_P', 'EMB_P', 'EMB_P', 'EMB_P', 'EMB_P', 'EMB_P', 'EMB_P', 'EMB_P', 'EMB_P', 'EMB_P', 'EMB_P', 'EMB_P', 'EMB_P', 'EMB_P', 'EMB_P', 'EMB_P', 'EMB_P', 'EMB_P', 'EMB_P', 'EMB_P', 'EMB_P', 'EMB_P', 'EMB_P', 'EMB_P', 'EMB_P', 'EMB_P', 'EMB_P', 'EMB_P', 'EMB_P', 'EMB_P', 'EMB_P', 'EMB_P', 'EMB_P', 'EMB_P', 'EMB_P', 'EMB_P']"
174,банкетное меню,Прекрасное,27816:2_1114,"Прекрасное банкетное меню, хорошая кухня и очень демократичные цены.",8.0,7.75,"['EMB_O', 'OPN_B', 'OPN_I', 'OPN_I', 'OPN_E', 'ASP_B', 'ASP_I', 'ASP_I', 'ASP_I', 'ASP_E', 'EMB_O', 'EMB_O', 'EMB_O', 'EMB_O', 'EMB_O', 'EMB_O', 'EMB_O', 'EMB_O', 'EMB_O', 'EMB_O', 'EMB_O', 'EMB_O', 'EMB_O', 'EMB_O', 'EMB_O', 'EMB_O', 'EMB_O', 'EMB_P', 'EMB_P', 'EMB_P', 'EMB_P', 'EMB_P', 'EMB_P', 'EMB_P', 'EMB_P', 'EMB_P', 'EMB_P', 'EMB_P', 'EMB_P', 'EMB_P', 'EMB_P', 'EMB_P', 'EMB_P', 'EMB_P', 'EMB_P', 'EMB_P', 'EMB_P', 'EMB_P', 'EMB_P', 'EMB_P', 'EMB_P', 'EMB_P', 'EMB_P', 'EMB_P', 'EMB_P', 'EMB_P', 'EMB_P', 'EMB_P', 'EMB_P', 'EMB_P', 'EMB_P', 'EMB_P', 'EMB_P', 'EMB_P', 'EMB_P', 'EMB_P', 'EMB_P', 'EMB_P', 'EMB_P', 'EMB_P', 'EMB_P', 'EMB_P', 'EMB_P', 'EMB_P', 'EMB_P', 'EMB_P', 'EMB_P', 'EMB_P', 'EMB_P', 'EMB_P', 'EMB_P', 'EMB_P', 'EMB_P', 'EMB_P', 'EMB_P', 'EMB_P', 'EMB_P', 'EMB_P', 'EMB_P', 'EMB_P', 'EMB_P', 'EMB_P', 'EMB_P', 'EMB_P', 'EMB_P', 'EMB_P', 'EMB_P', 'EMB_P', 'EMB_P', 'EMB_P', 'EMB_P', 'EMB_P', 'EMB_P', 'EMB_P', 'EMB_P', 'EMB_P', 'EMB_P', 'EMB_P', 'EMB_P', 'EMB_P', 'EMB_P', 'EMB_P', 'EMB_P', 'EMB_P', 'EMB_P', 'EMB_P', 'EMB_P', 'EMB_P', 'EMB_P', 'EMB_P', 'EMB_P', 'EMB_P', 'EMB_P', 'EMB_P', 'EMB_P', 'EMB_P', 'EMB_P', 'EMB_P']"
175,кухня,хорошая,27816:2_1114,"Прекрасное банкетное меню, хорошая кухня и очень демократичные цены.",6.9,6.4,"['EMB_O', 'EMB_O', 'EMB_O', 'EMB_O', 'EMB_O', 'EMB_O', 'EMB_O', 'EMB_O', 'EMB_O', 'EMB_O', 'EMB_O', 'OPN_B', 'OPN_I', 'OPN_E', 'ASP_B', 'ASP_I', 'ASP_E', 'EMB_O', 'EMB_O', 'EMB_O', 'EMB_O', 'EMB_O', 'EMB_O', 'EMB_O', 'EMB_O', 'EMB_O', 'EMB_O', 'EMB_P', 'EMB_P', 'EMB_P', 'EMB_P', 'EMB_P', 'EMB_P', 'EMB_P', 'EMB_P', 'EMB_P', 'EMB_P', 'EMB_P', 'EMB_P', 'EMB_P', 'EMB_P', 'EMB_P', 'EMB_P', 'EMB_P', 'EMB_P', 'EMB_P', 'EMB_P', 'EMB_P', 'EMB_P', 'EMB_P', 'EMB_P', 'EMB_P', 'EMB_P', 'EMB_P', 'EMB_P', 'EMB_P', 'EMB_P', 'EMB_P', 'EMB_P', 'EMB_P', 'EMB_P', 'EMB_P', 'EMB_P', 'EMB_P', 'EMB_P', 'EMB_P', 'EMB_P', 'EMB_P', 'EMB_P', 'EMB_P', 'EMB_P', 'EMB_P', 'EMB_P', 'EMB_P', 'EMB_P', 'EMB_P', 'EMB_P', 'EMB_P', 'EMB_P', 'EMB_P', 'EMB_P', 'EMB_P', 'EMB_P', 'EMB_P', 'EMB_P', 'EMB_P', 'EMB_P', 'EMB_P', 'EMB_P', 'EMB_P', 'EMB_P', 'EMB_P', 'EMB_P', 'EMB_P', 'EMB_P', 'EMB_P', 'EMB_P', 'EMB_P', 'EMB_P', 'EMB_P', 'EMB_P', 'EMB_P', 'EMB_P', 'EMB_P', 'EMB_P', 'EMB_P', 'EMB_P', 'EMB_P', 'EMB_P', 'EMB_P', 'EMB_P', 'EMB_P', 'EMB_P', 'EMB_P', 'EMB_P', 'EMB_P', 'EMB_P', 'EMB_P', 'EMB_P', 'EMB_P', 'EMB_P', 'EMB_P', 'EMB_P', 'EMB_P', 'EMB_P', 'EMB_P', 'EMB_P', 'EMB_P']"
176,шашлык,Вкусный,27816:3_1115,"Вкусный шашлык, хороший ассортимент блюд.",7.5,7.25,"['EMB_O', 'OPN_B', 'OPN_I', 'OPN_I', 'OPN_E', 'ASP_B', 'ASP_I', 'ASP_E', 'EMB_O', 'EMB_O', 'EMB_O', 'EMB_O', 'EMB_O', 'EMB_O', 'EMB_O', 'EMB_O', 'EMB_O', 'EMB_O', 'EMB_O', 'EMB_O', 'EMB_O', 'EMB_P', 'EMB_P', 'EMB_P', 'EMB_P', 'EMB_P', 'EMB_P', 'EMB_P', 'EMB_P', 'EMB_P', 'EMB_P', 'EMB_P', 'EMB_P', 'EMB_P', 'EMB_P', 'EMB_P', 'EMB_P', 'EMB_P', 'EMB_P', 'EMB_P', 'EMB_P', 'EMB_P', 'EMB_P', 'EMB_P', 'EMB_P', 'EMB_P', 'EMB_P', 'EMB_P', 'EMB_P', 'EMB_P', 'EMB_P', 'EMB_P', 'EMB_P', 'EMB_P', 'EMB_P', 'EMB_P', 'EMB_P', 'EMB_P', 'EMB_P', 'EMB_P', 'EMB_P', 'EMB_P', 'EMB_P', 'EMB_P', 'EMB_P', 'EMB_P', 'EMB_P', 'EMB_P', 'EMB_P', 'EMB_P', 'EMB_P', 'EMB_P', 'EMB_P', 'EMB_P', 'EMB_P', 'EMB_P', 'EMB_P', 'EMB_P', 'EMB_P', 'EMB_P', 'EMB_P', 'EMB_P', 'EMB_P', 'EMB_P', 'EMB_P', 'EMB_P', 'EMB_P', 'EMB_P', 'EMB_P', 'EMB_P', 'EMB_P', 'EMB_P', 'EMB_P', 'EMB_P', 'EMB_P', 'EMB_P', 'EMB_P', 'EMB_P', 'EMB_P', 'EMB_P', 'EMB_P', 'EMB_P', 'EMB_P', 'EMB_P', 'EMB_P', 'EMB_P', 'EMB_P', 'EMB_P', 'EMB_P', 'EMB_P', 'EMB_P', 'EMB_P', 'EMB_P', 'EMB_P', 'EMB_P', 'EMB_P', 'EMB_P', 'EMB_P', 'EMB_P', 'EMB_P', 'EMB_P', 'EMB_P', 'EMB_P', 'EMB_P', 'EMB_P', 'EMB_P', 'EMB_P', 'EMB_P']"
177,блюд,хороший ассортимент,27816:3_1115,"Вкусный шашлык, хороший ассортимент блюд.",7.17,6.67,"['EMB_O', 'EMB_O', 'EMB_O', 'EMB_O', 'EMB_O', 'EMB_O', 'EMB_O', 'EMB_O', 'EMB_O', 'OPN_B', 'OPN_I', 'OPN_I', 'OPN_I', 'OPN_I', 'OPN_I', 'OPN_E', 'ASP_B', 'ASP_I', 'ASP_E', 'EMB_O', 'EMB_O', 'EMB_P', 'EMB_P', 'EMB_P', 'EMB_P', 'EMB_P', 'EMB_P', 'EMB_P', 'EMB_P', 'EMB_P', 'EMB_P', 'EMB_P', 'EMB_P', 'EMB_P', 'EMB_P', 'EMB_P', 'EMB_P', 'EMB_P', 'EMB_P', 'EMB_P', 'EMB_P', 'EMB_P', 'EMB_P', 'EMB_P', 'EMB_P', 'EMB_P', 'EMB_P', 'EMB_P', 'EMB_P', 'EMB_P', 'EMB_P', 'EMB_P', 'EMB_P', 'EMB_P', 'EMB_P', 'EMB_P', 'EMB_P', 'EMB_P', 'EMB_P', 'EMB_P', 'EMB_P', 'EMB_P', 'EMB_P', 'EMB_P', 'EMB_P', 'EMB_P', 'EMB_P', 'EMB_P', 'EMB_P', 'EMB_P', 'EMB_P', 'EMB_P', 'EMB_P', 'EMB_P', 'EMB_P', 'EMB_P', 'EMB_P', 'EMB_P', 'EMB_P', 'EMB_P', 'EMB_P', 'EMB_P', 'EMB_P', 'EMB_P', 'EMB_P', 'EMB_P', 'EMB_P', 'EMB_P', 'EMB_P', 'EMB_P', 'EMB_P', 'EMB_P', 'EMB_P', 'EMB_P', 'EMB_P', 'EMB_P', 'EMB_P', 'EMB_P', 'EMB_P', 'EMB_P', 'EMB_P', 'EMB_P', 'EMB_P', 'EMB_P', 'EMB_P', 'EMB_P', 'EMB_P', 'EMB_P', 'EMB_P', 'EMB_P', 'EMB_P', 'EMB_P', 'EMB_P', 'EMB_P', 'EMB_P', 'EMB_P', 'EMB_P', 'EMB_P', 'EMB_P', 'EMB_P', 'EMB_P', 'EMB_P', 'EMB_P', 'EMB_P', 'EMB_P', 'EMB_P', 'EMB_P', 'EMB_P']"
178,Атмосфера,позитивная,27816:6_1116,"Атмосфера позитивная домашняя, потому что уютная обстановка и приветливый персонал.",6.75,6.25,"['EMB_O', 'ASP_B', 'ASP_I', 'ASP_I', 'ASP_E', 'OPN_B', 'OPN_I', 'OPN_I', 'OPN_E', 'EMB_O', 'EMB_O', 'EMB_O', 'EMB_O', 'EMB_O', 'EMB_O', 'EMB_O', 'EMB_O', 'EMB_O', 'EMB_O', 'EMB_O', 'EMB_O', 'EMB_O', 'EMB_O', 'EMB_O', 'EMB_O', 'EMB_O', 'EMB_O', 'EMB_O', 'EMB_O', 'EMB_O', 'EMB_O', 'EMB_P', 'EMB_P', 'EMB_P', 'EMB_P', 'EMB_P', 'EMB_P', 'EMB_P', 'EMB_P', 'EMB_P', 'EMB_P', 'EMB_P', 'EMB_P', 'EMB_P', 'EMB_P', 'EMB_P', 'EMB_P', 'EMB_P', 'EMB_P', 'EMB_P', 'EMB_P', 'EMB_P', 'EMB_P', 'EMB_P', 'EMB_P', 'EMB_P', 'EMB_P', 'EMB_P', 'EMB_P', 'EMB_P', 'EMB_P', 'EMB_P', 'EMB_P', 'EMB_P', 'EMB_P', 'EMB_P', 'EMB_P', 'EMB_P', 'EMB_P', 'EMB_P', 'EMB_P', 'EMB_P', 'EMB_P', 'EMB_P', 'EMB_P', 'EMB_P', 'EMB_P', 'EMB_P', 'EMB_P', 'EMB_P', 'EMB_P', 'EMB_P', 'EMB_P', 'EMB_P', 'EMB_P', 'EMB_P', 'EMB_P', 'EMB_P', 'EMB_P', 'EMB_P', 'EMB_P', 'EMB_P', 'EMB_P', 'EMB_P', 'EMB_P', 'EMB_P', 'EMB_P', 'EMB_P', 'EMB_P', 'EMB_P', 'EMB_P', 'EMB_P', 'EMB_P', 'EMB_P', 'EMB_P', 'EMB_P', 'EMB_P', 'EMB_P', 'EMB_P', 'EMB_P', 'EMB_P', 'EMB_P', 'EMB_P', 'EMB_P', 'EMB_P', 'EMB_P', 'EMB_P', 'EMB_P', 'EMB_P', 'EMB_P', 'EMB_P', 'EMB_P', 'EMB_P', 'EMB_P', 'EMB_P', 'EMB_P', 'EMB_P', 'EMB_P']"
179,обстановка,уютная,27816:6_1116,"Атмосфера позитивная домашняя, потому что уютная обстановка и приветливый персонал.",7.0,6.4,"['EMB_O', 'EMB_O', 'EMB_O', 'EMB_O', 'EMB_O', 'EMB_O', 'EMB_O', 'EMB_O', 'EMB_O', 'EMB_O', 'EMB_O', 'EMB_O', 'EMB_O', 'EMB_O', 'EMB_O', 'OPN_B', 'OPN_I', 'OPN_E', 'ASP_B', 'ASP_I', 'ASP_E', 'EMB_O', 'EMB_O', 'EMB_O', 'EMB_O', 'EMB_O', 'EMB_O', 'EMB_O', 'EMB_O', 'EMB_O', 'EMB_O', 'EMB_P', 'EMB_P', 'EMB_P', 'EMB_P', 'EMB_P', 'EMB_P', 'EMB_P', 'EMB_P', 'EMB_P', 'EMB_P', 'EMB_P', 'EMB_P', 'EMB_P', 'EMB_P', 'EMB_P', 'EMB_P', 'EMB_P', 'EMB_P', 'EMB_P', 'EMB_P', 'EMB_P', 'EMB_P', 'EMB_P', 'EMB_P', 'EMB_P', 'EMB_P', 'EMB_P', 'EMB_P', 'EMB_P', 'EMB_P', 'EMB_P', 'EMB_P', 'EMB_P', 'EMB_P', 'EMB_P', 'EMB_P', 'EMB_P', 'EMB_P', 'EMB_P', 'EMB_P', 'EMB_P', 'EMB_P', 'EMB_P', 'EMB_P', 'EMB_P', 'EMB_P', 'EMB_P', 'EMB_P', 'EMB_P', 'EMB_P', 'EMB_P', 'EMB_P', 'EMB_P', 'EMB_P', 'EMB_P', 'EMB_P', 'EMB_P', 'EMB_P', 'EMB_P', 'EMB_P', 'EMB_P', 'EMB_P', 'EMB_P', 'EMB_P', 'EMB_P', 'EMB_P', 'EMB_P', 'EMB_P', 'EMB_P', 'EMB_P', 'EMB_P', 'EMB_P', 'EMB_P', 'EMB_P', 'EMB_P', 'EMB_P', 'EMB_P', 'EMB_P', 'EMB_P', 'EMB_P', 'EMB_P', 'EMB_P', 'EMB_P', 'EMB_P', 'EMB_P', 'EMB_P', 'EMB_P', 'EMB_P', 'EMB_P', 'EMB_P', 'EMB_P', 'EMB_P', 'EMB_P', 'EMB_P', 'EMB_P', 'EMB_P', 'EMB_P']"
180,персонал,приветливый,27816:6_1116,"Атмосфера позитивная домашняя, потому что уютная обстановка и приветливый персонал.",6.9,6.3,"['EMB_O', 'EMB_O', 'EMB_O', 'EMB_O', 'EMB_O', 'EMB_O', 'EMB_O', 'EMB_O', 'EMB_O', 'EMB_O', 'EMB_O', 'EMB_O', 'EMB_O', 'EMB_O', 'EMB_O', 'EMB_O', 'EMB_O', 'EMB_O', 'EMB_O', 'EMB_O', 'EMB_O', 'EMB_O', 'OPN_B', 'OPN_I', 'OPN_I', 'OPN_E', 'ASP_B', 'ASP_I', 'ASP_E', 'EMB_O', 'EMB_O', 'EMB_P', 'EMB_P', 'EMB_P', 'EMB_P', 'EMB_P', 'EMB_P', 'EMB_P', 'EMB_P', 'EMB_P', 'EMB_P', 'EMB_P', 'EMB_P', 'EMB_P', 'EMB_P', 'EMB_P', 'EMB_P', 'EMB_P', 'EMB_P', 'EMB_P', 'EMB_P', 'EMB_P', 'EMB_P', 'EMB_P', 'EMB_P', 'EMB_P', 'EMB_P', 'EMB_P', 'EMB_P', 'EMB_P', 'EMB_P', 'EMB_P', 'EMB_P', 'EMB_P', 'EMB_P', 'EMB_P', 'EMB_P', 'EMB_P', 'EMB_P', 'EMB_P', 'EMB_P', 'EMB_P', 'EMB_P', 'EMB_P', 'EMB_P', 'EMB_P', 'EMB_P', 'EMB_P', 'EMB_P', 'EMB_P', 'EMB_P', 'EMB_P', 'EMB_P', 'EMB_P', 'EMB_P', 'EMB_P', 'EMB_P', 'EMB_P', 'EMB_P', 'EMB_P', 'EMB_P', 'EMB_P', 'EMB_P', 'EMB_P', 'EMB_P', 'EMB_P', 'EMB_P', 'EMB_P', 'EMB_P', 'EMB_P', 'EMB_P', 'EMB_P', 'EMB_P', 'EMB_P', 'EMB_P', 'EMB_P', 'EMB_P', 'EMB_P', 'EMB_P', 'EMB_P', 'EMB_P', 'EMB_P', 'EMB_P', 'EMB_P', 'EMB_P', 'EMB_P', 'EMB_P', 'EMB_P', 'EMB_P', 'EMB_P', 'EMB_P', 'EMB_P', 'EMB_P', 'EMB_P', 'EMB_P', 'EMB_P', 'EMB_P', 'EMB_P']"
181,развлекательная программа,Интересная,27816:7_1117,Интересная развлекательная программа и живая музыка на высшем уровне.,7.38,7.0,"['EMB_O', 'OPN_B', 'OPN_I', 'OPN_I', 'OPN_E', 'ASP_B', 'ASP_I', 'ASP_I', 'ASP_I', 'ASP_I', 'ASP_E', 'EMB_O', 'EMB_O', 'EMB_O', 'EMB_O', 'EMB_O', 'EMB_O', 'EMB_O', 'EMB_O', 'EMB_O', 'EMB_O', 'EMB_O', 'EMB_P', 'EMB_P', 'EMB_P', 'EMB_P', 'EMB_P', 'EMB_P', 'EMB_P', 'EMB_P', 'EMB_P', 'EMB_P', 'EMB_P', 'EMB_P', 'EMB_P', 'EMB_P', 'EMB_P', 'EMB_P', 'EMB_P', 'EMB_P', 'EMB_P', 'EMB_P', 'EMB_P', 'EMB_P', 'EMB_P', 'EMB_P', 'EMB_P', 'EMB_P', 'EMB_P', 'EMB_P', 'EMB_P', 'EMB_P', 'EMB_P', 'EMB_P', 'EMB_P', 'EMB_P', 'EMB_P', 'EMB_P', 'EMB_P', 'EMB_P', 'EMB_P', 'EMB_P', 'EMB_P', 'EMB_P', 'EMB_P', 'EMB_P', 'EMB_P', 'EMB_P', 'EMB_P', 'EMB_P', 'EMB_P', 'EMB_P', 'EMB_P', 'EMB_P', 'EMB_P', 'EMB_P', 'EMB_P', 'EMB_P', 'EMB_P', 'EMB_P', 'EMB_P', 'EMB_P', 'EMB_P', 'EMB_P', 'EMB_P', 'EMB_P', 'EMB_P', 'EMB_P', 'EMB_P', 'EMB_P', 'EMB_P', 'EMB_P', 'EMB_P', 'EMB_P', 'EMB_P', 'EMB_P', 'EMB_P', 'EMB_P', 'EMB_P', 'EMB_P', 'EMB_P', 'EMB_P', 'EMB_P', 'EMB_P', 'EMB_P', 'EMB_P', 'EMB_P', 'EMB_P', 'EMB_P', 'EMB_P', 'EMB_P', 'EMB_P', 'EMB_P', 'EMB_P', 'EMB_P', 'EMB_P', 'EMB_P', 'EMB_P', 'EMB_P', 'EMB_P', 'EMB_P', 'EMB_P', 'EMB_P', 'EMB_P', 'EMB_P', 'EMB_P', 'EMB_P', 'EMB_P']"
182,живая музыка,на высшем уровне,27816:7_1117,Интересная развлекательная программа и живая музыка на высшем уровне.,7.67,7.0,"['EMB_O', 'EMB_O', 'EMB_O', 'EMB_O', 'EMB_O', 'EMB_O', 'EMB_O', 'EMB_O', 'EMB_O', 'EMB_O', 'EMB_O', 'EMB_O', 'ASP_B', 'ASP_I', 'ASP_E', 'OPN_B', 'OPN_I', 'OPN_I', 'OPN_I', 'OPN_E', 'EMB_O', 'EMB_O', 'EMB_P', 'EMB_P', 'EMB_P', 'EMB_P', 'EMB_P', 'EMB_P', 'EMB_P', 'EMB_P', 'EMB_P', 'EMB_P', 'EMB_P', 'EMB_P', 'EMB_P', 'EMB_P', 'EMB_P', 'EMB_P', 'EMB_P', 'EMB_P', 'EMB_P', 'EMB_P', 'EMB_P', 'EMB_P', 'EMB_P', 'EMB_P', 'EMB_P', 'EMB_P', 'EMB_P', 'EMB_P', 'EMB_P', 'EMB_P', 'EMB_P', 'EMB_P', 'EMB_P', 'EMB_P', 'EMB_P', 'EMB_P', 'EMB_P', 'EMB_P', 'EMB_P', 'EMB_P', 'EMB_P', 'EMB_P', 'EMB_P', 'EMB_P', 'EMB_P', 'EMB_P', 'EMB_P', 'EMB_P', 'EMB_P', 'EMB_P', 'EMB_P', 'EMB_P', 'EMB_P', 'EMB_P', 'EMB_P', 'EMB_P', 'EMB_P', 'EMB_P', 'EMB_P', 'EMB_P', 'EMB_P', 'EMB_P', 'EMB_P', 'EMB_P', 'EMB_P', 'EMB_P', 'EMB_P', 'EMB_P', 'EMB_P', 'EMB_P', 'EMB_P', 'EMB_P', 'EMB_P', 'EMB_P', 'EMB_P', 'EMB_P', 'EMB_P', 'EMB_P', 'EMB_P', 'EMB_P', 'EMB_P', 'EMB_P', 'EMB_P', 'EMB_P', 'EMB_P', 'EMB_P', 'EMB_P', 'EMB_P', 'EMB_P', 'EMB_P', 'EMB_P', 'EMB_P', 'EMB_P', 'EMB_P', 'EMB_P', 'EMB_P', 'EMB_P', 'EMB_P', 'EMB_P', 'EMB_P', 'EMB_P', 'EMB_P', 'EMB_P', 'EMB_P', 'EMB_P', 'EMB_P']"
183,музыканты,не дали скучать,27816:11_1118,Все было как и в новый год на высшем уровне а музыканты не дали скучать.,7.25,6.38,"['EMB_O', 'EMB_O', 'EMB_O', 'EMB_O', 'EMB_O', 'EMB_O', 'EMB_O', 'EMB_O', 'EMB_O', 'EMB_O', 'EMB_O', 'EMB_O', 'EMB_O', 'EMB_O', 'ASP_B', 'ASP_E', 'OPN_B', 'OPN_I', 'OPN_I', 'OPN_I', 'OPN_E', 'EMB_O', 'EMB_O', 'EMB_P', 'EMB_P', 'EMB_P', 'EMB_P', 'EMB_P', 'EMB_P', 'EMB_P', 'EMB_P', 'EMB_P', 'EMB_P', 'EMB_P', 'EMB_P', 'EMB_P', 'EMB_P', 'EMB_P', 'EMB_P', 'EMB_P', 'EMB_P', 'EMB_P', 'EMB_P', 'EMB_P', 'EMB_P', 'EMB_P', 'EMB_P', 'EMB_P', 'EMB_P', 'EMB_P', 'EMB_P', 'EMB_P', 'EMB_P', 'EMB_P', 'EMB_P', 'EMB_P', 'EMB_P', 'EMB_P', 'EMB_P', 'EMB_P', 'EMB_P', 'EMB_P', 'EMB_P', 'EMB_P', 'EMB_P', 'EMB_P', 'EMB_P', 'EMB_P', 'EMB_P', 'EMB_P', 'EMB_P', 'EMB_P', 'EMB_P', 'EMB_P', 'EMB_P', 'EMB_P', 'EMB_P', 'EMB_P', 'EMB_P', 'EMB_P', 'EMB_P', 'EMB_P', 'EMB_P', 'EMB_P', 'EMB_P', 'EMB_P', 'EMB_P', 'EMB_P', 'EMB_P', 'EMB_P', 'EMB_P', 'EMB_P', 'EMB_P', 'EMB_P', 'EMB_P', 'EMB_P', 'EMB_P', 'EMB_P', 'EMB_P', 'EMB_P', 'EMB_P', 'EMB_P', 'EMB_P', 'EMB_P', 'EMB_P', 'EMB_P', 'EMB_P', 'EMB_P', 'EMB_P', 'EMB_P', 'EMB_P', 'EMB_P', 'EMB_P', 'EMB_P', 'EMB_P', 'EMB_P', 'EMB_P', 'EMB_P', 'EMB_P', 'EMB_P', 'EMB_P', 'EMB_P', 'EMB_P', 'EMB_P', 'EMB_P', 'EMB_P', 'EMB_P', 'EMB_P']"
184,кальян,Хороший,27816:12_1119,Хороший кальян по приемлемым ценам.,7.0,6.75,"['EMB_O', 'OPN_B', 'OPN_I', 'OPN_E', 'ASP_B', 'ASP_I', 'ASP_E', 'EMB_O', 'EMB_O', 'EMB_O', 'EMB_O', 'EMB_O', 'EMB_O', 'EMB_O', 'EMB_O', 'EMB_O', 'EMB_P', 'EMB_P', 'EMB_P', 'EMB_P', 'EMB_P', 'EMB_P', 'EMB_P', 'EMB_P', 'EMB_P', 'EMB_P', 'EMB_P', 'EMB_P', 'EMB_P', 'EMB_P', 'EMB_P', 'EMB_P', 'EMB_P', 'EMB_P', 'EMB_P', 'EMB_P', 'EMB_P', 'EMB_P', 'EMB_P', 'EMB_P', 'EMB_P', 'EMB_P', 'EMB_P', 'EMB_P', 'EMB_P', 'EMB_P', 'EMB_P', 'EMB_P', 'EMB_P', 'EMB_P', 'EMB_P', 'EMB_P', 'EMB_P', 'EMB_P', 'EMB_P', 'EMB_P', 'EMB_P', 'EMB_P', 'EMB_P', 'EMB_P', 'EMB_P', 'EMB_P', 'EMB_P', 'EMB_P', 'EMB_P', 'EMB_P', 'EMB_P', 'EMB_P', 'EMB_P', 'EMB_P', 'EMB_P', 'EMB_P', 'EMB_P', 'EMB_P', 'EMB_P', 'EMB_P', 'EMB_P', 'EMB_P', 'EMB_P', 'EMB_P', 'EMB_P', 'EMB_P', 'EMB_P', 'EMB_P', 'EMB_P', 'EMB_P', 'EMB_P', 'EMB_P', 'EMB_P', 'EMB_P', 'EMB_P', 'EMB_P', 'EMB_P', 'EMB_P', 'EMB_P', 'EMB_P', 'EMB_P', 'EMB_P', 'EMB_P', 'EMB_P', 'EMB_P', 'EMB_P', 'EMB_P', 'EMB_P', 'EMB_P', 'EMB_P', 'EMB_P', 'EMB_P', 'EMB_P', 'EMB_P', 'EMB_P', 'EMB_P', 'EMB_P', 'EMB_P', 'EMB_P', 'EMB_P', 'EMB_P', 'EMB_P', 'EMB_P', 'EMB_P', 'EMB_P', 'EMB_P', 'EMB_P', 'EMB_P', 'EMB_P', 'EMB_P', 'EMB_P', 'EMB_P']"
185,обслуживающим персоналом,очарована,27841:1_1120,"Сразу было очарована обслуживающим персоналом: встречают так, как будто ждали именно тебя и очень рады визиту.",7.9,7.6,"['EMB_O', 'EMB_O', 'EMB_O', 'EMB_O', 'OPN_B', 'OPN_I', 'OPN_E', 'ASP_B', 'ASP_I', 'ASP_I', 'ASP_I', 'ASP_I', 'ASP_I', 'ASP_I', 'ASP_E', 'EMB_O', 'EMB_O', 'EMB_O', 'EMB_O', 'EMB_O', 'EMB_O', 'EMB_O', 'EMB_O', 'EMB_O', 'EMB_O', 'EMB_O', 'EMB_O', 'EMB_O', 'EMB_O', 'EMB_O', 'EMB_O', 'EMB_O', 'EMB_O', 'EMB_O', 'EMB_O', 'EMB_O', 'EMB_O', 'EMB_O', 'EMB_O', 'EMB_O', 'EMB_P', 'EMB_P', 'EMB_P', 'EMB_P', 'EMB_P', 'EMB_P', 'EMB_P', 'EMB_P', 'EMB_P', 'EMB_P', 'EMB_P', 'EMB_P', 'EMB_P', 'EMB_P', 'EMB_P', 'EMB_P', 'EMB_P', 'EMB_P', 'EMB_P', 'EMB_P', 'EMB_P', 'EMB_P', 'EMB_P', 'EMB_P', 'EMB_P', 'EMB_P', 'EMB_P', 'EMB_P', 'EMB_P', 'EMB_P', 'EMB_P', 'EMB_P', 'EMB_P', 'EMB_P', 'EMB_P', 'EMB_P', 'EMB_P', 'EMB_P', 'EMB_P', 'EMB_P', 'EMB_P', 'EMB_P', 'EMB_P', 'EMB_P', 'EMB_P', 'EMB_P', 'EMB_P', 'EMB_P', 'EMB_P', 'EMB_P', 'EMB_P', 'EMB_P', 'EMB_P', 'EMB_P', 'EMB_P', 'EMB_P', 'EMB_P', 'EMB_P', 'EMB_P', 'EMB_P', 'EMB_P', 'EMB_P', 'EMB_P', 'EMB_P', 'EMB_P', 'EMB_P', 'EMB_P', 'EMB_P', 'EMB_P', 'EMB_P', 'EMB_P', 'EMB_P', 'EMB_P', 'EMB_P', 'EMB_P', 'EMB_P', 'EMB_P', 'EMB_P', 'EMB_P', 'EMB_P', 'EMB_P', 'EMB_P', 'EMB_P', 'EMB_P', 'EMB_P', 'EMB_P', 'EMB_P', 'EMB_P']"
186,Кофе,вкусное,27841:2_1121,"Кофе вкусное, тортики отменные.",7.0,6.4,"['EMB_O', 'ASP_B', 'ASP_I', 'ASP_E', 'OPN_B', 'OPN_I', 'OPN_I', 'OPN_E', 'EMB_O', 'EMB_O', 'EMB_O', 'EMB_O', 'EMB_O', 'EMB_O', 'EMB_O', 'EMB_O', 'EMB_O', 'EMB_P', 'EMB_P', 'EMB_P', 'EMB_P', 'EMB_P', 'EMB_P', 'EMB_P', 'EMB_P', 'EMB_P', 'EMB_P', 'EMB_P', 'EMB_P', 'EMB_P', 'EMB_P', 'EMB_P', 'EMB_P', 'EMB_P', 'EMB_P', 'EMB_P', 'EMB_P', 'EMB_P', 'EMB_P', 'EMB_P', 'EMB_P', 'EMB_P', 'EMB_P', 'EMB_P', 'EMB_P', 'EMB_P', 'EMB_P', 'EMB_P', 'EMB_P', 'EMB_P', 'EMB_P', 'EMB_P', 'EMB_P', 'EMB_P', 'EMB_P', 'EMB_P', 'EMB_P', 'EMB_P', 'EMB_P', 'EMB_P', 'EMB_P', 'EMB_P', 'EMB_P', 'EMB_P', 'EMB_P', 'EMB_P', 'EMB_P', 'EMB_P', 'EMB_P', 'EMB_P', 'EMB_P', 'EMB_P', 'EMB_P', 'EMB_P', 'EMB_P', 'EMB_P', 'EMB_P', 'EMB_P', 'EMB_P', 'EMB_P', 'EMB_P', 'EMB_P', 'EMB_P', 'EMB_P', 'EMB_P', 'EMB_P', 'EMB_P', 'EMB_P', 'EMB_P', 'EMB_P', 'EMB_P', 'EMB_P', 'EMB_P', 'EMB_P', 'EMB_P', 'EMB_P', 'EMB_P', 'EMB_P', 'EMB_P', 'EMB_P', 'EMB_P', 'EMB_P', 'EMB_P', 'EMB_P', 'EMB_P', 'EMB_P', 'EMB_P', 'EMB_P', 'EMB_P', 'EMB_P', 'EMB_P', 'EMB_P', 'EMB_P', 'EMB_P', 'EMB_P', 'EMB_P', 'EMB_P', 'EMB_P', 'EMB_P', 'EMB_P', 'EMB_P', 'EMB_P', 'EMB_P', 'EMB_P', 'EMB_P', 'EMB_P', 'EMB_P', 'EMB_P']"
187,тортики,отменные,27841:2_1121,"Кофе вкусное, тортики отменные.",8.0,7.5,"['EMB_O', 'EMB_O', 'EMB_O', 'EMB_O', 'EMB_O', 'EMB_O', 'EMB_O', 'EMB_O', 'EMB_O', 'ASP_B', 'ASP_I', 'ASP_E', 'OPN_B', 'OPN_I', 'OPN_E', 'EMB_O', 'EMB_O', 'EMB_P', 'EMB_P', 'EMB_P', 'EMB_P', 'EMB_P', 'EMB_P', 'EMB_P', 'EMB_P', 'EMB_P', 'EMB_P', 'EMB_P', 'EMB_P', 'EMB_P', 'EMB_P', 'EMB_P', 'EMB_P', 'EMB_P', 'EMB_P', 'EMB_P', 'EMB_P', 'EMB_P', 'EMB_P', 'EMB_P', 'EMB_P', 'EMB_P', 'EMB_P', 'EMB_P', 'EMB_P', 'EMB_P', 'EMB_P', 'EMB_P', 'EMB_P', 'EMB_P', 'EMB_P', 'EMB_P', 'EMB_P', 'EMB_P', 'EMB_P', 'EMB_P', 'EMB_P', 'EMB_P', 'EMB_P', 'EMB_P', 'EMB_P', 'EMB_P', 'EMB_P', 'EMB_P', 'EMB_P', 'EMB_P', 'EMB_P', 'EMB_P', 'EMB_P', 'EMB_P', 'EMB_P', 'EMB_P', 'EMB_P', 'EMB_P', 'EMB_P', 'EMB_P', 'EMB_P', 'EMB_P', 'EMB_P', 'EMB_P', 'EMB_P', 'EMB_P', 'EMB_P', 'EMB_P', 'EMB_P', 'EMB_P', 'EMB_P', 'EMB_P', 'EMB_P', 'EMB_P', 'EMB_P', 'EMB_P', 'EMB_P', 'EMB_P', 'EMB_P', 'EMB_P', 'EMB_P', 'EMB_P', 'EMB_P', 'EMB_P', 'EMB_P', 'EMB_P', 'EMB_P', 'EMB_P', 'EMB_P', 'EMB_P', 'EMB_P', 'EMB_P', 'EMB_P', 'EMB_P', 'EMB_P', 'EMB_P', 'EMB_P', 'EMB_P', 'EMB_P', 'EMB_P', 'EMB_P', 'EMB_P', 'EMB_P', 'EMB_P', 'EMB_P', 'EMB_P', 'EMB_P', 'EMB_P', 'EMB_P', 'EMB_P', 'EMB_P', 'EMB_P']"
188,пива,небольшой,27841:4_1122,"Выбор пива небольшой, но это нормально все-таки это больше кондитерская...",4.88,3.75,"['EMB_O', 'EMB_O', 'EMB_O', 'ASP_B', 'ASP_E', 'OPN_S', 'EMB_O', 'EMB_O', 'EMB_O', 'EMB_O', 'EMB_O', 'EMB_O', 'EMB_O', 'EMB_O', 'EMB_O', 'EMB_O', 'EMB_O', 'EMB_O', 'EMB_O', 'EMB_O', 'EMB_O', 'EMB_O', 'EMB_O', 'EMB_O', 'EMB_P', 'EMB_P', 'EMB_P', 'EMB_P', 'EMB_P', 'EMB_P', 'EMB_P', 'EMB_P', 'EMB_P', 'EMB_P', 'EMB_P', 'EMB_P', 'EMB_P', 'EMB_P', 'EMB_P', 'EMB_P', 'EMB_P', 'EMB_P', 'EMB_P', 'EMB_P', 'EMB_P', 'EMB_P', 'EMB_P', 'EMB_P', 'EMB_P', 'EMB_P', 'EMB_P', 'EMB_P', 'EMB_P', 'EMB_P', 'EMB_P', 'EMB_P', 'EMB_P', 'EMB_P', 'EMB_P', 'EMB_P', 'EMB_P', 'EMB_P', 'EMB_P', 'EMB_P', 'EMB_P', 'EMB_P', 'EMB_P', 'EMB_P', 'EMB_P', 'EMB_P', 'EMB_P', 'EMB_P', 'EMB_P', 'EMB_P', 'EMB_P', 'EMB_P', 'EMB_P', 'EMB_P', 'EMB_P', 'EMB_P', 'EMB_P', 'EMB_P', 'EMB_P', 'EMB_P', 'EMB_P', 'EMB_P', 'EMB_P', 'EMB_P', 'EMB_P', 'EMB_P', 'EMB_P', 'EMB_P', 'EMB_P', 'EMB_P', 'EMB_P', 'EMB_P', 'EMB_P', 'EMB_P', 'EMB_P', 'EMB_P', 'EMB_P', 'EMB_P', 'EMB_P', 'EMB_P', 'EMB_P', 'EMB_P', 'EMB_P', 'EMB_P', 'EMB_P', 'EMB_P', 'EMB_P', 'EMB_P', 'EMB_P', 'EMB_P', 'EMB_P', 'EMB_P', 'EMB_P', 'EMB_P', 'EMB_P', 'EMB_P', 'EMB_P', 'EMB_P', 'EMB_P', 'EMB_P', 'EMB_P', 'EMB_P', 'EMB_P', 'EMB_P']"
189,напиток,по вкусу,27841:5_1123,"Хотя все нашли себе напиток по вкусу, есть и Тиммерманс и Невское.",6.75,6.38,"['EMB_O', 'EMB_O', 'EMB_O', 'EMB_O', 'EMB_O', 'EMB_O', 'ASP_B', 'ASP_I', 'ASP_E', 'OPN_B', 'OPN_I', 'OPN_I', 'OPN_E', 'EMB_O', 'EMB_O', 'EMB_O', 'EMB_O', 'EMB_O', 'EMB_O', 'EMB_O', 'EMB_O', 'EMB_O', 'EMB_O', 'EMB_O', 'EMB_O', 'EMB_O', 'EMB_P', 'EMB_P', 'EMB_P', 'EMB_P', 'EMB_P', 'EMB_P', 'EMB_P', 'EMB_P', 'EMB_P', 'EMB_P', 'EMB_P', 'EMB_P', 'EMB_P', 'EMB_P', 'EMB_P', 'EMB_P', 'EMB_P', 'EMB_P', 'EMB_P', 'EMB_P', 'EMB_P', 'EMB_P', 'EMB_P', 'EMB_P', 'EMB_P', 'EMB_P', 'EMB_P', 'EMB_P', 'EMB_P', 'EMB_P', 'EMB_P', 'EMB_P', 'EMB_P', 'EMB_P', 'EMB_P', 'EMB_P', 'EMB_P', 'EMB_P', 'EMB_P', 'EMB_P', 'EMB_P', 'EMB_P', 'EMB_P', 'EMB_P', 'EMB_P', 'EMB_P', 'EMB_P', 'EMB_P', 'EMB_P', 'EMB_P', 'EMB_P', 'EMB_P', 'EMB_P', 'EMB_P', 'EMB_P', 'EMB_P', 'EMB_P', 'EMB_P', 'EMB_P', 'EMB_P', 'EMB_P', 'EMB_P', 'EMB_P', 'EMB_P', 'EMB_P', 'EMB_P', 'EMB_P', 'EMB_P', 'EMB_P', 'EMB_P', 'EMB_P', 'EMB_P', 'EMB_P', 'EMB_P', 'EMB_P', 'EMB_P', 'EMB_P', 'EMB_P', 'EMB_P', 'EMB_P', 'EMB_P', 'EMB_P', 'EMB_P', 'EMB_P', 'EMB_P', 'EMB_P', 'EMB_P', 'EMB_P', 'EMB_P', 'EMB_P', 'EMB_P', 'EMB_P', 'EMB_P', 'EMB_P', 'EMB_P', 'EMB_P', 'EMB_P', 'EMB_P', 'EMB_P', 'EMB_P', 'EMB_P', 'EMB_P']"
190,Тиммерманс,есть,27841:5_1123,"Хотя все нашли себе напиток по вкусу, есть и Тиммерманс и Невское.",6.33,6.0,"['EMB_O', 'EMB_O', 'EMB_O', 'EMB_O', 'EMB_O', 'EMB_O', 'EMB_O', 'EMB_O', 'EMB_O', 'EMB_O', 'EMB_O', 'EMB_O', 'EMB_O', 'EMB_O', 'OPN_S', 'EMB_O', 'ASP_B', 'ASP_I', 'ASP_I', 'ASP_E', 'EMB_O', 'EMB_O', 'EMB_O', 'EMB_O', 'EMB_O', 'EMB_O', 'EMB_P', 'EMB_P', 'EMB_P', 'EMB_P', 'EMB_P', 'EMB_P', 'EMB_P', 'EMB_P', 'EMB_P', 'EMB_P', 'EMB_P', 'EMB_P', 'EMB_P', 'EMB_P', 'EMB_P', 'EMB_P', 'EMB_P', 'EMB_P', 'EMB_P', 'EMB_P', 'EMB_P', 'EMB_P', 'EMB_P', 'EMB_P', 'EMB_P', 'EMB_P', 'EMB_P', 'EMB_P', 'EMB_P', 'EMB_P', 'EMB_P', 'EMB_P', 'EMB_P', 'EMB_P', 'EMB_P', 'EMB_P', 'EMB_P', 'EMB_P', 'EMB_P', 'EMB_P', 'EMB_P', 'EMB_P', 'EMB_P', 'EMB_P', 'EMB_P', 'EMB_P', 'EMB_P', 'EMB_P', 'EMB_P', 'EMB_P', 'EMB_P', 'EMB_P', 'EMB_P', 'EMB_P', 'EMB_P', 'EMB_P', 'EMB_P', 'EMB_P', 'EMB_P', 'EMB_P', 'EMB_P', 'EMB_P', 'EMB_P', 'EMB_P', 'EMB_P', 'EMB_P', 'EMB_P', 'EMB_P', 'EMB_P', 'EMB_P', 'EMB_P', 'EMB_P', 'EMB_P', 'EMB_P', 'EMB_P', 'EMB_P', 'EMB_P', 'EMB_P', 'EMB_P', 'EMB_P', 'EMB_P', 'EMB_P', 'EMB_P', 'EMB_P', 'EMB_P', 'EMB_P', 'EMB_P', 'EMB_P', 'EMB_P', 'EMB_P', 'EMB_P', 'EMB_P', 'EMB_P', 'EMB_P', 'EMB_P', 'EMB_P', 'EMB_P', 'EMB_P', 'EMB_P', 'EMB_P', 'EMB_P', 'EMB_P']"
191,Невское,есть,27841:5_1123,"Хотя все нашли себе напиток по вкусу, есть и Тиммерманс и Невское.",6.33,6.0,"['EMB_O', 'EMB_O', 'EMB_O', 'EMB_O', 'EMB_O', 'EMB_O', 'EMB_O', 'EMB_O', 'EMB_O', 'EMB_O', 'EMB_O', 'EMB_O', 'EMB_O', 'EMB_O', 'OPN_S', 'EMB_O', 'EMB_O', 'EMB_O', 'EMB_O', 'EMB_O', 'EMB_O', 'ASP_B', 'ASP_I', 'ASP_E', 'EMB_O', 'EMB_O', 'EMB_P', 'EMB_P', 'EMB_P', 'EMB_P', 'EMB_P', 'EMB_P', 'EMB_P', 'EMB_P', 'EMB_P', 'EMB_P', 'EMB_P', 'EMB_P', 'EMB_P', 'EMB_P', 'EMB_P', 'EMB_P', 'EMB_P', 'EMB_P', 'EMB_P', 'EMB_P', 'EMB_P', 'EMB_P', 'EMB_P', 'EMB_P', 'EMB_P', 'EMB_P', 'EMB_P', 'EMB_P', 'EMB_P', 'EMB_P', 'EMB_P', 'EMB_P', 'EMB_P', 'EMB_P', 'EMB_P', 'EMB_P', 'EMB_P', 'EMB_P', 'EMB_P', 'EMB_P', 'EMB_P', 'EMB_P', 'EMB_P', 'EMB_P', 'EMB_P', 'EMB_P', 'EMB_P', 'EMB_P', 'EMB_P', 'EMB_P', 'EMB_P', 'EMB_P', 'EMB_P', 'EMB_P', 'EMB_P', 'EMB_P', 'EMB_P', 'EMB_P', 'EMB_P', 'EMB_P', 'EMB_P', 'EMB_P', 'EMB_P', 'EMB_P', 'EMB_P', 'EMB_P', 'EMB_P', 'EMB_P', 'EMB_P', 'EMB_P', 'EMB_P', 'EMB_P', 'EMB_P', 'EMB_P', 'EMB_P', 'EMB_P', 'EMB_P', 'EMB_P', 'EMB_P', 'EMB_P', 'EMB_P', 'EMB_P', 'EMB_P', 'EMB_P', 'EMB_P', 'EMB_P', 'EMB_P', 'EMB_P', 'EMB_P', 'EMB_P', 'EMB_P', 'EMB_P', 'EMB_P', 'EMB_P', 'EMB_P', 'EMB_P', 'EMB_P', 'EMB_P', 'EMB_P', 'EMB_P', 'EMB_P', 'EMB_P']"
192,закусочки,Очень понравились,27841:6_1124,"Очень понравились закусочки: и жаренные крылышки, и особенно кальмары.",8.12,7.88,"['EMB_O', 'OPN_B', 'OPN_I', 'OPN_I', 'OPN_I', 'OPN_I', 'OPN_E', 'ASP_B', 'ASP_I', 'ASP_I', 'ASP_E', 'EMB_O', 'EMB_O', 'EMB_O', 'EMB_O', 'EMB_O', 'EMB_O', 'EMB_O', 'EMB_O', 'EMB_O', 'EMB_O', 'EMB_O', 'EMB_O', 'EMB_O', 'EMB_O', 'EMB_O', 'EMB_O', 'EMB_O', 'EMB_O', 'EMB_P', 'EMB_P', 'EMB_P', 'EMB_P', 'EMB_P', 'EMB_P', 'EMB_P', 'EMB_P', 'EMB_P', 'EMB_P', 'EMB_P', 'EMB_P', 'EMB_P', 'EMB_P', 'EMB_P', 'EMB_P', 'EMB_P', 'EMB_P', 'EMB_P', 'EMB_P', 'EMB_P', 'EMB_P', 'EMB_P', 'EMB_P', 'EMB_P', 'EMB_P', 'EMB_P', 'EMB_P', 'EMB_P', 'EMB_P', 'EMB_P', 'EMB_P', 'EMB_P', 'EMB_P', 'EMB_P', 'EMB_P', 'EMB_P', 'EMB_P', 'EMB_P', 'EMB_P', 'EMB_P', 'EMB_P', 'EMB_P', 'EMB_P', 'EMB_P', 'EMB_P', 'EMB_P', 'EMB_P', 'EMB_P', 'EMB_P', 'EMB_P', 'EMB_P', 'EMB_P', 'EMB_P', 'EMB_P', 'EMB_P', 'EMB_P', 'EMB_P', 'EMB_P', 'EMB_P', 'EMB_P', 'EMB_P', 'EMB_P', 'EMB_P', 'EMB_P', 'EMB_P', 'EMB_P', 'EMB_P', 'EMB_P', 'EMB_P', 'EMB_P', 'EMB_P', 'EMB_P', 'EMB_P', 'EMB_P', 'EMB_P', 'EMB_P', 'EMB_P', 'EMB_P', 'EMB_P', 'EMB_P', 'EMB_P', 'EMB_P', 'EMB_P', 'EMB_P', 'EMB_P', 'EMB_P', 'EMB_P', 'EMB_P', 'EMB_P', 'EMB_P', 'EMB_P', 'EMB_P', 'EMB_P', 'EMB_P', 'EMB_P', 'EMB_P', 'EMB_P', 'EMB_P']"
193,жаренные крылышки,Очень понравились,27841:6_1124,"Очень понравились закусочки: и жаренные крылышки, и особенно кальмары.",8.12,7.88,"['EMB_O', 'OPN_B', 'OPN_I', 'OPN_I', 'OPN_I', 'OPN_I', 'OPN_E', 'EMB_O', 'EMB_O', 'EMB_O', 'EMB_O', 'EMB_O', 'EMB_O', 'ASP_B', 'ASP_I', 'ASP_I', 'ASP_I', 'ASP_I', 'ASP_I', 'ASP_E', 'EMB_O', 'EMB_O', 'EMB_O', 'EMB_O', 'EMB_O', 'EMB_O', 'EMB_O', 'EMB_O', 'EMB_O', 'EMB_P', 'EMB_P', 'EMB_P', 'EMB_P', 'EMB_P', 'EMB_P', 'EMB_P', 'EMB_P', 'EMB_P', 'EMB_P', 'EMB_P', 'EMB_P', 'EMB_P', 'EMB_P', 'EMB_P', 'EMB_P', 'EMB_P', 'EMB_P', 'EMB_P', 'EMB_P', 'EMB_P', 'EMB_P', 'EMB_P', 'EMB_P', 'EMB_P', 'EMB_P', 'EMB_P', 'EMB_P', 'EMB_P', 'EMB_P', 'EMB_P', 'EMB_P', 'EMB_P', 'EMB_P', 'EMB_P', 'EMB_P', 'EMB_P', 'EMB_P', 'EMB_P', 'EMB_P', 'EMB_P', 'EMB_P', 'EMB_P', 'EMB_P', 'EMB_P', 'EMB_P', 'EMB_P', 'EMB_P', 'EMB_P', 'EMB_P', 'EMB_P', 'EMB_P', 'EMB_P', 'EMB_P', 'EMB_P', 'EMB_P', 'EMB_P', 'EMB_P', 'EMB_P', 'EMB_P', 'EMB_P', 'EMB_P', 'EMB_P', 'EMB_P', 'EMB_P', 'EMB_P', 'EMB_P', 'EMB_P', 'EMB_P', 'EMB_P', 'EMB_P', 'EMB_P', 'EMB_P', 'EMB_P', 'EMB_P', 'EMB_P', 'EMB_P', 'EMB_P', 'EMB_P', 'EMB_P', 'EMB_P', 'EMB_P', 'EMB_P', 'EMB_P', 'EMB_P', 'EMB_P', 'EMB_P', 'EMB_P', 'EMB_P', 'EMB_P', 'EMB_P', 'EMB_P', 'EMB_P', 'EMB_P', 'EMB_P', 'EMB_P', 'EMB_P', 'EMB_P', 'EMB_P']"
194,кальмары,Очень понравились,27841:6_1124,"Очень понравились закусочки: и жаренные крылышки, и особенно кальмары.",8.17,7.83,"['EMB_O', 'OPN_B', 'OPN_I', 'OPN_I', 'OPN_I', 'OPN_I', 'OPN_E', 'EMB_O', 'EMB_O', 'EMB_O', 'EMB_O', 'EMB_O', 'EMB_O', 'EMB_O', 'EMB_O', 'EMB_O', 'EMB_O', 'EMB_O', 'EMB_O', 'EMB_O', 'EMB_O', 'EMB_O', 'EMB_O', 'ASP_B', 'ASP_I', 'ASP_I', 'ASP_E', 'EMB_O', 'EMB_O', 'EMB_P', 'EMB_P', 'EMB_P', 'EMB_P', 'EMB_P', 'EMB_P', 'EMB_P', 'EMB_P', 'EMB_P', 'EMB_P', 'EMB_P', 'EMB_P', 'EMB_P', 'EMB_P', 'EMB_P', 'EMB_P', 'EMB_P', 'EMB_P', 'EMB_P', 'EMB_P', 'EMB_P', 'EMB_P', 'EMB_P', 'EMB_P', 'EMB_P', 'EMB_P', 'EMB_P', 'EMB_P', 'EMB_P', 'EMB_P', 'EMB_P', 'EMB_P', 'EMB_P', 'EMB_P', 'EMB_P', 'EMB_P', 'EMB_P', 'EMB_P', 'EMB_P', 'EMB_P', 'EMB_P', 'EMB_P', 'EMB_P', 'EMB_P', 'EMB_P', 'EMB_P', 'EMB_P', 'EMB_P', 'EMB_P', 'EMB_P', 'EMB_P', 'EMB_P', 'EMB_P', 'EMB_P', 'EMB_P', 'EMB_P', 'EMB_P', 'EMB_P', 'EMB_P', 'EMB_P', 'EMB_P', 'EMB_P', 'EMB_P', 'EMB_P', 'EMB_P', 'EMB_P', 'EMB_P', 'EMB_P', 'EMB_P', 'EMB_P', 'EMB_P', 'EMB_P', 'EMB_P', 'EMB_P', 'EMB_P', 'EMB_P', 'EMB_P', 'EMB_P', 'EMB_P', 'EMB_P', 'EMB_P', 'EMB_P', 'EMB_P', 'EMB_P', 'EMB_P', 'EMB_P', 'EMB_P', 'EMB_P', 'EMB_P', 'EMB_P', 'EMB_P', 'EMB_P', 'EMB_P', 'EMB_P', 'EMB_P', 'EMB_P', 'EMB_P', 'EMB_P', 'EMB_P']"
195,соуса,не обнаружили,27841:8_1125,"Правда без соуса, в меню мы соуса тоже не обнаружили, но приветливая девушка-официантка на наш вопрос о соусе, предложила 2 вида и сразу же принесла.",3.25,6.12,"['EMB_O', 'EMB_O', 'EMB_O', 'ASP_B', 'ASP_E', 'EMB_O', 'EMB_O', 'EMB_O', 'EMB_O', 'EMB_O', 'EMB_O', 'EMB_O', 'EMB_O', 'OPN_B', 'OPN_I', 'OPN_I', 'OPN_I', 'OPN_E', 'EMB_O', 'EMB_O', 'EMB_O', 'EMB_O', 'EMB_O', 'EMB_O', 'EMB_O', 'EMB_O', 'EMB_O', 'EMB_O', 'EMB_O', 'EMB_O', 'EMB_O', 'EMB_O', 'EMB_O', 'EMB_O', 'EMB_O', 'EMB_O', 'EMB_O', 'EMB_O', 'EMB_O', 'EMB_O', 'EMB_O', 'EMB_O', 'EMB_O', 'EMB_O', 'EMB_O', 'EMB_O', 'EMB_O', 'EMB_O', 'EMB_O', 'EMB_O', 'EMB_O', 'EMB_P', 'EMB_P', 'EMB_P', 'EMB_P', 'EMB_P', 'EMB_P', 'EMB_P', 'EMB_P', 'EMB_P', 'EMB_P', 'EMB_P', 'EMB_P', 'EMB_P', 'EMB_P', 'EMB_P', 'EMB_P', 'EMB_P', 'EMB_P', 'EMB_P', 'EMB_P', 'EMB_P', 'EMB_P', 'EMB_P', 'EMB_P', 'EMB_P', 'EMB_P', 'EMB_P', 'EMB_P', 'EMB_P', 'EMB_P', 'EMB_P', 'EMB_P', 'EMB_P', 'EMB_P', 'EMB_P', 'EMB_P', 'EMB_P', 'EMB_P', 'EMB_P', 'EMB_P', 'EMB_P', 'EMB_P', 'EMB_P', 'EMB_P', 'EMB_P', 'EMB_P', 'EMB_P', 'EMB_P', 'EMB_P', 'EMB_P', 'EMB_P', 'EMB_P', 'EMB_P', 'EMB_P', 'EMB_P', 'EMB_P', 'EMB_P', 'EMB_P', 'EMB_P', 'EMB_P', 'EMB_P', 'EMB_P', 'EMB_P', 'EMB_P', 'EMB_P', 'EMB_P', 'EMB_P', 'EMB_P', 'EMB_P', 'EMB_P', 'EMB_P', 'EMB_P', 'EMB_P', 'EMB_P', 'EMB_P', 'EMB_P', 'EMB_P']"
196,девушка-официантка,приветливая,27841:8_1125,"Правда без соуса, в меню мы соуса тоже не обнаружили, но приветливая девушка-официантка на наш вопрос о соусе, предложила 2 вида и сразу же принесла.",6.8,6.2,"['EMB_O', 'EMB_O', 'EMB_O', 'EMB_O', 'EMB_O', 'EMB_O', 'EMB_O', 'EMB_O', 'EMB_O', 'EMB_O', 'EMB_O', 'EMB_O', 'EMB_O', 'EMB_O', 'EMB_O', 'EMB_O', 'EMB_O', 'EMB_O', 'EMB_O', 'EMB_O', 'OPN_B', 'OPN_I', 'OPN_I', 'OPN_E', 'ASP_B', 'ASP_I', 'ASP_I', 'ASP_I', 'ASP_I', 'ASP_I', 'ASP_I', 'ASP_E', 'EMB_O', 'EMB_O', 'EMB_O', 'EMB_O', 'EMB_O', 'EMB_O', 'EMB_O', 'EMB_O', 'EMB_O', 'EMB_O', 'EMB_O', 'EMB_O', 'EMB_O', 'EMB_O', 'EMB_O', 'EMB_O', 'EMB_O', 'EMB_O', 'EMB_O', 'EMB_P', 'EMB_P', 'EMB_P', 'EMB_P', 'EMB_P', 'EMB_P', 'EMB_P', 'EMB_P', 'EMB_P', 'EMB_P', 'EMB_P', 'EMB_P', 'EMB_P', 'EMB_P', 'EMB_P', 'EMB_P', 'EMB_P', 'EMB_P', 'EMB_P', 'EMB_P', 'EMB_P', 'EMB_P', 'EMB_P', 'EMB_P', 'EMB_P', 'EMB_P', 'EMB_P', 'EMB_P', 'EMB_P', 'EMB_P', 'EMB_P', 'EMB_P', 'EMB_P', 'EMB_P', 'EMB_P', 'EMB_P', 'EMB_P', 'EMB_P', 'EMB_P', 'EMB_P', 'EMB_P', 'EMB_P', 'EMB_P', 'EMB_P', 'EMB_P', 'EMB_P', 'EMB_P', 'EMB_P', 'EMB_P', 'EMB_P', 'EMB_P', 'EMB_P', 'EMB_P', 'EMB_P', 'EMB_P', 'EMB_P', 'EMB_P', 'EMB_P', 'EMB_P', 'EMB_P', 'EMB_P', 'EMB_P', 'EMB_P', 'EMB_P', 'EMB_P', 'EMB_P', 'EMB_P', 'EMB_P', 'EMB_P', 'EMB_P', 'EMB_P', 'EMB_P', 'EMB_P', 'EMB_P', 'EMB_P', 'EMB_P', 'EMB_P']"
197,Интерьер,неплохой,27841:9_1126,"Интерьер неплохой, жалко только, что диванчики и плазменная панель только в зале для некурящих.",6.2,5.3,"['EMB_O', 'ASP_B', 'ASP_I', 'ASP_E', 'OPN_B', 'OPN_I', 'OPN_I', 'OPN_E', 'EMB_O', 'EMB_O', 'EMB_O', 'EMB_O', 'EMB_O', 'EMB_O', 'EMB_O', 'EMB_O', 'EMB_O', 'EMB_O', 'EMB_O', 'EMB_O', 'EMB_O', 'EMB_O', 'EMB_O', 'EMB_O', 'EMB_O', 'EMB_O', 'EMB_O', 'EMB_O', 'EMB_O', 'EMB_O', 'EMB_O', 'EMB_O', 'EMB_O', 'EMB_O', 'EMB_O', 'EMB_O', 'EMB_O', 'EMB_P', 'EMB_P', 'EMB_P', 'EMB_P', 'EMB_P', 'EMB_P', 'EMB_P', 'EMB_P', 'EMB_P', 'EMB_P', 'EMB_P', 'EMB_P', 'EMB_P', 'EMB_P', 'EMB_P', 'EMB_P', 'EMB_P', 'EMB_P', 'EMB_P', 'EMB_P', 'EMB_P', 'EMB_P', 'EMB_P', 'EMB_P', 'EMB_P', 'EMB_P', 'EMB_P', 'EMB_P', 'EMB_P', 'EMB_P', 'EMB_P', 'EMB_P', 'EMB_P', 'EMB_P', 'EMB_P', 'EMB_P', 'EMB_P', 'EMB_P', 'EMB_P', 'EMB_P', 'EMB_P', 'EMB_P', 'EMB_P', 'EMB_P', 'EMB_P', 'EMB_P', 'EMB_P', 'EMB_P', 'EMB_P', 'EMB_P', 'EMB_P', 'EMB_P', 'EMB_P', 'EMB_P', 'EMB_P', 'EMB_P', 'EMB_P', 'EMB_P', 'EMB_P', 'EMB_P', 'EMB_P', 'EMB_P', 'EMB_P', 'EMB_P', 'EMB_P', 'EMB_P', 'EMB_P', 'EMB_P', 'EMB_P', 'EMB_P', 'EMB_P', 'EMB_P', 'EMB_P', 'EMB_P', 'EMB_P', 'EMB_P', 'EMB_P', 'EMB_P', 'EMB_P', 'EMB_P', 'EMB_P', 'EMB_P', 'EMB_P', 'EMB_P', 'EMB_P', 'EMB_P', 'EMB_P', 'EMB_P', 'EMB_P', 'EMB_P', 'EMB_P']"
198,Обслуживание,все вовремя,27841:10_1127,"Обслуживание на 10, все вовремя, мило и с улыбкой.",7.5,7.5,"['EMB_O', 'ASP_B', 'ASP_I', 'ASP_I', 'ASP_E', 'EMB_O', 'EMB_O', 'EMB_O', 'OPN_B', 'OPN_I', 'OPN_I', 'OPN_E', 'EMB_O', 'EMB_O', 'EMB_O', 'EMB_O', 'EMB_O', 'EMB_O', 'EMB_O', 'EMB_O', 'EMB_O', 'EMB_O', 'EMB_P', 'EMB_P', 'EMB_P', 'EMB_P', 'EMB_P', 'EMB_P', 'EMB_P', 'EMB_P', 'EMB_P', 'EMB_P', 'EMB_P', 'EMB_P', 'EMB_P', 'EMB_P', 'EMB_P', 'EMB_P', 'EMB_P', 'EMB_P', 'EMB_P', 'EMB_P', 'EMB_P', 'EMB_P', 'EMB_P', 'EMB_P', 'EMB_P', 'EMB_P', 'EMB_P', 'EMB_P', 'EMB_P', 'EMB_P', 'EMB_P', 'EMB_P', 'EMB_P', 'EMB_P', 'EMB_P', 'EMB_P', 'EMB_P', 'EMB_P', 'EMB_P', 'EMB_P', 'EMB_P', 'EMB_P', 'EMB_P', 'EMB_P', 'EMB_P', 'EMB_P', 'EMB_P', 'EMB_P', 'EMB_P', 'EMB_P', 'EMB_P', 'EMB_P', 'EMB_P', 'EMB_P', 'EMB_P', 'EMB_P', 'EMB_P', 'EMB_P', 'EMB_P', 'EMB_P', 'EMB_P', 'EMB_P', 'EMB_P', 'EMB_P', 'EMB_P', 'EMB_P', 'EMB_P', 'EMB_P', 'EMB_P', 'EMB_P', 'EMB_P', 'EMB_P', 'EMB_P', 'EMB_P', 'EMB_P', 'EMB_P', 'EMB_P', 'EMB_P', 'EMB_P', 'EMB_P', 'EMB_P', 'EMB_P', 'EMB_P', 'EMB_P', 'EMB_P', 'EMB_P', 'EMB_P', 'EMB_P', 'EMB_P', 'EMB_P', 'EMB_P', 'EMB_P', 'EMB_P', 'EMB_P', 'EMB_P', 'EMB_P', 'EMB_P', 'EMB_P', 'EMB_P', 'EMB_P', 'EMB_P', 'EMB_P', 'EMB_P', 'EMB_P', 'EMB_P', 'EMB_P']"
199,местечко,приятное,27841:11_1128,"Отлично, что появилось такое приятное местечко в нашем районе.",6.9,6.5,"['EMB_O', 'EMB_O', 'EMB_O', 'EMB_O', 'EMB_O', 'EMB_O', 'EMB_O', 'EMB_O', 'EMB_O', 'OPN_B', 'OPN_I', 'OPN_E', 'ASP_B', 'ASP_E', 'EMB_O', 'EMB_O', 'EMB_O', 'EMB_O', 'EMB_O', 'EMB_O', 'EMB_P', 'EMB_P', 'EMB_P', 'EMB_P', 'EMB_P', 'EMB_P', 'EMB_P', 'EMB_P', 'EMB_P', 'EMB_P', 'EMB_P', 'EMB_P', 'EMB_P', 'EMB_P', 'EMB_P', 'EMB_P', 'EMB_P', 'EMB_P', 'EMB_P', 'EMB_P', 'EMB_P', 'EMB_P', 'EMB_P', 'EMB_P', 'EMB_P', 'EMB_P', 'EMB_P', 'EMB_P', 'EMB_P', 'EMB_P', 'EMB_P', 'EMB_P', 'EMB_P', 'EMB_P', 'EMB_P', 'EMB_P', 'EMB_P', 'EMB_P', 'EMB_P', 'EMB_P', 'EMB_P', 'EMB_P', 'EMB_P', 'EMB_P', 'EMB_P', 'EMB_P', 'EMB_P', 'EMB_P', 'EMB_P', 'EMB_P', 'EMB_P', 'EMB_P', 'EMB_P', 'EMB_P', 'EMB_P', 'EMB_P', 'EMB_P', 'EMB_P', 'EMB_P', 'EMB_P', 'EMB_P', 'EMB_P', 'EMB_P', 'EMB_P', 'EMB_P', 'EMB_P', 'EMB_P', 'EMB_P', 'EMB_P', 'EMB_P', 'EMB_P', 'EMB_P', 'EMB_P', 'EMB_P', 'EMB_P', 'EMB_P', 'EMB_P', 'EMB_P', 'EMB_P', 'EMB_P', 'EMB_P', 'EMB_P', 'EMB_P', 'EMB_P', 'EMB_P', 'EMB_P', 'EMB_P', 'EMB_P', 'EMB_P', 'EMB_P', 'EMB_P', 'EMB_P', 'EMB_P', 'EMB_P', 'EMB_P', 'EMB_P', 'EMB_P', 'EMB_P', 'EMB_P', 'EMB_P', 'EMB_P', 'EMB_P', 'EMB_P', 'EMB_P', 'EMB_P', 'EMB_P', 'EMB_P', 'EMB_P']"
200,Обслуживание,хорошее,27925:3_1129,Обслуживание хорошее нас встретил метрдотель и провёл до столика который отлично нам подашел.,6.6,6.0,"['EMB_O', 'ASP_B', 'ASP_I', 'ASP_I', 'ASP_E', 'OPN_B', 'OPN_I', 'OPN_E', 'EMB_O', 'EMB_O', 'EMB_O', 'EMB_O', 'EMB_O', 'EMB_O', 'EMB_O', 'EMB_O', 'EMB_O', 'EMB_O', 'EMB_O', 'EMB_O', 'EMB_O', 'EMB_O', 'EMB_O', 'EMB_O', 'EMB_O', 'EMB_O', 'EMB_O', 'EMB_O', 'EMB_O', 'EMB_O', 'EMB_P', 'EMB_P', 'EMB_P', 'EMB_P', 'EMB_P', 'EMB_P', 'EMB_P', 'EMB_P', 'EMB_P', 'EMB_P', 'EMB_P', 'EMB_P', 'EMB_P', 'EMB_P', 'EMB_P', 'EMB_P', 'EMB_P', 'EMB_P', 'EMB_P', 'EMB_P', 'EMB_P', 'EMB_P', 'EMB_P', 'EMB_P', 'EMB_P', 'EMB_P', 'EMB_P', 'EMB_P', 'EMB_P', 'EMB_P', 'EMB_P', 'EMB_P', 'EMB_P', 'EMB_P', 'EMB_P', 'EMB_P', 'EMB_P', 'EMB_P', 'EMB_P', 'EMB_P', 'EMB_P', 'EMB_P', 'EMB_P', 'EMB_P', 'EMB_P', 'EMB_P', 'EMB_P', 'EMB_P', 'EMB_P', 'EMB_P', 'EMB_P', 'EMB_P', 'EMB_P', 'EMB_P', 'EMB_P', 'EMB_P', 'EMB_P', 'EMB_P', 'EMB_P', 'EMB_P', 'EMB_P', 'EMB_P', 'EMB_P', 'EMB_P', 'EMB_P', 'EMB_P', 'EMB_P', 'EMB_P', 'EMB_P', 'EMB_P', 'EMB_P', 'EMB_P', 'EMB_P', 'EMB_P', 'EMB_P', 'EMB_P', 'EMB_P', 'EMB_P', 'EMB_P', 'EMB_P', 'EMB_P', 'EMB_P', 'EMB_P', 'EMB_P', 'EMB_P', 'EMB_P', 'EMB_P', 'EMB_P', 'EMB_P', 'EMB_P', 'EMB_P', 'EMB_P', 'EMB_P', 'EMB_P', 'EMB_P', 'EMB_P', 'EMB_P', 'EMB_P']"
201,метрдотель,встретил,27925:3_1129,Обслуживание хорошее нас встретил метрдотель и провёл до столика который отлично нам подашел.,6.17,5.67,"['EMB_O', 'EMB_O', 'EMB_O', 'EMB_O', 'EMB_O', 'EMB_O', 'EMB_O', 'EMB_O', 'EMB_O', 'OPN_B', 'OPN_I', 'OPN_I', 'OPN_E', 'ASP_B', 'ASP_I', 'ASP_E', 'EMB_O', 'EMB_O', 'EMB_O', 'EMB_O', 'EMB_O', 'EMB_O', 'EMB_O', 'EMB_O', 'EMB_O', 'EMB_O', 'EMB_O', 'EMB_O', 'EMB_O', 'EMB_O', 'EMB_P', 'EMB_P', 'EMB_P', 'EMB_P', 'EMB_P', 'EMB_P', 'EMB_P', 'EMB_P', 'EMB_P', 'EMB_P', 'EMB_P', 'EMB_P', 'EMB_P', 'EMB_P', 'EMB_P', 'EMB_P', 'EMB_P', 'EMB_P', 'EMB_P', 'EMB_P', 'EMB_P', 'EMB_P', 'EMB_P', 'EMB_P', 'EMB_P', 'EMB_P', 'EMB_P', 'EMB_P', 'EMB_P', 'EMB_P', 'EMB_P', 'EMB_P', 'EMB_P', 'EMB_P', 'EMB_P', 'EMB_P', 'EMB_P', 'EMB_P', 'EMB_P', 'EMB_P', 'EMB_P', 'EMB_P', 'EMB_P', 'EMB_P', 'EMB_P', 'EMB_P', 'EMB_P', 'EMB_P', 'EMB_P', 'EMB_P', 'EMB_P', 'EMB_P', 'EMB_P', 'EMB_P', 'EMB_P', 'EMB_P', 'EMB_P', 'EMB_P', 'EMB_P', 'EMB_P', 'EMB_P', 'EMB_P', 'EMB_P', 'EMB_P', 'EMB_P', 'EMB_P', 'EMB_P', 'EMB_P', 'EMB_P', 'EMB_P', 'EMB_P', 'EMB_P', 'EMB_P', 'EMB_P', 'EMB_P', 'EMB_P', 'EMB_P', 'EMB_P', 'EMB_P', 'EMB_P', 'EMB_P', 'EMB_P', 'EMB_P', 'EMB_P', 'EMB_P', 'EMB_P', 'EMB_P', 'EMB_P', 'EMB_P', 'EMB_P', 'EMB_P', 'EMB_P', 'EMB_P', 'EMB_P', 'EMB_P', 'EMB_P', 'EMB_P', 'EMB_P']"
202,зала,уютном,27925:4_1130,"Он был в уютном уголке в конце главного зала, приглушенный свет это основная часть этого ресторана там нет дневного освещения это было большим плюсом для нашего дня рожденья!",7.0,6.62,"['EMB_O', 'EMB_O', 'EMB_O', 'EMB_O', 'OPN_B', 'OPN_I', 'OPN_E', 'EMB_O', 'EMB_O', 'EMB_O', 'EMB_O', 'EMB_O', 'EMB_O', 'ASP_S', 'EMB_O', 'EMB_O', 'EMB_O', 'EMB_O', 'EMB_O', 'EMB_O', 'EMB_O', 'EMB_O', 'EMB_O', 'EMB_O', 'EMB_O', 'EMB_O', 'EMB_O', 'EMB_O', 'EMB_O', 'EMB_O', 'EMB_O', 'EMB_O', 'EMB_O', 'EMB_O', 'EMB_O', 'EMB_O', 'EMB_O', 'EMB_O', 'EMB_O', 'EMB_O', 'EMB_O', 'EMB_O', 'EMB_O', 'EMB_O', 'EMB_O', 'EMB_O', 'EMB_O', 'EMB_O', 'EMB_O', 'EMB_O', 'EMB_O', 'EMB_O', 'EMB_P', 'EMB_P', 'EMB_P', 'EMB_P', 'EMB_P', 'EMB_P', 'EMB_P', 'EMB_P', 'EMB_P', 'EMB_P', 'EMB_P', 'EMB_P', 'EMB_P', 'EMB_P', 'EMB_P', 'EMB_P', 'EMB_P', 'EMB_P', 'EMB_P', 'EMB_P', 'EMB_P', 'EMB_P', 'EMB_P', 'EMB_P', 'EMB_P', 'EMB_P', 'EMB_P', 'EMB_P', 'EMB_P', 'EMB_P', 'EMB_P', 'EMB_P', 'EMB_P', 'EMB_P', 'EMB_P', 'EMB_P', 'EMB_P', 'EMB_P', 'EMB_P', 'EMB_P', 'EMB_P', 'EMB_P', 'EMB_P', 'EMB_P', 'EMB_P', 'EMB_P', 'EMB_P', 'EMB_P', 'EMB_P', 'EMB_P', 'EMB_P', 'EMB_P', 'EMB_P', 'EMB_P', 'EMB_P', 'EMB_P', 'EMB_P', 'EMB_P', 'EMB_P', 'EMB_P', 'EMB_P', 'EMB_P', 'EMB_P', 'EMB_P', 'EMB_P', 'EMB_P', 'EMB_P', 'EMB_P', 'EMB_P', 'EMB_P', 'EMB_P', 'EMB_P', 'EMB_P', 'EMB_P', 'EMB_P', 'EMB_P']"
203,приглушенный свет,большим плюсом,27925:4_1130,"Он был в уютном уголке в конце главного зала, приглушенный свет это основная часть этого ресторана там нет дневного освещения это было большим плюсом для нашего дня рожденья!",7.75,7.5,"['EMB_O', 'EMB_O', 'EMB_O', 'EMB_O', 'EMB_O', 'EMB_O', 'EMB_O', 'EMB_O', 'EMB_O', 'EMB_O', 'EMB_O', 'EMB_O', 'EMB_O', 'EMB_O', 'EMB_O', 'ASP_B', 'ASP_I', 'ASP_I', 'ASP_I', 'ASP_E', 'EMB_O', 'EMB_O', 'EMB_O', 'EMB_O', 'EMB_O', 'EMB_O', 'EMB_O', 'EMB_O', 'EMB_O', 'EMB_O', 'EMB_O', 'EMB_O', 'EMB_O', 'EMB_O', 'EMB_O', 'EMB_O', 'EMB_O', 'OPN_B', 'OPN_I', 'OPN_I', 'OPN_E', 'EMB_O', 'EMB_O', 'EMB_O', 'EMB_O', 'EMB_O', 'EMB_O', 'EMB_O', 'EMB_O', 'EMB_O', 'EMB_O', 'EMB_O', 'EMB_P', 'EMB_P', 'EMB_P', 'EMB_P', 'EMB_P', 'EMB_P', 'EMB_P', 'EMB_P', 'EMB_P', 'EMB_P', 'EMB_P', 'EMB_P', 'EMB_P', 'EMB_P', 'EMB_P', 'EMB_P', 'EMB_P', 'EMB_P', 'EMB_P', 'EMB_P', 'EMB_P', 'EMB_P', 'EMB_P', 'EMB_P', 'EMB_P', 'EMB_P', 'EMB_P', 'EMB_P', 'EMB_P', 'EMB_P', 'EMB_P', 'EMB_P', 'EMB_P', 'EMB_P', 'EMB_P', 'EMB_P', 'EMB_P', 'EMB_P', 'EMB_P', 'EMB_P', 'EMB_P', 'EMB_P', 'EMB_P', 'EMB_P', 'EMB_P', 'EMB_P', 'EMB_P', 'EMB_P', 'EMB_P', 'EMB_P', 'EMB_P', 'EMB_P', 'EMB_P', 'EMB_P', 'EMB_P', 'EMB_P', 'EMB_P', 'EMB_P', 'EMB_P', 'EMB_P', 'EMB_P', 'EMB_P', 'EMB_P', 'EMB_P', 'EMB_P', 'EMB_P', 'EMB_P', 'EMB_P', 'EMB_P', 'EMB_P', 'EMB_P', 'EMB_P', 'EMB_P', 'EMB_P', 'EMB_P', 'EMB_P']"
204,блюд,приятных,27925:6_1131,"На наш не большой банкетик мы заказали пару приятных блюд, я заказала себе улитки очень вкусно было и совсем недорого примерно 300 рублей помоему, мой молодой человек заказал блюда из мяса на мангале, которых у них полно, ему не угодишь обычно, а тут понравилось его друзья тоже заказали по порции разного мяса на мангале тоже очень понравились!",6.8,6.4,"['EMB_O', 'EMB_O', 'EMB_O', 'EMB_O', 'EMB_O', 'EMB_O', 'EMB_O', 'EMB_O', 'EMB_O', 'EMB_O', 'EMB_O', 'EMB_O', 'EMB_O', 'EMB_O', 'OPN_B', 'OPN_I', 'OPN_E', 'ASP_B', 'ASP_I', 'ASP_E', 'EMB_O', 'EMB_O', 'EMB_O', 'EMB_O', 'EMB_O', 'EMB_O', 'EMB_O', 'EMB_O', 'EMB_O', 'EMB_O', 'EMB_O', 'EMB_O', 'EMB_O', 'EMB_O', 'EMB_O', 'EMB_O', 'EMB_O', 'EMB_O', 'EMB_O', 'EMB_O', 'EMB_O', 'EMB_O', 'EMB_O', 'EMB_O', 'EMB_O', 'EMB_O', 'EMB_O', 'EMB_O', 'EMB_O', 'EMB_O', 'EMB_O', 'EMB_O', 'EMB_O', 'EMB_O', 'EMB_O', 'EMB_O', 'EMB_O', 'EMB_O', 'EMB_O', 'EMB_O', 'EMB_O', 'EMB_O', 'EMB_O', 'EMB_O', 'EMB_O', 'EMB_O', 'EMB_O', 'EMB_O', 'EMB_O', 'EMB_O', 'EMB_O', 'EMB_O', 'EMB_O', 'EMB_O', 'EMB_O', 'EMB_O', 'EMB_O', 'EMB_O', 'EMB_O', 'EMB_O', 'EMB_O', 'EMB_O', 'EMB_O', 'EMB_O', 'EMB_O', 'EMB_O', 'EMB_O', 'EMB_O', 'EMB_O', 'EMB_O', 'EMB_O', 'EMB_O', 'EMB_O', 'EMB_O', 'EMB_O', 'EMB_O', 'EMB_O', 'EMB_O', 'EMB_O', 'EMB_O', 'EMB_O', 'EMB_O', 'EMB_O', 'EMB_O', 'EMB_O', 'EMB_O', 'EMB_O', 'EMB_O', 'EMB_O', 'EMB_O', 'EMB_O', 'EMB_P', 'EMB_P', 'EMB_P', 'EMB_P', 'EMB_P', 'EMB_P', 'EMB_P', 'EMB_P', 'EMB_P', 'EMB_P', 'EMB_P', 'EMB_P', 'EMB_P', 'EMB_P', 'EMB_P', 'EMB_P', 'EMB_P']"
205,улитки,очень вкусно,27925:6_1131,"На наш не большой банкетик мы заказали пару приятных блюд, я заказала себе улитки очень вкусно было и совсем недорого примерно 300 рублей помоему, мой молодой человек заказал блюда из мяса на мангале, которых у них полно, ему не угодишь обычно, а тут понравилось его друзья тоже заказали по порции разного мяса на мангале тоже очень понравились!",7.8,7.0,"['EMB_O', 'EMB_O', 'EMB_O', 'EMB_O', 'EMB_O', 'EMB_O', 'EMB_O', 'EMB_O', 'EMB_O', 'EMB_O', 'EMB_O', 'EMB_O', 'EMB_O', 'EMB_O', 'EMB_O', 'EMB_O', 'EMB_O', 'EMB_O', 'EMB_O', 'EMB_O', 'EMB_O', 'EMB_O', 'EMB_O', 'EMB_O', 'EMB_O', 'EMB_O', 'ASP_B', 'ASP_I', 'ASP_E', 'OPN_B', 'OPN_I', 'OPN_I', 'OPN_E', 'EMB_O', 'EMB_O', 'EMB_O', 'EMB_O', 'EMB_O', 'EMB_O', 'EMB_O', 'EMB_O', 'EMB_O', 'EMB_O', 'EMB_O', 'EMB_O', 'EMB_O', 'EMB_O', 'EMB_O', 'EMB_O', 'EMB_O', 'EMB_O', 'EMB_O', 'EMB_O', 'EMB_O', 'EMB_O', 'EMB_O', 'EMB_O', 'EMB_O', 'EMB_O', 'EMB_O', 'EMB_O', 'EMB_O', 'EMB_O', 'EMB_O', 'EMB_O', 'EMB_O', 'EMB_O', 'EMB_O', 'EMB_O', 'EMB_O', 'EMB_O', 'EMB_O', 'EMB_O', 'EMB_O', 'EMB_O', 'EMB_O', 'EMB_O', 'EMB_O', 'EMB_O', 'EMB_O', 'EMB_O', 'EMB_O', 'EMB_O', 'EMB_O', 'EMB_O', 'EMB_O', 'EMB_O', 'EMB_O', 'EMB_O', 'EMB_O', 'EMB_O', 'EMB_O', 'EMB_O', 'EMB_O', 'EMB_O', 'EMB_O', 'EMB_O', 'EMB_O', 'EMB_O', 'EMB_O', 'EMB_O', 'EMB_O', 'EMB_O', 'EMB_O', 'EMB_O', 'EMB_O', 'EMB_O', 'EMB_O', 'EMB_O', 'EMB_O', 'EMB_O', 'EMB_P', 'EMB_P', 'EMB_P', 'EMB_P', 'EMB_P', 'EMB_P', 'EMB_P', 'EMB_P', 'EMB_P', 'EMB_P', 'EMB_P', 'EMB_P', 'EMB_P', 'EMB_P', 'EMB_P', 'EMB_P', 'EMB_P']"
206,блюда из мяса на мангале,понравилось,27925:6_1131,"На наш не большой банкетик мы заказали пару приятных блюд, я заказала себе улитки очень вкусно было и совсем недорого примерно 300 рублей помоему, мой молодой человек заказал блюда из мяса на мангале, которых у них полно, ему не угодишь обычно, а тут понравилось его друзья тоже заказали по порции разного мяса на мангале тоже очень понравились!",7.25,6.88,"['EMB_O', 'EMB_O', 'EMB_O', 'EMB_O', 'EMB_O', 'EMB_O', 'EMB_O', 'EMB_O', 'EMB_O', 'EMB_O', 'EMB_O', 'EMB_O', 'EMB_O', 'EMB_O', 'EMB_O', 'EMB_O', 'EMB_O', 'ASP_B', 'ASP_E', 'EMB_O', 'EMB_O', 'EMB_O', 'EMB_O', 'EMB_O', 'EMB_O', 'EMB_O', 'EMB_O', 'EMB_O', 'EMB_O', 'EMB_O', 'EMB_O', 'EMB_O', 'EMB_O', 'EMB_O', 'EMB_O', 'EMB_O', 'EMB_O', 'EMB_O', 'EMB_O', 'EMB_O', 'EMB_O', 'EMB_O', 'EMB_O', 'EMB_O', 'EMB_O', 'EMB_O', 'EMB_O', 'EMB_O', 'EMB_O', 'EMB_O', 'EMB_O', 'EMB_O', 'EMB_O', 'EMB_O', 'EMB_O', 'EMB_O', 'ASP_B', 'ASP_I', 'ASP_I', 'ASP_I', 'ASP_I', 'ASP_I', 'ASP_I', 'ASP_E', 'EMB_O', 'EMB_O', 'EMB_O', 'EMB_O', 'EMB_O', 'EMB_O', 'EMB_O', 'EMB_O', 'EMB_O', 'EMB_O', 'EMB_O', 'EMB_O', 'EMB_O', 'EMB_O', 'EMB_O', 'EMB_O', 'OPN_B', 'OPN_I', 'OPN_I', 'OPN_E', 'EMB_O', 'EMB_O', 'EMB_O', 'EMB_O', 'EMB_O', 'EMB_O', 'EMB_O', 'EMB_O', 'EMB_O', 'EMB_O', 'EMB_O', 'EMB_O', 'EMB_O', 'EMB_O', 'EMB_O', 'EMB_O', 'EMB_O', 'EMB_O', 'EMB_O', 'EMB_O', 'EMB_O', 'EMB_O', 'EMB_O', 'EMB_O', 'EMB_O', 'EMB_O', 'EMB_O', 'EMB_P', 'EMB_P', 'EMB_P', 'EMB_P', 'EMB_P', 'EMB_P', 'EMB_P', 'EMB_P', 'EMB_P', 'EMB_P', 'EMB_P', 'EMB_P', 'EMB_P', 'EMB_P', 'EMB_P', 'EMB_P', 'EMB_P']"
207,мяса на мангале,очень понравились,27925:6_1131,"На наш не большой банкетик мы заказали пару приятных блюд, я заказала себе улитки очень вкусно было и совсем недорого примерно 300 рублей помоему, мой молодой человек заказал блюда из мяса на мангале, которых у них полно, ему не угодишь обычно, а тут понравилось его друзья тоже заказали по порции разного мяса на мангале тоже очень понравились!",7.8,7.2,"['EMB_O', 'EMB_O', 'EMB_O', 'EMB_O', 'EMB_O', 'EMB_O', 'EMB_O', 'EMB_O', 'EMB_O', 'EMB_O', 'EMB_O', 'EMB_O', 'EMB_O', 'EMB_O', 'EMB_O', 'EMB_O', 'EMB_O', 'EMB_O', 'EMB_O', 'EMB_O', 'EMB_O', 'EMB_O', 'EMB_O', 'EMB_O', 'EMB_O', 'EMB_O', 'EMB_O', 'EMB_O', 'EMB_O', 'OPN_S', 'EMB_O', 'EMB_O', 'EMB_O', 'EMB_O', 'EMB_O', 'EMB_O', 'EMB_O', 'EMB_O', 'EMB_O', 'EMB_O', 'EMB_O', 'EMB_O', 'EMB_O', 'EMB_O', 'EMB_O', 'EMB_O', 'EMB_O', 'ASP_S', 'EMB_O', 'EMB_O', 'EMB_O', 'EMB_O', 'EMB_O', 'EMB_O', 'EMB_O', 'EMB_O', 'EMB_O', 'EMB_O', 'EMB_O', 'ASP_B', 'ASP_I', 'ASP_I', 'ASP_I', 'ASP_E', 'EMB_O', 'EMB_O', 'EMB_O', 'EMB_O', 'EMB_O', 'EMB_O', 'EMB_O', 'EMB_O', 'EMB_O', 'EMB_O', 'EMB_O', 'EMB_O', 'EMB_O', 'EMB_O', 'EMB_O', 'EMB_O', 'OPN_B', 'OPN_I', 'OPN_E', 'EMB_O', 'EMB_O', 'EMB_O', 'EMB_O', 'EMB_O', 'EMB_O', 'EMB_O', 'EMB_O', 'EMB_O', 'EMB_O', 'EMB_O', 'EMB_O', 'EMB_O', 'EMB_O', 'EMB_O', 'EMB_O', 'EMB_O', 'EMB_O', 'EMB_O', 'EMB_O', 'EMB_O', 'EMB_O', 'EMB_O', 'EMB_O', 'EMB_O', 'OPN_S', 'EMB_O', 'EMB_O', 'EMB_P', 'EMB_P', 'EMB_P', 'EMB_P', 'EMB_P', 'EMB_P', 'EMB_P', 'EMB_P', 'EMB_P', 'EMB_P', 'EMB_P', 'EMB_P', 'EMB_P', 'EMB_P', 'EMB_P', 'EMB_P', 'EMB_P']"
208,живая музыка,обрадовались,27925:7_1132,"Ближе к вечеру нас предупредили о том, что будет живая музыка, мы так обрадовались этому неожиданному сюрпризу у нас как раз подошло время для танцев, а тут сопровождает такой прекрасный голос солистки……!!!",8.0,7.83,"['EMB_O', 'EMB_O', 'EMB_O', 'EMB_O', 'EMB_O', 'EMB_O', 'EMB_O', 'EMB_O', 'EMB_O', 'EMB_O', 'EMB_O', 'EMB_O', 'EMB_O', 'EMB_O', 'EMB_O', 'EMB_O', 'EMB_O', 'ASP_B', 'ASP_I', 'ASP_E', 'EMB_O', 'EMB_O', 'EMB_O', 'OPN_B', 'OPN_I', 'OPN_I', 'OPN_E', 'EMB_O', 'EMB_O', 'EMB_O', 'EMB_O', 'EMB_O', 'EMB_O', 'EMB_O', 'EMB_O', 'EMB_O', 'EMB_O', 'EMB_O', 'EMB_O', 'EMB_O', 'EMB_O', 'EMB_O', 'EMB_O', 'EMB_O', 'EMB_O', 'EMB_O', 'EMB_O', 'EMB_O', 'EMB_O', 'EMB_O', 'EMB_O', 'EMB_O', 'EMB_O', 'EMB_O', 'EMB_O', 'EMB_O', 'EMB_O', 'EMB_O', 'EMB_O', 'EMB_O', 'EMB_O', 'EMB_O', 'EMB_O', 'EMB_O', 'EMB_O', 'EMB_O', 'EMB_O', 'EMB_O', 'EMB_O', 'EMB_P', 'EMB_P', 'EMB_P', 'EMB_P', 'EMB_P', 'EMB_P', 'EMB_P', 'EMB_P', 'EMB_P', 'EMB_P', 'EMB_P', 'EMB_P', 'EMB_P', 'EMB_P', 'EMB_P', 'EMB_P', 'EMB_P', 'EMB_P', 'EMB_P', 'EMB_P', 'EMB_P', 'EMB_P', 'EMB_P', 'EMB_P', 'EMB_P', 'EMB_P', 'EMB_P', 'EMB_P', 'EMB_P', 'EMB_P', 'EMB_P', 'EMB_P', 'EMB_P', 'EMB_P', 'EMB_P', 'EMB_P', 'EMB_P', 'EMB_P', 'EMB_P', 'EMB_P', 'EMB_P', 'EMB_P', 'EMB_P', 'EMB_P', 'EMB_P', 'EMB_P', 'EMB_P', 'EMB_P', 'EMB_P', 'EMB_P', 'EMB_P', 'EMB_P', 'EMB_P', 'EMB_P', 'EMB_P', 'EMB_P', 'EMB_P', 'EMB_P', 'EMB_P']"
209,голос солистки,прекрасный,27925:7_1132,"Ближе к вечеру нас предупредили о том, что будет живая музыка, мы так обрадовались этому неожиданному сюрпризу у нас как раз подошло время для танцев, а тут сопровождает такой прекрасный голос солистки……!!!",7.75,7.25,"['EMB_O', 'EMB_O', 'EMB_O', 'EMB_O', 'EMB_O', 'EMB_O', 'EMB_O', 'EMB_O', 'EMB_O', 'EMB_O', 'EMB_O', 'EMB_O', 'EMB_O', 'EMB_O', 'EMB_O', 'EMB_O', 'EMB_O', 'EMB_O', 'EMB_O', 'EMB_O', 'EMB_O', 'EMB_O', 'EMB_O', 'EMB_O', 'EMB_O', 'EMB_O', 'EMB_O', 'EMB_O', 'EMB_O', 'EMB_O', 'EMB_O', 'EMB_O', 'EMB_O', 'EMB_O', 'EMB_O', 'EMB_O', 'EMB_O', 'EMB_O', 'EMB_O', 'EMB_O', 'EMB_O', 'EMB_O', 'EMB_O', 'EMB_O', 'EMB_O', 'EMB_O', 'EMB_O', 'EMB_O', 'EMB_O', 'EMB_O', 'EMB_O', 'EMB_O', 'EMB_O', 'EMB_O', 'EMB_O', 'EMB_O', 'OPN_B', 'OPN_I', 'OPN_I', 'OPN_E', 'ASP_B', 'ASP_I', 'ASP_E', 'EMB_O', 'EMB_O', 'EMB_O', 'EMB_O', 'EMB_O', 'EMB_O', 'EMB_P', 'EMB_P', 'EMB_P', 'EMB_P', 'EMB_P', 'EMB_P', 'EMB_P', 'EMB_P', 'EMB_P', 'EMB_P', 'EMB_P', 'EMB_P', 'EMB_P', 'EMB_P', 'EMB_P', 'EMB_P', 'EMB_P', 'EMB_P', 'EMB_P', 'EMB_P', 'EMB_P', 'EMB_P', 'EMB_P', 'EMB_P', 'EMB_P', 'EMB_P', 'EMB_P', 'EMB_P', 'EMB_P', 'EMB_P', 'EMB_P', 'EMB_P', 'EMB_P', 'EMB_P', 'EMB_P', 'EMB_P', 'EMB_P', 'EMB_P', 'EMB_P', 'EMB_P', 'EMB_P', 'EMB_P', 'EMB_P', 'EMB_P', 'EMB_P', 'EMB_P', 'EMB_P', 'EMB_P', 'EMB_P', 'EMB_P', 'EMB_P', 'EMB_P', 'EMB_P', 'EMB_P', 'EMB_P', 'EMB_P', 'EMB_P', 'EMB_P', 'EMB_P']"
210,ресторане,безумно довольны,27925:8_1133,"В общем мы остались безумно довольны проведённым вечером в этом ресторане, так что всем советуем))",8.5,7.9,"['EMB_O', 'EMB_O', 'EMB_O', 'EMB_O', 'EMB_O', 'EMB_O', 'EMB_O', 'OPN_B', 'OPN_I', 'OPN_I', 'OPN_I', 'OPN_I', 'OPN_E', 'EMB_O', 'EMB_O', 'EMB_O', 'EMB_O', 'EMB_O', 'EMB_O', 'EMB_O', 'EMB_O', 'ASP_B', 'ASP_I', 'ASP_E', 'EMB_O', 'EMB_O', 'EMB_O', 'EMB_O', 'EMB_O', 'EMB_O', 'EMB_O', 'EMB_O', 'EMB_O', 'EMB_O', 'EMB_P', 'EMB_P', 'EMB_P', 'EMB_P', 'EMB_P', 'EMB_P', 'EMB_P', 'EMB_P', 'EMB_P', 'EMB_P', 'EMB_P', 'EMB_P', 'EMB_P', 'EMB_P', 'EMB_P', 'EMB_P', 'EMB_P', 'EMB_P', 'EMB_P', 'EMB_P', 'EMB_P', 'EMB_P', 'EMB_P', 'EMB_P', 'EMB_P', 'EMB_P', 'EMB_P', 'EMB_P', 'EMB_P', 'EMB_P', 'EMB_P', 'EMB_P', 'EMB_P', 'EMB_P', 'EMB_P', 'EMB_P', 'EMB_P', 'EMB_P', 'EMB_P', 'EMB_P', 'EMB_P', 'EMB_P', 'EMB_P', 'EMB_P', 'EMB_P', 'EMB_P', 'EMB_P', 'EMB_P', 'EMB_P', 'EMB_P', 'EMB_P', 'EMB_P', 'EMB_P', 'EMB_P', 'EMB_P', 'EMB_P', 'EMB_P', 'EMB_P', 'EMB_P', 'EMB_P', 'EMB_P', 'EMB_P', 'EMB_P', 'EMB_P', 'EMB_P', 'EMB_P', 'EMB_P', 'EMB_P', 'EMB_P', 'EMB_P', 'EMB_P', 'EMB_P', 'EMB_P', 'EMB_P', 'EMB_P', 'EMB_P', 'EMB_P', 'EMB_P', 'EMB_P', 'EMB_P', 'EMB_P', 'EMB_P', 'EMB_P', 'EMB_P', 'EMB_P', 'EMB_P', 'EMB_P', 'EMB_P', 'EMB_P', 'EMB_P', 'EMB_P', 'EMB_P', 'EMB_P', 'EMB_P']"
211,паулайнере,хорошее,28083:4_1134,"Я сама в паулайнере была не в первый раз, и всегда тут хорошее обслуживание и вкусная кухня.",6.67,6.0,"['EMB_O', 'EMB_O', 'EMB_O', 'EMB_O', 'ASP_B', 'ASP_I', 'ASP_I', 'ASP_E', 'EMB_O', 'EMB_O', 'EMB_O', 'EMB_O', 'EMB_O', 'EMB_O', 'EMB_O', 'EMB_O', 'EMB_O', 'OPN_B', 'OPN_I', 'OPN_E', 'EMB_O', 'EMB_O', 'EMB_O', 'EMB_O', 'EMB_O', 'EMB_O', 'EMB_O', 'EMB_O', 'EMB_O', 'EMB_O', 'EMB_O', 'EMB_O', 'EMB_O', 'EMB_O', 'EMB_P', 'EMB_P', 'EMB_P', 'EMB_P', 'EMB_P', 'EMB_P', 'EMB_P', 'EMB_P', 'EMB_P', 'EMB_P', 'EMB_P', 'EMB_P', 'EMB_P', 'EMB_P', 'EMB_P', 'EMB_P', 'EMB_P', 'EMB_P', 'EMB_P', 'EMB_P', 'EMB_P', 'EMB_P', 'EMB_P', 'EMB_P', 'EMB_P', 'EMB_P', 'EMB_P', 'EMB_P', 'EMB_P', 'EMB_P', 'EMB_P', 'EMB_P', 'EMB_P', 'EMB_P', 'EMB_P', 'EMB_P', 'EMB_P', 'EMB_P', 'EMB_P', 'EMB_P', 'EMB_P', 'EMB_P', 'EMB_P', 'EMB_P', 'EMB_P', 'EMB_P', 'EMB_P', 'EMB_P', 'EMB_P', 'EMB_P', 'EMB_P', 'EMB_P', 'EMB_P', 'EMB_P', 'EMB_P', 'EMB_P', 'EMB_P', 'EMB_P', 'EMB_P', 'EMB_P', 'EMB_P', 'EMB_P', 'EMB_P', 'EMB_P', 'EMB_P', 'EMB_P', 'EMB_P', 'EMB_P', 'EMB_P', 'EMB_P', 'EMB_P', 'EMB_P', 'EMB_P', 'EMB_P', 'EMB_P', 'EMB_P', 'EMB_P', 'EMB_P', 'EMB_P', 'EMB_P', 'EMB_P', 'EMB_P', 'EMB_P', 'EMB_P', 'EMB_P', 'EMB_P', 'EMB_P', 'EMB_P', 'EMB_P', 'EMB_P', 'EMB_P', 'EMB_P', 'EMB_P', 'EMB_P']"
212,обслуживание,хорошее,28083:4_1134,"Я сама в паулайнере была не в первый раз, и всегда тут хорошее обслуживание и вкусная кухня.",6.8,6.2,"['EMB_O', 'EMB_O', 'EMB_O', 'EMB_O', 'EMB_O', 'EMB_O', 'EMB_O', 'EMB_O', 'EMB_O', 'EMB_O', 'EMB_O', 'EMB_O', 'EMB_O', 'EMB_O', 'EMB_O', 'EMB_O', 'EMB_O', 'OPN_B', 'OPN_I', 'OPN_E', 'ASP_B', 'ASP_I', 'ASP_I', 'ASP_E', 'EMB_O', 'EMB_O', 'EMB_O', 'EMB_O', 'EMB_O', 'EMB_O', 'EMB_O', 'EMB_O', 'EMB_O', 'EMB_O', 'EMB_P', 'EMB_P', 'EMB_P', 'EMB_P', 'EMB_P', 'EMB_P', 'EMB_P', 'EMB_P', 'EMB_P', 'EMB_P', 'EMB_P', 'EMB_P', 'EMB_P', 'EMB_P', 'EMB_P', 'EMB_P', 'EMB_P', 'EMB_P', 'EMB_P', 'EMB_P', 'EMB_P', 'EMB_P', 'EMB_P', 'EMB_P', 'EMB_P', 'EMB_P', 'EMB_P', 'EMB_P', 'EMB_P', 'EMB_P', 'EMB_P', 'EMB_P', 'EMB_P', 'EMB_P', 'EMB_P', 'EMB_P', 'EMB_P', 'EMB_P', 'EMB_P', 'EMB_P', 'EMB_P', 'EMB_P', 'EMB_P', 'EMB_P', 'EMB_P', 'EMB_P', 'EMB_P', 'EMB_P', 'EMB_P', 'EMB_P', 'EMB_P', 'EMB_P', 'EMB_P', 'EMB_P', 'EMB_P', 'EMB_P', 'EMB_P', 'EMB_P', 'EMB_P', 'EMB_P', 'EMB_P', 'EMB_P', 'EMB_P', 'EMB_P', 'EMB_P', 'EMB_P', 'EMB_P', 'EMB_P', 'EMB_P', 'EMB_P', 'EMB_P', 'EMB_P', 'EMB_P', 'EMB_P', 'EMB_P', 'EMB_P', 'EMB_P', 'EMB_P', 'EMB_P', 'EMB_P', 'EMB_P', 'EMB_P', 'EMB_P', 'EMB_P', 'EMB_P', 'EMB_P', 'EMB_P', 'EMB_P', 'EMB_P', 'EMB_P', 'EMB_P', 'EMB_P', 'EMB_P', 'EMB_P']"
213,кухня,вкусная,28083:4_1134,"Я сама в паулайнере была не в первый раз, и всегда тут хорошее обслуживание и вкусная кухня.",7.0,6.4,"['EMB_O', 'EMB_O', 'EMB_O', 'OPN_S', 'EMB_O', 'EMB_O', 'EMB_O', 'EMB_O', 'EMB_O', 'EMB_O', 'EMB_O', 'EMB_O', 'EMB_O', 'EMB_O', 'EMB_O', 'EMB_O', 'EMB_O', 'EMB_O', 'EMB_O', 'EMB_O', 'EMB_O', 'EMB_O', 'EMB_O', 'EMB_O', 'EMB_O', 'EMB_O', 'OPN_B', 'OPN_I', 'OPN_E', 'ASP_B', 'ASP_I', 'ASP_E', 'EMB_O', 'EMB_O', 'EMB_P', 'EMB_P', 'EMB_P', 'EMB_P', 'EMB_P', 'EMB_P', 'EMB_P', 'EMB_P', 'EMB_P', 'EMB_P', 'EMB_P', 'EMB_P', 'EMB_P', 'EMB_P', 'EMB_P', 'EMB_P', 'EMB_P', 'EMB_P', 'EMB_P', 'EMB_P', 'EMB_P', 'EMB_P', 'EMB_P', 'EMB_P', 'EMB_P', 'EMB_P', 'EMB_P', 'EMB_P', 'EMB_P', 'EMB_P', 'EMB_P', 'EMB_P', 'EMB_P', 'EMB_P', 'EMB_P', 'EMB_P', 'EMB_P', 'EMB_P', 'EMB_P', 'EMB_P', 'EMB_P', 'EMB_P', 'EMB_P', 'EMB_P', 'EMB_P', 'EMB_P', 'EMB_P', 'EMB_P', 'EMB_P', 'EMB_P', 'EMB_P', 'EMB_P', 'EMB_P', 'EMB_P', 'EMB_P', 'EMB_P', 'EMB_P', 'EMB_P', 'EMB_P', 'EMB_P', 'EMB_P', 'EMB_P', 'EMB_P', 'EMB_P', 'EMB_P', 'EMB_P', 'EMB_P', 'EMB_P', 'EMB_P', 'EMB_P', 'EMB_P', 'EMB_P', 'EMB_P', 'EMB_P', 'EMB_P', 'EMB_P', 'EMB_P', 'EMB_P', 'EMB_P', 'EMB_P', 'EMB_P', 'EMB_P', 'EMB_P', 'EMB_P', 'EMB_P', 'EMB_P', 'EMB_P', 'EMB_P', 'EMB_P', 'EMB_P', 'EMB_P', 'EMB_P', 'EMB_P', 'EMB_P']"
214,пиво,выше всех похвал,28083:5_1135,"Про пиво вообще говорить нечего, оно выше всех похвал!",8.88,8.88,"['EMB_O', 'EMB_O', 'ASP_B', 'ASP_E', 'EMB_O', 'EMB_O', 'EMB_O', 'EMB_O', 'EMB_O', 'EMB_O', 'EMB_O', 'OPN_B', 'OPN_I', 'OPN_I', 'OPN_I', 'OPN_E', 'EMB_O', 'EMB_O', 'EMB_P', 'EMB_P', 'EMB_P', 'EMB_P', 'EMB_P', 'EMB_P', 'EMB_P', 'EMB_P', 'EMB_P', 'EMB_P', 'EMB_P', 'EMB_P', 'EMB_P', 'EMB_P', 'EMB_P', 'EMB_P', 'EMB_P', 'EMB_P', 'EMB_P', 'EMB_P', 'EMB_P', 'EMB_P', 'EMB_P', 'EMB_P', 'EMB_P', 'EMB_P', 'EMB_P', 'EMB_P', 'EMB_P', 'EMB_P', 'EMB_P', 'EMB_P', 'EMB_P', 'EMB_P', 'EMB_P', 'EMB_P', 'EMB_P', 'EMB_P', 'EMB_P', 'EMB_P', 'EMB_P', 'EMB_P', 'EMB_P', 'EMB_P', 'EMB_P', 'EMB_P', 'EMB_P', 'EMB_P', 'EMB_P', 'EMB_P', 'EMB_P', 'EMB_P', 'EMB_P', 'EMB_P', 'EMB_P', 'EMB_P', 'EMB_P', 'EMB_P', 'EMB_P', 'EMB_P', 'EMB_P', 'EMB_P', 'EMB_P', 'EMB_P', 'EMB_P', 'EMB_P', 'EMB_P', 'EMB_P', 'EMB_P', 'EMB_P', 'EMB_P', 'EMB_P', 'EMB_P', 'EMB_P', 'EMB_P', 'EMB_P', 'EMB_P', 'EMB_P', 'EMB_P', 'EMB_P', 'EMB_P', 'EMB_P', 'EMB_P', 'EMB_P', 'EMB_P', 'EMB_P', 'EMB_P', 'EMB_P', 'EMB_P', 'EMB_P', 'EMB_P', 'EMB_P', 'EMB_P', 'EMB_P', 'EMB_P', 'EMB_P', 'EMB_P', 'EMB_P', 'EMB_P', 'EMB_P', 'EMB_P', 'EMB_P', 'EMB_P', 'EMB_P', 'EMB_P', 'EMB_P', 'EMB_P', 'EMB_P', 'EMB_P', 'EMB_P']"
215,Персонал,вежливый,28083:8_1136,"Персонал вежливый, никто нам не хамил и не обсчитывал.",6.9,6.3,"['EMB_O', 'ASP_B', 'ASP_I', 'ASP_E', 'OPN_B', 'OPN_I', 'OPN_I', 'OPN_E', 'EMB_O', 'EMB_O', 'EMB_O', 'EMB_O', 'EMB_O', 'EMB_O', 'EMB_O', 'EMB_O', 'EMB_O', 'EMB_O', 'EMB_O', 'EMB_O', 'EMB_O', 'EMB_O', 'EMB_O', 'EMB_O', 'EMB_P', 'EMB_P', 'EMB_P', 'EMB_P', 'EMB_P', 'EMB_P', 'EMB_P', 'EMB_P', 'EMB_P', 'EMB_P', 'EMB_P', 'EMB_P', 'EMB_P', 'EMB_P', 'EMB_P', 'EMB_P', 'EMB_P', 'EMB_P', 'EMB_P', 'EMB_P', 'EMB_P', 'EMB_P', 'EMB_P', 'EMB_P', 'EMB_P', 'EMB_P', 'EMB_P', 'EMB_P', 'EMB_P', 'EMB_P', 'EMB_P', 'EMB_P', 'EMB_P', 'EMB_P', 'EMB_P', 'EMB_P', 'EMB_P', 'EMB_P', 'EMB_P', 'EMB_P', 'EMB_P', 'EMB_P', 'EMB_P', 'EMB_P', 'EMB_P', 'EMB_P', 'EMB_P', 'EMB_P', 'EMB_P', 'EMB_P', 'EMB_P', 'EMB_P', 'EMB_P', 'EMB_P', 'EMB_P', 'EMB_P', 'EMB_P', 'EMB_P', 'EMB_P', 'EMB_P', 'EMB_P', 'EMB_P', 'EMB_P', 'EMB_P', 'EMB_P', 'EMB_P', 'EMB_P', 'EMB_P', 'EMB_P', 'EMB_P', 'EMB_P', 'EMB_P', 'EMB_P', 'EMB_P', 'EMB_P', 'EMB_P', 'EMB_P', 'EMB_P', 'EMB_P', 'EMB_P', 'EMB_P', 'EMB_P', 'EMB_P', 'EMB_P', 'EMB_P', 'EMB_P', 'EMB_P', 'EMB_P', 'EMB_P', 'EMB_P', 'EMB_P', 'EMB_P', 'EMB_P', 'EMB_P', 'EMB_P', 'EMB_P', 'EMB_P', 'EMB_P', 'EMB_P', 'EMB_P', 'EMB_P', 'EMB_P', 'EMB_P', 'EMB_P']"
216,девушка,большое спасибо,28083:9_1137,"Обслуживала наш столик девушка Мария, еще раз хочется сказать ей большое спасибо!",7.62,7.0,"['EMB_O', 'EMB_O', 'EMB_O', 'EMB_O', 'EMB_O', 'EMB_O', 'EMB_O', 'EMB_O', 'ASP_B', 'ASP_E', 'EMB_O', 'EMB_O', 'EMB_O', 'EMB_O', 'EMB_O', 'EMB_O', 'EMB_O', 'EMB_O', 'EMB_O', 'EMB_O', 'EMB_O', 'OPN_B', 'OPN_I', 'OPN_I', 'OPN_E', 'EMB_O', 'EMB_O', 'EMB_P', 'EMB_P', 'EMB_P', 'EMB_P', 'EMB_P', 'EMB_P', 'EMB_P', 'EMB_P', 'EMB_P', 'EMB_P', 'EMB_P', 'EMB_P', 'EMB_P', 'EMB_P', 'EMB_P', 'EMB_P', 'EMB_P', 'EMB_P', 'EMB_P', 'EMB_P', 'EMB_P', 'EMB_P', 'EMB_P', 'EMB_P', 'EMB_P', 'EMB_P', 'EMB_P', 'EMB_P', 'EMB_P', 'EMB_P', 'EMB_P', 'EMB_P', 'EMB_P', 'EMB_P', 'EMB_P', 'EMB_P', 'EMB_P', 'EMB_P', 'EMB_P', 'EMB_P', 'EMB_P', 'EMB_P', 'EMB_P', 'EMB_P', 'EMB_P', 'EMB_P', 'EMB_P', 'EMB_P', 'EMB_P', 'EMB_P', 'EMB_P', 'EMB_P', 'EMB_P', 'EMB_P', 'EMB_P', 'EMB_P', 'EMB_P', 'EMB_P', 'EMB_P', 'EMB_P', 'EMB_P', 'EMB_P', 'EMB_P', 'EMB_P', 'EMB_P', 'EMB_P', 'EMB_P', 'EMB_P', 'EMB_P', 'EMB_P', 'EMB_P', 'EMB_P', 'EMB_P', 'EMB_P', 'EMB_P', 'EMB_P', 'EMB_P', 'EMB_P', 'EMB_P', 'EMB_P', 'EMB_P', 'EMB_P', 'EMB_P', 'EMB_P', 'EMB_P', 'EMB_P', 'EMB_P', 'EMB_P', 'EMB_P', 'EMB_P', 'EMB_P', 'EMB_P', 'EMB_P', 'EMB_P', 'EMB_P', 'EMB_P', 'EMB_P', 'EMB_P', 'EMB_P', 'EMB_P', 'EMB_P']"
217,девушка,Очень приветливая,28083:10_1138,Очень приветливая девушка!,7.88,7.62,"['EMB_O', 'OPN_B', 'OPN_I', 'OPN_I', 'OPN_I', 'OPN_I', 'OPN_E', 'ASP_B', 'ASP_E', 'EMB_O', 'EMB_O', 'EMB_P', 'EMB_P', 'EMB_P', 'EMB_P', 'EMB_P', 'EMB_P', 'EMB_P', 'EMB_P', 'EMB_P', 'EMB_P', 'EMB_P', 'EMB_P', 'EMB_P', 'EMB_P', 'EMB_P', 'EMB_P', 'EMB_P', 'EMB_P', 'EMB_P', 'EMB_P', 'EMB_P', 'EMB_P', 'EMB_P', 'EMB_P', 'EMB_P', 'EMB_P', 'EMB_P', 'EMB_P', 'EMB_P', 'EMB_P', 'EMB_P', 'EMB_P', 'EMB_P', 'EMB_P', 'EMB_P', 'EMB_P', 'EMB_P', 'EMB_P', 'EMB_P', 'EMB_P', 'EMB_P', 'EMB_P', 'EMB_P', 'EMB_P', 'EMB_P', 'EMB_P', 'EMB_P', 'EMB_P', 'EMB_P', 'EMB_P', 'EMB_P', 'EMB_P', 'EMB_P', 'EMB_P', 'EMB_P', 'EMB_P', 'EMB_P', 'EMB_P', 'EMB_P', 'EMB_P', 'EMB_P', 'EMB_P', 'EMB_P', 'EMB_P', 'EMB_P', 'EMB_P', 'EMB_P', 'EMB_P', 'EMB_P', 'EMB_P', 'EMB_P', 'EMB_P', 'EMB_P', 'EMB_P', 'EMB_P', 'EMB_P', 'EMB_P', 'EMB_P', 'EMB_P', 'EMB_P', 'EMB_P', 'EMB_P', 'EMB_P', 'EMB_P', 'EMB_P', 'EMB_P', 'EMB_P', 'EMB_P', 'EMB_P', 'EMB_P', 'EMB_P', 'EMB_P', 'EMB_P', 'EMB_P', 'EMB_P', 'EMB_P', 'EMB_P', 'EMB_P', 'EMB_P', 'EMB_P', 'EMB_P', 'EMB_P', 'EMB_P', 'EMB_P', 'EMB_P', 'EMB_P', 'EMB_P', 'EMB_P', 'EMB_P', 'EMB_P', 'EMB_P', 'EMB_P', 'EMB_P', 'EMB_P', 'EMB_P', 'EMB_P', 'EMB_P']"
218,Порции,большие,28112:5_1140,Порции большие и очень сытные.,7.1,6.6,"['EMB_O', 'ASP_B', 'ASP_I', 'ASP_E', 'OPN_S', 'EMB_O', 'EMB_O', 'EMB_O', 'EMB_O', 'EMB_O', 'EMB_O', 'EMB_O', 'EMB_P', 'EMB_P', 'EMB_P', 'EMB_P', 'EMB_P', 'EMB_P', 'EMB_P', 'EMB_P', 'EMB_P', 'EMB_P', 'EMB_P', 'EMB_P', 'EMB_P', 'EMB_P', 'EMB_P', 'EMB_P', 'EMB_P', 'EMB_P', 'EMB_P', 'EMB_P', 'EMB_P', 'EMB_P', 'EMB_P', 'EMB_P', 'EMB_P', 'EMB_P', 'EMB_P', 'EMB_P', 'EMB_P', 'EMB_P', 'EMB_P', 'EMB_P', 'EMB_P', 'EMB_P', 'EMB_P', 'EMB_P', 'EMB_P', 'EMB_P', 'EMB_P', 'EMB_P', 'EMB_P', 'EMB_P', 'EMB_P', 'EMB_P', 'EMB_P', 'EMB_P', 'EMB_P', 'EMB_P', 'EMB_P', 'EMB_P', 'EMB_P', 'EMB_P', 'EMB_P', 'EMB_P', 'EMB_P', 'EMB_P', 'EMB_P', 'EMB_P', 'EMB_P', 'EMB_P', 'EMB_P', 'EMB_P', 'EMB_P', 'EMB_P', 'EMB_P', 'EMB_P', 'EMB_P', 'EMB_P', 'EMB_P', 'EMB_P', 'EMB_P', 'EMB_P', 'EMB_P', 'EMB_P', 'EMB_P', 'EMB_P', 'EMB_P', 'EMB_P', 'EMB_P', 'EMB_P', 'EMB_P', 'EMB_P', 'EMB_P', 'EMB_P', 'EMB_P', 'EMB_P', 'EMB_P', 'EMB_P', 'EMB_P', 'EMB_P', 'EMB_P', 'EMB_P', 'EMB_P', 'EMB_P', 'EMB_P', 'EMB_P', 'EMB_P', 'EMB_P', 'EMB_P', 'EMB_P', 'EMB_P', 'EMB_P', 'EMB_P', 'EMB_P', 'EMB_P', 'EMB_P', 'EMB_P', 'EMB_P', 'EMB_P', 'EMB_P', 'EMB_P', 'EMB_P', 'EMB_P', 'EMB_P', 'EMB_P', 'EMB_P']"
219,Качество мяса,превосходно,28112:6_1141,Качество мяса превосходно.,8.62,8.38,"['EMB_O', 'ASP_B', 'ASP_I', 'ASP_I', 'ASP_I', 'ASP_I', 'ASP_E', 'OPN_B', 'OPN_I', 'OPN_I', 'OPN_E', 'EMB_O', 'EMB_O', 'EMB_P', 'EMB_P', 'EMB_P', 'EMB_P', 'EMB_P', 'EMB_P', 'EMB_P', 'EMB_P', 'EMB_P', 'EMB_P', 'EMB_P', 'EMB_P', 'EMB_P', 'EMB_P', 'EMB_P', 'EMB_P', 'EMB_P', 'EMB_P', 'EMB_P', 'EMB_P', 'EMB_P', 'EMB_P', 'EMB_P', 'EMB_P', 'EMB_P', 'EMB_P', 'EMB_P', 'EMB_P', 'EMB_P', 'EMB_P', 'EMB_P', 'EMB_P', 'EMB_P', 'EMB_P', 'EMB_P', 'EMB_P', 'EMB_P', 'EMB_P', 'EMB_P', 'EMB_P', 'EMB_P', 'EMB_P', 'EMB_P', 'EMB_P', 'EMB_P', 'EMB_P', 'EMB_P', 'EMB_P', 'EMB_P', 'EMB_P', 'EMB_P', 'EMB_P', 'EMB_P', 'EMB_P', 'EMB_P', 'EMB_P', 'EMB_P', 'EMB_P', 'EMB_P', 'EMB_P', 'EMB_P', 'EMB_P', 'EMB_P', 'EMB_P', 'EMB_P', 'EMB_P', 'EMB_P', 'EMB_P', 'EMB_P', 'EMB_P', 'EMB_P', 'EMB_P', 'EMB_P', 'EMB_P', 'EMB_P', 'EMB_P', 'EMB_P', 'EMB_P', 'EMB_P', 'EMB_P', 'EMB_P', 'EMB_P', 'EMB_P', 'EMB_P', 'EMB_P', 'EMB_P', 'EMB_P', 'EMB_P', 'EMB_P', 'EMB_P', 'EMB_P', 'EMB_P', 'EMB_P', 'EMB_P', 'EMB_P', 'EMB_P', 'EMB_P', 'EMB_P', 'EMB_P', 'EMB_P', 'EMB_P', 'EMB_P', 'EMB_P', 'EMB_P', 'EMB_P', 'EMB_P', 'EMB_P', 'EMB_P', 'EMB_P', 'EMB_P', 'EMB_P', 'EMB_P', 'EMB_P', 'EMB_P', 'EMB_P']"
220,еде,5,28112:8_1142,В общем 5 по еде.,7.75,7.12,"['EMB_O', 'EMB_O', 'EMB_O', 'EMB_O', 'OPN_S', 'EMB_O', 'ASP_B', 'ASP_E', 'EMB_O', 'EMB_O', 'EMB_P', 'EMB_P', 'EMB_P', 'EMB_P', 'EMB_P', 'EMB_P', 'EMB_P', 'EMB_P', 'EMB_P', 'EMB_P', 'EMB_P', 'EMB_P', 'EMB_P', 'EMB_P', 'EMB_P', 'EMB_P', 'EMB_P', 'EMB_P', 'EMB_P', 'EMB_P', 'EMB_P', 'EMB_P', 'EMB_P', 'EMB_P', 'EMB_P', 'EMB_P', 'EMB_P', 'EMB_P', 'EMB_P', 'EMB_P', 'EMB_P', 'EMB_P', 'EMB_P', 'EMB_P', 'EMB_P', 'EMB_P', 'EMB_P', 'EMB_P', 'EMB_P', 'EMB_P', 'EMB_P', 'EMB_P', 'EMB_P', 'EMB_P', 'EMB_P', 'EMB_P', 'EMB_P', 'EMB_P', 'EMB_P', 'EMB_P', 'EMB_P', 'EMB_P', 'EMB_P', 'EMB_P', 'EMB_P', 'EMB_P', 'EMB_P', 'EMB_P', 'EMB_P', 'EMB_P', 'EMB_P', 'EMB_P', 'EMB_P', 'EMB_P', 'EMB_P', 'EMB_P', 'EMB_P', 'EMB_P', 'EMB_P', 'EMB_P', 'EMB_P', 'EMB_P', 'EMB_P', 'EMB_P', 'EMB_P', 'EMB_P', 'EMB_P', 'EMB_P', 'EMB_P', 'EMB_P', 'EMB_P', 'EMB_P', 'EMB_P', 'EMB_P', 'EMB_P', 'EMB_P', 'EMB_P', 'EMB_P', 'EMB_P', 'EMB_P', 'EMB_P', 'EMB_P', 'EMB_P', 'EMB_P', 'EMB_P', 'EMB_P', 'EMB_P', 'EMB_P', 'EMB_P', 'EMB_P', 'EMB_P', 'EMB_P', 'EMB_P', 'EMB_P', 'EMB_P', 'EMB_P', 'EMB_P', 'EMB_P', 'EMB_P', 'EMB_P', 'EMB_P', 'EMB_P', 'EMB_P', 'EMB_P', 'EMB_P', 'EMB_P', 'EMB_P', 'EMB_P']"
221,большие окна,завесил,28112:12_1143,"Единственное,я бы все же завесил большие окна,выходящие на Некрасова,какой-нить полупрозрачной тюлью.",3.17,6.5,"['EMB_O', 'EMB_O', 'EMB_O', 'EMB_O', 'EMB_O', 'EMB_O', 'EMB_O', 'EMB_O', 'EMB_O', 'OPN_B', 'OPN_I', 'OPN_E', 'ASP_B', 'ASP_I', 'ASP_E', 'EMB_O', 'EMB_O', 'EMB_O', 'EMB_O', 'EMB_O', 'EMB_O', 'EMB_O', 'EMB_O', 'EMB_O', 'EMB_O', 'EMB_O', 'EMB_O', 'EMB_O', 'EMB_O', 'EMB_O', 'EMB_O', 'EMB_O', 'EMB_O', 'EMB_O', 'EMB_O', 'EMB_O', 'EMB_O', 'EMB_O', 'EMB_O', 'EMB_P', 'EMB_P', 'EMB_P', 'EMB_P', 'EMB_P', 'EMB_P', 'EMB_P', 'EMB_P', 'EMB_P', 'EMB_P', 'EMB_P', 'EMB_P', 'EMB_P', 'EMB_P', 'EMB_P', 'EMB_P', 'EMB_P', 'EMB_P', 'EMB_P', 'EMB_P', 'EMB_P', 'EMB_P', 'EMB_P', 'EMB_P', 'EMB_P', 'EMB_P', 'EMB_P', 'EMB_P', 'EMB_P', 'EMB_P', 'EMB_P', 'EMB_P', 'EMB_P', 'EMB_P', 'EMB_P', 'EMB_P', 'EMB_P', 'EMB_P', 'EMB_P', 'EMB_P', 'EMB_P', 'EMB_P', 'EMB_P', 'EMB_P', 'EMB_P', 'EMB_P', 'EMB_P', 'EMB_P', 'EMB_P', 'EMB_P', 'EMB_P', 'EMB_P', 'EMB_P', 'EMB_P', 'EMB_P', 'EMB_P', 'EMB_P', 'EMB_P', 'EMB_P', 'EMB_P', 'EMB_P', 'EMB_P', 'EMB_P', 'EMB_P', 'EMB_P', 'EMB_P', 'EMB_P', 'EMB_P', 'EMB_P', 'EMB_P', 'EMB_P', 'EMB_P', 'EMB_P', 'EMB_P', 'EMB_P', 'EMB_P', 'EMB_P', 'EMB_P', 'EMB_P', 'EMB_P', 'EMB_P', 'EMB_P', 'EMB_P', 'EMB_P', 'EMB_P', 'EMB_P', 'EMB_P', 'EMB_P', 'EMB_P']"
222,проемы окон,немного голо,28112:13_1144,Большие проемы окон смотрятся немного голо.,3.5,5.62,"['EMB_O', 'EMB_O', 'EMB_O', 'ASP_B', 'ASP_I', 'ASP_I', 'ASP_I', 'ASP_E', 'EMB_O', 'EMB_O', 'EMB_O', 'EMB_O', 'OPN_B', 'OPN_E', 'EMB_O', 'EMB_O', 'EMB_P', 'EMB_P', 'EMB_P', 'EMB_P', 'EMB_P', 'EMB_P', 'EMB_P', 'EMB_P', 'EMB_P', 'EMB_P', 'EMB_P', 'EMB_P', 'EMB_P', 'EMB_P', 'EMB_P', 'EMB_P', 'EMB_P', 'EMB_P', 'EMB_P', 'EMB_P', 'EMB_P', 'EMB_P', 'EMB_P', 'EMB_P', 'EMB_P', 'EMB_P', 'EMB_P', 'EMB_P', 'EMB_P', 'EMB_P', 'EMB_P', 'EMB_P', 'EMB_P', 'EMB_P', 'EMB_P', 'EMB_P', 'EMB_P', 'EMB_P', 'EMB_P', 'EMB_P', 'EMB_P', 'EMB_P', 'EMB_P', 'EMB_P', 'EMB_P', 'EMB_P', 'EMB_P', 'EMB_P', 'EMB_P', 'EMB_P', 'EMB_P', 'EMB_P', 'EMB_P', 'EMB_P', 'EMB_P', 'EMB_P', 'EMB_P', 'EMB_P', 'EMB_P', 'EMB_P', 'EMB_P', 'EMB_P', 'EMB_P', 'EMB_P', 'EMB_P', 'EMB_P', 'EMB_P', 'EMB_P', 'EMB_P', 'EMB_P', 'EMB_P', 'EMB_P', 'EMB_P', 'EMB_P', 'EMB_P', 'EMB_P', 'EMB_P', 'EMB_P', 'EMB_P', 'EMB_P', 'EMB_P', 'EMB_P', 'EMB_P', 'EMB_P', 'EMB_P', 'EMB_P', 'EMB_P', 'EMB_P', 'EMB_P', 'EMB_P', 'EMB_P', 'EMB_P', 'EMB_P', 'EMB_P', 'EMB_P', 'EMB_P', 'EMB_P', 'EMB_P', 'EMB_P', 'EMB_P', 'EMB_P', 'EMB_P', 'EMB_P', 'EMB_P', 'EMB_P', 'EMB_P', 'EMB_P', 'EMB_P', 'EMB_P', 'EMB_P', 'EMB_P', 'EMB_P']"
223,Обслуживанию,4-ку,28112:14_1145,Обслуживанию я бы поставил 4-ку.,6.33,5.67,"['EMB_O', 'ASP_B', 'ASP_I', 'ASP_I', 'ASP_E', 'EMB_O', 'EMB_O', 'EMB_O', 'EMB_O', 'OPN_B', 'OPN_I', 'OPN_I', 'OPN_E', 'EMB_O', 'EMB_O', 'EMB_P', 'EMB_P', 'EMB_P', 'EMB_P', 'EMB_P', 'EMB_P', 'EMB_P', 'EMB_P', 'EMB_P', 'EMB_P', 'EMB_P', 'EMB_P', 'EMB_P', 'EMB_P', 'EMB_P', 'EMB_P', 'EMB_P', 'EMB_P', 'EMB_P', 'EMB_P', 'EMB_P', 'EMB_P', 'EMB_P', 'EMB_P', 'EMB_P', 'EMB_P', 'EMB_P', 'EMB_P', 'EMB_P', 'EMB_P', 'EMB_P', 'EMB_P', 'EMB_P', 'EMB_P', 'EMB_P', 'EMB_P', 'EMB_P', 'EMB_P', 'EMB_P', 'EMB_P', 'EMB_P', 'EMB_P', 'EMB_P', 'EMB_P', 'EMB_P', 'EMB_P', 'EMB_P', 'EMB_P', 'EMB_P', 'EMB_P', 'EMB_P', 'EMB_P', 'EMB_P', 'EMB_P', 'EMB_P', 'EMB_P', 'EMB_P', 'EMB_P', 'EMB_P', 'EMB_P', 'EMB_P', 'EMB_P', 'EMB_P', 'EMB_P', 'EMB_P', 'EMB_P', 'EMB_P', 'EMB_P', 'EMB_P', 'EMB_P', 'EMB_P', 'EMB_P', 'EMB_P', 'EMB_P', 'EMB_P', 'EMB_P', 'EMB_P', 'EMB_P', 'EMB_P', 'EMB_P', 'EMB_P', 'EMB_P', 'EMB_P', 'EMB_P', 'EMB_P', 'EMB_P', 'EMB_P', 'EMB_P', 'EMB_P', 'EMB_P', 'EMB_P', 'EMB_P', 'EMB_P', 'EMB_P', 'EMB_P', 'EMB_P', 'EMB_P', 'EMB_P', 'EMB_P', 'EMB_P', 'EMB_P', 'EMB_P', 'EMB_P', 'EMB_P', 'EMB_P', 'EMB_P', 'EMB_P', 'EMB_P', 'EMB_P', 'EMB_P', 'EMB_P', 'EMB_P', 'EMB_P']"
224,официанты,не профи,28112:15_1146,"Все хорошо,быстро,но видно что официанты не профи.",4.9,4.0,"['EMB_O', 'EMB_O', 'EMB_O', 'EMB_O', 'EMB_O', 'EMB_O', 'EMB_O', 'EMB_O', 'EMB_O', 'EMB_O', 'ASP_B', 'ASP_I', 'ASP_I', 'ASP_I', 'ASP_E', 'OPN_B', 'OPN_I', 'OPN_E', 'EMB_O', 'EMB_O', 'EMB_P', 'EMB_P', 'EMB_P', 'EMB_P', 'EMB_P', 'EMB_P', 'EMB_P', 'EMB_P', 'EMB_P', 'EMB_P', 'EMB_P', 'EMB_P', 'EMB_P', 'EMB_P', 'EMB_P', 'EMB_P', 'EMB_P', 'EMB_P', 'EMB_P', 'EMB_P', 'EMB_P', 'EMB_P', 'EMB_P', 'EMB_P', 'EMB_P', 'EMB_P', 'EMB_P', 'EMB_P', 'EMB_P', 'EMB_P', 'EMB_P', 'EMB_P', 'EMB_P', 'EMB_P', 'EMB_P', 'EMB_P', 'EMB_P', 'EMB_P', 'EMB_P', 'EMB_P', 'EMB_P', 'EMB_P', 'EMB_P', 'EMB_P', 'EMB_P', 'EMB_P', 'EMB_P', 'EMB_P', 'EMB_P', 'EMB_P', 'EMB_P', 'EMB_P', 'EMB_P', 'EMB_P', 'EMB_P', 'EMB_P', 'EMB_P', 'EMB_P', 'EMB_P', 'EMB_P', 'EMB_P', 'EMB_P', 'EMB_P', 'EMB_P', 'EMB_P', 'EMB_P', 'EMB_P', 'EMB_P', 'EMB_P', 'EMB_P', 'EMB_P', 'EMB_P', 'EMB_P', 'EMB_P', 'EMB_P', 'EMB_P', 'EMB_P', 'EMB_P', 'EMB_P', 'EMB_P', 'EMB_P', 'EMB_P', 'EMB_P', 'EMB_P', 'EMB_P', 'EMB_P', 'EMB_P', 'EMB_P', 'EMB_P', 'EMB_P', 'EMB_P', 'EMB_P', 'EMB_P', 'EMB_P', 'EMB_P', 'EMB_P', 'EMB_P', 'EMB_P', 'EMB_P', 'EMB_P', 'EMB_P', 'EMB_P', 'EMB_P', 'EMB_P', 'EMB_P', 'EMB_P', 'EMB_P', 'EMB_P']"
225,музыка,очень приятная,28112:20_1147,"И поесть можно,и поговорить (музыка очень приятная и негромкая) и даму привести и день рождения отметить.",7.4,6.6,"['EMB_O', 'EMB_O', 'EMB_O', 'EMB_O', 'EMB_O', 'EMB_O', 'EMB_O', 'EMB_O', 'EMB_O', 'EMB_O', 'EMB_O', 'ASP_S', 'OPN_B', 'OPN_I', 'OPN_I', 'OPN_E', 'EMB_O', 'EMB_O', 'EMB_O', 'EMB_O', 'EMB_O', 'EMB_O', 'EMB_O', 'EMB_O', 'EMB_O', 'EMB_O', 'EMB_O', 'EMB_O', 'EMB_O', 'EMB_O', 'EMB_O', 'EMB_O', 'EMB_O', 'EMB_O', 'EMB_P', 'EMB_P', 'EMB_P', 'EMB_P', 'EMB_P', 'EMB_P', 'EMB_P', 'EMB_P', 'EMB_P', 'EMB_P', 'EMB_P', 'EMB_P', 'EMB_P', 'EMB_P', 'EMB_P', 'EMB_P', 'EMB_P', 'EMB_P', 'EMB_P', 'EMB_P', 'EMB_P', 'EMB_P', 'EMB_P', 'EMB_P', 'EMB_P', 'EMB_P', 'EMB_P', 'EMB_P', 'EMB_P', 'EMB_P', 'EMB_P', 'EMB_P', 'EMB_P', 'EMB_P', 'EMB_P', 'EMB_P', 'EMB_P', 'EMB_P', 'EMB_P', 'EMB_P', 'EMB_P', 'EMB_P', 'EMB_P', 'EMB_P', 'EMB_P', 'EMB_P', 'EMB_P', 'EMB_P', 'EMB_P', 'EMB_P', 'EMB_P', 'EMB_P', 'EMB_P', 'EMB_P', 'EMB_P', 'EMB_P', 'EMB_P', 'EMB_P', 'EMB_P', 'EMB_P', 'EMB_P', 'EMB_P', 'EMB_P', 'EMB_P', 'EMB_P', 'EMB_P', 'EMB_P', 'EMB_P', 'EMB_P', 'EMB_P', 'EMB_P', 'EMB_P', 'EMB_P', 'EMB_P', 'EMB_P', 'EMB_P', 'EMB_P', 'EMB_P', 'EMB_P', 'EMB_P', 'EMB_P', 'EMB_P', 'EMB_P', 'EMB_P', 'EMB_P', 'EMB_P', 'EMB_P', 'EMB_P', 'EMB_P', 'EMB_P', 'EMB_P', 'EMB_P', 'EMB_P', 'EMB_P']"
226,парковщик,помог,28258:1_1148,"Первым нас встретил парковщик, помог припарковаться и даже открыл двери и вежливо нас поприветствовал.",7.17,7.17,"['EMB_O', 'EMB_O', 'EMB_O', 'EMB_O', 'EMB_O', 'EMB_O', 'EMB_O', 'ASP_B', 'ASP_I', 'ASP_E', 'EMB_O', 'OPN_B', 'OPN_E', 'EMB_O', 'EMB_O', 'EMB_O', 'EMB_O', 'EMB_O', 'EMB_O', 'EMB_O', 'EMB_O', 'EMB_O', 'EMB_O', 'EMB_O', 'EMB_O', 'EMB_O', 'EMB_O', 'EMB_O', 'EMB_O', 'EMB_O', 'EMB_O', 'EMB_O', 'EMB_O', 'EMB_O', 'EMB_P', 'EMB_P', 'EMB_P', 'EMB_P', 'EMB_P', 'EMB_P', 'EMB_P', 'EMB_P', 'EMB_P', 'EMB_P', 'EMB_P', 'EMB_P', 'EMB_P', 'EMB_P', 'EMB_P', 'EMB_P', 'EMB_P', 'EMB_P', 'EMB_P', 'EMB_P', 'EMB_P', 'EMB_P', 'EMB_P', 'EMB_P', 'EMB_P', 'EMB_P', 'EMB_P', 'EMB_P', 'EMB_P', 'EMB_P', 'EMB_P', 'EMB_P', 'EMB_P', 'EMB_P', 'EMB_P', 'EMB_P', 'EMB_P', 'EMB_P', 'EMB_P', 'EMB_P', 'EMB_P', 'EMB_P', 'EMB_P', 'EMB_P', 'EMB_P', 'EMB_P', 'EMB_P', 'EMB_P', 'EMB_P', 'EMB_P', 'EMB_P', 'EMB_P', 'EMB_P', 'EMB_P', 'EMB_P', 'EMB_P', 'EMB_P', 'EMB_P', 'EMB_P', 'EMB_P', 'EMB_P', 'EMB_P', 'EMB_P', 'EMB_P', 'EMB_P', 'EMB_P', 'EMB_P', 'EMB_P', 'EMB_P', 'EMB_P', 'EMB_P', 'EMB_P', 'EMB_P', 'EMB_P', 'EMB_P', 'EMB_P', 'EMB_P', 'EMB_P', 'EMB_P', 'EMB_P', 'EMB_P', 'EMB_P', 'EMB_P', 'EMB_P', 'EMB_P', 'EMB_P', 'EMB_P', 'EMB_P', 'EMB_P', 'EMB_P', 'EMB_P', 'EMB_P', 'EMB_P', 'EMB_P']"
227,Интерьер,нравится,28258:2_1149,"Интерьер ресторана мне нравится, я люблю такой дизайн.",6.8,6.2,"['EMB_O', 'ASP_B', 'ASP_I', 'ASP_E', 'EMB_O', 'EMB_O', 'EMB_O', 'EMB_O', 'OPN_B', 'OPN_I', 'OPN_E', 'EMB_O', 'EMB_O', 'EMB_O', 'EMB_O', 'EMB_O', 'EMB_O', 'EMB_O', 'EMB_O', 'EMB_O', 'EMB_O', 'EMB_P', 'EMB_P', 'EMB_P', 'EMB_P', 'EMB_P', 'EMB_P', 'EMB_P', 'EMB_P', 'EMB_P', 'EMB_P', 'EMB_P', 'EMB_P', 'EMB_P', 'EMB_P', 'EMB_P', 'EMB_P', 'EMB_P', 'EMB_P', 'EMB_P', 'EMB_P', 'EMB_P', 'EMB_P', 'EMB_P', 'EMB_P', 'EMB_P', 'EMB_P', 'EMB_P', 'EMB_P', 'EMB_P', 'EMB_P', 'EMB_P', 'EMB_P', 'EMB_P', 'EMB_P', 'EMB_P', 'EMB_P', 'EMB_P', 'EMB_P', 'EMB_P', 'EMB_P', 'EMB_P', 'EMB_P', 'EMB_P', 'EMB_P', 'EMB_P', 'EMB_P', 'EMB_P', 'EMB_P', 'EMB_P', 'EMB_P', 'EMB_P', 'EMB_P', 'EMB_P', 'EMB_P', 'EMB_P', 'EMB_P', 'EMB_P', 'EMB_P', 'EMB_P', 'EMB_P', 'EMB_P', 'EMB_P', 'EMB_P', 'EMB_P', 'EMB_P', 'EMB_P', 'EMB_P', 'EMB_P', 'EMB_P', 'EMB_P', 'EMB_P', 'EMB_P', 'EMB_P', 'EMB_P', 'EMB_P', 'EMB_P', 'EMB_P', 'EMB_P', 'EMB_P', 'EMB_P', 'EMB_P', 'EMB_P', 'EMB_P', 'EMB_P', 'EMB_P', 'EMB_P', 'EMB_P', 'EMB_P', 'EMB_P', 'EMB_P', 'EMB_P', 'EMB_P', 'EMB_P', 'EMB_P', 'EMB_P', 'EMB_P', 'EMB_P', 'EMB_P', 'EMB_P', 'EMB_P', 'EMB_P', 'EMB_P', 'EMB_P', 'EMB_P', 'EMB_P', 'EMB_P', 'EMB_P']"
228,дизайн,люблю,28258:2_1149,"Интерьер ресторана мне нравится, я люблю такой дизайн.",7.4,6.9,"['EMB_O', 'EMB_O', 'EMB_O', 'EMB_O', 'EMB_O', 'EMB_O', 'EMB_O', 'EMB_O', 'EMB_O', 'EMB_O', 'EMB_O', 'EMB_O', 'EMB_O', 'OPN_B', 'OPN_I', 'OPN_I', 'OPN_E', 'EMB_O', 'ASP_S', 'EMB_O', 'EMB_O', 'EMB_P', 'EMB_P', 'EMB_P', 'EMB_P', 'EMB_P', 'EMB_P', 'EMB_P', 'EMB_P', 'EMB_P', 'EMB_P', 'EMB_P', 'EMB_P', 'EMB_P', 'EMB_P', 'EMB_P', 'EMB_P', 'EMB_P', 'EMB_P', 'EMB_P', 'EMB_P', 'EMB_P', 'EMB_P', 'EMB_P', 'EMB_P', 'EMB_P', 'EMB_P', 'EMB_P', 'EMB_P', 'EMB_P', 'EMB_P', 'EMB_P', 'EMB_P', 'EMB_P', 'EMB_P', 'EMB_P', 'EMB_P', 'EMB_P', 'EMB_P', 'EMB_P', 'EMB_P', 'EMB_P', 'EMB_P', 'EMB_P', 'EMB_P', 'EMB_P', 'EMB_P', 'EMB_P', 'EMB_P', 'EMB_P', 'EMB_P', 'EMB_P', 'EMB_P', 'EMB_P', 'EMB_P', 'EMB_P', 'EMB_P', 'EMB_P', 'EMB_P', 'EMB_P', 'EMB_P', 'EMB_P', 'EMB_P', 'EMB_P', 'EMB_P', 'EMB_P', 'EMB_P', 'EMB_P', 'EMB_P', 'EMB_P', 'EMB_P', 'EMB_P', 'EMB_P', 'EMB_P', 'EMB_P', 'EMB_P', 'EMB_P', 'EMB_P', 'EMB_P', 'EMB_P', 'EMB_P', 'EMB_P', 'EMB_P', 'EMB_P', 'EMB_P', 'EMB_P', 'EMB_P', 'EMB_P', 'EMB_P', 'EMB_P', 'EMB_P', 'EMB_P', 'EMB_P', 'EMB_P', 'EMB_P', 'EMB_P', 'EMB_P', 'EMB_P', 'EMB_P', 'EMB_P', 'EMB_P', 'EMB_P', 'EMB_P', 'EMB_P', 'EMB_P', 'EMB_P', 'EMB_P', 'EMB_P']"
229,девушка,приятная,28258:4_1150,Нас обслуживала приятная девушка.,6.8,6.2,"['EMB_O', 'EMB_O', 'EMB_O', 'EMB_O', 'EMB_O', 'EMB_O', 'EMB_O', 'OPN_B', 'OPN_I', 'OPN_E', 'ASP_B', 'ASP_E', 'EMB_O', 'EMB_O', 'EMB_P', 'EMB_P', 'EMB_P', 'EMB_P', 'EMB_P', 'EMB_P', 'EMB_P', 'EMB_P', 'EMB_P', 'EMB_P', 'EMB_P', 'EMB_P', 'EMB_P', 'EMB_P', 'EMB_P', 'EMB_P', 'EMB_P', 'EMB_P', 'EMB_P', 'EMB_P', 'EMB_P', 'EMB_P', 'EMB_P', 'EMB_P', 'EMB_P', 'EMB_P', 'EMB_P', 'EMB_P', 'EMB_P', 'EMB_P', 'EMB_P', 'EMB_P', 'EMB_P', 'EMB_P', 'EMB_P', 'EMB_P', 'EMB_P', 'EMB_P', 'EMB_P', 'EMB_P', 'EMB_P', 'EMB_P', 'EMB_P', 'EMB_P', 'EMB_P', 'EMB_P', 'EMB_P', 'EMB_P', 'EMB_P', 'EMB_P', 'EMB_P', 'EMB_P', 'EMB_P', 'EMB_P', 'EMB_P', 'EMB_P', 'EMB_P', 'EMB_P', 'EMB_P', 'EMB_P', 'EMB_P', 'EMB_P', 'EMB_P', 'EMB_P', 'EMB_P', 'EMB_P', 'EMB_P', 'EMB_P', 'EMB_P', 'EMB_P', 'EMB_P', 'EMB_P', 'EMB_P', 'EMB_P', 'EMB_P', 'EMB_P', 'EMB_P', 'EMB_P', 'EMB_P', 'EMB_P', 'EMB_P', 'EMB_P', 'EMB_P', 'EMB_P', 'EMB_P', 'EMB_P', 'EMB_P', 'EMB_P', 'EMB_P', 'EMB_P', 'EMB_P', 'EMB_P', 'EMB_P', 'EMB_P', 'EMB_P', 'EMB_P', 'EMB_P', 'EMB_P', 'EMB_P', 'EMB_P', 'EMB_P', 'EMB_P', 'EMB_P', 'EMB_P', 'EMB_P', 'EMB_P', 'EMB_P', 'EMB_P', 'EMB_P', 'EMB_P', 'EMB_P', 'EMB_P', 'EMB_P', 'EMB_P']"
230,Меню,большое,28258:7_1151,"Меню ресторана большое в виде журнала, есть все что угодно....вареники, суши, вок, пасты и т.д.",7.25,6.5,"['EMB_O', 'ASP_B', 'ASP_I', 'ASP_E', 'EMB_O', 'EMB_O', 'EMB_O', 'OPN_S', 'EMB_O', 'EMB_O', 'EMB_O', 'EMB_O', 'EMB_O', 'EMB_O', 'EMB_O', 'EMB_O', 'EMB_O', 'EMB_O', 'EMB_O', 'EMB_O', 'EMB_O', 'EMB_O', 'EMB_O', 'EMB_O', 'EMB_O', 'EMB_O', 'EMB_O', 'EMB_O', 'EMB_O', 'EMB_O', 'EMB_O', 'EMB_O', 'EMB_O', 'EMB_O', 'EMB_O', 'EMB_O', 'EMB_O', 'EMB_O', 'EMB_O', 'EMB_O', 'EMB_P', 'EMB_P', 'EMB_P', 'EMB_P', 'EMB_P', 'EMB_P', 'EMB_P', 'EMB_P', 'EMB_P', 'EMB_P', 'EMB_P', 'EMB_P', 'EMB_P', 'EMB_P', 'EMB_P', 'EMB_P', 'EMB_P', 'EMB_P', 'EMB_P', 'EMB_P', 'EMB_P', 'EMB_P', 'EMB_P', 'EMB_P', 'EMB_P', 'EMB_P', 'EMB_P', 'EMB_P', 'EMB_P', 'EMB_P', 'EMB_P', 'EMB_P', 'EMB_P', 'EMB_P', 'EMB_P', 'EMB_P', 'EMB_P', 'EMB_P', 'EMB_P', 'EMB_P', 'EMB_P', 'EMB_P', 'EMB_P', 'EMB_P', 'EMB_P', 'EMB_P', 'EMB_P', 'EMB_P', 'EMB_P', 'EMB_P', 'EMB_P', 'EMB_P', 'EMB_P', 'EMB_P', 'EMB_P', 'EMB_P', 'EMB_P', 'EMB_P', 'EMB_P', 'EMB_P', 'EMB_P', 'EMB_P', 'EMB_P', 'EMB_P', 'EMB_P', 'EMB_P', 'EMB_P', 'EMB_P', 'EMB_P', 'EMB_P', 'EMB_P', 'EMB_P', 'EMB_P', 'EMB_P', 'EMB_P', 'EMB_P', 'EMB_P', 'EMB_P', 'EMB_P', 'EMB_P', 'EMB_P', 'EMB_P', 'EMB_P', 'EMB_P', 'EMB_P', 'EMB_P', 'EMB_P', 'EMB_P']"
231,Дизайн меню,интересный,28258:8_1152,"Дизайн меню интересный, дизайнеры молодцы!",7.1,6.5,"['EMB_O', 'ASP_B', 'ASP_I', 'ASP_I', 'ASP_I', 'ASP_E', 'OPN_B', 'OPN_E', 'EMB_O', 'EMB_O', 'EMB_O', 'EMB_O', 'EMB_O', 'EMB_O', 'EMB_O', 'EMB_O', 'EMB_O', 'EMB_P', 'EMB_P', 'EMB_P', 'EMB_P', 'EMB_P', 'EMB_P', 'EMB_P', 'EMB_P', 'EMB_P', 'EMB_P', 'EMB_P', 'EMB_P', 'EMB_P', 'EMB_P', 'EMB_P', 'EMB_P', 'EMB_P', 'EMB_P', 'EMB_P', 'EMB_P', 'EMB_P', 'EMB_P', 'EMB_P', 'EMB_P', 'EMB_P', 'EMB_P', 'EMB_P', 'EMB_P', 'EMB_P', 'EMB_P', 'EMB_P', 'EMB_P', 'EMB_P', 'EMB_P', 'EMB_P', 'EMB_P', 'EMB_P', 'EMB_P', 'EMB_P', 'EMB_P', 'EMB_P', 'EMB_P', 'EMB_P', 'EMB_P', 'EMB_P', 'EMB_P', 'EMB_P', 'EMB_P', 'EMB_P', 'EMB_P', 'EMB_P', 'EMB_P', 'EMB_P', 'EMB_P', 'EMB_P', 'EMB_P', 'EMB_P', 'EMB_P', 'EMB_P', 'EMB_P', 'EMB_P', 'EMB_P', 'EMB_P', 'EMB_P', 'EMB_P', 'EMB_P', 'EMB_P', 'EMB_P', 'EMB_P', 'EMB_P', 'EMB_P', 'EMB_P', 'EMB_P', 'EMB_P', 'EMB_P', 'EMB_P', 'EMB_P', 'EMB_P', 'EMB_P', 'EMB_P', 'EMB_P', 'EMB_P', 'EMB_P', 'EMB_P', 'EMB_P', 'EMB_P', 'EMB_P', 'EMB_P', 'EMB_P', 'EMB_P', 'EMB_P', 'EMB_P', 'EMB_P', 'EMB_P', 'EMB_P', 'EMB_P', 'EMB_P', 'EMB_P', 'EMB_P', 'EMB_P', 'EMB_P', 'EMB_P', 'EMB_P', 'EMB_P', 'EMB_P', 'EMB_P', 'EMB_P', 'EMB_P', 'EMB_P', 'EMB_P', 'EMB_P']"
232,Суп,вкусный,28258:10_1153,"Суп был вкусный, но паста была просто божественна.",7.0,6.4,"['EMB_O', 'ASP_B', 'ASP_E', 'EMB_O', 'OPN_B', 'OPN_I', 'OPN_I', 'OPN_E', 'EMB_O', 'EMB_O', 'EMB_O', 'EMB_O', 'EMB_O', 'EMB_O', 'EMB_O', 'EMB_O', 'EMB_O', 'EMB_O', 'EMB_O', 'EMB_O', 'EMB_P', 'EMB_P', 'EMB_P', 'EMB_P', 'EMB_P', 'EMB_P', 'EMB_P', 'EMB_P', 'EMB_P', 'EMB_P', 'EMB_P', 'EMB_P', 'EMB_P', 'EMB_P', 'EMB_P', 'EMB_P', 'EMB_P', 'EMB_P', 'EMB_P', 'EMB_P', 'EMB_P', 'EMB_P', 'EMB_P', 'EMB_P', 'EMB_P', 'EMB_P', 'EMB_P', 'EMB_P', 'EMB_P', 'EMB_P', 'EMB_P', 'EMB_P', 'EMB_P', 'EMB_P', 'EMB_P', 'EMB_P', 'EMB_P', 'EMB_P', 'EMB_P', 'EMB_P', 'EMB_P', 'EMB_P', 'EMB_P', 'EMB_P', 'EMB_P', 'EMB_P', 'EMB_P', 'EMB_P', 'EMB_P', 'EMB_P', 'EMB_P', 'EMB_P', 'EMB_P', 'EMB_P', 'EMB_P', 'EMB_P', 'EMB_P', 'EMB_P', 'EMB_P', 'EMB_P', 'EMB_P', 'EMB_P', 'EMB_P', 'EMB_P', 'EMB_P', 'EMB_P', 'EMB_P', 'EMB_P', 'EMB_P', 'EMB_P', 'EMB_P', 'EMB_P', 'EMB_P', 'EMB_P', 'EMB_P', 'EMB_P', 'EMB_P', 'EMB_P', 'EMB_P', 'EMB_P', 'EMB_P', 'EMB_P', 'EMB_P', 'EMB_P', 'EMB_P', 'EMB_P', 'EMB_P', 'EMB_P', 'EMB_P', 'EMB_P', 'EMB_P', 'EMB_P', 'EMB_P', 'EMB_P', 'EMB_P', 'EMB_P', 'EMB_P', 'EMB_P', 'EMB_P', 'EMB_P', 'EMB_P', 'EMB_P', 'EMB_P', 'EMB_P', 'EMB_P', 'EMB_P', 'EMB_P', 'EMB_P']"
233,паста,божественна,28258:10_1153,"Суп был вкусный, но паста была просто божественна.",9.0,8.33,"['EMB_O', 'EMB_O', 'EMB_O', 'EMB_O', 'EMB_O', 'EMB_O', 'EMB_O', 'EMB_O', 'EMB_O', 'EMB_O', 'ASP_B', 'ASP_E', 'EMB_O', 'EMB_O', 'OPN_B', 'OPN_I', 'OPN_I', 'OPN_E', 'EMB_O', 'EMB_O', 'EMB_P', 'EMB_P', 'EMB_P', 'EMB_P', 'EMB_P', 'EMB_P', 'EMB_P', 'EMB_P', 'EMB_P', 'EMB_P', 'EMB_P', 'EMB_P', 'EMB_P', 'EMB_P', 'EMB_P', 'EMB_P', 'EMB_P', 'EMB_P', 'EMB_P', 'EMB_P', 'EMB_P', 'EMB_P', 'EMB_P', 'EMB_P', 'EMB_P', 'EMB_P', 'EMB_P', 'EMB_P', 'EMB_P', 'EMB_P', 'EMB_P', 'EMB_P', 'EMB_P', 'EMB_P', 'EMB_P', 'EMB_P', 'EMB_P', 'EMB_P', 'EMB_P', 'EMB_P', 'EMB_P', 'EMB_P', 'EMB_P', 'EMB_P', 'EMB_P', 'EMB_P', 'EMB_P', 'EMB_P', 'EMB_P', 'EMB_P', 'EMB_P', 'EMB_P', 'EMB_P', 'EMB_P', 'EMB_P', 'EMB_P', 'EMB_P', 'EMB_P', 'EMB_P', 'EMB_P', 'EMB_P', 'EMB_P', 'EMB_P', 'EMB_P', 'EMB_P', 'EMB_P', 'EMB_P', 'EMB_P', 'EMB_P', 'EMB_P', 'EMB_P', 'EMB_P', 'EMB_P', 'EMB_P', 'EMB_P', 'EMB_P', 'EMB_P', 'EMB_P', 'EMB_P', 'EMB_P', 'EMB_P', 'EMB_P', 'EMB_P', 'EMB_P', 'EMB_P', 'EMB_P', 'EMB_P', 'EMB_P', 'EMB_P', 'EMB_P', 'EMB_P', 'EMB_P', 'EMB_P', 'EMB_P', 'EMB_P', 'EMB_P', 'EMB_P', 'EMB_P', 'EMB_P', 'EMB_P', 'EMB_P', 'EMB_P', 'EMB_P', 'EMB_P', 'EMB_P', 'EMB_P', 'EMB_P', 'EMB_P']"
234,соуса,Много,28258:11_1154,"Много соуса, мягкое мясо утки.",7.33,7.0,"['EMB_O', 'OPN_S', 'ASP_B', 'ASP_E', 'EMB_O', 'EMB_O', 'EMB_O', 'EMB_O', 'EMB_O', 'EMB_O', 'EMB_O', 'EMB_O', 'EMB_O', 'EMB_O', 'EMB_O', 'EMB_P', 'EMB_P', 'EMB_P', 'EMB_P', 'EMB_P', 'EMB_P', 'EMB_P', 'EMB_P', 'EMB_P', 'EMB_P', 'EMB_P', 'EMB_P', 'EMB_P', 'EMB_P', 'EMB_P', 'EMB_P', 'EMB_P', 'EMB_P', 'EMB_P', 'EMB_P', 'EMB_P', 'EMB_P', 'EMB_P', 'EMB_P', 'EMB_P', 'EMB_P', 'EMB_P', 'EMB_P', 'EMB_P', 'EMB_P', 'EMB_P', 'EMB_P', 'EMB_P', 'EMB_P', 'EMB_P', 'EMB_P', 'EMB_P', 'EMB_P', 'EMB_P', 'EMB_P', 'EMB_P', 'EMB_P', 'EMB_P', 'EMB_P', 'EMB_P', 'EMB_P', 'EMB_P', 'EMB_P', 'EMB_P', 'EMB_P', 'EMB_P', 'EMB_P', 'EMB_P', 'EMB_P', 'EMB_P', 'EMB_P', 'EMB_P', 'EMB_P', 'EMB_P', 'EMB_P', 'EMB_P', 'EMB_P', 'EMB_P', 'EMB_P', 'EMB_P', 'EMB_P', 'EMB_P', 'EMB_P', 'EMB_P', 'EMB_P', 'EMB_P', 'EMB_P', 'EMB_P', 'EMB_P', 'EMB_P', 'EMB_P', 'EMB_P', 'EMB_P', 'EMB_P', 'EMB_P', 'EMB_P', 'EMB_P', 'EMB_P', 'EMB_P', 'EMB_P', 'EMB_P', 'EMB_P', 'EMB_P', 'EMB_P', 'EMB_P', 'EMB_P', 'EMB_P', 'EMB_P', 'EMB_P', 'EMB_P', 'EMB_P', 'EMB_P', 'EMB_P', 'EMB_P', 'EMB_P', 'EMB_P', 'EMB_P', 'EMB_P', 'EMB_P', 'EMB_P', 'EMB_P', 'EMB_P', 'EMB_P', 'EMB_P', 'EMB_P', 'EMB_P', 'EMB_P', 'EMB_P']"
235,Пастой,очень довольна,28258:12_1155,Пастой я была очень довольна))),7.8,7.3,"['EMB_O', 'ASP_B', 'ASP_E', 'EMB_O', 'EMB_O', 'OPN_B', 'OPN_I', 'OPN_I', 'OPN_E', 'EMB_O', 'EMB_O', 'EMB_O', 'EMB_O', 'EMB_P', 'EMB_P', 'EMB_P', 'EMB_P', 'EMB_P', 'EMB_P', 'EMB_P', 'EMB_P', 'EMB_P', 'EMB_P', 'EMB_P', 'EMB_P', 'EMB_P', 'EMB_P', 'EMB_P', 'EMB_P', 'EMB_P', 'EMB_P', 'EMB_P', 'EMB_P', 'EMB_P', 'EMB_P', 'EMB_P', 'EMB_P', 'EMB_P', 'EMB_P', 'EMB_P', 'EMB_P', 'EMB_P', 'EMB_P', 'EMB_P', 'EMB_P', 'EMB_P', 'EMB_P', 'EMB_P', 'EMB_P', 'EMB_P', 'EMB_P', 'EMB_P', 'EMB_P', 'EMB_P', 'EMB_P', 'EMB_P', 'EMB_P', 'EMB_P', 'EMB_P', 'EMB_P', 'EMB_P', 'EMB_P', 'EMB_P', 'EMB_P', 'EMB_P', 'EMB_P', 'EMB_P', 'EMB_P', 'EMB_P', 'EMB_P', 'EMB_P', 'EMB_P', 'EMB_P', 'EMB_P', 'EMB_P', 'EMB_P', 'EMB_P', 'EMB_P', 'EMB_P', 'EMB_P', 'EMB_P', 'EMB_P', 'EMB_P', 'EMB_P', 'EMB_P', 'EMB_P', 'EMB_P', 'EMB_P', 'EMB_P', 'EMB_P', 'EMB_P', 'EMB_P', 'EMB_P', 'EMB_P', 'EMB_P', 'EMB_P', 'EMB_P', 'EMB_P', 'EMB_P', 'EMB_P', 'EMB_P', 'EMB_P', 'EMB_P', 'EMB_P', 'EMB_P', 'EMB_P', 'EMB_P', 'EMB_P', 'EMB_P', 'EMB_P', 'EMB_P', 'EMB_P', 'EMB_P', 'EMB_P', 'EMB_P', 'EMB_P', 'EMB_P', 'EMB_P', 'EMB_P', 'EMB_P', 'EMB_P', 'EMB_P', 'EMB_P', 'EMB_P', 'EMB_P', 'EMB_P', 'EMB_P', 'EMB_P']"
236,ресторан,приезжать еще,28258:16_1156,Будем приезжать еще в этот ресторан.,7.2,6.4,"['EMB_O', 'EMB_O', 'EMB_O', 'OPN_B', 'OPN_I', 'OPN_I', 'OPN_E', 'EMB_O', 'EMB_O', 'ASP_B', 'ASP_I', 'ASP_E', 'EMB_O', 'EMB_O', 'EMB_P', 'EMB_P', 'EMB_P', 'EMB_P', 'EMB_P', 'EMB_P', 'EMB_P', 'EMB_P', 'EMB_P', 'EMB_P', 'EMB_P', 'EMB_P', 'EMB_P', 'EMB_P', 'EMB_P', 'EMB_P', 'EMB_P', 'EMB_P', 'EMB_P', 'EMB_P', 'EMB_P', 'EMB_P', 'EMB_P', 'EMB_P', 'EMB_P', 'EMB_P', 'EMB_P', 'EMB_P', 'EMB_P', 'EMB_P', 'EMB_P', 'EMB_P', 'EMB_P', 'EMB_P', 'EMB_P', 'EMB_P', 'EMB_P', 'EMB_P', 'EMB_P', 'EMB_P', 'EMB_P', 'EMB_P', 'EMB_P', 'EMB_P', 'EMB_P', 'EMB_P', 'EMB_P', 'EMB_P', 'EMB_P', 'EMB_P', 'EMB_P', 'EMB_P', 'EMB_P', 'EMB_P', 'EMB_P', 'EMB_P', 'EMB_P', 'EMB_P', 'EMB_P', 'EMB_P', 'EMB_P', 'EMB_P', 'EMB_P', 'EMB_P', 'EMB_P', 'EMB_P', 'EMB_P', 'EMB_P', 'EMB_P', 'EMB_P', 'EMB_P', 'EMB_P', 'EMB_P', 'EMB_P', 'EMB_P', 'EMB_P', 'EMB_P', 'EMB_P', 'EMB_P', 'EMB_P', 'EMB_P', 'EMB_P', 'EMB_P', 'EMB_P', 'EMB_P', 'EMB_P', 'EMB_P', 'EMB_P', 'EMB_P', 'EMB_P', 'EMB_P', 'EMB_P', 'EMB_P', 'EMB_P', 'EMB_P', 'EMB_P', 'EMB_P', 'EMB_P', 'EMB_P', 'EMB_P', 'EMB_P', 'EMB_P', 'EMB_P', 'EMB_P', 'EMB_P', 'EMB_P', 'EMB_P', 'EMB_P', 'EMB_P', 'EMB_P', 'EMB_P', 'EMB_P', 'EMB_P', 'EMB_P']"
237,поварам,Спасибо,28258:17_1157,Спасибо поварам и персоналу за хорошие эмоции!,7.25,7.0,"['EMB_O', 'OPN_B', 'OPN_I', 'OPN_E', 'ASP_B', 'ASP_I', 'ASP_E', 'EMB_O', 'EMB_O', 'EMB_O', 'EMB_O', 'EMB_O', 'EMB_O', 'EMB_O', 'EMB_O', 'EMB_O', 'EMB_O', 'EMB_O', 'EMB_O', 'EMB_O', 'EMB_P', 'EMB_P', 'EMB_P', 'EMB_P', 'EMB_P', 'EMB_P', 'EMB_P', 'EMB_P', 'EMB_P', 'EMB_P', 'EMB_P', 'EMB_P', 'EMB_P', 'EMB_P', 'EMB_P', 'EMB_P', 'EMB_P', 'EMB_P', 'EMB_P', 'EMB_P', 'EMB_P', 'EMB_P', 'EMB_P', 'EMB_P', 'EMB_P', 'EMB_P', 'EMB_P', 'EMB_P', 'EMB_P', 'EMB_P', 'EMB_P', 'EMB_P', 'EMB_P', 'EMB_P', 'EMB_P', 'EMB_P', 'EMB_P', 'EMB_P', 'EMB_P', 'EMB_P', 'EMB_P', 'EMB_P', 'EMB_P', 'EMB_P', 'EMB_P', 'EMB_P', 'EMB_P', 'EMB_P', 'EMB_P', 'EMB_P', 'EMB_P', 'EMB_P', 'EMB_P', 'EMB_P', 'EMB_P', 'EMB_P', 'EMB_P', 'EMB_P', 'EMB_P', 'EMB_P', 'EMB_P', 'EMB_P', 'EMB_P', 'EMB_P', 'EMB_P', 'EMB_P', 'EMB_P', 'EMB_P', 'EMB_P', 'EMB_P', 'EMB_P', 'EMB_P', 'EMB_P', 'EMB_P', 'EMB_P', 'EMB_P', 'EMB_P', 'EMB_P', 'EMB_P', 'EMB_P', 'EMB_P', 'EMB_P', 'EMB_P', 'EMB_P', 'EMB_P', 'EMB_P', 'EMB_P', 'EMB_P', 'EMB_P', 'EMB_P', 'EMB_P', 'EMB_P', 'EMB_P', 'EMB_P', 'EMB_P', 'EMB_P', 'EMB_P', 'EMB_P', 'EMB_P', 'EMB_P', 'EMB_P', 'EMB_P', 'EMB_P', 'EMB_P', 'EMB_P', 'EMB_P', 'EMB_P', 'EMB_P']"
238,персоналу,Спасибо,28258:17_1157,Спасибо поварам и персоналу за хорошие эмоции!,7.25,7.0,"['EMB_O', 'OPN_B', 'OPN_I', 'OPN_E', 'EMB_O', 'EMB_O', 'EMB_O', 'EMB_O', 'ASP_B', 'ASP_I', 'ASP_E', 'EMB_O', 'EMB_O', 'EMB_O', 'EMB_O', 'EMB_O', 'EMB_O', 'EMB_O', 'EMB_O', 'EMB_O', 'EMB_P', 'EMB_P', 'EMB_P', 'EMB_P', 'EMB_P', 'EMB_P', 'EMB_P', 'EMB_P', 'EMB_P', 'EMB_P', 'EMB_P', 'EMB_P', 'EMB_P', 'EMB_P', 'EMB_P', 'EMB_P', 'EMB_P', 'EMB_P', 'EMB_P', 'EMB_P', 'EMB_P', 'EMB_P', 'EMB_P', 'EMB_P', 'EMB_P', 'EMB_P', 'EMB_P', 'EMB_P', 'EMB_P', 'EMB_P', 'EMB_P', 'EMB_P', 'EMB_P', 'EMB_P', 'EMB_P', 'EMB_P', 'EMB_P', 'EMB_P', 'EMB_P', 'EMB_P', 'EMB_P', 'EMB_P', 'EMB_P', 'EMB_P', 'EMB_P', 'EMB_P', 'EMB_P', 'EMB_P', 'EMB_P', 'EMB_P', 'EMB_P', 'EMB_P', 'EMB_P', 'EMB_P', 'EMB_P', 'EMB_P', 'EMB_P', 'EMB_P', 'EMB_P', 'EMB_P', 'EMB_P', 'EMB_P', 'EMB_P', 'EMB_P', 'EMB_P', 'EMB_P', 'EMB_P', 'EMB_P', 'EMB_P', 'EMB_P', 'EMB_P', 'EMB_P', 'EMB_P', 'EMB_P', 'EMB_P', 'EMB_P', 'EMB_P', 'EMB_P', 'EMB_P', 'EMB_P', 'EMB_P', 'EMB_P', 'EMB_P', 'EMB_P', 'EMB_P', 'EMB_P', 'EMB_P', 'EMB_P', 'EMB_P', 'EMB_P', 'EMB_P', 'EMB_P', 'EMB_P', 'EMB_P', 'EMB_P', 'EMB_P', 'EMB_P', 'EMB_P', 'EMB_P', 'EMB_P', 'EMB_P', 'EMB_P', 'EMB_P', 'EMB_P', 'EMB_P', 'EMB_P', 'EMB_P', 'EMB_P']"
239,официантки,Очень вежливые,28275:2_1158,"Очень вежливые официантки, встречающие всех гостей сразу у входа.",7.75,7.5,"['EMB_O', 'OPN_B', 'OPN_I', 'OPN_I', 'OPN_I', 'OPN_I', 'OPN_E', 'ASP_B', 'ASP_I', 'ASP_I', 'ASP_I', 'ASP_E', 'EMB_O', 'EMB_O', 'EMB_O', 'EMB_O', 'EMB_O', 'EMB_O', 'EMB_O', 'EMB_O', 'EMB_O', 'EMB_O', 'EMB_O', 'EMB_O', 'EMB_O', 'EMB_O', 'EMB_P', 'EMB_P', 'EMB_P', 'EMB_P', 'EMB_P', 'EMB_P', 'EMB_P', 'EMB_P', 'EMB_P', 'EMB_P', 'EMB_P', 'EMB_P', 'EMB_P', 'EMB_P', 'EMB_P', 'EMB_P', 'EMB_P', 'EMB_P', 'EMB_P', 'EMB_P', 'EMB_P', 'EMB_P', 'EMB_P', 'EMB_P', 'EMB_P', 'EMB_P', 'EMB_P', 'EMB_P', 'EMB_P', 'EMB_P', 'EMB_P', 'EMB_P', 'EMB_P', 'EMB_P', 'EMB_P', 'EMB_P', 'EMB_P', 'EMB_P', 'EMB_P', 'EMB_P', 'EMB_P', 'EMB_P', 'EMB_P', 'EMB_P', 'EMB_P', 'EMB_P', 'EMB_P', 'EMB_P', 'EMB_P', 'EMB_P', 'EMB_P', 'EMB_P', 'EMB_P', 'EMB_P', 'EMB_P', 'EMB_P', 'EMB_P', 'EMB_P', 'EMB_P', 'EMB_P', 'EMB_P', 'EMB_P', 'EMB_P', 'EMB_P', 'EMB_P', 'EMB_P', 'EMB_P', 'EMB_P', 'EMB_P', 'EMB_P', 'EMB_P', 'EMB_P', 'EMB_P', 'EMB_P', 'EMB_P', 'EMB_P', 'EMB_P', 'EMB_P', 'EMB_P', 'EMB_P', 'EMB_P', 'EMB_P', 'EMB_P', 'EMB_P', 'EMB_P', 'EMB_P', 'EMB_P', 'EMB_P', 'EMB_P', 'EMB_P', 'EMB_P', 'EMB_P', 'EMB_P', 'EMB_P', 'EMB_P', 'EMB_P', 'EMB_P', 'EMB_P', 'EMB_P', 'EMB_P', 'EMB_P', 'EMB_P']"
240,интерьер,Приятный,28275:4_1159,"Приятный, располагающий интерьер, удобные диванчики.",7.0,6.75,"['EMB_O', 'OPN_B', 'OPN_I', 'OPN_E', 'EMB_O', 'EMB_O', 'EMB_O', 'EMB_O', 'EMB_O', 'ASP_B', 'ASP_I', 'ASP_E', 'EMB_O', 'EMB_O', 'EMB_O', 'EMB_O', 'EMB_O', 'EMB_O', 'EMB_O', 'EMB_O', 'EMB_O', 'EMB_P', 'EMB_P', 'EMB_P', 'EMB_P', 'EMB_P', 'EMB_P', 'EMB_P', 'EMB_P', 'EMB_P', 'EMB_P', 'EMB_P', 'EMB_P', 'EMB_P', 'EMB_P', 'EMB_P', 'EMB_P', 'EMB_P', 'EMB_P', 'EMB_P', 'EMB_P', 'EMB_P', 'EMB_P', 'EMB_P', 'EMB_P', 'EMB_P', 'EMB_P', 'EMB_P', 'EMB_P', 'EMB_P', 'EMB_P', 'EMB_P', 'EMB_P', 'EMB_P', 'EMB_P', 'EMB_P', 'EMB_P', 'EMB_P', 'EMB_P', 'EMB_P', 'EMB_P', 'EMB_P', 'EMB_P', 'EMB_P', 'EMB_P', 'EMB_P', 'EMB_P', 'EMB_P', 'EMB_P', 'EMB_P', 'EMB_P', 'EMB_P', 'EMB_P', 'EMB_P', 'EMB_P', 'EMB_P', 'EMB_P', 'EMB_P', 'EMB_P', 'EMB_P', 'EMB_P', 'EMB_P', 'EMB_P', 'EMB_P', 'EMB_P', 'EMB_P', 'EMB_P', 'EMB_P', 'EMB_P', 'EMB_P', 'EMB_P', 'EMB_P', 'EMB_P', 'EMB_P', 'EMB_P', 'EMB_P', 'EMB_P', 'EMB_P', 'EMB_P', 'EMB_P', 'EMB_P', 'EMB_P', 'EMB_P', 'EMB_P', 'EMB_P', 'EMB_P', 'EMB_P', 'EMB_P', 'EMB_P', 'EMB_P', 'EMB_P', 'EMB_P', 'EMB_P', 'EMB_P', 'EMB_P', 'EMB_P', 'EMB_P', 'EMB_P', 'EMB_P', 'EMB_P', 'EMB_P', 'EMB_P', 'EMB_P', 'EMB_P', 'EMB_P', 'EMB_P', 'EMB_P', 'EMB_P']"
241,диванчики,удобные,28275:4_1159,"Приятный, располагающий интерьер, удобные диванчики.",7.0,6.3,"['EMB_O', 'EMB_O', 'EMB_O', 'EMB_O', 'EMB_O', 'EMB_O', 'EMB_O', 'EMB_O', 'EMB_O', 'EMB_O', 'EMB_O', 'EMB_O', 'EMB_O', 'OPN_B', 'OPN_I', 'OPN_E', 'ASP_B', 'ASP_I', 'ASP_E', 'EMB_O', 'EMB_O', 'EMB_P', 'EMB_P', 'EMB_P', 'EMB_P', 'EMB_P', 'EMB_P', 'EMB_P', 'EMB_P', 'EMB_P', 'EMB_P', 'EMB_P', 'EMB_P', 'EMB_P', 'EMB_P', 'EMB_P', 'EMB_P', 'EMB_P', 'EMB_P', 'EMB_P', 'EMB_P', 'EMB_P', 'EMB_P', 'EMB_P', 'EMB_P', 'EMB_P', 'EMB_P', 'EMB_P', 'EMB_P', 'EMB_P', 'EMB_P', 'EMB_P', 'EMB_P', 'EMB_P', 'EMB_P', 'EMB_P', 'EMB_P', 'EMB_P', 'EMB_P', 'EMB_P', 'EMB_P', 'EMB_P', 'EMB_P', 'EMB_P', 'EMB_P', 'EMB_P', 'EMB_P', 'EMB_P', 'EMB_P', 'EMB_P', 'EMB_P', 'EMB_P', 'EMB_P', 'EMB_P', 'EMB_P', 'EMB_P', 'EMB_P', 'EMB_P', 'EMB_P', 'EMB_P', 'EMB_P', 'EMB_P', 'EMB_P', 'EMB_P', 'EMB_P', 'EMB_P', 'EMB_P', 'EMB_P', 'EMB_P', 'EMB_P', 'EMB_P', 'EMB_P', 'EMB_P', 'EMB_P', 'EMB_P', 'EMB_P', 'EMB_P', 'EMB_P', 'EMB_P', 'EMB_P', 'EMB_P', 'EMB_P', 'EMB_P', 'EMB_P', 'EMB_P', 'EMB_P', 'EMB_P', 'EMB_P', 'EMB_P', 'EMB_P', 'EMB_P', 'EMB_P', 'EMB_P', 'EMB_P', 'EMB_P', 'EMB_P', 'EMB_P', 'EMB_P', 'EMB_P', 'EMB_P', 'EMB_P', 'EMB_P', 'EMB_P', 'EMB_P', 'EMB_P', 'EMB_P', 'EMB_P', 'EMB_P']"
242,Девушка,внимательна,28275:6_1160,"Девушка, которая обслуживала наш столик (не знаю, как зовут, к сожалению) - внимательна и предупредительна, с удовольствием отвечала на все наши вопросы.",6.8,6.4,"['EMB_O', 'ASP_B', 'ASP_I', 'ASP_E', 'EMB_O', 'EMB_O', 'EMB_O', 'EMB_O', 'EMB_O', 'EMB_O', 'EMB_O', 'EMB_O', 'EMB_O', 'EMB_O', 'EMB_O', 'EMB_O', 'EMB_O', 'EMB_O', 'EMB_O', 'EMB_O', 'EMB_O', 'EMB_O', 'EMB_O', 'EMB_O', 'EMB_O', 'EMB_O', 'EMB_O', 'EMB_O', 'EMB_O', 'EMB_O', 'OPN_B', 'OPN_I', 'OPN_I', 'OPN_E', 'EMB_O', 'EMB_O', 'EMB_O', 'EMB_O', 'EMB_O', 'EMB_O', 'EMB_O', 'EMB_O', 'EMB_O', 'EMB_O', 'EMB_O', 'EMB_O', 'EMB_O', 'EMB_O', 'EMB_O', 'EMB_O', 'EMB_O', 'EMB_O', 'EMB_O', 'EMB_O', 'EMB_O', 'EMB_O', 'EMB_P', 'EMB_P', 'EMB_P', 'EMB_P', 'EMB_P', 'EMB_P', 'EMB_P', 'EMB_P', 'EMB_P', 'EMB_P', 'EMB_P', 'EMB_P', 'EMB_P', 'EMB_P', 'EMB_P', 'EMB_P', 'EMB_P', 'EMB_P', 'EMB_P', 'EMB_P', 'EMB_P', 'EMB_P', 'EMB_P', 'EMB_P', 'EMB_P', 'EMB_P', 'EMB_P', 'EMB_P', 'EMB_P', 'EMB_P', 'EMB_P', 'EMB_P', 'EMB_P', 'EMB_P', 'EMB_P', 'EMB_P', 'EMB_P', 'EMB_P', 'EMB_P', 'EMB_P', 'EMB_P', 'EMB_P', 'EMB_P', 'EMB_P', 'EMB_P', 'EMB_P', 'EMB_P', 'EMB_P', 'EMB_P', 'EMB_P', 'EMB_P', 'EMB_P', 'EMB_P', 'EMB_P', 'EMB_P', 'EMB_P', 'EMB_P', 'EMB_P', 'EMB_P', 'EMB_P', 'EMB_P', 'EMB_P', 'EMB_P', 'EMB_P', 'EMB_P', 'EMB_P', 'EMB_P', 'EMB_P', 'EMB_P', 'EMB_P', 'EMB_P', 'EMB_P']"
243,роллы,Потрясающе вкусные,28275:8_1161,"Потрясающе вкусные фирменные роллы, неожиданно (для японского ресторана) большие порции горячего.",8.75,8.25,"['EMB_O', 'OPN_B', 'OPN_I', 'OPN_I', 'OPN_I', 'OPN_I', 'OPN_I', 'OPN_I', 'OPN_E', 'EMB_O', 'EMB_O', 'EMB_O', 'EMB_O', 'ASP_B', 'ASP_I', 'ASP_E', 'EMB_O', 'EMB_O', 'EMB_O', 'EMB_O', 'EMB_O', 'EMB_O', 'EMB_O', 'EMB_O', 'EMB_O', 'EMB_O', 'EMB_O', 'EMB_O', 'EMB_O', 'EMB_O', 'EMB_O', 'EMB_O', 'EMB_O', 'EMB_O', 'EMB_O', 'EMB_O', 'EMB_O', 'EMB_O', 'EMB_P', 'EMB_P', 'EMB_P', 'EMB_P', 'EMB_P', 'EMB_P', 'EMB_P', 'EMB_P', 'EMB_P', 'EMB_P', 'EMB_P', 'EMB_P', 'EMB_P', 'EMB_P', 'EMB_P', 'EMB_P', 'EMB_P', 'EMB_P', 'EMB_P', 'EMB_P', 'EMB_P', 'EMB_P', 'EMB_P', 'EMB_P', 'EMB_P', 'EMB_P', 'EMB_P', 'EMB_P', 'EMB_P', 'EMB_P', 'EMB_P', 'EMB_P', 'EMB_P', 'EMB_P', 'EMB_P', 'EMB_P', 'EMB_P', 'EMB_P', 'EMB_P', 'EMB_P', 'EMB_P', 'EMB_P', 'EMB_P', 'EMB_P', 'EMB_P', 'EMB_P', 'EMB_P', 'EMB_P', 'EMB_P', 'EMB_P', 'EMB_P', 'EMB_P', 'EMB_P', 'EMB_P', 'EMB_P', 'EMB_P', 'EMB_P', 'EMB_P', 'EMB_P', 'EMB_P', 'EMB_P', 'EMB_P', 'EMB_P', 'EMB_P', 'EMB_P', 'EMB_P', 'EMB_P', 'EMB_P', 'EMB_P', 'EMB_P', 'EMB_P', 'EMB_P', 'EMB_P', 'EMB_P', 'EMB_P', 'EMB_P', 'EMB_P', 'EMB_P', 'EMB_P', 'EMB_P', 'EMB_P', 'EMB_P', 'EMB_P', 'EMB_P', 'EMB_P', 'EMB_P', 'EMB_P', 'EMB_P', 'EMB_P', 'EMB_P']"
244,горячего,большие,28275:8_1161,"Потрясающе вкусные фирменные роллы, неожиданно (для японского ресторана) большие порции горячего.",7.25,6.88,"['EMB_O', 'EMB_O', 'EMB_O', 'EMB_O', 'EMB_O', 'EMB_O', 'EMB_O', 'EMB_O', 'EMB_O', 'EMB_O', 'EMB_O', 'EMB_O', 'EMB_O', 'EMB_O', 'EMB_O', 'EMB_O', 'EMB_O', 'EMB_O', 'EMB_O', 'EMB_O', 'EMB_O', 'EMB_O', 'EMB_O', 'EMB_O', 'EMB_O', 'EMB_O', 'EMB_O', 'EMB_O', 'EMB_O', 'EMB_O', 'OPN_S', 'EMB_O', 'EMB_O', 'ASP_B', 'ASP_I', 'ASP_E', 'EMB_O', 'EMB_O', 'EMB_P', 'EMB_P', 'EMB_P', 'EMB_P', 'EMB_P', 'EMB_P', 'EMB_P', 'EMB_P', 'EMB_P', 'EMB_P', 'EMB_P', 'EMB_P', 'EMB_P', 'EMB_P', 'EMB_P', 'EMB_P', 'EMB_P', 'EMB_P', 'EMB_P', 'EMB_P', 'EMB_P', 'EMB_P', 'EMB_P', 'EMB_P', 'EMB_P', 'EMB_P', 'EMB_P', 'EMB_P', 'EMB_P', 'EMB_P', 'EMB_P', 'EMB_P', 'EMB_P', 'EMB_P', 'EMB_P', 'EMB_P', 'EMB_P', 'EMB_P', 'EMB_P', 'EMB_P', 'EMB_P', 'EMB_P', 'EMB_P', 'EMB_P', 'EMB_P', 'EMB_P', 'EMB_P', 'EMB_P', 'EMB_P', 'EMB_P', 'EMB_P', 'EMB_P', 'EMB_P', 'EMB_P', 'EMB_P', 'EMB_P', 'EMB_P', 'EMB_P', 'EMB_P', 'EMB_P', 'EMB_P', 'EMB_P', 'EMB_P', 'EMB_P', 'EMB_P', 'EMB_P', 'EMB_P', 'EMB_P', 'EMB_P', 'EMB_P', 'EMB_P', 'EMB_P', 'EMB_P', 'EMB_P', 'EMB_P', 'EMB_P', 'EMB_P', 'EMB_P', 'EMB_P', 'EMB_P', 'EMB_P', 'EMB_P', 'EMB_P', 'EMB_P', 'EMB_P', 'EMB_P', 'EMB_P', 'EMB_P', 'EMB_P', 'EMB_P']"
245,кухне,никаких претензий,28275:9_1162,"К кухне - никаких претензий; возможно, горячее можно было бы и чуть побыстрее - но мы не торопились и в плавное течение вечера небольшая задержка в принципе вписывалась.",6.9,6.3,"['EMB_O', 'EMB_O', 'ASP_B', 'ASP_I', 'ASP_E', 'EMB_O', 'OPN_B', 'OPN_I', 'OPN_I', 'OPN_I', 'OPN_I', 'OPN_E', 'EMB_O', 'EMB_O', 'EMB_O', 'EMB_O', 'EMB_O', 'EMB_O', 'EMB_O', 'EMB_O', 'EMB_O', 'EMB_O', 'EMB_O', 'EMB_O', 'EMB_O', 'EMB_O', 'EMB_O', 'EMB_O', 'EMB_O', 'EMB_O', 'EMB_O', 'EMB_O', 'EMB_O', 'EMB_O', 'EMB_O', 'EMB_O', 'EMB_O', 'EMB_O', 'EMB_O', 'EMB_O', 'EMB_O', 'EMB_O', 'EMB_O', 'EMB_O', 'EMB_O', 'EMB_O', 'EMB_O', 'EMB_O', 'EMB_O', 'EMB_O', 'EMB_O', 'EMB_O', 'EMB_O', 'EMB_O', 'EMB_O', 'EMB_O', 'EMB_O', 'EMB_O', 'EMB_O', 'EMB_P', 'EMB_P', 'EMB_P', 'EMB_P', 'EMB_P', 'EMB_P', 'EMB_P', 'EMB_P', 'EMB_P', 'EMB_P', 'EMB_P', 'EMB_P', 'EMB_P', 'EMB_P', 'EMB_P', 'EMB_P', 'EMB_P', 'EMB_P', 'EMB_P', 'EMB_P', 'EMB_P', 'EMB_P', 'EMB_P', 'EMB_P', 'EMB_P', 'EMB_P', 'EMB_P', 'EMB_P', 'EMB_P', 'EMB_P', 'EMB_P', 'EMB_P', 'EMB_P', 'EMB_P', 'EMB_P', 'EMB_P', 'EMB_P', 'EMB_P', 'EMB_P', 'EMB_P', 'EMB_P', 'EMB_P', 'EMB_P', 'EMB_P', 'EMB_P', 'EMB_P', 'EMB_P', 'EMB_P', 'EMB_P', 'EMB_P', 'EMB_P', 'EMB_P', 'EMB_P', 'EMB_P', 'EMB_P', 'EMB_P', 'EMB_P', 'EMB_P', 'EMB_P', 'EMB_P', 'EMB_P', 'EMB_P', 'EMB_P', 'EMB_P', 'EMB_P', 'EMB_P', 'EMB_P', 'EMB_P', 'EMB_P']"
246,ресторана,не пожалели,28585:2_1163,Увидели рекламу данного ресторана в ресторанном дворике и решили попробовать ...и не пожалели!!!(,7.4,7.1,"['EMB_O', 'EMB_O', 'EMB_O', 'EMB_O', 'EMB_O', 'EMB_O', 'EMB_O', 'EMB_O', 'ASP_B', 'ASP_I', 'ASP_E', 'EMB_O', 'EMB_O', 'EMB_O', 'EMB_O', 'EMB_O', 'EMB_O', 'EMB_O', 'EMB_O', 'EMB_O', 'EMB_O', 'EMB_O', 'EMB_O', 'EMB_O', 'EMB_O', 'EMB_O', 'EMB_O', 'EMB_O', 'EMB_O', 'OPN_B', 'OPN_I', 'OPN_I', 'OPN_E', 'EMB_O', 'EMB_O', 'EMB_O', 'EMB_O', 'EMB_O', 'EMB_P', 'EMB_P', 'EMB_P', 'EMB_P', 'EMB_P', 'EMB_P', 'EMB_P', 'EMB_P', 'EMB_P', 'EMB_P', 'EMB_P', 'EMB_P', 'EMB_P', 'EMB_P', 'EMB_P', 'EMB_P', 'EMB_P', 'EMB_P', 'EMB_P', 'EMB_P', 'EMB_P', 'EMB_P', 'EMB_P', 'EMB_P', 'EMB_P', 'EMB_P', 'EMB_P', 'EMB_P', 'EMB_P', 'EMB_P', 'EMB_P', 'EMB_P', 'EMB_P', 'EMB_P', 'EMB_P', 'EMB_P', 'EMB_P', 'EMB_P', 'EMB_P', 'EMB_P', 'EMB_P', 'EMB_P', 'EMB_P', 'EMB_P', 'EMB_P', 'EMB_P', 'EMB_P', 'EMB_P', 'EMB_P', 'EMB_P', 'EMB_P', 'EMB_P', 'EMB_P', 'EMB_P', 'EMB_P', 'EMB_P', 'EMB_P', 'EMB_P', 'EMB_P', 'EMB_P', 'EMB_P', 'EMB_P', 'EMB_P', 'EMB_P', 'EMB_P', 'EMB_P', 'EMB_P', 'EMB_P', 'EMB_P', 'EMB_P', 'EMB_P', 'EMB_P', 'EMB_P', 'EMB_P', 'EMB_P', 'EMB_P', 'EMB_P', 'EMB_P', 'EMB_P', 'EMB_P', 'EMB_P', 'EMB_P', 'EMB_P', 'EMB_P', 'EMB_P', 'EMB_P', 'EMB_P', 'EMB_P', 'EMB_P', 'EMB_P']"
247,вид,чудесный,28585:5_1164,"проводила за столик у окна(вид чудесный),подали меню.",7.9,7.4,"['EMB_O', 'EMB_O', 'EMB_O', 'EMB_O', 'EMB_O', 'EMB_O', 'EMB_O', 'EMB_O', 'EMB_O', 'EMB_O', 'EMB_O', 'ASP_S', 'OPN_B', 'OPN_I', 'OPN_I', 'OPN_E', 'EMB_O', 'EMB_O', 'EMB_O', 'EMB_O', 'EMB_O', 'EMB_O', 'EMB_O', 'EMB_O', 'EMB_P', 'EMB_P', 'EMB_P', 'EMB_P', 'EMB_P', 'EMB_P', 'EMB_P', 'EMB_P', 'EMB_P', 'EMB_P', 'EMB_P', 'EMB_P', 'EMB_P', 'EMB_P', 'EMB_P', 'EMB_P', 'EMB_P', 'EMB_P', 'EMB_P', 'EMB_P', 'EMB_P', 'EMB_P', 'EMB_P', 'EMB_P', 'EMB_P', 'EMB_P', 'EMB_P', 'EMB_P', 'EMB_P', 'EMB_P', 'EMB_P', 'EMB_P', 'EMB_P', 'EMB_P', 'EMB_P', 'EMB_P', 'EMB_P', 'EMB_P', 'EMB_P', 'EMB_P', 'EMB_P', 'EMB_P', 'EMB_P', 'EMB_P', 'EMB_P', 'EMB_P', 'EMB_P', 'EMB_P', 'EMB_P', 'EMB_P', 'EMB_P', 'EMB_P', 'EMB_P', 'EMB_P', 'EMB_P', 'EMB_P', 'EMB_P', 'EMB_P', 'EMB_P', 'EMB_P', 'EMB_P', 'EMB_P', 'EMB_P', 'EMB_P', 'EMB_P', 'EMB_P', 'EMB_P', 'EMB_P', 'EMB_P', 'EMB_P', 'EMB_P', 'EMB_P', 'EMB_P', 'EMB_P', 'EMB_P', 'EMB_P', 'EMB_P', 'EMB_P', 'EMB_P', 'EMB_P', 'EMB_P', 'EMB_P', 'EMB_P', 'EMB_P', 'EMB_P', 'EMB_P', 'EMB_P', 'EMB_P', 'EMB_P', 'EMB_P', 'EMB_P', 'EMB_P', 'EMB_P', 'EMB_P', 'EMB_P', 'EMB_P', 'EMB_P', 'EMB_P', 'EMB_P', 'EMB_P', 'EMB_P', 'EMB_P', 'EMB_P', 'EMB_P']"
248,Блюд,выбрать есть из чего,28585:6_1165,Блюд в меню не много но выбрать есть из чего!,6.5,5.5,"['EMB_O', 'ASP_B', 'ASP_I', 'ASP_E', 'EMB_O', 'EMB_O', 'EMB_O', 'EMB_O', 'EMB_O', 'EMB_O', 'OPN_B', 'OPN_I', 'OPN_I', 'OPN_I', 'OPN_E', 'EMB_O', 'EMB_O', 'EMB_P', 'EMB_P', 'EMB_P', 'EMB_P', 'EMB_P', 'EMB_P', 'EMB_P', 'EMB_P', 'EMB_P', 'EMB_P', 'EMB_P', 'EMB_P', 'EMB_P', 'EMB_P', 'EMB_P', 'EMB_P', 'EMB_P', 'EMB_P', 'EMB_P', 'EMB_P', 'EMB_P', 'EMB_P', 'EMB_P', 'EMB_P', 'EMB_P', 'EMB_P', 'EMB_P', 'EMB_P', 'EMB_P', 'EMB_P', 'EMB_P', 'EMB_P', 'EMB_P', 'EMB_P', 'EMB_P', 'EMB_P', 'EMB_P', 'EMB_P', 'EMB_P', 'EMB_P', 'EMB_P', 'EMB_P', 'EMB_P', 'EMB_P', 'EMB_P', 'EMB_P', 'EMB_P', 'EMB_P', 'EMB_P', 'EMB_P', 'EMB_P', 'EMB_P', 'EMB_P', 'EMB_P', 'EMB_P', 'EMB_P', 'EMB_P', 'EMB_P', 'EMB_P', 'EMB_P', 'EMB_P', 'EMB_P', 'EMB_P', 'EMB_P', 'EMB_P', 'EMB_P', 'EMB_P', 'EMB_P', 'EMB_P', 'EMB_P', 'EMB_P', 'EMB_P', 'EMB_P', 'EMB_P', 'EMB_P', 'EMB_P', 'EMB_P', 'EMB_P', 'EMB_P', 'EMB_P', 'EMB_P', 'EMB_P', 'EMB_P', 'EMB_P', 'EMB_P', 'EMB_P', 'EMB_P', 'EMB_P', 'EMB_P', 'EMB_P', 'EMB_P', 'EMB_P', 'EMB_P', 'EMB_P', 'EMB_P', 'EMB_P', 'EMB_P', 'EMB_P', 'EMB_P', 'EMB_P', 'EMB_P', 'EMB_P', 'EMB_P', 'EMB_P', 'EMB_P', 'EMB_P', 'EMB_P', 'EMB_P', 'EMB_P', 'EMB_P', 'EMB_P']"
249,Атмосфера,потрясающая,28585:10_1166,"Атмосфера потрясающая: мебель, приборы, посуда, вид из окна, свечи, обслуживание!",8.2,7.8,"['EMB_O', 'ASP_B', 'ASP_I', 'ASP_I', 'ASP_E', 'OPN_B', 'OPN_I', 'OPN_I', 'OPN_E', 'EMB_O', 'EMB_O', 'EMB_O', 'EMB_O', 'EMB_O', 'EMB_O', 'EMB_O', 'EMB_O', 'EMB_O', 'EMB_O', 'EMB_O', 'EMB_O', 'EMB_O', 'EMB_O', 'EMB_O', 'EMB_O', 'EMB_O', 'EMB_O', 'EMB_O', 'EMB_O', 'EMB_O', 'EMB_O', 'EMB_O', 'EMB_O', 'EMB_O', 'EMB_O', 'EMB_P', 'EMB_P', 'EMB_P', 'EMB_P', 'EMB_P', 'EMB_P', 'EMB_P', 'EMB_P', 'EMB_P', 'EMB_P', 'EMB_P', 'EMB_P', 'EMB_P', 'EMB_P', 'EMB_P', 'EMB_P', 'EMB_P', 'EMB_P', 'EMB_P', 'EMB_P', 'EMB_P', 'EMB_P', 'EMB_P', 'EMB_P', 'EMB_P', 'EMB_P', 'EMB_P', 'EMB_P', 'EMB_P', 'EMB_P', 'EMB_P', 'EMB_P', 'EMB_P', 'EMB_P', 'EMB_P', 'EMB_P', 'EMB_P', 'EMB_P', 'EMB_P', 'EMB_P', 'EMB_P', 'EMB_P', 'EMB_P', 'EMB_P', 'EMB_P', 'EMB_P', 'EMB_P', 'EMB_P', 'EMB_P', 'EMB_P', 'EMB_P', 'EMB_P', 'EMB_P', 'EMB_P', 'EMB_P', 'EMB_P', 'EMB_P', 'EMB_P', 'EMB_P', 'EMB_P', 'EMB_P', 'EMB_P', 'EMB_P', 'EMB_P', 'EMB_P', 'EMB_P', 'EMB_P', 'EMB_P', 'EMB_P', 'EMB_P', 'EMB_P', 'EMB_P', 'EMB_P', 'EMB_P', 'EMB_P', 'EMB_P', 'EMB_P', 'EMB_P', 'EMB_P', 'EMB_P', 'EMB_P', 'EMB_P', 'EMB_P', 'EMB_P', 'EMB_P', 'EMB_P', 'EMB_P', 'EMB_P', 'EMB_P', 'EMB_P', 'EMB_P', 'EMB_P', 'EMB_P']"
250,мебель,потрясающая,28585:10_1166,"Атмосфера потрясающая: мебель, приборы, посуда, вид из окна, свечи, обслуживание!",8.25,8.0,"['EMB_O', 'EMB_O', 'EMB_O', 'EMB_O', 'EMB_O', 'OPN_B', 'OPN_I', 'OPN_I', 'OPN_E', 'EMB_O', 'ASP_B', 'ASP_I', 'ASP_E', 'EMB_O', 'EMB_O', 'EMB_O', 'EMB_O', 'EMB_O', 'EMB_O', 'EMB_O', 'EMB_O', 'EMB_O', 'EMB_O', 'EMB_O', 'EMB_O', 'EMB_O', 'EMB_O', 'EMB_O', 'EMB_O', 'EMB_O', 'EMB_O', 'EMB_O', 'EMB_O', 'EMB_O', 'EMB_O', 'EMB_P', 'EMB_P', 'EMB_P', 'EMB_P', 'EMB_P', 'EMB_P', 'EMB_P', 'EMB_P', 'EMB_P', 'EMB_P', 'EMB_P', 'EMB_P', 'EMB_P', 'EMB_P', 'EMB_P', 'EMB_P', 'EMB_P', 'EMB_P', 'EMB_P', 'EMB_P', 'EMB_P', 'EMB_P', 'EMB_P', 'EMB_P', 'EMB_P', 'EMB_P', 'EMB_P', 'EMB_P', 'EMB_P', 'EMB_P', 'EMB_P', 'EMB_P', 'EMB_P', 'EMB_P', 'EMB_P', 'EMB_P', 'EMB_P', 'EMB_P', 'EMB_P', 'EMB_P', 'EMB_P', 'EMB_P', 'EMB_P', 'EMB_P', 'EMB_P', 'EMB_P', 'EMB_P', 'EMB_P', 'EMB_P', 'EMB_P', 'EMB_P', 'EMB_P', 'EMB_P', 'EMB_P', 'EMB_P', 'EMB_P', 'EMB_P', 'EMB_P', 'EMB_P', 'EMB_P', 'EMB_P', 'EMB_P', 'EMB_P', 'EMB_P', 'EMB_P', 'EMB_P', 'EMB_P', 'EMB_P', 'EMB_P', 'EMB_P', 'EMB_P', 'EMB_P', 'EMB_P', 'EMB_P', 'EMB_P', 'EMB_P', 'EMB_P', 'EMB_P', 'EMB_P', 'EMB_P', 'EMB_P', 'EMB_P', 'EMB_P', 'EMB_P', 'EMB_P', 'EMB_P', 'EMB_P', 'EMB_P', 'EMB_P', 'EMB_P', 'EMB_P', 'EMB_P', 'EMB_P']"
251,приборы,потрясающая,28585:10_1166,"Атмосфера потрясающая: мебель, приборы, посуда, вид из окна, свечи, обслуживание!",8.25,8.0,"['EMB_O', 'EMB_O', 'EMB_O', 'EMB_O', 'EMB_O', 'OPN_B', 'OPN_I', 'OPN_I', 'OPN_E', 'EMB_O', 'EMB_O', 'EMB_O', 'EMB_O', 'EMB_O', 'ASP_B', 'ASP_E', 'EMB_O', 'EMB_O', 'EMB_O', 'EMB_O', 'EMB_O', 'EMB_O', 'EMB_O', 'EMB_O', 'EMB_O', 'EMB_O', 'EMB_O', 'EMB_O', 'EMB_O', 'EMB_O', 'EMB_O', 'EMB_O', 'EMB_O', 'EMB_O', 'EMB_O', 'EMB_P', 'EMB_P', 'EMB_P', 'EMB_P', 'EMB_P', 'EMB_P', 'EMB_P', 'EMB_P', 'EMB_P', 'EMB_P', 'EMB_P', 'EMB_P', 'EMB_P', 'EMB_P', 'EMB_P', 'EMB_P', 'EMB_P', 'EMB_P', 'EMB_P', 'EMB_P', 'EMB_P', 'EMB_P', 'EMB_P', 'EMB_P', 'EMB_P', 'EMB_P', 'EMB_P', 'EMB_P', 'EMB_P', 'EMB_P', 'EMB_P', 'EMB_P', 'EMB_P', 'EMB_P', 'EMB_P', 'EMB_P', 'EMB_P', 'EMB_P', 'EMB_P', 'EMB_P', 'EMB_P', 'EMB_P', 'EMB_P', 'EMB_P', 'EMB_P', 'EMB_P', 'EMB_P', 'EMB_P', 'EMB_P', 'EMB_P', 'EMB_P', 'EMB_P', 'EMB_P', 'EMB_P', 'EMB_P', 'EMB_P', 'EMB_P', 'EMB_P', 'EMB_P', 'EMB_P', 'EMB_P', 'EMB_P', 'EMB_P', 'EMB_P', 'EMB_P', 'EMB_P', 'EMB_P', 'EMB_P', 'EMB_P', 'EMB_P', 'EMB_P', 'EMB_P', 'EMB_P', 'EMB_P', 'EMB_P', 'EMB_P', 'EMB_P', 'EMB_P', 'EMB_P', 'EMB_P', 'EMB_P', 'EMB_P', 'EMB_P', 'EMB_P', 'EMB_P', 'EMB_P', 'EMB_P', 'EMB_P', 'EMB_P', 'EMB_P', 'EMB_P', 'EMB_P', 'EMB_P']"
252,вид из окна,потрясающая,28585:10_1166,"Атмосфера потрясающая: мебель, приборы, посуда, вид из окна, свечи, обслуживание!",8.25,8.0,"['EMB_O', 'EMB_O', 'EMB_O', 'EMB_O', 'EMB_O', 'OPN_B', 'OPN_I', 'OPN_I', 'OPN_E', 'EMB_O', 'EMB_O', 'EMB_O', 'EMB_O', 'EMB_O', 'EMB_O', 'EMB_O', 'EMB_O', 'EMB_O', 'EMB_O', 'EMB_O', 'EMB_O', 'ASP_B', 'ASP_I', 'ASP_I', 'ASP_E', 'EMB_O', 'EMB_O', 'EMB_O', 'EMB_O', 'EMB_O', 'EMB_O', 'EMB_O', 'EMB_O', 'EMB_O', 'EMB_O', 'EMB_P', 'EMB_P', 'EMB_P', 'EMB_P', 'EMB_P', 'EMB_P', 'EMB_P', 'EMB_P', 'EMB_P', 'EMB_P', 'EMB_P', 'EMB_P', 'EMB_P', 'EMB_P', 'EMB_P', 'EMB_P', 'EMB_P', 'EMB_P', 'EMB_P', 'EMB_P', 'EMB_P', 'EMB_P', 'EMB_P', 'EMB_P', 'EMB_P', 'EMB_P', 'EMB_P', 'EMB_P', 'EMB_P', 'EMB_P', 'EMB_P', 'EMB_P', 'EMB_P', 'EMB_P', 'EMB_P', 'EMB_P', 'EMB_P', 'EMB_P', 'EMB_P', 'EMB_P', 'EMB_P', 'EMB_P', 'EMB_P', 'EMB_P', 'EMB_P', 'EMB_P', 'EMB_P', 'EMB_P', 'EMB_P', 'EMB_P', 'EMB_P', 'EMB_P', 'EMB_P', 'EMB_P', 'EMB_P', 'EMB_P', 'EMB_P', 'EMB_P', 'EMB_P', 'EMB_P', 'EMB_P', 'EMB_P', 'EMB_P', 'EMB_P', 'EMB_P', 'EMB_P', 'EMB_P', 'EMB_P', 'EMB_P', 'EMB_P', 'EMB_P', 'EMB_P', 'EMB_P', 'EMB_P', 'EMB_P', 'EMB_P', 'EMB_P', 'EMB_P', 'EMB_P', 'EMB_P', 'EMB_P', 'EMB_P', 'EMB_P', 'EMB_P', 'EMB_P', 'EMB_P', 'EMB_P', 'EMB_P', 'EMB_P', 'EMB_P', 'EMB_P', 'EMB_P', 'EMB_P']"
253,свечи,потрясающая,28585:10_1166,"Атмосфера потрясающая: мебель, приборы, посуда, вид из окна, свечи, обслуживание!",8.25,8.0,"['EMB_O', 'EMB_O', 'EMB_O', 'EMB_O', 'EMB_O', 'OPN_B', 'OPN_I', 'OPN_I', 'OPN_E', 'EMB_O', 'EMB_O', 'EMB_O', 'EMB_O', 'EMB_O', 'EMB_O', 'EMB_O', 'EMB_O', 'EMB_O', 'EMB_O', 'EMB_O', 'EMB_O', 'EMB_O', 'EMB_O', 'EMB_O', 'EMB_O', 'EMB_O', 'ASP_B', 'ASP_E', 'EMB_O', 'EMB_O', 'EMB_O', 'EMB_O', 'EMB_O', 'EMB_O', 'EMB_O', 'EMB_P', 'EMB_P', 'EMB_P', 'EMB_P', 'EMB_P', 'EMB_P', 'EMB_P', 'EMB_P', 'EMB_P', 'EMB_P', 'EMB_P', 'EMB_P', 'EMB_P', 'EMB_P', 'EMB_P', 'EMB_P', 'EMB_P', 'EMB_P', 'EMB_P', 'EMB_P', 'EMB_P', 'EMB_P', 'EMB_P', 'EMB_P', 'EMB_P', 'EMB_P', 'EMB_P', 'EMB_P', 'EMB_P', 'EMB_P', 'EMB_P', 'EMB_P', 'EMB_P', 'EMB_P', 'EMB_P', 'EMB_P', 'EMB_P', 'EMB_P', 'EMB_P', 'EMB_P', 'EMB_P', 'EMB_P', 'EMB_P', 'EMB_P', 'EMB_P', 'EMB_P', 'EMB_P', 'EMB_P', 'EMB_P', 'EMB_P', 'EMB_P', 'EMB_P', 'EMB_P', 'EMB_P', 'EMB_P', 'EMB_P', 'EMB_P', 'EMB_P', 'EMB_P', 'EMB_P', 'EMB_P', 'EMB_P', 'EMB_P', 'EMB_P', 'EMB_P', 'EMB_P', 'EMB_P', 'EMB_P', 'EMB_P', 'EMB_P', 'EMB_P', 'EMB_P', 'EMB_P', 'EMB_P', 'EMB_P', 'EMB_P', 'EMB_P', 'EMB_P', 'EMB_P', 'EMB_P', 'EMB_P', 'EMB_P', 'EMB_P', 'EMB_P', 'EMB_P', 'EMB_P', 'EMB_P', 'EMB_P', 'EMB_P', 'EMB_P', 'EMB_P', 'EMB_P', 'EMB_P']"
254,обслуживание,потрясающая,28585:10_1166,"Атмосфера потрясающая: мебель, приборы, посуда, вид из окна, свечи, обслуживание!",8.25,8.0,"['EMB_O', 'EMB_O', 'EMB_O', 'EMB_O', 'EMB_O', 'OPN_B', 'OPN_I', 'OPN_I', 'OPN_E', 'EMB_O', 'EMB_O', 'EMB_O', 'EMB_O', 'EMB_O', 'EMB_O', 'EMB_O', 'EMB_O', 'EMB_O', 'EMB_O', 'EMB_O', 'EMB_O', 'EMB_O', 'EMB_O', 'EMB_O', 'EMB_O', 'EMB_O', 'EMB_O', 'EMB_O', 'EMB_O', 'ASP_B', 'ASP_I', 'ASP_I', 'ASP_E', 'EMB_O', 'EMB_O', 'EMB_P', 'EMB_P', 'EMB_P', 'EMB_P', 'EMB_P', 'EMB_P', 'EMB_P', 'EMB_P', 'EMB_P', 'EMB_P', 'EMB_P', 'EMB_P', 'EMB_P', 'EMB_P', 'EMB_P', 'EMB_P', 'EMB_P', 'EMB_P', 'EMB_P', 'EMB_P', 'EMB_P', 'EMB_P', 'EMB_P', 'EMB_P', 'EMB_P', 'EMB_P', 'EMB_P', 'EMB_P', 'EMB_P', 'EMB_P', 'EMB_P', 'EMB_P', 'EMB_P', 'EMB_P', 'EMB_P', 'EMB_P', 'EMB_P', 'EMB_P', 'EMB_P', 'EMB_P', 'EMB_P', 'EMB_P', 'EMB_P', 'EMB_P', 'EMB_P', 'EMB_P', 'EMB_P', 'EMB_P', 'EMB_P', 'EMB_P', 'EMB_P', 'EMB_P', 'EMB_P', 'EMB_P', 'EMB_P', 'EMB_P', 'EMB_P', 'EMB_P', 'EMB_P', 'EMB_P', 'EMB_P', 'EMB_P', 'EMB_P', 'EMB_P', 'EMB_P', 'EMB_P', 'EMB_P', 'EMB_P', 'EMB_P', 'EMB_P', 'EMB_P', 'EMB_P', 'EMB_P', 'EMB_P', 'EMB_P', 'EMB_P', 'EMB_P', 'EMB_P', 'EMB_P', 'EMB_P', 'EMB_P', 'EMB_P', 'EMB_P', 'EMB_P', 'EMB_P', 'EMB_P', 'EMB_P', 'EMB_P', 'EMB_P', 'EMB_P', 'EMB_P', 'EMB_P', 'EMB_P']"
255,Ресторан,замечательный,28612:0_1167,Ресторан замечательный!,7.8,7.4,"['EMB_O', 'ASP_B', 'ASP_I', 'ASP_E', 'OPN_B', 'OPN_I', 'OPN_I', 'OPN_I', 'OPN_E', 'EMB_O', 'EMB_O', 'EMB_P', 'EMB_P', 'EMB_P', 'EMB_P', 'EMB_P', 'EMB_P', 'EMB_P', 'EMB_P', 'EMB_P', 'EMB_P', 'EMB_P', 'EMB_P', 'EMB_P', 'EMB_P', 'EMB_P', 'EMB_P', 'EMB_P', 'EMB_P', 'EMB_P', 'EMB_P', 'EMB_P', 'EMB_P', 'EMB_P', 'EMB_P', 'EMB_P', 'EMB_P', 'EMB_P', 'EMB_P', 'EMB_P', 'EMB_P', 'EMB_P', 'EMB_P', 'EMB_P', 'EMB_P', 'EMB_P', 'EMB_P', 'EMB_P', 'EMB_P', 'EMB_P', 'EMB_P', 'EMB_P', 'EMB_P', 'EMB_P', 'EMB_P', 'EMB_P', 'EMB_P', 'EMB_P', 'EMB_P', 'EMB_P', 'EMB_P', 'EMB_P', 'EMB_P', 'EMB_P', 'EMB_P', 'EMB_P', 'EMB_P', 'EMB_P', 'EMB_P', 'EMB_P', 'EMB_P', 'EMB_P', 'EMB_P', 'EMB_P', 'EMB_P', 'EMB_P', 'EMB_P', 'EMB_P', 'EMB_P', 'EMB_P', 'EMB_P', 'EMB_P', 'EMB_P', 'EMB_P', 'EMB_P', 'EMB_P', 'EMB_P', 'EMB_P', 'EMB_P', 'EMB_P', 'EMB_P', 'EMB_P', 'EMB_P', 'EMB_P', 'EMB_P', 'EMB_P', 'EMB_P', 'EMB_P', 'EMB_P', 'EMB_P', 'EMB_P', 'EMB_P', 'EMB_P', 'EMB_P', 'EMB_P', 'EMB_P', 'EMB_P', 'EMB_P', 'EMB_P', 'EMB_P', 'EMB_P', 'EMB_P', 'EMB_P', 'EMB_P', 'EMB_P', 'EMB_P', 'EMB_P', 'EMB_P', 'EMB_P', 'EMB_P', 'EMB_P', 'EMB_P', 'EMB_P', 'EMB_P', 'EMB_P', 'EMB_P', 'EMB_P', 'EMB_P']"
256,персонал,Очень приятный,28612:1_1168,"Очень приятный и вежливый персонал, уже на входе встречают, складывается ощущение, что давно ждали в гости.",7.62,7.5,"['EMB_O', 'OPN_B', 'OPN_I', 'OPN_I', 'OPN_I', 'OPN_E', 'EMB_O', 'EMB_O', 'EMB_O', 'EMB_O', 'EMB_O', 'ASP_B', 'ASP_I', 'ASP_E', 'EMB_O', 'EMB_O', 'EMB_O', 'EMB_O', 'EMB_O', 'EMB_O', 'EMB_O', 'EMB_O', 'EMB_O', 'EMB_O', 'EMB_O', 'EMB_O', 'EMB_O', 'EMB_O', 'EMB_O', 'EMB_O', 'EMB_O', 'EMB_O', 'EMB_O', 'EMB_O', 'EMB_O', 'EMB_O', 'EMB_O', 'EMB_O', 'EMB_O', 'EMB_O', 'EMB_P', 'EMB_P', 'EMB_P', 'EMB_P', 'EMB_P', 'EMB_P', 'EMB_P', 'EMB_P', 'EMB_P', 'EMB_P', 'EMB_P', 'EMB_P', 'EMB_P', 'EMB_P', 'EMB_P', 'EMB_P', 'EMB_P', 'EMB_P', 'EMB_P', 'EMB_P', 'EMB_P', 'EMB_P', 'EMB_P', 'EMB_P', 'EMB_P', 'EMB_P', 'EMB_P', 'EMB_P', 'EMB_P', 'EMB_P', 'EMB_P', 'EMB_P', 'EMB_P', 'EMB_P', 'EMB_P', 'EMB_P', 'EMB_P', 'EMB_P', 'EMB_P', 'EMB_P', 'EMB_P', 'EMB_P', 'EMB_P', 'EMB_P', 'EMB_P', 'EMB_P', 'EMB_P', 'EMB_P', 'EMB_P', 'EMB_P', 'EMB_P', 'EMB_P', 'EMB_P', 'EMB_P', 'EMB_P', 'EMB_P', 'EMB_P', 'EMB_P', 'EMB_P', 'EMB_P', 'EMB_P', 'EMB_P', 'EMB_P', 'EMB_P', 'EMB_P', 'EMB_P', 'EMB_P', 'EMB_P', 'EMB_P', 'EMB_P', 'EMB_P', 'EMB_P', 'EMB_P', 'EMB_P', 'EMB_P', 'EMB_P', 'EMB_P', 'EMB_P', 'EMB_P', 'EMB_P', 'EMB_P', 'EMB_P', 'EMB_P', 'EMB_P', 'EMB_P', 'EMB_P', 'EMB_P', 'EMB_P']"
257,выбор блюд,Большой,28612:2_1169,"Большой выбор блюд, готовят отлично и быстро.",7.5,7.0,"['EMB_O', 'OPN_S', 'ASP_B', 'ASP_I', 'ASP_I', 'ASP_I', 'ASP_E', 'EMB_O', 'EMB_O', 'EMB_O', 'EMB_O', 'EMB_O', 'EMB_O', 'EMB_O', 'EMB_O', 'EMB_O', 'EMB_O', 'EMB_P', 'EMB_P', 'EMB_P', 'EMB_P', 'EMB_P', 'EMB_P', 'EMB_P', 'EMB_P', 'EMB_P', 'EMB_P', 'EMB_P', 'EMB_P', 'EMB_P', 'EMB_P', 'EMB_P', 'EMB_P', 'EMB_P', 'EMB_P', 'EMB_P', 'EMB_P', 'EMB_P', 'EMB_P', 'EMB_P', 'EMB_P', 'EMB_P', 'EMB_P', 'EMB_P', 'EMB_P', 'EMB_P', 'EMB_P', 'EMB_P', 'EMB_P', 'EMB_P', 'EMB_P', 'EMB_P', 'EMB_P', 'EMB_P', 'EMB_P', 'EMB_P', 'EMB_P', 'EMB_P', 'EMB_P', 'EMB_P', 'EMB_P', 'EMB_P', 'EMB_P', 'EMB_P', 'EMB_P', 'EMB_P', 'EMB_P', 'EMB_P', 'EMB_P', 'EMB_P', 'EMB_P', 'EMB_P', 'EMB_P', 'EMB_P', 'EMB_P', 'EMB_P', 'EMB_P', 'EMB_P', 'EMB_P', 'EMB_P', 'EMB_P', 'EMB_P', 'EMB_P', 'EMB_P', 'EMB_P', 'EMB_P', 'EMB_P', 'EMB_P', 'EMB_P', 'EMB_P', 'EMB_P', 'EMB_P', 'EMB_P', 'EMB_P', 'EMB_P', 'EMB_P', 'EMB_P', 'EMB_P', 'EMB_P', 'EMB_P', 'EMB_P', 'EMB_P', 'EMB_P', 'EMB_P', 'EMB_P', 'EMB_P', 'EMB_P', 'EMB_P', 'EMB_P', 'EMB_P', 'EMB_P', 'EMB_P', 'EMB_P', 'EMB_P', 'EMB_P', 'EMB_P', 'EMB_P', 'EMB_P', 'EMB_P', 'EMB_P', 'EMB_P', 'EMB_P', 'EMB_P', 'EMB_P', 'EMB_P', 'EMB_P', 'EMB_P', 'EMB_P']"
258,Порции,большие,28612:3_1170,"Порции большие - то, что осталось упаковывают с собой.",7.1,6.4,"['EMB_O', 'ASP_B', 'ASP_I', 'ASP_E', 'OPN_S', 'EMB_O', 'EMB_O', 'EMB_O', 'EMB_O', 'EMB_O', 'EMB_O', 'EMB_O', 'EMB_O', 'EMB_O', 'EMB_O', 'EMB_O', 'EMB_O', 'EMB_O', 'EMB_O', 'EMB_O', 'EMB_P', 'EMB_P', 'EMB_P', 'EMB_P', 'EMB_P', 'EMB_P', 'EMB_P', 'EMB_P', 'EMB_P', 'EMB_P', 'EMB_P', 'EMB_P', 'EMB_P', 'EMB_P', 'EMB_P', 'EMB_P', 'EMB_P', 'EMB_P', 'EMB_P', 'EMB_P', 'EMB_P', 'EMB_P', 'EMB_P', 'EMB_P', 'EMB_P', 'EMB_P', 'EMB_P', 'EMB_P', 'EMB_P', 'EMB_P', 'EMB_P', 'EMB_P', 'EMB_P', 'EMB_P', 'EMB_P', 'EMB_P', 'EMB_P', 'EMB_P', 'EMB_P', 'EMB_P', 'EMB_P', 'EMB_P', 'EMB_P', 'EMB_P', 'EMB_P', 'EMB_P', 'EMB_P', 'EMB_P', 'EMB_P', 'EMB_P', 'EMB_P', 'EMB_P', 'EMB_P', 'EMB_P', 'EMB_P', 'EMB_P', 'EMB_P', 'EMB_P', 'EMB_P', 'EMB_P', 'EMB_P', 'EMB_P', 'EMB_P', 'EMB_P', 'EMB_P', 'EMB_P', 'EMB_P', 'EMB_P', 'EMB_P', 'EMB_P', 'EMB_P', 'EMB_P', 'EMB_P', 'EMB_P', 'EMB_P', 'EMB_P', 'EMB_P', 'EMB_P', 'EMB_P', 'EMB_P', 'EMB_P', 'EMB_P', 'EMB_P', 'EMB_P', 'EMB_P', 'EMB_P', 'EMB_P', 'EMB_P', 'EMB_P', 'EMB_P', 'EMB_P', 'EMB_P', 'EMB_P', 'EMB_P', 'EMB_P', 'EMB_P', 'EMB_P', 'EMB_P', 'EMB_P', 'EMB_P', 'EMB_P', 'EMB_P', 'EMB_P', 'EMB_P', 'EMB_P', 'EMB_P', 'EMB_P', 'EMB_P']"
259,музыка,Очень понравилось,28612:4_1171,"Очень понравилось, что звучит тихая и спокойная музыка, очень расслабляющая обстановка.",8.12,7.62,"['EMB_O', 'OPN_B', 'OPN_I', 'OPN_I', 'OPN_I', 'OPN_I', 'OPN_E', 'EMB_O', 'EMB_O', 'EMB_O', 'EMB_O', 'EMB_O', 'EMB_O', 'EMB_O', 'EMB_O', 'EMB_O', 'EMB_O', 'EMB_O', 'EMB_O', 'ASP_S', 'EMB_O', 'EMB_O', 'EMB_O', 'EMB_O', 'EMB_O', 'EMB_O', 'EMB_O', 'EMB_O', 'EMB_O', 'EMB_O', 'EMB_O', 'EMB_O', 'EMB_P', 'EMB_P', 'EMB_P', 'EMB_P', 'EMB_P', 'EMB_P', 'EMB_P', 'EMB_P', 'EMB_P', 'EMB_P', 'EMB_P', 'EMB_P', 'EMB_P', 'EMB_P', 'EMB_P', 'EMB_P', 'EMB_P', 'EMB_P', 'EMB_P', 'EMB_P', 'EMB_P', 'EMB_P', 'EMB_P', 'EMB_P', 'EMB_P', 'EMB_P', 'EMB_P', 'EMB_P', 'EMB_P', 'EMB_P', 'EMB_P', 'EMB_P', 'EMB_P', 'EMB_P', 'EMB_P', 'EMB_P', 'EMB_P', 'EMB_P', 'EMB_P', 'EMB_P', 'EMB_P', 'EMB_P', 'EMB_P', 'EMB_P', 'EMB_P', 'EMB_P', 'EMB_P', 'EMB_P', 'EMB_P', 'EMB_P', 'EMB_P', 'EMB_P', 'EMB_P', 'EMB_P', 'EMB_P', 'EMB_P', 'EMB_P', 'EMB_P', 'EMB_P', 'EMB_P', 'EMB_P', 'EMB_P', 'EMB_P', 'EMB_P', 'EMB_P', 'EMB_P', 'EMB_P', 'EMB_P', 'EMB_P', 'EMB_P', 'EMB_P', 'EMB_P', 'EMB_P', 'EMB_P', 'EMB_P', 'EMB_P', 'EMB_P', 'EMB_P', 'EMB_P', 'EMB_P', 'EMB_P', 'EMB_P', 'EMB_P', 'EMB_P', 'EMB_P', 'EMB_P', 'EMB_P', 'EMB_P', 'EMB_P', 'EMB_P', 'EMB_P', 'EMB_P', 'EMB_P', 'EMB_P', 'EMB_P', 'EMB_P']"
260,обстановка,очень расслабляющая,28612:4_1171,"Очень понравилось, что звучит тихая и спокойная музыка, очень расслабляющая обстановка.",7.6,6.9,"['EMB_O', 'EMB_O', 'EMB_O', 'EMB_O', 'EMB_O', 'EMB_O', 'EMB_O', 'EMB_O', 'EMB_O', 'EMB_O', 'EMB_O', 'EMB_O', 'EMB_O', 'EMB_O', 'EMB_O', 'EMB_O', 'EMB_O', 'EMB_O', 'EMB_O', 'EMB_O', 'EMB_O', 'OPN_B', 'OPN_I', 'OPN_I', 'OPN_I', 'OPN_I', 'OPN_E', 'ASP_B', 'ASP_I', 'ASP_E', 'EMB_O', 'EMB_O', 'EMB_P', 'EMB_P', 'EMB_P', 'EMB_P', 'EMB_P', 'EMB_P', 'EMB_P', 'EMB_P', 'EMB_P', 'EMB_P', 'EMB_P', 'EMB_P', 'EMB_P', 'EMB_P', 'EMB_P', 'EMB_P', 'EMB_P', 'EMB_P', 'EMB_P', 'EMB_P', 'EMB_P', 'EMB_P', 'EMB_P', 'EMB_P', 'EMB_P', 'EMB_P', 'EMB_P', 'EMB_P', 'EMB_P', 'EMB_P', 'EMB_P', 'EMB_P', 'EMB_P', 'EMB_P', 'EMB_P', 'EMB_P', 'EMB_P', 'EMB_P', 'EMB_P', 'EMB_P', 'EMB_P', 'EMB_P', 'EMB_P', 'EMB_P', 'EMB_P', 'EMB_P', 'EMB_P', 'EMB_P', 'EMB_P', 'EMB_P', 'EMB_P', 'EMB_P', 'EMB_P', 'EMB_P', 'EMB_P', 'EMB_P', 'EMB_P', 'EMB_P', 'EMB_P', 'EMB_P', 'EMB_P', 'EMB_P', 'EMB_P', 'EMB_P', 'EMB_P', 'EMB_P', 'EMB_P', 'EMB_P', 'EMB_P', 'EMB_P', 'EMB_P', 'EMB_P', 'EMB_P', 'EMB_P', 'EMB_P', 'EMB_P', 'EMB_P', 'EMB_P', 'EMB_P', 'EMB_P', 'EMB_P', 'EMB_P', 'EMB_P', 'EMB_P', 'EMB_P', 'EMB_P', 'EMB_P', 'EMB_P', 'EMB_P', 'EMB_P', 'EMB_P', 'EMB_P', 'EMB_P', 'EMB_P', 'EMB_P', 'EMB_P']"
261,интерьер,Потрясающий,28612:5_1172,"Потрясающий интерьер, словно попадаешь в сказку.",8.5,8.12,"['EMB_O', 'OPN_B', 'OPN_I', 'OPN_I', 'OPN_E', 'ASP_B', 'ASP_I', 'ASP_E', 'EMB_O', 'EMB_O', 'EMB_O', 'EMB_O', 'EMB_O', 'EMB_O', 'EMB_O', 'EMB_O', 'EMB_O', 'EMB_O', 'EMB_O', 'EMB_O', 'EMB_O', 'EMB_P', 'EMB_P', 'EMB_P', 'EMB_P', 'EMB_P', 'EMB_P', 'EMB_P', 'EMB_P', 'EMB_P', 'EMB_P', 'EMB_P', 'EMB_P', 'EMB_P', 'EMB_P', 'EMB_P', 'EMB_P', 'EMB_P', 'EMB_P', 'EMB_P', 'EMB_P', 'EMB_P', 'EMB_P', 'EMB_P', 'EMB_P', 'EMB_P', 'EMB_P', 'EMB_P', 'EMB_P', 'EMB_P', 'EMB_P', 'EMB_P', 'EMB_P', 'EMB_P', 'EMB_P', 'EMB_P', 'EMB_P', 'EMB_P', 'EMB_P', 'EMB_P', 'EMB_P', 'EMB_P', 'EMB_P', 'EMB_P', 'EMB_P', 'EMB_P', 'EMB_P', 'EMB_P', 'EMB_P', 'EMB_P', 'EMB_P', 'EMB_P', 'EMB_P', 'EMB_P', 'EMB_P', 'EMB_P', 'EMB_P', 'EMB_P', 'EMB_P', 'EMB_P', 'EMB_P', 'EMB_P', 'EMB_P', 'EMB_P', 'EMB_P', 'EMB_P', 'EMB_P', 'EMB_P', 'EMB_P', 'EMB_P', 'EMB_P', 'EMB_P', 'EMB_P', 'EMB_P', 'EMB_P', 'EMB_P', 'EMB_P', 'EMB_P', 'EMB_P', 'EMB_P', 'EMB_P', 'EMB_P', 'EMB_P', 'EMB_P', 'EMB_P', 'EMB_P', 'EMB_P', 'EMB_P', 'EMB_P', 'EMB_P', 'EMB_P', 'EMB_P', 'EMB_P', 'EMB_P', 'EMB_P', 'EMB_P', 'EMB_P', 'EMB_P', 'EMB_P', 'EMB_P', 'EMB_P', 'EMB_P', 'EMB_P', 'EMB_P', 'EMB_P', 'EMB_P', 'EMB_P', 'EMB_P']"
262,шеф-повару,респект,28710:4_1173,"Могу сказать,что это был замечательный вечер, респект шеф-повару!!",7.5,6.8,"['EMB_O', 'EMB_O', 'EMB_O', 'EMB_O', 'EMB_O', 'EMB_O', 'EMB_O', 'EMB_O', 'EMB_O', 'EMB_O', 'EMB_O', 'EMB_O', 'EMB_O', 'EMB_O', 'EMB_O', 'EMB_O', 'EMB_O', 'EMB_O', 'OPN_B', 'OPN_I', 'OPN_I', 'OPN_E', 'ASP_B', 'ASP_I', 'ASP_I', 'ASP_I', 'ASP_E', 'EMB_O', 'EMB_O', 'EMB_O', 'EMB_P', 'EMB_P', 'EMB_P', 'EMB_P', 'EMB_P', 'EMB_P', 'EMB_P', 'EMB_P', 'EMB_P', 'EMB_P', 'EMB_P', 'EMB_P', 'EMB_P', 'EMB_P', 'EMB_P', 'EMB_P', 'EMB_P', 'EMB_P', 'EMB_P', 'EMB_P', 'EMB_P', 'EMB_P', 'EMB_P', 'EMB_P', 'EMB_P', 'EMB_P', 'EMB_P', 'EMB_P', 'EMB_P', 'EMB_P', 'EMB_P', 'EMB_P', 'EMB_P', 'EMB_P', 'EMB_P', 'EMB_P', 'EMB_P', 'EMB_P', 'EMB_P', 'EMB_P', 'EMB_P', 'EMB_P', 'EMB_P', 'EMB_P', 'EMB_P', 'EMB_P', 'EMB_P', 'EMB_P', 'EMB_P', 'EMB_P', 'EMB_P', 'EMB_P', 'EMB_P', 'EMB_P', 'EMB_P', 'EMB_P', 'EMB_P', 'EMB_P', 'EMB_P', 'EMB_P', 'EMB_P', 'EMB_P', 'EMB_P', 'EMB_P', 'EMB_P', 'EMB_P', 'EMB_P', 'EMB_P', 'EMB_P', 'EMB_P', 'EMB_P', 'EMB_P', 'EMB_P', 'EMB_P', 'EMB_P', 'EMB_P', 'EMB_P', 'EMB_P', 'EMB_P', 'EMB_P', 'EMB_P', 'EMB_P', 'EMB_P', 'EMB_P', 'EMB_P', 'EMB_P', 'EMB_P', 'EMB_P', 'EMB_P', 'EMB_P', 'EMB_P', 'EMB_P', 'EMB_P', 'EMB_P', 'EMB_P', 'EMB_P', 'EMB_P', 'EMB_P']"
263,Интерьер,поражает,28710:6_1174,"Интерьер,конечно, поражает сразу, уже на улице все очень мило хорошенькая елочка и туи,фонарики новогоднее настроение, внутри уютно и шикарно,мягкие диваны,свечи, белый рояль.",8.0,7.62,"['EMB_O', 'ASP_B', 'ASP_I', 'ASP_E', 'EMB_O', 'EMB_O', 'EMB_O', 'EMB_O', 'OPN_B', 'OPN_I', 'OPN_E', 'EMB_O', 'EMB_O', 'EMB_O', 'EMB_O', 'EMB_O', 'EMB_O', 'EMB_O', 'EMB_O', 'EMB_O', 'EMB_O', 'EMB_O', 'EMB_O', 'EMB_O', 'EMB_O', 'EMB_O', 'EMB_O', 'EMB_O', 'EMB_O', 'EMB_O', 'EMB_O', 'EMB_O', 'EMB_O', 'EMB_O', 'EMB_O', 'EMB_O', 'EMB_O', 'EMB_O', 'EMB_O', 'EMB_O', 'EMB_O', 'EMB_O', 'EMB_O', 'EMB_O', 'EMB_O', 'EMB_O', 'EMB_O', 'EMB_O', 'EMB_O', 'EMB_O', 'EMB_O', 'EMB_O', 'EMB_O', 'EMB_O', 'EMB_O', 'EMB_O', 'EMB_O', 'EMB_O', 'EMB_O', 'EMB_O', 'EMB_O', 'EMB_O', 'EMB_O', 'EMB_O', 'EMB_O', 'EMB_P', 'EMB_P', 'EMB_P', 'EMB_P', 'EMB_P', 'EMB_P', 'EMB_P', 'EMB_P', 'EMB_P', 'EMB_P', 'EMB_P', 'EMB_P', 'EMB_P', 'EMB_P', 'EMB_P', 'EMB_P', 'EMB_P', 'EMB_P', 'EMB_P', 'EMB_P', 'EMB_P', 'EMB_P', 'EMB_P', 'EMB_P', 'EMB_P', 'EMB_P', 'EMB_P', 'EMB_P', 'EMB_P', 'EMB_P', 'EMB_P', 'EMB_P', 'EMB_P', 'EMB_P', 'EMB_P', 'EMB_P', 'EMB_P', 'EMB_P', 'EMB_P', 'EMB_P', 'EMB_P', 'EMB_P', 'EMB_P', 'EMB_P', 'EMB_P', 'EMB_P', 'EMB_P', 'EMB_P', 'EMB_P', 'EMB_P', 'EMB_P', 'EMB_P', 'EMB_P', 'EMB_P', 'EMB_P', 'EMB_P', 'EMB_P', 'EMB_P', 'EMB_P', 'EMB_P', 'EMB_P', 'EMB_P', 'EMB_P']"
264,елочка,хорошенькая,28710:6_1174,"Интерьер,конечно, поражает сразу, уже на улице все очень мило хорошенькая елочка и туи,фонарики новогоднее настроение, внутри уютно и шикарно,мягкие диваны,свечи, белый рояль.",7.0,6.62,"['EMB_O', 'EMB_O', 'EMB_O', 'EMB_O', 'EMB_O', 'EMB_O', 'EMB_O', 'EMB_O', 'EMB_O', 'EMB_O', 'EMB_O', 'EMB_O', 'EMB_O', 'EMB_O', 'EMB_O', 'EMB_O', 'EMB_O', 'EMB_O', 'EMB_O', 'EMB_O', 'OPN_B', 'OPN_I', 'OPN_I', 'OPN_E', 'ASP_B', 'ASP_E', 'EMB_O', 'EMB_O', 'EMB_O', 'EMB_O', 'EMB_O', 'EMB_O', 'EMB_O', 'EMB_O', 'EMB_O', 'EMB_O', 'EMB_O', 'EMB_O', 'EMB_O', 'EMB_O', 'EMB_O', 'EMB_O', 'EMB_O', 'EMB_O', 'EMB_O', 'EMB_O', 'EMB_O', 'EMB_O', 'EMB_O', 'EMB_O', 'EMB_O', 'EMB_O', 'EMB_O', 'EMB_O', 'EMB_O', 'EMB_O', 'EMB_O', 'EMB_O', 'EMB_O', 'EMB_O', 'EMB_O', 'EMB_O', 'EMB_O', 'EMB_O', 'EMB_O', 'EMB_P', 'EMB_P', 'EMB_P', 'EMB_P', 'EMB_P', 'EMB_P', 'EMB_P', 'EMB_P', 'EMB_P', 'EMB_P', 'EMB_P', 'EMB_P', 'EMB_P', 'EMB_P', 'EMB_P', 'EMB_P', 'EMB_P', 'EMB_P', 'EMB_P', 'EMB_P', 'EMB_P', 'EMB_P', 'EMB_P', 'EMB_P', 'EMB_P', 'EMB_P', 'EMB_P', 'EMB_P', 'EMB_P', 'EMB_P', 'EMB_P', 'EMB_P', 'EMB_P', 'EMB_P', 'EMB_P', 'EMB_P', 'EMB_P', 'EMB_P', 'EMB_P', 'EMB_P', 'EMB_P', 'EMB_P', 'EMB_P', 'EMB_P', 'EMB_P', 'EMB_P', 'EMB_P', 'EMB_P', 'EMB_P', 'EMB_P', 'EMB_P', 'EMB_P', 'EMB_P', 'EMB_P', 'EMB_P', 'EMB_P', 'EMB_P', 'EMB_P', 'EMB_P', 'EMB_P', 'EMB_P', 'EMB_P', 'EMB_P']"
265,туи,очень мило,28710:6_1174,"Интерьер,конечно, поражает сразу, уже на улице все очень мило хорошенькая елочка и туи,фонарики новогоднее настроение, внутри уютно и шикарно,мягкие диваны,свечи, белый рояль.",7.5,7.33,"['EMB_O', 'EMB_O', 'EMB_O', 'EMB_O', 'EMB_O', 'EMB_O', 'EMB_O', 'EMB_O', 'EMB_O', 'EMB_O', 'EMB_O', 'EMB_O', 'EMB_O', 'EMB_O', 'EMB_O', 'EMB_O', 'EMB_O', 'OPN_B', 'OPN_I', 'OPN_E', 'EMB_O', 'EMB_O', 'EMB_O', 'EMB_O', 'EMB_O', 'EMB_O', 'EMB_O', 'ASP_B', 'ASP_E', 'EMB_O', 'EMB_O', 'EMB_O', 'EMB_O', 'EMB_O', 'EMB_O', 'EMB_O', 'EMB_O', 'EMB_O', 'EMB_O', 'EMB_O', 'EMB_O', 'EMB_O', 'EMB_O', 'EMB_O', 'EMB_O', 'EMB_O', 'EMB_O', 'EMB_O', 'EMB_O', 'EMB_O', 'EMB_O', 'EMB_O', 'EMB_O', 'EMB_O', 'EMB_O', 'EMB_O', 'EMB_O', 'EMB_O', 'EMB_O', 'EMB_O', 'EMB_O', 'EMB_O', 'EMB_O', 'EMB_O', 'EMB_O', 'EMB_P', 'EMB_P', 'EMB_P', 'EMB_P', 'EMB_P', 'EMB_P', 'EMB_P', 'EMB_P', 'EMB_P', 'EMB_P', 'EMB_P', 'EMB_P', 'EMB_P', 'EMB_P', 'EMB_P', 'EMB_P', 'EMB_P', 'EMB_P', 'EMB_P', 'EMB_P', 'EMB_P', 'EMB_P', 'EMB_P', 'EMB_P', 'EMB_P', 'EMB_P', 'EMB_P', 'EMB_P', 'EMB_P', 'EMB_P', 'EMB_P', 'EMB_P', 'EMB_P', 'EMB_P', 'EMB_P', 'EMB_P', 'EMB_P', 'EMB_P', 'EMB_P', 'EMB_P', 'EMB_P', 'EMB_P', 'EMB_P', 'EMB_P', 'EMB_P', 'EMB_P', 'EMB_P', 'EMB_P', 'EMB_P', 'EMB_P', 'EMB_P', 'EMB_P', 'EMB_P', 'EMB_P', 'EMB_P', 'EMB_P', 'EMB_P', 'EMB_P', 'EMB_P', 'EMB_P', 'EMB_P', 'EMB_P', 'EMB_P']"
266,фонарики,очень мило,28710:6_1174,"Интерьер,конечно, поражает сразу, уже на улице все очень мило хорошенькая елочка и туи,фонарики новогоднее настроение, внутри уютно и шикарно,мягкие диваны,свечи, белый рояль.",7.83,7.5,"['EMB_O', 'EMB_O', 'EMB_O', 'EMB_O', 'EMB_O', 'EMB_O', 'EMB_O', 'EMB_O', 'EMB_O', 'EMB_O', 'EMB_O', 'EMB_O', 'EMB_O', 'EMB_O', 'EMB_O', 'EMB_O', 'EMB_O', 'OPN_B', 'OPN_I', 'OPN_E', 'EMB_O', 'EMB_O', 'EMB_O', 'EMB_O', 'EMB_O', 'EMB_O', 'EMB_O', 'EMB_O', 'EMB_O', 'EMB_O', 'ASP_B', 'ASP_I', 'ASP_E', 'EMB_O', 'EMB_O', 'EMB_O', 'EMB_O', 'EMB_O', 'EMB_O', 'EMB_O', 'EMB_O', 'EMB_O', 'EMB_O', 'EMB_O', 'EMB_O', 'EMB_O', 'EMB_O', 'EMB_O', 'EMB_O', 'EMB_O', 'EMB_O', 'EMB_O', 'EMB_O', 'EMB_O', 'EMB_O', 'EMB_O', 'EMB_O', 'EMB_O', 'EMB_O', 'EMB_O', 'EMB_O', 'EMB_O', 'EMB_O', 'EMB_O', 'EMB_O', 'EMB_P', 'EMB_P', 'EMB_P', 'EMB_P', 'EMB_P', 'EMB_P', 'EMB_P', 'EMB_P', 'EMB_P', 'EMB_P', 'EMB_P', 'EMB_P', 'EMB_P', 'EMB_P', 'EMB_P', 'EMB_P', 'EMB_P', 'EMB_P', 'EMB_P', 'EMB_P', 'EMB_P', 'EMB_P', 'EMB_P', 'EMB_P', 'EMB_P', 'EMB_P', 'EMB_P', 'EMB_P', 'EMB_P', 'EMB_P', 'EMB_P', 'EMB_P', 'EMB_P', 'EMB_P', 'EMB_P', 'EMB_P', 'EMB_P', 'EMB_P', 'EMB_P', 'EMB_P', 'EMB_P', 'EMB_P', 'EMB_P', 'EMB_P', 'EMB_P', 'EMB_P', 'EMB_P', 'EMB_P', 'EMB_P', 'EMB_P', 'EMB_P', 'EMB_P', 'EMB_P', 'EMB_P', 'EMB_P', 'EMB_P', 'EMB_P', 'EMB_P', 'EMB_P', 'EMB_P', 'EMB_P', 'EMB_P', 'EMB_P']"
267,диваны,мягкие,28710:6_1174,"Интерьер,конечно, поражает сразу, уже на улице все очень мило хорошенькая елочка и туи,фонарики новогоднее настроение, внутри уютно и шикарно,мягкие диваны,свечи, белый рояль.",7.0,6.4,"['EMB_O', 'EMB_O', 'EMB_O', 'EMB_O', 'EMB_O', 'EMB_O', 'EMB_O', 'EMB_O', 'EMB_O', 'EMB_O', 'EMB_O', 'EMB_O', 'EMB_O', 'EMB_O', 'EMB_O', 'EMB_O', 'EMB_O', 'EMB_O', 'EMB_O', 'EMB_O', 'EMB_O', 'EMB_O', 'EMB_O', 'EMB_O', 'EMB_O', 'EMB_O', 'EMB_O', 'EMB_O', 'EMB_O', 'EMB_O', 'EMB_O', 'EMB_O', 'EMB_O', 'EMB_O', 'EMB_O', 'EMB_O', 'EMB_O', 'EMB_O', 'EMB_O', 'EMB_O', 'EMB_O', 'EMB_O', 'EMB_O', 'EMB_O', 'EMB_O', 'EMB_O', 'EMB_O', 'EMB_O', 'EMB_O', 'OPN_B', 'OPN_I', 'OPN_E', 'ASP_B', 'ASP_E', 'EMB_O', 'EMB_O', 'EMB_O', 'EMB_O', 'EMB_O', 'EMB_O', 'EMB_O', 'EMB_O', 'EMB_O', 'EMB_O', 'EMB_O', 'EMB_P', 'EMB_P', 'EMB_P', 'EMB_P', 'EMB_P', 'EMB_P', 'EMB_P', 'EMB_P', 'EMB_P', 'EMB_P', 'EMB_P', 'EMB_P', 'EMB_P', 'EMB_P', 'EMB_P', 'EMB_P', 'EMB_P', 'EMB_P', 'EMB_P', 'EMB_P', 'EMB_P', 'EMB_P', 'EMB_P', 'EMB_P', 'EMB_P', 'EMB_P', 'EMB_P', 'EMB_P', 'EMB_P', 'EMB_P', 'EMB_P', 'EMB_P', 'EMB_P', 'EMB_P', 'EMB_P', 'EMB_P', 'EMB_P', 'EMB_P', 'EMB_P', 'EMB_P', 'EMB_P', 'EMB_P', 'EMB_P', 'EMB_P', 'EMB_P', 'EMB_P', 'EMB_P', 'EMB_P', 'EMB_P', 'EMB_P', 'EMB_P', 'EMB_P', 'EMB_P', 'EMB_P', 'EMB_P', 'EMB_P', 'EMB_P', 'EMB_P', 'EMB_P', 'EMB_P', 'EMB_P', 'EMB_P', 'EMB_P']"
268,свечи,уютно,28710:6_1174,"Интерьер,конечно, поражает сразу, уже на улице все очень мило хорошенькая елочка и туи,фонарики новогоднее настроение, внутри уютно и шикарно,мягкие диваны,свечи, белый рояль.",7.0,6.83,"['EMB_O', 'EMB_O', 'EMB_O', 'EMB_O', 'EMB_O', 'EMB_O', 'EMB_O', 'EMB_O', 'EMB_O', 'EMB_O', 'EMB_O', 'EMB_O', 'EMB_O', 'EMB_O', 'EMB_O', 'EMB_O', 'EMB_O', 'EMB_O', 'EMB_O', 'EMB_O', 'EMB_O', 'EMB_O', 'EMB_O', 'EMB_O', 'EMB_O', 'EMB_O', 'EMB_O', 'EMB_O', 'EMB_O', 'EMB_O', 'EMB_O', 'EMB_O', 'EMB_O', 'EMB_O', 'EMB_O', 'EMB_O', 'EMB_O', 'EMB_O', 'EMB_O', 'EMB_O', 'EMB_O', 'OPN_B', 'OPN_I', 'OPN_E', 'EMB_O', 'EMB_O', 'EMB_O', 'EMB_O', 'EMB_O', 'EMB_O', 'EMB_O', 'EMB_O', 'EMB_O', 'EMB_O', 'EMB_O', 'ASP_B', 'ASP_E', 'EMB_O', 'EMB_O', 'EMB_O', 'EMB_O', 'EMB_O', 'EMB_O', 'EMB_O', 'EMB_O', 'EMB_P', 'EMB_P', 'EMB_P', 'EMB_P', 'EMB_P', 'EMB_P', 'EMB_P', 'EMB_P', 'EMB_P', 'EMB_P', 'EMB_P', 'EMB_P', 'EMB_P', 'EMB_P', 'EMB_P', 'EMB_P', 'EMB_P', 'EMB_P', 'EMB_P', 'EMB_P', 'EMB_P', 'EMB_P', 'EMB_P', 'EMB_P', 'EMB_P', 'EMB_P', 'EMB_P', 'EMB_P', 'EMB_P', 'EMB_P', 'EMB_P', 'EMB_P', 'EMB_P', 'EMB_P', 'EMB_P', 'EMB_P', 'EMB_P', 'EMB_P', 'EMB_P', 'EMB_P', 'EMB_P', 'EMB_P', 'EMB_P', 'EMB_P', 'EMB_P', 'EMB_P', 'EMB_P', 'EMB_P', 'EMB_P', 'EMB_P', 'EMB_P', 'EMB_P', 'EMB_P', 'EMB_P', 'EMB_P', 'EMB_P', 'EMB_P', 'EMB_P', 'EMB_P', 'EMB_P', 'EMB_P', 'EMB_P', 'EMB_P']"
269,белый рояль,уютно,28710:6_1174,"Интерьер,конечно, поражает сразу, уже на улице все очень мило хорошенькая елочка и туи,фонарики новогоднее настроение, внутри уютно и шикарно,мягкие диваны,свечи, белый рояль.",7.0,6.83,"['EMB_O', 'EMB_O', 'EMB_O', 'EMB_O', 'EMB_O', 'EMB_O', 'EMB_O', 'EMB_O', 'EMB_O', 'EMB_O', 'EMB_O', 'EMB_O', 'EMB_O', 'EMB_O', 'EMB_O', 'EMB_O', 'EMB_O', 'EMB_O', 'EMB_O', 'EMB_O', 'EMB_O', 'EMB_O', 'EMB_O', 'EMB_O', 'EMB_O', 'EMB_O', 'EMB_O', 'EMB_O', 'EMB_O', 'EMB_O', 'EMB_O', 'EMB_O', 'EMB_O', 'EMB_O', 'EMB_O', 'EMB_O', 'EMB_O', 'EMB_O', 'EMB_O', 'EMB_O', 'EMB_O', 'OPN_B', 'OPN_I', 'OPN_E', 'EMB_O', 'EMB_O', 'EMB_O', 'EMB_O', 'EMB_O', 'EMB_O', 'EMB_O', 'EMB_O', 'EMB_O', 'EMB_O', 'EMB_O', 'EMB_O', 'EMB_O', 'EMB_O', 'ASP_B', 'ASP_I', 'ASP_I', 'ASP_I', 'ASP_E', 'EMB_O', 'EMB_O', 'EMB_P', 'EMB_P', 'EMB_P', 'EMB_P', 'EMB_P', 'EMB_P', 'EMB_P', 'EMB_P', 'EMB_P', 'EMB_P', 'EMB_P', 'EMB_P', 'EMB_P', 'EMB_P', 'EMB_P', 'EMB_P', 'EMB_P', 'EMB_P', 'EMB_P', 'EMB_P', 'EMB_P', 'EMB_P', 'EMB_P', 'EMB_P', 'EMB_P', 'EMB_P', 'EMB_P', 'EMB_P', 'EMB_P', 'EMB_P', 'EMB_P', 'EMB_P', 'EMB_P', 'EMB_P', 'EMB_P', 'EMB_P', 'EMB_P', 'EMB_P', 'EMB_P', 'EMB_P', 'EMB_P', 'EMB_P', 'EMB_P', 'EMB_P', 'EMB_P', 'EMB_P', 'EMB_P', 'EMB_P', 'EMB_P', 'EMB_P', 'EMB_P', 'EMB_P', 'EMB_P', 'EMB_P', 'EMB_P', 'EMB_P', 'EMB_P', 'EMB_P', 'EMB_P', 'EMB_P', 'EMB_P', 'EMB_P', 'EMB_P']"
270,Персонал,порадовал,28710:9_1176,"Персонал могу сказать меня тоже порадовал, на входе нас встретила улыбающаяся хостесс уже сразу впечатление положительное и до конца вечера оно таким и осталось!",6.9,6.3,"['EMB_O', 'ASP_B', 'ASP_I', 'ASP_E', 'EMB_O', 'EMB_O', 'EMB_O', 'EMB_O', 'EMB_O', 'EMB_O', 'OPN_B', 'OPN_I', 'OPN_E', 'EMB_O', 'EMB_O', 'EMB_O', 'EMB_O', 'EMB_O', 'EMB_O', 'EMB_O', 'EMB_O', 'EMB_O', 'EMB_O', 'EMB_O', 'EMB_O', 'EMB_O', 'EMB_O', 'EMB_O', 'EMB_O', 'EMB_O', 'EMB_O', 'EMB_O', 'EMB_O', 'EMB_O', 'EMB_O', 'EMB_O', 'EMB_O', 'EMB_O', 'EMB_O', 'EMB_O', 'EMB_O', 'EMB_O', 'EMB_O', 'EMB_O', 'EMB_O', 'EMB_O', 'EMB_O', 'EMB_O', 'EMB_O', 'EMB_O', 'EMB_O', 'EMB_O', 'EMB_O', 'EMB_O', 'EMB_P', 'EMB_P', 'EMB_P', 'EMB_P', 'EMB_P', 'EMB_P', 'EMB_P', 'EMB_P', 'EMB_P', 'EMB_P', 'EMB_P', 'EMB_P', 'EMB_P', 'EMB_P', 'EMB_P', 'EMB_P', 'EMB_P', 'EMB_P', 'EMB_P', 'EMB_P', 'EMB_P', 'EMB_P', 'EMB_P', 'EMB_P', 'EMB_P', 'EMB_P', 'EMB_P', 'EMB_P', 'EMB_P', 'EMB_P', 'EMB_P', 'EMB_P', 'EMB_P', 'EMB_P', 'EMB_P', 'EMB_P', 'EMB_P', 'EMB_P', 'EMB_P', 'EMB_P', 'EMB_P', 'EMB_P', 'EMB_P', 'EMB_P', 'EMB_P', 'EMB_P', 'EMB_P', 'EMB_P', 'EMB_P', 'EMB_P', 'EMB_P', 'EMB_P', 'EMB_P', 'EMB_P', 'EMB_P', 'EMB_P', 'EMB_P', 'EMB_P', 'EMB_P', 'EMB_P', 'EMB_P', 'EMB_P', 'EMB_P', 'EMB_P', 'EMB_P', 'EMB_P', 'EMB_P', 'EMB_P', 'EMB_P', 'EMB_P', 'EMB_P', 'EMB_P', 'EMB_P', 'EMB_P']"
271,хостесс,улыбающаяся,28710:9_1176,"Персонал могу сказать меня тоже порадовал, на входе нас встретила улыбающаяся хостесс уже сразу впечатление положительное и до конца вечера оно таким и осталось!",6.75,6.38,"['EMB_O', 'EMB_O', 'EMB_O', 'EMB_O', 'EMB_O', 'EMB_O', 'EMB_O', 'EMB_O', 'EMB_O', 'EMB_O', 'EMB_O', 'EMB_O', 'EMB_O', 'EMB_O', 'EMB_O', 'EMB_O', 'EMB_O', 'EMB_O', 'EMB_O', 'EMB_O', 'EMB_O', 'EMB_O', 'EMB_O', 'OPN_B', 'OPN_I', 'OPN_I', 'OPN_E', 'ASP_B', 'ASP_I', 'ASP_E', 'EMB_O', 'EMB_O', 'EMB_O', 'EMB_O', 'EMB_O', 'EMB_O', 'EMB_O', 'EMB_O', 'EMB_O', 'EMB_O', 'EMB_O', 'EMB_O', 'EMB_O', 'EMB_O', 'EMB_O', 'EMB_O', 'EMB_O', 'EMB_O', 'EMB_O', 'EMB_O', 'EMB_O', 'EMB_O', 'EMB_O', 'EMB_O', 'EMB_P', 'EMB_P', 'EMB_P', 'EMB_P', 'EMB_P', 'EMB_P', 'EMB_P', 'EMB_P', 'EMB_P', 'EMB_P', 'EMB_P', 'EMB_P', 'EMB_P', 'EMB_P', 'EMB_P', 'EMB_P', 'EMB_P', 'EMB_P', 'EMB_P', 'EMB_P', 'EMB_P', 'EMB_P', 'EMB_P', 'EMB_P', 'EMB_P', 'EMB_P', 'EMB_P', 'EMB_P', 'EMB_P', 'EMB_P', 'EMB_P', 'EMB_P', 'EMB_P', 'EMB_P', 'EMB_P', 'EMB_P', 'EMB_P', 'EMB_P', 'EMB_P', 'EMB_P', 'EMB_P', 'EMB_P', 'EMB_P', 'EMB_P', 'EMB_P', 'EMB_P', 'EMB_P', 'EMB_P', 'EMB_P', 'EMB_P', 'EMB_P', 'EMB_P', 'EMB_P', 'EMB_P', 'EMB_P', 'EMB_P', 'EMB_P', 'EMB_P', 'EMB_P', 'EMB_P', 'EMB_P', 'EMB_P', 'EMB_P', 'EMB_P', 'EMB_P', 'EMB_P', 'EMB_P', 'EMB_P', 'EMB_P', 'EMB_P', 'EMB_P', 'EMB_P', 'EMB_P', 'EMB_P']"
272,Официанты,очень внимательные,28710:10_1177,"Официанты тоже очень внимательные и вежливые, не могу вспомнить момента, когда бы нам что-то не понравилось!",7.7,7.0,"['EMB_O', 'ASP_B', 'ASP_I', 'ASP_I', 'ASP_I', 'ASP_E', 'EMB_O', 'OPN_B', 'OPN_I', 'OPN_I', 'OPN_E', 'EMB_O', 'EMB_O', 'EMB_O', 'EMB_O', 'EMB_O', 'EMB_O', 'EMB_O', 'EMB_O', 'EMB_O', 'EMB_O', 'EMB_O', 'EMB_O', 'EMB_O', 'EMB_O', 'EMB_O', 'EMB_O', 'EMB_O', 'EMB_O', 'EMB_O', 'EMB_O', 'EMB_O', 'EMB_O', 'EMB_O', 'EMB_O', 'EMB_O', 'EMB_O', 'EMB_O', 'EMB_P', 'EMB_P', 'EMB_P', 'EMB_P', 'EMB_P', 'EMB_P', 'EMB_P', 'EMB_P', 'EMB_P', 'EMB_P', 'EMB_P', 'EMB_P', 'EMB_P', 'EMB_P', 'EMB_P', 'EMB_P', 'EMB_P', 'EMB_P', 'EMB_P', 'EMB_P', 'EMB_P', 'EMB_P', 'EMB_P', 'EMB_P', 'EMB_P', 'EMB_P', 'EMB_P', 'EMB_P', 'EMB_P', 'EMB_P', 'EMB_P', 'EMB_P', 'EMB_P', 'EMB_P', 'EMB_P', 'EMB_P', 'EMB_P', 'EMB_P', 'EMB_P', 'EMB_P', 'EMB_P', 'EMB_P', 'EMB_P', 'EMB_P', 'EMB_P', 'EMB_P', 'EMB_P', 'EMB_P', 'EMB_P', 'EMB_P', 'EMB_P', 'EMB_P', 'EMB_P', 'EMB_P', 'EMB_P', 'EMB_P', 'EMB_P', 'EMB_P', 'EMB_P', 'EMB_P', 'EMB_P', 'EMB_P', 'EMB_P', 'EMB_P', 'EMB_P', 'EMB_P', 'EMB_P', 'EMB_P', 'EMB_P', 'EMB_P', 'EMB_P', 'EMB_P', 'EMB_P', 'EMB_P', 'EMB_P', 'EMB_P', 'EMB_P', 'EMB_P', 'EMB_P', 'EMB_P', 'EMB_P', 'EMB_P', 'EMB_P', 'EMB_P', 'EMB_P', 'EMB_P', 'EMB_P', 'EMB_P', 'EMB_P', 'EMB_P']"
273,ресторан,отличный,28710:11_1178,"В общем отличный ресторан, всем рекомендую и с удовольствием вернусь туда сам.",7.7,7.2,"['EMB_O', 'EMB_O', 'EMB_O', 'EMB_O', 'OPN_B', 'OPN_I', 'OPN_E', 'ASP_B', 'ASP_I', 'ASP_E', 'EMB_O', 'EMB_O', 'EMB_O', 'EMB_O', 'EMB_O', 'EMB_O', 'EMB_O', 'EMB_O', 'EMB_O', 'EMB_O', 'EMB_O', 'EMB_O', 'EMB_O', 'EMB_O', 'EMB_O', 'EMB_O', 'EMB_O', 'EMB_O', 'EMB_O', 'EMB_O', 'EMB_O', 'EMB_P', 'EMB_P', 'EMB_P', 'EMB_P', 'EMB_P', 'EMB_P', 'EMB_P', 'EMB_P', 'EMB_P', 'EMB_P', 'EMB_P', 'EMB_P', 'EMB_P', 'EMB_P', 'EMB_P', 'EMB_P', 'EMB_P', 'EMB_P', 'EMB_P', 'EMB_P', 'EMB_P', 'EMB_P', 'EMB_P', 'EMB_P', 'EMB_P', 'EMB_P', 'EMB_P', 'EMB_P', 'EMB_P', 'EMB_P', 'EMB_P', 'EMB_P', 'EMB_P', 'EMB_P', 'EMB_P', 'EMB_P', 'EMB_P', 'EMB_P', 'EMB_P', 'EMB_P', 'EMB_P', 'EMB_P', 'EMB_P', 'EMB_P', 'EMB_P', 'EMB_P', 'EMB_P', 'EMB_P', 'EMB_P', 'EMB_P', 'EMB_P', 'EMB_P', 'EMB_P', 'EMB_P', 'EMB_P', 'EMB_P', 'EMB_P', 'EMB_P', 'EMB_P', 'EMB_P', 'EMB_P', 'EMB_P', 'EMB_P', 'EMB_P', 'EMB_P', 'EMB_P', 'EMB_P', 'EMB_P', 'EMB_P', 'EMB_P', 'EMB_P', 'EMB_P', 'EMB_P', 'EMB_P', 'EMB_P', 'EMB_P', 'EMB_P', 'EMB_P', 'EMB_P', 'EMB_P', 'EMB_P', 'EMB_P', 'EMB_P', 'EMB_P', 'EMB_P', 'EMB_P', 'EMB_P', 'EMB_P', 'EMB_P', 'EMB_P', 'EMB_P', 'EMB_P', 'EMB_P', 'EMB_P', 'EMB_P', 'EMB_P', 'EMB_P']"
274,"""Мидзуки""",очень уютное,28745:1_1179,"Я выбрал ""Мидзуки"" основываясь на отзывах с этого сайта, и не ошибся - очень уютное место, вкусная еда (заказывали роллы и рис с курицей), музыка ненавязчивая и тихая.",8.17,7.83,"['EMB_O', 'EMB_O', 'EMB_O', 'EMB_O', 'ASP_B', 'ASP_I', 'ASP_I', 'ASP_I', 'ASP_I', 'ASP_E', 'EMB_O', 'EMB_O', 'EMB_O', 'EMB_O', 'EMB_O', 'EMB_O', 'EMB_O', 'EMB_O', 'EMB_O', 'EMB_O', 'EMB_O', 'EMB_O', 'EMB_O', 'EMB_O', 'EMB_O', 'EMB_O', 'EMB_O', 'EMB_O', 'EMB_O', 'OPN_B', 'OPN_I', 'OPN_I', 'OPN_E', 'EMB_O', 'EMB_O', 'EMB_O', 'EMB_O', 'EMB_O', 'EMB_O', 'EMB_O', 'EMB_O', 'EMB_O', 'EMB_O', 'EMB_O', 'EMB_O', 'EMB_O', 'EMB_O', 'EMB_O', 'EMB_O', 'EMB_O', 'EMB_O', 'EMB_O', 'EMB_O', 'EMB_O', 'EMB_O', 'EMB_O', 'EMB_O', 'EMB_O', 'EMB_O', 'EMB_O', 'EMB_O', 'EMB_O', 'EMB_O', 'EMB_O', 'EMB_O', 'EMB_O', 'EMB_O', 'EMB_O', 'EMB_P', 'EMB_P', 'EMB_P', 'EMB_P', 'EMB_P', 'EMB_P', 'EMB_P', 'EMB_P', 'EMB_P', 'EMB_P', 'EMB_P', 'EMB_P', 'EMB_P', 'EMB_P', 'EMB_P', 'EMB_P', 'EMB_P', 'EMB_P', 'EMB_P', 'EMB_P', 'EMB_P', 'EMB_P', 'EMB_P', 'EMB_P', 'EMB_P', 'EMB_P', 'EMB_P', 'EMB_P', 'EMB_P', 'EMB_P', 'EMB_P', 'EMB_P', 'EMB_P', 'EMB_P', 'EMB_P', 'EMB_P', 'EMB_P', 'EMB_P', 'EMB_P', 'EMB_P', 'EMB_P', 'EMB_P', 'EMB_P', 'EMB_P', 'EMB_P', 'EMB_P', 'EMB_P', 'EMB_P', 'EMB_P', 'EMB_P', 'EMB_P', 'EMB_P', 'EMB_P', 'EMB_P', 'EMB_P', 'EMB_P', 'EMB_P', 'EMB_P', 'EMB_P', 'EMB_P']"
275,место,очень уютное,28745:1_1179,"Я выбрал ""Мидзуки"" основываясь на отзывах с этого сайта, и не ошибся - очень уютное место, вкусная еда (заказывали роллы и рис с курицей), музыка ненавязчивая и тихая.",7.8,7.0,"['EMB_O', 'EMB_O', 'EMB_O', 'EMB_O', 'EMB_O', 'EMB_O', 'EMB_O', 'EMB_O', 'EMB_O', 'EMB_O', 'EMB_O', 'EMB_O', 'EMB_O', 'EMB_O', 'EMB_O', 'EMB_O', 'EMB_O', 'EMB_O', 'EMB_O', 'EMB_O', 'EMB_O', 'EMB_O', 'EMB_O', 'EMB_O', 'EMB_O', 'EMB_O', 'EMB_O', 'EMB_O', 'EMB_O', 'OPN_B', 'OPN_I', 'OPN_I', 'OPN_E', 'ASP_S', 'EMB_O', 'EMB_O', 'EMB_O', 'EMB_O', 'EMB_O', 'EMB_O', 'EMB_O', 'EMB_O', 'EMB_O', 'EMB_O', 'EMB_O', 'EMB_O', 'EMB_O', 'EMB_O', 'EMB_O', 'EMB_O', 'EMB_O', 'EMB_O', 'EMB_O', 'EMB_O', 'EMB_O', 'EMB_O', 'EMB_O', 'EMB_O', 'EMB_O', 'EMB_O', 'EMB_O', 'EMB_O', 'EMB_O', 'EMB_O', 'EMB_O', 'EMB_O', 'EMB_O', 'EMB_O', 'EMB_P', 'EMB_P', 'EMB_P', 'EMB_P', 'EMB_P', 'EMB_P', 'EMB_P', 'EMB_P', 'EMB_P', 'EMB_P', 'EMB_P', 'EMB_P', 'EMB_P', 'EMB_P', 'EMB_P', 'EMB_P', 'EMB_P', 'EMB_P', 'EMB_P', 'EMB_P', 'EMB_P', 'EMB_P', 'EMB_P', 'EMB_P', 'EMB_P', 'EMB_P', 'EMB_P', 'EMB_P', 'EMB_P', 'EMB_P', 'EMB_P', 'EMB_P', 'EMB_P', 'EMB_P', 'EMB_P', 'EMB_P', 'EMB_P', 'EMB_P', 'EMB_P', 'EMB_P', 'EMB_P', 'EMB_P', 'EMB_P', 'EMB_P', 'EMB_P', 'EMB_P', 'EMB_P', 'EMB_P', 'EMB_P', 'EMB_P', 'EMB_P', 'EMB_P', 'EMB_P', 'EMB_P', 'EMB_P', 'EMB_P', 'EMB_P', 'EMB_P', 'EMB_P', 'EMB_P']"
276,еда,вкусная,28745:1_1179,"Я выбрал ""Мидзуки"" основываясь на отзывах с этого сайта, и не ошибся - очень уютное место, вкусная еда (заказывали роллы и рис с курицей), музыка ненавязчивая и тихая.",7.0,6.4,"['EMB_O', 'EMB_O', 'EMB_O', 'EMB_O', 'EMB_O', 'EMB_O', 'EMB_O', 'EMB_O', 'EMB_O', 'EMB_O', 'EMB_O', 'EMB_O', 'EMB_O', 'EMB_O', 'EMB_O', 'EMB_O', 'EMB_O', 'EMB_O', 'EMB_O', 'EMB_O', 'EMB_O', 'EMB_O', 'EMB_O', 'EMB_O', 'EMB_O', 'EMB_O', 'EMB_O', 'EMB_O', 'EMB_O', 'EMB_O', 'EMB_O', 'EMB_O', 'EMB_O', 'EMB_O', 'EMB_O', 'OPN_B', 'OPN_I', 'OPN_I', 'OPN_E', 'ASP_B', 'ASP_E', 'EMB_O', 'EMB_O', 'EMB_O', 'EMB_O', 'EMB_O', 'EMB_O', 'EMB_O', 'EMB_O', 'EMB_O', 'EMB_O', 'EMB_O', 'EMB_O', 'EMB_O', 'EMB_O', 'EMB_O', 'EMB_O', 'EMB_O', 'EMB_O', 'EMB_O', 'EMB_O', 'EMB_O', 'EMB_O', 'EMB_O', 'EMB_O', 'EMB_O', 'EMB_O', 'EMB_O', 'EMB_P', 'EMB_P', 'EMB_P', 'EMB_P', 'EMB_P', 'EMB_P', 'EMB_P', 'EMB_P', 'EMB_P', 'EMB_P', 'EMB_P', 'EMB_P', 'EMB_P', 'EMB_P', 'EMB_P', 'EMB_P', 'EMB_P', 'EMB_P', 'EMB_P', 'EMB_P', 'EMB_P', 'EMB_P', 'EMB_P', 'EMB_P', 'EMB_P', 'EMB_P', 'EMB_P', 'EMB_P', 'EMB_P', 'EMB_P', 'EMB_P', 'EMB_P', 'EMB_P', 'EMB_P', 'EMB_P', 'EMB_P', 'EMB_P', 'EMB_P', 'EMB_P', 'EMB_P', 'EMB_P', 'EMB_P', 'EMB_P', 'EMB_P', 'EMB_P', 'EMB_P', 'EMB_P', 'EMB_P', 'EMB_P', 'EMB_P', 'EMB_P', 'EMB_P', 'EMB_P', 'EMB_P', 'EMB_P', 'EMB_P', 'EMB_P', 'EMB_P', 'EMB_P', 'EMB_P']"
277,роллы,вкусная,28745:1_1179,"Я выбрал ""Мидзуки"" основываясь на отзывах с этого сайта, и не ошибся - очень уютное место, вкусная еда (заказывали роллы и рис с курицей), музыка ненавязчивая и тихая.",7.0,6.4,"['EMB_O', 'EMB_O', 'EMB_O', 'EMB_O', 'EMB_O', 'EMB_O', 'EMB_O', 'EMB_O', 'EMB_O', 'EMB_O', 'EMB_O', 'EMB_O', 'EMB_O', 'EMB_O', 'EMB_O', 'EMB_O', 'EMB_O', 'EMB_O', 'EMB_O', 'EMB_O', 'EMB_O', 'EMB_O', 'EMB_O', 'EMB_O', 'EMB_O', 'EMB_O', 'EMB_O', 'EMB_O', 'EMB_O', 'EMB_O', 'EMB_O', 'EMB_O', 'EMB_O', 'EMB_O', 'EMB_O', 'OPN_B', 'OPN_I', 'OPN_I', 'OPN_E', 'EMB_O', 'EMB_O', 'EMB_O', 'EMB_O', 'EMB_O', 'EMB_O', 'ASP_B', 'ASP_I', 'ASP_E', 'EMB_O', 'EMB_O', 'EMB_O', 'EMB_O', 'EMB_O', 'EMB_O', 'EMB_O', 'EMB_O', 'EMB_O', 'EMB_O', 'EMB_O', 'EMB_O', 'EMB_O', 'EMB_O', 'EMB_O', 'EMB_O', 'EMB_O', 'EMB_O', 'EMB_O', 'EMB_O', 'EMB_P', 'EMB_P', 'EMB_P', 'EMB_P', 'EMB_P', 'EMB_P', 'EMB_P', 'EMB_P', 'EMB_P', 'EMB_P', 'EMB_P', 'EMB_P', 'EMB_P', 'EMB_P', 'EMB_P', 'EMB_P', 'EMB_P', 'EMB_P', 'EMB_P', 'EMB_P', 'EMB_P', 'EMB_P', 'EMB_P', 'EMB_P', 'EMB_P', 'EMB_P', 'EMB_P', 'EMB_P', 'EMB_P', 'EMB_P', 'EMB_P', 'EMB_P', 'EMB_P', 'EMB_P', 'EMB_P', 'EMB_P', 'EMB_P', 'EMB_P', 'EMB_P', 'EMB_P', 'EMB_P', 'EMB_P', 'EMB_P', 'EMB_P', 'EMB_P', 'EMB_P', 'EMB_P', 'EMB_P', 'EMB_P', 'EMB_P', 'EMB_P', 'EMB_P', 'EMB_P', 'EMB_P', 'EMB_P', 'EMB_P', 'EMB_P', 'EMB_P', 'EMB_P', 'EMB_P']"
278,рис с курицей,вкусная,28745:1_1179,"Я выбрал ""Мидзуки"" основываясь на отзывах с этого сайта, и не ошибся - очень уютное место, вкусная еда (заказывали роллы и рис с курицей), музыка ненавязчивая и тихая.",7.0,6.4,"['EMB_O', 'EMB_O', 'EMB_O', 'EMB_O', 'EMB_O', 'EMB_O', 'EMB_O', 'EMB_O', 'EMB_O', 'EMB_O', 'EMB_O', 'EMB_O', 'EMB_O', 'EMB_O', 'EMB_O', 'EMB_O', 'EMB_O', 'EMB_O', 'EMB_O', 'EMB_O', 'EMB_O', 'EMB_O', 'EMB_O', 'EMB_O', 'EMB_O', 'EMB_O', 'EMB_O', 'EMB_O', 'EMB_O', 'EMB_O', 'EMB_O', 'EMB_O', 'EMB_O', 'EMB_O', 'EMB_O', 'OPN_B', 'OPN_I', 'OPN_I', 'OPN_E', 'EMB_O', 'EMB_O', 'EMB_O', 'EMB_O', 'EMB_O', 'EMB_O', 'ASP_S', 'EMB_O', 'EMB_O', 'EMB_O', 'EMB_O', 'ASP_B', 'ASP_I', 'ASP_I', 'ASP_I', 'ASP_E', 'EMB_O', 'EMB_O', 'EMB_O', 'EMB_O', 'EMB_O', 'EMB_O', 'EMB_O', 'EMB_O', 'EMB_O', 'EMB_O', 'EMB_O', 'EMB_O', 'EMB_O', 'EMB_P', 'EMB_P', 'EMB_P', 'EMB_P', 'EMB_P', 'EMB_P', 'EMB_P', 'EMB_P', 'EMB_P', 'EMB_P', 'EMB_P', 'EMB_P', 'EMB_P', 'EMB_P', 'EMB_P', 'EMB_P', 'EMB_P', 'EMB_P', 'EMB_P', 'EMB_P', 'EMB_P', 'EMB_P', 'EMB_P', 'EMB_P', 'EMB_P', 'EMB_P', 'EMB_P', 'EMB_P', 'EMB_P', 'EMB_P', 'EMB_P', 'EMB_P', 'EMB_P', 'EMB_P', 'EMB_P', 'EMB_P', 'EMB_P', 'EMB_P', 'EMB_P', 'EMB_P', 'EMB_P', 'EMB_P', 'EMB_P', 'EMB_P', 'EMB_P', 'EMB_P', 'EMB_P', 'EMB_P', 'EMB_P', 'EMB_P', 'EMB_P', 'EMB_P', 'EMB_P', 'EMB_P', 'EMB_P', 'EMB_P', 'EMB_P', 'EMB_P', 'EMB_P', 'EMB_P']"
279,музыка,ненавязчивая,28745:1_1179,"Я выбрал ""Мидзуки"" основываясь на отзывах с этого сайта, и не ошибся - очень уютное место, вкусная еда (заказывали роллы и рис с курицей), музыка ненавязчивая и тихая.",6.6,5.8,"['EMB_O', 'EMB_O', 'EMB_O', 'EMB_O', 'EMB_O', 'EMB_O', 'EMB_O', 'EMB_O', 'EMB_O', 'EMB_O', 'EMB_O', 'EMB_O', 'EMB_O', 'EMB_O', 'EMB_O', 'EMB_O', 'EMB_O', 'EMB_O', 'EMB_O', 'EMB_O', 'EMB_O', 'EMB_O', 'EMB_O', 'OPN_S', 'EMB_O', 'EMB_O', 'EMB_O', 'EMB_O', 'EMB_O', 'EMB_O', 'EMB_O', 'EMB_O', 'EMB_O', 'EMB_O', 'EMB_O', 'EMB_O', 'EMB_O', 'EMB_O', 'EMB_O', 'EMB_O', 'EMB_O', 'EMB_O', 'EMB_O', 'EMB_O', 'EMB_O', 'EMB_O', 'EMB_O', 'EMB_O', 'EMB_O', 'EMB_O', 'EMB_O', 'EMB_O', 'EMB_O', 'EMB_O', 'EMB_O', 'EMB_O', 'EMB_O', 'ASP_S', 'EMB_O', 'OPN_B', 'OPN_I', 'OPN_I', 'OPN_E', 'EMB_O', 'EMB_O', 'EMB_O', 'EMB_O', 'EMB_O', 'EMB_P', 'EMB_P', 'EMB_P', 'EMB_P', 'EMB_P', 'EMB_P', 'EMB_P', 'EMB_P', 'EMB_P', 'EMB_P', 'EMB_P', 'EMB_P', 'EMB_P', 'EMB_P', 'EMB_P', 'EMB_P', 'EMB_P', 'EMB_P', 'EMB_P', 'EMB_P', 'EMB_P', 'EMB_P', 'EMB_P', 'EMB_P', 'EMB_P', 'EMB_P', 'EMB_P', 'EMB_P', 'EMB_P', 'EMB_P', 'EMB_P', 'EMB_P', 'EMB_P', 'EMB_P', 'EMB_P', 'EMB_P', 'EMB_P', 'EMB_P', 'EMB_P', 'EMB_P', 'EMB_P', 'EMB_P', 'EMB_P', 'EMB_P', 'EMB_P', 'EMB_P', 'EMB_P', 'EMB_P', 'EMB_P', 'EMB_P', 'EMB_P', 'EMB_P', 'EMB_P', 'EMB_P', 'EMB_P', 'EMB_P', 'EMB_P', 'EMB_P', 'EMB_P', 'EMB_P']"
280,Сервис,хороший,28745:2_1180,"Сервис - хороший, - официантки, заметив что на них смотришь, - не делают вид, что не заметили, а подходят:)",6.7,5.8,"['EMB_O', 'ASP_B', 'ASP_I', 'ASP_E', 'EMB_O', 'OPN_B', 'OPN_I', 'OPN_E', 'EMB_O', 'EMB_O', 'EMB_O', 'EMB_O', 'EMB_O', 'EMB_O', 'EMB_O', 'EMB_O', 'EMB_O', 'EMB_O', 'EMB_O', 'EMB_O', 'EMB_O', 'EMB_O', 'EMB_O', 'EMB_O', 'EMB_O', 'EMB_O', 'EMB_O', 'EMB_O', 'EMB_O', 'EMB_O', 'EMB_O', 'EMB_O', 'EMB_O', 'EMB_O', 'EMB_O', 'EMB_O', 'EMB_O', 'EMB_O', 'EMB_O', 'EMB_O', 'EMB_O', 'EMB_O', 'EMB_O', 'EMB_O', 'EMB_O', 'EMB_P', 'EMB_P', 'EMB_P', 'EMB_P', 'EMB_P', 'EMB_P', 'EMB_P', 'EMB_P', 'EMB_P', 'EMB_P', 'EMB_P', 'EMB_P', 'EMB_P', 'EMB_P', 'EMB_P', 'EMB_P', 'EMB_P', 'EMB_P', 'EMB_P', 'EMB_P', 'EMB_P', 'EMB_P', 'EMB_P', 'EMB_P', 'EMB_P', 'EMB_P', 'EMB_P', 'EMB_P', 'EMB_P', 'EMB_P', 'EMB_P', 'EMB_P', 'EMB_P', 'EMB_P', 'EMB_P', 'EMB_P', 'EMB_P', 'EMB_P', 'EMB_P', 'EMB_P', 'EMB_P', 'EMB_P', 'EMB_P', 'EMB_P', 'EMB_P', 'EMB_P', 'EMB_P', 'EMB_P', 'EMB_P', 'EMB_P', 'EMB_P', 'EMB_P', 'EMB_P', 'EMB_P', 'EMB_P', 'EMB_P', 'EMB_P', 'EMB_P', 'EMB_P', 'EMB_P', 'EMB_P', 'EMB_P', 'EMB_P', 'EMB_P', 'EMB_P', 'EMB_P', 'EMB_P', 'EMB_P', 'EMB_P', 'EMB_P', 'EMB_P', 'EMB_P', 'EMB_P', 'EMB_P', 'EMB_P', 'EMB_P', 'EMB_P', 'EMB_P', 'EMB_P', 'EMB_P', 'EMB_P', 'EMB_P', 'EMB_P']"
281,официантки,подходят,28745:2_1180,"Сервис - хороший, - официантки, заметив что на них смотришь, - не делают вид, что не заметили, а подходят:)",6.17,5.67,"['EMB_O', 'EMB_O', 'EMB_O', 'EMB_O', 'EMB_O', 'EMB_O', 'EMB_O', 'EMB_O', 'EMB_O', 'EMB_O', 'ASP_B', 'ASP_I', 'ASP_I', 'ASP_I', 'ASP_E', 'EMB_O', 'EMB_O', 'EMB_O', 'EMB_O', 'EMB_O', 'EMB_O', 'EMB_O', 'EMB_O', 'EMB_O', 'EMB_O', 'EMB_O', 'EMB_O', 'EMB_O', 'EMB_O', 'EMB_O', 'EMB_O', 'EMB_O', 'EMB_O', 'EMB_O', 'EMB_O', 'EMB_O', 'EMB_O', 'EMB_O', 'EMB_O', 'EMB_O', 'OPN_B', 'OPN_E', 'EMB_O', 'EMB_O', 'EMB_O', 'EMB_P', 'EMB_P', 'EMB_P', 'EMB_P', 'EMB_P', 'EMB_P', 'EMB_P', 'EMB_P', 'EMB_P', 'EMB_P', 'EMB_P', 'EMB_P', 'EMB_P', 'EMB_P', 'EMB_P', 'EMB_P', 'EMB_P', 'EMB_P', 'EMB_P', 'EMB_P', 'EMB_P', 'EMB_P', 'EMB_P', 'EMB_P', 'EMB_P', 'EMB_P', 'EMB_P', 'EMB_P', 'EMB_P', 'EMB_P', 'EMB_P', 'EMB_P', 'EMB_P', 'EMB_P', 'EMB_P', 'EMB_P', 'EMB_P', 'EMB_P', 'EMB_P', 'EMB_P', 'EMB_P', 'EMB_P', 'EMB_P', 'EMB_P', 'EMB_P', 'EMB_P', 'EMB_P', 'EMB_P', 'EMB_P', 'EMB_P', 'EMB_P', 'EMB_P', 'EMB_P', 'EMB_P', 'EMB_P', 'EMB_P', 'EMB_P', 'EMB_P', 'EMB_P', 'EMB_P', 'EMB_P', 'EMB_P', 'EMB_P', 'EMB_P', 'EMB_P', 'EMB_P', 'EMB_P', 'EMB_P', 'EMB_P', 'EMB_P', 'EMB_P', 'EMB_P', 'EMB_P', 'EMB_P', 'EMB_P', 'EMB_P', 'EMB_P', 'EMB_P', 'EMB_P', 'EMB_P', 'EMB_P', 'EMB_P', 'EMB_P']"
282,вечер,замечательно,28745:4_1181,"В общем, вечер провели замечательно, теперь буду водить туда друзей.",7.75,7.38,"['EMB_O', 'EMB_O', 'EMB_O', 'EMB_O', 'EMB_O', 'ASP_B', 'ASP_E', 'EMB_O', 'OPN_B', 'OPN_I', 'OPN_I', 'OPN_E', 'EMB_O', 'EMB_O', 'EMB_O', 'EMB_O', 'EMB_O', 'EMB_O', 'EMB_O', 'EMB_O', 'EMB_O', 'EMB_O', 'EMB_O', 'EMB_O', 'EMB_O', 'EMB_P', 'EMB_P', 'EMB_P', 'EMB_P', 'EMB_P', 'EMB_P', 'EMB_P', 'EMB_P', 'EMB_P', 'EMB_P', 'EMB_P', 'EMB_P', 'EMB_P', 'EMB_P', 'EMB_P', 'EMB_P', 'EMB_P', 'EMB_P', 'EMB_P', 'EMB_P', 'EMB_P', 'EMB_P', 'EMB_P', 'EMB_P', 'EMB_P', 'EMB_P', 'EMB_P', 'EMB_P', 'EMB_P', 'EMB_P', 'EMB_P', 'EMB_P', 'EMB_P', 'EMB_P', 'EMB_P', 'EMB_P', 'EMB_P', 'EMB_P', 'EMB_P', 'EMB_P', 'EMB_P', 'EMB_P', 'EMB_P', 'EMB_P', 'EMB_P', 'EMB_P', 'EMB_P', 'EMB_P', 'EMB_P', 'EMB_P', 'EMB_P', 'EMB_P', 'EMB_P', 'EMB_P', 'EMB_P', 'EMB_P', 'EMB_P', 'EMB_P', 'EMB_P', 'EMB_P', 'EMB_P', 'EMB_P', 'EMB_P', 'EMB_P', 'EMB_P', 'EMB_P', 'EMB_P', 'EMB_P', 'EMB_P', 'EMB_P', 'EMB_P', 'EMB_P', 'EMB_P', 'EMB_P', 'EMB_P', 'EMB_P', 'EMB_P', 'EMB_P', 'EMB_P', 'EMB_P', 'EMB_P', 'EMB_P', 'EMB_P', 'EMB_P', 'EMB_P', 'EMB_P', 'EMB_P', 'EMB_P', 'EMB_P', 'EMB_P', 'EMB_P', 'EMB_P', 'EMB_P', 'EMB_P', 'EMB_P', 'EMB_P', 'EMB_P', 'EMB_P', 'EMB_P', 'EMB_P', 'EMB_P', 'EMB_P', 'EMB_P']"
283,ресторан,очень нравится,29298:0_1182,"В целом, мне и моим друзьям очень нравится этот ресторан, обслуживание там неплохое, официанты и администраторы всегда стараются помочь.",7.7,7.1,"['EMB_O', 'EMB_O', 'EMB_O', 'EMB_O', 'EMB_O', 'EMB_O', 'EMB_O', 'EMB_O', 'EMB_O', 'EMB_O', 'EMB_O', 'EMB_O', 'EMB_O', 'OPN_B', 'OPN_I', 'OPN_I', 'OPN_E', 'EMB_O', 'ASP_B', 'ASP_I', 'ASP_E', 'EMB_O', 'EMB_O', 'EMB_O', 'EMB_O', 'EMB_O', 'EMB_O', 'EMB_O', 'EMB_O', 'EMB_O', 'EMB_O', 'EMB_O', 'EMB_O', 'EMB_O', 'EMB_O', 'EMB_O', 'EMB_O', 'EMB_O', 'EMB_O', 'EMB_O', 'EMB_O', 'EMB_O', 'EMB_O', 'EMB_O', 'EMB_O', 'EMB_O', 'EMB_O', 'EMB_O', 'EMB_O', 'EMB_O', 'EMB_O', 'EMB_O', 'EMB_O', 'EMB_P', 'EMB_P', 'EMB_P', 'EMB_P', 'EMB_P', 'EMB_P', 'EMB_P', 'EMB_P', 'EMB_P', 'EMB_P', 'EMB_P', 'EMB_P', 'EMB_P', 'EMB_P', 'EMB_P', 'EMB_P', 'EMB_P', 'EMB_P', 'EMB_P', 'EMB_P', 'EMB_P', 'EMB_P', 'EMB_P', 'EMB_P', 'EMB_P', 'EMB_P', 'EMB_P', 'EMB_P', 'EMB_P', 'EMB_P', 'EMB_P', 'EMB_P', 'EMB_P', 'EMB_P', 'EMB_P', 'EMB_P', 'EMB_P', 'EMB_P', 'EMB_P', 'EMB_P', 'EMB_P', 'EMB_P', 'EMB_P', 'EMB_P', 'EMB_P', 'EMB_P', 'EMB_P', 'EMB_P', 'EMB_P', 'EMB_P', 'EMB_P', 'EMB_P', 'EMB_P', 'EMB_P', 'EMB_P', 'EMB_P', 'EMB_P', 'EMB_P', 'EMB_P', 'EMB_P', 'EMB_P', 'EMB_P', 'EMB_P', 'EMB_P', 'EMB_P', 'EMB_P', 'EMB_P', 'EMB_P', 'EMB_P', 'EMB_P', 'EMB_P', 'EMB_P', 'EMB_P', 'EMB_P', 'EMB_P']"
284,обслуживание,неплохое,29298:0_1182,"В целом, мне и моим друзьям очень нравится этот ресторан, обслуживание там неплохое, официанты и администраторы всегда стараются помочь.",6.3,5.5,"['EMB_O', 'EMB_O', 'EMB_O', 'EMB_O', 'EMB_O', 'EMB_O', 'EMB_O', 'EMB_O', 'EMB_O', 'EMB_O', 'EMB_O', 'EMB_O', 'EMB_O', 'EMB_O', 'EMB_O', 'EMB_O', 'EMB_O', 'EMB_O', 'EMB_O', 'EMB_O', 'EMB_O', 'EMB_O', 'ASP_B', 'ASP_I', 'ASP_I', 'ASP_E', 'EMB_O', 'OPN_B', 'OPN_I', 'OPN_I', 'OPN_I', 'OPN_E', 'EMB_O', 'EMB_O', 'EMB_O', 'EMB_O', 'EMB_O', 'EMB_O', 'EMB_O', 'EMB_O', 'EMB_O', 'EMB_O', 'EMB_O', 'EMB_O', 'EMB_O', 'EMB_O', 'EMB_O', 'EMB_O', 'EMB_O', 'EMB_O', 'EMB_O', 'EMB_O', 'EMB_O', 'EMB_P', 'EMB_P', 'EMB_P', 'EMB_P', 'EMB_P', 'EMB_P', 'EMB_P', 'EMB_P', 'EMB_P', 'EMB_P', 'EMB_P', 'EMB_P', 'EMB_P', 'EMB_P', 'EMB_P', 'EMB_P', 'EMB_P', 'EMB_P', 'EMB_P', 'EMB_P', 'EMB_P', 'EMB_P', 'EMB_P', 'EMB_P', 'EMB_P', 'EMB_P', 'EMB_P', 'EMB_P', 'EMB_P', 'EMB_P', 'EMB_P', 'EMB_P', 'EMB_P', 'EMB_P', 'EMB_P', 'EMB_P', 'EMB_P', 'EMB_P', 'EMB_P', 'EMB_P', 'EMB_P', 'EMB_P', 'EMB_P', 'EMB_P', 'EMB_P', 'EMB_P', 'EMB_P', 'EMB_P', 'EMB_P', 'EMB_P', 'EMB_P', 'EMB_P', 'EMB_P', 'EMB_P', 'EMB_P', 'EMB_P', 'EMB_P', 'EMB_P', 'EMB_P', 'EMB_P', 'EMB_P', 'EMB_P', 'EMB_P', 'EMB_P', 'EMB_P', 'EMB_P', 'EMB_P', 'EMB_P', 'EMB_P', 'EMB_P', 'EMB_P', 'EMB_P', 'EMB_P', 'EMB_P', 'EMB_P']"
285,официанты,всегда стараются помочь,29298:0_1182,"В целом, мне и моим друзьям очень нравится этот ресторан, обслуживание там неплохое, официанты и администраторы всегда стараются помочь.",7.0,6.5,"['EMB_O', 'EMB_O', 'EMB_O', 'EMB_O', 'EMB_O', 'EMB_O', 'EMB_O', 'EMB_O', 'EMB_O', 'EMB_O', 'EMB_O', 'EMB_O', 'EMB_O', 'EMB_O', 'EMB_O', 'EMB_O', 'EMB_O', 'EMB_O', 'EMB_O', 'EMB_O', 'EMB_O', 'EMB_O', 'EMB_O', 'EMB_O', 'EMB_O', 'EMB_O', 'EMB_O', 'EMB_O', 'EMB_O', 'EMB_O', 'EMB_O', 'EMB_O', 'EMB_O', 'ASP_B', 'ASP_I', 'ASP_I', 'ASP_I', 'ASP_E', 'EMB_O', 'EMB_O', 'EMB_O', 'EMB_O', 'EMB_O', 'EMB_O', 'OPN_B', 'OPN_I', 'OPN_I', 'OPN_I', 'OPN_I', 'OPN_I', 'OPN_E', 'EMB_O', 'EMB_O', 'EMB_P', 'EMB_P', 'EMB_P', 'EMB_P', 'EMB_P', 'EMB_P', 'EMB_P', 'EMB_P', 'EMB_P', 'EMB_P', 'EMB_P', 'EMB_P', 'EMB_P', 'EMB_P', 'EMB_P', 'EMB_P', 'EMB_P', 'EMB_P', 'EMB_P', 'EMB_P', 'EMB_P', 'EMB_P', 'EMB_P', 'EMB_P', 'EMB_P', 'EMB_P', 'EMB_P', 'EMB_P', 'EMB_P', 'EMB_P', 'EMB_P', 'EMB_P', 'EMB_P', 'EMB_P', 'EMB_P', 'EMB_P', 'EMB_P', 'EMB_P', 'EMB_P', 'EMB_P', 'EMB_P', 'EMB_P', 'EMB_P', 'EMB_P', 'EMB_P', 'EMB_P', 'EMB_P', 'EMB_P', 'EMB_P', 'EMB_P', 'EMB_P', 'EMB_P', 'EMB_P', 'EMB_P', 'EMB_P', 'EMB_P', 'EMB_P', 'EMB_P', 'EMB_P', 'EMB_P', 'EMB_P', 'EMB_P', 'EMB_P', 'EMB_P', 'EMB_P', 'EMB_P', 'EMB_P', 'EMB_P', 'EMB_P', 'EMB_P', 'EMB_P', 'EMB_P', 'EMB_P', 'EMB_P', 'EMB_P']"
286,администраторы,всегда стараются помочь,29298:0_1182,"В целом, мне и моим друзьям очень нравится этот ресторан, обслуживание там неплохое, официанты и администраторы всегда стараются помочь.",7.0,6.5,"['EMB_O', 'EMB_O', 'EMB_O', 'EMB_O', 'EMB_O', 'EMB_O', 'EMB_O', 'EMB_O', 'EMB_O', 'EMB_O', 'EMB_O', 'EMB_O', 'EMB_O', 'EMB_O', 'EMB_O', 'EMB_O', 'EMB_O', 'EMB_O', 'EMB_O', 'EMB_O', 'EMB_O', 'EMB_O', 'EMB_O', 'EMB_O', 'EMB_O', 'EMB_O', 'EMB_O', 'EMB_O', 'EMB_O', 'EMB_O', 'EMB_O', 'EMB_O', 'EMB_O', 'EMB_O', 'EMB_O', 'EMB_O', 'EMB_O', 'EMB_O', 'EMB_O', 'ASP_B', 'ASP_I', 'ASP_I', 'ASP_I', 'ASP_E', 'OPN_B', 'OPN_I', 'OPN_I', 'OPN_I', 'OPN_I', 'OPN_I', 'OPN_E', 'EMB_O', 'EMB_O', 'EMB_P', 'EMB_P', 'EMB_P', 'EMB_P', 'EMB_P', 'EMB_P', 'EMB_P', 'EMB_P', 'EMB_P', 'EMB_P', 'EMB_P', 'EMB_P', 'EMB_P', 'EMB_P', 'EMB_P', 'EMB_P', 'EMB_P', 'EMB_P', 'EMB_P', 'EMB_P', 'EMB_P', 'EMB_P', 'EMB_P', 'EMB_P', 'EMB_P', 'EMB_P', 'EMB_P', 'EMB_P', 'EMB_P', 'EMB_P', 'EMB_P', 'EMB_P', 'EMB_P', 'EMB_P', 'EMB_P', 'EMB_P', 'EMB_P', 'EMB_P', 'EMB_P', 'EMB_P', 'EMB_P', 'EMB_P', 'EMB_P', 'EMB_P', 'EMB_P', 'EMB_P', 'EMB_P', 'EMB_P', 'EMB_P', 'EMB_P', 'EMB_P', 'EMB_P', 'EMB_P', 'EMB_P', 'EMB_P', 'EMB_P', 'EMB_P', 'EMB_P', 'EMB_P', 'EMB_P', 'EMB_P', 'EMB_P', 'EMB_P', 'EMB_P', 'EMB_P', 'EMB_P', 'EMB_P', 'EMB_P', 'EMB_P', 'EMB_P', 'EMB_P', 'EMB_P', 'EMB_P', 'EMB_P', 'EMB_P']"
287,Публика,достойная,29298:3_1183,"Публика достойная, цены умеренные, собственная пивоварня производит отменное пшеничное и ячменное пиво, закуски тоже очень неплохие, вкусная сырная и мясная тарелка, отличные молочные и алкогольные коктейли.",6.6,5.6,"['EMB_O', 'ASP_B', 'ASP_I', 'ASP_E', 'OPN_B', 'OPN_I', 'OPN_E', 'EMB_O', 'EMB_O', 'EMB_O', 'EMB_O', 'EMB_O', 'EMB_O', 'EMB_O', 'EMB_O', 'EMB_O', 'EMB_O', 'EMB_O', 'EMB_O', 'EMB_O', 'EMB_O', 'EMB_O', 'EMB_O', 'EMB_O', 'EMB_O', 'EMB_O', 'EMB_O', 'EMB_O', 'EMB_O', 'EMB_O', 'EMB_O', 'EMB_O', 'EMB_O', 'EMB_O', 'EMB_O', 'EMB_O', 'EMB_O', 'EMB_O', 'EMB_O', 'EMB_O', 'EMB_O', 'EMB_O', 'EMB_O', 'EMB_O', 'EMB_O', 'EMB_O', 'EMB_O', 'EMB_O', 'EMB_O', 'EMB_O', 'EMB_O', 'EMB_O', 'EMB_O', 'EMB_O', 'EMB_O', 'EMB_O', 'EMB_O', 'EMB_O', 'EMB_O', 'EMB_O', 'EMB_O', 'EMB_O', 'EMB_O', 'EMB_O', 'EMB_O', 'EMB_O', 'EMB_O', 'EMB_O', 'EMB_O', 'EMB_O', 'EMB_O', 'EMB_O', 'EMB_O', 'EMB_O', 'EMB_O', 'EMB_O', 'EMB_O', 'EMB_O', 'EMB_O', 'EMB_P', 'EMB_P', 'EMB_P', 'EMB_P', 'EMB_P', 'EMB_P', 'EMB_P', 'EMB_P', 'EMB_P', 'EMB_P', 'EMB_P', 'EMB_P', 'EMB_P', 'EMB_P', 'EMB_P', 'EMB_P', 'EMB_P', 'EMB_P', 'EMB_P', 'EMB_P', 'EMB_P', 'EMB_P', 'EMB_P', 'EMB_P', 'EMB_P', 'EMB_P', 'EMB_P', 'EMB_P', 'EMB_P', 'EMB_P', 'EMB_P', 'EMB_P', 'EMB_P', 'EMB_P', 'EMB_P', 'EMB_P', 'EMB_P', 'EMB_P', 'EMB_P', 'EMB_P', 'EMB_P', 'EMB_P', 'EMB_P', 'EMB_P', 'EMB_P', 'EMB_P', 'EMB_P', 'EMB_P', 'EMB_P']"
288,пивоварня,отменное,29298:3_1183,"Публика достойная, цены умеренные, собственная пивоварня производит отменное пшеничное и ячменное пиво, закуски тоже очень неплохие, вкусная сырная и мясная тарелка, отличные молочные и алкогольные коктейли.",8.17,7.83,"['EMB_O', 'EMB_O', 'EMB_O', 'EMB_O', 'EMB_O', 'EMB_O', 'EMB_O', 'EMB_O', 'EMB_O', 'EMB_O', 'EMB_O', 'EMB_O', 'EMB_O', 'EMB_O', 'EMB_O', 'EMB_O', 'ASP_B', 'ASP_I', 'ASP_I', 'ASP_E', 'EMB_O', 'EMB_O', 'EMB_O', 'OPN_B', 'OPN_I', 'OPN_E', 'EMB_O', 'EMB_O', 'EMB_O', 'EMB_O', 'EMB_O', 'EMB_O', 'EMB_O', 'EMB_O', 'EMB_O', 'EMB_O', 'EMB_O', 'EMB_O', 'EMB_O', 'EMB_O', 'EMB_O', 'EMB_O', 'EMB_O', 'EMB_O', 'EMB_O', 'EMB_O', 'EMB_O', 'EMB_O', 'EMB_O', 'EMB_O', 'EMB_O', 'EMB_O', 'EMB_O', 'EMB_O', 'EMB_O', 'EMB_O', 'EMB_O', 'EMB_O', 'EMB_O', 'EMB_O', 'EMB_O', 'EMB_O', 'EMB_O', 'EMB_O', 'EMB_O', 'EMB_O', 'EMB_O', 'EMB_O', 'EMB_O', 'EMB_O', 'EMB_O', 'EMB_O', 'EMB_O', 'EMB_O', 'EMB_O', 'EMB_O', 'EMB_O', 'EMB_O', 'EMB_O', 'EMB_P', 'EMB_P', 'EMB_P', 'EMB_P', 'EMB_P', 'EMB_P', 'EMB_P', 'EMB_P', 'EMB_P', 'EMB_P', 'EMB_P', 'EMB_P', 'EMB_P', 'EMB_P', 'EMB_P', 'EMB_P', 'EMB_P', 'EMB_P', 'EMB_P', 'EMB_P', 'EMB_P', 'EMB_P', 'EMB_P', 'EMB_P', 'EMB_P', 'EMB_P', 'EMB_P', 'EMB_P', 'EMB_P', 'EMB_P', 'EMB_P', 'EMB_P', 'EMB_P', 'EMB_P', 'EMB_P', 'EMB_P', 'EMB_P', 'EMB_P', 'EMB_P', 'EMB_P', 'EMB_P', 'EMB_P', 'EMB_P', 'EMB_P', 'EMB_P', 'EMB_P', 'EMB_P', 'EMB_P', 'EMB_P']"
289,пшеничное и ячменное пиво,отменное,29298:3_1183,"Публика достойная, цены умеренные, собственная пивоварня производит отменное пшеничное и ячменное пиво, закуски тоже очень неплохие, вкусная сырная и мясная тарелка, отличные молочные и алкогольные коктейли.",7.8,7.3,"['EMB_O', 'EMB_O', 'EMB_O', 'EMB_O', 'EMB_O', 'EMB_O', 'EMB_O', 'EMB_O', 'EMB_O', 'EMB_O', 'EMB_O', 'EMB_O', 'EMB_O', 'EMB_O', 'EMB_O', 'EMB_O', 'ASP_S', 'EMB_O', 'EMB_O', 'EMB_O', 'EMB_O', 'EMB_O', 'EMB_O', 'OPN_B', 'OPN_I', 'OPN_E', 'EMB_O', 'ASP_B', 'ASP_I', 'ASP_I', 'ASP_I', 'ASP_I', 'ASP_I', 'ASP_I', 'ASP_I', 'ASP_E', 'EMB_O', 'EMB_O', 'EMB_O', 'EMB_O', 'EMB_O', 'EMB_O', 'EMB_O', 'EMB_O', 'EMB_O', 'EMB_O', 'EMB_O', 'EMB_O', 'EMB_O', 'EMB_O', 'EMB_O', 'EMB_O', 'EMB_O', 'EMB_O', 'EMB_O', 'EMB_O', 'EMB_O', 'EMB_O', 'EMB_O', 'EMB_O', 'EMB_O', 'EMB_O', 'EMB_O', 'EMB_O', 'EMB_O', 'EMB_O', 'EMB_O', 'EMB_O', 'EMB_O', 'EMB_O', 'EMB_O', 'EMB_O', 'EMB_O', 'EMB_O', 'EMB_O', 'EMB_O', 'EMB_O', 'EMB_O', 'EMB_O', 'EMB_P', 'EMB_P', 'EMB_P', 'EMB_P', 'EMB_P', 'EMB_P', 'EMB_P', 'EMB_P', 'EMB_P', 'EMB_P', 'EMB_P', 'EMB_P', 'EMB_P', 'EMB_P', 'EMB_P', 'EMB_P', 'EMB_P', 'EMB_P', 'EMB_P', 'EMB_P', 'EMB_P', 'EMB_P', 'EMB_P', 'EMB_P', 'EMB_P', 'EMB_P', 'EMB_P', 'EMB_P', 'EMB_P', 'EMB_P', 'EMB_P', 'EMB_P', 'EMB_P', 'EMB_P', 'EMB_P', 'EMB_P', 'EMB_P', 'EMB_P', 'EMB_P', 'EMB_P', 'EMB_P', 'EMB_P', 'EMB_P', 'EMB_P', 'EMB_P', 'EMB_P', 'EMB_P', 'EMB_P', 'EMB_P']"
290,закуски,очень неплохие,29298:3_1183,"Публика достойная, цены умеренные, собственная пивоварня производит отменное пшеничное и ячменное пиво, закуски тоже очень неплохие, вкусная сырная и мясная тарелка, отличные молочные и алкогольные коктейли.",6.8,6.3,"['EMB_O', 'EMB_O', 'EMB_O', 'EMB_O', 'EMB_O', 'EMB_O', 'EMB_O', 'EMB_O', 'EMB_O', 'EMB_O', 'EMB_O', 'EMB_O', 'EMB_O', 'EMB_O', 'EMB_O', 'EMB_O', 'EMB_O', 'EMB_O', 'EMB_O', 'EMB_O', 'EMB_O', 'EMB_O', 'EMB_O', 'EMB_O', 'EMB_O', 'EMB_O', 'EMB_O', 'EMB_O', 'EMB_O', 'EMB_O', 'EMB_O', 'EMB_O', 'EMB_O', 'EMB_O', 'EMB_O', 'EMB_O', 'EMB_O', 'ASP_B', 'ASP_I', 'ASP_E', 'EMB_O', 'OPN_B', 'OPN_I', 'OPN_I', 'OPN_I', 'OPN_I', 'OPN_E', 'EMB_O', 'EMB_O', 'EMB_O', 'EMB_O', 'EMB_O', 'EMB_O', 'EMB_O', 'EMB_O', 'EMB_O', 'EMB_O', 'EMB_O', 'EMB_O', 'EMB_O', 'EMB_O', 'EMB_O', 'EMB_O', 'EMB_O', 'EMB_O', 'EMB_O', 'EMB_O', 'EMB_O', 'EMB_O', 'EMB_O', 'EMB_O', 'EMB_O', 'EMB_O', 'EMB_O', 'EMB_O', 'EMB_O', 'EMB_O', 'EMB_O', 'EMB_O', 'EMB_P', 'EMB_P', 'EMB_P', 'EMB_P', 'EMB_P', 'EMB_P', 'EMB_P', 'EMB_P', 'EMB_P', 'EMB_P', 'EMB_P', 'EMB_P', 'EMB_P', 'EMB_P', 'EMB_P', 'EMB_P', 'EMB_P', 'EMB_P', 'EMB_P', 'EMB_P', 'EMB_P', 'EMB_P', 'EMB_P', 'EMB_P', 'EMB_P', 'EMB_P', 'EMB_P', 'EMB_P', 'EMB_P', 'EMB_P', 'EMB_P', 'EMB_P', 'EMB_P', 'EMB_P', 'EMB_P', 'EMB_P', 'EMB_P', 'EMB_P', 'EMB_P', 'EMB_P', 'EMB_P', 'EMB_P', 'EMB_P', 'EMB_P', 'EMB_P', 'EMB_P', 'EMB_P', 'EMB_P', 'EMB_P']"
291,сырная и мясная тарелка,вкусная,29298:3_1183,"Публика достойная, цены умеренные, собственная пивоварня производит отменное пшеничное и ячменное пиво, закуски тоже очень неплохие, вкусная сырная и мясная тарелка, отличные молочные и алкогольные коктейли.",7.0,6.4,"['EMB_O', 'EMB_O', 'EMB_O', 'EMB_O', 'EMB_O', 'EMB_O', 'EMB_O', 'EMB_O', 'EMB_O', 'EMB_O', 'EMB_O', 'EMB_O', 'EMB_O', 'EMB_O', 'EMB_O', 'EMB_O', 'EMB_O', 'EMB_O', 'EMB_O', 'EMB_O', 'EMB_O', 'EMB_O', 'EMB_O', 'EMB_O', 'EMB_O', 'EMB_O', 'EMB_O', 'EMB_O', 'EMB_O', 'EMB_O', 'EMB_O', 'EMB_O', 'EMB_O', 'EMB_O', 'EMB_O', 'EMB_O', 'EMB_O', 'EMB_O', 'EMB_O', 'EMB_O', 'EMB_O', 'EMB_O', 'EMB_O', 'EMB_O', 'EMB_O', 'EMB_O', 'EMB_O', 'EMB_O', 'OPN_B', 'OPN_I', 'OPN_I', 'OPN_E', 'ASP_B', 'ASP_I', 'ASP_I', 'ASP_I', 'ASP_I', 'ASP_I', 'ASP_I', 'ASP_I', 'ASP_I', 'ASP_E', 'EMB_O', 'EMB_O', 'EMB_O', 'EMB_O', 'EMB_O', 'EMB_O', 'EMB_O', 'EMB_O', 'EMB_O', 'EMB_O', 'EMB_O', 'EMB_O', 'EMB_O', 'EMB_O', 'EMB_O', 'EMB_O', 'EMB_O', 'EMB_P', 'EMB_P', 'EMB_P', 'EMB_P', 'EMB_P', 'EMB_P', 'EMB_P', 'EMB_P', 'EMB_P', 'EMB_P', 'EMB_P', 'EMB_P', 'EMB_P', 'EMB_P', 'EMB_P', 'EMB_P', 'EMB_P', 'EMB_P', 'EMB_P', 'EMB_P', 'EMB_P', 'EMB_P', 'EMB_P', 'EMB_P', 'EMB_P', 'EMB_P', 'EMB_P', 'EMB_P', 'EMB_P', 'EMB_P', 'EMB_P', 'EMB_P', 'EMB_P', 'EMB_P', 'EMB_P', 'EMB_P', 'EMB_P', 'EMB_P', 'EMB_P', 'EMB_P', 'EMB_P', 'EMB_P', 'EMB_P', 'EMB_P', 'EMB_P', 'EMB_P', 'EMB_P', 'EMB_P', 'EMB_P']"
292,молочные и алкогольные коктейли,отличные,29298:3_1183,"Публика достойная, цены умеренные, собственная пивоварня производит отменное пшеничное и ячменное пиво, закуски тоже очень неплохие, вкусная сырная и мясная тарелка, отличные молочные и алкогольные коктейли.",7.8,7.2,"['EMB_O', 'EMB_O', 'EMB_O', 'EMB_O', 'EMB_O', 'EMB_O', 'EMB_O', 'EMB_O', 'EMB_O', 'EMB_O', 'EMB_O', 'EMB_O', 'EMB_O', 'EMB_O', 'EMB_O', 'EMB_O', 'EMB_O', 'EMB_O', 'EMB_O', 'EMB_O', 'EMB_O', 'EMB_O', 'EMB_O', 'OPN_S', 'EMB_O', 'EMB_O', 'EMB_O', 'EMB_O', 'EMB_O', 'EMB_O', 'EMB_O', 'EMB_O', 'EMB_O', 'EMB_O', 'EMB_O', 'EMB_O', 'EMB_O', 'EMB_O', 'EMB_O', 'EMB_O', 'EMB_O', 'EMB_O', 'EMB_O', 'EMB_O', 'EMB_O', 'EMB_O', 'EMB_O', 'EMB_O', 'EMB_O', 'EMB_O', 'EMB_O', 'EMB_O', 'EMB_O', 'EMB_O', 'EMB_O', 'EMB_O', 'ASP_S', 'EMB_O', 'EMB_O', 'EMB_O', 'EMB_O', 'EMB_O', 'EMB_O', 'EMB_O', 'OPN_B', 'OPN_E', 'EMB_O', 'ASP_B', 'ASP_I', 'ASP_I', 'ASP_I', 'ASP_I', 'ASP_I', 'ASP_I', 'ASP_I', 'ASP_I', 'ASP_E', 'EMB_O', 'EMB_O', 'EMB_P', 'EMB_P', 'EMB_P', 'EMB_P', 'EMB_P', 'EMB_P', 'EMB_P', 'EMB_P', 'EMB_P', 'EMB_P', 'EMB_P', 'EMB_P', 'EMB_P', 'EMB_P', 'EMB_P', 'EMB_P', 'EMB_P', 'EMB_P', 'EMB_P', 'EMB_P', 'EMB_P', 'EMB_P', 'EMB_P', 'EMB_P', 'EMB_P', 'EMB_P', 'EMB_P', 'EMB_P', 'EMB_P', 'EMB_P', 'EMB_P', 'EMB_P', 'EMB_P', 'EMB_P', 'EMB_P', 'EMB_P', 'EMB_P', 'EMB_P', 'EMB_P', 'EMB_P', 'EMB_P', 'EMB_P', 'EMB_P', 'EMB_P', 'EMB_P', 'EMB_P', 'EMB_P', 'EMB_P', 'EMB_P']"
293,заведение,очень хорошее,29298:4_1184,"В целом, очень хорошее, достойное заведение, правда огорчает то, что столики на четверг, пятницу и выходные надо бронировать где-то за 3 недели.",7.4,6.8,"['EMB_O', 'EMB_O', 'EMB_O', 'EMB_O', 'OPN_B', 'OPN_I', 'OPN_I', 'OPN_E', 'EMB_O', 'EMB_O', 'EMB_O', 'EMB_O', 'ASP_B', 'ASP_E', 'EMB_O', 'EMB_O', 'EMB_O', 'EMB_O', 'EMB_O', 'EMB_O', 'EMB_O', 'EMB_O', 'EMB_O', 'EMB_O', 'EMB_O', 'EMB_O', 'EMB_O', 'EMB_O', 'EMB_O', 'EMB_O', 'EMB_O', 'EMB_O', 'EMB_O', 'EMB_O', 'EMB_O', 'EMB_O', 'EMB_O', 'EMB_O', 'EMB_O', 'EMB_O', 'EMB_O', 'EMB_O', 'EMB_O', 'EMB_O', 'EMB_O', 'EMB_O', 'EMB_O', 'EMB_O', 'EMB_P', 'EMB_P', 'EMB_P', 'EMB_P', 'EMB_P', 'EMB_P', 'EMB_P', 'EMB_P', 'EMB_P', 'EMB_P', 'EMB_P', 'EMB_P', 'EMB_P', 'EMB_P', 'EMB_P', 'EMB_P', 'EMB_P', 'EMB_P', 'EMB_P', 'EMB_P', 'EMB_P', 'EMB_P', 'EMB_P', 'EMB_P', 'EMB_P', 'EMB_P', 'EMB_P', 'EMB_P', 'EMB_P', 'EMB_P', 'EMB_P', 'EMB_P', 'EMB_P', 'EMB_P', 'EMB_P', 'EMB_P', 'EMB_P', 'EMB_P', 'EMB_P', 'EMB_P', 'EMB_P', 'EMB_P', 'EMB_P', 'EMB_P', 'EMB_P', 'EMB_P', 'EMB_P', 'EMB_P', 'EMB_P', 'EMB_P', 'EMB_P', 'EMB_P', 'EMB_P', 'EMB_P', 'EMB_P', 'EMB_P', 'EMB_P', 'EMB_P', 'EMB_P', 'EMB_P', 'EMB_P', 'EMB_P', 'EMB_P', 'EMB_P', 'EMB_P', 'EMB_P', 'EMB_P', 'EMB_P', 'EMB_P', 'EMB_P', 'EMB_P', 'EMB_P', 'EMB_P', 'EMB_P', 'EMB_P', 'EMB_P', 'EMB_P', 'EMB_P', 'EMB_P', 'EMB_P']"
294,ресторан,рекомендую,29298:5_1185,"Но все равно, рекомендую посетить этот ресторан, не пожалеете!",7.12,6.75,"['EMB_O', 'EMB_O', 'EMB_O', 'EMB_O', 'EMB_O', 'OPN_B', 'OPN_I', 'OPN_I', 'OPN_E', 'EMB_O', 'EMB_O', 'EMB_O', 'ASP_B', 'ASP_I', 'ASP_E', 'EMB_O', 'EMB_O', 'EMB_O', 'EMB_O', 'EMB_O', 'EMB_O', 'EMB_O', 'EMB_O', 'EMB_P', 'EMB_P', 'EMB_P', 'EMB_P', 'EMB_P', 'EMB_P', 'EMB_P', 'EMB_P', 'EMB_P', 'EMB_P', 'EMB_P', 'EMB_P', 'EMB_P', 'EMB_P', 'EMB_P', 'EMB_P', 'EMB_P', 'EMB_P', 'EMB_P', 'EMB_P', 'EMB_P', 'EMB_P', 'EMB_P', 'EMB_P', 'EMB_P', 'EMB_P', 'EMB_P', 'EMB_P', 'EMB_P', 'EMB_P', 'EMB_P', 'EMB_P', 'EMB_P', 'EMB_P', 'EMB_P', 'EMB_P', 'EMB_P', 'EMB_P', 'EMB_P', 'EMB_P', 'EMB_P', 'EMB_P', 'EMB_P', 'EMB_P', 'EMB_P', 'EMB_P', 'EMB_P', 'EMB_P', 'EMB_P', 'EMB_P', 'EMB_P', 'EMB_P', 'EMB_P', 'EMB_P', 'EMB_P', 'EMB_P', 'EMB_P', 'EMB_P', 'EMB_P', 'EMB_P', 'EMB_P', 'EMB_P', 'EMB_P', 'EMB_P', 'EMB_P', 'EMB_P', 'EMB_P', 'EMB_P', 'EMB_P', 'EMB_P', 'EMB_P', 'EMB_P', 'EMB_P', 'EMB_P', 'EMB_P', 'EMB_P', 'EMB_P', 'EMB_P', 'EMB_P', 'EMB_P', 'EMB_P', 'EMB_P', 'EMB_P', 'EMB_P', 'EMB_P', 'EMB_P', 'EMB_P', 'EMB_P', 'EMB_P', 'EMB_P', 'EMB_P', 'EMB_P', 'EMB_P', 'EMB_P', 'EMB_P', 'EMB_P', 'EMB_P', 'EMB_P', 'EMB_P', 'EMB_P', 'EMB_P', 'EMB_P', 'EMB_P', 'EMB_P', 'EMB_P']"
295,Второй этаж,просто рай какой-то,29321:3_1186,Второй этаж просто рай какой-то=),8.31,8.1,"['EMB_O', 'ASP_B', 'ASP_I', 'ASP_E', 'OPN_B', 'OPN_I', 'OPN_I', 'OPN_I', 'OPN_I', 'OPN_E', 'EMB_O', 'EMB_O', 'EMB_O', 'EMB_P', 'EMB_P', 'EMB_P', 'EMB_P', 'EMB_P', 'EMB_P', 'EMB_P', 'EMB_P', 'EMB_P', 'EMB_P', 'EMB_P', 'EMB_P', 'EMB_P', 'EMB_P', 'EMB_P', 'EMB_P', 'EMB_P', 'EMB_P', 'EMB_P', 'EMB_P', 'EMB_P', 'EMB_P', 'EMB_P', 'EMB_P', 'EMB_P', 'EMB_P', 'EMB_P', 'EMB_P', 'EMB_P', 'EMB_P', 'EMB_P', 'EMB_P', 'EMB_P', 'EMB_P', 'EMB_P', 'EMB_P', 'EMB_P', 'EMB_P', 'EMB_P', 'EMB_P', 'EMB_P', 'EMB_P', 'EMB_P', 'EMB_P', 'EMB_P', 'EMB_P', 'EMB_P', 'EMB_P', 'EMB_P', 'EMB_P', 'EMB_P', 'EMB_P', 'EMB_P', 'EMB_P', 'EMB_P', 'EMB_P', 'EMB_P', 'EMB_P', 'EMB_P', 'EMB_P', 'EMB_P', 'EMB_P', 'EMB_P', 'EMB_P', 'EMB_P', 'EMB_P', 'EMB_P', 'EMB_P', 'EMB_P', 'EMB_P', 'EMB_P', 'EMB_P', 'EMB_P', 'EMB_P', 'EMB_P', 'EMB_P', 'EMB_P', 'EMB_P', 'EMB_P', 'EMB_P', 'EMB_P', 'EMB_P', 'EMB_P', 'EMB_P', 'EMB_P', 'EMB_P', 'EMB_P', 'EMB_P', 'EMB_P', 'EMB_P', 'EMB_P', 'EMB_P', 'EMB_P', 'EMB_P', 'EMB_P', 'EMB_P', 'EMB_P', 'EMB_P', 'EMB_P', 'EMB_P', 'EMB_P', 'EMB_P', 'EMB_P', 'EMB_P', 'EMB_P', 'EMB_P', 'EMB_P', 'EMB_P', 'EMB_P', 'EMB_P', 'EMB_P', 'EMB_P', 'EMB_P', 'EMB_P', 'EMB_P']"
296,интерьер,Очень красивый,29321:4_1187,"Очень красивый интерьер, такой нежный и уютный.",8.12,7.75,"['EMB_O', 'OPN_B', 'OPN_I', 'OPN_I', 'OPN_I', 'OPN_I', 'OPN_E', 'ASP_B', 'ASP_I', 'ASP_E', 'EMB_O', 'EMB_O', 'EMB_O', 'EMB_O', 'EMB_O', 'EMB_O', 'EMB_O', 'EMB_O', 'EMB_O', 'EMB_O', 'EMB_P', 'EMB_P', 'EMB_P', 'EMB_P', 'EMB_P', 'EMB_P', 'EMB_P', 'EMB_P', 'EMB_P', 'EMB_P', 'EMB_P', 'EMB_P', 'EMB_P', 'EMB_P', 'EMB_P', 'EMB_P', 'EMB_P', 'EMB_P', 'EMB_P', 'EMB_P', 'EMB_P', 'EMB_P', 'EMB_P', 'EMB_P', 'EMB_P', 'EMB_P', 'EMB_P', 'EMB_P', 'EMB_P', 'EMB_P', 'EMB_P', 'EMB_P', 'EMB_P', 'EMB_P', 'EMB_P', 'EMB_P', 'EMB_P', 'EMB_P', 'EMB_P', 'EMB_P', 'EMB_P', 'EMB_P', 'EMB_P', 'EMB_P', 'EMB_P', 'EMB_P', 'EMB_P', 'EMB_P', 'EMB_P', 'EMB_P', 'EMB_P', 'EMB_P', 'EMB_P', 'EMB_P', 'EMB_P', 'EMB_P', 'EMB_P', 'EMB_P', 'EMB_P', 'EMB_P', 'EMB_P', 'EMB_P', 'EMB_P', 'EMB_P', 'EMB_P', 'EMB_P', 'EMB_P', 'EMB_P', 'EMB_P', 'EMB_P', 'EMB_P', 'EMB_P', 'EMB_P', 'EMB_P', 'EMB_P', 'EMB_P', 'EMB_P', 'EMB_P', 'EMB_P', 'EMB_P', 'EMB_P', 'EMB_P', 'EMB_P', 'EMB_P', 'EMB_P', 'EMB_P', 'EMB_P', 'EMB_P', 'EMB_P', 'EMB_P', 'EMB_P', 'EMB_P', 'EMB_P', 'EMB_P', 'EMB_P', 'EMB_P', 'EMB_P', 'EMB_P', 'EMB_P', 'EMB_P', 'EMB_P', 'EMB_P', 'EMB_P', 'EMB_P', 'EMB_P', 'EMB_P', 'EMB_P', 'EMB_P']"
297,меню,разнообразное,29321:6_1188,"Далее что...меню разнообразное, на любой вкус, но при детальном рассмотрении в итоге остановилась на рыбе, потому как лично мне больше ничего не приглянулось (пиццу покушать можно в других более специализированных местах, паста...ну это я и дома сделаю, суп..не для праздника).",7.0,6.3,"['EMB_O', 'EMB_O', 'EMB_O', 'EMB_O', 'EMB_O', 'EMB_O', 'ASP_B', 'ASP_E', 'OPN_B', 'OPN_I', 'OPN_I', 'OPN_I', 'OPN_E', 'EMB_O', 'EMB_O', 'EMB_O', 'EMB_O', 'EMB_O', 'EMB_O', 'EMB_O', 'EMB_O', 'EMB_O', 'EMB_O', 'EMB_O', 'EMB_O', 'EMB_O', 'EMB_O', 'EMB_O', 'EMB_O', 'EMB_O', 'EMB_O', 'EMB_O', 'EMB_O', 'EMB_O', 'EMB_O', 'EMB_O', 'EMB_O', 'EMB_O', 'EMB_O', 'EMB_O', 'EMB_O', 'EMB_O', 'EMB_O', 'EMB_O', 'EMB_O', 'EMB_O', 'EMB_O', 'EMB_O', 'EMB_O', 'EMB_O', 'EMB_O', 'EMB_O', 'EMB_O', 'EMB_O', 'EMB_O', 'EMB_O', 'EMB_O', 'EMB_O', 'EMB_O', 'EMB_O', 'EMB_O', 'EMB_O', 'EMB_O', 'EMB_O', 'EMB_O', 'EMB_O', 'EMB_O', 'EMB_O', 'EMB_O', 'EMB_O', 'EMB_O', 'EMB_O', 'EMB_O', 'EMB_O', 'EMB_O', 'EMB_O', 'EMB_O', 'EMB_O', 'EMB_O', 'EMB_O', 'EMB_O', 'EMB_O', 'EMB_O', 'EMB_O', 'EMB_O', 'EMB_O', 'EMB_O', 'EMB_O', 'EMB_O', 'EMB_O', 'EMB_O', 'EMB_O', 'EMB_O', 'EMB_O', 'EMB_O', 'EMB_O', 'EMB_O', 'EMB_O', 'EMB_O', 'EMB_O', 'EMB_P', 'EMB_P', 'EMB_P', 'EMB_P', 'EMB_P', 'EMB_P', 'EMB_P', 'EMB_P', 'EMB_P', 'EMB_P', 'EMB_P', 'EMB_P', 'EMB_P', 'EMB_P', 'EMB_P', 'EMB_P', 'EMB_P', 'EMB_P', 'EMB_P', 'EMB_P', 'EMB_P', 'EMB_P', 'EMB_P', 'EMB_P', 'EMB_P', 'EMB_P', 'EMB_P', 'EMB_P']"
298,вино,дорого,29321:7_1189,"Цены на вино просто бешенные..хотя, может для такого ресторана это и нормально, но вот в соотношении с едой мне показалось дорого!",2.17,7.67,"['EMB_O', 'EMB_O', 'EMB_O', 'EMB_O', 'ASP_B', 'ASP_E', 'EMB_O', 'EMB_O', 'EMB_O', 'EMB_O', 'EMB_O', 'EMB_O', 'EMB_O', 'EMB_O', 'EMB_O', 'EMB_O', 'EMB_O', 'EMB_O', 'EMB_O', 'EMB_O', 'EMB_O', 'EMB_O', 'EMB_O', 'EMB_O', 'EMB_O', 'EMB_O', 'EMB_O', 'EMB_O', 'EMB_O', 'EMB_O', 'EMB_O', 'EMB_O', 'EMB_O', 'EMB_O', 'EMB_O', 'EMB_O', 'EMB_O', 'EMB_O', 'EMB_O', 'OPN_B', 'OPN_E', 'EMB_O', 'EMB_O', 'EMB_P', 'EMB_P', 'EMB_P', 'EMB_P', 'EMB_P', 'EMB_P', 'EMB_P', 'EMB_P', 'EMB_P', 'EMB_P', 'EMB_P', 'EMB_P', 'EMB_P', 'EMB_P', 'EMB_P', 'EMB_P', 'EMB_P', 'EMB_P', 'EMB_P', 'EMB_P', 'EMB_P', 'EMB_P', 'EMB_P', 'EMB_P', 'EMB_P', 'EMB_P', 'EMB_P', 'EMB_P', 'EMB_P', 'EMB_P', 'EMB_P', 'EMB_P', 'EMB_P', 'EMB_P', 'EMB_P', 'EMB_P', 'EMB_P', 'EMB_P', 'EMB_P', 'EMB_P', 'EMB_P', 'EMB_P', 'EMB_P', 'EMB_P', 'EMB_P', 'EMB_P', 'EMB_P', 'EMB_P', 'EMB_P', 'EMB_P', 'EMB_P', 'EMB_P', 'EMB_P', 'EMB_P', 'EMB_P', 'EMB_P', 'EMB_P', 'EMB_P', 'EMB_P', 'EMB_P', 'EMB_P', 'EMB_P', 'EMB_P', 'EMB_P', 'EMB_P', 'EMB_P', 'EMB_P', 'EMB_P', 'EMB_P', 'EMB_P', 'EMB_P', 'EMB_P', 'EMB_P', 'EMB_P', 'EMB_P', 'EMB_P', 'EMB_P', 'EMB_P', 'EMB_P', 'EMB_P', 'EMB_P', 'EMB_P', 'EMB_P', 'EMB_P', 'EMB_P']"
299,кухня,чего-то супер фееричного я не увидела,29321:8_1190,"В общем в целом кухня приближена к итальянской, но вот чего-то супер фееричного я не увидела, поэтому только 8.",6.75,6.0,"['EMB_O', 'EMB_O', 'EMB_O', 'EMB_O', 'EMB_O', 'EMB_O', 'ASP_B', 'ASP_I', 'ASP_E', 'EMB_O', 'EMB_O', 'EMB_O', 'EMB_O', 'EMB_O', 'EMB_O', 'EMB_O', 'EMB_O', 'EMB_O', 'EMB_O', 'EMB_O', 'EMB_O', 'OPN_B', 'OPN_I', 'OPN_I', 'OPN_I', 'OPN_I', 'OPN_I', 'OPN_I', 'OPN_I', 'OPN_I', 'OPN_I', 'OPN_I', 'OPN_I', 'OPN_I', 'OPN_E', 'EMB_O', 'EMB_O', 'EMB_O', 'EMB_O', 'EMB_O', 'EMB_O', 'EMB_P', 'EMB_P', 'EMB_P', 'EMB_P', 'EMB_P', 'EMB_P', 'EMB_P', 'EMB_P', 'EMB_P', 'EMB_P', 'EMB_P', 'EMB_P', 'EMB_P', 'EMB_P', 'EMB_P', 'EMB_P', 'EMB_P', 'EMB_P', 'EMB_P', 'EMB_P', 'EMB_P', 'EMB_P', 'EMB_P', 'EMB_P', 'EMB_P', 'EMB_P', 'EMB_P', 'EMB_P', 'EMB_P', 'EMB_P', 'EMB_P', 'EMB_P', 'EMB_P', 'EMB_P', 'EMB_P', 'EMB_P', 'EMB_P', 'EMB_P', 'EMB_P', 'EMB_P', 'EMB_P', 'EMB_P', 'EMB_P', 'EMB_P', 'EMB_P', 'EMB_P', 'EMB_P', 'EMB_P', 'EMB_P', 'EMB_P', 'EMB_P', 'EMB_P', 'EMB_P', 'EMB_P', 'EMB_P', 'EMB_P', 'EMB_P', 'EMB_P', 'EMB_P', 'EMB_P', 'EMB_P', 'EMB_P', 'EMB_P', 'EMB_P', 'EMB_P', 'EMB_P', 'EMB_P', 'EMB_P', 'EMB_P', 'EMB_P', 'EMB_P', 'EMB_P', 'EMB_P', 'EMB_P', 'EMB_P', 'EMB_P', 'EMB_P', 'EMB_P', 'EMB_P', 'EMB_P', 'EMB_P', 'EMB_P', 'EMB_P', 'EMB_P', 'EMB_P', 'EMB_P', 'EMB_P']"
300,обслуживания,претензий особы Читать дальшех нет,29321:9_1191,"Что касаемо обслуживания...то тут я хочу сказать, что претензий особы Читать дальшех нет, тарелки убирались вовремя, но и заинтересованности в нас особо у девушек не было.",5.0,3.5,"['EMB_O', 'EMB_O', 'EMB_O', 'EMB_O', 'EMB_O', 'EMB_O', 'ASP_B', 'ASP_I', 'ASP_E', 'EMB_O', 'EMB_O', 'EMB_O', 'EMB_O', 'EMB_O', 'EMB_O', 'EMB_O', 'EMB_O', 'EMB_O', 'EMB_O', 'EMB_O', 'EMB_O', 'EMB_O', 'OPN_B', 'OPN_I', 'OPN_I', 'OPN_I', 'OPN_I', 'OPN_I', 'OPN_I', 'OPN_I', 'OPN_I', 'OPN_I', 'OPN_I', 'OPN_I', 'OPN_E', 'EMB_O', 'EMB_O', 'EMB_O', 'EMB_O', 'EMB_O', 'EMB_O', 'EMB_O', 'EMB_O', 'EMB_O', 'EMB_O', 'EMB_O', 'EMB_O', 'EMB_O', 'EMB_O', 'EMB_O', 'EMB_O', 'EMB_O', 'EMB_O', 'EMB_O', 'EMB_O', 'EMB_O', 'EMB_O', 'EMB_O', 'EMB_O', 'EMB_O', 'EMB_O', 'EMB_O', 'EMB_O', 'EMB_O', 'EMB_O', 'EMB_O', 'EMB_O', 'EMB_P', 'EMB_P', 'EMB_P', 'EMB_P', 'EMB_P', 'EMB_P', 'EMB_P', 'EMB_P', 'EMB_P', 'EMB_P', 'EMB_P', 'EMB_P', 'EMB_P', 'EMB_P', 'EMB_P', 'EMB_P', 'EMB_P', 'EMB_P', 'EMB_P', 'EMB_P', 'EMB_P', 'EMB_P', 'EMB_P', 'EMB_P', 'EMB_P', 'EMB_P', 'EMB_P', 'EMB_P', 'EMB_P', 'EMB_P', 'EMB_P', 'EMB_P', 'EMB_P', 'EMB_P', 'EMB_P', 'EMB_P', 'EMB_P', 'EMB_P', 'EMB_P', 'EMB_P', 'EMB_P', 'EMB_P', 'EMB_P', 'EMB_P', 'EMB_P', 'EMB_P', 'EMB_P', 'EMB_P', 'EMB_P', 'EMB_P', 'EMB_P', 'EMB_P', 'EMB_P', 'EMB_P', 'EMB_P', 'EMB_P', 'EMB_P', 'EMB_P', 'EMB_P', 'EMB_P', 'EMB_P']"
301,девушек,не было,29321:9_1191,"Что касаемо обслуживания...то тут я хочу сказать, что претензий особы Читать дальшех нет, тарелки убирались вовремя, но и заинтересованности в нас особо у девушек не было.",4.83,3.67,"['EMB_O', 'EMB_O', 'EMB_O', 'EMB_O', 'EMB_O', 'EMB_O', 'EMB_O', 'EMB_O', 'EMB_O', 'EMB_O', 'EMB_O', 'EMB_O', 'EMB_O', 'EMB_O', 'EMB_O', 'EMB_O', 'EMB_O', 'EMB_O', 'EMB_O', 'EMB_O', 'EMB_O', 'EMB_O', 'EMB_O', 'EMB_O', 'EMB_O', 'EMB_O', 'EMB_O', 'EMB_O', 'EMB_O', 'EMB_O', 'EMB_O', 'EMB_O', 'EMB_O', 'EMB_O', 'EMB_O', 'EMB_O', 'EMB_O', 'EMB_O', 'EMB_O', 'EMB_O', 'EMB_O', 'EMB_O', 'EMB_O', 'EMB_O', 'EMB_O', 'EMB_O', 'EMB_O', 'EMB_O', 'EMB_O', 'EMB_O', 'EMB_O', 'EMB_O', 'EMB_O', 'EMB_O', 'EMB_O', 'EMB_O', 'EMB_O', 'EMB_O', 'EMB_O', 'EMB_O', 'ASP_B', 'ASP_I', 'ASP_E', 'OPN_B', 'OPN_E', 'EMB_O', 'EMB_O', 'EMB_P', 'EMB_P', 'EMB_P', 'EMB_P', 'EMB_P', 'EMB_P', 'EMB_P', 'EMB_P', 'EMB_P', 'EMB_P', 'EMB_P', 'EMB_P', 'EMB_P', 'EMB_P', 'EMB_P', 'EMB_P', 'EMB_P', 'EMB_P', 'EMB_P', 'EMB_P', 'EMB_P', 'EMB_P', 'EMB_P', 'EMB_P', 'EMB_P', 'EMB_P', 'EMB_P', 'EMB_P', 'EMB_P', 'EMB_P', 'EMB_P', 'EMB_P', 'EMB_P', 'EMB_P', 'EMB_P', 'EMB_P', 'EMB_P', 'EMB_P', 'EMB_P', 'EMB_P', 'EMB_P', 'EMB_P', 'EMB_P', 'EMB_P', 'EMB_P', 'EMB_P', 'EMB_P', 'EMB_P', 'EMB_P', 'EMB_P', 'EMB_P', 'EMB_P', 'EMB_P', 'EMB_P', 'EMB_P', 'EMB_P', 'EMB_P', 'EMB_P', 'EMB_P', 'EMB_P', 'EMB_P']"
302,обслуживания,не получили,29321:11_1192,"Мы сидели в семером, оставили пять тысяч, а вот какого-то удовлетворения от обслуживания и приема не получили, хотя все было вкусно, красиво подано и украшено.",4.5,4.25,"['EMB_O', 'EMB_O', 'EMB_O', 'EMB_O', 'EMB_O', 'EMB_O', 'EMB_O', 'EMB_O', 'EMB_O', 'EMB_O', 'EMB_O', 'EMB_O', 'EMB_O', 'EMB_O', 'EMB_O', 'EMB_O', 'EMB_O', 'EMB_O', 'EMB_O', 'EMB_O', 'EMB_O', 'EMB_O', 'EMB_O', 'EMB_O', 'EMB_O', 'EMB_O', 'EMB_O', 'ASP_B', 'ASP_I', 'ASP_E', 'EMB_O', 'EMB_O', 'OPN_B', 'OPN_E', 'EMB_O', 'EMB_O', 'EMB_O', 'EMB_O', 'EMB_O', 'EMB_O', 'EMB_O', 'EMB_O', 'EMB_O', 'EMB_O', 'EMB_O', 'EMB_O', 'EMB_O', 'EMB_O', 'EMB_O', 'EMB_O', 'EMB_O', 'EMB_O', 'EMB_O', 'EMB_P', 'EMB_P', 'EMB_P', 'EMB_P', 'EMB_P', 'EMB_P', 'EMB_P', 'EMB_P', 'EMB_P', 'EMB_P', 'EMB_P', 'EMB_P', 'EMB_P', 'EMB_P', 'EMB_P', 'EMB_P', 'EMB_P', 'EMB_P', 'EMB_P', 'EMB_P', 'EMB_P', 'EMB_P', 'EMB_P', 'EMB_P', 'EMB_P', 'EMB_P', 'EMB_P', 'EMB_P', 'EMB_P', 'EMB_P', 'EMB_P', 'EMB_P', 'EMB_P', 'EMB_P', 'EMB_P', 'EMB_P', 'EMB_P', 'EMB_P', 'EMB_P', 'EMB_P', 'EMB_P', 'EMB_P', 'EMB_P', 'EMB_P', 'EMB_P', 'EMB_P', 'EMB_P', 'EMB_P', 'EMB_P', 'EMB_P', 'EMB_P', 'EMB_P', 'EMB_P', 'EMB_P', 'EMB_P', 'EMB_P', 'EMB_P', 'EMB_P', 'EMB_P', 'EMB_P', 'EMB_P', 'EMB_P', 'EMB_P', 'EMB_P', 'EMB_P', 'EMB_P', 'EMB_P', 'EMB_P', 'EMB_P', 'EMB_P', 'EMB_P', 'EMB_P', 'EMB_P', 'EMB_P', 'EMB_P']"
303,приема,не получили,29321:11_1192,"Мы сидели в семером, оставили пять тысяч, а вот какого-то удовлетворения от обслуживания и приема не получили, хотя все было вкусно, красиво подано и украшено.",4.5,4.5,"['EMB_O', 'EMB_O', 'EMB_O', 'EMB_O', 'EMB_O', 'EMB_O', 'EMB_O', 'EMB_O', 'EMB_O', 'EMB_O', 'EMB_O', 'EMB_O', 'EMB_O', 'EMB_O', 'EMB_O', 'EMB_O', 'EMB_O', 'EMB_O', 'EMB_O', 'EMB_O', 'EMB_O', 'EMB_O', 'EMB_O', 'EMB_O', 'EMB_O', 'EMB_O', 'EMB_O', 'EMB_O', 'EMB_O', 'EMB_O', 'EMB_O', 'ASP_S', 'OPN_B', 'OPN_E', 'EMB_O', 'EMB_O', 'EMB_O', 'EMB_O', 'EMB_O', 'EMB_O', 'EMB_O', 'EMB_O', 'EMB_O', 'EMB_O', 'EMB_O', 'EMB_O', 'EMB_O', 'EMB_O', 'EMB_O', 'EMB_O', 'EMB_O', 'EMB_O', 'EMB_O', 'EMB_P', 'EMB_P', 'EMB_P', 'EMB_P', 'EMB_P', 'EMB_P', 'EMB_P', 'EMB_P', 'EMB_P', 'EMB_P', 'EMB_P', 'EMB_P', 'EMB_P', 'EMB_P', 'EMB_P', 'EMB_P', 'EMB_P', 'EMB_P', 'EMB_P', 'EMB_P', 'EMB_P', 'EMB_P', 'EMB_P', 'EMB_P', 'EMB_P', 'EMB_P', 'EMB_P', 'EMB_P', 'EMB_P', 'EMB_P', 'EMB_P', 'EMB_P', 'EMB_P', 'EMB_P', 'EMB_P', 'EMB_P', 'EMB_P', 'EMB_P', 'EMB_P', 'EMB_P', 'EMB_P', 'EMB_P', 'EMB_P', 'EMB_P', 'EMB_P', 'EMB_P', 'EMB_P', 'EMB_P', 'EMB_P', 'EMB_P', 'EMB_P', 'EMB_P', 'EMB_P', 'EMB_P', 'EMB_P', 'EMB_P', 'EMB_P', 'EMB_P', 'EMB_P', 'EMB_P', 'EMB_P', 'EMB_P', 'EMB_P', 'EMB_P', 'EMB_P', 'EMB_P', 'EMB_P', 'EMB_P', 'EMB_P', 'EMB_P', 'EMB_P', 'EMB_P', 'EMB_P', 'EMB_P', 'EMB_P']"
304,обслуживание,только 6,29321:12_1193,За обслуживание только 6.,5.12,3.62,"['EMB_O', 'EMB_O', 'ASP_B', 'ASP_I', 'ASP_I', 'ASP_E', 'OPN_B', 'OPN_E', 'EMB_O', 'EMB_O', 'EMB_P', 'EMB_P', 'EMB_P', 'EMB_P', 'EMB_P', 'EMB_P', 'EMB_P', 'EMB_P', 'EMB_P', 'EMB_P', 'EMB_P', 'EMB_P', 'EMB_P', 'EMB_P', 'EMB_P', 'EMB_P', 'EMB_P', 'EMB_P', 'EMB_P', 'EMB_P', 'EMB_P', 'EMB_P', 'EMB_P', 'EMB_P', 'EMB_P', 'EMB_P', 'EMB_P', 'EMB_P', 'EMB_P', 'EMB_P', 'EMB_P', 'EMB_P', 'EMB_P', 'EMB_P', 'EMB_P', 'EMB_P', 'EMB_P', 'EMB_P', 'EMB_P', 'EMB_P', 'EMB_P', 'EMB_P', 'EMB_P', 'EMB_P', 'EMB_P', 'EMB_P', 'EMB_P', 'EMB_P', 'EMB_P', 'EMB_P', 'EMB_P', 'EMB_P', 'EMB_P', 'EMB_P', 'EMB_P', 'EMB_P', 'EMB_P', 'EMB_P', 'EMB_P', 'EMB_P', 'EMB_P', 'EMB_P', 'EMB_P', 'EMB_P', 'EMB_P', 'EMB_P', 'EMB_P', 'EMB_P', 'EMB_P', 'EMB_P', 'EMB_P', 'EMB_P', 'EMB_P', 'EMB_P', 'EMB_P', 'EMB_P', 'EMB_P', 'EMB_P', 'EMB_P', 'EMB_P', 'EMB_P', 'EMB_P', 'EMB_P', 'EMB_P', 'EMB_P', 'EMB_P', 'EMB_P', 'EMB_P', 'EMB_P', 'EMB_P', 'EMB_P', 'EMB_P', 'EMB_P', 'EMB_P', 'EMB_P', 'EMB_P', 'EMB_P', 'EMB_P', 'EMB_P', 'EMB_P', 'EMB_P', 'EMB_P', 'EMB_P', 'EMB_P', 'EMB_P', 'EMB_P', 'EMB_P', 'EMB_P', 'EMB_P', 'EMB_P', 'EMB_P', 'EMB_P', 'EMB_P', 'EMB_P', 'EMB_P', 'EMB_P', 'EMB_P', 'EMB_P']"
305,еда,очень вкусная,29350:1_1194,"В ресторане очень вкусная еда, в частности- суши, роллы, свинной шашлык,теплый мексиканский салат(рекомендую)!!! 2.",7.8,7.0,"['EMB_O', 'EMB_O', 'EMB_O', 'EMB_O', 'EMB_O', 'OPN_B', 'OPN_I', 'OPN_I', 'OPN_I', 'OPN_E', 'ASP_B', 'ASP_E', 'EMB_O', 'EMB_O', 'EMB_O', 'EMB_O', 'EMB_O', 'EMB_O', 'EMB_O', 'EMB_O', 'EMB_O', 'EMB_O', 'EMB_O', 'EMB_O', 'EMB_O', 'EMB_O', 'EMB_O', 'EMB_O', 'EMB_O', 'EMB_O', 'EMB_O', 'EMB_O', 'EMB_O', 'EMB_O', 'EMB_O', 'EMB_O', 'EMB_O', 'EMB_O', 'EMB_O', 'EMB_O', 'EMB_O', 'EMB_O', 'EMB_O', 'EMB_O', 'EMB_O', 'EMB_O', 'EMB_O', 'EMB_O', 'EMB_O', 'EMB_O', 'EMB_P', 'EMB_P', 'EMB_P', 'EMB_P', 'EMB_P', 'EMB_P', 'EMB_P', 'EMB_P', 'EMB_P', 'EMB_P', 'EMB_P', 'EMB_P', 'EMB_P', 'EMB_P', 'EMB_P', 'EMB_P', 'EMB_P', 'EMB_P', 'EMB_P', 'EMB_P', 'EMB_P', 'EMB_P', 'EMB_P', 'EMB_P', 'EMB_P', 'EMB_P', 'EMB_P', 'EMB_P', 'EMB_P', 'EMB_P', 'EMB_P', 'EMB_P', 'EMB_P', 'EMB_P', 'EMB_P', 'EMB_P', 'EMB_P', 'EMB_P', 'EMB_P', 'EMB_P', 'EMB_P', 'EMB_P', 'EMB_P', 'EMB_P', 'EMB_P', 'EMB_P', 'EMB_P', 'EMB_P', 'EMB_P', 'EMB_P', 'EMB_P', 'EMB_P', 'EMB_P', 'EMB_P', 'EMB_P', 'EMB_P', 'EMB_P', 'EMB_P', 'EMB_P', 'EMB_P', 'EMB_P', 'EMB_P', 'EMB_P', 'EMB_P', 'EMB_P', 'EMB_P', 'EMB_P', 'EMB_P', 'EMB_P', 'EMB_P', 'EMB_P', 'EMB_P', 'EMB_P', 'EMB_P', 'EMB_P', 'EMB_P', 'EMB_P', 'EMB_P']"
306,суши,очень вкусная,29350:1_1194,"В ресторане очень вкусная еда, в частности- суши, роллы, свинной шашлык,теплый мексиканский салат(рекомендую)!!! 2.",7.8,7.0,"['EMB_O', 'EMB_O', 'EMB_O', 'EMB_O', 'EMB_O', 'OPN_B', 'OPN_I', 'OPN_I', 'OPN_I', 'OPN_E', 'EMB_O', 'EMB_O', 'EMB_O', 'EMB_O', 'EMB_O', 'EMB_O', 'ASP_B', 'ASP_E', 'EMB_O', 'EMB_O', 'EMB_O', 'EMB_O', 'EMB_O', 'EMB_O', 'EMB_O', 'EMB_O', 'EMB_O', 'EMB_O', 'EMB_O', 'EMB_O', 'EMB_O', 'EMB_O', 'EMB_O', 'EMB_O', 'EMB_O', 'EMB_O', 'EMB_O', 'EMB_O', 'EMB_O', 'EMB_O', 'EMB_O', 'EMB_O', 'EMB_O', 'EMB_O', 'EMB_O', 'EMB_O', 'EMB_O', 'EMB_O', 'EMB_O', 'EMB_O', 'EMB_P', 'EMB_P', 'EMB_P', 'EMB_P', 'EMB_P', 'EMB_P', 'EMB_P', 'EMB_P', 'EMB_P', 'EMB_P', 'EMB_P', 'EMB_P', 'EMB_P', 'EMB_P', 'EMB_P', 'EMB_P', 'EMB_P', 'EMB_P', 'EMB_P', 'EMB_P', 'EMB_P', 'EMB_P', 'EMB_P', 'EMB_P', 'EMB_P', 'EMB_P', 'EMB_P', 'EMB_P', 'EMB_P', 'EMB_P', 'EMB_P', 'EMB_P', 'EMB_P', 'EMB_P', 'EMB_P', 'EMB_P', 'EMB_P', 'EMB_P', 'EMB_P', 'EMB_P', 'EMB_P', 'EMB_P', 'EMB_P', 'EMB_P', 'EMB_P', 'EMB_P', 'EMB_P', 'EMB_P', 'EMB_P', 'EMB_P', 'EMB_P', 'EMB_P', 'EMB_P', 'EMB_P', 'EMB_P', 'EMB_P', 'EMB_P', 'EMB_P', 'EMB_P', 'EMB_P', 'EMB_P', 'EMB_P', 'EMB_P', 'EMB_P', 'EMB_P', 'EMB_P', 'EMB_P', 'EMB_P', 'EMB_P', 'EMB_P', 'EMB_P', 'EMB_P', 'EMB_P', 'EMB_P', 'EMB_P', 'EMB_P', 'EMB_P', 'EMB_P']"
307,роллы,очень вкусная,29350:1_1194,"В ресторане очень вкусная еда, в частности- суши, роллы, свинной шашлык,теплый мексиканский салат(рекомендую)!!! 2.",7.8,7.0,"['EMB_O', 'EMB_O', 'ASP_S', 'EMB_O', 'EMB_O', 'OPN_B', 'OPN_I', 'OPN_I', 'OPN_I', 'OPN_E', 'EMB_O', 'EMB_O', 'EMB_O', 'EMB_O', 'EMB_O', 'EMB_O', 'EMB_O', 'EMB_O', 'EMB_O', 'EMB_O', 'ASP_B', 'ASP_E', 'EMB_O', 'EMB_O', 'EMB_O', 'EMB_O', 'EMB_O', 'EMB_O', 'EMB_O', 'EMB_O', 'EMB_O', 'EMB_O', 'EMB_O', 'EMB_O', 'EMB_O', 'EMB_O', 'EMB_O', 'EMB_O', 'EMB_O', 'EMB_O', 'EMB_O', 'EMB_O', 'EMB_O', 'EMB_O', 'EMB_O', 'EMB_O', 'EMB_O', 'EMB_O', 'EMB_O', 'EMB_O', 'EMB_P', 'EMB_P', 'EMB_P', 'EMB_P', 'EMB_P', 'EMB_P', 'EMB_P', 'EMB_P', 'EMB_P', 'EMB_P', 'EMB_P', 'EMB_P', 'EMB_P', 'EMB_P', 'EMB_P', 'EMB_P', 'EMB_P', 'EMB_P', 'EMB_P', 'EMB_P', 'EMB_P', 'EMB_P', 'EMB_P', 'EMB_P', 'EMB_P', 'EMB_P', 'EMB_P', 'EMB_P', 'EMB_P', 'EMB_P', 'EMB_P', 'EMB_P', 'EMB_P', 'EMB_P', 'EMB_P', 'EMB_P', 'EMB_P', 'EMB_P', 'EMB_P', 'EMB_P', 'EMB_P', 'EMB_P', 'EMB_P', 'EMB_P', 'EMB_P', 'EMB_P', 'EMB_P', 'EMB_P', 'EMB_P', 'EMB_P', 'EMB_P', 'EMB_P', 'EMB_P', 'EMB_P', 'EMB_P', 'EMB_P', 'EMB_P', 'EMB_P', 'EMB_P', 'EMB_P', 'EMB_P', 'EMB_P', 'EMB_P', 'EMB_P', 'EMB_P', 'EMB_P', 'EMB_P', 'EMB_P', 'EMB_P', 'EMB_P', 'EMB_P', 'EMB_P', 'EMB_P', 'EMB_P', 'EMB_P', 'EMB_P', 'EMB_P', 'EMB_P']"
308,свинной шашлык,очень вкусная,29350:1_1194,"В ресторане очень вкусная еда, в частности- суши, роллы, свинной шашлык,теплый мексиканский салат(рекомендую)!!! 2.",7.8,7.0,"['EMB_O', 'EMB_O', 'EMB_O', 'EMB_O', 'EMB_O', 'OPN_B', 'OPN_I', 'OPN_I', 'OPN_I', 'OPN_E', 'EMB_O', 'EMB_O', 'EMB_O', 'EMB_O', 'EMB_O', 'EMB_O', 'EMB_O', 'EMB_O', 'EMB_O', 'EMB_O', 'EMB_O', 'EMB_O', 'EMB_O', 'ASP_B', 'ASP_I', 'ASP_I', 'ASP_I', 'ASP_E', 'EMB_O', 'EMB_O', 'EMB_O', 'EMB_O', 'EMB_O', 'EMB_O', 'EMB_O', 'EMB_O', 'EMB_O', 'EMB_O', 'EMB_O', 'EMB_O', 'EMB_O', 'EMB_O', 'EMB_O', 'EMB_O', 'EMB_O', 'EMB_O', 'EMB_O', 'EMB_O', 'EMB_O', 'EMB_O', 'EMB_P', 'EMB_P', 'EMB_P', 'EMB_P', 'EMB_P', 'EMB_P', 'EMB_P', 'EMB_P', 'EMB_P', 'EMB_P', 'EMB_P', 'EMB_P', 'EMB_P', 'EMB_P', 'EMB_P', 'EMB_P', 'EMB_P', 'EMB_P', 'EMB_P', 'EMB_P', 'EMB_P', 'EMB_P', 'EMB_P', 'EMB_P', 'EMB_P', 'EMB_P', 'EMB_P', 'EMB_P', 'EMB_P', 'EMB_P', 'EMB_P', 'EMB_P', 'EMB_P', 'EMB_P', 'EMB_P', 'EMB_P', 'EMB_P', 'EMB_P', 'EMB_P', 'EMB_P', 'EMB_P', 'EMB_P', 'EMB_P', 'EMB_P', 'EMB_P', 'EMB_P', 'EMB_P', 'EMB_P', 'EMB_P', 'EMB_P', 'EMB_P', 'EMB_P', 'EMB_P', 'EMB_P', 'EMB_P', 'EMB_P', 'EMB_P', 'EMB_P', 'EMB_P', 'EMB_P', 'EMB_P', 'EMB_P', 'EMB_P', 'EMB_P', 'EMB_P', 'EMB_P', 'EMB_P', 'EMB_P', 'EMB_P', 'EMB_P', 'EMB_P', 'EMB_P', 'EMB_P', 'EMB_P', 'EMB_P', 'EMB_P', 'EMB_P', 'EMB_P']"
309,теплый мексиканский салат,очень вкусная,29350:1_1194,"В ресторане очень вкусная еда, в частности- суши, роллы, свинной шашлык,теплый мексиканский салат(рекомендую)!!! 2.",8.17,7.83,"['EMB_O', 'EMB_O', 'EMB_O', 'EMB_O', 'EMB_O', 'OPN_B', 'OPN_I', 'OPN_I', 'OPN_I', 'OPN_E', 'EMB_O', 'EMB_O', 'EMB_O', 'EMB_O', 'EMB_O', 'EMB_O', 'EMB_O', 'EMB_O', 'EMB_O', 'EMB_O', 'EMB_O', 'EMB_O', 'EMB_O', 'EMB_O', 'EMB_O', 'EMB_O', 'EMB_O', 'EMB_O', 'EMB_O', 'ASP_B', 'ASP_I', 'ASP_I', 'ASP_I', 'ASP_I', 'ASP_I', 'ASP_I', 'ASP_I', 'ASP_E', 'EMB_O', 'EMB_O', 'EMB_O', 'EMB_O', 'EMB_O', 'EMB_O', 'EMB_O', 'EMB_O', 'EMB_O', 'EMB_O', 'EMB_O', 'EMB_O', 'EMB_P', 'EMB_P', 'EMB_P', 'EMB_P', 'EMB_P', 'EMB_P', 'EMB_P', 'EMB_P', 'EMB_P', 'EMB_P', 'EMB_P', 'EMB_P', 'EMB_P', 'EMB_P', 'EMB_P', 'EMB_P', 'EMB_P', 'EMB_P', 'EMB_P', 'EMB_P', 'EMB_P', 'EMB_P', 'EMB_P', 'EMB_P', 'EMB_P', 'EMB_P', 'EMB_P', 'EMB_P', 'EMB_P', 'EMB_P', 'EMB_P', 'EMB_P', 'EMB_P', 'EMB_P', 'EMB_P', 'EMB_P', 'EMB_P', 'EMB_P', 'EMB_P', 'EMB_P', 'EMB_P', 'EMB_P', 'EMB_P', 'EMB_P', 'EMB_P', 'EMB_P', 'EMB_P', 'EMB_P', 'EMB_P', 'EMB_P', 'EMB_P', 'EMB_P', 'EMB_P', 'EMB_P', 'EMB_P', 'EMB_P', 'EMB_P', 'EMB_P', 'EMB_P', 'EMB_P', 'EMB_P', 'EMB_P', 'EMB_P', 'EMB_P', 'EMB_P', 'EMB_P', 'EMB_P', 'EMB_P', 'EMB_P', 'EMB_P', 'EMB_P', 'EMB_P', 'EMB_P', 'EMB_P', 'EMB_P', 'EMB_P', 'EMB_P', 'EMB_P']"
310,большого пространства,Слегка не уютно,29350:2_1195,"Слегка не уютно, от большого пространства и не много прохладно(зимой), но летом - это супер виды из окна!!! 3.",3.33,5.33,"['EMB_O', 'OPN_B', 'OPN_I', 'OPN_I', 'OPN_I', 'OPN_I', 'OPN_I', 'OPN_I', 'OPN_E', 'EMB_O', 'EMB_O', 'ASP_B', 'ASP_E', 'EMB_O', 'EMB_O', 'EMB_O', 'EMB_O', 'EMB_O', 'EMB_O', 'EMB_O', 'EMB_O', 'EMB_O', 'EMB_O', 'EMB_O', 'EMB_O', 'EMB_O', 'EMB_O', 'EMB_O', 'EMB_O', 'EMB_O', 'EMB_O', 'EMB_O', 'EMB_O', 'EMB_O', 'EMB_O', 'EMB_O', 'EMB_O', 'EMB_O', 'EMB_O', 'EMB_O', 'EMB_O', 'EMB_P', 'EMB_P', 'EMB_P', 'EMB_P', 'EMB_P', 'EMB_P', 'EMB_P', 'EMB_P', 'EMB_P', 'EMB_P', 'EMB_P', 'EMB_P', 'EMB_P', 'EMB_P', 'EMB_P', 'EMB_P', 'EMB_P', 'EMB_P', 'EMB_P', 'EMB_P', 'EMB_P', 'EMB_P', 'EMB_P', 'EMB_P', 'EMB_P', 'EMB_P', 'EMB_P', 'EMB_P', 'EMB_P', 'EMB_P', 'EMB_P', 'EMB_P', 'EMB_P', 'EMB_P', 'EMB_P', 'EMB_P', 'EMB_P', 'EMB_P', 'EMB_P', 'EMB_P', 'EMB_P', 'EMB_P', 'EMB_P', 'EMB_P', 'EMB_P', 'EMB_P', 'EMB_P', 'EMB_P', 'EMB_P', 'EMB_P', 'EMB_P', 'EMB_P', 'EMB_P', 'EMB_P', 'EMB_P', 'EMB_P', 'EMB_P', 'EMB_P', 'EMB_P', 'EMB_P', 'EMB_P', 'EMB_P', 'EMB_P', 'EMB_P', 'EMB_P', 'EMB_P', 'EMB_P', 'EMB_P', 'EMB_P', 'EMB_P', 'EMB_P', 'EMB_P', 'EMB_P', 'EMB_P', 'EMB_P', 'EMB_P', 'EMB_P', 'EMB_P', 'EMB_P', 'EMB_P', 'EMB_P', 'EMB_P', 'EMB_P', 'EMB_P', 'EMB_P', 'EMB_P', 'EMB_P']"
311,виды из окна,супер,29350:2_1195,"Слегка не уютно, от большого пространства и не много прохладно(зимой), но летом - это супер виды из окна!!! 3.",8.1,7.8,"['EMB_O', 'EMB_O', 'EMB_O', 'EMB_O', 'EMB_O', 'EMB_O', 'EMB_O', 'EMB_O', 'EMB_O', 'EMB_O', 'EMB_O', 'EMB_O', 'EMB_O', 'EMB_O', 'EMB_O', 'EMB_O', 'EMB_O', 'EMB_O', 'EMB_O', 'EMB_O', 'EMB_O', 'EMB_O', 'EMB_O', 'EMB_O', 'EMB_O', 'EMB_O', 'EMB_O', 'EMB_O', 'EMB_O', 'OPN_B', 'OPN_E', 'ASP_B', 'ASP_I', 'ASP_I', 'ASP_E', 'EMB_O', 'EMB_O', 'EMB_O', 'EMB_O', 'EMB_O', 'EMB_O', 'EMB_P', 'EMB_P', 'EMB_P', 'EMB_P', 'EMB_P', 'EMB_P', 'EMB_P', 'EMB_P', 'EMB_P', 'EMB_P', 'EMB_P', 'EMB_P', 'EMB_P', 'EMB_P', 'EMB_P', 'EMB_P', 'EMB_P', 'EMB_P', 'EMB_P', 'EMB_P', 'EMB_P', 'EMB_P', 'EMB_P', 'EMB_P', 'EMB_P', 'EMB_P', 'EMB_P', 'EMB_P', 'EMB_P', 'EMB_P', 'EMB_P', 'EMB_P', 'EMB_P', 'EMB_P', 'EMB_P', 'EMB_P', 'EMB_P', 'EMB_P', 'EMB_P', 'EMB_P', 'EMB_P', 'EMB_P', 'EMB_P', 'EMB_P', 'EMB_P', 'EMB_P', 'EMB_P', 'EMB_P', 'EMB_P', 'EMB_P', 'EMB_P', 'EMB_P', 'EMB_P', 'EMB_P', 'EMB_P', 'EMB_P', 'EMB_P', 'EMB_P', 'EMB_P', 'EMB_P', 'EMB_P', 'EMB_P', 'EMB_P', 'EMB_P', 'EMB_P', 'EMB_P', 'EMB_P', 'EMB_P', 'EMB_P', 'EMB_P', 'EMB_P', 'EMB_P', 'EMB_P', 'EMB_P', 'EMB_P', 'EMB_P', 'EMB_P', 'EMB_P', 'EMB_P', 'EMB_P', 'EMB_P', 'EMB_P', 'EMB_P', 'EMB_P', 'EMB_P', 'EMB_P', 'EMB_P']"
312,Сервис,очень хороший,29350:3_1196,"Сервис, на мой взгляд очень хороший, начиная от встречи гостя до проводов.",7.5,6.88,"['EMB_O', 'ASP_B', 'ASP_I', 'ASP_E', 'EMB_O', 'EMB_O', 'EMB_O', 'EMB_O', 'EMB_O', 'EMB_O', 'EMB_O', 'OPN_B', 'OPN_I', 'OPN_I', 'OPN_E', 'EMB_O', 'EMB_O', 'EMB_O', 'EMB_O', 'EMB_O', 'EMB_O', 'EMB_O', 'EMB_O', 'EMB_O', 'EMB_O', 'EMB_O', 'EMB_O', 'EMB_O', 'EMB_P', 'EMB_P', 'EMB_P', 'EMB_P', 'EMB_P', 'EMB_P', 'EMB_P', 'EMB_P', 'EMB_P', 'EMB_P', 'EMB_P', 'EMB_P', 'EMB_P', 'EMB_P', 'EMB_P', 'EMB_P', 'EMB_P', 'EMB_P', 'EMB_P', 'EMB_P', 'EMB_P', 'EMB_P', 'EMB_P', 'EMB_P', 'EMB_P', 'EMB_P', 'EMB_P', 'EMB_P', 'EMB_P', 'EMB_P', 'EMB_P', 'EMB_P', 'EMB_P', 'EMB_P', 'EMB_P', 'EMB_P', 'EMB_P', 'EMB_P', 'EMB_P', 'EMB_P', 'EMB_P', 'EMB_P', 'EMB_P', 'EMB_P', 'EMB_P', 'EMB_P', 'EMB_P', 'EMB_P', 'EMB_P', 'EMB_P', 'EMB_P', 'EMB_P', 'EMB_P', 'EMB_P', 'EMB_P', 'EMB_P', 'EMB_P', 'EMB_P', 'EMB_P', 'EMB_P', 'EMB_P', 'EMB_P', 'EMB_P', 'EMB_P', 'EMB_P', 'EMB_P', 'EMB_P', 'EMB_P', 'EMB_P', 'EMB_P', 'EMB_P', 'EMB_P', 'EMB_P', 'EMB_P', 'EMB_P', 'EMB_P', 'EMB_P', 'EMB_P', 'EMB_P', 'EMB_P', 'EMB_P', 'EMB_P', 'EMB_P', 'EMB_P', 'EMB_P', 'EMB_P', 'EMB_P', 'EMB_P', 'EMB_P', 'EMB_P', 'EMB_P', 'EMB_P', 'EMB_P', 'EMB_P', 'EMB_P', 'EMB_P', 'EMB_P', 'EMB_P', 'EMB_P', 'EMB_P']"
313,встречи гостя,очень хороший,29350:3_1196,"Сервис, на мой взгляд очень хороший, начиная от встречи гостя до проводов.",7.5,6.88,"['EMB_O', 'EMB_O', 'EMB_O', 'EMB_O', 'EMB_O', 'EMB_O', 'EMB_O', 'EMB_O', 'EMB_O', 'EMB_O', 'EMB_O', 'OPN_B', 'OPN_I', 'OPN_I', 'OPN_E', 'EMB_O', 'EMB_O', 'EMB_O', 'ASP_B', 'ASP_I', 'ASP_I', 'ASP_E', 'EMB_O', 'EMB_O', 'EMB_O', 'EMB_O', 'EMB_O', 'EMB_O', 'EMB_P', 'EMB_P', 'EMB_P', 'EMB_P', 'EMB_P', 'EMB_P', 'EMB_P', 'EMB_P', 'EMB_P', 'EMB_P', 'EMB_P', 'EMB_P', 'EMB_P', 'EMB_P', 'EMB_P', 'EMB_P', 'EMB_P', 'EMB_P', 'EMB_P', 'EMB_P', 'EMB_P', 'EMB_P', 'EMB_P', 'EMB_P', 'EMB_P', 'EMB_P', 'EMB_P', 'EMB_P', 'EMB_P', 'EMB_P', 'EMB_P', 'EMB_P', 'EMB_P', 'EMB_P', 'EMB_P', 'EMB_P', 'EMB_P', 'EMB_P', 'EMB_P', 'EMB_P', 'EMB_P', 'EMB_P', 'EMB_P', 'EMB_P', 'EMB_P', 'EMB_P', 'EMB_P', 'EMB_P', 'EMB_P', 'EMB_P', 'EMB_P', 'EMB_P', 'EMB_P', 'EMB_P', 'EMB_P', 'EMB_P', 'EMB_P', 'EMB_P', 'EMB_P', 'EMB_P', 'EMB_P', 'EMB_P', 'EMB_P', 'EMB_P', 'EMB_P', 'EMB_P', 'EMB_P', 'EMB_P', 'EMB_P', 'EMB_P', 'EMB_P', 'EMB_P', 'EMB_P', 'EMB_P', 'EMB_P', 'EMB_P', 'EMB_P', 'EMB_P', 'EMB_P', 'EMB_P', 'EMB_P', 'EMB_P', 'EMB_P', 'EMB_P', 'EMB_P', 'EMB_P', 'EMB_P', 'EMB_P', 'EMB_P', 'EMB_P', 'EMB_P', 'EMB_P', 'EMB_P', 'EMB_P', 'EMB_P', 'EMB_P', 'EMB_P', 'EMB_P', 'EMB_P', 'EMB_P']"
314,проводов,очень хороший,29350:3_1196,"Сервис, на мой взгляд очень хороший, начиная от встречи гостя до проводов.",7.5,6.88,"['EMB_O', 'EMB_O', 'EMB_O', 'EMB_O', 'EMB_O', 'EMB_O', 'EMB_O', 'EMB_O', 'EMB_O', 'EMB_O', 'EMB_O', 'OPN_B', 'OPN_I', 'OPN_I', 'OPN_E', 'EMB_O', 'EMB_O', 'EMB_O', 'EMB_O', 'EMB_O', 'EMB_O', 'EMB_O', 'EMB_O', 'ASP_B', 'ASP_I', 'ASP_E', 'EMB_O', 'EMB_O', 'EMB_P', 'EMB_P', 'EMB_P', 'EMB_P', 'EMB_P', 'EMB_P', 'EMB_P', 'EMB_P', 'EMB_P', 'EMB_P', 'EMB_P', 'EMB_P', 'EMB_P', 'EMB_P', 'EMB_P', 'EMB_P', 'EMB_P', 'EMB_P', 'EMB_P', 'EMB_P', 'EMB_P', 'EMB_P', 'EMB_P', 'EMB_P', 'EMB_P', 'EMB_P', 'EMB_P', 'EMB_P', 'EMB_P', 'EMB_P', 'EMB_P', 'EMB_P', 'EMB_P', 'EMB_P', 'EMB_P', 'EMB_P', 'EMB_P', 'EMB_P', 'EMB_P', 'EMB_P', 'EMB_P', 'EMB_P', 'EMB_P', 'EMB_P', 'EMB_P', 'EMB_P', 'EMB_P', 'EMB_P', 'EMB_P', 'EMB_P', 'EMB_P', 'EMB_P', 'EMB_P', 'EMB_P', 'EMB_P', 'EMB_P', 'EMB_P', 'EMB_P', 'EMB_P', 'EMB_P', 'EMB_P', 'EMB_P', 'EMB_P', 'EMB_P', 'EMB_P', 'EMB_P', 'EMB_P', 'EMB_P', 'EMB_P', 'EMB_P', 'EMB_P', 'EMB_P', 'EMB_P', 'EMB_P', 'EMB_P', 'EMB_P', 'EMB_P', 'EMB_P', 'EMB_P', 'EMB_P', 'EMB_P', 'EMB_P', 'EMB_P', 'EMB_P', 'EMB_P', 'EMB_P', 'EMB_P', 'EMB_P', 'EMB_P', 'EMB_P', 'EMB_P', 'EMB_P', 'EMB_P', 'EMB_P', 'EMB_P', 'EMB_P', 'EMB_P', 'EMB_P', 'EMB_P', 'EMB_P']"
315,Персонал,очень вежливый,29350:4_1197,"Персонал очень вежливый (особенно официантка Анастасия),приветливый и хорошо знает состав блюд, что не мало важно.",7.7,6.9,"['EMB_O', 'ASP_B', 'ASP_I', 'ASP_E', 'OPN_B', 'OPN_I', 'OPN_I', 'OPN_I', 'OPN_E', 'EMB_O', 'EMB_O', 'EMB_O', 'EMB_O', 'EMB_O', 'EMB_O', 'EMB_O', 'EMB_O', 'EMB_O', 'EMB_O', 'EMB_O', 'EMB_O', 'EMB_O', 'EMB_O', 'EMB_O', 'EMB_O', 'EMB_O', 'EMB_O', 'EMB_O', 'EMB_O', 'EMB_O', 'EMB_O', 'EMB_O', 'EMB_O', 'EMB_O', 'EMB_O', 'EMB_O', 'EMB_O', 'EMB_O', 'EMB_O', 'EMB_O', 'EMB_O', 'EMB_P', 'EMB_P', 'EMB_P', 'EMB_P', 'EMB_P', 'EMB_P', 'EMB_P', 'EMB_P', 'EMB_P', 'EMB_P', 'EMB_P', 'EMB_P', 'EMB_P', 'EMB_P', 'EMB_P', 'EMB_P', 'EMB_P', 'EMB_P', 'EMB_P', 'EMB_P', 'EMB_P', 'EMB_P', 'EMB_P', 'EMB_P', 'EMB_P', 'EMB_P', 'EMB_P', 'EMB_P', 'EMB_P', 'EMB_P', 'EMB_P', 'EMB_P', 'EMB_P', 'EMB_P', 'EMB_P', 'EMB_P', 'EMB_P', 'EMB_P', 'EMB_P', 'EMB_P', 'EMB_P', 'EMB_P', 'EMB_P', 'EMB_P', 'EMB_P', 'EMB_P', 'EMB_P', 'EMB_P', 'EMB_P', 'EMB_P', 'EMB_P', 'EMB_P', 'EMB_P', 'EMB_P', 'EMB_P', 'EMB_P', 'EMB_P', 'EMB_P', 'EMB_P', 'EMB_P', 'EMB_P', 'EMB_P', 'EMB_P', 'EMB_P', 'EMB_P', 'EMB_P', 'EMB_P', 'EMB_P', 'EMB_P', 'EMB_P', 'EMB_P', 'EMB_P', 'EMB_P', 'EMB_P', 'EMB_P', 'EMB_P', 'EMB_P', 'EMB_P', 'EMB_P', 'EMB_P', 'EMB_P', 'EMB_P', 'EMB_P', 'EMB_P', 'EMB_P', 'EMB_P', 'EMB_P']"
316,официантка,очень вежливый,29350:4_1197,"Персонал очень вежливый (особенно официантка Анастасия),приветливый и хорошо знает состав блюд, что не мало важно.",7.62,7.0,"['EMB_O', 'EMB_O', 'EMB_O', 'EMB_O', 'OPN_B', 'OPN_I', 'OPN_I', 'OPN_I', 'OPN_E', 'EMB_O', 'EMB_O', 'ASP_B', 'ASP_I', 'ASP_I', 'ASP_I', 'ASP_E', 'EMB_O', 'EMB_O', 'EMB_O', 'EMB_O', 'EMB_O', 'EMB_O', 'EMB_O', 'EMB_O', 'EMB_O', 'EMB_O', 'EMB_O', 'EMB_O', 'EMB_O', 'EMB_O', 'EMB_O', 'EMB_O', 'EMB_O', 'EMB_O', 'EMB_O', 'EMB_O', 'EMB_O', 'EMB_O', 'EMB_O', 'EMB_O', 'EMB_O', 'EMB_P', 'EMB_P', 'EMB_P', 'EMB_P', 'EMB_P', 'EMB_P', 'EMB_P', 'EMB_P', 'EMB_P', 'EMB_P', 'EMB_P', 'EMB_P', 'EMB_P', 'EMB_P', 'EMB_P', 'EMB_P', 'EMB_P', 'EMB_P', 'EMB_P', 'EMB_P', 'EMB_P', 'EMB_P', 'EMB_P', 'EMB_P', 'EMB_P', 'EMB_P', 'EMB_P', 'EMB_P', 'EMB_P', 'EMB_P', 'EMB_P', 'EMB_P', 'EMB_P', 'EMB_P', 'EMB_P', 'EMB_P', 'EMB_P', 'EMB_P', 'EMB_P', 'EMB_P', 'EMB_P', 'EMB_P', 'EMB_P', 'EMB_P', 'EMB_P', 'EMB_P', 'EMB_P', 'EMB_P', 'EMB_P', 'EMB_P', 'EMB_P', 'EMB_P', 'EMB_P', 'EMB_P', 'EMB_P', 'EMB_P', 'EMB_P', 'EMB_P', 'EMB_P', 'EMB_P', 'EMB_P', 'EMB_P', 'EMB_P', 'EMB_P', 'EMB_P', 'EMB_P', 'EMB_P', 'EMB_P', 'EMB_P', 'EMB_P', 'EMB_P', 'EMB_P', 'EMB_P', 'EMB_P', 'EMB_P', 'EMB_P', 'EMB_P', 'EMB_P', 'EMB_P', 'EMB_P', 'EMB_P', 'EMB_P', 'EMB_P', 'EMB_P', 'EMB_P', 'EMB_P', 'EMB_P']"
317,Интерьер,оставляет желать лучшего,29383:3_1198,"Интерьер оставляет желать лучшего, но может быть для такого завидения это нормально.",4.3,4.0,"['EMB_O', 'ASP_B', 'ASP_I', 'ASP_E', 'OPN_B', 'OPN_I', 'OPN_I', 'OPN_I', 'OPN_I', 'OPN_I', 'OPN_I', 'OPN_E', 'EMB_O', 'EMB_O', 'EMB_O', 'EMB_O', 'EMB_O', 'EMB_O', 'EMB_O', 'EMB_O', 'EMB_O', 'EMB_O', 'EMB_O', 'EMB_O', 'EMB_O', 'EMB_P', 'EMB_P', 'EMB_P', 'EMB_P', 'EMB_P', 'EMB_P', 'EMB_P', 'EMB_P', 'EMB_P', 'EMB_P', 'EMB_P', 'EMB_P', 'EMB_P', 'EMB_P', 'EMB_P', 'EMB_P', 'EMB_P', 'EMB_P', 'EMB_P', 'EMB_P', 'EMB_P', 'EMB_P', 'EMB_P', 'EMB_P', 'EMB_P', 'EMB_P', 'EMB_P', 'EMB_P', 'EMB_P', 'EMB_P', 'EMB_P', 'EMB_P', 'EMB_P', 'EMB_P', 'EMB_P', 'EMB_P', 'EMB_P', 'EMB_P', 'EMB_P', 'EMB_P', 'EMB_P', 'EMB_P', 'EMB_P', 'EMB_P', 'EMB_P', 'EMB_P', 'EMB_P', 'EMB_P', 'EMB_P', 'EMB_P', 'EMB_P', 'EMB_P', 'EMB_P', 'EMB_P', 'EMB_P', 'EMB_P', 'EMB_P', 'EMB_P', 'EMB_P', 'EMB_P', 'EMB_P', 'EMB_P', 'EMB_P', 'EMB_P', 'EMB_P', 'EMB_P', 'EMB_P', 'EMB_P', 'EMB_P', 'EMB_P', 'EMB_P', 'EMB_P', 'EMB_P', 'EMB_P', 'EMB_P', 'EMB_P', 'EMB_P', 'EMB_P', 'EMB_P', 'EMB_P', 'EMB_P', 'EMB_P', 'EMB_P', 'EMB_P', 'EMB_P', 'EMB_P', 'EMB_P', 'EMB_P', 'EMB_P', 'EMB_P', 'EMB_P', 'EMB_P', 'EMB_P', 'EMB_P', 'EMB_P', 'EMB_P', 'EMB_P', 'EMB_P', 'EMB_P', 'EMB_P', 'EMB_P', 'EMB_P', 'EMB_P']"
318,кондиционеров,Ужасно накурено,29383:4_1199,"Ужасно накурено, незнаю как у них на счет кондиционеров, это учесть что в ресторане есть детская комната и детское меню.",1.5,8.0,"['EMB_O', 'OPN_B', 'OPN_I', 'OPN_I', 'OPN_I', 'OPN_I', 'OPN_I', 'OPN_E', 'EMB_O', 'EMB_O', 'EMB_O', 'EMB_O', 'EMB_O', 'EMB_O', 'EMB_O', 'EMB_O', 'EMB_O', 'EMB_O', 'ASP_B', 'ASP_I', 'ASP_I', 'ASP_I', 'ASP_E', 'EMB_O', 'EMB_O', 'EMB_O', 'EMB_O', 'EMB_O', 'EMB_O', 'EMB_O', 'EMB_O', 'EMB_O', 'EMB_O', 'EMB_O', 'EMB_O', 'EMB_O', 'EMB_O', 'EMB_O', 'EMB_O', 'EMB_O', 'EMB_O', 'EMB_O', 'EMB_O', 'EMB_O', 'EMB_O', 'EMB_O', 'EMB_O', 'EMB_P', 'EMB_P', 'EMB_P', 'EMB_P', 'EMB_P', 'EMB_P', 'EMB_P', 'EMB_P', 'EMB_P', 'EMB_P', 'EMB_P', 'EMB_P', 'EMB_P', 'EMB_P', 'EMB_P', 'EMB_P', 'EMB_P', 'EMB_P', 'EMB_P', 'EMB_P', 'EMB_P', 'EMB_P', 'EMB_P', 'EMB_P', 'EMB_P', 'EMB_P', 'EMB_P', 'EMB_P', 'EMB_P', 'EMB_P', 'EMB_P', 'EMB_P', 'EMB_P', 'EMB_P', 'EMB_P', 'EMB_P', 'EMB_P', 'EMB_P', 'EMB_P', 'EMB_P', 'EMB_P', 'EMB_P', 'EMB_P', 'EMB_P', 'EMB_P', 'EMB_P', 'EMB_P', 'EMB_P', 'EMB_P', 'EMB_P', 'EMB_P', 'EMB_P', 'EMB_P', 'EMB_P', 'EMB_P', 'EMB_P', 'EMB_P', 'EMB_P', 'EMB_P', 'EMB_P', 'EMB_P', 'EMB_P', 'EMB_P', 'EMB_P', 'EMB_P', 'EMB_P', 'EMB_P', 'EMB_P', 'EMB_P', 'EMB_P', 'EMB_P', 'EMB_P', 'EMB_P', 'EMB_P', 'EMB_P', 'EMB_P', 'EMB_P', 'EMB_P', 'EMB_P', 'EMB_P', 'EMB_P']"
319,салат Дор-брю,Очень понравился,29383:6_1200,"Очень понравился салат Дор-брю(помидоры, огурцы, перец,свежие сырые шампиньоны, сыр Дор-брю, масло), Фирменное блюдо колбаски к пиву, которые при подаче поджигают, если честно, думала что фирменное блюдо должно быть посолиднее.",8.12,7.62,"['EMB_O', 'OPN_B', 'OPN_I', 'OPN_I', 'OPN_I', 'OPN_I', 'OPN_E', 'ASP_B', 'ASP_I', 'ASP_I', 'ASP_I', 'ASP_I', 'ASP_I', 'ASP_E', 'EMB_O', 'EMB_O', 'EMB_O', 'EMB_O', 'EMB_O', 'EMB_O', 'EMB_O', 'EMB_O', 'EMB_O', 'EMB_O', 'EMB_O', 'EMB_O', 'EMB_O', 'EMB_O', 'EMB_O', 'EMB_O', 'EMB_O', 'EMB_O', 'EMB_O', 'EMB_O', 'EMB_O', 'EMB_O', 'EMB_O', 'EMB_O', 'EMB_O', 'EMB_O', 'EMB_O', 'EMB_O', 'EMB_O', 'EMB_O', 'EMB_O', 'EMB_O', 'EMB_O', 'EMB_O', 'EMB_O', 'EMB_O', 'EMB_O', 'EMB_O', 'EMB_O', 'EMB_O', 'EMB_O', 'EMB_O', 'EMB_O', 'EMB_O', 'EMB_O', 'EMB_O', 'EMB_O', 'EMB_O', 'EMB_O', 'EMB_O', 'EMB_O', 'EMB_O', 'EMB_O', 'EMB_O', 'EMB_O', 'EMB_O', 'EMB_O', 'EMB_O', 'EMB_O', 'EMB_O', 'EMB_O', 'EMB_O', 'EMB_O', 'EMB_O', 'EMB_O', 'EMB_O', 'EMB_O', 'EMB_O', 'EMB_O', 'EMB_O', 'EMB_O', 'EMB_O', 'EMB_O', 'EMB_O', 'EMB_O', 'EMB_O', 'EMB_O', 'EMB_O', 'EMB_O', 'EMB_O', 'EMB_O', 'EMB_O', 'EMB_O', 'EMB_O', 'EMB_P', 'EMB_P', 'EMB_P', 'EMB_P', 'EMB_P', 'EMB_P', 'EMB_P', 'EMB_P', 'EMB_P', 'EMB_P', 'EMB_P', 'EMB_P', 'EMB_P', 'EMB_P', 'EMB_P', 'EMB_P', 'EMB_P', 'EMB_P', 'EMB_P', 'EMB_P', 'EMB_P', 'EMB_P', 'EMB_P', 'EMB_P', 'EMB_P', 'EMB_P', 'EMB_P', 'EMB_P', 'EMB_P', 'EMB_P']"
320,помидоры,Очень понравился,29383:6_1200,"Очень понравился салат Дор-брю(помидоры, огурцы, перец,свежие сырые шампиньоны, сыр Дор-брю, масло), Фирменное блюдо колбаски к пиву, которые при подаче поджигают, если честно, думала что фирменное блюдо должно быть посолиднее.",7.88,7.62,"['EMB_O', 'OPN_B', 'OPN_I', 'OPN_I', 'OPN_I', 'OPN_I', 'OPN_E', 'EMB_O', 'EMB_O', 'EMB_O', 'EMB_O', 'EMB_O', 'EMB_O', 'EMB_O', 'EMB_O', 'ASP_B', 'ASP_I', 'ASP_E', 'EMB_O', 'EMB_O', 'EMB_O', 'EMB_O', 'EMB_O', 'EMB_O', 'EMB_O', 'EMB_O', 'EMB_O', 'EMB_O', 'EMB_O', 'EMB_O', 'EMB_O', 'EMB_O', 'EMB_O', 'EMB_O', 'EMB_O', 'EMB_O', 'EMB_O', 'EMB_O', 'EMB_O', 'EMB_O', 'EMB_O', 'EMB_O', 'EMB_O', 'EMB_O', 'EMB_O', 'EMB_O', 'EMB_O', 'EMB_O', 'EMB_O', 'EMB_O', 'EMB_O', 'EMB_O', 'EMB_O', 'EMB_O', 'EMB_O', 'EMB_O', 'EMB_O', 'EMB_O', 'EMB_O', 'EMB_O', 'EMB_O', 'EMB_O', 'EMB_O', 'EMB_O', 'EMB_O', 'EMB_O', 'EMB_O', 'EMB_O', 'EMB_O', 'EMB_O', 'EMB_O', 'EMB_O', 'EMB_O', 'EMB_O', 'EMB_O', 'EMB_O', 'EMB_O', 'EMB_O', 'EMB_O', 'EMB_O', 'EMB_O', 'EMB_O', 'EMB_O', 'EMB_O', 'EMB_O', 'EMB_O', 'EMB_O', 'EMB_O', 'EMB_O', 'EMB_O', 'EMB_O', 'EMB_O', 'EMB_O', 'EMB_O', 'EMB_O', 'EMB_O', 'EMB_O', 'EMB_O', 'EMB_P', 'EMB_P', 'EMB_P', 'EMB_P', 'EMB_P', 'EMB_P', 'EMB_P', 'EMB_P', 'EMB_P', 'EMB_P', 'EMB_P', 'EMB_P', 'EMB_P', 'EMB_P', 'EMB_P', 'EMB_P', 'EMB_P', 'EMB_P', 'EMB_P', 'EMB_P', 'EMB_P', 'EMB_P', 'EMB_P', 'EMB_P', 'EMB_P', 'EMB_P', 'EMB_P', 'EMB_P', 'EMB_P', 'EMB_P']"
321,огурцы,Очень понравился,29383:6_1200,"Очень понравился салат Дор-брю(помидоры, огурцы, перец,свежие сырые шампиньоны, сыр Дор-брю, масло), Фирменное блюдо колбаски к пиву, которые при подаче поджигают, если честно, думала что фирменное блюдо должно быть посолиднее.",7.88,7.62,"['EMB_O', 'OPN_B', 'OPN_I', 'OPN_I', 'OPN_I', 'OPN_I', 'OPN_E', 'EMB_O', 'EMB_O', 'EMB_O', 'EMB_O', 'EMB_O', 'EMB_O', 'EMB_O', 'EMB_O', 'EMB_O', 'EMB_O', 'EMB_O', 'EMB_O', 'ASP_B', 'ASP_I', 'ASP_I', 'ASP_E', 'EMB_O', 'EMB_O', 'EMB_O', 'EMB_O', 'EMB_O', 'EMB_O', 'EMB_O', 'EMB_O', 'EMB_O', 'EMB_O', 'EMB_O', 'EMB_O', 'EMB_O', 'EMB_O', 'EMB_O', 'EMB_O', 'EMB_O', 'EMB_O', 'EMB_O', 'EMB_O', 'EMB_O', 'EMB_O', 'EMB_O', 'EMB_O', 'EMB_O', 'EMB_O', 'EMB_O', 'EMB_O', 'EMB_O', 'EMB_O', 'EMB_O', 'EMB_O', 'EMB_O', 'EMB_O', 'EMB_O', 'EMB_O', 'EMB_O', 'EMB_O', 'EMB_O', 'EMB_O', 'EMB_O', 'EMB_O', 'EMB_O', 'EMB_O', 'EMB_O', 'EMB_O', 'EMB_O', 'EMB_O', 'EMB_O', 'EMB_O', 'EMB_O', 'EMB_O', 'EMB_O', 'EMB_O', 'EMB_O', 'EMB_O', 'EMB_O', 'EMB_O', 'EMB_O', 'EMB_O', 'EMB_O', 'EMB_O', 'EMB_O', 'EMB_O', 'EMB_O', 'EMB_O', 'EMB_O', 'EMB_O', 'EMB_O', 'EMB_O', 'EMB_O', 'EMB_O', 'EMB_O', 'EMB_O', 'EMB_O', 'EMB_P', 'EMB_P', 'EMB_P', 'EMB_P', 'EMB_P', 'EMB_P', 'EMB_P', 'EMB_P', 'EMB_P', 'EMB_P', 'EMB_P', 'EMB_P', 'EMB_P', 'EMB_P', 'EMB_P', 'EMB_P', 'EMB_P', 'EMB_P', 'EMB_P', 'EMB_P', 'EMB_P', 'EMB_P', 'EMB_P', 'EMB_P', 'EMB_P', 'EMB_P', 'EMB_P', 'EMB_P', 'EMB_P', 'EMB_P']"
322,перец,Очень понравился,29383:6_1200,"Очень понравился салат Дор-брю(помидоры, огурцы, перец,свежие сырые шампиньоны, сыр Дор-брю, масло), Фирменное блюдо колбаски к пиву, которые при подаче поджигают, если честно, думала что фирменное блюдо должно быть посолиднее.",7.88,7.62,"['EMB_O', 'OPN_B', 'OPN_I', 'OPN_I', 'OPN_I', 'OPN_I', 'OPN_E', 'EMB_O', 'EMB_O', 'EMB_O', 'EMB_O', 'EMB_O', 'EMB_O', 'EMB_O', 'EMB_O', 'EMB_O', 'EMB_O', 'EMB_O', 'EMB_O', 'EMB_O', 'EMB_O', 'EMB_O', 'EMB_O', 'EMB_O', 'ASP_B', 'ASP_E', 'EMB_O', 'EMB_O', 'EMB_O', 'EMB_O', 'EMB_O', 'EMB_O', 'EMB_O', 'EMB_O', 'EMB_O', 'EMB_O', 'EMB_O', 'EMB_O', 'EMB_O', 'EMB_O', 'EMB_O', 'EMB_O', 'EMB_O', 'EMB_O', 'EMB_O', 'EMB_O', 'EMB_O', 'EMB_O', 'EMB_O', 'EMB_O', 'EMB_O', 'EMB_O', 'EMB_O', 'EMB_O', 'EMB_O', 'EMB_O', 'EMB_O', 'EMB_O', 'EMB_O', 'EMB_O', 'EMB_O', 'EMB_O', 'EMB_O', 'EMB_O', 'EMB_O', 'EMB_O', 'EMB_O', 'EMB_O', 'EMB_O', 'EMB_O', 'EMB_O', 'EMB_O', 'EMB_O', 'EMB_O', 'EMB_O', 'EMB_O', 'EMB_O', 'EMB_O', 'EMB_O', 'EMB_O', 'EMB_O', 'EMB_O', 'EMB_O', 'EMB_O', 'EMB_O', 'EMB_O', 'EMB_O', 'EMB_O', 'EMB_O', 'EMB_O', 'EMB_O', 'EMB_O', 'EMB_O', 'EMB_O', 'EMB_O', 'EMB_O', 'EMB_O', 'EMB_O', 'EMB_P', 'EMB_P', 'EMB_P', 'EMB_P', 'EMB_P', 'EMB_P', 'EMB_P', 'EMB_P', 'EMB_P', 'EMB_P', 'EMB_P', 'EMB_P', 'EMB_P', 'EMB_P', 'EMB_P', 'EMB_P', 'EMB_P', 'EMB_P', 'EMB_P', 'EMB_P', 'EMB_P', 'EMB_P', 'EMB_P', 'EMB_P', 'EMB_P', 'EMB_P', 'EMB_P', 'EMB_P', 'EMB_P', 'EMB_P']"
323,свежие сырые шампиньоны,Очень понравился,29383:6_1200,"Очень понравился салат Дор-брю(помидоры, огурцы, перец,свежие сырые шампиньоны, сыр Дор-брю, масло), Фирменное блюдо колбаски к пиву, которые при подаче поджигают, если честно, думала что фирменное блюдо должно быть посолиднее.",7.88,7.62,"['EMB_O', 'OPN_B', 'OPN_I', 'OPN_I', 'OPN_I', 'OPN_I', 'OPN_E', 'EMB_O', 'EMB_O', 'EMB_O', 'EMB_O', 'EMB_O', 'EMB_O', 'EMB_O', 'EMB_O', 'EMB_O', 'EMB_O', 'EMB_O', 'EMB_O', 'EMB_O', 'EMB_O', 'EMB_O', 'EMB_O', 'EMB_O', 'EMB_O', 'EMB_O', 'EMB_O', 'ASP_B', 'ASP_I', 'ASP_I', 'ASP_I', 'ASP_I', 'ASP_I', 'ASP_I', 'ASP_I', 'ASP_I', 'ASP_E', 'EMB_O', 'EMB_O', 'EMB_O', 'EMB_O', 'EMB_O', 'EMB_O', 'EMB_O', 'EMB_O', 'EMB_O', 'EMB_O', 'EMB_O', 'EMB_O', 'EMB_O', 'EMB_O', 'EMB_O', 'EMB_O', 'EMB_O', 'EMB_O', 'EMB_O', 'EMB_O', 'EMB_O', 'EMB_O', 'EMB_O', 'EMB_O', 'EMB_O', 'EMB_O', 'EMB_O', 'EMB_O', 'EMB_O', 'EMB_O', 'EMB_O', 'EMB_O', 'EMB_O', 'EMB_O', 'EMB_O', 'EMB_O', 'EMB_O', 'EMB_O', 'EMB_O', 'EMB_O', 'EMB_O', 'EMB_O', 'EMB_O', 'EMB_O', 'EMB_O', 'EMB_O', 'EMB_O', 'EMB_O', 'EMB_O', 'EMB_O', 'EMB_O', 'EMB_O', 'EMB_O', 'EMB_O', 'EMB_O', 'EMB_O', 'EMB_O', 'EMB_O', 'EMB_O', 'EMB_O', 'EMB_O', 'EMB_P', 'EMB_P', 'EMB_P', 'EMB_P', 'EMB_P', 'EMB_P', 'EMB_P', 'EMB_P', 'EMB_P', 'EMB_P', 'EMB_P', 'EMB_P', 'EMB_P', 'EMB_P', 'EMB_P', 'EMB_P', 'EMB_P', 'EMB_P', 'EMB_P', 'EMB_P', 'EMB_P', 'EMB_P', 'EMB_P', 'EMB_P', 'EMB_P', 'EMB_P', 'EMB_P', 'EMB_P', 'EMB_P', 'EMB_P']"
324,сыр Дор-брю,Очень понравился,29383:6_1200,"Очень понравился салат Дор-брю(помидоры, огурцы, перец,свежие сырые шампиньоны, сыр Дор-брю, масло), Фирменное блюдо колбаски к пиву, которые при подаче поджигают, если честно, думала что фирменное блюдо должно быть посолиднее.",7.88,7.62,"['EMB_O', 'OPN_B', 'OPN_I', 'OPN_I', 'OPN_I', 'OPN_I', 'OPN_E', 'EMB_O', 'EMB_O', 'EMB_O', 'EMB_O', 'EMB_O', 'EMB_O', 'EMB_O', 'EMB_O', 'EMB_O', 'EMB_O', 'EMB_O', 'EMB_O', 'EMB_O', 'EMB_O', 'EMB_O', 'EMB_O', 'EMB_O', 'EMB_O', 'EMB_O', 'EMB_O', 'EMB_O', 'EMB_O', 'ASP_S', 'EMB_O', 'EMB_O', 'EMB_O', 'EMB_O', 'EMB_O', 'EMB_O', 'EMB_O', 'EMB_O', 'EMB_O', 'ASP_B', 'ASP_I', 'ASP_I', 'ASP_I', 'ASP_I', 'ASP_E', 'EMB_O', 'EMB_O', 'EMB_O', 'EMB_O', 'EMB_O', 'EMB_O', 'EMB_O', 'EMB_O', 'EMB_O', 'EMB_O', 'EMB_O', 'EMB_O', 'EMB_O', 'EMB_O', 'EMB_O', 'EMB_O', 'EMB_O', 'EMB_O', 'EMB_O', 'EMB_O', 'EMB_O', 'EMB_O', 'EMB_O', 'EMB_O', 'EMB_O', 'EMB_O', 'EMB_O', 'EMB_O', 'EMB_O', 'EMB_O', 'EMB_O', 'EMB_O', 'EMB_O', 'EMB_O', 'EMB_O', 'EMB_O', 'EMB_O', 'EMB_O', 'EMB_O', 'EMB_O', 'EMB_O', 'EMB_O', 'EMB_O', 'EMB_O', 'EMB_O', 'EMB_O', 'EMB_O', 'EMB_O', 'EMB_O', 'EMB_O', 'EMB_O', 'EMB_O', 'EMB_O', 'EMB_P', 'EMB_P', 'EMB_P', 'EMB_P', 'EMB_P', 'EMB_P', 'EMB_P', 'EMB_P', 'EMB_P', 'EMB_P', 'EMB_P', 'EMB_P', 'EMB_P', 'EMB_P', 'EMB_P', 'EMB_P', 'EMB_P', 'EMB_P', 'EMB_P', 'EMB_P', 'EMB_P', 'EMB_P', 'EMB_P', 'EMB_P', 'EMB_P', 'EMB_P', 'EMB_P', 'EMB_P', 'EMB_P', 'EMB_P']"
325,масло,Очень понравился,29383:6_1200,"Очень понравился салат Дор-брю(помидоры, огурцы, перец,свежие сырые шампиньоны, сыр Дор-брю, масло), Фирменное блюдо колбаски к пиву, которые при подаче поджигают, если честно, думала что фирменное блюдо должно быть посолиднее.",7.88,7.62,"['EMB_O', 'OPN_B', 'OPN_I', 'OPN_I', 'OPN_I', 'OPN_I', 'OPN_E', 'EMB_O', 'EMB_O', 'EMB_O', 'EMB_O', 'EMB_O', 'EMB_O', 'EMB_O', 'EMB_O', 'EMB_O', 'EMB_O', 'EMB_O', 'EMB_O', 'EMB_O', 'EMB_O', 'EMB_O', 'EMB_O', 'EMB_O', 'EMB_O', 'EMB_O', 'EMB_O', 'EMB_O', 'EMB_O', 'EMB_O', 'EMB_O', 'EMB_O', 'EMB_O', 'EMB_O', 'EMB_O', 'EMB_O', 'EMB_O', 'EMB_O', 'EMB_O', 'EMB_O', 'EMB_O', 'EMB_O', 'EMB_O', 'EMB_O', 'EMB_O', 'EMB_O', 'ASP_B', 'ASP_E', 'EMB_O', 'EMB_O', 'EMB_O', 'EMB_O', 'EMB_O', 'EMB_O', 'EMB_O', 'EMB_O', 'EMB_O', 'EMB_O', 'EMB_O', 'EMB_O', 'EMB_O', 'EMB_O', 'EMB_O', 'EMB_O', 'EMB_O', 'EMB_O', 'EMB_O', 'EMB_O', 'EMB_O', 'EMB_O', 'EMB_O', 'EMB_O', 'EMB_O', 'EMB_O', 'EMB_O', 'EMB_O', 'EMB_O', 'EMB_O', 'EMB_O', 'EMB_O', 'EMB_O', 'EMB_O', 'EMB_O', 'EMB_O', 'EMB_O', 'EMB_O', 'EMB_O', 'EMB_O', 'EMB_O', 'EMB_O', 'EMB_O', 'EMB_O', 'EMB_O', 'EMB_O', 'EMB_O', 'EMB_O', 'EMB_O', 'EMB_O', 'EMB_P', 'EMB_P', 'EMB_P', 'EMB_P', 'EMB_P', 'EMB_P', 'EMB_P', 'EMB_P', 'EMB_P', 'EMB_P', 'EMB_P', 'EMB_P', 'EMB_P', 'EMB_P', 'EMB_P', 'EMB_P', 'EMB_P', 'EMB_P', 'EMB_P', 'EMB_P', 'EMB_P', 'EMB_P', 'EMB_P', 'EMB_P', 'EMB_P', 'EMB_P', 'EMB_P', 'EMB_P', 'EMB_P', 'EMB_P']"
326,Фирменное блюдо колбаски к пиву,должно быть посолиднее,29383:6_1200,"Очень понравился салат Дор-брю(помидоры, огурцы, перец,свежие сырые шампиньоны, сыр Дор-брю, масло), Фирменное блюдо колбаски к пиву, которые при подаче поджигают, если честно, думала что фирменное блюдо должно быть посолиднее.",4.88,4.5,"['EMB_O', 'EMB_O', 'EMB_O', 'EMB_O', 'EMB_O', 'EMB_O', 'EMB_O', 'EMB_O', 'EMB_O', 'EMB_O', 'EMB_O', 'EMB_O', 'EMB_O', 'EMB_O', 'EMB_O', 'EMB_O', 'EMB_O', 'EMB_O', 'EMB_O', 'EMB_O', 'EMB_O', 'EMB_O', 'EMB_O', 'EMB_O', 'EMB_O', 'EMB_O', 'EMB_O', 'EMB_O', 'EMB_O', 'EMB_O', 'EMB_O', 'EMB_O', 'EMB_O', 'EMB_O', 'EMB_O', 'EMB_O', 'EMB_O', 'EMB_O', 'EMB_O', 'EMB_O', 'EMB_O', 'EMB_O', 'EMB_O', 'EMB_O', 'EMB_O', 'EMB_O', 'EMB_O', 'EMB_O', 'EMB_O', 'EMB_O', 'ASP_B', 'ASP_I', 'ASP_I', 'ASP_I', 'ASP_I', 'ASP_I', 'ASP_I', 'ASP_I', 'ASP_I', 'ASP_I', 'ASP_I', 'ASP_I', 'ASP_E', 'EMB_O', 'EMB_O', 'EMB_O', 'EMB_O', 'EMB_O', 'EMB_O', 'EMB_O', 'EMB_O', 'EMB_O', 'EMB_O', 'EMB_O', 'EMB_O', 'EMB_O', 'EMB_O', 'EMB_O', 'EMB_O', 'EMB_O', 'EMB_O', 'EMB_O', 'EMB_O', 'EMB_O', 'EMB_O', 'EMB_O', 'EMB_O', 'EMB_O', 'EMB_O', 'EMB_O', 'OPN_B', 'OPN_I', 'OPN_I', 'OPN_I', 'OPN_I', 'OPN_E', 'EMB_O', 'EMB_O', 'EMB_P', 'EMB_P', 'EMB_P', 'EMB_P', 'EMB_P', 'EMB_P', 'EMB_P', 'EMB_P', 'EMB_P', 'EMB_P', 'EMB_P', 'EMB_P', 'EMB_P', 'EMB_P', 'EMB_P', 'EMB_P', 'EMB_P', 'EMB_P', 'EMB_P', 'EMB_P', 'EMB_P', 'EMB_P', 'EMB_P', 'EMB_P', 'EMB_P', 'EMB_P', 'EMB_P', 'EMB_P', 'EMB_P', 'EMB_P']"
327,Горячее,неплохое,29383:7_1201,"Горячее неплохое, но нагриль было непохоже.",5.3,4.0,"['EMB_O', 'ASP_B', 'ASP_I', 'ASP_I', 'ASP_E', 'OPN_B', 'OPN_I', 'OPN_I', 'OPN_I', 'OPN_E', 'EMB_O', 'EMB_O', 'EMB_O', 'EMB_O', 'EMB_O', 'EMB_O', 'EMB_O', 'EMB_O', 'EMB_O', 'EMB_O', 'EMB_O', 'EMB_O', 'EMB_P', 'EMB_P', 'EMB_P', 'EMB_P', 'EMB_P', 'EMB_P', 'EMB_P', 'EMB_P', 'EMB_P', 'EMB_P', 'EMB_P', 'EMB_P', 'EMB_P', 'EMB_P', 'EMB_P', 'EMB_P', 'EMB_P', 'EMB_P', 'EMB_P', 'EMB_P', 'EMB_P', 'EMB_P', 'EMB_P', 'EMB_P', 'EMB_P', 'EMB_P', 'EMB_P', 'EMB_P', 'EMB_P', 'EMB_P', 'EMB_P', 'EMB_P', 'EMB_P', 'EMB_P', 'EMB_P', 'EMB_P', 'EMB_P', 'EMB_P', 'EMB_P', 'EMB_P', 'EMB_P', 'EMB_P', 'EMB_P', 'EMB_P', 'EMB_P', 'EMB_P', 'EMB_P', 'EMB_P', 'EMB_P', 'EMB_P', 'EMB_P', 'EMB_P', 'EMB_P', 'EMB_P', 'EMB_P', 'EMB_P', 'EMB_P', 'EMB_P', 'EMB_P', 'EMB_P', 'EMB_P', 'EMB_P', 'EMB_P', 'EMB_P', 'EMB_P', 'EMB_P', 'EMB_P', 'EMB_P', 'EMB_P', 'EMB_P', 'EMB_P', 'EMB_P', 'EMB_P', 'EMB_P', 'EMB_P', 'EMB_P', 'EMB_P', 'EMB_P', 'EMB_P', 'EMB_P', 'EMB_P', 'EMB_P', 'EMB_P', 'EMB_P', 'EMB_P', 'EMB_P', 'EMB_P', 'EMB_P', 'EMB_P', 'EMB_P', 'EMB_P', 'EMB_P', 'EMB_P', 'EMB_P', 'EMB_P', 'EMB_P', 'EMB_P', 'EMB_P', 'EMB_P', 'EMB_P', 'EMB_P', 'EMB_P', 'EMB_P', 'EMB_P', 'EMB_P', 'EMB_P']"
328,музыка,Громко,29383:8_1202,"Громко играет музыка поэтому офицанток незваться и неслышат иногда блюда для заказа, сидишь ждешь 50 мин, а оказывается оно не заказано ждешь еще 50 мин (так написано вменю время приготовления 40-50 мин).",2.67,7.5,"['EMB_O', 'OPN_B', 'OPN_I', 'OPN_E', 'EMB_O', 'ASP_S', 'EMB_O', 'EMB_O', 'EMB_O', 'EMB_O', 'EMB_O', 'EMB_O', 'EMB_O', 'EMB_O', 'EMB_O', 'EMB_O', 'EMB_O', 'EMB_O', 'EMB_O', 'EMB_O', 'EMB_O', 'EMB_O', 'EMB_O', 'EMB_O', 'EMB_O', 'EMB_O', 'EMB_O', 'EMB_O', 'EMB_O', 'EMB_O', 'EMB_O', 'EMB_O', 'EMB_O', 'EMB_O', 'EMB_O', 'EMB_O', 'EMB_O', 'EMB_O', 'EMB_O', 'EMB_O', 'EMB_O', 'EMB_O', 'EMB_O', 'EMB_O', 'EMB_O', 'EMB_O', 'EMB_O', 'EMB_O', 'EMB_O', 'EMB_O', 'EMB_O', 'EMB_O', 'EMB_O', 'EMB_O', 'EMB_O', 'EMB_O', 'EMB_O', 'EMB_O', 'EMB_O', 'EMB_O', 'EMB_O', 'EMB_O', 'EMB_O', 'EMB_O', 'EMB_O', 'EMB_O', 'EMB_O', 'EMB_O', 'EMB_O', 'EMB_P', 'EMB_P', 'EMB_P', 'EMB_P', 'EMB_P', 'EMB_P', 'EMB_P', 'EMB_P', 'EMB_P', 'EMB_P', 'EMB_P', 'EMB_P', 'EMB_P', 'EMB_P', 'EMB_P', 'EMB_P', 'EMB_P', 'EMB_P', 'EMB_P', 'EMB_P', 'EMB_P', 'EMB_P', 'EMB_P', 'EMB_P', 'EMB_P', 'EMB_P', 'EMB_P', 'EMB_P', 'EMB_P', 'EMB_P', 'EMB_P', 'EMB_P', 'EMB_P', 'EMB_P', 'EMB_P', 'EMB_P', 'EMB_P', 'EMB_P', 'EMB_P', 'EMB_P', 'EMB_P', 'EMB_P', 'EMB_P', 'EMB_P', 'EMB_P', 'EMB_P', 'EMB_P', 'EMB_P', 'EMB_P', 'EMB_P', 'EMB_P', 'EMB_P', 'EMB_P', 'EMB_P', 'EMB_P', 'EMB_P', 'EMB_P', 'EMB_P', 'EMB_P']"
329,офицанток,незваться,29383:8_1202,"Громко играет музыка поэтому офицанток незваться и неслышат иногда блюда для заказа, сидишь ждешь 50 мин, а оказывается оно не заказано ждешь еще 50 мин (так написано вменю время приготовления 40-50 мин).",2.5,7.33,"['EMB_O', 'EMB_O', 'EMB_O', 'EMB_O', 'EMB_O', 'EMB_O', 'EMB_O', 'ASP_B', 'ASP_I', 'ASP_I', 'ASP_I', 'ASP_E', 'OPN_B', 'OPN_I', 'OPN_E', 'EMB_O', 'EMB_O', 'EMB_O', 'EMB_O', 'EMB_O', 'EMB_O', 'EMB_O', 'EMB_O', 'EMB_O', 'EMB_O', 'EMB_O', 'EMB_O', 'EMB_O', 'EMB_O', 'EMB_O', 'EMB_O', 'EMB_O', 'EMB_O', 'EMB_O', 'EMB_O', 'EMB_O', 'EMB_O', 'EMB_O', 'EMB_O', 'EMB_O', 'EMB_O', 'EMB_O', 'EMB_O', 'EMB_O', 'EMB_O', 'EMB_O', 'EMB_O', 'EMB_O', 'EMB_O', 'EMB_O', 'EMB_O', 'EMB_O', 'EMB_O', 'EMB_O', 'EMB_O', 'EMB_O', 'EMB_O', 'EMB_O', 'EMB_O', 'EMB_O', 'EMB_O', 'EMB_O', 'EMB_O', 'EMB_O', 'EMB_O', 'EMB_O', 'EMB_O', 'EMB_O', 'EMB_O', 'EMB_P', 'EMB_P', 'EMB_P', 'EMB_P', 'EMB_P', 'EMB_P', 'EMB_P', 'EMB_P', 'EMB_P', 'EMB_P', 'EMB_P', 'EMB_P', 'EMB_P', 'EMB_P', 'EMB_P', 'EMB_P', 'EMB_P', 'EMB_P', 'EMB_P', 'EMB_P', 'EMB_P', 'EMB_P', 'EMB_P', 'EMB_P', 'EMB_P', 'EMB_P', 'EMB_P', 'EMB_P', 'EMB_P', 'EMB_P', 'EMB_P', 'EMB_P', 'EMB_P', 'EMB_P', 'EMB_P', 'EMB_P', 'EMB_P', 'EMB_P', 'EMB_P', 'EMB_P', 'EMB_P', 'EMB_P', 'EMB_P', 'EMB_P', 'EMB_P', 'EMB_P', 'EMB_P', 'EMB_P', 'EMB_P', 'EMB_P', 'EMB_P', 'EMB_P', 'EMB_P', 'EMB_P', 'EMB_P', 'EMB_P', 'EMB_P', 'EMB_P', 'EMB_P']"
330,Девушка офицантка,быстрее не может,29383:9_1203,Девушка офицантка все время говорила что она это не готовит быстрее не может и очень замученый вид.,2.67,7.0,"['EMB_O', 'ASP_B', 'ASP_I', 'ASP_I', 'ASP_I', 'ASP_I', 'ASP_I', 'ASP_I', 'ASP_E', 'EMB_O', 'EMB_O', 'EMB_O', 'EMB_O', 'EMB_O', 'EMB_O', 'EMB_O', 'EMB_O', 'EMB_O', 'EMB_O', 'EMB_O', 'OPN_B', 'OPN_I', 'OPN_I', 'OPN_I', 'OPN_E', 'EMB_O', 'EMB_O', 'EMB_O', 'EMB_O', 'EMB_O', 'EMB_O', 'EMB_O', 'EMB_O', 'EMB_O', 'EMB_P', 'EMB_P', 'EMB_P', 'EMB_P', 'EMB_P', 'EMB_P', 'EMB_P', 'EMB_P', 'EMB_P', 'EMB_P', 'EMB_P', 'EMB_P', 'EMB_P', 'EMB_P', 'EMB_P', 'EMB_P', 'EMB_P', 'EMB_P', 'EMB_P', 'EMB_P', 'EMB_P', 'EMB_P', 'EMB_P', 'EMB_P', 'EMB_P', 'EMB_P', 'EMB_P', 'EMB_P', 'EMB_P', 'EMB_P', 'EMB_P', 'EMB_P', 'EMB_P', 'EMB_P', 'EMB_P', 'EMB_P', 'EMB_P', 'EMB_P', 'EMB_P', 'EMB_P', 'EMB_P', 'EMB_P', 'EMB_P', 'EMB_P', 'EMB_P', 'EMB_P', 'EMB_P', 'EMB_P', 'EMB_P', 'EMB_P', 'EMB_P', 'EMB_P', 'EMB_P', 'EMB_P', 'EMB_P', 'EMB_P', 'EMB_P', 'EMB_P', 'EMB_P', 'EMB_P', 'EMB_P', 'EMB_P', 'EMB_P', 'EMB_P', 'EMB_P', 'EMB_P', 'EMB_P', 'EMB_P', 'EMB_P', 'EMB_P', 'EMB_P', 'EMB_P', 'EMB_P', 'EMB_P', 'EMB_P', 'EMB_P', 'EMB_P', 'EMB_P', 'EMB_P', 'EMB_P', 'EMB_P', 'EMB_P', 'EMB_P', 'EMB_P', 'EMB_P', 'EMB_P', 'EMB_P', 'EMB_P', 'EMB_P', 'EMB_P', 'EMB_P', 'EMB_P', 'EMB_P', 'EMB_P']"
331,пиво,Можно зайти,29383:11_1204,Можно зайти попить пиво с колбасками вечером.,6.4,5.7,"['EMB_O', 'OPN_B', 'OPN_I', 'OPN_I', 'OPN_I', 'OPN_E', 'EMB_O', 'EMB_O', 'ASP_B', 'ASP_E', 'EMB_O', 'EMB_O', 'EMB_O', 'EMB_O', 'EMB_O', 'EMB_O', 'EMB_O', 'EMB_O', 'EMB_P', 'EMB_P', 'EMB_P', 'EMB_P', 'EMB_P', 'EMB_P', 'EMB_P', 'EMB_P', 'EMB_P', 'EMB_P', 'EMB_P', 'EMB_P', 'EMB_P', 'EMB_P', 'EMB_P', 'EMB_P', 'EMB_P', 'EMB_P', 'EMB_P', 'EMB_P', 'EMB_P', 'EMB_P', 'EMB_P', 'EMB_P', 'EMB_P', 'EMB_P', 'EMB_P', 'EMB_P', 'EMB_P', 'EMB_P', 'EMB_P', 'EMB_P', 'EMB_P', 'EMB_P', 'EMB_P', 'EMB_P', 'EMB_P', 'EMB_P', 'EMB_P', 'EMB_P', 'EMB_P', 'EMB_P', 'EMB_P', 'EMB_P', 'EMB_P', 'EMB_P', 'EMB_P', 'EMB_P', 'EMB_P', 'EMB_P', 'EMB_P', 'EMB_P', 'EMB_P', 'EMB_P', 'EMB_P', 'EMB_P', 'EMB_P', 'EMB_P', 'EMB_P', 'EMB_P', 'EMB_P', 'EMB_P', 'EMB_P', 'EMB_P', 'EMB_P', 'EMB_P', 'EMB_P', 'EMB_P', 'EMB_P', 'EMB_P', 'EMB_P', 'EMB_P', 'EMB_P', 'EMB_P', 'EMB_P', 'EMB_P', 'EMB_P', 'EMB_P', 'EMB_P', 'EMB_P', 'EMB_P', 'EMB_P', 'EMB_P', 'EMB_P', 'EMB_P', 'EMB_P', 'EMB_P', 'EMB_P', 'EMB_P', 'EMB_P', 'EMB_P', 'EMB_P', 'EMB_P', 'EMB_P', 'EMB_P', 'EMB_P', 'EMB_P', 'EMB_P', 'EMB_P', 'EMB_P', 'EMB_P', 'EMB_P', 'EMB_P', 'EMB_P', 'EMB_P', 'EMB_P', 'EMB_P', 'EMB_P', 'EMB_P', 'EMB_P']"
332,колбасками,Можно зайти,29383:11_1204,Можно зайти попить пиво с колбасками вечером.,6.4,5.7,"['EMB_O', 'OPN_B', 'OPN_I', 'OPN_I', 'OPN_I', 'OPN_E', 'EMB_O', 'EMB_O', 'EMB_O', 'EMB_O', 'EMB_O', 'ASP_B', 'ASP_I', 'ASP_E', 'EMB_O', 'EMB_O', 'EMB_O', 'EMB_O', 'EMB_P', 'EMB_P', 'EMB_P', 'EMB_P', 'EMB_P', 'EMB_P', 'EMB_P', 'EMB_P', 'EMB_P', 'EMB_P', 'EMB_P', 'EMB_P', 'EMB_P', 'EMB_P', 'EMB_P', 'EMB_P', 'EMB_P', 'EMB_P', 'EMB_P', 'EMB_P', 'EMB_P', 'EMB_P', 'EMB_P', 'EMB_P', 'EMB_P', 'EMB_P', 'EMB_P', 'EMB_P', 'EMB_P', 'EMB_P', 'EMB_P', 'EMB_P', 'EMB_P', 'EMB_P', 'EMB_P', 'EMB_P', 'EMB_P', 'EMB_P', 'EMB_P', 'EMB_P', 'EMB_P', 'EMB_P', 'EMB_P', 'EMB_P', 'EMB_P', 'EMB_P', 'EMB_P', 'EMB_P', 'EMB_P', 'EMB_P', 'EMB_P', 'EMB_P', 'EMB_P', 'EMB_P', 'EMB_P', 'EMB_P', 'EMB_P', 'EMB_P', 'EMB_P', 'EMB_P', 'EMB_P', 'EMB_P', 'EMB_P', 'EMB_P', 'EMB_P', 'EMB_P', 'EMB_P', 'EMB_P', 'EMB_P', 'EMB_P', 'EMB_P', 'EMB_P', 'EMB_P', 'EMB_P', 'EMB_P', 'EMB_P', 'EMB_P', 'EMB_P', 'EMB_P', 'EMB_P', 'EMB_P', 'EMB_P', 'EMB_P', 'EMB_P', 'EMB_P', 'EMB_P', 'EMB_P', 'EMB_P', 'EMB_P', 'EMB_P', 'EMB_P', 'EMB_P', 'EMB_P', 'EMB_P', 'EMB_P', 'EMB_P', 'EMB_P', 'EMB_P', 'EMB_P', 'EMB_P', 'EMB_P', 'EMB_P', 'EMB_P', 'EMB_P', 'EMB_P', 'EMB_P', 'EMB_P', 'EMB_P', 'EMB_P', 'EMB_P']"
333,Ресторан,очень хороший,29395:0_1205,Ресторан очень хороший!!!,7.6,7.4,"['EMB_O', 'ASP_B', 'ASP_I', 'ASP_E', 'OPN_B', 'OPN_I', 'OPN_I', 'OPN_E', 'EMB_O', 'EMB_O', 'EMB_O', 'EMB_O', 'EMB_P', 'EMB_P', 'EMB_P', 'EMB_P', 'EMB_P', 'EMB_P', 'EMB_P', 'EMB_P', 'EMB_P', 'EMB_P', 'EMB_P', 'EMB_P', 'EMB_P', 'EMB_P', 'EMB_P', 'EMB_P', 'EMB_P', 'EMB_P', 'EMB_P', 'EMB_P', 'EMB_P', 'EMB_P', 'EMB_P', 'EMB_P', 'EMB_P', 'EMB_P', 'EMB_P', 'EMB_P', 'EMB_P', 'EMB_P', 'EMB_P', 'EMB_P', 'EMB_P', 'EMB_P', 'EMB_P', 'EMB_P', 'EMB_P', 'EMB_P', 'EMB_P', 'EMB_P', 'EMB_P', 'EMB_P', 'EMB_P', 'EMB_P', 'EMB_P', 'EMB_P', 'EMB_P', 'EMB_P', 'EMB_P', 'EMB_P', 'EMB_P', 'EMB_P', 'EMB_P', 'EMB_P', 'EMB_P', 'EMB_P', 'EMB_P', 'EMB_P', 'EMB_P', 'EMB_P', 'EMB_P', 'EMB_P', 'EMB_P', 'EMB_P', 'EMB_P', 'EMB_P', 'EMB_P', 'EMB_P', 'EMB_P', 'EMB_P', 'EMB_P', 'EMB_P', 'EMB_P', 'EMB_P', 'EMB_P', 'EMB_P', 'EMB_P', 'EMB_P', 'EMB_P', 'EMB_P', 'EMB_P', 'EMB_P', 'EMB_P', 'EMB_P', 'EMB_P', 'EMB_P', 'EMB_P', 'EMB_P', 'EMB_P', 'EMB_P', 'EMB_P', 'EMB_P', 'EMB_P', 'EMB_P', 'EMB_P', 'EMB_P', 'EMB_P', 'EMB_P', 'EMB_P', 'EMB_P', 'EMB_P', 'EMB_P', 'EMB_P', 'EMB_P', 'EMB_P', 'EMB_P', 'EMB_P', 'EMB_P', 'EMB_P', 'EMB_P', 'EMB_P', 'EMB_P', 'EMB_P', 'EMB_P', 'EMB_P', 'EMB_P']"
334,Кухня,замечательная,29395:2_1206,"Кухня замечательная, обслуживание на 10.",7.8,7.4,"['EMB_O', 'ASP_B', 'ASP_I', 'ASP_E', 'OPN_B', 'OPN_I', 'OPN_I', 'OPN_I', 'OPN_E', 'EMB_O', 'EMB_O', 'EMB_O', 'EMB_O', 'EMB_O', 'EMB_O', 'EMB_O', 'EMB_O', 'EMB_O', 'EMB_P', 'EMB_P', 'EMB_P', 'EMB_P', 'EMB_P', 'EMB_P', 'EMB_P', 'EMB_P', 'EMB_P', 'EMB_P', 'EMB_P', 'EMB_P', 'EMB_P', 'EMB_P', 'EMB_P', 'EMB_P', 'EMB_P', 'EMB_P', 'EMB_P', 'EMB_P', 'EMB_P', 'EMB_P', 'EMB_P', 'EMB_P', 'EMB_P', 'EMB_P', 'EMB_P', 'EMB_P', 'EMB_P', 'EMB_P', 'EMB_P', 'EMB_P', 'EMB_P', 'EMB_P', 'EMB_P', 'EMB_P', 'EMB_P', 'EMB_P', 'EMB_P', 'EMB_P', 'EMB_P', 'EMB_P', 'EMB_P', 'EMB_P', 'EMB_P', 'EMB_P', 'EMB_P', 'EMB_P', 'EMB_P', 'EMB_P', 'EMB_P', 'EMB_P', 'EMB_P', 'EMB_P', 'EMB_P', 'EMB_P', 'EMB_P', 'EMB_P', 'EMB_P', 'EMB_P', 'EMB_P', 'EMB_P', 'EMB_P', 'EMB_P', 'EMB_P', 'EMB_P', 'EMB_P', 'EMB_P', 'EMB_P', 'EMB_P', 'EMB_P', 'EMB_P', 'EMB_P', 'EMB_P', 'EMB_P', 'EMB_P', 'EMB_P', 'EMB_P', 'EMB_P', 'EMB_P', 'EMB_P', 'EMB_P', 'EMB_P', 'EMB_P', 'EMB_P', 'EMB_P', 'EMB_P', 'EMB_P', 'EMB_P', 'EMB_P', 'EMB_P', 'EMB_P', 'EMB_P', 'EMB_P', 'EMB_P', 'EMB_P', 'EMB_P', 'EMB_P', 'EMB_P', 'EMB_P', 'EMB_P', 'EMB_P', 'EMB_P', 'EMB_P', 'EMB_P', 'EMB_P', 'EMB_P', 'EMB_P', 'EMB_P', 'EMB_P']"
335,обслуживание,на 10,29395:2_1206,"Кухня замечательная, обслуживание на 10.",8.6,8.0,"['EMB_O', 'EMB_O', 'EMB_O', 'EMB_O', 'EMB_O', 'EMB_O', 'EMB_O', 'EMB_O', 'EMB_O', 'EMB_O', 'ASP_B', 'ASP_I', 'ASP_I', 'ASP_E', 'OPN_B', 'OPN_E', 'EMB_O', 'EMB_O', 'EMB_P', 'EMB_P', 'EMB_P', 'EMB_P', 'EMB_P', 'EMB_P', 'EMB_P', 'EMB_P', 'EMB_P', 'EMB_P', 'EMB_P', 'EMB_P', 'EMB_P', 'EMB_P', 'EMB_P', 'EMB_P', 'EMB_P', 'EMB_P', 'EMB_P', 'EMB_P', 'EMB_P', 'EMB_P', 'EMB_P', 'EMB_P', 'EMB_P', 'EMB_P', 'EMB_P', 'EMB_P', 'EMB_P', 'EMB_P', 'EMB_P', 'EMB_P', 'EMB_P', 'EMB_P', 'EMB_P', 'EMB_P', 'EMB_P', 'EMB_P', 'EMB_P', 'EMB_P', 'EMB_P', 'EMB_P', 'EMB_P', 'EMB_P', 'EMB_P', 'EMB_P', 'EMB_P', 'EMB_P', 'EMB_P', 'EMB_P', 'EMB_P', 'EMB_P', 'EMB_P', 'EMB_P', 'EMB_P', 'EMB_P', 'EMB_P', 'EMB_P', 'EMB_P', 'EMB_P', 'EMB_P', 'EMB_P', 'EMB_P', 'EMB_P', 'EMB_P', 'EMB_P', 'EMB_P', 'EMB_P', 'EMB_P', 'EMB_P', 'EMB_P', 'EMB_P', 'EMB_P', 'EMB_P', 'EMB_P', 'EMB_P', 'EMB_P', 'EMB_P', 'EMB_P', 'EMB_P', 'EMB_P', 'EMB_P', 'EMB_P', 'EMB_P', 'EMB_P', 'EMB_P', 'EMB_P', 'EMB_P', 'EMB_P', 'EMB_P', 'EMB_P', 'EMB_P', 'EMB_P', 'EMB_P', 'EMB_P', 'EMB_P', 'EMB_P', 'EMB_P', 'EMB_P', 'EMB_P', 'EMB_P', 'EMB_P', 'EMB_P', 'EMB_P', 'EMB_P', 'EMB_P', 'EMB_P', 'EMB_P', 'EMB_P', 'EMB_P']"
336,шампанское,самое вкусное,29395:4_1207,"Мы сели, заказали грузинские блюда, шампанское, через минут 5 нам принесли самое вкусное шампанское, которое я пила в жизни. ....",8.62,8.5,"['EMB_O', 'EMB_O', 'EMB_O', 'EMB_O', 'EMB_O', 'EMB_O', 'EMB_O', 'EMB_O', 'EMB_O', 'EMB_O', 'EMB_O', 'EMB_O', 'EMB_O', 'EMB_O', 'EMB_O', 'EMB_O', 'ASP_B', 'ASP_I', 'ASP_I', 'ASP_E', 'EMB_O', 'EMB_O', 'EMB_O', 'EMB_O', 'EMB_O', 'EMB_O', 'EMB_O', 'OPN_B', 'OPN_I', 'OPN_I', 'OPN_I', 'OPN_E', 'EMB_O', 'EMB_O', 'EMB_O', 'EMB_O', 'EMB_O', 'EMB_O', 'EMB_O', 'EMB_O', 'EMB_O', 'EMB_O', 'EMB_O', 'EMB_O', 'EMB_O', 'EMB_O', 'EMB_O', 'EMB_O', 'EMB_O', 'EMB_P', 'EMB_P', 'EMB_P', 'EMB_P', 'EMB_P', 'EMB_P', 'EMB_P', 'EMB_P', 'EMB_P', 'EMB_P', 'EMB_P', 'EMB_P', 'EMB_P', 'EMB_P', 'EMB_P', 'EMB_P', 'EMB_P', 'EMB_P', 'EMB_P', 'EMB_P', 'EMB_P', 'EMB_P', 'EMB_P', 'EMB_P', 'EMB_P', 'EMB_P', 'EMB_P', 'EMB_P', 'EMB_P', 'EMB_P', 'EMB_P', 'EMB_P', 'EMB_P', 'EMB_P', 'EMB_P', 'EMB_P', 'EMB_P', 'EMB_P', 'EMB_P', 'EMB_P', 'EMB_P', 'EMB_P', 'EMB_P', 'EMB_P', 'EMB_P', 'EMB_P', 'EMB_P', 'EMB_P', 'EMB_P', 'EMB_P', 'EMB_P', 'EMB_P', 'EMB_P', 'EMB_P', 'EMB_P', 'EMB_P', 'EMB_P', 'EMB_P', 'EMB_P', 'EMB_P', 'EMB_P', 'EMB_P', 'EMB_P', 'EMB_P', 'EMB_P', 'EMB_P', 'EMB_P', 'EMB_P', 'EMB_P', 'EMB_P', 'EMB_P', 'EMB_P', 'EMB_P', 'EMB_P', 'EMB_P', 'EMB_P', 'EMB_P', 'EMB_P', 'EMB_P']"
337,едой,необычной,29395:6_1208,"Мы кушали, кушали, и никак не могли насладиться едой, она была такой вкусной, необычной, т.к. я была первый раз в грузинском ресторане.",7.17,6.5,"['EMB_O', 'EMB_O', 'EMB_O', 'EMB_O', 'EMB_O', 'EMB_O', 'EMB_O', 'EMB_O', 'EMB_O', 'EMB_O', 'EMB_O', 'EMB_O', 'EMB_O', 'EMB_O', 'OPN_S', 'EMB_O', 'EMB_O', 'EMB_O', 'EMB_O', 'ASP_B', 'ASP_E', 'EMB_O', 'EMB_O', 'EMB_O', 'EMB_O', 'EMB_O', 'EMB_O', 'EMB_O', 'EMB_O', 'EMB_O', 'OPN_B', 'OPN_E', 'EMB_O', 'EMB_O', 'EMB_O', 'EMB_O', 'EMB_O', 'EMB_O', 'EMB_O', 'EMB_O', 'EMB_O', 'EMB_O', 'EMB_O', 'EMB_O', 'EMB_O', 'EMB_O', 'EMB_O', 'EMB_O', 'EMB_O', 'EMB_O', 'EMB_P', 'EMB_P', 'EMB_P', 'EMB_P', 'EMB_P', 'EMB_P', 'EMB_P', 'EMB_P', 'EMB_P', 'EMB_P', 'EMB_P', 'EMB_P', 'EMB_P', 'EMB_P', 'EMB_P', 'EMB_P', 'EMB_P', 'EMB_P', 'EMB_P', 'EMB_P', 'EMB_P', 'EMB_P', 'EMB_P', 'EMB_P', 'EMB_P', 'EMB_P', 'EMB_P', 'EMB_P', 'EMB_P', 'EMB_P', 'EMB_P', 'EMB_P', 'EMB_P', 'EMB_P', 'EMB_P', 'EMB_P', 'EMB_P', 'EMB_P', 'EMB_P', 'EMB_P', 'EMB_P', 'EMB_P', 'EMB_P', 'EMB_P', 'EMB_P', 'EMB_P', 'EMB_P', 'EMB_P', 'EMB_P', 'EMB_P', 'EMB_P', 'EMB_P', 'EMB_P', 'EMB_P', 'EMB_P', 'EMB_P', 'EMB_P', 'EMB_P', 'EMB_P', 'EMB_P', 'EMB_P', 'EMB_P', 'EMB_P', 'EMB_P', 'EMB_P', 'EMB_P', 'EMB_P', 'EMB_P', 'EMB_P', 'EMB_P', 'EMB_P', 'EMB_P', 'EMB_P', 'EMB_P', 'EMB_P', 'EMB_P', 'EMB_P', 'EMB_P']"
338,музыка,спокойная,29395:7_1209,"Там спокойно, музыка такая спокойная и восточная...)))",7.12,6.88,"['EMB_O', 'EMB_O', 'OPN_B', 'OPN_I', 'OPN_E', 'EMB_O', 'EMB_O', 'ASP_S', 'EMB_O', 'EMB_O', 'EMB_O', 'EMB_O', 'EMB_O', 'OPN_S', 'EMB_O', 'EMB_O', 'EMB_O', 'EMB_O', 'EMB_O', 'EMB_O', 'EMB_O', 'EMB_O', 'EMB_O', 'EMB_O', 'EMB_P', 'EMB_P', 'EMB_P', 'EMB_P', 'EMB_P', 'EMB_P', 'EMB_P', 'EMB_P', 'EMB_P', 'EMB_P', 'EMB_P', 'EMB_P', 'EMB_P', 'EMB_P', 'EMB_P', 'EMB_P', 'EMB_P', 'EMB_P', 'EMB_P', 'EMB_P', 'EMB_P', 'EMB_P', 'EMB_P', 'EMB_P', 'EMB_P', 'EMB_P', 'EMB_P', 'EMB_P', 'EMB_P', 'EMB_P', 'EMB_P', 'EMB_P', 'EMB_P', 'EMB_P', 'EMB_P', 'EMB_P', 'EMB_P', 'EMB_P', 'EMB_P', 'EMB_P', 'EMB_P', 'EMB_P', 'EMB_P', 'EMB_P', 'EMB_P', 'EMB_P', 'EMB_P', 'EMB_P', 'EMB_P', 'EMB_P', 'EMB_P', 'EMB_P', 'EMB_P', 'EMB_P', 'EMB_P', 'EMB_P', 'EMB_P', 'EMB_P', 'EMB_P', 'EMB_P', 'EMB_P', 'EMB_P', 'EMB_P', 'EMB_P', 'EMB_P', 'EMB_P', 'EMB_P', 'EMB_P', 'EMB_P', 'EMB_P', 'EMB_P', 'EMB_P', 'EMB_P', 'EMB_P', 'EMB_P', 'EMB_P', 'EMB_P', 'EMB_P', 'EMB_P', 'EMB_P', 'EMB_P', 'EMB_P', 'EMB_P', 'EMB_P', 'EMB_P', 'EMB_P', 'EMB_P', 'EMB_P', 'EMB_P', 'EMB_P', 'EMB_P', 'EMB_P', 'EMB_P', 'EMB_P', 'EMB_P', 'EMB_P', 'EMB_P', 'EMB_P', 'EMB_P', 'EMB_P', 'EMB_P', 'EMB_P', 'EMB_P', 'EMB_P']"
339,"""ТБИЛИСО""",можете смело идти,29395:11_1210,"Если Вы ищите ресторан для какого-либо важного события, можете смело идти в ""ТБИЛИСО""!!!",7.5,7.3,"['EMB_O', 'EMB_O', 'EMB_O', 'EMB_O', 'EMB_O', 'EMB_O', 'EMB_O', 'EMB_O', 'EMB_O', 'EMB_O', 'EMB_O', 'EMB_O', 'EMB_O', 'EMB_O', 'EMB_O', 'EMB_O', 'EMB_O', 'OPN_B', 'OPN_I', 'OPN_I', 'OPN_I', 'OPN_I', 'OPN_I', 'OPN_E', 'EMB_O', 'ASP_B', 'ASP_I', 'ASP_I', 'ASP_I', 'ASP_I', 'ASP_I', 'ASP_I', 'ASP_I', 'ASP_E', 'EMB_O', 'EMB_O', 'EMB_O', 'EMB_O', 'EMB_P', 'EMB_P', 'EMB_P', 'EMB_P', 'EMB_P', 'EMB_P', 'EMB_P', 'EMB_P', 'EMB_P', 'EMB_P', 'EMB_P', 'EMB_P', 'EMB_P', 'EMB_P', 'EMB_P', 'EMB_P', 'EMB_P', 'EMB_P', 'EMB_P', 'EMB_P', 'EMB_P', 'EMB_P', 'EMB_P', 'EMB_P', 'EMB_P', 'EMB_P', 'EMB_P', 'EMB_P', 'EMB_P', 'EMB_P', 'EMB_P', 'EMB_P', 'EMB_P', 'EMB_P', 'EMB_P', 'EMB_P', 'EMB_P', 'EMB_P', 'EMB_P', 'EMB_P', 'EMB_P', 'EMB_P', 'EMB_P', 'EMB_P', 'EMB_P', 'EMB_P', 'EMB_P', 'EMB_P', 'EMB_P', 'EMB_P', 'EMB_P', 'EMB_P', 'EMB_P', 'EMB_P', 'EMB_P', 'EMB_P', 'EMB_P', 'EMB_P', 'EMB_P', 'EMB_P', 'EMB_P', 'EMB_P', 'EMB_P', 'EMB_P', 'EMB_P', 'EMB_P', 'EMB_P', 'EMB_P', 'EMB_P', 'EMB_P', 'EMB_P', 'EMB_P', 'EMB_P', 'EMB_P', 'EMB_P', 'EMB_P', 'EMB_P', 'EMB_P', 'EMB_P', 'EMB_P', 'EMB_P', 'EMB_P', 'EMB_P', 'EMB_P', 'EMB_P', 'EMB_P', 'EMB_P', 'EMB_P', 'EMB_P', 'EMB_P']"
340,Паста,неплохи,30148:4_1211,"Паста,ризотто...были неплохи.",5.3,3.7,"['EMB_O', 'ASP_B', 'ASP_E', 'EMB_O', 'EMB_O', 'EMB_O', 'EMB_O', 'EMB_O', 'EMB_O', 'EMB_O', 'EMB_O', 'EMB_O', 'OPN_B', 'OPN_I', 'OPN_I', 'OPN_E', 'EMB_O', 'EMB_O', 'EMB_P', 'EMB_P', 'EMB_P', 'EMB_P', 'EMB_P', 'EMB_P', 'EMB_P', 'EMB_P', 'EMB_P', 'EMB_P', 'EMB_P', 'EMB_P', 'EMB_P', 'EMB_P', 'EMB_P', 'EMB_P', 'EMB_P', 'EMB_P', 'EMB_P', 'EMB_P', 'EMB_P', 'EMB_P', 'EMB_P', 'EMB_P', 'EMB_P', 'EMB_P', 'EMB_P', 'EMB_P', 'EMB_P', 'EMB_P', 'EMB_P', 'EMB_P', 'EMB_P', 'EMB_P', 'EMB_P', 'EMB_P', 'EMB_P', 'EMB_P', 'EMB_P', 'EMB_P', 'EMB_P', 'EMB_P', 'EMB_P', 'EMB_P', 'EMB_P', 'EMB_P', 'EMB_P', 'EMB_P', 'EMB_P', 'EMB_P', 'EMB_P', 'EMB_P', 'EMB_P', 'EMB_P', 'EMB_P', 'EMB_P', 'EMB_P', 'EMB_P', 'EMB_P', 'EMB_P', 'EMB_P', 'EMB_P', 'EMB_P', 'EMB_P', 'EMB_P', 'EMB_P', 'EMB_P', 'EMB_P', 'EMB_P', 'EMB_P', 'EMB_P', 'EMB_P', 'EMB_P', 'EMB_P', 'EMB_P', 'EMB_P', 'EMB_P', 'EMB_P', 'EMB_P', 'EMB_P', 'EMB_P', 'EMB_P', 'EMB_P', 'EMB_P', 'EMB_P', 'EMB_P', 'EMB_P', 'EMB_P', 'EMB_P', 'EMB_P', 'EMB_P', 'EMB_P', 'EMB_P', 'EMB_P', 'EMB_P', 'EMB_P', 'EMB_P', 'EMB_P', 'EMB_P', 'EMB_P', 'EMB_P', 'EMB_P', 'EMB_P', 'EMB_P', 'EMB_P', 'EMB_P', 'EMB_P', 'EMB_P', 'EMB_P', 'EMB_P']"
341,ризотто,неплохи,30148:4_1211,"Паста,ризотто...были неплохи.",5.3,3.7,"['EMB_O', 'EMB_O', 'EMB_O', 'EMB_O', 'ASP_B', 'ASP_I', 'ASP_I', 'ASP_E', 'EMB_O', 'EMB_O', 'EMB_O', 'EMB_O', 'OPN_B', 'OPN_I', 'OPN_I', 'OPN_E', 'EMB_O', 'EMB_O', 'EMB_P', 'EMB_P', 'EMB_P', 'EMB_P', 'EMB_P', 'EMB_P', 'EMB_P', 'EMB_P', 'EMB_P', 'EMB_P', 'EMB_P', 'EMB_P', 'EMB_P', 'EMB_P', 'EMB_P', 'EMB_P', 'EMB_P', 'EMB_P', 'EMB_P', 'EMB_P', 'EMB_P', 'EMB_P', 'EMB_P', 'EMB_P', 'EMB_P', 'EMB_P', 'EMB_P', 'EMB_P', 'EMB_P', 'EMB_P', 'EMB_P', 'EMB_P', 'EMB_P', 'EMB_P', 'EMB_P', 'EMB_P', 'EMB_P', 'EMB_P', 'EMB_P', 'EMB_P', 'EMB_P', 'EMB_P', 'EMB_P', 'EMB_P', 'EMB_P', 'EMB_P', 'EMB_P', 'EMB_P', 'EMB_P', 'EMB_P', 'EMB_P', 'EMB_P', 'EMB_P', 'EMB_P', 'EMB_P', 'EMB_P', 'EMB_P', 'EMB_P', 'EMB_P', 'EMB_P', 'EMB_P', 'EMB_P', 'EMB_P', 'EMB_P', 'EMB_P', 'EMB_P', 'EMB_P', 'EMB_P', 'EMB_P', 'EMB_P', 'EMB_P', 'EMB_P', 'EMB_P', 'EMB_P', 'EMB_P', 'EMB_P', 'EMB_P', 'EMB_P', 'EMB_P', 'EMB_P', 'EMB_P', 'EMB_P', 'EMB_P', 'EMB_P', 'EMB_P', 'EMB_P', 'EMB_P', 'EMB_P', 'EMB_P', 'EMB_P', 'EMB_P', 'EMB_P', 'EMB_P', 'EMB_P', 'EMB_P', 'EMB_P', 'EMB_P', 'EMB_P', 'EMB_P', 'EMB_P', 'EMB_P', 'EMB_P', 'EMB_P', 'EMB_P', 'EMB_P', 'EMB_P', 'EMB_P', 'EMB_P', 'EMB_P', 'EMB_P']"
342,официанта,отчужденность,30148:6_1212,"Не понравилось долгое ожидание и какая то отчужденность официанта,который просто ушел на улицу посидеть на скамеечке...в то время как мы хотели расплатиться.",2.9,6.5,"['EMB_O', 'EMB_O', 'EMB_O', 'EMB_O', 'EMB_O', 'EMB_O', 'EMB_O', 'EMB_O', 'ASP_S', 'EMB_O', 'EMB_O', 'EMB_O', 'EMB_O', 'EMB_O', 'EMB_O', 'OPN_B', 'OPN_I', 'OPN_I', 'OPN_I', 'OPN_E', 'EMB_O', 'ASP_B', 'ASP_I', 'ASP_I', 'ASP_E', 'EMB_O', 'EMB_O', 'EMB_O', 'EMB_O', 'EMB_O', 'EMB_O', 'EMB_O', 'EMB_O', 'EMB_O', 'EMB_O', 'EMB_O', 'EMB_O', 'EMB_O', 'EMB_O', 'EMB_O', 'EMB_O', 'EMB_O', 'EMB_O', 'EMB_O', 'EMB_O', 'EMB_O', 'EMB_O', 'EMB_O', 'EMB_O', 'EMB_O', 'EMB_O', 'EMB_O', 'EMB_O', 'EMB_O', 'EMB_O', 'EMB_O', 'EMB_O', 'EMB_O', 'EMB_O', 'EMB_P', 'EMB_P', 'EMB_P', 'EMB_P', 'EMB_P', 'EMB_P', 'EMB_P', 'EMB_P', 'EMB_P', 'EMB_P', 'EMB_P', 'EMB_P', 'EMB_P', 'EMB_P', 'EMB_P', 'EMB_P', 'EMB_P', 'EMB_P', 'EMB_P', 'EMB_P', 'EMB_P', 'EMB_P', 'EMB_P', 'EMB_P', 'EMB_P', 'EMB_P', 'EMB_P', 'EMB_P', 'EMB_P', 'EMB_P', 'EMB_P', 'EMB_P', 'EMB_P', 'EMB_P', 'EMB_P', 'EMB_P', 'EMB_P', 'EMB_P', 'EMB_P', 'EMB_P', 'EMB_P', 'EMB_P', 'EMB_P', 'EMB_P', 'EMB_P', 'EMB_P', 'EMB_P', 'EMB_P', 'EMB_P', 'EMB_P', 'EMB_P', 'EMB_P', 'EMB_P', 'EMB_P', 'EMB_P', 'EMB_P', 'EMB_P', 'EMB_P', 'EMB_P', 'EMB_P', 'EMB_P', 'EMB_P', 'EMB_P', 'EMB_P', 'EMB_P', 'EMB_P', 'EMB_P', 'EMB_P', 'EMB_P']"
343,сервисом,не повезло,30148:8_1213,"Уютно,тесно,с сервисом нам не повезло.",3.0,6.5,"['EMB_O', 'EMB_O', 'EMB_O', 'EMB_O', 'EMB_O', 'EMB_O', 'EMB_O', 'EMB_O', 'EMB_O', 'ASP_B', 'ASP_I', 'ASP_E', 'EMB_O', 'OPN_B', 'OPN_I', 'OPN_I', 'OPN_E', 'EMB_O', 'EMB_O', 'EMB_P', 'EMB_P', 'EMB_P', 'EMB_P', 'EMB_P', 'EMB_P', 'EMB_P', 'EMB_P', 'EMB_P', 'EMB_P', 'EMB_P', 'EMB_P', 'EMB_P', 'EMB_P', 'EMB_P', 'EMB_P', 'EMB_P', 'EMB_P', 'EMB_P', 'EMB_P', 'EMB_P', 'EMB_P', 'EMB_P', 'EMB_P', 'EMB_P', 'EMB_P', 'EMB_P', 'EMB_P', 'EMB_P', 'EMB_P', 'EMB_P', 'EMB_P', 'EMB_P', 'EMB_P', 'EMB_P', 'EMB_P', 'EMB_P', 'EMB_P', 'EMB_P', 'EMB_P', 'EMB_P', 'EMB_P', 'EMB_P', 'EMB_P', 'EMB_P', 'EMB_P', 'EMB_P', 'EMB_P', 'EMB_P', 'EMB_P', 'EMB_P', 'EMB_P', 'EMB_P', 'EMB_P', 'EMB_P', 'EMB_P', 'EMB_P', 'EMB_P', 'EMB_P', 'EMB_P', 'EMB_P', 'EMB_P', 'EMB_P', 'EMB_P', 'EMB_P', 'EMB_P', 'EMB_P', 'EMB_P', 'EMB_P', 'EMB_P', 'EMB_P', 'EMB_P', 'EMB_P', 'EMB_P', 'EMB_P', 'EMB_P', 'EMB_P', 'EMB_P', 'EMB_P', 'EMB_P', 'EMB_P', 'EMB_P', 'EMB_P', 'EMB_P', 'EMB_P', 'EMB_P', 'EMB_P', 'EMB_P', 'EMB_P', 'EMB_P', 'EMB_P', 'EMB_P', 'EMB_P', 'EMB_P', 'EMB_P', 'EMB_P', 'EMB_P', 'EMB_P', 'EMB_P', 'EMB_P', 'EMB_P', 'EMB_P', 'EMB_P', 'EMB_P', 'EMB_P', 'EMB_P', 'EMB_P', 'EMB_P', 'EMB_P']"
344,Супчики,вкусные,30148:9_1214,Супчики вкусные.,7.0,6.2,"['EMB_O', 'ASP_B', 'ASP_I', 'ASP_E', 'OPN_B', 'OPN_I', 'OPN_E', 'EMB_O', 'EMB_O', 'EMB_P', 'EMB_P', 'EMB_P', 'EMB_P', 'EMB_P', 'EMB_P', 'EMB_P', 'EMB_P', 'EMB_P', 'EMB_P', 'EMB_P', 'EMB_P', 'EMB_P', 'EMB_P', 'EMB_P', 'EMB_P', 'EMB_P', 'EMB_P', 'EMB_P', 'EMB_P', 'EMB_P', 'EMB_P', 'EMB_P', 'EMB_P', 'EMB_P', 'EMB_P', 'EMB_P', 'EMB_P', 'EMB_P', 'EMB_P', 'EMB_P', 'EMB_P', 'EMB_P', 'EMB_P', 'EMB_P', 'EMB_P', 'EMB_P', 'EMB_P', 'EMB_P', 'EMB_P', 'EMB_P', 'EMB_P', 'EMB_P', 'EMB_P', 'EMB_P', 'EMB_P', 'EMB_P', 'EMB_P', 'EMB_P', 'EMB_P', 'EMB_P', 'EMB_P', 'EMB_P', 'EMB_P', 'EMB_P', 'EMB_P', 'EMB_P', 'EMB_P', 'EMB_P', 'EMB_P', 'EMB_P', 'EMB_P', 'EMB_P', 'EMB_P', 'EMB_P', 'EMB_P', 'EMB_P', 'EMB_P', 'EMB_P', 'EMB_P', 'EMB_P', 'EMB_P', 'EMB_P', 'EMB_P', 'EMB_P', 'EMB_P', 'EMB_P', 'EMB_P', 'EMB_P', 'EMB_P', 'EMB_P', 'EMB_P', 'EMB_P', 'EMB_P', 'EMB_P', 'EMB_P', 'EMB_P', 'EMB_P', 'EMB_P', 'EMB_P', 'EMB_P', 'EMB_P', 'EMB_P', 'EMB_P', 'EMB_P', 'EMB_P', 'EMB_P', 'EMB_P', 'EMB_P', 'EMB_P', 'EMB_P', 'EMB_P', 'EMB_P', 'EMB_P', 'EMB_P', 'EMB_P', 'EMB_P', 'EMB_P', 'EMB_P', 'EMB_P', 'EMB_P', 'EMB_P', 'EMB_P', 'EMB_P', 'EMB_P', 'EMB_P', 'EMB_P', 'EMB_P', 'EMB_P']"
345,чаек,Загляну,30148:10_1215,"Загляну туда еще на чаек и десерт,если буду идти мимо.",6.83,7.0,"['EMB_O', 'OPN_B', 'OPN_I', 'OPN_I', 'OPN_E', 'EMB_O', 'EMB_O', 'EMB_O', 'EMB_O', 'ASP_B', 'ASP_I', 'ASP_E', 'EMB_O', 'EMB_O', 'EMB_O', 'EMB_O', 'EMB_O', 'EMB_O', 'EMB_O', 'EMB_O', 'EMB_O', 'EMB_O', 'EMB_O', 'EMB_O', 'EMB_O', 'EMB_O', 'EMB_O', 'EMB_P', 'EMB_P', 'EMB_P', 'EMB_P', 'EMB_P', 'EMB_P', 'EMB_P', 'EMB_P', 'EMB_P', 'EMB_P', 'EMB_P', 'EMB_P', 'EMB_P', 'EMB_P', 'EMB_P', 'EMB_P', 'EMB_P', 'EMB_P', 'EMB_P', 'EMB_P', 'EMB_P', 'EMB_P', 'EMB_P', 'EMB_P', 'EMB_P', 'EMB_P', 'EMB_P', 'EMB_P', 'EMB_P', 'EMB_P', 'EMB_P', 'EMB_P', 'EMB_P', 'EMB_P', 'EMB_P', 'EMB_P', 'EMB_P', 'EMB_P', 'EMB_P', 'EMB_P', 'EMB_P', 'EMB_P', 'EMB_P', 'EMB_P', 'EMB_P', 'EMB_P', 'EMB_P', 'EMB_P', 'EMB_P', 'EMB_P', 'EMB_P', 'EMB_P', 'EMB_P', 'EMB_P', 'EMB_P', 'EMB_P', 'EMB_P', 'EMB_P', 'EMB_P', 'EMB_P', 'EMB_P', 'EMB_P', 'EMB_P', 'EMB_P', 'EMB_P', 'EMB_P', 'EMB_P', 'EMB_P', 'EMB_P', 'EMB_P', 'EMB_P', 'EMB_P', 'EMB_P', 'EMB_P', 'EMB_P', 'EMB_P', 'EMB_P', 'EMB_P', 'EMB_P', 'EMB_P', 'EMB_P', 'EMB_P', 'EMB_P', 'EMB_P', 'EMB_P', 'EMB_P', 'EMB_P', 'EMB_P', 'EMB_P', 'EMB_P', 'EMB_P', 'EMB_P', 'EMB_P', 'EMB_P', 'EMB_P', 'EMB_P', 'EMB_P', 'EMB_P', 'EMB_P', 'EMB_P', 'EMB_P']"
346,десерт,Загляну,30148:10_1215,"Загляну туда еще на чаек и десерт,если буду идти мимо.",6.83,7.0,"['EMB_O', 'OPN_B', 'OPN_I', 'OPN_I', 'OPN_E', 'EMB_O', 'EMB_O', 'EMB_O', 'EMB_O', 'EMB_O', 'EMB_O', 'EMB_O', 'EMB_O', 'ASP_B', 'ASP_I', 'ASP_E', 'EMB_O', 'EMB_O', 'EMB_O', 'EMB_O', 'EMB_O', 'EMB_O', 'EMB_O', 'EMB_O', 'EMB_O', 'EMB_O', 'EMB_O', 'EMB_P', 'EMB_P', 'EMB_P', 'EMB_P', 'EMB_P', 'EMB_P', 'EMB_P', 'EMB_P', 'EMB_P', 'EMB_P', 'EMB_P', 'EMB_P', 'EMB_P', 'EMB_P', 'EMB_P', 'EMB_P', 'EMB_P', 'EMB_P', 'EMB_P', 'EMB_P', 'EMB_P', 'EMB_P', 'EMB_P', 'EMB_P', 'EMB_P', 'EMB_P', 'EMB_P', 'EMB_P', 'EMB_P', 'EMB_P', 'EMB_P', 'EMB_P', 'EMB_P', 'EMB_P', 'EMB_P', 'EMB_P', 'EMB_P', 'EMB_P', 'EMB_P', 'EMB_P', 'EMB_P', 'EMB_P', 'EMB_P', 'EMB_P', 'EMB_P', 'EMB_P', 'EMB_P', 'EMB_P', 'EMB_P', 'EMB_P', 'EMB_P', 'EMB_P', 'EMB_P', 'EMB_P', 'EMB_P', 'EMB_P', 'EMB_P', 'EMB_P', 'EMB_P', 'EMB_P', 'EMB_P', 'EMB_P', 'EMB_P', 'EMB_P', 'EMB_P', 'EMB_P', 'EMB_P', 'EMB_P', 'EMB_P', 'EMB_P', 'EMB_P', 'EMB_P', 'EMB_P', 'EMB_P', 'EMB_P', 'EMB_P', 'EMB_P', 'EMB_P', 'EMB_P', 'EMB_P', 'EMB_P', 'EMB_P', 'EMB_P', 'EMB_P', 'EMB_P', 'EMB_P', 'EMB_P', 'EMB_P', 'EMB_P', 'EMB_P', 'EMB_P', 'EMB_P', 'EMB_P', 'EMB_P', 'EMB_P', 'EMB_P', 'EMB_P', 'EMB_P', 'EMB_P', 'EMB_P', 'EMB_P']"
347,заведение,в удобном для меня месте,30201:0_1216,"раньше часто ходила в это заведение, во-первых, находится в удобном для меня месте, во-вторых есть карта со скидкой 10%.",7.25,7.12,"['EMB_O', 'EMB_O', 'EMB_O', 'EMB_O', 'EMB_O', 'OPN_S', 'EMB_O', 'ASP_B', 'ASP_E', 'EMB_O', 'EMB_O', 'EMB_O', 'EMB_O', 'EMB_O', 'EMB_O', 'EMB_O', 'OPN_B', 'OPN_I', 'OPN_I', 'OPN_I', 'OPN_I', 'OPN_I', 'OPN_E', 'EMB_O', 'EMB_O', 'EMB_O', 'EMB_O', 'EMB_O', 'EMB_O', 'EMB_O', 'EMB_O', 'EMB_O', 'EMB_O', 'EMB_O', 'EMB_O', 'EMB_O', 'EMB_O', 'EMB_O', 'EMB_O', 'EMB_O', 'EMB_P', 'EMB_P', 'EMB_P', 'EMB_P', 'EMB_P', 'EMB_P', 'EMB_P', 'EMB_P', 'EMB_P', 'EMB_P', 'EMB_P', 'EMB_P', 'EMB_P', 'EMB_P', 'EMB_P', 'EMB_P', 'EMB_P', 'EMB_P', 'EMB_P', 'EMB_P', 'EMB_P', 'EMB_P', 'EMB_P', 'EMB_P', 'EMB_P', 'EMB_P', 'EMB_P', 'EMB_P', 'EMB_P', 'EMB_P', 'EMB_P', 'EMB_P', 'EMB_P', 'EMB_P', 'EMB_P', 'EMB_P', 'EMB_P', 'EMB_P', 'EMB_P', 'EMB_P', 'EMB_P', 'EMB_P', 'EMB_P', 'EMB_P', 'EMB_P', 'EMB_P', 'EMB_P', 'EMB_P', 'EMB_P', 'EMB_P', 'EMB_P', 'EMB_P', 'EMB_P', 'EMB_P', 'EMB_P', 'EMB_P', 'EMB_P', 'EMB_P', 'EMB_P', 'EMB_P', 'EMB_P', 'EMB_P', 'EMB_P', 'EMB_P', 'EMB_P', 'EMB_P', 'EMB_P', 'EMB_P', 'EMB_P', 'EMB_P', 'EMB_P', 'EMB_P', 'EMB_P', 'EMB_P', 'EMB_P', 'EMB_P', 'EMB_P', 'EMB_P', 'EMB_P', 'EMB_P', 'EMB_P', 'EMB_P', 'EMB_P', 'EMB_P', 'EMB_P', 'EMB_P', 'EMB_P', 'EMB_P']"
348,Кухня,хорошая,30201:1_1217,"Кухня хорошая, ничего сказать не могу, но вот сервис и обслуживание последнее время (с начала лета) оставляют желать лучшего.",6.8,6.0,"['EMB_O', 'ASP_B', 'ASP_I', 'ASP_E', 'OPN_B', 'OPN_I', 'OPN_E', 'EMB_O', 'EMB_O', 'EMB_O', 'EMB_O', 'EMB_O', 'EMB_O', 'EMB_O', 'EMB_O', 'EMB_O', 'EMB_O', 'EMB_O', 'EMB_O', 'EMB_O', 'EMB_O', 'EMB_O', 'EMB_O', 'EMB_O', 'EMB_O', 'EMB_O', 'EMB_O', 'EMB_O', 'EMB_O', 'EMB_O', 'EMB_O', 'EMB_O', 'EMB_O', 'EMB_O', 'EMB_O', 'EMB_O', 'EMB_O', 'EMB_O', 'EMB_O', 'EMB_O', 'EMB_O', 'EMB_O', 'EMB_O', 'EMB_P', 'EMB_P', 'EMB_P', 'EMB_P', 'EMB_P', 'EMB_P', 'EMB_P', 'EMB_P', 'EMB_P', 'EMB_P', 'EMB_P', 'EMB_P', 'EMB_P', 'EMB_P', 'EMB_P', 'EMB_P', 'EMB_P', 'EMB_P', 'EMB_P', 'EMB_P', 'EMB_P', 'EMB_P', 'EMB_P', 'EMB_P', 'EMB_P', 'EMB_P', 'EMB_P', 'EMB_P', 'EMB_P', 'EMB_P', 'EMB_P', 'EMB_P', 'EMB_P', 'EMB_P', 'EMB_P', 'EMB_P', 'EMB_P', 'EMB_P', 'EMB_P', 'EMB_P', 'EMB_P', 'EMB_P', 'EMB_P', 'EMB_P', 'EMB_P', 'EMB_P', 'EMB_P', 'EMB_P', 'EMB_P', 'EMB_P', 'EMB_P', 'EMB_P', 'EMB_P', 'EMB_P', 'EMB_P', 'EMB_P', 'EMB_P', 'EMB_P', 'EMB_P', 'EMB_P', 'EMB_P', 'EMB_P', 'EMB_P', 'EMB_P', 'EMB_P', 'EMB_P', 'EMB_P', 'EMB_P', 'EMB_P', 'EMB_P', 'EMB_P', 'EMB_P', 'EMB_P', 'EMB_P', 'EMB_P', 'EMB_P', 'EMB_P', 'EMB_P', 'EMB_P', 'EMB_P', 'EMB_P', 'EMB_P', 'EMB_P', 'EMB_P', 'EMB_P']"
349,сервис,оставляют желать лучшего,30201:1_1217,"Кухня хорошая, ничего сказать не могу, но вот сервис и обслуживание последнее время (с начала лета) оставляют желать лучшего.",3.25,7.0,"['EMB_O', 'EMB_O', 'EMB_O', 'EMB_O', 'EMB_O', 'EMB_O', 'EMB_O', 'EMB_O', 'EMB_O', 'EMB_O', 'EMB_O', 'EMB_O', 'EMB_O', 'EMB_O', 'EMB_O', 'EMB_O', 'EMB_O', 'EMB_O', 'ASP_B', 'ASP_I', 'ASP_E', 'EMB_O', 'EMB_O', 'EMB_O', 'EMB_O', 'EMB_O', 'EMB_O', 'EMB_O', 'EMB_O', 'EMB_O', 'EMB_O', 'EMB_O', 'EMB_O', 'OPN_B', 'OPN_I', 'OPN_I', 'OPN_I', 'OPN_I', 'OPN_I', 'OPN_I', 'OPN_E', 'EMB_O', 'EMB_O', 'EMB_P', 'EMB_P', 'EMB_P', 'EMB_P', 'EMB_P', 'EMB_P', 'EMB_P', 'EMB_P', 'EMB_P', 'EMB_P', 'EMB_P', 'EMB_P', 'EMB_P', 'EMB_P', 'EMB_P', 'EMB_P', 'EMB_P', 'EMB_P', 'EMB_P', 'EMB_P', 'EMB_P', 'EMB_P', 'EMB_P', 'EMB_P', 'EMB_P', 'EMB_P', 'EMB_P', 'EMB_P', 'EMB_P', 'EMB_P', 'EMB_P', 'EMB_P', 'EMB_P', 'EMB_P', 'EMB_P', 'EMB_P', 'EMB_P', 'EMB_P', 'EMB_P', 'EMB_P', 'EMB_P', 'EMB_P', 'EMB_P', 'EMB_P', 'EMB_P', 'EMB_P', 'EMB_P', 'EMB_P', 'EMB_P', 'EMB_P', 'EMB_P', 'EMB_P', 'EMB_P', 'EMB_P', 'EMB_P', 'EMB_P', 'EMB_P', 'EMB_P', 'EMB_P', 'EMB_P', 'EMB_P', 'EMB_P', 'EMB_P', 'EMB_P', 'EMB_P', 'EMB_P', 'EMB_P', 'EMB_P', 'EMB_P', 'EMB_P', 'EMB_P', 'EMB_P', 'EMB_P', 'EMB_P', 'EMB_P', 'EMB_P', 'EMB_P', 'EMB_P', 'EMB_P', 'EMB_P', 'EMB_P', 'EMB_P', 'EMB_P', 'EMB_P', 'EMB_P']"
350,обслуживание,оставляют желать лучшего,30201:1_1217,"Кухня хорошая, ничего сказать не могу, но вот сервис и обслуживание последнее время (с начала лета) оставляют желать лучшего.",3.25,7.0,"['EMB_O', 'EMB_O', 'EMB_O', 'EMB_O', 'EMB_O', 'EMB_O', 'EMB_O', 'EMB_O', 'EMB_O', 'EMB_O', 'EMB_O', 'EMB_O', 'EMB_O', 'EMB_O', 'EMB_O', 'EMB_O', 'EMB_O', 'EMB_O', 'EMB_O', 'EMB_O', 'EMB_O', 'EMB_O', 'ASP_B', 'ASP_I', 'ASP_I', 'ASP_E', 'EMB_O', 'EMB_O', 'EMB_O', 'EMB_O', 'EMB_O', 'EMB_O', 'EMB_O', 'OPN_B', 'OPN_I', 'OPN_I', 'OPN_I', 'OPN_I', 'OPN_I', 'OPN_I', 'OPN_E', 'EMB_O', 'EMB_O', 'EMB_P', 'EMB_P', 'EMB_P', 'EMB_P', 'EMB_P', 'EMB_P', 'EMB_P', 'EMB_P', 'EMB_P', 'EMB_P', 'EMB_P', 'EMB_P', 'EMB_P', 'EMB_P', 'EMB_P', 'EMB_P', 'EMB_P', 'EMB_P', 'EMB_P', 'EMB_P', 'EMB_P', 'EMB_P', 'EMB_P', 'EMB_P', 'EMB_P', 'EMB_P', 'EMB_P', 'EMB_P', 'EMB_P', 'EMB_P', 'EMB_P', 'EMB_P', 'EMB_P', 'EMB_P', 'EMB_P', 'EMB_P', 'EMB_P', 'EMB_P', 'EMB_P', 'EMB_P', 'EMB_P', 'EMB_P', 'EMB_P', 'EMB_P', 'EMB_P', 'EMB_P', 'EMB_P', 'EMB_P', 'EMB_P', 'EMB_P', 'EMB_P', 'EMB_P', 'EMB_P', 'EMB_P', 'EMB_P', 'EMB_P', 'EMB_P', 'EMB_P', 'EMB_P', 'EMB_P', 'EMB_P', 'EMB_P', 'EMB_P', 'EMB_P', 'EMB_P', 'EMB_P', 'EMB_P', 'EMB_P', 'EMB_P', 'EMB_P', 'EMB_P', 'EMB_P', 'EMB_P', 'EMB_P', 'EMB_P', 'EMB_P', 'EMB_P', 'EMB_P', 'EMB_P', 'EMB_P', 'EMB_P', 'EMB_P', 'EMB_P', 'EMB_P', 'EMB_P']"
351,Официантки,забывают,30201:2_1218,"Официантки постоянно что-то забывают, при небольшом количестве посетителей заказ приходится ждать иногда до 40-50 минут!!!",2.5,7.67,"['EMB_O', 'ASP_B', 'ASP_I', 'ASP_I', 'ASP_I', 'ASP_E', 'EMB_O', 'EMB_O', 'EMB_O', 'EMB_O', 'OPN_B', 'OPN_I', 'OPN_E', 'EMB_O', 'EMB_O', 'EMB_O', 'EMB_O', 'EMB_O', 'EMB_O', 'EMB_O', 'EMB_O', 'EMB_O', 'EMB_O', 'EMB_O', 'EMB_O', 'EMB_O', 'EMB_O', 'EMB_O', 'EMB_O', 'EMB_O', 'EMB_O', 'EMB_O', 'EMB_O', 'EMB_O', 'EMB_O', 'EMB_O', 'EMB_O', 'EMB_O', 'EMB_P', 'EMB_P', 'EMB_P', 'EMB_P', 'EMB_P', 'EMB_P', 'EMB_P', 'EMB_P', 'EMB_P', 'EMB_P', 'EMB_P', 'EMB_P', 'EMB_P', 'EMB_P', 'EMB_P', 'EMB_P', 'EMB_P', 'EMB_P', 'EMB_P', 'EMB_P', 'EMB_P', 'EMB_P', 'EMB_P', 'EMB_P', 'EMB_P', 'EMB_P', 'EMB_P', 'EMB_P', 'EMB_P', 'EMB_P', 'EMB_P', 'EMB_P', 'EMB_P', 'EMB_P', 'EMB_P', 'EMB_P', 'EMB_P', 'EMB_P', 'EMB_P', 'EMB_P', 'EMB_P', 'EMB_P', 'EMB_P', 'EMB_P', 'EMB_P', 'EMB_P', 'EMB_P', 'EMB_P', 'EMB_P', 'EMB_P', 'EMB_P', 'EMB_P', 'EMB_P', 'EMB_P', 'EMB_P', 'EMB_P', 'EMB_P', 'EMB_P', 'EMB_P', 'EMB_P', 'EMB_P', 'EMB_P', 'EMB_P', 'EMB_P', 'EMB_P', 'EMB_P', 'EMB_P', 'EMB_P', 'EMB_P', 'EMB_P', 'EMB_P', 'EMB_P', 'EMB_P', 'EMB_P', 'EMB_P', 'EMB_P', 'EMB_P', 'EMB_P', 'EMB_P', 'EMB_P', 'EMB_P', 'EMB_P', 'EMB_P', 'EMB_P', 'EMB_P', 'EMB_P', 'EMB_P', 'EMB_P', 'EMB_P', 'EMB_P']"
352,заказ,приходится ждать иногда до 40-50 минут,30201:2_1218,"Официантки постоянно что-то забывают, при небольшом количестве посетителей заказ приходится ждать иногда до 40-50 минут!!!",2.33,7.83,"['EMB_O', 'EMB_O', 'EMB_O', 'EMB_O', 'EMB_O', 'EMB_O', 'EMB_O', 'EMB_O', 'EMB_O', 'EMB_O', 'ASP_S', 'EMB_O', 'EMB_O', 'EMB_O', 'EMB_O', 'EMB_O', 'EMB_O', 'EMB_O', 'EMB_O', 'EMB_O', 'EMB_O', 'EMB_O', 'EMB_O', 'EMB_O', 'ASP_S', 'OPN_B', 'OPN_I', 'OPN_I', 'OPN_I', 'OPN_I', 'OPN_I', 'OPN_I', 'OPN_I', 'OPN_E', 'EMB_O', 'EMB_O', 'EMB_O', 'EMB_O', 'EMB_P', 'EMB_P', 'EMB_P', 'EMB_P', 'EMB_P', 'EMB_P', 'EMB_P', 'EMB_P', 'EMB_P', 'EMB_P', 'EMB_P', 'EMB_P', 'EMB_P', 'EMB_P', 'EMB_P', 'EMB_P', 'EMB_P', 'EMB_P', 'EMB_P', 'EMB_P', 'EMB_P', 'EMB_P', 'EMB_P', 'EMB_P', 'EMB_P', 'EMB_P', 'EMB_P', 'EMB_P', 'EMB_P', 'EMB_P', 'EMB_P', 'EMB_P', 'EMB_P', 'EMB_P', 'EMB_P', 'EMB_P', 'EMB_P', 'EMB_P', 'EMB_P', 'EMB_P', 'EMB_P', 'EMB_P', 'EMB_P', 'EMB_P', 'EMB_P', 'EMB_P', 'EMB_P', 'EMB_P', 'EMB_P', 'EMB_P', 'EMB_P', 'EMB_P', 'EMB_P', 'EMB_P', 'EMB_P', 'EMB_P', 'EMB_P', 'EMB_P', 'EMB_P', 'EMB_P', 'EMB_P', 'EMB_P', 'EMB_P', 'EMB_P', 'EMB_P', 'EMB_P', 'EMB_P', 'EMB_P', 'EMB_P', 'EMB_P', 'EMB_P', 'EMB_P', 'EMB_P', 'EMB_P', 'EMB_P', 'EMB_P', 'EMB_P', 'EMB_P', 'EMB_P', 'EMB_P', 'EMB_P', 'EMB_P', 'EMB_P', 'EMB_P', 'EMB_P', 'EMB_P', 'EMB_P', 'EMB_P', 'EMB_P', 'EMB_P']"
353,Пиво,без пузыриков,30201:4_1219,"Пиво разливное приносили не то, что без пены, без пузыриков....",2.17,7.33,"['EMB_O', 'ASP_B', 'ASP_E', 'EMB_O', 'EMB_O', 'EMB_O', 'EMB_O', 'EMB_O', 'EMB_O', 'EMB_O', 'EMB_O', 'EMB_O', 'EMB_O', 'OPN_S', 'EMB_O', 'EMB_O', 'EMB_O', 'EMB_O', 'OPN_B', 'OPN_I', 'OPN_I', 'OPN_E', 'EMB_O', 'EMB_O', 'EMB_O', 'EMB_O', 'EMB_O', 'EMB_P', 'EMB_P', 'EMB_P', 'EMB_P', 'EMB_P', 'EMB_P', 'EMB_P', 'EMB_P', 'EMB_P', 'EMB_P', 'EMB_P', 'EMB_P', 'EMB_P', 'EMB_P', 'EMB_P', 'EMB_P', 'EMB_P', 'EMB_P', 'EMB_P', 'EMB_P', 'EMB_P', 'EMB_P', 'EMB_P', 'EMB_P', 'EMB_P', 'EMB_P', 'EMB_P', 'EMB_P', 'EMB_P', 'EMB_P', 'EMB_P', 'EMB_P', 'EMB_P', 'EMB_P', 'EMB_P', 'EMB_P', 'EMB_P', 'EMB_P', 'EMB_P', 'EMB_P', 'EMB_P', 'EMB_P', 'EMB_P', 'EMB_P', 'EMB_P', 'EMB_P', 'EMB_P', 'EMB_P', 'EMB_P', 'EMB_P', 'EMB_P', 'EMB_P', 'EMB_P', 'EMB_P', 'EMB_P', 'EMB_P', 'EMB_P', 'EMB_P', 'EMB_P', 'EMB_P', 'EMB_P', 'EMB_P', 'EMB_P', 'EMB_P', 'EMB_P', 'EMB_P', 'EMB_P', 'EMB_P', 'EMB_P', 'EMB_P', 'EMB_P', 'EMB_P', 'EMB_P', 'EMB_P', 'EMB_P', 'EMB_P', 'EMB_P', 'EMB_P', 'EMB_P', 'EMB_P', 'EMB_P', 'EMB_P', 'EMB_P', 'EMB_P', 'EMB_P', 'EMB_P', 'EMB_P', 'EMB_P', 'EMB_P', 'EMB_P', 'EMB_P', 'EMB_P', 'EMB_P', 'EMB_P', 'EMB_P', 'EMB_P', 'EMB_P', 'EMB_P', 'EMB_P', 'EMB_P', 'EMB_P']"
354,васаби,измениться снова в лучшую сторону,30201:6_1220,"Надеюсь, васаби измениться снова в лучшую сторону.",2.9,6.5,"['EMB_O', 'EMB_O', 'EMB_O', 'EMB_O', 'EMB_O', 'ASP_B', 'ASP_I', 'ASP_E', 'OPN_B', 'OPN_I', 'OPN_I', 'OPN_I', 'OPN_I', 'OPN_I', 'OPN_E', 'EMB_O', 'EMB_O', 'EMB_P', 'EMB_P', 'EMB_P', 'EMB_P', 'EMB_P', 'EMB_P', 'EMB_P', 'EMB_P', 'EMB_P', 'EMB_P', 'EMB_P', 'EMB_P', 'EMB_P', 'EMB_P', 'EMB_P', 'EMB_P', 'EMB_P', 'EMB_P', 'EMB_P', 'EMB_P', 'EMB_P', 'EMB_P', 'EMB_P', 'EMB_P', 'EMB_P', 'EMB_P', 'EMB_P', 'EMB_P', 'EMB_P', 'EMB_P', 'EMB_P', 'EMB_P', 'EMB_P', 'EMB_P', 'EMB_P', 'EMB_P', 'EMB_P', 'EMB_P', 'EMB_P', 'EMB_P', 'EMB_P', 'EMB_P', 'EMB_P', 'EMB_P', 'EMB_P', 'EMB_P', 'EMB_P', 'EMB_P', 'EMB_P', 'EMB_P', 'EMB_P', 'EMB_P', 'EMB_P', 'EMB_P', 'EMB_P', 'EMB_P', 'EMB_P', 'EMB_P', 'EMB_P', 'EMB_P', 'EMB_P', 'EMB_P', 'EMB_P', 'EMB_P', 'EMB_P', 'EMB_P', 'EMB_P', 'EMB_P', 'EMB_P', 'EMB_P', 'EMB_P', 'EMB_P', 'EMB_P', 'EMB_P', 'EMB_P', 'EMB_P', 'EMB_P', 'EMB_P', 'EMB_P', 'EMB_P', 'EMB_P', 'EMB_P', 'EMB_P', 'EMB_P', 'EMB_P', 'EMB_P', 'EMB_P', 'EMB_P', 'EMB_P', 'EMB_P', 'EMB_P', 'EMB_P', 'EMB_P', 'EMB_P', 'EMB_P', 'EMB_P', 'EMB_P', 'EMB_P', 'EMB_P', 'EMB_P', 'EMB_P', 'EMB_P', 'EMB_P', 'EMB_P', 'EMB_P', 'EMB_P', 'EMB_P', 'EMB_P', 'EMB_P', 'EMB_P', 'EMB_P']"
355,сотрудники,дружественно,30368:3_1221,"При в ходе в паб, все сотрудники дружественно здороваются,далее милая девушка официантка предложила нам пару столов на выбор.",6.83,6.17,"['EMB_O', 'EMB_O', 'EMB_O', 'EMB_O', 'EMB_O', 'EMB_O', 'EMB_O', 'EMB_O', 'EMB_O', 'ASP_B', 'ASP_E', 'OPN_B', 'OPN_I', 'OPN_I', 'OPN_E', 'EMB_O', 'EMB_O', 'EMB_O', 'EMB_O', 'EMB_O', 'EMB_O', 'EMB_O', 'EMB_O', 'EMB_O', 'EMB_O', 'EMB_O', 'EMB_O', 'EMB_O', 'EMB_O', 'EMB_O', 'EMB_O', 'EMB_O', 'EMB_O', 'EMB_O', 'EMB_O', 'EMB_O', 'EMB_O', 'EMB_O', 'EMB_O', 'EMB_O', 'EMB_P', 'EMB_P', 'EMB_P', 'EMB_P', 'EMB_P', 'EMB_P', 'EMB_P', 'EMB_P', 'EMB_P', 'EMB_P', 'EMB_P', 'EMB_P', 'EMB_P', 'EMB_P', 'EMB_P', 'EMB_P', 'EMB_P', 'EMB_P', 'EMB_P', 'EMB_P', 'EMB_P', 'EMB_P', 'EMB_P', 'EMB_P', 'EMB_P', 'EMB_P', 'EMB_P', 'EMB_P', 'EMB_P', 'EMB_P', 'EMB_P', 'EMB_P', 'EMB_P', 'EMB_P', 'EMB_P', 'EMB_P', 'EMB_P', 'EMB_P', 'EMB_P', 'EMB_P', 'EMB_P', 'EMB_P', 'EMB_P', 'EMB_P', 'EMB_P', 'EMB_P', 'EMB_P', 'EMB_P', 'EMB_P', 'EMB_P', 'EMB_P', 'EMB_P', 'EMB_P', 'EMB_P', 'EMB_P', 'EMB_P', 'EMB_P', 'EMB_P', 'EMB_P', 'EMB_P', 'EMB_P', 'EMB_P', 'EMB_P', 'EMB_P', 'EMB_P', 'EMB_P', 'EMB_P', 'EMB_P', 'EMB_P', 'EMB_P', 'EMB_P', 'EMB_P', 'EMB_P', 'EMB_P', 'EMB_P', 'EMB_P', 'EMB_P', 'EMB_P', 'EMB_P', 'EMB_P', 'EMB_P', 'EMB_P', 'EMB_P', 'EMB_P', 'EMB_P', 'EMB_P', 'EMB_P', 'EMB_P']"
356,девушка официантка,милая,30368:3_1221,"При в ходе в паб, все сотрудники дружественно здороваются,далее милая девушка официантка предложила нам пару столов на выбор.",6.8,6.2,"['EMB_O', 'EMB_O', 'EMB_O', 'EMB_O', 'EMB_O', 'EMB_O', 'EMB_O', 'EMB_O', 'EMB_O', 'EMB_O', 'EMB_O', 'EMB_O', 'EMB_O', 'EMB_O', 'EMB_O', 'EMB_O', 'EMB_O', 'EMB_O', 'EMB_O', 'OPN_B', 'OPN_E', 'ASP_B', 'ASP_I', 'ASP_I', 'ASP_I', 'ASP_I', 'ASP_I', 'ASP_E', 'EMB_O', 'EMB_O', 'EMB_O', 'EMB_O', 'EMB_O', 'EMB_O', 'EMB_O', 'EMB_O', 'EMB_O', 'EMB_O', 'EMB_O', 'EMB_O', 'EMB_P', 'EMB_P', 'EMB_P', 'EMB_P', 'EMB_P', 'EMB_P', 'EMB_P', 'EMB_P', 'EMB_P', 'EMB_P', 'EMB_P', 'EMB_P', 'EMB_P', 'EMB_P', 'EMB_P', 'EMB_P', 'EMB_P', 'EMB_P', 'EMB_P', 'EMB_P', 'EMB_P', 'EMB_P', 'EMB_P', 'EMB_P', 'EMB_P', 'EMB_P', 'EMB_P', 'EMB_P', 'EMB_P', 'EMB_P', 'EMB_P', 'EMB_P', 'EMB_P', 'EMB_P', 'EMB_P', 'EMB_P', 'EMB_P', 'EMB_P', 'EMB_P', 'EMB_P', 'EMB_P', 'EMB_P', 'EMB_P', 'EMB_P', 'EMB_P', 'EMB_P', 'EMB_P', 'EMB_P', 'EMB_P', 'EMB_P', 'EMB_P', 'EMB_P', 'EMB_P', 'EMB_P', 'EMB_P', 'EMB_P', 'EMB_P', 'EMB_P', 'EMB_P', 'EMB_P', 'EMB_P', 'EMB_P', 'EMB_P', 'EMB_P', 'EMB_P', 'EMB_P', 'EMB_P', 'EMB_P', 'EMB_P', 'EMB_P', 'EMB_P', 'EMB_P', 'EMB_P', 'EMB_P', 'EMB_P', 'EMB_P', 'EMB_P', 'EMB_P', 'EMB_P', 'EMB_P', 'EMB_P', 'EMB_P', 'EMB_P', 'EMB_P', 'EMB_P', 'EMB_P', 'EMB_P', 'EMB_P']"
357,пива,очень интересный выбор,30368:4_1222,"Почти сразу нам подали меню, сообщив, что у данного заведения очень интересный выбор пива, поскольку мы не был знакомы с ассортиментом Английского пива, нам предоставили комментарии к интересующим позициям и даже принесли небольшое количество на пробу, что несомненно приятно!",7.7,7.1,"['EMB_O', 'EMB_O', 'EMB_O', 'EMB_O', 'EMB_O', 'EMB_O', 'EMB_O', 'EMB_O', 'EMB_O', 'EMB_O', 'EMB_O', 'EMB_O', 'EMB_O', 'EMB_O', 'EMB_O', 'EMB_O', 'EMB_O', 'EMB_O', 'EMB_O', 'EMB_O', 'EMB_O', 'OPN_B', 'OPN_I', 'OPN_I', 'OPN_I', 'OPN_E', 'ASP_B', 'ASP_E', 'EMB_O', 'EMB_O', 'EMB_O', 'EMB_O', 'EMB_O', 'EMB_O', 'EMB_O', 'EMB_O', 'EMB_O', 'EMB_O', 'EMB_O', 'EMB_O', 'EMB_O', 'EMB_O', 'EMB_O', 'EMB_O', 'EMB_O', 'EMB_O', 'EMB_O', 'EMB_O', 'EMB_O', 'EMB_O', 'EMB_O', 'EMB_O', 'EMB_O', 'EMB_O', 'EMB_O', 'EMB_O', 'EMB_O', 'EMB_O', 'EMB_O', 'EMB_O', 'EMB_O', 'EMB_O', 'EMB_O', 'EMB_O', 'EMB_O', 'EMB_O', 'EMB_O', 'EMB_O', 'EMB_O', 'EMB_O', 'EMB_O', 'EMB_O', 'EMB_O', 'EMB_O', 'EMB_O', 'EMB_O', 'EMB_O', 'EMB_O', 'EMB_O', 'EMB_O', 'EMB_O', 'EMB_O', 'EMB_O', 'EMB_O', 'EMB_P', 'EMB_P', 'EMB_P', 'EMB_P', 'EMB_P', 'EMB_P', 'EMB_P', 'EMB_P', 'EMB_P', 'EMB_P', 'EMB_P', 'EMB_P', 'EMB_P', 'EMB_P', 'EMB_P', 'EMB_P', 'EMB_P', 'EMB_P', 'EMB_P', 'EMB_P', 'EMB_P', 'EMB_P', 'EMB_P', 'EMB_P', 'EMB_P', 'EMB_P', 'EMB_P', 'EMB_P', 'EMB_P', 'EMB_P', 'EMB_P', 'EMB_P', 'EMB_P', 'EMB_P', 'EMB_P', 'EMB_P', 'EMB_P', 'EMB_P', 'EMB_P', 'EMB_P', 'EMB_P', 'EMB_P', 'EMB_P', 'EMB_P']"
358,пиво,по вкусу,30368:5_1223,"Перепробовали почти весь пивной ряд, каждый нашел пиво по вкусу.",7.25,6.62,"['EMB_O', 'EMB_O', 'EMB_O', 'EMB_O', 'EMB_O', 'EMB_O', 'EMB_O', 'EMB_O', 'ASP_S', 'EMB_O', 'EMB_O', 'EMB_O', 'EMB_O', 'EMB_O', 'EMB_O', 'EMB_O', 'ASP_S', 'OPN_B', 'OPN_I', 'OPN_I', 'OPN_E', 'EMB_O', 'EMB_O', 'EMB_P', 'EMB_P', 'EMB_P', 'EMB_P', 'EMB_P', 'EMB_P', 'EMB_P', 'EMB_P', 'EMB_P', 'EMB_P', 'EMB_P', 'EMB_P', 'EMB_P', 'EMB_P', 'EMB_P', 'EMB_P', 'EMB_P', 'EMB_P', 'EMB_P', 'EMB_P', 'EMB_P', 'EMB_P', 'EMB_P', 'EMB_P', 'EMB_P', 'EMB_P', 'EMB_P', 'EMB_P', 'EMB_P', 'EMB_P', 'EMB_P', 'EMB_P', 'EMB_P', 'EMB_P', 'EMB_P', 'EMB_P', 'EMB_P', 'EMB_P', 'EMB_P', 'EMB_P', 'EMB_P', 'EMB_P', 'EMB_P', 'EMB_P', 'EMB_P', 'EMB_P', 'EMB_P', 'EMB_P', 'EMB_P', 'EMB_P', 'EMB_P', 'EMB_P', 'EMB_P', 'EMB_P', 'EMB_P', 'EMB_P', 'EMB_P', 'EMB_P', 'EMB_P', 'EMB_P', 'EMB_P', 'EMB_P', 'EMB_P', 'EMB_P', 'EMB_P', 'EMB_P', 'EMB_P', 'EMB_P', 'EMB_P', 'EMB_P', 'EMB_P', 'EMB_P', 'EMB_P', 'EMB_P', 'EMB_P', 'EMB_P', 'EMB_P', 'EMB_P', 'EMB_P', 'EMB_P', 'EMB_P', 'EMB_P', 'EMB_P', 'EMB_P', 'EMB_P', 'EMB_P', 'EMB_P', 'EMB_P', 'EMB_P', 'EMB_P', 'EMB_P', 'EMB_P', 'EMB_P', 'EMB_P', 'EMB_P', 'EMB_P', 'EMB_P', 'EMB_P', 'EMB_P', 'EMB_P', 'EMB_P', 'EMB_P', 'EMB_P', 'EMB_P', 'EMB_P']"
359,Кухня,порадовала,30368:6_1224,"Кухня порадовала, большая пивная тарелка, действительно оказалась большой и вкусной!",7.1,6.6,"['EMB_O', 'ASP_B', 'ASP_I', 'ASP_E', 'OPN_B', 'OPN_I', 'OPN_E', 'EMB_O', 'EMB_O', 'EMB_O', 'EMB_O', 'EMB_O', 'EMB_O', 'EMB_O', 'EMB_O', 'EMB_O', 'EMB_O', 'EMB_O', 'EMB_O', 'EMB_O', 'EMB_O', 'EMB_O', 'EMB_O', 'EMB_O', 'EMB_O', 'EMB_O', 'EMB_O', 'EMB_O', 'EMB_P', 'EMB_P', 'EMB_P', 'EMB_P', 'EMB_P', 'EMB_P', 'EMB_P', 'EMB_P', 'EMB_P', 'EMB_P', 'EMB_P', 'EMB_P', 'EMB_P', 'EMB_P', 'EMB_P', 'EMB_P', 'EMB_P', 'EMB_P', 'EMB_P', 'EMB_P', 'EMB_P', 'EMB_P', 'EMB_P', 'EMB_P', 'EMB_P', 'EMB_P', 'EMB_P', 'EMB_P', 'EMB_P', 'EMB_P', 'EMB_P', 'EMB_P', 'EMB_P', 'EMB_P', 'EMB_P', 'EMB_P', 'EMB_P', 'EMB_P', 'EMB_P', 'EMB_P', 'EMB_P', 'EMB_P', 'EMB_P', 'EMB_P', 'EMB_P', 'EMB_P', 'EMB_P', 'EMB_P', 'EMB_P', 'EMB_P', 'EMB_P', 'EMB_P', 'EMB_P', 'EMB_P', 'EMB_P', 'EMB_P', 'EMB_P', 'EMB_P', 'EMB_P', 'EMB_P', 'EMB_P', 'EMB_P', 'EMB_P', 'EMB_P', 'EMB_P', 'EMB_P', 'EMB_P', 'EMB_P', 'EMB_P', 'EMB_P', 'EMB_P', 'EMB_P', 'EMB_P', 'EMB_P', 'EMB_P', 'EMB_P', 'EMB_P', 'EMB_P', 'EMB_P', 'EMB_P', 'EMB_P', 'EMB_P', 'EMB_P', 'EMB_P', 'EMB_P', 'EMB_P', 'EMB_P', 'EMB_P', 'EMB_P', 'EMB_P', 'EMB_P', 'EMB_P', 'EMB_P', 'EMB_P', 'EMB_P', 'EMB_P', 'EMB_P', 'EMB_P', 'EMB_P', 'EMB_P']"
360,пивная тарелка,вкусной,30368:6_1224,"Кухня порадовала, большая пивная тарелка, действительно оказалась большой и вкусной!",7.0,6.33,"['EMB_O', 'EMB_O', 'EMB_O', 'EMB_O', 'EMB_O', 'EMB_O', 'EMB_O', 'EMB_O', 'EMB_O', 'ASP_B', 'ASP_I', 'ASP_I', 'ASP_I', 'ASP_I', 'ASP_E', 'EMB_O', 'EMB_O', 'EMB_O', 'EMB_O', 'EMB_O', 'EMB_O', 'EMB_O', 'EMB_O', 'OPN_B', 'OPN_I', 'OPN_E', 'EMB_O', 'EMB_O', 'EMB_P', 'EMB_P', 'EMB_P', 'EMB_P', 'EMB_P', 'EMB_P', 'EMB_P', 'EMB_P', 'EMB_P', 'EMB_P', 'EMB_P', 'EMB_P', 'EMB_P', 'EMB_P', 'EMB_P', 'EMB_P', 'EMB_P', 'EMB_P', 'EMB_P', 'EMB_P', 'EMB_P', 'EMB_P', 'EMB_P', 'EMB_P', 'EMB_P', 'EMB_P', 'EMB_P', 'EMB_P', 'EMB_P', 'EMB_P', 'EMB_P', 'EMB_P', 'EMB_P', 'EMB_P', 'EMB_P', 'EMB_P', 'EMB_P', 'EMB_P', 'EMB_P', 'EMB_P', 'EMB_P', 'EMB_P', 'EMB_P', 'EMB_P', 'EMB_P', 'EMB_P', 'EMB_P', 'EMB_P', 'EMB_P', 'EMB_P', 'EMB_P', 'EMB_P', 'EMB_P', 'EMB_P', 'EMB_P', 'EMB_P', 'EMB_P', 'EMB_P', 'EMB_P', 'EMB_P', 'EMB_P', 'EMB_P', 'EMB_P', 'EMB_P', 'EMB_P', 'EMB_P', 'EMB_P', 'EMB_P', 'EMB_P', 'EMB_P', 'EMB_P', 'EMB_P', 'EMB_P', 'EMB_P', 'EMB_P', 'EMB_P', 'EMB_P', 'EMB_P', 'EMB_P', 'EMB_P', 'EMB_P', 'EMB_P', 'EMB_P', 'EMB_P', 'EMB_P', 'EMB_P', 'EMB_P', 'EMB_P', 'EMB_P', 'EMB_P', 'EMB_P', 'EMB_P', 'EMB_P', 'EMB_P', 'EMB_P', 'EMB_P', 'EMB_P', 'EMB_P', 'EMB_P', 'EMB_P']"
361,закуски,совсем не банальные,30368:7_1225,Разнообразные закуски совсем не банальные как в большинстве заведений.,7.5,6.62,"['EMB_O', 'EMB_O', 'EMB_O', 'EMB_O', 'EMB_O', 'EMB_O', 'EMB_O', 'ASP_B', 'ASP_I', 'ASP_E', 'OPN_B', 'OPN_I', 'OPN_I', 'OPN_I', 'OPN_I', 'OPN_E', 'EMB_O', 'EMB_O', 'EMB_O', 'EMB_O', 'EMB_O', 'EMB_O', 'EMB_O', 'EMB_P', 'EMB_P', 'EMB_P', 'EMB_P', 'EMB_P', 'EMB_P', 'EMB_P', 'EMB_P', 'EMB_P', 'EMB_P', 'EMB_P', 'EMB_P', 'EMB_P', 'EMB_P', 'EMB_P', 'EMB_P', 'EMB_P', 'EMB_P', 'EMB_P', 'EMB_P', 'EMB_P', 'EMB_P', 'EMB_P', 'EMB_P', 'EMB_P', 'EMB_P', 'EMB_P', 'EMB_P', 'EMB_P', 'EMB_P', 'EMB_P', 'EMB_P', 'EMB_P', 'EMB_P', 'EMB_P', 'EMB_P', 'EMB_P', 'EMB_P', 'EMB_P', 'EMB_P', 'EMB_P', 'EMB_P', 'EMB_P', 'EMB_P', 'EMB_P', 'EMB_P', 'EMB_P', 'EMB_P', 'EMB_P', 'EMB_P', 'EMB_P', 'EMB_P', 'EMB_P', 'EMB_P', 'EMB_P', 'EMB_P', 'EMB_P', 'EMB_P', 'EMB_P', 'EMB_P', 'EMB_P', 'EMB_P', 'EMB_P', 'EMB_P', 'EMB_P', 'EMB_P', 'EMB_P', 'EMB_P', 'EMB_P', 'EMB_P', 'EMB_P', 'EMB_P', 'EMB_P', 'EMB_P', 'EMB_P', 'EMB_P', 'EMB_P', 'EMB_P', 'EMB_P', 'EMB_P', 'EMB_P', 'EMB_P', 'EMB_P', 'EMB_P', 'EMB_P', 'EMB_P', 'EMB_P', 'EMB_P', 'EMB_P', 'EMB_P', 'EMB_P', 'EMB_P', 'EMB_P', 'EMB_P', 'EMB_P', 'EMB_P', 'EMB_P', 'EMB_P', 'EMB_P', 'EMB_P', 'EMB_P', 'EMB_P', 'EMB_P', 'EMB_P', 'EMB_P']"
362,горячих блюд,могу посоветовать,30368:8_1226,"Из горячих блюд могу посоветовать Фиш & Чипс, Стрейк Нью-Йорк.",7.17,6.0,"['EMB_O', 'EMB_O', 'ASP_B', 'ASP_I', 'ASP_I', 'ASP_I', 'ASP_I', 'ASP_E', 'OPN_B', 'OPN_I', 'OPN_I', 'OPN_I', 'OPN_E', 'EMB_O', 'EMB_O', 'EMB_O', 'EMB_O', 'EMB_O', 'EMB_O', 'EMB_O', 'EMB_O', 'EMB_O', 'EMB_O', 'EMB_O', 'EMB_O', 'EMB_O', 'EMB_O', 'EMB_O', 'EMB_O', 'EMB_P', 'EMB_P', 'EMB_P', 'EMB_P', 'EMB_P', 'EMB_P', 'EMB_P', 'EMB_P', 'EMB_P', 'EMB_P', 'EMB_P', 'EMB_P', 'EMB_P', 'EMB_P', 'EMB_P', 'EMB_P', 'EMB_P', 'EMB_P', 'EMB_P', 'EMB_P', 'EMB_P', 'EMB_P', 'EMB_P', 'EMB_P', 'EMB_P', 'EMB_P', 'EMB_P', 'EMB_P', 'EMB_P', 'EMB_P', 'EMB_P', 'EMB_P', 'EMB_P', 'EMB_P', 'EMB_P', 'EMB_P', 'EMB_P', 'EMB_P', 'EMB_P', 'EMB_P', 'EMB_P', 'EMB_P', 'EMB_P', 'EMB_P', 'EMB_P', 'EMB_P', 'EMB_P', 'EMB_P', 'EMB_P', 'EMB_P', 'EMB_P', 'EMB_P', 'EMB_P', 'EMB_P', 'EMB_P', 'EMB_P', 'EMB_P', 'EMB_P', 'EMB_P', 'EMB_P', 'EMB_P', 'EMB_P', 'EMB_P', 'EMB_P', 'EMB_P', 'EMB_P', 'EMB_P', 'EMB_P', 'EMB_P', 'EMB_P', 'EMB_P', 'EMB_P', 'EMB_P', 'EMB_P', 'EMB_P', 'EMB_P', 'EMB_P', 'EMB_P', 'EMB_P', 'EMB_P', 'EMB_P', 'EMB_P', 'EMB_P', 'EMB_P', 'EMB_P', 'EMB_P', 'EMB_P', 'EMB_P', 'EMB_P', 'EMB_P', 'EMB_P', 'EMB_P', 'EMB_P', 'EMB_P', 'EMB_P', 'EMB_P', 'EMB_P', 'EMB_P', 'EMB_P']"
363,Фиш & Чипс,могу посоветовать,30368:8_1226,"Из горячих блюд могу посоветовать Фиш & Чипс, Стрейк Нью-Йорк.",7.17,6.0,"['EMB_O', 'EMB_O', 'EMB_O', 'EMB_O', 'EMB_O', 'EMB_O', 'EMB_O', 'EMB_O', 'OPN_B', 'OPN_I', 'OPN_I', 'OPN_I', 'OPN_E', 'ASP_B', 'ASP_I', 'ASP_I', 'ASP_I', 'ASP_I', 'ASP_E', 'EMB_O', 'EMB_O', 'EMB_O', 'EMB_O', 'EMB_O', 'EMB_O', 'EMB_O', 'EMB_O', 'EMB_O', 'EMB_O', 'EMB_P', 'EMB_P', 'EMB_P', 'EMB_P', 'EMB_P', 'EMB_P', 'EMB_P', 'EMB_P', 'EMB_P', 'EMB_P', 'EMB_P', 'EMB_P', 'EMB_P', 'EMB_P', 'EMB_P', 'EMB_P', 'EMB_P', 'EMB_P', 'EMB_P', 'EMB_P', 'EMB_P', 'EMB_P', 'EMB_P', 'EMB_P', 'EMB_P', 'EMB_P', 'EMB_P', 'EMB_P', 'EMB_P', 'EMB_P', 'EMB_P', 'EMB_P', 'EMB_P', 'EMB_P', 'EMB_P', 'EMB_P', 'EMB_P', 'EMB_P', 'EMB_P', 'EMB_P', 'EMB_P', 'EMB_P', 'EMB_P', 'EMB_P', 'EMB_P', 'EMB_P', 'EMB_P', 'EMB_P', 'EMB_P', 'EMB_P', 'EMB_P', 'EMB_P', 'EMB_P', 'EMB_P', 'EMB_P', 'EMB_P', 'EMB_P', 'EMB_P', 'EMB_P', 'EMB_P', 'EMB_P', 'EMB_P', 'EMB_P', 'EMB_P', 'EMB_P', 'EMB_P', 'EMB_P', 'EMB_P', 'EMB_P', 'EMB_P', 'EMB_P', 'EMB_P', 'EMB_P', 'EMB_P', 'EMB_P', 'EMB_P', 'EMB_P', 'EMB_P', 'EMB_P', 'EMB_P', 'EMB_P', 'EMB_P', 'EMB_P', 'EMB_P', 'EMB_P', 'EMB_P', 'EMB_P', 'EMB_P', 'EMB_P', 'EMB_P', 'EMB_P', 'EMB_P', 'EMB_P', 'EMB_P', 'EMB_P', 'EMB_P', 'EMB_P', 'EMB_P', 'EMB_P']"
364,Стрейк Нью-Йорк,могу посоветовать,30368:8_1226,"Из горячих блюд могу посоветовать Фиш & Чипс, Стрейк Нью-Йорк.",7.17,6.0,"['EMB_O', 'EMB_O', 'EMB_O', 'EMB_O', 'EMB_O', 'EMB_O', 'EMB_O', 'EMB_O', 'OPN_B', 'OPN_I', 'OPN_I', 'OPN_I', 'OPN_E', 'EMB_O', 'EMB_O', 'EMB_O', 'EMB_O', 'EMB_O', 'EMB_O', 'EMB_O', 'ASP_B', 'ASP_I', 'ASP_I', 'ASP_I', 'ASP_I', 'ASP_I', 'ASP_E', 'EMB_O', 'EMB_O', 'EMB_P', 'EMB_P', 'EMB_P', 'EMB_P', 'EMB_P', 'EMB_P', 'EMB_P', 'EMB_P', 'EMB_P', 'EMB_P', 'EMB_P', 'EMB_P', 'EMB_P', 'EMB_P', 'EMB_P', 'EMB_P', 'EMB_P', 'EMB_P', 'EMB_P', 'EMB_P', 'EMB_P', 'EMB_P', 'EMB_P', 'EMB_P', 'EMB_P', 'EMB_P', 'EMB_P', 'EMB_P', 'EMB_P', 'EMB_P', 'EMB_P', 'EMB_P', 'EMB_P', 'EMB_P', 'EMB_P', 'EMB_P', 'EMB_P', 'EMB_P', 'EMB_P', 'EMB_P', 'EMB_P', 'EMB_P', 'EMB_P', 'EMB_P', 'EMB_P', 'EMB_P', 'EMB_P', 'EMB_P', 'EMB_P', 'EMB_P', 'EMB_P', 'EMB_P', 'EMB_P', 'EMB_P', 'EMB_P', 'EMB_P', 'EMB_P', 'EMB_P', 'EMB_P', 'EMB_P', 'EMB_P', 'EMB_P', 'EMB_P', 'EMB_P', 'EMB_P', 'EMB_P', 'EMB_P', 'EMB_P', 'EMB_P', 'EMB_P', 'EMB_P', 'EMB_P', 'EMB_P', 'EMB_P', 'EMB_P', 'EMB_P', 'EMB_P', 'EMB_P', 'EMB_P', 'EMB_P', 'EMB_P', 'EMB_P', 'EMB_P', 'EMB_P', 'EMB_P', 'EMB_P', 'EMB_P', 'EMB_P', 'EMB_P', 'EMB_P', 'EMB_P', 'EMB_P', 'EMB_P', 'EMB_P', 'EMB_P', 'EMB_P', 'EMB_P', 'EMB_P', 'EMB_P']"
365,Интерьер,довольно приятный,30368:11_1227,"Интерьер довольно приятный классический для паба, по телевизорам транслируют футбольные матчи.",6.62,5.38,"['EMB_O', 'ASP_B', 'ASP_I', 'ASP_E', 'OPN_B', 'OPN_I', 'OPN_I', 'OPN_E', 'EMB_O', 'EMB_O', 'EMB_O', 'EMB_O', 'EMB_O', 'EMB_O', 'EMB_O', 'EMB_O', 'EMB_O', 'EMB_O', 'EMB_O', 'EMB_O', 'EMB_O', 'EMB_O', 'EMB_O', 'EMB_O', 'EMB_O', 'EMB_O', 'EMB_O', 'EMB_O', 'EMB_O', 'EMB_P', 'EMB_P', 'EMB_P', 'EMB_P', 'EMB_P', 'EMB_P', 'EMB_P', 'EMB_P', 'EMB_P', 'EMB_P', 'EMB_P', 'EMB_P', 'EMB_P', 'EMB_P', 'EMB_P', 'EMB_P', 'EMB_P', 'EMB_P', 'EMB_P', 'EMB_P', 'EMB_P', 'EMB_P', 'EMB_P', 'EMB_P', 'EMB_P', 'EMB_P', 'EMB_P', 'EMB_P', 'EMB_P', 'EMB_P', 'EMB_P', 'EMB_P', 'EMB_P', 'EMB_P', 'EMB_P', 'EMB_P', 'EMB_P', 'EMB_P', 'EMB_P', 'EMB_P', 'EMB_P', 'EMB_P', 'EMB_P', 'EMB_P', 'EMB_P', 'EMB_P', 'EMB_P', 'EMB_P', 'EMB_P', 'EMB_P', 'EMB_P', 'EMB_P', 'EMB_P', 'EMB_P', 'EMB_P', 'EMB_P', 'EMB_P', 'EMB_P', 'EMB_P', 'EMB_P', 'EMB_P', 'EMB_P', 'EMB_P', 'EMB_P', 'EMB_P', 'EMB_P', 'EMB_P', 'EMB_P', 'EMB_P', 'EMB_P', 'EMB_P', 'EMB_P', 'EMB_P', 'EMB_P', 'EMB_P', 'EMB_P', 'EMB_P', 'EMB_P', 'EMB_P', 'EMB_P', 'EMB_P', 'EMB_P', 'EMB_P', 'EMB_P', 'EMB_P', 'EMB_P', 'EMB_P', 'EMB_P', 'EMB_P', 'EMB_P', 'EMB_P', 'EMB_P', 'EMB_P', 'EMB_P', 'EMB_P', 'EMB_P', 'EMB_P', 'EMB_P', 'EMB_P']"
366,обстановка,хорошая,30368:12_1228,"В целом хорошая, душевная обстановка.",6.75,6.25,"['EMB_O', 'EMB_O', 'EMB_O', 'OPN_B', 'OPN_I', 'OPN_E', 'EMB_O', 'EMB_O', 'EMB_O', 'EMB_O', 'ASP_B', 'ASP_I', 'ASP_E', 'EMB_O', 'EMB_O', 'EMB_P', 'EMB_P', 'EMB_P', 'EMB_P', 'EMB_P', 'EMB_P', 'EMB_P', 'EMB_P', 'EMB_P', 'EMB_P', 'EMB_P', 'EMB_P', 'EMB_P', 'EMB_P', 'EMB_P', 'EMB_P', 'EMB_P', 'EMB_P', 'EMB_P', 'EMB_P', 'EMB_P', 'EMB_P', 'EMB_P', 'EMB_P', 'EMB_P', 'EMB_P', 'EMB_P', 'EMB_P', 'EMB_P', 'EMB_P', 'EMB_P', 'EMB_P', 'EMB_P', 'EMB_P', 'EMB_P', 'EMB_P', 'EMB_P', 'EMB_P', 'EMB_P', 'EMB_P', 'EMB_P', 'EMB_P', 'EMB_P', 'EMB_P', 'EMB_P', 'EMB_P', 'EMB_P', 'EMB_P', 'EMB_P', 'EMB_P', 'EMB_P', 'EMB_P', 'EMB_P', 'EMB_P', 'EMB_P', 'EMB_P', 'EMB_P', 'EMB_P', 'EMB_P', 'EMB_P', 'EMB_P', 'EMB_P', 'EMB_P', 'EMB_P', 'EMB_P', 'EMB_P', 'EMB_P', 'EMB_P', 'EMB_P', 'EMB_P', 'EMB_P', 'EMB_P', 'EMB_P', 'EMB_P', 'EMB_P', 'EMB_P', 'EMB_P', 'EMB_P', 'EMB_P', 'EMB_P', 'EMB_P', 'EMB_P', 'EMB_P', 'EMB_P', 'EMB_P', 'EMB_P', 'EMB_P', 'EMB_P', 'EMB_P', 'EMB_P', 'EMB_P', 'EMB_P', 'EMB_P', 'EMB_P', 'EMB_P', 'EMB_P', 'EMB_P', 'EMB_P', 'EMB_P', 'EMB_P', 'EMB_P', 'EMB_P', 'EMB_P', 'EMB_P', 'EMB_P', 'EMB_P', 'EMB_P', 'EMB_P', 'EMB_P', 'EMB_P', 'EMB_P', 'EMB_P', 'EMB_P']"
367,Гриль,понравился,30744:3_1229,"Гриль нам понравился, пиво тоже.",6.9,6.3,"['EMB_O', 'ASP_B', 'ASP_I', 'ASP_E', 'EMB_O', 'OPN_B', 'OPN_I', 'OPN_I', 'OPN_E', 'EMB_O', 'EMB_O', 'EMB_O', 'EMB_O', 'EMB_O', 'EMB_O', 'EMB_P', 'EMB_P', 'EMB_P', 'EMB_P', 'EMB_P', 'EMB_P', 'EMB_P', 'EMB_P', 'EMB_P', 'EMB_P', 'EMB_P', 'EMB_P', 'EMB_P', 'EMB_P', 'EMB_P', 'EMB_P', 'EMB_P', 'EMB_P', 'EMB_P', 'EMB_P', 'EMB_P', 'EMB_P', 'EMB_P', 'EMB_P', 'EMB_P', 'EMB_P', 'EMB_P', 'EMB_P', 'EMB_P', 'EMB_P', 'EMB_P', 'EMB_P', 'EMB_P', 'EMB_P', 'EMB_P', 'EMB_P', 'EMB_P', 'EMB_P', 'EMB_P', 'EMB_P', 'EMB_P', 'EMB_P', 'EMB_P', 'EMB_P', 'EMB_P', 'EMB_P', 'EMB_P', 'EMB_P', 'EMB_P', 'EMB_P', 'EMB_P', 'EMB_P', 'EMB_P', 'EMB_P', 'EMB_P', 'EMB_P', 'EMB_P', 'EMB_P', 'EMB_P', 'EMB_P', 'EMB_P', 'EMB_P', 'EMB_P', 'EMB_P', 'EMB_P', 'EMB_P', 'EMB_P', 'EMB_P', 'EMB_P', 'EMB_P', 'EMB_P', 'EMB_P', 'EMB_P', 'EMB_P', 'EMB_P', 'EMB_P', 'EMB_P', 'EMB_P', 'EMB_P', 'EMB_P', 'EMB_P', 'EMB_P', 'EMB_P', 'EMB_P', 'EMB_P', 'EMB_P', 'EMB_P', 'EMB_P', 'EMB_P', 'EMB_P', 'EMB_P', 'EMB_P', 'EMB_P', 'EMB_P', 'EMB_P', 'EMB_P', 'EMB_P', 'EMB_P', 'EMB_P', 'EMB_P', 'EMB_P', 'EMB_P', 'EMB_P', 'EMB_P', 'EMB_P', 'EMB_P', 'EMB_P', 'EMB_P', 'EMB_P', 'EMB_P', 'EMB_P', 'EMB_P', 'EMB_P']"
368,пиво,понравился,30744:3_1229,"Гриль нам понравился, пиво тоже.",6.9,6.3,"['EMB_O', 'EMB_O', 'EMB_O', 'EMB_O', 'EMB_O', 'OPN_B', 'OPN_I', 'OPN_I', 'OPN_E', 'EMB_O', 'ASP_B', 'ASP_E', 'EMB_O', 'EMB_O', 'EMB_O', 'EMB_P', 'EMB_P', 'EMB_P', 'EMB_P', 'EMB_P', 'EMB_P', 'EMB_P', 'EMB_P', 'EMB_P', 'EMB_P', 'EMB_P', 'EMB_P', 'EMB_P', 'EMB_P', 'EMB_P', 'EMB_P', 'EMB_P', 'EMB_P', 'EMB_P', 'EMB_P', 'EMB_P', 'EMB_P', 'EMB_P', 'EMB_P', 'EMB_P', 'EMB_P', 'EMB_P', 'EMB_P', 'EMB_P', 'EMB_P', 'EMB_P', 'EMB_P', 'EMB_P', 'EMB_P', 'EMB_P', 'EMB_P', 'EMB_P', 'EMB_P', 'EMB_P', 'EMB_P', 'EMB_P', 'EMB_P', 'EMB_P', 'EMB_P', 'EMB_P', 'EMB_P', 'EMB_P', 'EMB_P', 'EMB_P', 'EMB_P', 'EMB_P', 'EMB_P', 'EMB_P', 'EMB_P', 'EMB_P', 'EMB_P', 'EMB_P', 'EMB_P', 'EMB_P', 'EMB_P', 'EMB_P', 'EMB_P', 'EMB_P', 'EMB_P', 'EMB_P', 'EMB_P', 'EMB_P', 'EMB_P', 'EMB_P', 'EMB_P', 'EMB_P', 'EMB_P', 'EMB_P', 'EMB_P', 'EMB_P', 'EMB_P', 'EMB_P', 'EMB_P', 'EMB_P', 'EMB_P', 'EMB_P', 'EMB_P', 'EMB_P', 'EMB_P', 'EMB_P', 'EMB_P', 'EMB_P', 'EMB_P', 'EMB_P', 'EMB_P', 'EMB_P', 'EMB_P', 'EMB_P', 'EMB_P', 'EMB_P', 'EMB_P', 'EMB_P', 'EMB_P', 'EMB_P', 'EMB_P', 'EMB_P', 'EMB_P', 'EMB_P', 'EMB_P', 'EMB_P', 'EMB_P', 'EMB_P', 'EMB_P', 'EMB_P', 'EMB_P', 'EMB_P', 'EMB_P', 'EMB_P']"
369,вина,Маленький выбор,30744:4_1230,"Маленький выбор вина, нет классичсеских сортов пива.",2.83,7.0,"['EMB_O', 'OPN_B', 'OPN_I', 'OPN_I', 'OPN_I', 'OPN_E', 'ASP_S', 'EMB_O', 'EMB_O', 'EMB_O', 'EMB_O', 'EMB_O', 'EMB_O', 'EMB_O', 'EMB_O', 'EMB_O', 'EMB_O', 'EMB_O', 'EMB_O', 'EMB_O', 'EMB_P', 'EMB_P', 'EMB_P', 'EMB_P', 'EMB_P', 'EMB_P', 'EMB_P', 'EMB_P', 'EMB_P', 'EMB_P', 'EMB_P', 'EMB_P', 'EMB_P', 'EMB_P', 'EMB_P', 'EMB_P', 'EMB_P', 'EMB_P', 'EMB_P', 'EMB_P', 'EMB_P', 'EMB_P', 'EMB_P', 'EMB_P', 'EMB_P', 'EMB_P', 'EMB_P', 'EMB_P', 'EMB_P', 'EMB_P', 'EMB_P', 'EMB_P', 'EMB_P', 'EMB_P', 'EMB_P', 'EMB_P', 'EMB_P', 'EMB_P', 'EMB_P', 'EMB_P', 'EMB_P', 'EMB_P', 'EMB_P', 'EMB_P', 'EMB_P', 'EMB_P', 'EMB_P', 'EMB_P', 'EMB_P', 'EMB_P', 'EMB_P', 'EMB_P', 'EMB_P', 'EMB_P', 'EMB_P', 'EMB_P', 'EMB_P', 'EMB_P', 'EMB_P', 'EMB_P', 'EMB_P', 'EMB_P', 'EMB_P', 'EMB_P', 'EMB_P', 'EMB_P', 'EMB_P', 'EMB_P', 'EMB_P', 'EMB_P', 'EMB_P', 'EMB_P', 'EMB_P', 'EMB_P', 'EMB_P', 'EMB_P', 'EMB_P', 'EMB_P', 'EMB_P', 'EMB_P', 'EMB_P', 'EMB_P', 'EMB_P', 'EMB_P', 'EMB_P', 'EMB_P', 'EMB_P', 'EMB_P', 'EMB_P', 'EMB_P', 'EMB_P', 'EMB_P', 'EMB_P', 'EMB_P', 'EMB_P', 'EMB_P', 'EMB_P', 'EMB_P', 'EMB_P', 'EMB_P', 'EMB_P', 'EMB_P', 'EMB_P', 'EMB_P', 'EMB_P', 'EMB_P', 'EMB_P', 'EMB_P']"
370,пива,нет классичсеских сортов,30744:4_1230,"Маленький выбор вина, нет классичсеских сортов пива.",2.67,7.0,"['EMB_O', 'EMB_O', 'EMB_O', 'EMB_O', 'EMB_O', 'EMB_O', 'EMB_O', 'EMB_O', 'OPN_B', 'OPN_I', 'OPN_I', 'OPN_I', 'OPN_I', 'OPN_I', 'OPN_I', 'OPN_E', 'ASP_B', 'ASP_E', 'EMB_O', 'EMB_O', 'EMB_P', 'EMB_P', 'EMB_P', 'EMB_P', 'EMB_P', 'EMB_P', 'EMB_P', 'EMB_P', 'EMB_P', 'EMB_P', 'EMB_P', 'EMB_P', 'EMB_P', 'EMB_P', 'EMB_P', 'EMB_P', 'EMB_P', 'EMB_P', 'EMB_P', 'EMB_P', 'EMB_P', 'EMB_P', 'EMB_P', 'EMB_P', 'EMB_P', 'EMB_P', 'EMB_P', 'EMB_P', 'EMB_P', 'EMB_P', 'EMB_P', 'EMB_P', 'EMB_P', 'EMB_P', 'EMB_P', 'EMB_P', 'EMB_P', 'EMB_P', 'EMB_P', 'EMB_P', 'EMB_P', 'EMB_P', 'EMB_P', 'EMB_P', 'EMB_P', 'EMB_P', 'EMB_P', 'EMB_P', 'EMB_P', 'EMB_P', 'EMB_P', 'EMB_P', 'EMB_P', 'EMB_P', 'EMB_P', 'EMB_P', 'EMB_P', 'EMB_P', 'EMB_P', 'EMB_P', 'EMB_P', 'EMB_P', 'EMB_P', 'EMB_P', 'EMB_P', 'EMB_P', 'EMB_P', 'EMB_P', 'EMB_P', 'EMB_P', 'EMB_P', 'EMB_P', 'EMB_P', 'EMB_P', 'EMB_P', 'EMB_P', 'EMB_P', 'EMB_P', 'EMB_P', 'EMB_P', 'EMB_P', 'EMB_P', 'EMB_P', 'EMB_P', 'EMB_P', 'EMB_P', 'EMB_P', 'EMB_P', 'EMB_P', 'EMB_P', 'EMB_P', 'EMB_P', 'EMB_P', 'EMB_P', 'EMB_P', 'EMB_P', 'EMB_P', 'EMB_P', 'EMB_P', 'EMB_P', 'EMB_P', 'EMB_P', 'EMB_P', 'EMB_P', 'EMB_P', 'EMB_P', 'EMB_P', 'EMB_P']"
371,музыка,приятная,30744:8_1231,"Вокруг люди улыбчивые, всем весело, музыка приятная.",6.7,6.1,"['EMB_O', 'EMB_O', 'EMB_O', 'EMB_O', 'EMB_O', 'EMB_O', 'EMB_O', 'EMB_O', 'EMB_O', 'EMB_O', 'EMB_O', 'EMB_O', 'EMB_O', 'EMB_O', 'EMB_O', 'ASP_S', 'OPN_B', 'OPN_I', 'OPN_E', 'EMB_O', 'EMB_O', 'EMB_P', 'EMB_P', 'EMB_P', 'EMB_P', 'EMB_P', 'EMB_P', 'EMB_P', 'EMB_P', 'EMB_P', 'EMB_P', 'EMB_P', 'EMB_P', 'EMB_P', 'EMB_P', 'EMB_P', 'EMB_P', 'EMB_P', 'EMB_P', 'EMB_P', 'EMB_P', 'EMB_P', 'EMB_P', 'EMB_P', 'EMB_P', 'EMB_P', 'EMB_P', 'EMB_P', 'EMB_P', 'EMB_P', 'EMB_P', 'EMB_P', 'EMB_P', 'EMB_P', 'EMB_P', 'EMB_P', 'EMB_P', 'EMB_P', 'EMB_P', 'EMB_P', 'EMB_P', 'EMB_P', 'EMB_P', 'EMB_P', 'EMB_P', 'EMB_P', 'EMB_P', 'EMB_P', 'EMB_P', 'EMB_P', 'EMB_P', 'EMB_P', 'EMB_P', 'EMB_P', 'EMB_P', 'EMB_P', 'EMB_P', 'EMB_P', 'EMB_P', 'EMB_P', 'EMB_P', 'EMB_P', 'EMB_P', 'EMB_P', 'EMB_P', 'EMB_P', 'EMB_P', 'EMB_P', 'EMB_P', 'EMB_P', 'EMB_P', 'EMB_P', 'EMB_P', 'EMB_P', 'EMB_P', 'EMB_P', 'EMB_P', 'EMB_P', 'EMB_P', 'EMB_P', 'EMB_P', 'EMB_P', 'EMB_P', 'EMB_P', 'EMB_P', 'EMB_P', 'EMB_P', 'EMB_P', 'EMB_P', 'EMB_P', 'EMB_P', 'EMB_P', 'EMB_P', 'EMB_P', 'EMB_P', 'EMB_P', 'EMB_P', 'EMB_P', 'EMB_P', 'EMB_P', 'EMB_P', 'EMB_P', 'EMB_P', 'EMB_P', 'EMB_P', 'EMB_P', 'EMB_P', 'EMB_P']"
372,Горячее,КАК за 10 минут можно приготовить,31004:7_1232,"Горячее готовилось минут 10... быстро - не спорю, но КАК за 10 минут можно приготовить конину?",2.38,7.62,"['EMB_O', 'ASP_B', 'ASP_I', 'ASP_I', 'ASP_E', 'EMB_O', 'EMB_O', 'EMB_O', 'EMB_O', 'EMB_O', 'EMB_O', 'EMB_O', 'EMB_O', 'EMB_O', 'EMB_O', 'EMB_O', 'EMB_O', 'EMB_O', 'EMB_O', 'EMB_O', 'EMB_O', 'OPN_B', 'OPN_I', 'OPN_I', 'OPN_I', 'OPN_I', 'OPN_I', 'OPN_I', 'OPN_I', 'OPN_I', 'OPN_I', 'OPN_E', 'EMB_O', 'EMB_O', 'EMB_O', 'EMB_O', 'EMB_P', 'EMB_P', 'EMB_P', 'EMB_P', 'EMB_P', 'EMB_P', 'EMB_P', 'EMB_P', 'EMB_P', 'EMB_P', 'EMB_P', 'EMB_P', 'EMB_P', 'EMB_P', 'EMB_P', 'EMB_P', 'EMB_P', 'EMB_P', 'EMB_P', 'EMB_P', 'EMB_P', 'EMB_P', 'EMB_P', 'EMB_P', 'EMB_P', 'EMB_P', 'EMB_P', 'EMB_P', 'EMB_P', 'EMB_P', 'EMB_P', 'EMB_P', 'EMB_P', 'EMB_P', 'EMB_P', 'EMB_P', 'EMB_P', 'EMB_P', 'EMB_P', 'EMB_P', 'EMB_P', 'EMB_P', 'EMB_P', 'EMB_P', 'EMB_P', 'EMB_P', 'EMB_P', 'EMB_P', 'EMB_P', 'EMB_P', 'EMB_P', 'EMB_P', 'EMB_P', 'EMB_P', 'EMB_P', 'EMB_P', 'EMB_P', 'EMB_P', 'EMB_P', 'EMB_P', 'EMB_P', 'EMB_P', 'EMB_P', 'EMB_P', 'EMB_P', 'EMB_P', 'EMB_P', 'EMB_P', 'EMB_P', 'EMB_P', 'EMB_P', 'EMB_P', 'EMB_P', 'EMB_P', 'EMB_P', 'EMB_P', 'EMB_P', 'EMB_P', 'EMB_P', 'EMB_P', 'EMB_P', 'EMB_P', 'EMB_P', 'EMB_P', 'EMB_P', 'EMB_P', 'EMB_P', 'EMB_P', 'EMB_P', 'EMB_P', 'EMB_P', 'EMB_P']"
373,конину,КАК за 10 минут можно приготовить,31004:7_1232,"Горячее готовилось минут 10... быстро - не спорю, но КАК за 10 минут можно приготовить конину?",2.5,7.33,"['EMB_O', 'EMB_O', 'EMB_O', 'EMB_O', 'EMB_O', 'EMB_O', 'EMB_O', 'EMB_O', 'EMB_O', 'EMB_O', 'EMB_O', 'EMB_O', 'EMB_O', 'EMB_O', 'EMB_O', 'EMB_O', 'EMB_O', 'EMB_O', 'EMB_O', 'EMB_O', 'EMB_O', 'OPN_B', 'OPN_I', 'OPN_I', 'OPN_I', 'OPN_I', 'OPN_I', 'OPN_I', 'OPN_I', 'OPN_I', 'OPN_I', 'OPN_E', 'ASP_B', 'ASP_E', 'EMB_O', 'EMB_O', 'EMB_P', 'EMB_P', 'EMB_P', 'EMB_P', 'EMB_P', 'EMB_P', 'EMB_P', 'EMB_P', 'EMB_P', 'EMB_P', 'EMB_P', 'EMB_P', 'EMB_P', 'EMB_P', 'EMB_P', 'EMB_P', 'EMB_P', 'EMB_P', 'EMB_P', 'EMB_P', 'EMB_P', 'EMB_P', 'EMB_P', 'EMB_P', 'EMB_P', 'EMB_P', 'EMB_P', 'EMB_P', 'EMB_P', 'EMB_P', 'EMB_P', 'EMB_P', 'EMB_P', 'EMB_P', 'EMB_P', 'EMB_P', 'EMB_P', 'EMB_P', 'EMB_P', 'EMB_P', 'EMB_P', 'EMB_P', 'EMB_P', 'EMB_P', 'EMB_P', 'EMB_P', 'EMB_P', 'EMB_P', 'EMB_P', 'EMB_P', 'EMB_P', 'EMB_P', 'EMB_P', 'EMB_P', 'EMB_P', 'EMB_P', 'EMB_P', 'EMB_P', 'EMB_P', 'EMB_P', 'EMB_P', 'EMB_P', 'EMB_P', 'EMB_P', 'EMB_P', 'EMB_P', 'EMB_P', 'EMB_P', 'EMB_P', 'EMB_P', 'EMB_P', 'EMB_P', 'EMB_P', 'EMB_P', 'EMB_P', 'EMB_P', 'EMB_P', 'EMB_P', 'EMB_P', 'EMB_P', 'EMB_P', 'EMB_P', 'EMB_P', 'EMB_P', 'EMB_P', 'EMB_P', 'EMB_P', 'EMB_P', 'EMB_P', 'EMB_P', 'EMB_P', 'EMB_P']"
374,блюда,стояли уже пару суток,31004:8_1233,"Было полное ощущение и от вида и от вкуса, что блюда стояли уже пару суток и были просто разогреты в микроволновке.",2.5,6.5,"['EMB_O', 'EMB_O', 'EMB_O', 'EMB_O', 'EMB_O', 'EMB_O', 'EMB_O', 'EMB_O', 'EMB_O', 'EMB_O', 'EMB_O', 'EMB_O', 'EMB_O', 'EMB_O', 'EMB_O', 'EMB_O', 'EMB_O', 'ASP_B', 'ASP_I', 'ASP_E', 'OPN_B', 'OPN_I', 'OPN_I', 'OPN_I', 'OPN_I', 'OPN_I', 'OPN_E', 'EMB_O', 'EMB_O', 'EMB_O', 'EMB_O', 'EMB_O', 'EMB_O', 'EMB_O', 'EMB_O', 'EMB_O', 'EMB_O', 'EMB_O', 'EMB_O', 'EMB_O', 'EMB_O', 'EMB_O', 'EMB_O', 'EMB_P', 'EMB_P', 'EMB_P', 'EMB_P', 'EMB_P', 'EMB_P', 'EMB_P', 'EMB_P', 'EMB_P', 'EMB_P', 'EMB_P', 'EMB_P', 'EMB_P', 'EMB_P', 'EMB_P', 'EMB_P', 'EMB_P', 'EMB_P', 'EMB_P', 'EMB_P', 'EMB_P', 'EMB_P', 'EMB_P', 'EMB_P', 'EMB_P', 'EMB_P', 'EMB_P', 'EMB_P', 'EMB_P', 'EMB_P', 'EMB_P', 'EMB_P', 'EMB_P', 'EMB_P', 'EMB_P', 'EMB_P', 'EMB_P', 'EMB_P', 'EMB_P', 'EMB_P', 'EMB_P', 'EMB_P', 'EMB_P', 'EMB_P', 'EMB_P', 'EMB_P', 'EMB_P', 'EMB_P', 'EMB_P', 'EMB_P', 'EMB_P', 'EMB_P', 'EMB_P', 'EMB_P', 'EMB_P', 'EMB_P', 'EMB_P', 'EMB_P', 'EMB_P', 'EMB_P', 'EMB_P', 'EMB_P', 'EMB_P', 'EMB_P', 'EMB_P', 'EMB_P', 'EMB_P', 'EMB_P', 'EMB_P', 'EMB_P', 'EMB_P', 'EMB_P', 'EMB_P', 'EMB_P', 'EMB_P', 'EMB_P', 'EMB_P', 'EMB_P', 'EMB_P', 'EMB_P', 'EMB_P', 'EMB_P', 'EMB_P', 'EMB_P', 'EMB_P']"
375,соли,Никакой,31004:9_1234,"Никакой соли, никаких специй, совершенно пресная еда (хотя, не спорю, кто-то любит и так, но официанты могли бы предупредить и поставить на стол побольше специй)!",1.88,7.75,"['EMB_O', 'OPN_B', 'OPN_I', 'OPN_E', 'ASP_S', 'EMB_O', 'EMB_O', 'EMB_O', 'EMB_O', 'EMB_O', 'EMB_O', 'EMB_O', 'EMB_O', 'EMB_O', 'EMB_O', 'EMB_O', 'EMB_O', 'EMB_O', 'EMB_O', 'EMB_O', 'EMB_O', 'EMB_O', 'EMB_O', 'EMB_O', 'EMB_O', 'EMB_O', 'EMB_O', 'EMB_O', 'EMB_O', 'EMB_O', 'EMB_O', 'EMB_O', 'EMB_O', 'EMB_O', 'EMB_O', 'EMB_O', 'EMB_O', 'EMB_O', 'EMB_O', 'EMB_O', 'EMB_O', 'EMB_O', 'EMB_O', 'EMB_O', 'EMB_O', 'EMB_O', 'EMB_O', 'EMB_O', 'EMB_O', 'EMB_O', 'EMB_O', 'EMB_O', 'EMB_O', 'EMB_O', 'EMB_O', 'EMB_O', 'EMB_O', 'EMB_O', 'EMB_O', 'EMB_O', 'EMB_O', 'EMB_O', 'EMB_O', 'EMB_P', 'EMB_P', 'EMB_P', 'EMB_P', 'EMB_P', 'EMB_P', 'EMB_P', 'EMB_P', 'EMB_P', 'EMB_P', 'EMB_P', 'EMB_P', 'EMB_P', 'EMB_P', 'EMB_P', 'EMB_P', 'EMB_P', 'EMB_P', 'EMB_P', 'EMB_P', 'EMB_P', 'EMB_P', 'EMB_P', 'EMB_P', 'EMB_P', 'EMB_P', 'EMB_P', 'EMB_P', 'EMB_P', 'EMB_P', 'EMB_P', 'EMB_P', 'EMB_P', 'EMB_P', 'EMB_P', 'EMB_P', 'EMB_P', 'EMB_P', 'EMB_P', 'EMB_P', 'EMB_P', 'EMB_P', 'EMB_P', 'EMB_P', 'EMB_P', 'EMB_P', 'EMB_P', 'EMB_P', 'EMB_P', 'EMB_P', 'EMB_P', 'EMB_P', 'EMB_P', 'EMB_P', 'EMB_P', 'EMB_P', 'EMB_P', 'EMB_P', 'EMB_P', 'EMB_P', 'EMB_P', 'EMB_P', 'EMB_P', 'EMB_P', 'EMB_P']"
376,специй,никаких,31004:9_1234,"Никакой соли, никаких специй, совершенно пресная еда (хотя, не спорю, кто-то любит и так, но официанты могли бы предупредить и поставить на стол побольше специй)!",2.3,7.0,"['EMB_O', 'EMB_O', 'EMB_O', 'EMB_O', 'EMB_O', 'EMB_O', 'OPN_B', 'OPN_I', 'OPN_E', 'ASP_B', 'ASP_I', 'ASP_E', 'EMB_O', 'EMB_O', 'EMB_O', 'EMB_O', 'EMB_O', 'EMB_O', 'EMB_O', 'EMB_O', 'EMB_O', 'EMB_O', 'EMB_O', 'EMB_O', 'EMB_O', 'EMB_O', 'EMB_O', 'EMB_O', 'EMB_O', 'EMB_O', 'EMB_O', 'EMB_O', 'EMB_O', 'EMB_O', 'EMB_O', 'EMB_O', 'EMB_O', 'EMB_O', 'EMB_O', 'EMB_O', 'EMB_O', 'EMB_O', 'EMB_O', 'EMB_O', 'EMB_O', 'EMB_O', 'EMB_O', 'EMB_O', 'EMB_O', 'EMB_O', 'EMB_O', 'EMB_O', 'EMB_O', 'EMB_O', 'EMB_O', 'EMB_O', 'EMB_O', 'EMB_O', 'EMB_O', 'EMB_O', 'EMB_O', 'EMB_O', 'EMB_O', 'EMB_P', 'EMB_P', 'EMB_P', 'EMB_P', 'EMB_P', 'EMB_P', 'EMB_P', 'EMB_P', 'EMB_P', 'EMB_P', 'EMB_P', 'EMB_P', 'EMB_P', 'EMB_P', 'EMB_P', 'EMB_P', 'EMB_P', 'EMB_P', 'EMB_P', 'EMB_P', 'EMB_P', 'EMB_P', 'EMB_P', 'EMB_P', 'EMB_P', 'EMB_P', 'EMB_P', 'EMB_P', 'EMB_P', 'EMB_P', 'EMB_P', 'EMB_P', 'EMB_P', 'EMB_P', 'EMB_P', 'EMB_P', 'EMB_P', 'EMB_P', 'EMB_P', 'EMB_P', 'EMB_P', 'EMB_P', 'EMB_P', 'EMB_P', 'EMB_P', 'EMB_P', 'EMB_P', 'EMB_P', 'EMB_P', 'EMB_P', 'EMB_P', 'EMB_P', 'EMB_P', 'EMB_P', 'EMB_P', 'EMB_P', 'EMB_P', 'EMB_P', 'EMB_P', 'EMB_P', 'EMB_P', 'EMB_P', 'EMB_P', 'EMB_P', 'EMB_P']"
377,еда,совершенно пресная,31004:9_1234,"Никакой соли, никаких специй, совершенно пресная еда (хотя, не спорю, кто-то любит и так, но официанты могли бы предупредить и поставить на стол побольше специй)!",2.4,7.1,"['EMB_O', 'EMB_O', 'EMB_O', 'EMB_O', 'EMB_O', 'EMB_O', 'EMB_O', 'EMB_O', 'EMB_O', 'EMB_O', 'EMB_O', 'EMB_O', 'EMB_O', 'OPN_B', 'OPN_I', 'OPN_I', 'OPN_E', 'ASP_B', 'ASP_E', 'EMB_O', 'EMB_O', 'EMB_O', 'EMB_O', 'EMB_O', 'EMB_O', 'EMB_O', 'EMB_O', 'EMB_O', 'EMB_O', 'EMB_O', 'EMB_O', 'EMB_O', 'EMB_O', 'EMB_O', 'EMB_O', 'EMB_O', 'EMB_O', 'EMB_O', 'EMB_O', 'EMB_O', 'EMB_O', 'EMB_O', 'EMB_O', 'EMB_O', 'EMB_O', 'EMB_O', 'EMB_O', 'EMB_O', 'EMB_O', 'EMB_O', 'EMB_O', 'EMB_O', 'EMB_O', 'EMB_O', 'EMB_O', 'EMB_O', 'EMB_O', 'EMB_O', 'EMB_O', 'EMB_O', 'EMB_O', 'EMB_O', 'EMB_O', 'EMB_P', 'EMB_P', 'EMB_P', 'EMB_P', 'EMB_P', 'EMB_P', 'EMB_P', 'EMB_P', 'EMB_P', 'EMB_P', 'EMB_P', 'EMB_P', 'EMB_P', 'EMB_P', 'EMB_P', 'EMB_P', 'EMB_P', 'EMB_P', 'EMB_P', 'EMB_P', 'EMB_P', 'EMB_P', 'EMB_P', 'EMB_P', 'EMB_P', 'EMB_P', 'EMB_P', 'EMB_P', 'EMB_P', 'EMB_P', 'EMB_P', 'EMB_P', 'EMB_P', 'EMB_P', 'EMB_P', 'EMB_P', 'EMB_P', 'EMB_P', 'EMB_P', 'EMB_P', 'EMB_P', 'EMB_P', 'EMB_P', 'EMB_P', 'EMB_P', 'EMB_P', 'EMB_P', 'EMB_P', 'EMB_P', 'EMB_P', 'EMB_P', 'EMB_P', 'EMB_P', 'EMB_P', 'EMB_P', 'EMB_P', 'EMB_P', 'EMB_P', 'EMB_P', 'EMB_P', 'EMB_P', 'EMB_P', 'EMB_P', 'EMB_P', 'EMB_P']"
378,официанты,могли бы предупредить,31004:9_1234,"Никакой соли, никаких специй, совершенно пресная еда (хотя, не спорю, кто-то любит и так, но официанты могли бы предупредить и поставить на стол побольше специй)!",3.25,6.25,"['EMB_O', 'EMB_O', 'EMB_O', 'EMB_O', 'EMB_O', 'EMB_O', 'EMB_O', 'EMB_O', 'EMB_O', 'EMB_O', 'EMB_O', 'EMB_O', 'EMB_O', 'EMB_O', 'EMB_O', 'EMB_O', 'EMB_O', 'EMB_O', 'EMB_O', 'EMB_O', 'EMB_O', 'EMB_O', 'EMB_O', 'EMB_O', 'EMB_O', 'EMB_O', 'EMB_O', 'EMB_O', 'EMB_O', 'EMB_O', 'EMB_O', 'EMB_O', 'EMB_O', 'EMB_O', 'EMB_O', 'EMB_O', 'EMB_O', 'ASP_B', 'ASP_I', 'ASP_I', 'ASP_I', 'ASP_E', 'OPN_B', 'OPN_I', 'OPN_I', 'OPN_I', 'OPN_I', 'OPN_E', 'EMB_O', 'EMB_O', 'EMB_O', 'EMB_O', 'EMB_O', 'EMB_O', 'EMB_O', 'EMB_O', 'EMB_O', 'EMB_O', 'EMB_O', 'EMB_O', 'EMB_O', 'EMB_O', 'EMB_O', 'EMB_P', 'EMB_P', 'EMB_P', 'EMB_P', 'EMB_P', 'EMB_P', 'EMB_P', 'EMB_P', 'EMB_P', 'EMB_P', 'EMB_P', 'EMB_P', 'EMB_P', 'EMB_P', 'EMB_P', 'EMB_P', 'EMB_P', 'EMB_P', 'EMB_P', 'EMB_P', 'EMB_P', 'EMB_P', 'EMB_P', 'EMB_P', 'EMB_P', 'EMB_P', 'EMB_P', 'EMB_P', 'EMB_P', 'EMB_P', 'EMB_P', 'EMB_P', 'EMB_P', 'EMB_P', 'EMB_P', 'EMB_P', 'EMB_P', 'EMB_P', 'EMB_P', 'EMB_P', 'EMB_P', 'EMB_P', 'EMB_P', 'EMB_P', 'EMB_P', 'EMB_P', 'EMB_P', 'EMB_P', 'EMB_P', 'EMB_P', 'EMB_P', 'EMB_P', 'EMB_P', 'EMB_P', 'EMB_P', 'EMB_P', 'EMB_P', 'EMB_P', 'EMB_P', 'EMB_P', 'EMB_P', 'EMB_P', 'EMB_P', 'EMB_P', 'EMB_P']"
379,салат из зелени и овощей,Самым съедобным,31004:13_1235,"Самым съедобным оказался салат из зелени и овощей, согласитесь, сложно испортить.",6.5,5.5,"['EMB_O', 'OPN_B', 'OPN_I', 'OPN_I', 'OPN_I', 'OPN_I', 'OPN_I', 'OPN_E', 'EMB_O', 'ASP_B', 'ASP_I', 'ASP_I', 'ASP_I', 'ASP_I', 'ASP_I', 'ASP_I', 'ASP_E', 'EMB_O', 'EMB_O', 'EMB_O', 'EMB_O', 'EMB_O', 'EMB_O', 'EMB_O', 'EMB_O', 'EMB_O', 'EMB_O', 'EMB_O', 'EMB_O', 'EMB_O', 'EMB_O', 'EMB_P', 'EMB_P', 'EMB_P', 'EMB_P', 'EMB_P', 'EMB_P', 'EMB_P', 'EMB_P', 'EMB_P', 'EMB_P', 'EMB_P', 'EMB_P', 'EMB_P', 'EMB_P', 'EMB_P', 'EMB_P', 'EMB_P', 'EMB_P', 'EMB_P', 'EMB_P', 'EMB_P', 'EMB_P', 'EMB_P', 'EMB_P', 'EMB_P', 'EMB_P', 'EMB_P', 'EMB_P', 'EMB_P', 'EMB_P', 'EMB_P', 'EMB_P', 'EMB_P', 'EMB_P', 'EMB_P', 'EMB_P', 'EMB_P', 'EMB_P', 'EMB_P', 'EMB_P', 'EMB_P', 'EMB_P', 'EMB_P', 'EMB_P', 'EMB_P', 'EMB_P', 'EMB_P', 'EMB_P', 'EMB_P', 'EMB_P', 'EMB_P', 'EMB_P', 'EMB_P', 'EMB_P', 'EMB_P', 'EMB_P', 'EMB_P', 'EMB_P', 'EMB_P', 'EMB_P', 'EMB_P', 'EMB_P', 'EMB_P', 'EMB_P', 'EMB_P', 'EMB_P', 'EMB_P', 'EMB_P', 'EMB_P', 'EMB_P', 'EMB_P', 'EMB_P', 'EMB_P', 'EMB_P', 'EMB_P', 'EMB_P', 'EMB_P', 'EMB_P', 'EMB_P', 'EMB_P', 'EMB_P', 'EMB_P', 'EMB_P', 'EMB_P', 'EMB_P', 'EMB_P', 'EMB_P', 'EMB_P', 'EMB_P', 'EMB_P', 'EMB_P', 'EMB_P', 'EMB_P', 'EMB_P', 'EMB_P', 'EMB_P', 'EMB_P']"
380,кухне,совершенно неоправданные,31004:14_1236,"Цены в общем, средние,но при такой кухне совершенно неоправданные.",2.17,6.83,"['EMB_O', 'EMB_O', 'EMB_O', 'EMB_O', 'EMB_O', 'EMB_O', 'EMB_O', 'EMB_O', 'EMB_O', 'EMB_O', 'EMB_O', 'EMB_O', 'EMB_O', 'ASP_B', 'ASP_I', 'ASP_E', 'OPN_B', 'OPN_I', 'OPN_I', 'OPN_I', 'OPN_I', 'OPN_E', 'EMB_O', 'EMB_O', 'EMB_P', 'EMB_P', 'EMB_P', 'EMB_P', 'EMB_P', 'EMB_P', 'EMB_P', 'EMB_P', 'EMB_P', 'EMB_P', 'EMB_P', 'EMB_P', 'EMB_P', 'EMB_P', 'EMB_P', 'EMB_P', 'EMB_P', 'EMB_P', 'EMB_P', 'EMB_P', 'EMB_P', 'EMB_P', 'EMB_P', 'EMB_P', 'EMB_P', 'EMB_P', 'EMB_P', 'EMB_P', 'EMB_P', 'EMB_P', 'EMB_P', 'EMB_P', 'EMB_P', 'EMB_P', 'EMB_P', 'EMB_P', 'EMB_P', 'EMB_P', 'EMB_P', 'EMB_P', 'EMB_P', 'EMB_P', 'EMB_P', 'EMB_P', 'EMB_P', 'EMB_P', 'EMB_P', 'EMB_P', 'EMB_P', 'EMB_P', 'EMB_P', 'EMB_P', 'EMB_P', 'EMB_P', 'EMB_P', 'EMB_P', 'EMB_P', 'EMB_P', 'EMB_P', 'EMB_P', 'EMB_P', 'EMB_P', 'EMB_P', 'EMB_P', 'EMB_P', 'EMB_P', 'EMB_P', 'EMB_P', 'EMB_P', 'EMB_P', 'EMB_P', 'EMB_P', 'EMB_P', 'EMB_P', 'EMB_P', 'EMB_P', 'EMB_P', 'EMB_P', 'EMB_P', 'EMB_P', 'EMB_P', 'EMB_P', 'EMB_P', 'EMB_P', 'EMB_P', 'EMB_P', 'EMB_P', 'EMB_P', 'EMB_P', 'EMB_P', 'EMB_P', 'EMB_P', 'EMB_P', 'EMB_P', 'EMB_P', 'EMB_P', 'EMB_P', 'EMB_P', 'EMB_P', 'EMB_P', 'EMB_P', 'EMB_P', 'EMB_P', 'EMB_P']"
381,заведение,Нормальное,31071:0_1237,"Нормальное заведение, но на мой взгляд, не ""великолепное"".",5.88,4.75,"['EMB_O', 'OPN_B', 'OPN_I', 'OPN_E', 'ASP_B', 'ASP_E', 'EMB_O', 'EMB_O', 'EMB_O', 'EMB_O', 'EMB_O', 'EMB_O', 'EMB_O', 'EMB_O', 'EMB_O', 'EMB_O', 'EMB_O', 'EMB_O', 'EMB_O', 'EMB_O', 'EMB_O', 'EMB_O', 'EMB_O', 'EMB_O', 'EMB_P', 'EMB_P', 'EMB_P', 'EMB_P', 'EMB_P', 'EMB_P', 'EMB_P', 'EMB_P', 'EMB_P', 'EMB_P', 'EMB_P', 'EMB_P', 'EMB_P', 'EMB_P', 'EMB_P', 'EMB_P', 'EMB_P', 'EMB_P', 'EMB_P', 'EMB_P', 'EMB_P', 'EMB_P', 'EMB_P', 'EMB_P', 'EMB_P', 'EMB_P', 'EMB_P', 'EMB_P', 'EMB_P', 'EMB_P', 'EMB_P', 'EMB_P', 'EMB_P', 'EMB_P', 'EMB_P', 'EMB_P', 'EMB_P', 'EMB_P', 'EMB_P', 'EMB_P', 'EMB_P', 'EMB_P', 'EMB_P', 'EMB_P', 'EMB_P', 'EMB_P', 'EMB_P', 'EMB_P', 'EMB_P', 'EMB_P', 'EMB_P', 'EMB_P', 'EMB_P', 'EMB_P', 'EMB_P', 'EMB_P', 'EMB_P', 'EMB_P', 'EMB_P', 'EMB_P', 'EMB_P', 'EMB_P', 'EMB_P', 'EMB_P', 'EMB_P', 'EMB_P', 'EMB_P', 'EMB_P', 'EMB_P', 'EMB_P', 'EMB_P', 'EMB_P', 'EMB_P', 'EMB_P', 'EMB_P', 'EMB_P', 'EMB_P', 'EMB_P', 'EMB_P', 'EMB_P', 'EMB_P', 'EMB_P', 'EMB_P', 'EMB_P', 'EMB_P', 'EMB_P', 'EMB_P', 'EMB_P', 'EMB_P', 'EMB_P', 'EMB_P', 'EMB_P', 'EMB_P', 'EMB_P', 'EMB_P', 'EMB_P', 'EMB_P', 'EMB_P', 'EMB_P', 'EMB_P', 'EMB_P', 'EMB_P', 'EMB_P', 'EMB_P']"
382,зал,очень шумно,31071:1_1238,"Во-первых, очень шумно: зал небольшой и когда все разом разговаривают (а посетителей было много), получается такой гул, что не слышно, о чем говорят твои спутники, сидящие напротив и сами столы расположены довольно близко друг к другу.",2.0,8.0,"['EMB_O', 'EMB_O', 'EMB_O', 'EMB_O', 'EMB_O', 'OPN_B', 'OPN_I', 'OPN_I', 'OPN_E', 'EMB_O', 'ASP_S', 'EMB_O', 'EMB_O', 'EMB_O', 'EMB_O', 'EMB_O', 'EMB_O', 'EMB_O', 'EMB_O', 'EMB_O', 'EMB_O', 'EMB_O', 'EMB_O', 'EMB_O', 'EMB_O', 'EMB_O', 'EMB_O', 'EMB_O', 'EMB_O', 'EMB_O', 'EMB_O', 'EMB_O', 'EMB_O', 'EMB_O', 'EMB_O', 'EMB_O', 'EMB_O', 'EMB_O', 'EMB_O', 'EMB_O', 'EMB_O', 'EMB_O', 'EMB_O', 'EMB_O', 'EMB_O', 'EMB_O', 'EMB_O', 'EMB_O', 'EMB_O', 'EMB_O', 'EMB_O', 'EMB_O', 'EMB_O', 'EMB_O', 'EMB_O', 'EMB_O', 'EMB_O', 'EMB_O', 'EMB_O', 'EMB_O', 'EMB_O', 'EMB_O', 'EMB_O', 'EMB_O', 'EMB_O', 'EMB_O', 'EMB_O', 'EMB_O', 'EMB_O', 'EMB_P', 'EMB_P', 'EMB_P', 'EMB_P', 'EMB_P', 'EMB_P', 'EMB_P', 'EMB_P', 'EMB_P', 'EMB_P', 'EMB_P', 'EMB_P', 'EMB_P', 'EMB_P', 'EMB_P', 'EMB_P', 'EMB_P', 'EMB_P', 'EMB_P', 'EMB_P', 'EMB_P', 'EMB_P', 'EMB_P', 'EMB_P', 'EMB_P', 'EMB_P', 'EMB_P', 'EMB_P', 'EMB_P', 'EMB_P', 'EMB_P', 'EMB_P', 'EMB_P', 'EMB_P', 'EMB_P', 'EMB_P', 'EMB_P', 'EMB_P', 'EMB_P', 'EMB_P', 'EMB_P', 'EMB_P', 'EMB_P', 'EMB_P', 'EMB_P', 'EMB_P', 'EMB_P', 'EMB_P', 'EMB_P', 'EMB_P', 'EMB_P', 'EMB_P', 'EMB_P', 'EMB_P', 'EMB_P', 'EMB_P', 'EMB_P', 'EMB_P', 'EMB_P']"
383,столы,расположены довольно близко друг к другу,31071:1_1238,"Во-первых, очень шумно: зал небольшой и когда все разом разговаривают (а посетителей было много), получается такой гул, что не слышно, о чем говорят твои спутники, сидящие напротив и сами столы расположены довольно близко друг к другу.",3.2,6.2,"['EMB_O', 'EMB_O', 'EMB_O', 'EMB_O', 'EMB_O', 'EMB_O', 'EMB_O', 'EMB_O', 'EMB_O', 'EMB_O', 'EMB_O', 'EMB_O', 'EMB_O', 'EMB_O', 'EMB_O', 'EMB_O', 'EMB_O', 'EMB_O', 'EMB_O', 'EMB_O', 'EMB_O', 'EMB_O', 'EMB_O', 'EMB_O', 'EMB_O', 'EMB_O', 'EMB_O', 'EMB_O', 'EMB_O', 'EMB_O', 'EMB_O', 'EMB_O', 'EMB_O', 'EMB_O', 'EMB_O', 'EMB_O', 'EMB_O', 'EMB_O', 'EMB_O', 'EMB_O', 'EMB_O', 'EMB_O', 'EMB_O', 'EMB_O', 'EMB_O', 'EMB_O', 'EMB_O', 'EMB_O', 'EMB_O', 'EMB_O', 'EMB_O', 'EMB_O', 'EMB_O', 'EMB_O', 'EMB_O', 'EMB_O', 'EMB_O', 'EMB_O', 'ASP_B', 'ASP_E', 'OPN_B', 'OPN_I', 'OPN_I', 'OPN_I', 'OPN_I', 'OPN_I', 'OPN_E', 'EMB_O', 'EMB_O', 'EMB_P', 'EMB_P', 'EMB_P', 'EMB_P', 'EMB_P', 'EMB_P', 'EMB_P', 'EMB_P', 'EMB_P', 'EMB_P', 'EMB_P', 'EMB_P', 'EMB_P', 'EMB_P', 'EMB_P', 'EMB_P', 'EMB_P', 'EMB_P', 'EMB_P', 'EMB_P', 'EMB_P', 'EMB_P', 'EMB_P', 'EMB_P', 'EMB_P', 'EMB_P', 'EMB_P', 'EMB_P', 'EMB_P', 'EMB_P', 'EMB_P', 'EMB_P', 'EMB_P', 'EMB_P', 'EMB_P', 'EMB_P', 'EMB_P', 'EMB_P', 'EMB_P', 'EMB_P', 'EMB_P', 'EMB_P', 'EMB_P', 'EMB_P', 'EMB_P', 'EMB_P', 'EMB_P', 'EMB_P', 'EMB_P', 'EMB_P', 'EMB_P', 'EMB_P', 'EMB_P', 'EMB_P', 'EMB_P', 'EMB_P', 'EMB_P', 'EMB_P', 'EMB_P']"
384,обслуживание,очень неприятно,31071:3_1239,"В-третьих, обслуживание: было очень неприятно топтаться в центре зала в верхней одежде (все официанты бегали по залу, никто не встретил и не показал где гардероб - он оказался шкафом между туалетами:)), официантка приносила сначала блюда, а потом уже приборы, счет несли довольно долго, когда уходили, девушка из гардероба выдала не все куртки и ушла... мелочи, но из них складывается впечатление.",2.33,7.0,"['EMB_O', 'EMB_O', 'EMB_O', 'EMB_O', 'EMB_O', 'EMB_O', 'EMB_O', 'ASP_B', 'ASP_I', 'ASP_I', 'ASP_E', 'EMB_O', 'EMB_O', 'OPN_B', 'OPN_I', 'OPN_I', 'OPN_I', 'OPN_E', 'EMB_O', 'EMB_O', 'EMB_O', 'EMB_O', 'EMB_O', 'EMB_O', 'EMB_O', 'EMB_O', 'EMB_O', 'EMB_O', 'EMB_O', 'EMB_O', 'EMB_O', 'EMB_O', 'EMB_O', 'EMB_O', 'EMB_O', 'EMB_O', 'EMB_O', 'EMB_O', 'EMB_O', 'EMB_O', 'EMB_O', 'EMB_O', 'EMB_O', 'EMB_O', 'EMB_O', 'EMB_O', 'EMB_O', 'EMB_O', 'EMB_O', 'EMB_O', 'EMB_O', 'EMB_O', 'EMB_O', 'EMB_O', 'EMB_O', 'EMB_O', 'EMB_O', 'EMB_O', 'EMB_O', 'EMB_O', 'EMB_O', 'EMB_O', 'EMB_O', 'EMB_O', 'EMB_O', 'EMB_O', 'EMB_O', 'EMB_O', 'EMB_O', 'EMB_O', 'EMB_O', 'EMB_O', 'EMB_O', 'EMB_O', 'EMB_O', 'EMB_O', 'EMB_O', 'EMB_O', 'EMB_O', 'EMB_O', 'EMB_O', 'EMB_O', 'EMB_O', 'EMB_O', 'EMB_O', 'EMB_O', 'EMB_O', 'EMB_O', 'EMB_O', 'EMB_O', 'EMB_O', 'EMB_O', 'EMB_O', 'EMB_O', 'EMB_O', 'EMB_O', 'EMB_O', 'EMB_O', 'EMB_O', 'EMB_O', 'EMB_O', 'EMB_O', 'EMB_O', 'EMB_O', 'EMB_O', 'EMB_O', 'EMB_O', 'EMB_O', 'EMB_O', 'EMB_O', 'EMB_O', 'EMB_O', 'EMB_O', 'EMB_O', 'EMB_O', 'EMB_O', 'EMB_O', 'EMB_O', 'EMB_O', 'EMB_O', 'EMB_O', 'EMB_O', 'EMB_O', 'EMB_O', 'EMB_O', 'EMB_O', 'EMB_O', 'EMB_O']"
385,официанты,не показал,31071:3_1239,"В-третьих, обслуживание: было очень неприятно топтаться в центре зала в верхней одежде (все официанты бегали по залу, никто не встретил и не показал где гардероб - он оказался шкафом между туалетами:)), официантка приносила сначала блюда, а потом уже приборы, счет несли довольно долго, когда уходили, девушка из гардероба выдала не все куртки и ушла... мелочи, но из них складывается впечатление.",3.17,6.0,"['EMB_O', 'EMB_O', 'EMB_O', 'EMB_O', 'EMB_O', 'EMB_O', 'EMB_O', 'EMB_O', 'EMB_O', 'EMB_O', 'EMB_O', 'EMB_O', 'EMB_O', 'EMB_O', 'OPN_S', 'EMB_O', 'EMB_O', 'EMB_O', 'EMB_O', 'EMB_O', 'EMB_O', 'EMB_O', 'EMB_O', 'EMB_O', 'EMB_O', 'EMB_O', 'EMB_O', 'EMB_O', 'EMB_O', 'EMB_O', 'EMB_O', 'ASP_B', 'ASP_I', 'ASP_I', 'ASP_I', 'ASP_E', 'EMB_O', 'EMB_O', 'EMB_O', 'EMB_O', 'EMB_O', 'EMB_O', 'EMB_O', 'EMB_O', 'EMB_O', 'EMB_O', 'EMB_O', 'EMB_O', 'EMB_O', 'EMB_O', 'EMB_O', 'EMB_O', 'OPN_B', 'OPN_E', 'EMB_O', 'EMB_O', 'EMB_O', 'EMB_O', 'EMB_O', 'EMB_O', 'EMB_O', 'EMB_O', 'EMB_O', 'EMB_O', 'EMB_O', 'EMB_O', 'EMB_O', 'EMB_O', 'EMB_O', 'EMB_O', 'EMB_O', 'EMB_O', 'EMB_O', 'EMB_O', 'EMB_O', 'EMB_O', 'EMB_O', 'EMB_O', 'EMB_O', 'EMB_O', 'EMB_O', 'EMB_O', 'EMB_O', 'EMB_O', 'EMB_O', 'EMB_O', 'EMB_O', 'EMB_O', 'EMB_O', 'EMB_O', 'EMB_O', 'EMB_O', 'EMB_O', 'EMB_O', 'EMB_O', 'EMB_O', 'EMB_O', 'EMB_O', 'EMB_O', 'EMB_O', 'EMB_O', 'EMB_O', 'EMB_O', 'EMB_O', 'EMB_O', 'EMB_O', 'EMB_O', 'EMB_O', 'EMB_O', 'EMB_O', 'EMB_O', 'EMB_O', 'EMB_O', 'EMB_O', 'EMB_O', 'EMB_O', 'EMB_O', 'EMB_O', 'EMB_O', 'EMB_O', 'EMB_O', 'EMB_O', 'EMB_O', 'EMB_O', 'EMB_O', 'EMB_O', 'EMB_O', 'EMB_O']"
386,официантка,довольно долго,31071:3_1239,"В-третьих, обслуживание: было очень неприятно топтаться в центре зала в верхней одежде (все официанты бегали по залу, никто не встретил и не показал где гардероб - он оказался шкафом между туалетами:)), официантка приносила сначала блюда, а потом уже приборы, счет несли довольно долго, когда уходили, девушка из гардероба выдала не все куртки и ушла... мелочи, но из них складывается впечатление.",2.67,7.0,"['EMB_O', 'EMB_O', 'EMB_O', 'EMB_O', 'EMB_O', 'EMB_O', 'EMB_O', 'EMB_O', 'EMB_O', 'EMB_O', 'EMB_O', 'EMB_O', 'EMB_O', 'EMB_O', 'EMB_O', 'EMB_O', 'EMB_O', 'EMB_O', 'EMB_O', 'EMB_O', 'EMB_O', 'EMB_O', 'EMB_O', 'EMB_O', 'EMB_O', 'EMB_O', 'EMB_O', 'EMB_O', 'EMB_O', 'EMB_O', 'EMB_O', 'ASP_B', 'ASP_I', 'ASP_I', 'ASP_E', 'EMB_O', 'EMB_O', 'EMB_O', 'EMB_O', 'EMB_O', 'EMB_O', 'EMB_O', 'EMB_O', 'EMB_O', 'EMB_O', 'EMB_O', 'EMB_O', 'EMB_O', 'EMB_O', 'EMB_O', 'EMB_O', 'EMB_O', 'EMB_O', 'EMB_O', 'EMB_O', 'EMB_O', 'EMB_O', 'EMB_O', 'EMB_O', 'EMB_O', 'EMB_O', 'EMB_O', 'EMB_O', 'ASP_S', 'EMB_O', 'EMB_O', 'EMB_O', 'EMB_O', 'EMB_O', 'EMB_O', 'EMB_O', 'EMB_O', 'EMB_O', 'EMB_O', 'EMB_O', 'EMB_O', 'EMB_O', 'EMB_O', 'EMB_O', 'EMB_O', 'EMB_O', 'EMB_O', 'EMB_O', 'EMB_O', 'EMB_O', 'EMB_O', 'EMB_O', 'EMB_O', 'EMB_O', 'EMB_O', 'EMB_O', 'EMB_O', 'EMB_O', 'EMB_O', 'EMB_O', 'EMB_O', 'OPN_B', 'OPN_E', 'EMB_O', 'EMB_O', 'EMB_O', 'EMB_O', 'EMB_O', 'EMB_O', 'EMB_O', 'EMB_O', 'EMB_O', 'EMB_O', 'EMB_O', 'EMB_O', 'EMB_O', 'EMB_O', 'EMB_O', 'EMB_O', 'EMB_O', 'EMB_O', 'EMB_O', 'EMB_O', 'EMB_O', 'EMB_O', 'EMB_O', 'EMB_O', 'EMB_O', 'EMB_O', 'EMB_O', 'EMB_O', 'EMB_O', 'EMB_O']"
387,девушка из гардероба,выдала не все куртки и ушла,31071:3_1239,"В-третьих, обслуживание: было очень неприятно топтаться в центре зала в верхней одежде (все официанты бегали по залу, никто не встретил и не показал где гардероб - он оказался шкафом между туалетами:)), официантка приносила сначала блюда, а потом уже приборы, счет несли довольно долго, когда уходили, девушка из гардероба выдала не все куртки и ушла... мелочи, но из них складывается впечатление.",2.75,6.62,"['EMB_O', 'EMB_O', 'EMB_O', 'EMB_O', 'EMB_O', 'EMB_O', 'EMB_O', 'EMB_O', 'EMB_O', 'EMB_O', 'EMB_O', 'EMB_O', 'EMB_O', 'EMB_O', 'EMB_O', 'EMB_O', 'EMB_O', 'EMB_O', 'EMB_O', 'EMB_O', 'EMB_O', 'EMB_O', 'EMB_O', 'EMB_O', 'EMB_O', 'EMB_O', 'EMB_O', 'EMB_O', 'EMB_O', 'EMB_O', 'EMB_O', 'EMB_O', 'EMB_O', 'EMB_O', 'EMB_O', 'EMB_O', 'EMB_O', 'EMB_O', 'EMB_O', 'EMB_O', 'EMB_O', 'EMB_O', 'EMB_O', 'EMB_O', 'EMB_O', 'EMB_O', 'EMB_O', 'EMB_O', 'EMB_O', 'EMB_O', 'EMB_O', 'EMB_O', 'EMB_O', 'EMB_O', 'EMB_O', 'EMB_O', 'EMB_O', 'EMB_O', 'EMB_O', 'EMB_O', 'EMB_O', 'EMB_O', 'EMB_O', 'EMB_O', 'EMB_O', 'EMB_O', 'EMB_O', 'EMB_O', 'EMB_O', 'EMB_O', 'EMB_O', 'EMB_O', 'EMB_O', 'EMB_O', 'EMB_O', 'EMB_O', 'EMB_O', 'EMB_O', 'EMB_O', 'EMB_O', 'EMB_O', 'EMB_O', 'EMB_O', 'EMB_O', 'EMB_O', 'EMB_O', 'EMB_O', 'EMB_O', 'EMB_O', 'EMB_O', 'EMB_O', 'EMB_O', 'EMB_O', 'EMB_O', 'EMB_O', 'EMB_O', 'EMB_O', 'EMB_O', 'EMB_O', 'EMB_O', 'EMB_O', 'EMB_O', 'EMB_O', 'ASP_B', 'ASP_I', 'ASP_I', 'ASP_I', 'ASP_I', 'ASP_I', 'ASP_E', 'OPN_B', 'OPN_I', 'OPN_I', 'OPN_I', 'OPN_I', 'OPN_I', 'OPN_I', 'OPN_I', 'OPN_I', 'OPN_E', 'EMB_O', 'EMB_O', 'EMB_O', 'EMB_O', 'EMB_O', 'EMB_O', 'EMB_O', 'EMB_O']"
